theta_rad,plant_dB,filt1_dB,filt2_dB,casc1_dB,casc2_dB
0.001,55.06656260137122,-3.257207934221481e-06,-2.44264147277982e-12,55.06655934416328,55.06656260136877
0.0017853194932707659,50.03226393591318,-1.0381908097716909e-05,-2.4817931679250853e-11,50.03225355400508,50.03226393588836
0.0025706389865415317,46.86579278283663,-2.1524206822046315e-05,-1.066787259881125e-10,46.86577125862981,46.86579278272995
0.003355958479812298,44.550326133909394,-3.668408692212587e-05,-3.0986638050562836e-10,44.550289449822465,44.550326133599526
0.004141277973083064,42.724024634281754,-5.586152503046633e-05,-7.185319672881728e-10,42.72396877275672,42.72402463356322
0.00492659746635383,41.21583669834901,-7.90564915776756e-05,-1.439124702432151e-09,41.21575764185743,41.21583669690988
0.005711916959624596,39.931218011265976,-0.00010626895079894242,-2.6003900174573825e-09,39.93111174231518,39.93121800866559
0.006497236452895362,38.81237112611895,-0.0001374988607481788,-4.353387881595653e-09,38.8122336272582,38.81237112176556
0.007282555946166128,37.82136826839866,-0.00017274617327256897,-6.8714725510205325e-09,37.82119552222538,37.821368261527184
0.008067875439436894,36.93197289152758,-0.00021201083402949304,-1.0350301247954703e-08,36.93176088069356,36.93197288117728
0.00885319493270766,36.125279194585296,-0.00025529278249085895,-1.5007841875518927e-08,36.125023901802805,36.125279179577454
0.009638514425978427,35.38721227298345,-0.00030259195193001984,-2.10843720537205e-08,35.38690968103151,35.38721225189907
0.010423833919249191,34.70701064753329,-0.00035390826942792284,-2.884247333391062e-08,34.70665673926386,34.70701061869081
0.011209153412519959,34.076261482132566,-0.00040924165587920204,-3.8567035056644354e-08,34.075852240476685,34.07626144356553
0.011994472905790723,33.48826324789165,-0.00046859202598375013,-5.056526881729423e-08,33.48779465586567,33.48826319732638
0.01277979239906149,32.937590907277944,-0.0005319592882613796,-6.516669110903447e-08,32.93705894798968,32.937590842111256
0.013565111892332254,32.419790987990524,-0.0005993433450336387,-8.272313682450904e-08,32.41919164464549,32.419790905267384
0.014350431385603022,31.93116259866624,-0.0006707440924325746,-1.0360875925714939e-07,31.93049185457381,31.931162495057478
0.015135750878873786,31.468596864268676,-0.0007461614204104054,-1.2822003299574086e-07,31.467850702848263,31.46859673604864
0.015921070372144554,31.029457022753487,-0.0008255952127269552,-1.5697575006899624e-07,31.02863142754076,31.029456865777732
0.01670638986541532,30.61148741996504,-0.0009090453469592148,-1.9031704598461685e-07,30.61057837461808,30.61148722964799
0.017491709358686085,30.212743427898747,-0.000996511694503131,-2.2870735247983778e-07,30.21174691620424,30.212743199191397
0.018277028851956853,29.831536766526078,-0.0010879941205628044,-2.7263246695601175e-07,29.830448772405518,29.831536493893616
0.019062348345227617,29.466392336945795,-0.0011834924841608455,-3.2260049462241943e-07,29.46520884446163,29.466392014345296
0.019847667838498385,29.11601377482829,-0.0012830066381457862,-3.791418976809292e-07,29.114730768190146,29.11601339568639
0.02063298733176915,28.779255692049137,-0.0013865364291820725,-4.428094606147087e-07,28.777869155619953,28.779255249239675
0.021418306825039916,28.455101106282868,-0.0014940816977486839,-5.141783278020917e-07,28.45360702458512,28.455100592104543
0.02220362631831068,28.142642936823425,-0.0016056422781521608,-5.93845978449798e-07,28.14103729454527,28.14264234297745
0.022988945811581448,27.841068718045314,-0.0017212179985289732,-6.824322439572571e-07,27.839347500046784,27.84106803561307
0.023774265304852212,27.549647881601885,-0.0018408086808217854,-7.805793272103363e-07,27.54780707292106,27.549647101022554
0.02455958479812298,27.267721106180574,-0.001964414140820293,-8.889517630518908e-07,27.26575669203975,27.267720217228813
0.025344904291393744,26.994691344132743,-0.0020920341881229113,-1.0082364751859295e-06,26.99259930994462,26.994690335896266
0.02613022378466451,26.730016217799122,-0.002223668626169781,-1.1391427356856208e-06,26.72779254917295,26.730015078656386
0.02691554327793528,26.473201542060725,-0.0023593172522275,-1.2824021977911745e-06,26.470842224808496,26.473200259658526
0.027700862771206043,26.22379577868673,-0.002498979857389222,-1.4387688872426885e-06,26.221296798829343,26.223794339917845
0.02848618226447681,25.98138526611791,-0.0026426562265901388,-1.6090192100076722e-06,25.97874260989132,25.981383657098704
0.029271501757747575,25.745590098104675,-0.0027903461385930077,-1.7939519600097596e-06,25.742799751966082,25.74558830415271
0.030056821251018342,25.51606054808843,-0.0029420493660015897,-1.994388318179719e-06,25.513118498722424,25.516058553700105
0.030842140744289107,25.29247395483936,-0.0030977656752595693,-2.211171863079721e-06,25.289376189164102,25.292471743667498
0.03162746023755987,25.074531999740017,-0.0032574948266407364,-2.445168571885728e-06,25.071274504913376,25.07452955457145
0.03241277973083064,24.861958318060374,-0.0034212365742748007,-2.697266831978965e-06,24.8585370814861,24.86195562079354
0.033198099224101406,24.654496396234947,-0.0035889906661268553,-2.968377437109697e-06,24.650907405568816,24.65449342785751
0.03398341871737217,24.45190771500956,-0.00376075684401247,-3.2594335960989017e-06,24.44814695816555,24.451904455575967
0.034768738210642934,24.25397010474551,-0.0039365348435866886,-3.5713909434703126e-06,24.25003356990192,24.25396653335456
0.035554057703913705,24.06047628444118,-0.004116324394363838,-3.905227543333975e-06,24.056359960046812,24.060472379213635
0.03633937719718447,23.871232560382442,-0.004300125219708347,-4.261943894236005e-06,23.866932435162735,23.871228298438545
0.03712469669045523,23.686057663938836,-0.004487937036832253,-4.642562931117359e-06,23.68156972690201,23.686053021375905
0.037910016183726,23.50478171102514,-0.004679759556810995,-5.048130042703891e-06,23.500101951468327,23.504776662895097
0.03869533567699677,23.3272452682574,-0.004875592484575026,-5.4797130551471185e-06,23.322369675772826,23.32723978854435
0.03948065517026753,23.15329851293857,-0.005075435518913912,-5.93840227256258e-06,23.148223077419658,23.153292574536298
0.0402659746635383,22.982800475782863,-0.005279288352490036,-6.42531046067519e-06,22.977521187430376,22.982794050472407
0.04105129415680907,22.815618356788356,-0.00548715067181267,-6.941572848789284e-06,22.810131206116537,22.815611415215503
0.04183661365007983,22.651626905939146,-0.005699022157277621,-7.4883471539407624e-06,22.645927883781866,22.65161941759199
0.042621933143350596,22.490707861502166,-0.005914902483138301,-8.06681357997935e-06,22.484792959019025,22.490699794688588
0.04340725263662136,22.332749439608087,-0.006134791317524038,-8.678174818582286e-06,22.326614648290565,22.33274076143327
0.04419257212989213,22.177645869598315,-0.006358688322444808,-9.323656073414746e-06,22.171287181275872,22.177636545942242
0.044977891623162895,22.02529697030037,-0.00658659315377856,-1.000450504957744e-05,22.01871037714659,22.025286965795317
0.04576321111643366,21.875607762980245,-0.006818505461290311,-1.0721991970058478e-05,21.86878925751895,21.875597040988275
0.046548530609704424,21.728488117226973,-0.007054424888629012,-1.1477409583509494e-05,21.721433692338344,21.728476639817387
0.047333850102975195,21.58385242646295,-0.007294351073318554,-1.227207317009643e-05,21.576558075389634,21.583840154389783
0.04811916959624596,21.441619310154813,-0.007538283646789266,-1.3107320545425107e-05,21.434081026508025,21.441606202834265
0.04890448908951672,21.301711340130886,-0.007786222234348545,-1.3984512077970934e-05,21.293925117896535,21.301697355618806
0.04968980858278749,21.164054788700884,-0.00803816645520259,-1.4905030698797703e-05,21.15601662224568,21.164039883670185
0.05047512807605826,21.028579396526137,-0.008294115922450097,-1.587028188620761e-05,21.02028528060369,21.028563526244252
0.05126044756932902,20.895218158410714,-0.008554070243097118,-1.6881693709219276e-05,20.886664088167613,20.895201276717003
0.052045767062599786,20.763907125378317,-0.008818029018049695,-1.7940716810297128e-05,20.755089096360273,20.76388918466151
0.05283108655587056,20.634585221571516,-0.009085991842119922,-1.904882442665809e-05,20.625499229729396,20.634566172747093
0.05361640604914132,20.507194074660706,-0.009357958304023284,-2.020751238940308e-05,20.497836116356684,20.507173867148317
0.054401725542412085,20.381677858584247,-0.009633927986399109,-2.141829914290382e-05,20.372043930597847,20.381656440285102
0.05518704503568285,20.257983147559035,-0.00991390046579331,-2.2682725748765047e-05,20.24806924709324,20.25796046483329
0.05597236452895362,20.13605878040613,-0.010197875312670046,-2.4002355891720043e-05,20.125860905093464,20.13603477805024
0.056757684022224385,20.015855734328834,-0.010485852091417523,-2.5378775900960384e-05,20.005369882237414,20.01583035555293
0.05754300351549515,19.897327007363895,-0.01077783036035666,-2.6813594743505115e-05,19.886549177003538,19.89730019376915
0.05832832300876591,19.780427508800422,-0.011073809671720697,-2.8308444048433634e-05,19.7693536991287,19.780399200356374
0.059113642502036684,19.66511395692696,-0.011373789571686945,-2.986497810315838e-05,19.653740167355277,19.665084091948856
0.05989896199530745,19.551344783526513,-0.011677769600368846,-3.1484873881525816e-05,19.53966701392614,19.55131329865263
0.06068428148857821,19.439080044592025,-0.011985749291808,-3.316983103334989e-05,19.427094295300215,19.439046874760994
0.061469600981848976,19.328281336782407,-0.012297728173998974,-3.492157190673841e-05,19.315983608608413,19.328246415210504
0.06225492047511975,19.218911719181847,-0.012613705768880249,-3.6741841557889184e-05,19.20629801341296,19.218874977340285
0.0630402399683905,19.110935639963376,-0.012933681592330914,-3.86324077628208e-05,19.098001958371043,19.110897007555614
0.06382555946166128,19.004318867592566,-0.013257655154197252,-4.0595061007894415e-05,18.991061212438368,19.004278272531558
0.06461087895493205,18.89902842623797,-0.013585625958277725,-4.263161454591652e-05,18.88544280027969,18.898985794623428
0.06539619844820281,18.795032535083514,-0.01391759350232242,-4.4743904349064766e-05,18.781114941581194,18.794987791179167
0.06618151794147357,18.692300551263276,-0.014253557278056574,-4.693378917175438e-05,18.678046993985223,18.692253617474105
0.06696683743474434,18.59080291616225,-0.014593516771172156,-4.920315052575733e-05,18.576209399391075,18.590753713011726
0.0677521569280151,18.49051110484765,-0.014937471461330062,-5.155389270836676e-05,18.47557363338632,18.490459550954938
0.06853747642128587,18.391397578414285,-0.015285420822169953,-5.398794281706819e-05,18.376112157592114,18.391343590471468
0.06932279591455665,18.29343573904469,-0.01563736432131039,-5.650725074493132e-05,18.277798374723375,18.293379231793942
0.07010811540782741,18.196599887600634,-0.015993301420355675,-5.911378920301096e-05,18.180606586180282,18.19654077381143
0.07089343490109817,18.100865183576783,-0.01635323157489784,-6.180955373696967e-05,18.084511952001886,18.100803374023048
0.07167875439436894,18.006207607260286,-0.016717154234520446,-6.459656272442171e-05,17.989490453025766,18.006143010697564
0.0724640738876397,17.912603923952165,-0.017085068842805324,-6.747685740507263e-05,17.895518855109355,17.91253644709476
0.07324939338091047,17.820031650117073,-0.017456974837336266,-7.045250186843636e-05,17.80257467527974,17.819961197615207
0.07403471287418123,17.728469021338114,-0.017832871649696,-7.352558309267073e-05,17.710636149688415,17.728395495755016
0.074820032367452,17.637894961962303,-0.018212758705486214,-7.66982109458126e-05,17.61968220325682,17.63781826375136
0.07560535186072277,17.54828905633093,-0.018596635424313758,-7.997251818605767e-05,17.529692420906613,17.548209083812743
0.07639067135399354,17.45963152149635,-0.018984501219808696,-8.335066049387241e-05,17.44064702027654,17.459548170835856
0.0771759908472643,17.37190318133417,-0.01937635549962196,-8.683481647132798e-05,17.35252682583454,17.371816346517697
0.07796131034053506,17.285085441965904,-0.019772197665434595,-9.042718766651643e-05,17.265313244300472,17.284995014778243
0.07874662983380583,17.19916026841345,-0.020172027112954377,-9.41299985767613e-05,17.178988241300498,17.19906613841487
0.07953194932707659,17.114110162411826,-0.02057584323192493,-9.794549666244576e-05,17.0935343191799,17.114012216915164
0.08031726882034736,17.029918141312102,-0.020983645406134826,-0.00010187595236470839,17.008934495905965,17.029816265359734
0.08110258831361813,16.946567718010723,-0.021395433013421748,-0.00010592365912025619,16.925172284997302,16.946461794351606
0.0818879078068889,16.86404288184597,-0.021811205425662172,-0.00011009093336558069,16.842231676420308,16.863932790912603
0.08267322730015966,16.78232808040606,-0.022230962008796692,-0.00011438011455661404,16.760097118397262,16.7822137002915
0.08345854679343043,16.701408202197317,-0.022654702122820544,-0.00011879356518936063,16.6787535000745,16.701289408632128
0.08424386628670119,16.621268560123966,-0.02308242512179727,-0.00012333367079546702,16.598186135002166,16.62114522645317
0.08502918577997196,16.541894875734375,-0.023514130353861695,-0.0001280028399850562,16.518380745380515,16.541766872894392
0.08581450527324272,16.463273264191542,-0.023949817161211237,-0.00013280350441917645,16.439323447030333,16.46314046068712
0.08659982476651348,16.385390219928148,-0.024389484880137806,-0.0001377381188661599,16.36100073504801,16.385252481809278
0.08738514425978426,16.30823260294916,-0.02483313284100546,-0.0001428091611885608,16.283399470108154,16.30808979378797
0.08817046375305503,16.231787625747184,-0.025280760368277394,-0.00014801913237446566,16.206506865378906,16.23163960661481
0.08895578324632579,16.15604284079795,-0.025732366780501222,-0.00015337055653506419,16.13031047401745,16.15588947024142
0.08974110273959655,16.080986128605424,-0.026187951390335862,-0.00015886598093309216,16.054798177215087,16.080827262624492
0.09052642223286732,16.006605686267687,-0.026647513504536723,-0.000164507975996822,15.979958172763148,16.006441178291688
0.09131174172613808,15.932890016536698,-0.02711105242396797,-0.00017029913532249475,15.90577896411273,15.932719717401376
0.09209706121940885,15.859827917346493,-0.02757856744361183,-0.00017624207570087426,15.832249349902884,15.859651675270797
0.09288238071267962,15.78740847178601,-0.028050057852578785,-0.00018233943713899344,15.759358413933434,15.787226132348874
0.09366770020595039,15.715621038493996,-0.028525522934087763,-0.00018859388285298422,15.687095515559907,15.715432444611144
0.09445301969922115,15.644455242454956,-0.02900496196550723,-0.0001950080992985314,15.61545028048945,15.644260234355656
0.09523833919249192,15.573900966176158,-0.029488374218327493,-0.00020158479619073345,15.54441259195783,15.573699381379964
0.09602365868576268,15.503948341226899,-0.02997575895819107,-0.00020832670651336986,15.473972582268708,15.503740014520384
0.09680897817903344,15.434587740122387,-0.030467115444887168,-0.00021523658652432688,15.4041206246775,15.434372503535862
0.09759429767230421,15.365809768535497,-0.030962442932351942,-0.00022231721578996858,15.334847325603144,15.365587451319707
0.09837961716557497,15.29760525782061,-0.03146174066868609,-0.00022957139718962898,15.266143517151923,15.29737568642342
0.09916493665884575,15.229965257834708,-0.0319650078961502,-0.00023700195693554958,15.198000249938557,15.229728255877772
0.09995025615211652,15.162881030041632,-0.03247224385118612,-0.0002446117445889759,15.130408786190443,15.162636418297042
0.10073557564538728,15.096344040886137,-0.032983447764394755,-0.00025240363307916337,15.063360593121741,15.09609163725306
0.10152089513865804,15.030345955425313,-0.033498618860569956,-0.0002603805187050412,14.996847336564743,15.030085574906611
0.10230621463192881,14.96487863120532,-0.03401775635868978,-0.00026854532116775366,14.93086087484663,14.964610085884152
0.10309153412519957,14.899934112372321,-0.034540859471933784,-0.00027690098359646703,14.865393252900388,14.899657211388725
0.10387685361847034,14.835504624006798,-0.03506792740766454,-0.0002854504725298345,14.800436696599135,14.83521917353427
0.10466217311174111,14.77158256667133,-0.03559895936746421,-0.0002941967779669123,14.735983607303869,14.771288369893366
0.10544749260501188,14.70816051116212,-0.0361339545471169,-0.0003031429133631254,14.672026556615002,14.707857368248757
0.10623281209828264,14.645231193455215,-0.03667291213663064,-0.00031229191566579126,14.608558281318587,14.644918901539551
0.1070181315915534,14.582787509838951,-0.03721583132023513,-0.00032164684531880153,14.545571678518714,14.582465862993633
0.10780345108482417,14.520822512224214,-0.037762711276385225,-0.0003312107862711813,14.483059800947828,14.520491301437943
0.10858877057809493,14.459329403625054,-0.038313551177776996,-0.00034098684601363354,14.421015852447274,14.458988416779041
0.1093740900713657,14.398301533802012,-0.03886835019134627,-0.00035097815559195875,14.359433183610665,14.397950555646418
0.11015940956463646,14.337732395061394,-0.039427107478270065,-0.00036118786961663696,14.298305287583124,14.33737120719178
0.11094472905790724,14.277615618203722,-0.03998982219399315,-0.00037161916627918075,14.23762579600973,14.277243999037445
0.111730048551178,14.217944968615067,-0.040556493488212886,-0.00038227524738200963,14.17738847512685,14.217562693367682
0.11251536804444877,14.158714342495314,-0.04112712050489024,-0.0003931593383500225,14.117587221990425,14.158321183156964
0.11330068753771953,14.099917763217572,-0.04170170238226646,-0.00040427468824508444,14.058216060835306,14.099513488529327
0.1140860070309903,14.041549377813352,-0.0422802382528585,-0.00041562456978632117,13.999269139560493,14.041133753243567
0.11487132652426106,13.983603453578281,-0.0428627272434708,-0.00042721227937043515,13.940740726334813,13.983176241298914
0.11565664601753183,13.926074374793489,-0.043449168475200264,-0.0004390411370920442,13.882625206318286,13.925635333656398
0.1164419655108026,13.868956639557904,-0.044039561063444074,-0.00045111448675632716,13.824917078494462,13.868505525071146
0.11722728500407337,13.812244856727048,-0.04463390411790464,-0.00046343569590037216,13.767610952609143,13.81178142103115
0.11801260449734413,13.755933742954017,-0.045232196742594336,-0.00047600815581165447,13.710701546211423,13.755457734798204
0.1187979239906149,13.700018119828588,-0.04583443803584521,-0.0004888352815503956,13.654183681792741,13.69952928454704
0.11958324348388566,13.64449291111062,-0.04644062709032244,-0.0005019205119603737,13.598052284020298,13.64399099059866
0.12036856297715642,13.589353140053959,-0.04705076299301354,-0.0005152673096922948,13.542302377060944,13.588837872744266
0.12115388247042719,13.53459392681739,-0.04766484482525042,-0.0005288791612300816,13.486929081992141,13.534065047656163
0.12193920196369795,13.480210485959264,-0.04828287166271889,-0.0005427595768892205,13.431927614296544,13.479667726382374
0.12272452145696873,13.426198124012469,-0.04890484257543703,-0.0005569120908672098,13.377293281437034,13.4256412119216
0.1235098409502395,13.372552237136858,-0.04953075662780724,-0.0005713402612381003,13.323021480509052,13.37198089687562
0.12429516044351026,13.319268308845981,-0.050160612878579966,-0.0005860476699692407,13.269107695967401,13.318682261176013
0.125080479936781,13.266341907805488,-0.05079441038089407,-0.0006010379229669827,13.215547497424593,13.26574086988252
0.12586579943005177,13.213768685700371,-0.05143214818225692,-0.0006163146500722638,13.162336537518113,13.2131523710503
0.12665111892332256,13.161544375168592,-0.052073825324573005,-0.0006318815050899703,13.109470549844017,13.1609124936635
0.12743643841659333,13.109664787798586,-0.052719440844137586,-0.000647742165809649,13.056945346954446,13.109017045632775
0.1282217579098641,13.058125812188203,-0.05336899377165452,-0.0006639003340117794,13.00475681841655,13.057461911854194
0.12900707740313486,13.006923412063054,-0.05402248313222496,-0.0006803597355184377,12.952900928930829,13.006243052327536
0.12979239689640562,12.956053624451819,-0.0546799079453758,-0.000697124120177444,12.901373716506443,12.955356500331643
0.13057771638967638,12.905512557916696,-0.05534126722506183,-0.0007141972619111553,12.850171290691634,12.904798360654786
0.13136303588294715,12.85529639083685,-0.05600655997965724,-0.0007315829587132075,12.799289830857193,12.854564807878138
0.1321483553762179,12.805401369743075,-0.05667578521198394,-0.0007492850326944738,12.748725584531094,12.804652084710382
0.13293367486948868,12.755823807701772,-0.05734894191930677,-0.0007673073300731156,12.698474865782464,12.7550565003717
0.13371899436275944,12.706560082746496,-0.05802602909335015,-0.0007856537212312096,12.64853405365315,12.705774429025265
0.1345043138560302,12.657606636355505,-0.05870704572027963,-0.0008043281006990734,12.598899590635222,12.656802308254807
0.13528963334930097,12.608959971973551,-0.0593919907807611,-0.00082333438720231,12.54956798119279,12.608136637586352
0.13607495284257173,12.560616653576531,-0.060080863249903485,-0.0008426765236751288,12.500535790326627,12.559773977052854
0.1368602723358425,12.512573304277378,-0.06077366209732562,-0.0008623584772708052,12.451799642180053,12.511710945800106
0.1376455918291133,12.464826604971872,-0.06147038628711923,-0.000882384239399177,12.403356218684753,12.463944220732476
0.13843091132238405,12.41737329302299,-0.06217103477788763,-0.0009027578257390978,12.355202258245104,12.416470535197252
0.13921623081565482,12.370210160982449,-0.06287560652272893,-0.0009234832762596032,12.307334554459718,12.369286677706189
0.14000155030892558,12.323334055348216,-0.06358410046926691,-0.0009445646552391823,12.259749954878949,12.322389490692977
0.14078686980219635,12.276741875356784,-0.0642965155596371,-0.0009660060512956916,12.212445359797146,12.27577586930549
0.1415721892954671,12.230430571809068,-0.0650128507305117,-0.0009878115774047303,12.165417721078555,12.229442760231663
0.14235750878873787,12.1843971459287,-0.06573310491309825,-0.001009985370908405,12.118664041015606,12.183387160557794
0.14314282828200864,12.138638648251842,-0.06645727703314885,-0.0010325315935598156,12.072181371218694,12.137606116658281
0.1439281477752794,12.093152177547289,-0.06718536601097241,-0.0010554544315232114,12.025966811536318,12.092096723115764
0.14471346726855017,12.047934879765984,-0.06791737076143023,-0.0010787580954137246,11.980017509004552,12.046856121670572
0.14549878676182093,12.002983947019013,-0.06865329019396554,-0.0011024468203062806,11.934330656825045,12.001881500198706
0.1462841062550917,11.958296616583013,-0.06939312321258742,-0.0011265248657609376,11.888903493370426,11.95717009171725
0.14706942574836246,11.913870169932322,-0.0701368687158993,-0.001150996515845374,11.84373330121642,11.912719173416477
0.14785474524163322,11.869701931796811,-0.0708845255970915,-0.0011758660791631958,11.798817406199722,11.868526065717651
0.148640064734904,11.825789269244758,-0.07163609274396096,-0.0012011378888745713,11.754153176500797,11.824588131355885
0.14942538422817478,11.7821295907898,-0.07239156903890459,-0.001226816302696647,11.709738021750898,11.780902774487105
0.15021070372144554,11.738720345521397,-0.07315095335895065,-0.0012529057029628365,11.665569392162444,11.737467439818431
0.1509960232147163,11.695559022257891,-0.07391424457574818,-0.0012794104966194608,11.621644777682146,11.69427961176127
0.15178134270798707,11.652643148721575,-0.07468144155557287,-0.0013063351152513567,11.577961707166,11.651336813606324
0.15256666220125784,11.609970290735061,-0.07545254315935257,-0.0013336840151171787,11.534517747575707,11.608636606719944
0.1533519816945286,11.567538051438246,-0.0762275482426652,-0.0013614616771586933,11.491310503195582,11.566176589761085
0.15413730118779936,11.525344070525323,-0.07700645565574664,-0.0013896726070265156,11.448337614869576,11.523954397918295
0.15492262068107013,11.48338602350115,-0.07778926424349064,-0.0014183213351107095,11.405596759257662,11.48196770216604
0.1557079401743409,11.441661620956456,-0.07857597284548962,-0.0014474124165511741,11.36308564811097,11.440214208539906
0.15649325966761166,11.400168607861263,-0.07936658029599654,-0.0014769504312760456,11.320802027565268,11.398691657429989
0.15727857916088242,11.358904762875992,-0.08016108542397349,-0.0015069399840044546,11.278743677452018,11.357397822891988
0.15806389865415318,11.317867897679744,-0.08095948705307872,-0.0015373857042859794,11.236908410626663,11.316330511975456
0.15884921814742395,11.277055856315242,-0.08176178400168306,-0.0015682922465266392,11.195294072313558,11.275487564068714
0.1596345376406947,11.236466514549887,-0.08256797508287445,-0.0015996642899985358,11.153898539467011,11.234866850259888
0.16041985713396548,11.196097779252563,-0.08337805910446247,-0.0016315065388630466,11.112719720148101,11.194466272713699
0.16120517662723627,11.15594758778559,-0.08419203486900728,-0.0016638237222133482,11.071755552916585,11.154283764063377
0.16199049612050703,11.116013907411515,-0.08500990117379968,-0.0016966205940735872,11.031004006237715,11.11431728681744
0.1627758156137778,11.076294734714214,-0.08583165681089482,-0.0017299019334434298,10.990463077903321,11.074564832780771
0.16356113510704856,11.036788095033966,-0.0866573005671068,-0.0017636725443002177,10.950130794466858,11.03502442248967
0.16434645460031932,10.997492041916018,-0.0874868312240141,-0.0017979372556494,10.910005210692006,10.99569410466037
0.1651317740935901,10.958404656572334,-0.08832024755798627,-0.0018327009215238926,10.87008440901435,10.956571955650812
0.16591709358686085,10.919524047356099,-0.0891575483401756,-0.0018679684210153153,10.830366499015927,10.917656078935085
0.16670241308013162,10.880848349248655,-0.08999873233653784,-0.0019037446583139613,10.790849616912118,10.87894460459034
0.16748773257340238,10.842375723358451,-0.09084379830782685,-0.0019400345626986572,10.751531925050624,10.840435688795754
0.16827305206667315,10.804104356431786,-0.0916927450096211,-0.0019768430885961233,10.712411611422162,10.802127513343189
0.1690583715599439,10.766032460374873,-0.09254557119231804,-0.002014175215585405,10.673486889182556,10.764018285159288
0.16984369105321467,10.72815827178706,-0.09340227560115497,-0.0020520359484283972,10.634755996185907,10.72610623583863
0.17062901054648544,10.690480051504743,-0.0942628569762051,-0.00209043031708306,10.596217194528538,10.68838962118766
0.1714143300397562,10.652996084155816,-0.09512731405239833,-0.002129363376747552,10.557868770103418,10.650866720779069
0.17219964953302697,10.615704677724276,-0.09599564555952719,-0.0021688402078716227,10.519709032164748,10.613535837516404
0.17298496902629776,10.578604163124757,-0.09686785022225275,-0.0022088659161757737,10.481736312902507,10.576395297208583
0.17377028851956852,10.541692893786687,-0.09774392676011738,-0.0022494456326897653,10.443948967026568,10.539443448153998
0.1745556080128393,10.50496924524783,-0.09862387388754468,-0.0022905845137689944,10.406345371360285,10.502678660734063
0.17534092750611005,10.468431614756966,-0.09950769031386983,-0.0023322877411147847,10.368923924443095,10.46609932701585
0.17612624699938081,10.43207842088545,-0.10039537474332871,-0.002374560521812095,10.331683046142121,10.429703860363638
0.17691156649265158,10.395908103147384,-0.10128692587507147,-0.0024174080883402737,10.294621177272319,10.393490695059045
0.17769688598592234,10.359919121628277,-0.1021823424031771,-0.002460835698612814,10.257736779225098,10.357458285929662
0.1784822054791931,10.3241099566218,-0.10308162301666496,-0.0025048486359756815,10.221028333605137,10.321605107985825
0.17926752497246387,10.288479108274622,-0.10398476639949067,-0.00254945220926937,10.18449434187513,10.285929656065353
0.18005284446573463,10.253025096238924,-0.10489177123057124,-0.002594651752816733,10.148133325008352,10.25043044448611
0.1808381639590054,10.217746459332531,-0.10580263618378982,-0.0026404526264784097,10.111943823148742,10.215106006706055
0.18162348345227616,10.182641755206394,-0.1067173599279943,-0.0026868602156542775,10.075924395278399,10.17995489499074
0.18240880294554693,10.14770956001927,-0.10763594112701952,-0.0027338799313245277,10.04007361889225,10.144975680087944
0.1831941224388177,10.112948468119352,-0.10855837843969854,-0.0027815172100666787,10.004390089679651,10.110166950909287
0.18397944193208846,10.078357091732745,-0.1094846705198605,-0.0028297775140745797,9.968872421212883,10.075527314218668
0.18476476142535925,10.043934060658582,-0.11041481601635143,-0.0028786663312044924,9.933519244642229,10.041055394327378
0.18555008091863,10.009678021970604,-0.11134881357303894,-0.002928189174979749,9.898329208397566,10.006749832795625
0.18633540041190078,9.975587639725026,-0.11228666182881447,-0.002978351584622488,9.863300977896213,9.9726092881404
0.18712071990517154,9.941661594674578,-0.11322835941761633,-0.00302915912508256,9.828433235256961,9.938632435549499
0.1879060393984423,9.90789858398853,-0.11417390496843698,-0.003080617387056849,9.793724679020091,9.90481796660147
0.18869135889171307,9.87429732097855,-0.11512329710532818,-0.0031327319870183053,9.759174023873221,9.871164588991533
0.18947667838498383,9.840856534830275,-0.11607653444740748,-0.003185508567237331,9.724780000382868,9.837671026263036
0.1902619978782546,9.807574970340411,-0.1170336156088759,-0.003238952795820591,9.690541354731536,9.804336017544589
0.19104731737152536,9.774451387659296,-0.11799453919902914,-0.003293070366714203,9.656456848460268,9.771158317292585
0.19183263686479612,9.741484562038696,-0.11895930382225682,-0.003347866999741719,9.622525258216438,9.738136695038955
0.1926179563580669,9.708673283584785,-0.11992790807806235,-0.0034033484406392825,9.588745375506726,9.705269935144148
0.19340327585133765,9.676016357016161,-0.12090035056106987,-0.0034595204610532344,9.55511600645509,9.672556836555108
0.19418859534460842,9.643512601426746,-0.12187662986103243,-0.003516388858597595,9.521635971565715,9.63999621256815
0.19497391483787918,9.611160850053498,-0.12285674456284375,-0.003573959456865316,9.488304105490652,9.607586890596632
0.19575923433114994,9.578959950048763,-0.12384069324655016,-0.00363223810544442,9.455119256802215,9.57532771194332
0.19654455382442074,9.546908762257235,-0.12482847448735457,-0.003691230679949654,9.422080287769884,9.543217531577287
0.1973298733176915,9.515006160997332,-0.12582008685562737,-0.003750943082064823,9.389186074141707,9.511255217915268
0.19811519281096227,9.483251033846912,-0.12681552891693085,-0.0038113812395475706,9.356435504929983,9.479439652607365
0.19890051230423303,9.451642281433255,-0.12781479923201533,-0.003872551106256427,9.32382748220124,9.447769730326996
0.1996858317975038,9.42017881722719,-0.12881789635682223,-0.003934458662196257,9.291360920870366,9.416244358564994
0.20047115129077456,9.388859567341235,-0.129824818842515,-0.00399710991350976,9.25903474849872,9.384862457427722
0.20125647078404532,9.357683470331713,-0.1308355652354785,-0.004060510892545251,9.226847905096236,9.353622959439168
0.20204179027731609,9.32664947700472,-0.13185013407732055,-0.004124667657840609,9.194799342927402,9.322524809346879
0.20282710977058685,9.29575655022585,-0.13286852390490023,-0.004189586294188304,9.16288802632095,9.291566963931663
0.2036124292638576,9.265003664733618,-0.13389073325032497,-0.004255272912623359,9.131112931483292,9.260748391820993
0.20439774875712838,9.23438980695645,-0.13491676064096983,-0.004321733650479862,9.099473046315481,9.230068073305972
0.20518306825039914,9.203913974833233,-0.13594660459948113,-0.004388974671403189,9.06796737023375,9.19952500016183
0.2059683877436699,9.173575177637233,-0.1369802636437843,-0.004457002165364232,9.036594913993449,9.16911817547187
0.20675370723694067,9.14337243580342,-0.13801773628710193,-0.004525822348717126,9.005354699516317,9.138846613454703
0.20753902673021143,9.113304780759051,-0.13905902103796838,-0.004595441464199169,8.97424575972108,9.108709339294853
0.20832434622348223,9.083371254757434,-0.1401041164002206,-0.004665865780951077,8.943267138357214,9.078705388976486
0.209109665716753,9.053570910714887,-0.141153020873039,-0.004737101594579785,8.91241788984185,9.048833809120309
0.20989498521002375,9.023902812050665,-0.14220573295091846,-0.004809155227137384,8.881697079099744,9.019093656823527
0.21068030470329452,8.994366032529951,-0.14326225112371913,-0.0048820330271802225,8.851103781406232,8.98948399950277
0.21146562419656528,8.964959656109752,-0.14432257387664735,-0.004955741369786607,8.8206370822331,8.960003914739966
0.21225094368983605,8.935682776787639,-0.14538669969028942,-0.005030286656569765,8.790296077097349,8.930652490131068
0.2130362631831068,8.906534498453308,-0.14645462704059647,-0.005105675315725621,8.760079871412712,8.901428823137582
0.21382158267637758,8.877513934742858,-0.14752635439891834,-0.005181913802038215,8.72998758034394,8.872332020940819
0.21460690216964834,8.848620208895731,-0.14860188023200988,-0.005259008596925732,8.70001832866372,8.843361200298807
0.2153922216629191,8.819852453614317,-0.1496812030020215,-0.005336966208443184,8.670171250612297,8.814515487405872
0.21617754115618987,8.791209810926064,-0.15076432116653907,-0.0054157931713295915,8.640445489759527,8.785794017754737
0.21696286064946063,8.762691432048111,-0.15185123317857613,-0.005495496047017603,8.610840198869537,8.757195936001095
0.2177481801427314,8.734296477254393,-0.15294193748659315,-0.005576081423673127,8.5813545397678,8.72872039583072
0.21853349963600216,8.706024115745082,-0.15403643253449684,-0.0056575559162070676,8.551987683210584,8.700366559828874
0.21931881912927292,8.677873525518459,-0.15513471676167173,-0.005739926166325755,8.522738808756788,8.672133599352133
0.22010413862254372,8.649843893244999,-0.15623678860296397,-0.0058231988425177725,8.493607104642038,8.644020694402483
0.22088945811581448,8.62193441414374,-0.15734264648871485,-0.0059073806401180855,8.464591767655023,8.61602703350362
0.22167477760908524,8.594144291860843,-0.15845228884476897,-0.00599247828130664,8.435692003016072,8.588151813579536
0.222460097102356,8.566472738350303,-0.15956571409246662,-0.0060784985151562665,8.406907024257835,8.560394239835148
0.22324541659562677,8.538918973756779,-0.1606829206486811,-0.006165448117638225,8.378236053108099,8.532753525639139
0.22403073608889754,8.511482226300446,-0.16180390692580549,-0.006253333891667418,8.34967831937464,8.505228892408775
0.2248160555821683,8.484161732163887,-0.16292867133178593,-0.006342162667109082,8.321233060832103,8.477819569496779
0.22560137507543906,8.456956735381008,-0.16405721227011114,-0.006431941300817442,8.292899523110899,8.45052479408019
0.22638669456870983,8.429866487727773,-0.16518952813984178,-0.006522676676661907,8.264676959587934,8.42334381105111
0.2271720140619806,8.402890248614948,-0.16632561733560486,-0.006614375705537927,8.236564631279345,8.396275872909412
0.22795733355525136,8.376027284982644,-0.16746547824762523,-0.006707045325414629,8.20856180673502,8.36932023965723
0.22874265304852212,8.349276871196663,-0.16860910926171851,-0.006800692501346838,8.180667761934947,8.34247617869532
0.22952797254179289,8.322638288946688,-0.16975650875931314,-0.006895324225499747,8.152881780187377,8.315742964721188
0.23031329203506365,8.296110827146112,-0.17090767511744512,-0.0069909475171775586,8.125203152028668,8.289119879628934
0.2310986115283344,8.269693781833688,-0.17206260670880144,-0.0070875694228589746,8.097631175124887,8.262606212410825
0.2318839310216052,8.243386456076767,-0.17322130190169346,-0.007185197016200949,8.070165154175074,8.236201259060564
0.23266925051487597,8.217188159876219,-0.1743837590600962,-0.007283837398092732,8.042804400816122,8.209904322478126
0.23345457000814673,8.19109821007293,-0.1755499765436472,-0.007383497696648242,8.01554823352928,8.183714712376279
0.2342398895014175,8.165115930255903,-0.17671995270766033,-0.007484185067259366,7.988395977548244,8.157631745188645
0.23502520899468826,8.13924065067187,-0.17789368590313936,-0.007585906692610743,7.9613469647687305,8.13165474397926
0.23581052848795903,8.113471708136428,-0.1790711744767788,-0.007688669782703359,7.934400533659648,8.105783038353723
0.2365958479812298,8.08780844594667,-0.1802524167709934,-0.007792481574884027,7.907556029175677,8.080015964371787
0.23738116747450055,8.062250213795233,-0.1814374111239138,-0.007897349333865338,7.880812802671315,8.054352864461364
0.23816648696777132,8.036796367685783,-0.18262615586940623,-0.00800328035176405,7.85417021181638,8.02879308733402
0.23895180646104208,8.011446269849946,-0.18381864933707917,-0.008110281948103893,7.827627620512865,8.003335987901842
0.23973712595431285,7.986199288665471,-0.18501488985230075,-0.008218361469860932,7.801184398813169,7.977980927195608
0.2405224454475836,7.961054798575901,-0.1862148757362015,-0.008327526291487837,7.774839922839702,7.952727272284413
0.24130776494085437,7.936012180011423,-0.18741860530569776,-0.008437783814920864,7.748593574705728,7.927574396196505
0.24209308443412514,7.911070819311084,-0.18862607687348834,-0.00854914146962559,7.722444742437596,7.902521677841458
0.2428784039273959,7.886230108646227,-0.18983728874807898,-0.008661606712609918,7.696392819898147,7.877568501933615
0.2436637234206667,7.861489445945196,-0.19105223923378883,-0.008775187028454595,7.670437206711406,7.852714258916739
0.24444904291393746,7.836848234819225,-0.19227092663076498,-0.00888988992933708,7.64457730818846,7.827958344889888
0.24523436240720822,7.81230588448955,-0.19349334923498387,-0.0090057229550565,7.618812535254565,7.8033001615344935
0.246019681900479,7.787861809715665,-0.1947195053382778,-0.00912269367305293,7.593142304377388,7.778739116042612
0.24680500139374975,7.763515430724731,-0.19594939322833446,-0.009240809678443209,7.567566037496398,7.754274621046288
0.24759032088702052,7.739266173142112,-0.19718301118871312,-0.009360078594036602,7.542083161953399,7.729906094548075
0.24837564038029128,7.7151134679230085,-0.19842035749885922,-0.009480508070362164,7.516693110424146,7.705632959852645
0.24916095987356204,7.6910567512851795,-0.19966143043411755,-0.00960210578569914,7.491395320851062,7.681454645499479
0.2499462793668328,7.667095464642721,-0.20090622826572613,-0.009724879446085266,7.466189236376994,7.657370585196635
0.25073159886010354,7.6432290545408925,-0.20215474926085486,-0.00984883678536671,7.4410743052800346,7.633380217755523
0.25151691835337436,7.6194569725919425,-0.20340699168260234,-0.00997398556519313,7.41604998090934,7.609482987026748
0.2523022378466451,7.595778675411963,-0.20466295378999738,-0.010100333575073643,7.391115721621962,7.585678341836889
0.2530875573399159,7.572193624558727,-0.20592263383803955,-0.010227888632373115,7.366270990720688,7.5619657359263535
0.25387287683318666,7.548701286470477,-0.2071860300776833,-0.010356658582344247,7.341515256392793,7.538344627888131
0.2546581963264574,7.525301132405659,-0.20845314075586185,-0.010486651298171428,7.316847991649796,7.51481448110749
0.2554435158197282,7.501992638383596,-0.2097239641154996,-0.010617874680969289,7.292268674268097,7.491374763702627
0.25622883531299895,7.478775285126097,-0.21099849839552515,-0.010750336659811363,7.267776786730568,7.4680249484662875
0.2570141548062697,7.455648557999892,-0.2122767418308779,-0.010884045191768513,7.243371816169017,7.444764512808123
0.2577994742995405,7.432611946960047,-0.21355869265251817,-0.01101900826191755,7.21905325430753,7.4215929386981285
0.25858479379281124,7.409664946494155,-0.21484434908744726,-0.011155233883378983,7.194820597406708,7.398509712610775
0.259370113286082,7.386807055567415,-0.21613370935871684,-0.011292730097323012,7.170673346208699,7.375514325470093
0.26015543277935277,7.364037777568545,-0.21742677168543817,-0.011431504973007527,7.146611005883107,7.352606272595535
0.26094075227262353,7.341356620256501,-0.21872353428279115,-0.011571566607796947,7.122633085973708,7.329785053648702
0.2617260717658943,7.318763095707995,-0.22002399536205056,-0.01171292312718794,7.098739100345944,7.307050172580806
0.26251139125916506,7.296256720265836,-0.22132815313057635,-0.01185558268483046,7.0749285671352595,7.284401137581003
0.2632967107524358,7.273837014487987,-0.22263600579184664,-0.011999553462547951,7.05120100869614,7.261837461025436
0.2640820302457066,7.251503503097436,-0.2239475515454539,-0.012144843670365437,7.0275559515519825,7.239358659427074
0.26486734973897735,7.229255714932792,-0.22526278858712614,-0.012291461546532906,7.003992926345664,7.21696425338626
0.2656526692322481,7.207093182899596,-0.22658171510874195,-0.012439415357547862,6.980511467790854,7.19465376754205
0.2664379887255189,7.185015443922395,-0.2279043292983287,-0.01258871339817999,6.957111114624064,7.172426730524213
0.26722330821878965,7.163022038897481,-0.22923062934008462,-0.01273936399147855,6.933791409557396,7.150282674906004
0.2680086277120604,7.141112512646356,-0.23056061341439585,-0.012891375488819513,6.91055189923196,7.128221137157535
0.2687939472053312,7.119286413869872,-0.2318942796978276,-0.013044756269914233,6.8873921341720425,7.10624165759996
0.26957926669860194,7.097543295103029,-0.23323162636317307,-0.013199514742832737,6.864311668739859,7.084343780360197
0.2703645861918727,7.075882712670456,-0.23457265157942575,-0.013355659344033927,6.841310061091031,7.062527053326421
0.27114990568514347,7.054304226642502,-0.23591735351181128,-0.01351319853836793,6.818386873130692,7.0407910281041355
0.27193522517841423,7.032807400792018,-0.23726573032180068,-0.013672140819130747,6.795541670470216,7.0191352599728845
0.272720544671685,7.011391802551711,-0.23861778016712407,-0.013832494708050471,6.772774022384586,6.997559307843658
0.2735058641649558,6.990057002972156,-0.2399735012017691,-0.013994268755336457,6.750083501770387,6.976062734216817
0.2742911836582266,6.968802576680378,-0.24133289157600965,-0.014157471539696759,6.727469685104369,6.954645105140686
0.27507650315149734,6.947628101839061,-0.2426959494364041,-0.014322111668336407,6.704932152402655,6.933305990170723
0.2758618226447681,6.926533160106299,-0.24406267292582506,-0.014488197777018617,6.682470487180472,6.912044962329279
0.27664714213803887,6.905517336595955,-0.24543306018344366,-0.01465573853004986,6.660084276412511,6.890861598065907
0.27743246163130963,6.884580219838597,-0.24680710934478028,-0.014824742620322079,6.637773110493816,6.869755477218274
0.2782177811245804,6.86372140174292,-0.24818481854167673,-0.014995218769334764,6.615536583201239,6.848726182973584
0.27900310061785116,6.842940477557795,-0.24956618590234014,-0.015167175727190157,6.593374291655455,6.8277733018306055
0.2797884201111219,6.822237045834809,-0.2509512095513369,-0.01534062227266299,6.571285836283471,6.8068964235621445
0.2805737396043927,6.801610708391336,-0.2523398876096097,-0.015515567213170888,6.549270820781723,6.786095141178165
0.28135905909766346,6.78106107027411,-0.25373221819449737,-0.01569201938482222,6.527328852079613,6.765369050889289
0.2821443785909342,6.7605877397233805,-0.2551281994197351,-0.015869987652432218,6.505459540303643,6.744717752070946
0.282929698084205,6.740190328137453,-0.2565278293954749,-0.016049480909549923,6.48366249874198,6.724140847227904
0.28371501757747575,6.719868450037831,-0.2579311062282942,-0.01623050807845626,6.461937343809537,6.703637941959375
0.2845003370707465,6.699621723034777,-0.2593380280212091,-0.016413078110207754,6.440283695013567,6.683208644924572
0.2852856565640173,6.679449767793372,-0.26074859287369667,-0.016597199984660048,6.418701174919676,6.662852567808714
0.28607097605728804,6.6593522080000325,-0.26216279888168603,-0.01678288271045303,6.397189409118348,6.642569325289579
0.2868562955505588,6.639328670329513,-0.26358064413758775,-0.0169701353250685,6.375748026191925,6.622358535004443
0.28764161504382957,6.6193787844123255,-0.26500212673030343,-0.017158966894838826,6.354376657682023,6.602219817517486
0.28842693453710033,6.599502182802638,-0.2664272447452319,-0.017349386514948932,6.333074938057408,6.582152796287688
0.2892122540303711,6.5796985009465985,-0.26785599626429263,-0.017541403309483908,6.311842504682303,6.5621570976371135
0.28999757352364186,6.559967377151067,-0.26928837936592653,-0.01773502643142558,6.290678997785143,6.542232350719642
0.2907828930169126,6.540308452552825,-0.2707243921251147,-0.01793026506268501,6.269584060427711,6.522378187490142
0.2915682125101834,6.520721371088149,-0.2721640326133924,-0.018127128414112934,6.248557338474756,6.502594242674035
0.29235353200345415,6.501205779462821,-0.27360729889885804,-0.018325625725525846,6.227598480563961,6.482880153737293
0.2931388514967249,6.4817613271225465,-0.27505418904618395,-0.018525766265717766,6.2067071380763625,6.463235560856827
0.2939241709899957,6.4623876662237585,-0.2765047011166402,-0.01872755933248959,6.18588296510712,6.443660106891272
0.29470949048326645,6.443084451604815,-0.2779588331680848,-0.018931014252649613,6.165125618436729,6.424153437352166
0.2954948099765372,6.423851340757585,-0.27941658325500507,-0.019136140382045155,6.14443475750258,6.4047152003755405
0.296280129469808,6.404687993799407,-0.280877949428508,-0.019342947105586674,6.123810044370897,6.385345046693821
0.2970654489630788,6.385594073445425,-0.28234292973633884,-0.019551443837244963,6.103251143709086,6.366042629608182
0.29785076845634956,6.366569244981314,-0.28381152222289907,-0.01976164002008431,6.082757722758414,6.346807604961229
0.2986360879496203,6.347613176236294,-0.2852837249292542,-0.019973545126278427,6.06232945130704,6.327639631110017
0.2994214074428911,6.328725537556615,-0.28675953589315073,-0.020187168657124676,6.041966001663464,6.308538368899491
0.30020672693616185,6.309906001779249,-0.28823895314901704,-0.02040252014305554,6.021667048630234,6.289503481636195
0.3009920464294326,6.29115424420608,-0.2897219747279871,-0.020619609143670597,6.001432269478093,6.270534635062411
0.3017773659227034,6.272469942578298,-0.29120859865792237,-0.020838445247742594,5.981261343920377,6.251631497330558
0.30256268541597414,6.253852777051212,-0.2926988229633959,-0.021059038073227565,5.961153954087815,6.232793738977982
0.3033480049092449,6.235302430169351,-0.29419264566573183,-0.021281397267304148,5.941109784503621,6.214021032902046
0.30413332440251567,6.216818586841927,-0.29569006478300347,-0.02150553250636671,5.921128522058925,6.195313054335559
0.30491864389578643,6.1984009343185456,-0.2971910783300542,-0.02173145349605246,5.9012098559884905,6.176669480822492
0.3057039633890572,6.180049162165315,-0.29869568431850924,-0.021959169971248506,5.881353477846806,6.158089992194066
0.30648928288232796,6.161762962241204,-0.3002038807567714,-0.02218869169612324,5.861559081484431,6.139574270545082
0.3072746023755987,6.1435420286747275,-0.3017156656500652,-0.022420028464130867,5.841826363024662,6.1211220002105975
0.3080599218688695,6.125386057840927,-0.3032310370004245,-0.022653190098022913,5.822155020840503,6.102732867742905
0.30884524136214025,6.107294748338635,-0.30474999280671156,-0.022888186449870545,5.802544755531925,6.084406561888764
0.309630560855411,6.089267800968063,-0.30627253106463576,-0.023125027401081286,5.7829952699034255,6.066142773566982
0.3104158803486818,6.071304918708629,-0.30779864976676347,-0.023363722862408245,5.763506268941865,6.047941195846219
0.31120119984195255,6.053405806697089,-0.3093283469025221,-0.023604282773967235,5.7440774597945685,6.029801523923122
0.3119865193352233,6.035570172205967,-0.31086162045822563,-0.023846717105242513,5.724708551747741,6.011723455100723
0.3127718388284941,6.017797724622219,-0.3123984684170809,-0.024091035855117855,5.705399256205139,5.993706688767104
0.31355715832176484,6.0000881754261846,-0.31393888875920506,-0.024337249051881758,5.686149286666979,5.975750926374302
0.3143424778150356,5.9824412381708,-0.3154828794616267,-0.02458536675323089,5.6669583587091745,5.957855871417571
0.31512779730830637,5.96485662846108,-0.3170304384983168,-0.02483539904629697,5.647826189962762,5.940021229414782
0.31591311680157713,5.947334063933848,-0.3185815638401803,-0.025087356047657394,5.628752500093666,5.92224670788619
0.3166984362948479,5.929873264237711,-0.32013625345509633,-0.025341247903347082,5.609737010782617,5.904532016334366
0.31748375578811866,5.912473951013323,-0.3216945053078948,-0.025597084788871488,5.5907794457054285,5.886876866224451
0.3182690752813894,5.895135847873824,-0.3232563173604035,-0.025854876909211077,5.571879530513422,5.869280970964612
0.3190543947746602,5.877858680385582,-0.3248216875714438,-0.026114634498843506,5.553036992814139,5.851744045886739
0.31983971426793095,5.860642176049172,-0.3263906138968478,-0.026376367821761115,5.534251562152325,5.834265808227412
0.32062503376120177,5.843486064280534,-0.327963094289467,-0.0266400871714674,5.515522969991068,5.8168459771090655
0.32141035325447254,5.826390076392418,-0.3295391266991803,-0.026905802870991067,5.496850949693237,5.799484273521428
0.3221956727477433,5.80935394557604,-0.3311187090729378,-0.027173525272911024,5.478235236503101,5.782180420303127
0.32298099224101406,5.792377406882952,-0.33270183935472597,-0.027443264759356364,5.459675567528225,5.764934142123596
0.32376631173428483,5.775460197207153,-0.3342885154856193,-0.027715031742013372,5.441171681721534,5.747745165465139
0.3245516312275556,5.758602055267388,-0.33587873540377333,-0.027988836662143423,5.422723319863614,5.730613218605242
0.32533695072082636,5.741802721589702,-0.33747249704444543,-0.02826468999060491,5.404330224545256,5.7135380315990965
0.3261222702140971,5.7250619384901675,-0.33906979834000817,-0.028542602227832913,5.385992140150161,5.696519336262336
0.3269075897073679,5.708379450057856,-0.3406706372199497,-0.028822583903873187,5.367708812837904,5.679556866153983
0.32769290920063865,5.691755002137963,-0.34227501161090995,-0.029104645578386455,5.349479990527055,5.6626503565595785
0.3284782286939094,5.6751883423152165,-0.34388291943667165,-0.029388797840650946,5.331305422878545,5.645799544474565
0.3292635481871802,5.658679219897387,-0.3454943586181792,-0.029675051309589383,5.313184861279208,5.629004168587799
0.33004886768045094,5.6422273858991,-0.34710932707356645,-0.02996341663375361,5.2951180588255315,5.612263969265348
0.3308341871737217,5.625832593025737,-0.34872782271814,-0.030253904491343325,5.277104770307598,5.595578688534394
0.33161950666699247,5.609494595657617,-0.350349843464425,-0.03054652559022311,5.259144752193192,5.578948070067393
0.33240482616026323,5.593213149834305,-0.3519753872221581,-0.030841290667919387,5.241237762612147,5.562371859166387
0.333190145653534,5.5769880132391485,-0.35360445189830036,-0.03113821049163596,5.223383561340846,5.545849802747512
0.33397546514680476,5.560818945183959,-0.3552370353970566,-0.03143729585824853,5.205581909786904,5.52938164932571
0.3347607846400755,5.544705706593916,-0.3568731356198928,-0.03173855759433335,5.187832570974026,5.512967148999584
0.3355461041333463,5.528648059992614,-0.35851275046552666,-0.03204200655615151,5.1701353095270886,5.496606053436465
0.33633142362661705,5.512645769487302,-0.36015587782997954,-0.032347653629666476,5.152489891657323,5.480298115857636
0.3371167431198878,5.496698600754286,-0.36180251560654386,-0.03265550973055792,5.134896085147743,5.464043091023729
0.3379020626131586,5.480806321024528,-0.3634526616858402,-0.03296558580420679,5.11735365933869,5.447840735220321
0.33868738210642935,5.464968699069377,-0.3651063139557862,-0.033277892825725144,5.099862385113591,5.431690806243652
0.3394727015997001,5.4491855051864855,-0.36676347030165046,-0.03359244179994655,5.082422034884836,5.41559306338654
0.3402580210929709,5.433456511185905,-0.3684241286060403,-0.033909243761429265,5.065032382579865,5.399547267424475
0.34104334058624164,5.417781490376292,-0.3700882867489226,-0.034228309774472346,5.04769320362737,5.383553180601819
0.3418286600795124,5.402160217551353,-0.3717559426076331,-0.03454965093311156,5.030404274943718,5.367610566618239
0.34261397957278317,5.386592468976349,-0.3734270940568906,-0.034873278361136975,5.013165374919457,5.35171919061521
0.34339929906605393,5.3710780223748555,-0.3751017389688218,-0.03519920321207676,4.995976283406033,5.335878819162778
0.34418461855932475,5.355616656915588,-0.3767798752129543,-0.035527436669208476,4.978836781702636,5.320089220246383
0.3449699380525955,5.340208153199449,-0.37846150065624024,-0.03585798994557059,4.961746652543209,5.304350163253876
0.3457552575458663,5.324852293246653,-0.38014661316307574,-0.036190874283964496,4.944705680083576,5.288661418962688
0.34654057703913704,5.309548860484074,-0.3818352105952926,-0.03652610095693848,4.92771364988878,5.2730227595271355
0.3473258965324078,5.294297639732667,-0.3835272908121989,-0.03686368126681931,4.910770348920471,5.257433958465848
0.34811121602567857,5.279098417195101,-0.38522285167057274,-0.0372036265456919,4.893875565524529,5.241894790649408
0.34889653551894934,5.26395098044346,-0.386921891024679,-0.037545948155407155,4.877029089418783,5.226405032288054
0.3496818550122201,5.24885511840714,-0.38862440672628834,-0.03789065748759027,4.860230711680851,5.21096446091955
0.35046717450549086,5.233810621360852,-0.39033039662468394,-0.03823776596362682,4.843480224736167,5.195572855397224
0.35125249399876163,5.21881728091277,-0.3920398585666712,-0.038587285034691894,4.826777422346098,5.1802299958780775
0.3520378134920324,5.203874889992831,-0.39375279039660815,-0.03893922618170866,4.810122099596223,5.164935663811124
0.35282313298530316,5.188983242841125,-0.3954691899563987,-0.039293600915388666,4.793514052884728,5.149689641925738
0.3536084524785739,5.174142134996441,-0.3971890550855075,-0.03965042077620254,4.776953079910934,5.134491714220239
0.3543937719718447,5.159351363284941,-0.3989123836209969,-0.04000969733440729,4.760438979663943,5.119341665950533
0.35517909146511545,5.144610725808957,-0.4006391733975034,-0.04037144219001655,4.743971552411454,5.104239283618941
0.3559644109583862,5.129920021935916,-0.40236942224727623,-0.040735666972813875,4.727550599688639,5.0891843549631
0.356749730451657,5.115279052287374,-0.4041031280001869,-0.04110238334235458,4.711175924287189,5.07417666894502
0.35753504994492774,5.100687618728184,-0.405840288483733,-0.04147160298795918,4.694847330244451,5.059216015740226
0.3583203694381985,5.086145524355782,-0.40758090152306164,-0.041843337628710925,4.678564622832717,5.044302186727069
0.35910568893146927,5.071652573489588,-0.4093249649409742,-0.04221759901344789,4.662327608548616,5.029434974476139
0.35989100842474003,5.057208571660528,-0.4110724765579418,-0.04259439892076779,4.646136095102586,5.014614172739758
0.3606763279180108,5.042813325600669,-0.41282343419212447,-0.042973749159030364,4.6299898914085444,4.99983957644164
0.36146164741128156,5.028466643232965,-0.41457783565937795,-0.0433556615663375,4.613888807573585,4.985110981666626
0.3622469669045523,5.0141683336610985,-0.41633567877325806,-0.04374014801053619,4.59783265488784,4.970428185650561
0.3630322863978231,4.99991820715949,-0.4180969613450616,-0.04412722038922057,4.581821245814429,4.955790986770269
0.36381760589109385,4.985716075163343,-0.41986168118380296,-0.04451689062972081,4.565854393979539,4.941199184533621
0.3646029253843646,4.9715617502588465,-0.42162983609625826,-0.04490917068909416,4.549931914162589,4.92665257956975
0.3653882448776354,4.957455046173453,-0.4234014238869591,-0.045304072554131845,4.534053622286493,4.912150973619321
0.36617356437090615,4.9433957777663045,-0.42517644235821267,-0.04570160824133514,4.518219335408093,4.897694169524968
0.3669588838641769,4.929383761018699,-0.42695488931011544,-0.04610178979693347,4.502428871708583,4.883281971221765
0.36774420335744773,4.915418813024725,-0.4287367625405631,-0.04650462929685047,4.486682050484162,4.868914183727873
0.3685295228507185,4.901500751981944,-0.4305220598452681,-0.04691013884672067,4.4709786921366765,4.854590613135226
0.36931484234398926,4.887629397182215,-0.4323107790177697,-0.04731833058186291,4.455318618164444,4.8403110666003535
0.37010016183726,4.87380456900257,-0.4341029178494418,-0.047729216667277245,4.43970165115313,4.826075352335295
0.3708854813305308,4.860026088896239,-0.4358984741295185,-0.048142809297656776,4.424127614766721,4.811883279598582
0.37167080082380155,4.846293779383731,-0.43769744564509216,-0.048559120697352146,4.408596333738636,4.7977346586863785
0.3724561203170723,4.832607464044029,-0.4394998301811426,-0.04897816312037233,4.393107633862885,4.783629300923658
0.3732414398103431,4.818966967505874,-0.4413056255205372,-0.04939994885037105,4.377661341985338,4.769567018655503
0.37402675930361384,4.805372115439137,-0.44311482944404257,-0.04982449020065589,4.362257285995093,4.755547625238481
0.3748120787968846,4.791822734546285,-0.4449274397303561,-0.05025179951415884,4.346895294815927,4.741570935032127
0.37559739829015537,4.778318652553943,-0.44674345415609384,-0.050681889163415914,4.331575198397849,4.727636763390527
0.37638271778342614,4.764859698204537,-0.4485628704958227,-0.05111477155058878,4.3162968277087135,4.713744926653946
0.3771680372766969,4.751445701248026,-0.45038568652206445,-0.05155045910742936,4.3010600147259614,4.699895242140598
0.37795335676996766,4.738076492433709,-0.45221190000531103,-0.051988964295272035,4.285864592428398,4.686087528138439
0.3787386762632384,4.724751903502166,-0.4540415087140366,-0.05243029960501637,4.27071039478813,4.6723216038971485
0.3795239957565092,4.711471767177194,-0.45587451041470994,-0.05287447755714116,4.255597256762486,4.658597289620054
0.38030931524977996,4.698235917157933,-0.45771090287181426,-0.05332151070164705,4.240525014286119,4.644914406456284
0.3810946347430507,4.6850441881109814,-0.45955068384784575,-0.053771411618080925,4.225493504263138,4.631272776492902
0.3818799542363215,4.671896415662654,-0.46139385110334274,-0.054224192915501394,4.21050256455931,4.617672222747153
0.38266527372959225,4.658792436391284,-0.4632404023968881,-0.0546798672324757,4.195552033994397,4.60411256915881
0.383450593222863,4.645732087819639,-0.46509033548512685,-0.05513844723705163,4.1806417523345125,4.590593640582586
0.3842359127161338,4.632715208407373,-0.46694364812277245,-0.055599945626756964,4.165771560284598,4.577115262780615
0.38502123220940454,4.619741637543585,-0.46880033806263327,-0.05606437512857493,4.15094129948095,4.56367726241501
0.3858065517026753,4.60681121553945,-0.4706604030556095,-0.05653174849892871,4.13615081248384,4.550279467040521
0.38659187119594607,4.593923783620924,-0.472523840850726,-0.0570020785236692,4.121399942770201,4.536921705097255
0.38737719068921683,4.581079183921519,-0.474390649195108,-0.057475378018042686,4.106688534726412,4.523603805903475
0.3881625101824876,4.568277259475142,-0.4762608258340451,-0.05795165982669469,4.092016433641094,4.510325599648446
0.38894782967575836,4.555517854209038,-0.4781343685109685,-0.058430936823642206,4.077383485698069,4.497086917385397
0.3897331491690291,4.542800812936777,-0.48001127496747126,-0.05891322191225,4.062789537969305,4.483887591024526
0.3905184686622999,4.530125981351322,-0.4818915429433237,-0.059398528025216134,4.048234438407999,4.4707274533261065
0.3913037881555707,4.51749320601816,-0.4837751701764933,-0.05988686812455565,4.0337180358416695,4.457606337893605
0.3920891076488415,4.504902334368521,-0.48566215440313526,-0.06037825520157898,4.019240179965385,4.444524079166942
0.39287442714211224,4.492353214692631,-0.48755249335763917,-0.06087270227686171,4.004800721334991,4.431480512415771
0.393659746635383,4.479845696133077,-0.4894461847726117,-0.06137022240023331,3.9903995113604656,4.418475473732844
0.39444506612865377,4.467379628678208,-0.4913432263789002,-0.06187082865077089,3.9760364022993073,4.405508800027439
0.39523038562192453,4.454954863155596,-0.49324361590561244,-0.0623745341367351,3.9617112472499834,4.392580329018862
0.3960157051151953,4.442571251225595,-0.4951473510801214,-0.0628813519955879,3.947423900145473,4.379689899230007
0.39680102460846606,4.430228645374935,-0.4970544296280782,-0.06339129539395821,3.933174215746855,4.366837349980976
0.3975863441017368,4.417926898910387,-0.4989648492734356,-0.06390437752760594,3.918962049636954,4.354022521382782
0.3983716635950076,4.405665865952509,-0.5008786077384354,-0.06442061162141159,3.9047872582140757,4.341245254331098
0.39915698308827835,4.3934454014294175,-0.5027957027436545,-0.06494001092934577,3.8906496986857615,4.328505390500071
0.3999423025815491,4.381265361070652,-0.5047161320079965,-0.06546258873444982,3.876549229062654,4.3158027723362
0.4007276220748199,4.369125601401098,-0.5066398932486997,-0.06598835834880107,3.8624857081523993,4.303137243052299
0.40151294156809064,4.3570259797349475,-0.5085669841813774,-0.06651733311350282,3.848458995553568,4.290508646621443
0.4022982610613614,4.3449663541697365,-0.5104974025200024,-0.06704952639863476,3.834468951649735,4.277916827771099
0.40308358055463217,4.332946583580448,-0.51243114597693,-0.06758495160325535,3.8205154376035173,4.265361631977192
0.40386890004790293,4.320966527613635,-0.5143682122629127,-0.06812362215534107,3.8065983153507243,4.252842905458295
0.4046542195411737,4.309026046681674,-0.5163085990871172,-0.0686655515117905,3.792717447594555,4.240360495169882
0.40543953903444446,4.297125001956971,-0.518252304157123,-0.06921075315836825,3.778872697799846,4.227914248798604
0.4062248585277152,4.2852632553663375,-0.5201993251789498,-0.06975924060969882,3.7650639301873885,4.21550401475664
0.407010178020986,4.273440669585317,-0.5221496598570606,-0.07031102740922587,3.7512910097282544,4.203129642176092
0.40779549751425676,4.261657108032654,-0.524103305894382,-0.07086612712917573,3.737553802138272,4.190790980903478
0.4085808170075275,4.249912434864739,-0.5260602609923086,-0.07142455337054243,3.7238521738724293,4.178487881494196
0.4093661365007983,4.238206514970187,-0.5280205228507265,-0.07198631976305005,3.7101859921194613,4.1662201952071385
0.41015145599406905,4.226539213964387,-0.5299840891680128,-0.07255143996511024,3.6965551247963724,4.153987773999277
0.4109367754873398,4.214910398184171,-0.5319509576410629,-0.07311992766380562,3.682959440543107,4.141790470520365
0.4117220949806106,4.20331993468249,-0.533921125965289,-0.07369179657485485,3.6693988087172014,4.129628138107636
0.41250741447388134,4.191767691223168,-0.5358945918346456,-0.07426706044256842,3.6558730993885242,4.1175006307806
0.4132927339671521,4.180253536275684,-0.5378713529416325,-0.07484573303982613,3.64238218333405,4.105407803235856
0.41407805346042287,4.168777339010028,-0.5398514069773136,-0.07542782816804029,3.6289259320327143,4.093349510841989
0.41486337295369363,4.157338969291587,-0.5418347516313269,-0.07601335965710972,3.6155042176602588,4.081325609634478
0.41564869244696445,4.145938297676076,-0.543821384591895,-0.07660234136540589,3.6021169130841817,4.069335956310669
0.4164340119402352,4.134575195404555,-0.545811303545843,-0.07719478717971397,3.588763891858713,4.057380408224839
0.417219331433506,4.123249534398433,-0.5478045061786064,-0.07779071101521587,3.5754450282198253,4.045458823383217
0.41800465092677674,4.111961187254572,-0.5498009901742519,-0.07839012681543772,3.56216019708032,4.033571060439134
0.4187899704200475,4.100710027240405,-0.551800753215481,-0.07899304855222489,3.5489092740249233,4.021716978688178
0.4195752899133183,4.089495928289118,-0.5538037929836436,-0.0795994902256892,3.5356921353054727,4.0098964380634285
0.42036060940658904,4.078318764994872,-0.5558101071587518,-0.0802094658641836,3.5225086578361204,3.9981092991306886
0.4211459288998598,4.06717841260807,-0.5578196934195058,-0.08082298952425787,3.5093587191885653,3.9863554230838134
0.42193124839313056,4.056074747030648,-0.5598325494432722,-0.08144007529061371,3.4962421975873754,3.9746346717400356
0.42271656788640133,4.045007644811452,-0.5618486729061416,-0.08206073727606679,3.4831589719053095,3.9629469075353843
0.4235018873796721,4.033976983141621,-0.5638680614829072,-0.08268498962151906,3.4701089216587118,3.9512919935201007
0.42428720687294286,4.02298263985004,-0.5658907128470909,-0.08331284649589343,3.4570919270029528,3.939669793354147
0.4250725263662136,4.012024493398811,-0.56791662467095,-0.08394432209610969,3.4441078687278615,3.9280801713027014
0.4258578458594844,4.001102422878769,-0.5699457946254989,-0.08457943064702754,3.4311566282532695,3.9165229922317417
0.42664316535275515,3.990216308005074,-0.5719782203805153,-0.08521818640141549,3.4182380876245606,3.904998121603658
0.4274284848460259,3.9793660291127897,-0.574013899604551,-0.08586060363990242,3.405352129508239,3.893505425472888
0.4282138043392967,3.9685514671525457,-0.5760528299649499,-0.0865066966709306,3.392498637187595,3.882044770481616
0.42899912383256744,3.9577725036862144,-0.5780950091278598,-0.08715647983070604,3.379677494558355,3.8706160238555096
0.4297844433258382,3.9470290208826535,-0.5801404347582353,-0.0878099674831658,3.3668885861244173,3.859219053399488
0.43056976281910897,3.936320901513462,-0.5821891045198694,-0.08846717401992321,3.3541317969935927,3.847853727493538
0.43135508231237973,3.9256480289487654,-0.5842410160753836,-0.0891281138602184,3.3414070128733804,3.8365199150885463
0.4321404018056505,3.9150102871530974,-0.5862961670862572,-0.08979280145086906,3.3287141200668433,3.8252174857022276
0.43292572129892126,3.904407560681257,-0.5883545552128346,-0.09046125126623822,3.3160530054684214,3.813946309415019
0.433711040792192,3.893839734674211,-0.5904161781143359,-0.09113347780815463,3.3034235565598746,3.802706256866055
0.4344963602854628,3.883306694855087,-0.5924810334488724,-0.09180949560590168,3.2908256614062124,3.791497199249184
0.43528167977873355,3.872808327525141,-0.594549118873454,-0.09248931921612966,3.2782592086516873,3.7803190083090117
0.4360669992720043,3.862344519559779,-0.5966204320440059,-0.09317296322282981,3.2657240875157716,3.7691715563369463
0.4368523187652751,3.851915158404642,-0.5986949706153877,-0.09386044223727663,3.2532201877892537,3.758054716167365
0.43763763825854585,3.8415201320716874,-0.6007727322413897,-0.09455177089796749,3.2407473998303,3.74696836117372
0.4384229577518166,3.8311593291353336,-0.6028537145747528,-0.09524696387058612,3.228305614560581,3.735912365264748
0.43920827724508743,3.820832638728625,-0.6049379152671909,-0.0959460358479254,3.2158947234614343,3.7248866028806997
0.4399935967383582,3.8105399505394293,-0.6070253319693919,-0.09664900154985638,3.203514618570039,3.713890948989575
0.44077891623162896,3.8002811548066906,-0.6091159623310264,-0.09735587572326074,3.1911651924756623,3.702925279083427
0.4415642357248997,3.7900561423166765,-0.6112098040007709,-0.0980666731419799,3.178846338315906,3.691989469174697
0.4423495552181705,3.7798648043993066,-0.6133068546263214,-0.09878140860675691,3.1665579497729865,3.68108339579255
0.44313487471144125,3.7697070329244804,-0.6154071118543918,-0.09950009694517577,3.1542999210700873,3.670206935979305
0.443920194204712,3.7595827202984355,-0.6175105733307341,-0.10022275301161558,3.142072146967699,3.659359967286819
0.4447055136979828,3.74949175946016,-0.6196172367001631,-0.1009493916871799,3.129874522759997,3.6485423677729782
0.44549083319125354,3.739434043877824,-0.6217270996065378,-0.10168002787965064,3.1177069442712844,3.6377540159981736
0.4462761526845243,3.729409467545246,-0.6238401596928125,-0.10241467652340838,3.105569307852434,3.6269947910218376
0.44706147217779507,3.719417924978385,-0.6259564146010141,-0.1031533525793968,3.093461510377371,3.616264572398989
0.44784679167106584,3.7094593112118757,-0.6280758619722806,-0.10389607103504453,3.081383449239596,3.605563240176832
0.4486321111643366,3.699533521795569,-0.6301984994468546,-0.10464284690420904,3.0693350223487132,3.5948906748913605
0.44941743065760736,3.6896404527911293,-0.6323243246641059,-0.10539369522711861,3.0573161281270202,3.5842467575640087
0.45020275015087813,3.679780000768655,-0.6344533352625477,-0.10614863107030915,3.0453266655061055,3.5736313696983455
0.4509880696441489,3.6699520628033264,-0.6365855288798282,-0.10690766952654057,3.033366533923498,3.5630443932767846
0.45177338913741966,3.660156536472068,-0.6387209031527742,-0.10767082571476744,3.021435633319296,3.5524857107573005
0.4525587086306904,3.6503933198502665,-0.6408594557173654,-0.1084381147800513,3.0095338641329,3.541955205070217
0.4533440281239612,3.6406623115084957,-0.6430011842087948,-0.10920955189349295,2.9976611272997022,3.531452759615004
0.45412934761723195,3.6309634105092874,-0.6451460862614264,-0.10998515225218256,2.9858173242478596,3.5209782582571054
0.4549146671105027,3.621296516403913,-0.647294159508852,-0.1107649310791112,2.9740023568950624,3.510531585324803
0.4556999866037735,3.6116615292292007,-0.649445401583876,-0.11154890362312757,2.9622161276453234,3.500112625606073
0.45648530609704424,3.602058349504382,-0.6515998101185437,-0.11233708515885023,2.950458539385838,3.4897212643455324
0.457270625590315,3.592486878227976,-0.6537573827441454,-0.11312949098660552,2.93872949548383,3.4793573872413717
0.45805594508358577,3.5829470168746607,-0.6559181170912293,-0.11392613643236002,2.927028899783432,3.469020880442301
0.45884126457685653,3.573438667392221,-0.6580820107896136,-0.11472703684765247,2.9153566566026075,3.4587116305445695
0.4596265840701273,3.563961732198495,-0.6602490614684019,-0.11553220760950235,2.9037126707300924,3.4484295245889935
0.46041190356339806,3.554516114178345,-0.6624192667559894,-0.11634166412036899,2.8920968474223563,3.4381744500579776
0.4611972230566688,3.545101716680673,-0.6645926242800831,-0.11715542180805609,2.8805090924005894,3.4279462948726183
0.4619825425499396,3.535718443515436,-0.666769131667707,-0.11797349612564982,2.8689493118477287,3.4177449473897847
0.4627678620432104,3.5263661989507042,-0.6689487865452177,-0.11879590255143209,2.857417412405487,3.407570296399271
0.4635531815364812,3.5170448877097504,-0.6711315865383107,-0.11962265658882906,2.8459133011714384,3.3974222311209203
0.46433850102975194,3.5077544149681334,-0.6733175292720456,-0.12045377376630553,2.8344368856960864,3.3873006412018287
0.4651238205230227,3.498494686350853,-0.6755066123708374,-0.12128926963730838,2.8229880739800164,3.3772054167135437
0.46590914001629347,3.4892656079294735,-0.6776988334584957,-0.12212915978019197,2.8115667744709794,3.3671364481492834
0.46669445950956423,3.48006708621932,-0.6798941901582018,-0.12297345979812614,2.800172896061119,3.3570936264211944
0.467479779002835,3.4708990281766723,-0.6820926800925593,-0.12382218531902614,2.7888063480841137,3.347076842857647
0.46826509849610576,3.461761341195984,-0.6842943008835772,-0.12467535199547417,2.7774670403124087,3.337085989200512
0.4690504179893765,3.4526539331071393,-0.6864990501526931,-0.1255329755046363,2.766154882954445,3.3271209576025003
0.4698357374826473,3.443576712172713,-0.6887069255207877,-0.12639507154818858,2.754869786651924,3.317181640624524
0.47062105697591805,3.4345295870852626,-0.6909179246081842,-0.12726165585221616,2.74361166247708,3.307267931233047
0.4714063764691888,3.4255124669646597,-0.6931320450346755,-0.1281327441671607,2.732380421929985,3.2973797227974995
0.4721916959624596,3.416525261355403,-0.6953492844195313,-0.1290083522677142,2.721175976935872,3.2875169090876906
0.47297701545573034,3.407567880223988,-0.6975696403815022,-0.12988849595274168,2.7099982398424864,3.2776793842712464
0.4737623349490011,3.3986402339563018,-0.6997931105388346,-0.13077319104519747,2.698847123417467,3.2678670429111016
0.47454765444227187,3.389742233355002,-0.7020196925092993,-0.13166245339205124,2.687722540845703,3.258079779962953
0.47533297393554264,3.3808737896369583,-0.7042493839101742,-0.13255629886417086,2.676624405726784,3.248317490772789
0.4761182934288134,3.372034814430691,-0.7064821823582818,-0.13345474335627486,2.6655526320724094,3.238580071074415
0.47690361292208416,3.3632252197738404,-0.7087180854699802,-0.13435780278681544,2.6545071343038606,3.2288674169870255
0.4776889324153549,3.354444918110649,-0.7109570908611934,-0.1352654930979007,2.643487827249455,3.2191794250127477
0.4784742519086257,3.3456938222894657,-0.7131991961474132,-0.13617783025521268,2.632494626142055,3.2095159920342544
0.47925957140189646,3.336971845560304,-0.7154443989437121,-0.13709483024790636,2.621527446616594,3.199877015312399
0.4800448908951672,3.3282789015723413,-0.7176926968647461,-0.13801650908851515,2.6105862047075963,3.1902623924838256
0.480830210388438,3.319614904371523,-0.719944087524798,-0.13894288281288178,2.5996708168467246,3.1806720215586424
0.48161552988170875,3.3109797683981452,-0.7221985685377451,-0.1398739674800418,2.5887811998604016,3.171105800918105
0.4824008493749795,3.302373408484445,-0.7244561375170995,-0.1408097791721397,2.5779172709673466,3.1615636293123073
0.4831861688682503,3.2937957398522495,-0.7267167920760162,-0.1417503339943482,2.5670789477762335,3.1520454058579035
0.48397148836152104,3.2852466781106098,-0.7289805298272994,-0.14269564807473922,2.556266148283311,3.142551030035871
0.4847568078547918,3.2767261392534675,-0.7312473483834164,-0.14364573756423604,2.5454787908700522,3.1330804016892317
0.48554212734806257,3.268234039657345,-0.7335172453565074,-0.14460061863647114,2.5347167943008375,3.123633421020873
0.4863274468413334,3.259770296079031,-0.735790218358398,-0.14556030748772464,2.5239800777206334,3.114209988591305
0.48711276633460415,3.2513348256533243,-0.7380662650006167,-0.14652482033680228,2.5132685606527048,3.104810005316519
0.4878980858278749,3.2429275458907565,-0.7403453828943971,-0.14749417342495383,2.5025821629963585,3.0954333724658016
0.4886834053211457,3.2345483746753523,-0.7426275696506968,-0.14846838301576074,2.4919208050246575,3.086079991659589
0.48946872481441644,3.2261972302624113,-0.7449128228801969,-0.14944746539504142,2.4812844073822147,3.07674976486737
0.4902540443076872,3.217874031276304,-0.7472011401933327,-0.15043143687076024,2.470672891082974,3.0674425944055432
0.491039363800958,3.2095786967082596,-0.74949251920029,-0.15142031377290405,2.46008617750797,3.058158382935356
0.49182468329422874,3.2013111459142185,-0.751786957511028,-0.15241411245340344,2.449524188403189,3.0488970334608156
0.4926100027874995,3.1930712986126677,-0.7540844527352675,-0.1534128492860053,2.438986845877401,3.039658449326665
0.49339532228077027,3.1848590748825094,-0.7563850024825434,-0.15441654066618477,2.4284740723999674,3.030442534216326
0.49418064177404103,3.1766743951609193,-0.758688604362167,-0.15542520301105178,2.417985790798753,3.0212491921498663
0.4949659612673118,3.1685171802412704,-0.760995255983282,-0.15643885275921582,2.4075219242579893,3.0120783274820533
0.49575128076058256,3.160387351271026,-0.7633049549548488,-0.1574575063706909,2.3970823963161783,3.002929844900333
0.4965366002538533,3.1522848297496795,-0.7656176988856587,-0.1584811803267984,2.386667130864021,2.9938036494228815
0.4973219197471241,3.1442095375266934,-0.7679334853843558,-0.15950989113005215,2.37627605214234,2.984699646396642
0.49810723924039485,3.1361613967994595,-0.7702523120594397,-0.1605436553040421,2.365909084740019,2.9756177414954177
0.4988925587336656,3.12814033011128,-0.7725741765192861,-0.16158248939333988,2.3555661535919907,2.966557840717938
0.4996778782269364,3.12014626034936,-0.7748990763721392,-0.16262640996336925,2.3452471839772207,2.9575198503859914
0.5004631977202071,3.1121791107428107,-0.7772270092261462,-0.16367543360031234,2.3349521015166657,2.9485036771424973
0.501248517213478,3.1042388048606813,-0.7795579726893556,-0.1647295769109906,2.324680832171327,2.9395092279496904
0.5020338367067487,3.096325266609996,-0.7818919643697243,-0.16578885652274114,2.314433302240271,2.930536410087254
0.5028191562000195,3.088438420233799,-0.7842289818751446,-0.16685328908332103,2.3042094383586544,2.9215851311504775
0.5036044756932903,3.0805781903092315,-0.7865690228134424,-0.1679228912607753,2.2940091674957883,2.9126552990484553
0.504389795186561,3.0727445017456336,-0.7889120847923871,-0.16899767974333807,2.2838324169532447,2.903746822002295
0.5051751146798318,3.064937279782602,-0.791258165419716,-0.170077671239303,2.2736791143628876,2.8948596085432983
0.5059604341731025,3.0571564499881427,-0.7936072623031323,-0.17116288247691036,2.2635491876850113,2.8859935675112345
0.5067457536663733,3.049401938256789,-0.795959373050325,-0.17225333020422412,2.2534425652064622,2.877148608052564
0.5075310731596441,3.0416736708077226,-0.7983144952689691,-0.17334903118902534,2.2433591755387514,2.868324639618696
0.5083163926529148,3.0339715741829614,-0.800672626566754,-0.17445000221868598,2.233298947616205,2.8595215719642746
0.5091017121461856,3.0262955752455127,-0.8030337645513779,-0.1755562601000296,2.2232618106941344,2.8507393151454825
0.5098870316394564,3.0186456011775613,-0.8053979068305689,-0.17666782165924402,2.213247694346993,2.8419777795183174
0.5106723511327271,3.0110215794786725,-0.8077650510120884,-0.1777847037417406,2.203256528466583,2.833236875736933
0.5114576706259979,3.0034234379639964,-0.810135194703753,-0.17890692321201757,2.1932882432602456,2.8245165147519784
0.5122429901192687,2.9958511047625045,-0.8125083355134322,-0.18003449695356277,2.183342769249073,2.8158166078089404
0.5130283096125394,2.9883045083152187,-0.8148844710490738,-0.181167441868713,2.173420037266147,2.8071370664465056
0.5138136291058102,2.980783577373468,-0.8172635989187007,-0.1823057748785309,2.163519978454766,2.798477802494937
0.514598948599081,2.9732882409971584,-0.8196457167304332,-0.18344951292267417,2.153642524266724,2.789838728074484
0.5153842680923517,2.9658184285530447,-0.8220308220924946,-0.18459867295928045,2.1437876064605508,2.781219755593765
0.5161695875856225,2.95837406971303,-0.8244189126132212,-0.18575327196482114,2.133955157099811,2.772620797748209
0.5169549070788932,2.950955094452466,-0.8268099859010762,-0.18691332693398877,2.124145108551388,2.7640417675184743
0.517740226572164,2.9435614330484676,-0.8292040395646626,-0.1880788548795555,2.1143573934838047,2.7554825781689103
0.5185255460654348,2.9361930160782554,-0.8316010712127254,-0.18924987283224806,2.104591944865528,2.746943143246004
0.5193108655587055,2.928849774417475,-0.8340010784541757,-0.1904263978406197,2.0948486959633024,2.7384233765768573
0.5200961850519763,2.921531639238583,-0.8364040588980808,-0.19160844697089227,2.0851275803404996,2.72992319226769
0.5208815045452471,2.9142385420091825,-0.8388100101537023,-0.19279603730686895,2.075428531855481,2.721442504702316
0.5216668240385178,2.906970414490427,-0.841218929830489,-0.1939891859497484,2.0657514846599403,2.7129812285406807
0.5224521435317886,2.8997271887354015,-0.8436308155380838,-0.19518791001803415,2.0560963731973168,2.7045392787173683
0.5232374630250594,2.892508797087518,-0.8460456648863558,-0.19639222664736383,2.0464631322011644,2.6961165704401564
0.5240227825183301,2.88531517217895,-0.8484634754853838,-0.1976021529903907,2.0368516966935655,2.68771301918856
0.5248081020116009,2.878146246929045,-0.8508842449454946,-0.19881770621664296,2.027262001983549,2.679328540712403
0.5255934215048716,2.8710019545427574,-0.8533079708772464,-0.20003890351238315,2.0176939836655126,2.6709630510303732
0.5263787409981424,2.8638822285091186,-0.8557346508914645,-0.2012657620804649,2.008147577617654,2.662616466428652
0.5271640604914132,2.856787002599675,-0.8581642825992304,-0.20249829914019982,1.9986227200004452,2.654288703459477
0.5279493799846839,2.849716210866984,-0.8605968636119117,-0.20373653192721272,1.9891193472550726,2.6459796789397716
0.5287346994779547,2.84266978764308,-0.8630323915411602,-0.20498047769329425,1.979637396101922,2.637689309949787
0.5295200189712255,2.8356476675379727,-0.8654708639989196,-0.20623015370627157,1.970176803539054,2.6294175138317004
0.5303053384644962,2.8286497854381585,-0.8679122785974598,-0.2074855772498404,1.9607375068406976,2.621164208188318
0.531090657957767,2.821676076505129,-0.8703566329493517,-0.20874676562344824,1.951319443555775,2.61292931088168
0.5318759774510378,2.8147264761739037,-0.8728039246675096,-0.2100137361421221,1.9419225515063947,2.6047127400317818
0.5326612969443085,2.80780092015158,-0.8752541513651773,-0.21128650613634886,1.9325467687864017,2.596514414015229
0.5334466164375793,2.80089934441585,-0.8777073106559639,-0.21256509295190767,1.9231920337598873,2.5883342514639436
0.53423193593085,2.794021685213588,-0.880163400153825,-0.2138495139497172,1.9138582850597619,2.58017217126387
0.5350172554241208,2.7871678790594103,-0.8826224174731014,-0.21513978650571286,1.904545461586307,2.572028092553698
0.5358025749173916,2.7803378627342594,-0.8850843602285132,-0.2164359280106659,1.8952535025057453,2.563901934723592
0.5365878944106623,2.7735315732839814,-0.8875492260351692,-0.21773795587005706,1.8859823472488133,2.5557936174139257
0.5373732139039331,2.7667489480179475,-0.8900170125085883,-0.2190458875039089,1.8767319355093581,2.5477030605140376
0.5381585333972039,2.7599899245076394,-0.8924877172646966,-0.22035974034663244,1.8675022072429426,2.539630184161008
0.5389438528904746,2.753254440585287,-0.8949613379198553,-0.2216795318468914,1.858293102665432,2.5315749087383956
0.5397291723837454,2.746542434342503,-0.8974378720908489,-0.22300527946742732,1.849104562251652,2.523537154875075
0.5405144918770162,2.739853844128895,-0.8999173173949203,-0.22433700068490783,1.839936526733974,2.5155168434439874
0.5412998113702869,2.733188608550749,-0.9023996714497555,-0.22567471298978345,1.8307889371009922,2.5075138955609644
0.5420851308635577,2.7265466664696634,-0.9048849318735166,-0.2270184338861146,1.8216617345961459,2.499528232583549
0.5428704503568285,2.7199279570012322,-0.9073730962848354,-0.22836818089142394,1.8125548607163955,2.4915597761098076
0.5436557698500992,2.7133324195137187,-0.909864162302837,-0.22972397153652963,1.8034682572108827,2.483608447977189
0.54444108934337,2.7067599936267417,-0.9123581275471377,-0.23108582336538624,1.7944018660796046,2.4756741702613563
0.5452264088366409,2.700210619209967,-0.9148549896378648,-0.232453753934937,1.7853556295721043,2.46775686527503
0.5460117283299116,2.6936842363818285,-0.9173547461956626,-0.2338277808149345,1.776329490186166,2.459856455566895
0.5467970478231824,2.6871807855082324,-0.919857394841703,-0.2352079215877813,1.7673233906665278,2.4519728639204503
0.5475823673164532,2.680700207201271,-0.9223629331976912,-0.23659419384837782,1.7583372740035768,2.44410601335289
0.5483676868097239,2.6742424423179822,-0.9248713588858952,-0.23798661520395117,1.7493710834320892,2.4362558271140315
0.5491530063029947,2.6678074319590777,-0.9273826695291234,-0.2393852032738829,1.7404247624299547,2.428422228685194
0.5499383257962654,2.6613951174676758,-0.9298968627507664,-0.2407899756895549,1.7314982547169089,2.4206051417781214
0.5507236452895362,2.6550054404280954,-0.9324139361747873,-0.24220095009417328,1.7225915042533093,2.4128044903339227
0.551508964782807,2.648638342664596,-0.934933887425735,-0.24361814414260796,1.7137044552388598,2.40502019852199
0.5522942842760777,2.642293766240173,-0.9374567141287706,-0.24504157550121558,1.7048370521114034,2.397252190738959
0.5530796037693485,2.6359716534553277,-0.9399824139096447,-0.24647126184767273,1.6959892395456815,2.3895003916076556
0.5538649232626193,2.629671946846872,-0.9425109843947479,-0.2479072208708169,1.6871609624521229,2.3817647259760557
0.55465024275589,2.6233945891867254,-0.9450424232110812,-0.2493494702704531,1.6783521659756437,2.374045118916272
0.5554355622491608,2.617139523480722,-0.9475767279862962,-0.25079802775720406,1.6695627954944245,2.3663414957235167
0.5562208817424316,2.6109066929674403,-0.9501138963486904,-0.2522529110523182,1.66079279661875,2.358653781915121
0.5570062012357023,2.6046960411170184,-0.9526539259272188,-0.25371413788751024,1.6520421151897993,2.3509819032295094
0.5577915207289731,2.598507511629991,-0.9551968143515082,-0.25518172600477607,1.6433106972784834,2.343325785625217
0.5585768402222439,2.592341048436137,-0.9577425592518628,-0.25665569315621595,1.6345984891842733,2.335685355279921
0.5593621597155146,2.5861965956933215,-0.9602911582592755,-0.25813605710387844,1.6259054374340467,2.3280605385894435
0.5601474792087854,2.5800740977863734,-0.9628426090054433,-0.25962283561954896,1.6172314887809323,2.3204512621668263
0.5609327987020561,2.5739734993259242,-0.9653969091227579,-0.26111604648460096,1.6085765902031621,2.3128574528413233
0.5617181181953269,2.5678947451472904,-0.9679540562443406,-0.26261570748980156,1.5999406889029486,2.3052790376574888
0.5625034376885977,2.5618377803093795,-0.9705140480040509,-0.2641218364351341,1.5913237323053284,2.2977159438742443
0.5632887571818684,2.555802550093545,-0.9730768820364533,-0.2656344511296198,1.5827256680570911,2.290168098963925
0.5640740766751392,2.549789000002507,-0.9756425559768969,-0.26715356939113066,1.5741464440256099,2.2826354306113767
0.56485939616841,2.5437970757592394,-0.9782110674614666,-0.26867920904621645,1.5655860082977706,2.2751178667130216
0.5656447156616807,2.537826723305903,-0.9807824141270234,-0.27021138792990346,1.5570443091788808,2.2676153353759982
0.5664300351549515,2.531877888802734,-0.9833565936112009,-0.2717501238855316,1.5485212951915306,2.260127764917202
0.5672153546482223,2.525950518627001,-0.9859336035524201,-0.27329543476455576,1.5400169150745833,2.2526550838624466
0.568000674141493,2.5200445593719256,-0.988513441589902,-0.274847338426357,1.5315311177820234,2.245197220945569
0.5687859936347638,2.5141599578456155,-0.9910961053636709,-0.2764058527380614,1.5230638524819449,2.237754105107554
0.5695713131280346,2.508296661070024,-0.993681592514568,-0.27797099557436006,1.5146150685554585,2.2303256654956645
0.5703566326213053,2.502454616279902,-0.9962699006842546,-0.27954278481729605,1.5061847155956478,2.2229118314626044
0.5711419521145761,2.4966337709217585,-0.9988610275152361,-0.28112123835610797,1.4977727434065224,2.2155125325656493
0.5719272716078468,2.490834072652825,-1.001454970650857,-0.2827063740870035,1.4893791020019684,2.208127698565821
0.5727125911011176,2.485055469340044,-1.0040517277353183,-0.2842982099129971,1.4810037416047253,2.200757259427048
0.5734979105943884,2.479297909059037,-1.006651296413683,-0.2858967637437022,1.472646612645353,2.193401145315333
0.5742832300876591,2.473561340093103,-1.0092536743318838,-0.28750205349514424,1.4643076657612202,2.1860592865979607
0.5750685495809299,2.46784571093221,-1.011858859136749,-0.28911409708955305,1.4559868517954646,2.1787316138426562
0.5758538690742007,2.4621509702720044,-1.0144668484759807,-0.2907329124551996,1.4476841217960215,2.171418057816804
0.5766391885674714,2.4564770670128064,-1.0170776399981996,-0.29235851752616665,1.4393994270146053,2.1641185494866386
0.5774245080607422,2.450823950258645,-1.0196912313529236,-0.2939909302421636,1.4311327189057224,2.1568330200164825
0.578209827554013,2.4451915693162656,-1.0223076201905978,-0.295630168548338,1.4228839491256648,2.149561400767926
0.5789951470472837,2.439579873694157,-1.0249268041626034,-0.2972762503950654,1.414653069531553,2.1423036232990924
0.5797804665405545,2.4339888131016103,-1.02754878092125,-0.2989291937377558,1.4064400321803607,2.135059619363852
0.5805657860338252,2.4284183374477224,-1.030173548119799,-0.30058901653665476,1.3982447893279224,2.127829320911067
0.581351105527096,2.4228683968404767,-1.0328011034124702,-0.30225573675664075,1.3900672934280047,2.1206126600838338
0.5821364250203668,2.4173389415857782,-1.035431444454455,-0.3039293723670178,1.381907497131321,2.113409569218761
0.5829217445136375,2.4118299221865276,-1.0380645689019146,-0.30560994134132435,1.373765353284615,2.106219980845206
0.5837070640069083,2.4063412893416753,-1.0407004744120016,-0.3072974616571217,1.3656408149296744,2.0990438276845524
0.5844923835001791,2.400872993945298,-1.0433391586428618,-0.30899195129579454,1.357533835302437,2.0918810426495043
0.5852777029934498,2.395424987085684,-1.0459806192536412,-0.3106934282423334,1.3494443678320442,2.0847315588433517
0.5860630224867206,2.389997220044399,-1.0486248539045,-0.3124019104851546,1.3413723661398977,2.0775953095592423
0.5868483419799914,2.3845896442953958,-1.0512718602566322,-0.3141174160158688,1.333317784038763,2.0704722282795274
0.5876336614732621,2.3792022115041087,-1.0539216359722492,-0.3158399628290821,1.3252805755318606,2.0633622486750274
0.5884189809665329,2.3738348735265475,-1.0565741787146097,-0.3175695689221891,1.317260694811938,2.0562653046043584
0.5892043004598037,2.3684875824083997,-1.0592294861480254,-0.31930625229516785,1.3092580962603746,2.0491813301132327
0.5899896199530744,2.3631602903841644,-1.0618875559378607,-0.32105003095035733,1.3012727344463029,2.042110259433805
0.5907749394463452,2.35785294987625,-1.064548385750551,-0.3228009228922625,1.2933045641256995,2.0350520269839887
0.591560258939616,2.3525655134941164,-1.0672119732536125,-0.3245589461273238,1.2853535402405014,2.0280065673667917
0.5923455784328868,2.3472979340333966,-1.0698783161156429,-0.32632411866372746,1.2774196179177535,2.02097381536967
0.5931308979261576,2.342050164475027,-1.0725474120063396,-0.3280964585111722,1.2695027524686886,2.0139537059638544
0.5939162174194283,2.3368221579844133,-1.0752192585965001,-0.32987598368066473,1.2616028993879107,2.0069461743037493
0.5947015369126991,2.3316138679105407,-1.0778938535580374,-0.33166271218430643,1.2537200143525045,1.9999511557262364
0.5954868564059699,2.3264252477851612,-1.0805711945639875,-0.3334566620350715,1.2458540532211742,1.9929685857500898
0.5962721758992406,2.321256251321929,-1.083251279288514,-0.3352578512465967,1.2380049720334154,1.985998400075334
0.5970574953925114,2.31610683241558,-1.0859341054069236,-0.33706629783295894,1.2301727270086553,1.979040534582621
0.5978428148857822,2.310976945141082,-1.0886196705956757,-0.3388820198084648,1.2223572745454043,1.9720949253326157
0.5986281343790529,2.305866543752822,-1.0913079725323787,-0.3407050351874141,1.2145585712204434,1.9651615085654075
0.5994134538723237,2.3007755826837895,-1.093999008895818,-0.34253536198391266,1.2067765737879705,1.9582402206998788
0.6001987733655945,2.2957040165447435,-1.0966927773659438,-0.34437301821161387,1.199011239178798,1.9513309983331295
0.6009840928588652,2.2906518001234155,-1.0993892756239008,-0.34621802188352524,1.1912625244995119,1.9444337782398902
0.601769412352136,2.2856188883837074,-1.1020885013520239,-0.34807039101177617,1.1835303870316833,1.9375484973719321
0.6025547318454068,2.280605236464874,-1.1047904522338392,-0.3499301436073977,1.1758147842310347,1.9306750928574765
0.6033400513386775,2.2756107996807358,-1.1074951259540997,-0.35179729768009266,1.168115673726636,1.9238135020006453
0.6041253708319483,2.2706355335189095,-1.110202520198769,-0.3536718712380205,1.1604330133201395,1.91696366228089
0.604910690325219,2.2656793936399793,-1.1129126326550436,-0.35555388228756724,1.1527667609849355,1.910125511352412
0.6056960098184898,2.2607423358767575,-1.1156254610113467,-0.35744334883312,1.1451168748654095,1.9032989870436379
0.6064813293117606,2.2558243162334857,-1.11834100295736,-0.3593402888768476,1.1374833132761255,1.8964840273566375
0.6072666488050313,2.2509252908850663,-1.1210592561840071,-0.36124472041845607,1.129866034701059,1.8896805704666109
0.6080519682983021,2.246045216176312,-1.1237802183834837,-0.3631566614549795,1.122264997792826,1.8828885547213317
0.6088372877915729,2.24118404862116,-1.1265038872492568,-0.36507612998054717,1.1146801613719028,1.8761079186406135
0.6096226072848436,2.2363417449019445,-1.1292302604760627,-0.36700314398613976,1.10711148442588,1.8693386009158046
0.6104079267781144,2.231518261868607,-1.1319593357599362,-0.3689377214593763,1.0995589261086733,1.8625805404092302
0.6111932462713852,2.226713556537993,-1.134691110798204,-0.3708798803842767,1.0920224457397905,1.855833676153718
0.6119785657646559,2.221927586093071,-1.1374255832895035,-0.3728296387410295,1.0845020028035692,1.849097947352041
0.6127638852579267,2.21716030788222,-1.140162750933778,-0.374787014505764,1.076997556948443,1.8423732933764536
0.6135492047511975,2.212411679418481,-1.1429026114322967,-0.37675202565030236,1.0695090679861852,1.8356596537681793
0.6143345242444682,2.207681658378841,-1.1456451624876665,-0.3787246901419543,1.062036495891176,1.8289569682368843
0.615119843737739,2.20297020260349,-1.1483904018038258,-0.38070502594325045,1.0545798007996667,1.8222651766602405
0.6159051632310097,2.1982772700951223,-1.1511383270860538,-0.3826930510117258,1.0471389430090663,1.815584219083396
0.6166904827242805,2.1936028190182073,-1.1538889360410052,-0.38468878329968476,1.039713882977201,1.8089140357185205
0.6174758022175513,2.1889468076982777,-1.1566422263766791,-0.3866922407539528,1.0323045813216007,1.802254566944328
0.618261121710822,2.184309194621236,-1.1593981958024566,-0.3887034413156506,1.024910998818776,1.7956057533055845
0.6190464412040928,2.179689938432633,-1.162156842029109,-0.3907224029199485,1.017533096403526,1.7889675355126857
0.6198317606973636,2.175088997936981,-1.164918162768775,-0.39274914349583107,1.0101708351682044,1.7823398544411488
0.6206170801906343,2.170506332097057,-1.1676821557350057,-0.3947836809658612,1.0028241763620513,1.7757226511311954
0.6214023996839051,2.165941900033222,-1.170448818642757,-0.3968260332459326,0.9954930813904633,1.7691158667872875
0.6221877191771759,2.1613956610227105,-1.1732181492083973,-0.3988762182450353,0.9881775118143132,1.7625194427776745
0.6229730386704466,2.1568675744989783,-1.1759901451497126,-0.40093425386500137,0.9808774293492637,1.7559333206339764
0.6237583581637174,2.1523576000510056,-1.1787648041859276,-0.40300015800028927,0.9735927958650769,1.7493574420507159
0.6245436776569881,2.1478656974226276,-1.1815421240377002,-0.40507394853770895,0.9663235733849295,1.7427917488849196
0.6253289971502589,2.1433918265118774,-1.184322102427133,-0.40715564335621185,0.9590697240847428,1.7362361831556683
0.6261143166435297,2.1389359473702925,-1.1871047370777905,-0.40924526032661457,0.9518312102925018,1.729690687043678
0.6268996361368004,2.1344980202022916,-1.1898900257146907,-0.41134281731137334,0.9446079944876009,1.723155202890919
0.6276849556300712,2.1300780053644797,-1.1926779660643319,-0.4134483321643375,0.9374000393001497,1.7166296732001438
0.628470275123342,2.125675863365023,-1.195468555854684,-0.415561822730499,0.9302073075103374,1.7101140406345239
0.6292555946166127,2.121291554862987,-1.1982617928152077,-0.4176833068457428,0.9230297620477796,1.7036082480172436
0.6300409141098835,2.1169250406676854,-1.2010576746768638,-0.4198128023366137,0.9158673659908229,1.6971122383310715
0.6308262336031543,2.1125762817380545,-1.2038561991721024,-0.42195032702005225,0.9087200825659512,1.6906259547180018
0.631611553096425,2.1082452391819997,-1.2066573640348957,-0.4240958987031519,0.9015878751471049,1.684149340478848
0.6323968725896958,2.1039318742557667,-1.2094611670007358,-0.42624953518291464,0.8944707072550317,1.6776823390728521
0.6331821920829666,2.0996361483633184,-1.2122676058066282,-0.428411254245999,0.8873685425566888,1.6712248941173204
0.6339675115762373,2.095358023055699,-1.2150766781911346,-0.43058107366846576,0.8802813448645646,1.664776949387233
0.6347528310695081,2.091097460030404,-1.2178883818943387,-0.4327590112155304,0.8732090781360666,1.658338448814876
0.6355381505627788,2.0868544211307887,-1.2207027146578868,-0.43494508464131393,0.8661517064729017,1.6519093364894768
0.6363234700560496,2.0826288683454255,-1.223519674224978,-0.4371393116885802,0.8591091941204447,1.645489556656846
0.6371087895493204,2.0784207638074896,-1.2263392583403845,-0.439341710088506,0.8520815054671055,1.6390790537189837
0.6378941090425911,2.0742300697941856,-1.2291614647504387,-0.44155229756040215,0.845068605043745,1.632677772233784
0.6386794285358619,2.070056748726099,-1.2319862912030723,-0.4437710918114684,0.8380704575230247,1.6262856569146298
0.6394647480291327,2.065900763166625,-1.234813735447799,-0.44599811053655675,0.8310870277188265,1.6199026526300688
0.6402500675224035,2.0617620758213597,-1.2376437952357175,-0.44823337141788655,0.8241182805856427,1.613528704403473
0.6410353870156743,2.057640649537505,-1.2404764683195544,-0.4504768921248103,0.8171641812179529,1.6071637574126956
0.6418207065089451,2.053536447303281,-1.2433117524536272,-0.45272869031354945,0.8102246948496541,1.6008077569897323
0.6426060260022158,2.0494494322473362,-1.246149645393892,-0.4549887836269451,0.8032997868534435,1.5944606486203916
0.6433913454954866,2.045379567638164,-1.2489901448979177,-0.4572571896941969,0.7963894227402447,1.588122377943966
0.6441766649887574,2.0413268168835277,-1.2518332487249186,-0.4595339261305931,0.7894935681586077,1.581792890752935
0.6449619844820281,2.037291143529876,-1.2546789546357482,-0.4618190105372798,0.7826121888941275,1.5754721329925958
0.6457473039752989,2.0332725112617704,-1.2575272603929135,-0.464112460500976,0.7757452508688555,1.569160050760794
0.6465326234685697,2.0292708839013196,-1.2603781637605724,-0.4664142935937298,0.7688927201407468,1.5628565903075897
0.6473179429618404,2.025286225407606,-1.2632316625045603,-0.46872452737265413,0.7620545629030464,1.5565616980349508
0.6481032624551112,2.0213184998761284,-1.2660877543923714,-0.4710431793796674,0.7552307454837557,1.550275320496461
0.648888581948382,2.017367671538234,-1.2689464371931973,-0.4733702671412298,0.7484212343450343,1.543997404397003
0.6496739014416527,2.0134337047605704,-1.2718077086779054,-0.4757058081680954,0.7416259960826646,1.5377278965924739
0.6504592209349235,2.0095165640445174,-1.2746715666190633,-0.4780498199550281,0.7348449974254541,1.531466744089489
0.6512445404281942,2.0056162140256535,-1.2775380087909392,-0.4804023199805634,0.7280782052347174,1.5252138940450934
0.652029859921465,2.0017326194732026,-1.280407032969515,-0.48276332570671643,0.7213255865036884,1.5189692937664858
0.6528151794147358,1.9978657452894693,-1.2832786369324904,-0.48513285457876304,0.7145871083569767,1.512732890710705
0.6536004989080065,1.9940155565093285,-1.2861528184592879,-0.4875109240249384,0.7078627380500423,1.5065046324843892
0.6543858184012773,1.9901820182996712,-1.2890295753310699,-0.48989755145618474,0.7011524429686007,1.5002844668434876
0.6551711378945481,1.986365095958864,-1.2919089053307242,-0.49229275426588864,0.694456190628139,1.4940723416929758
0.6559564573878188,1.9825647549162309,-1.2947908062429008,-0.4946965498296233,0.6877739486733287,1.4878682050866106
0.6567417768810896,1.9787809607315148,-1.297675275854,-0.4971089555048703,0.6811056848775157,1.4816720052266446
0.6575270963743604,1.9750136790943422,-1.3005623119521759,-0.4995299886307609,0.6744513671421668,1.4754836904635829
0.6583124158676311,1.9712628758237276,-1.3034519123273658,-0.5019596665278145,0.6678109634963643,1.469303209295913
0.6590977353609019,1.9675285168675292,-1.3063440747712667,-0.5043980064976644,0.6611844420962614,1.4631305103698637
0.6598830548541726,1.9638105683019305,-1.309238797077379,-0.5068450258227954,0.6545717712245533,1.456965542479138
0.6606683743474434,1.9601089963309484,-1.3121360770409718,-0.5093007417662805,0.6479729192899755,1.4508082545646694
0.6614536938407142,1.9564237672858984,-1.315035912459128,-0.5117651715715023,0.641387854826772,1.444658595714397
0.6622390133339849,1.9527548476248962,-1.3179383011307295,-0.5142383324619012,0.6348165464941664,1.4385165151629948
0.6630243328272557,1.9491022039323525,-1.3208432408564739,-0.5167202416406895,0.6282589630758786,1.4323819622916627
0.6638096523205265,1.9454658029184664,-1.3237507294388724,-0.5192109162905977,0.6217150734795961,1.4262548866278688
0.6645949718137972,1.9418456114187292,-1.326660764682264,-0.5217103735736023,0.6151848467364663,1.4201352378451277
0.665380291307068,1.9382415963934214,-1.3295733443928202,-0.5242186306306474,0.6086682520006024,1.4140229657627745
0.6661656108003388,1.9346537249271312,-1.3324884663785606,-0.5267357045813905,0.6021652585485688,1.4079180203457429
0.6669509302936095,1.9310819642282395,-1.335406128449344,-0.5292616125239211,0.5956758357788952,1.4018203517043204
0.6677362497868803,1.9275262816284617,-1.3383263284168845,-0.53179637153449,0.5891999532115773,1.3957299100939704
0.668521569280151,1.9239866445823262,-1.341249064094761,-0.5343399986672599,0.5827375804875675,1.3896466459150663
0.6693068887734218,1.9204630206667297,-1.3441743332984104,-0.5368925109539963,0.5762886873683188,1.3835705097127322
0.6700922082666926,1.9169553775804227,-1.3471021338451592,-0.5394539254038293,0.5698532437352622,1.3775014521765938
0.6708775277599633,1.9134636831435439,-1.3500324635542111,-0.5420242590029821,0.5634312195893335,1.3714394241405627
0.6716628472532341,1.9099879052971538,-1.352965320246648,-0.5446035287144662,0.5570225850505077,1.3653843765826899
0.6724481667465049,1.90652801210276,-1.3559007017454645,-0.5471917514778517,0.5506273103572944,1.3593362606249073
0.6732334862397756,1.9030839717418202,-1.358838605875539,-0.5497889442089695,0.5442453658662807,1.3532950275328508
0.6740188057330464,1.8996557525153104,-1.3617790304636817,-0.5523951237996415,0.5378767220516297,1.3472606287156665
0.6748041252263172,1.8962433228432485,-1.364721973338596,-0.555010307117423,0.5315213495046524,1.3412330157258263
0.6755894447195879,1.892846651264216,-1.3676674323309232,-0.5576345110053093,0.5251792189332911,1.3352121402589052
0.6763747642128587,1.8894657064349174,-1.370615405273229,-0.5602677522814762,0.5188503011616866,1.3291979541534418
0.6771600837061295,1.8861004571297182,-1.3735658900000194,-0.5629100477390035,0.5125345671296998,1.3231904093907145
0.6779454031994002,1.8827508722401831,-1.3765188843477363,-0.565561414145604,0.5062319878924478,1.3171894580945795
0.678730722692671,1.8794169207746356,-1.3794743861547794,-0.5682218682433414,0.49994253461985627,1.3111950525312956
0.6795160421859417,1.8760985718576872,-1.382432393261496,-0.5708914267483719,0.4936661785961902,1.305207145109315
0.6803013616792125,1.8727957947298222,-1.3853929035102033,-0.5735701063506434,0.4874028912196181,1.299225688379178
0.6810866811724833,1.8695085587469176,-1.3883559147451905,-0.5762579237136617,0.48115264400172936,1.293250635033256
0.681872000665754,1.8662368333798354,-1.3913214248127104,-0.578954895474179,0.4749154085671251,1.2872819379056573
0.6826573201590248,1.8629805882139518,-1.3942894315610115,-0.581661038241933,0.46869115665293926,1.2813195499720171
0.6834426396522956,1.8597397929487338,-1.397259932840331,-0.5843763685993825,0.4624798601084028,1.2753634243493497
0.6842279591455663,1.8565144173973072,-1.4002329265028908,-0.5871009031014098,0.45628149089441594,1.2694135142958967
0.6850132786388371,1.8533044314860185,-1.4032084104029297,-0.589834658275076,0.4500960210830892,1.2634697732109446
0.6857985981321079,1.8501098052540064,-1.4061863823966836,-0.5925776506193116,0.44392342285732084,1.257532154634696
0.6865839176253786,1.8469305088527734,-1.409166840342408,-0.5953298966046684,0.43776366851036397,1.2516006122481051
0.6873692371186495,1.8437665125457503,-1.412149782100389,-0.5980914126730335,0.4316167304453602,1.2456750998727157
0.6881545566119203,1.840617786707891,-1.4151352055329256,-0.600862215237361,0.4254825811749643,1.2397555714705306
0.688939876105191,1.8374843018252425,-1.4181231085043613,-0.6036423206813778,0.41936119332088084,1.2338419811438648
0.6897251955984618,1.834366028494525,-1.4211134888810804,-0.6064317453593305,0.4132525396134434,1.2279342831351951
0.6905105150917326,1.8312629374227058,-1.424106344531511,-0.6092305055956979,0.40715659289119255,1.222032431827009
0.6912958345850033,1.8281749994266085,-1.4271016733261361,-0.6120386176849165,0.4010733261004713,1.2161363817416921
0.6920811540782741,1.825102185432478,-1.4300994731375032,-0.6148560978911104,0.39500271229497497,1.2102460875413683
0.6928664735715448,1.8220444664755873,-1.4330997418402203,-0.6176829624478031,0.3889447246353659,1.2043615040277837
0.6936517930648156,1.819001813699811,-1.4361024773109707,-0.6205192275576636,0.3828993363888403,1.1984825861421455
0.6944371125580864,1.8159741983572408,-1.4391076774285176,-0.6233649093922019,0.37686652092872425,1.1926092889650388
0.6952224320513571,1.8129615918077713,-1.4421153400737095,-0.6262200240915186,0.3708462517340605,1.1867415677162536
0.6960077515446279,1.8099639655186968,-1.4451254631294828,-0.6290845877640074,0.36483850238921434,1.1808793777546864
0.6967930710378987,1.8069812910643144,-1.448138044480882,-0.6319586164861063,0.35884324658343447,1.1750226745782069
0.6975783905311694,1.8040135401255335,-1.451153082015039,-0.6348421263019967,0.35286045811049616,1.1691714138235367
0.6983637100244402,1.8010606844894705,-1.4541705736212074,-0.637735133223335,0.34689011086826327,1.163325551266135
0.699149029517711,1.7981226960490628,-1.4571905171907564,-0.6406376532289808,0.34093217885830923,1.1574850428200831
0.6999343490109817,1.7951995468026727,-1.4602129106171737,-0.643549702264725,0.3349866361855003,1.1516498445379462
0.7007196685042525,1.7922912088537182,-1.4632377517960824,-0.646471296242997,0.32905345705763256,1.1458199126107194
0.7015049879975233,1.7893976544102506,-1.4662650386252316,-0.649402451042619,0.3231326157850198,1.139995203367631
0.702290307490794,1.7865188557846028,-1.4692947690045122,-0.6523431825084868,0.31722408678009284,1.1341756732761168
0.7030756269840648,1.7836547853929938,-1.4723269408359652,-0.6552935064513359,0.31132784455702917,1.1283612789416582
0.7038609464773355,1.780805415755149,-1.4753615520237886,-0.6582534386474459,0.30544386373136173,1.1225519771077008
0.7046462659706063,1.7779707194939216,-1.4783986004743275,-0.6612229948383724,0.2995721190195929,1.1167477246555477
0.7054315854638771,1.775150669334916,-1.4814380840960972,-0.66420219073066,0.29371258523881794,1.1109484786042558
0.7062169049571478,1.7723452381061158,-1.4844800007997878,-0.6671910419955831,0.287865237306328,1.1051541961105347
0.7070022244504186,1.7695543987375202,-1.4875243484982645,-0.6701895642688585,0.2820300502392561,1.0993648344686615
0.7077875439436894,1.7667781242607505,-1.490571125106568,-0.6731977731503778,0.2762069991541834,1.093580351110374
0.7085728634369601,1.7640163878087036,-1.4936203285419336,-0.6762156842039307,0.2703960592667692,1.0878007036047714
0.7093581829302309,1.7612691626151713,-1.4966719567237883,-0.6792433129569319,0.2645972058913818,1.0820258496582373
0.7101435024235017,1.758536422014489,-1.4997260075737637,-0.6822806749001408,0.2588104144407232,1.0762557471143501
0.7109288219167724,1.7558181394411667,-1.502782479015692,-0.6853277854873924,0.25303566042547593,1.0704903539537747
0.7117141414100432,1.753114288429517,-1.505841368975617,-0.688384660135323,0.24727291945390162,1.0647296282941938
0.712499460903314,1.7504248426133227,-1.5089026753818051,-0.6914513142231036,0.24152216723151726,1.0589735283902193
0.7132847803965847,1.7477497757254494,-1.5119663961647416,-0.6945277630921459,0.235783379560708,1.0532220126333047
0.7140700998898555,1.74508906159752,-1.5150325292571467,-0.6976140220458521,0.230056532340374,1.0474750395516699
0.7148554193831262,1.7424426741595371,-1.5181010725939648,-0.700710106349318,0.2243416015655746,1.041732567810218
0.715640738876397,1.7398105874395453,-1.5211720241123894,-0.7038160312290924,0.21863856332715603,1.0359945562104533
0.7164260583696678,1.7371927755632766,-1.524245381751859,-0.7069318118728698,0.2129473938114174,1.0302609636904059
0.7172113778629385,1.734589212753814,-1.527321143454063,-0.7100574634292424,0.20726806929975114,1.0245317493245707
0.7179966973562093,1.7319998733312183,-1.5303993071629485,-0.713193001007417,0.2016005661682713,1.0188068723238035
0.7187820168494801,1.7294247317122193,-1.533479870824721,-0.7163384396769412,0.19594486088749893,1.0130862920352788
0.7195673363427508,1.726863762409851,-1.5365628323878686,-0.7194937944674401,0.19030093002198267,1.007369967942409
0.7203526558360216,1.7243169400331138,-1.539648189803136,-0.7226590803683425,0.18466875022997675,1.0016578596647712
0.7211379753292924,1.7217842392866358,-1.542735941023562,-0.7258343123286004,0.17904829826307483,0.9959499269580346
0.7219232948225631,1.7192656349703574,-1.5458260840044624,-0.7290195052564458,0.17343955096589408,0.990246129713911
0.7227086143158339,1.716761101979152,-1.5489186167034485,-0.7322146740190704,0.16784248527570353,0.9845464279600803
0.7234939338091047,1.7142706153025316,-1.5520135370804264,-0.7354198334424125,0.16225707822210664,0.9788507818601201
0.7242792533023754,1.7117941500243095,-1.5551108430976077,-0.7386349983108451,0.1566833069267025,0.9731591517134643
0.7250645727956462,1.7093316813222503,-1.5582105327195037,-0.7418601833669354,0.15112114860274636,0.9674714979553161
0.7258498922889169,1.7068831844677568,-1.5613126039129464,-0.7450954033111481,0.14557058055480954,0.9617877811566071
0.7266352117821877,1.7044486348255443,-1.564417054647085,-0.7483406728016053,0.14003158017845785,0.9561079620239408
0.7274205312754585,1.7020280078533094,-1.567523882893393,-0.751596006453793,0.1345041249599201,0.9504320013995164
0.7282058507687292,1.6996212791014151,-1.570633086625663,-0.7548614188403131,0.12898819247575039,0.9447598602611007
0.728991170262,1.69722842421256,-1.5737446638200376,-0.7581369244906028,0.12348376039252063,0.9390914997219579
0.7297764897552708,1.6948494189214582,-1.5768586124549908,-0.7614225378906776,0.11799080646646687,0.933426881030779
0.7305618092485415,1.6924842390545372,-1.5799749305113473,-0.7647182734828581,0.11250930854319072,0.9277659655716796
0.7313471287418123,1.6901328605295982,-1.58309361597227,-0.7680241456654997,0.10703924455732801,0.9221087148640985
0.732132448235083,1.6877952593555199,-1.586214666823296,-0.7713401687927386,0.10158059253222321,0.9164550905627827
0.7329177677283538,1.6854714116319336,-1.5893380810523068,-0.7746663571742254,0.09613333057962818,0.9108050544577071
0.7337030872216246,1.6831612935489235,-1.5924638566495652,-0.7780027250748468,0.09069743689935922,0.905158568474077
0.7344884067148955,1.6808648813867006,-1.5955919916076935,-0.7813492867144739,0.08527288977900532,0.899515594672226
0.7352737262081662,1.678582151515302,-1.598722483921695,-0.7847060562676964,0.07985966759360588,0.8938760952476045
0.736059045701437,1.6763130803942965,-1.6018553315889619,-0.7880730478635599,0.07445774880533446,0.8882400325307366
0.7368443651947078,1.6740576445724595,-1.6049905326092617,-0.7914502755852972,0.06906711196319754,0.882607368987161
0.7376296846879785,1.6718158206874676,-1.6081280849847654,-0.7948377534700708,0.06368773570270306,0.8769780672173968
0.7384150041812493,1.6695875854656297,-1.6112679867200332,-0.7982354955087152,0.05831959874559602,0.8713520899569162
0.73920032367452,1.667372915721543,-1.6144102358220374,-0.8016435156454681,0.052962679899506204,0.8657294000760758
0.7399856431677908,1.665171788357822,-1.6175548303001495,-0.8050618277777105,0.04761695805767085,0.8601099605801109
0.7407709626610616,1.6629841803647878,-1.6207017681661569,-0.8084904457557145,0.042282412198630895,0.8544937346090737
0.7415562821543323,1.66081006882018,-1.623851047434264,-0.8119293833823726,0.03695902138591589,0.8488806854378089
0.7423416016476031,1.6586494308888624,-1.627002666121107,-0.815378654412955,0.03164676476775436,0.8432707764759091
0.7431269211408739,1.6565022438225183,-1.6301566222457355,-0.8188382725548273,0.026345621576784495,0.8376639712676913
0.7439122406341446,1.6543684849593756,-1.6333129138296418,-0.8223082514672185,0.021055571129732737,0.8320602334921576
0.7446975601274154,1.6522481317239055,-1.6364715388967586,-0.8257886047609497,0.015776592827146583,0.8264595269629553
0.7454828796206862,1.6501411616265271,-1.6396324954734507,-0.8292793459981773,0.01050866615307607,0.820861815628351
0.7462681991139569,1.6480475522633413,-1.6427957815885437,-0.8327804886921399,0.005251770674798142,0.8152670635712018
0.7470535186072277,1.6459672813158308,-1.6459613952733063,-0.8362920463069123,5.886042526236018e-06,0.8096752350089202
0.7478388381004984,1.6439003265505803,-1.6491293345614713,-0.8398140322571279,-0.005229008010891014,0.804086294293453
0.7486241575937692,1.6418466658189887,-1.6522995974892338,-0.8433464599077538,-0.01045293167024245,0.7985002059112372
0.74940947708704,1.6398062770569888,-1.6554721820952523,-0.8468893425738164,-0.015665905038262016,0.792916934483173
0.7501947965803107,1.6377791382847742,-1.6586470864206597,-0.8504426935201519,-0.020867948135886386,0.7873364447646216
0.7509801160735815,1.6357652276065124,-1.6618243085090723,-0.8540065259611698,-0.026059080902561014,0.7817587016453442
0.7517654355668523,1.6337645232100746,-1.6650038464065762,-0.8575808530605783,-0.031239323196500902,0.7761836701494979
0.752550755060123,1.6317770033667616,-1.6681856981617589,-0.8611656879311602,-0.036408694794994964,0.7706113154356005
0.7533360745533938,1.6298026464310138,-1.6713698618256891,-0.8647610436345005,-0.04156721539467367,0.7650416027965161
0.7541213940466646,1.6278414308401574,-1.6745563354519346,-0.8683669331807429,-0.046714904611777686,0.7594744976594147
0.7549067135399353,1.6258933351141158,-1.6777451170965652,-0.8719833695283579,-0.05185178198245062,0.7539099655857568
0.7556920330332061,1.6239583378551556,-1.6809362048181617,-0.8756103655838715,-0.05697786696300568,0.7483479722712844
0.7564773525264769,1.6220364177476156,-1.6841295966778091,-0.8792479342016474,-0.062093178930194,0.7427884835459692
0.7572626720197476,1.6201275535576196,-1.6873252907391068,-0.8828960881836029,-0.06719773718148755,0.7372314653740181
0.7580479915130184,1.618231724132839,-1.6905232850681804,-0.8865548402790023,-0.07229156093534235,0.7316768838538367
0.7588333110062891,1.616348908402202,-1.6937235777336748,-0.8902242031841857,-0.0773746693314732,0.7261247052180144
0.7596186304995599,1.6144790853756483,-1.6969261668067688,-0.8939041895423471,-0.0824470814311174,0.7205748958333036
0.7604039499928307,1.6126222341438616,-1.7001310503611713,-0.897594811943266,-0.08750881621731191,0.7150274222005952
0.7611892694861014,1.6107783338780086,-1.7033382264731325,-0.9012960829230966,-0.09255989259512545,0.7094822509549112
0.7619745889793722,1.608947363829469,-1.7065476932214485,-0.9050080149641025,-0.0976003293919826,0.7039393488653636
0.762759908472643,1.6071293033296001,-1.7097594486874526,-0.9087306204944277,-0.10263014535785321,0.6983986828351716
0.7635452279659137,1.6053241317894535,-1.7129734909550411,-0.9124639118878548,-0.10764935916558671,0.6928602199015983
0.7643305474591845,1.6035318286995512,-1.716189818110665,-0.9162079014635706,-0.1126579894111151,0.6873239272359793
0.7651158669524553,1.6017523736295933,-1.719408428243331,-0.919962601485917,-0.11765605461373763,0.681789772143677
0.765901186445726,1.5999857462282359,-1.7226293194446187,-0.9237280241641742,-0.1226435732163823,0.6762577220640604
0.7666865059389968,1.598231926222825,-1.7258524898086758,-0.9275041816523071,-0.1276205635858515,0.6707277445705169
0.7674718254322676,1.5964908934191466,-1.729077937432221,-0.9312910860487443,-0.13258704401307453,0.6651998073704023
0.7682571449255383,1.5947626277011842,-1.7323056604145528,-0.9350887493961367,-0.13754303271336862,0.6596738783050495
0.7690424644188091,1.5930471090308642,-1.7355356568575633,-0.938897183681118,-0.14248854782669917,0.6541499253497461
0.7698277839120798,1.591344317447808,-1.7387679248657129,-0.942716400834094,-0.14742360741790517,0.6486279166137141
0.7706131034053506,1.589654233069095,-1.742002462546082,-0.94654641272899,-0.15234822947698537,0.6431078203401068
0.7713984228986214,1.587976836089013,-1.745239268008322,-0.9503872311830359,-0.15726243191931058,0.6375896049059747
0.7721837423918921,1.5863121067788057,-1.7484783393646965,-0.954238867956535,-0.16216623258589094,0.6320732388222716
0.7729690618851629,1.5846600254864542,-1.751719674730072,-0.9581013347526188,-0.16705964924361963,0.6265586907338351
0.7737543813784337,1.5830205726364064,-1.7549632722219297,-0.9619746432170531,-0.17194269958552205,0.6210459294193542
0.7745397008717044,1.5813937287293676,-1.7582091299603573,-0.9658588049379818,-0.17681540123098916,0.6155349237913872
0.7753250203649752,1.5797794743420397,-1.7614572460680675,-0.9697538314457143,-0.18167777172602662,0.6100256428963278
0.776110339858246,1.5781777901268965,-1.7647076186703936,-0.9736597342125084,-0.18652982854349634,0.6045180559143877
0.7768956593515167,1.5765886568119378,-1.7679602458952925,-0.9775765246523369,-0.19137158908335689,0.5990121321596013
0.7776809788447875,1.5750120552004665,-1.7712151258733553,-0.9815042141206693,-0.1962030706728883,0.5935078410797969
0.7784662983380582,1.573447966170847,-1.774472256737802,-0.9854428139142463,-0.20102429056695711,0.5880051522565978
0.779251617831329,1.5718963706762672,-1.7777316366245042,-0.9893923352708804,-0.20583526594823626,0.5825040354053879
0.7800369373245998,1.570357249744532,-1.780993263671968,-0.993352789369213,-0.21063601392743453,0.5770044603753186
0.7808222568178705,1.5688305844777988,-1.7842571360213502,-0.9973241873285071,-0.21542655154355073,0.5715063971492925
0.7816075763111414,1.5673163560523728,-1.787523251816456,-1.0013065402084345,-0.22020689576408314,0.5660098158439396
0.7823928958044122,1.5658145457184756,-1.7907916092037492,-1.0052998590088493,-0.22497706348527463,0.5605146867096247
0.783178215297683,1.5643251348000033,-1.7940622063323541,-1.0093041546695993,-0.22973707153235154,0.5550209801304039
0.7839635347909537,1.5628481046943277,-1.7973350413540576,-1.0133194380702701,-0.23448693665973053,0.5495286666240564
0.7847488542842245,1.5613834368720432,-1.8006101124233145,-1.017345720030026,-0.23922667555127108,0.5440377168420188
0.7855341737774952,1.5599311128767666,-1.8038874176972561,-1.0213830113073528,-0.24395630482048972,0.5385481015694159
0.786319493270766,1.5584911143248967,-1.8071669553356842,-1.0254313225998757,-0.24867584101078616,0.5330597917250206
0.7871048127640368,1.5570634229054094,-1.8104487235010818,-1.0294906645441486,-0.253385300595673,0.527572758361262
0.7878901322573075,1.5556480203796286,-1.8137327203586204,-1.0335610477154353,-0.25808469997899314,0.5220869726641931
0.7886754517505783,1.5542448885810012,-1.8170189440761515,-1.0376424826275055,-0.26277405549515054,0.5166024059534969
0.7894607712438491,1.552854009414897,-1.8203073928242317,-1.0417349797324498,-0.26745338340933517,0.5111190296824466
0.7902460907371198,1.551475364858375,-1.8235980647760996,-1.0458385494204454,-0.2721226999177251,0.5056368154379299
0.7910314102303906,1.5501089369599732,-1.8268909581077057,-1.0499532020195848,-0.2767820211477322,0.5001557349403886
0.7918167297236613,1.5487547078395059,-1.8301860709976945,-1.0540789477956505,-0.28143136315818773,0.494675760043854
0.7926020492169321,1.5474126596878222,-1.8334834016274262,-1.0582157969519261,-0.2860707419396028,0.4891968627358968
0.7933873687102029,1.5460827747666264,-1.836782948180962,-1.0623637596289996,-0.29070017341433396,0.4837190151376254
0.7941726882034736,1.5447650354082403,-1.8400847088450916,-1.0665228459045597,-0.295319673436853,0.47824218950368125
0.7949580076967444,1.5434594240154054,-1.8433886818093193,-1.070693065793206,-0.2999292577939127,0.4727663582222008
0.7957433271900152,1.5421659230610825,-1.8466948652658688,-1.0748744292462522,-0.3045289422047863,0.4672914938148315
0.7965286466832859,1.540884515088212,-1.850003257409695,-1.0790669461515283,-0.3091187423214826,0.4618175689366838
0.7973139661765567,1.5396151827095448,-1.8533138564384815,-1.0832706263331964,-0.31369867372893595,0.45634455637635013
0.7980992856698275,1.5383579086074117,-1.8566266605526471,-1.0874854795515478,-0.3182687519452355,0.4508724290558632
0.7988846051630982,1.5371126755335185,-1.8599416679553504,-1.091711515502831,-0.3228289924218308,0.44540116003068564
0.799669924656369,1.5358794663087594,-1.863258876852489,-1.0959487438190505,-0.3273794105437305,0.43993072248970544
0.8004552441496398,1.53465826382299,-1.8665782854527049,-1.100197174067784,-0.3319200216297151,0.4344610897552051
0.8012405636429105,1.5334490510348522,-1.869899891967397,-1.1044568157519927,-0.3364508409325462,0.4289922352828587
0.8020258831361813,1.5322518109715424,-1.873223694610713,-1.1087276783098416,-0.3409718836391718,0.4235241326616996
0.802811202629452,1.531066526728637,-1.8765496915995517,-1.1130097711145142,-0.34548316487091607,0.4180567556141255
0.8035965221227228,1.5298931814698866,-1.8798778811535863,-1.1173031034740424,-0.3499846996837005,0.41259007799584296
0.8043818416159936,1.5287317584270022,-1.8832082614952403,-1.121607684631105,-0.3544765030682395,0.4071240737958975
0.8051671611092643,1.5275822408994792,-1.886540830849711,-1.1259235237628626,-0.35895858995023033,0.4016587171366185
0.8059524806025351,1.5264446122543929,-1.8898755874449655,-1.130250629980782,-0.3634309751905722,0.39619398227361013
0.8067378000958059,1.525318855926194,-1.8932125295117523,-1.1345890123304532,-0.3678936735855599,0.3907298435957415
0.8075231195890766,1.5242049554165293,-1.8965516552835846,-1.1389386797914247,-0.3723466998670544,0.3852662756251042
0.8083084390823474,1.523102894294046,-1.89989296299677,-1.1432996412770127,-0.3767900687027245,0.37980325301703266
0.8090937585756182,1.5220126561941847,-1.9032364508904003,-1.1476719056341442,-0.38122379469621553,0.3743407505600402
0.8098790780688889,1.5209342248190096,-1.906582117206349,-1.152055481643194,-0.38564789238734265,0.36887874317581343
0.8106643975621597,1.5198675839369913,-1.9099299601892905,-1.1564503780177915,-0.39006237625229706,0.36341720591920057
0.8114497170554305,1.5188127173828518,-1.913279978086691,-1.1608566034046692,-0.3944672607038381,0.35795611397818283
0.8122350365487012,1.5177696090573405,-1.9166321691488184,-1.165274166383497,-0.39886256009147775,0.3524954426738409
0.813020356041972,1.5167382429270762,-1.9199865316287366,-1.1697030754667153,-0.4032482887016604,0.34703516746035995
0.8138056755352427,1.5157186030243337,-1.923343063782326,-1.1741433390993719,-0.4076244607579929,0.34157526392496174
0.8145909950285135,1.514710673446886,-1.9267017638682744,-1.178594965658961,-0.4119910904213896,0.3361157077879233
0.8153763145217843,1.513714438357789,-1.9300626301480814,-1.18305796345526,-0.4163481917902929,0.3306564749025281
0.816161634015055,1.5127298819852208,-1.9334256608860592,-1.1875323407301734,-0.42069577890083654,0.3251975412550485
0.8169469535083258,1.5117569886222997,-1.9367908543493475,-1.192018105657578,-0.4250338657270485,0.3197388829647241
0.8177322730015966,1.5107957426268812,-1.9401582088079081,-1.196515266343163,-0.4293624661810274,0.3142804762837176
0.8185175924948673,1.5098461284213902,-1.943527722534518,-1.2010238308242818,-0.433681594113129,0.3088222975971065
0.8193029119881381,1.5089081304926388,-1.9468993938048063,-1.2055438070697984,-0.43799126331216787,0.3033643234228434
0.8200882314814089,1.50798173339166,-1.9502732208972158,-1.2100752029799227,-0.442291487505555,0.2979065304117381
0.8208735509746796,1.507066921733503,-1.9536492020930365,-1.2146180263860842,-0.44658228035953385,0.2924488953474164
0.8216588704679504,1.506163680197071,-1.9570273356763943,-1.2191722850507707,-0.45086365547932356,0.28699139514629884
0.8224441899612212,1.5052719935249494,-1.9604076199342602,-1.223737986667375,-0.4551356264093117,0.28153400685757135
0.8232295094544919,1.504391846523212,-1.9637900531564503,-1.2283151388600682,-0.459398206633238,0.2760767076631435
0.8240148289477627,1.5035232240612693,-1.9671746336356315,-1.2329037491836423,-0.46365140957436146,0.27061947487762705
0.8248001484410334,1.502666111071672,-1.9705613596673257,-1.2375038251233852,-0.467895248595654,0.2651622859482888
0.8255854679343042,1.5018204925499572,-1.9739502295499098,-1.2421153740949107,-0.4721297369999555,0.2597051184550452
0.826370787427575,1.5009863535544552,-1.977341241584617,-1.2467384034440472,-0.4763548880301611,0.2542479501104095
0.8271561069208457,1.5001636792061386,-1.980734394075547,-1.2513729204466943,-0.48057071486940967,0.24879075875944406
0.8279414264141165,1.4993524546884418,-1.9841296853296644,-1.2560189323086879,-0.48477723064122397,0.2433335223797531
0.8287267459073873,1.4985526652470829,-1.987527113656802,-1.2606764461656559,-0.48897444840972076,0.2378762190814276
0.8295120654006581,1.4977642961899091,-1.9909266773696623,-1.2653454690828982,-0.49316238117975314,0.23241882710701095
0.8302973848939289,1.4969873328867267,-1.9943283747838318,-1.2700260080552526,-0.4973410418971044,0.22696132483147258
0.8310827043871997,1.4962217607691255,-1.9977322042177619,-1.274718070006971,-0.5015104434486363,0.22150369076215737
0.8318680238804704,1.4954675653303147,-2.0011381639927985,-1.2794216617915752,-0.5056705986624828,0.21604590353874092
0.8326533433737412,1.494724732124961,-2.004546252433162,-1.2841367901917558,-0.5098215203081997,0.21058794193320607
0.833438662867012,1.4939932467690293,-2.0079564678659665,-1.2888634619192314,-0.5139632210969389,0.20512978484979716
0.8342239823602827,1.4932730949395947,-2.0113688086212154,-1.293601683614627,-0.518095713681622,0.19967141132496705
0.8350093018535535,1.4925642623747104,-2.0147832730318047,-1.298351461847365,-0.5222190106570925,0.19421280052734352
0.8357946213468243,1.4918667348732257,-2.0181998594335218,-1.3031128031155368,-0.5263331245602961,0.18875393175769015
0.836579940840095,1.4911804982946295,-2.021618566165068,-1.3078857138457893,-0.5304380678704411,0.18329478444883782
0.8373652603333658,1.4905055385588903,-2.0250393915680336,-1.3126702003932003,-0.5345338530091438,0.1778353381656898
0.8381505798266365,1.489841841646296,-2.0284623339869152,-1.3174662690411751,-0.5386204923406186,0.17237557260512013
0.8389358993199073,1.4891893935972944,-2.0318873917691302,-1.3222739260013414,-0.5426979981718352,0.16691546759595308
0.8397212188131781,1.4885481805123335,-2.0353145632649943,-1.3270931774134234,-0.5467663827526594,0.1614550030989098
0.8405065383064488,1.4879181885517085,-2.038743846827739,-1.3319240293451309,-0.5508256582760327,0.15599415920657544
0.8412918577997196,1.4872994039353926,-2.042175240813524,-1.3367664877920697,-0.5548758368781316,0.15053291614332198
0.8420771772929904,1.4866918129429028,-2.0456087435814143,-1.3416205586776226,-0.5589169306385124,0.1450712542652804
0.8428624967862611,1.4860954019131274,-2.0490443534934126,-1.3464862478528516,-0.5629489515802849,0.13960915406027558
0.8436478162795319,1.4855101572441698,-2.052482068914431,-1.351363561096392,-0.5669719116702614,0.13414659614777888
0.8444331357728027,1.4849360653932122,-2.055921888212326,-1.3562525041143623,-0.5709858228191154,0.12868356127884964
0.8452184552660734,1.4843731128763458,-2.059363809757877,-1.3611530825402514,-0.5749906968815319,0.12322003033609254
0.8460037747593442,1.4838212862684264,-2.0628078319247973,-1.36606530193483,-0.5789865456563716,0.11775598433359646
0.846789094252615,1.4832805722029248,-2.066253953089747,-1.3709891677860502,-0.5829733808868222,0.11229140441687396
0.8475744137458857,1.4827509573717645,-2.069702171632312,-1.375924685508969,-0.5869512142605469,0.10682627186279745
0.8483597332391565,1.4822324285251887,-2.0731524859350303,-1.3808718604456327,-0.5909200574098417,0.10136056807955673
0.8491450527324272,1.481724972471601,-2.0766048943833852,-1.3858306978649977,-0.5948799219117823,0.09589427460660228
0.849930372225698,1.4812285760774215,-2.080059395365802,-1.3908012029628558,-0.5988308192883813,0.09042737311456576
0.8507156917189688,1.4807432262669262,-2.083515987273668,-1.39578338086173,-0.6027727610067426,0.0849598454051949
0.8515010112122395,1.480268910022128,-2.086974668501312,-1.400777236610789,-0.6067057584791841,0.07949167341134016
0.8522863307055103,1.4798056143826015,-2.0904354374460294,-1.4057827751857834,-0.610629823063426,0.0740228391968201
0.8530716501987811,1.479353326445357,-2.093898292508067,-1.4108000014889424,-0.61454496606271,0.06855332495641518
0.8538569696920518,1.4789120333646857,-2.0973632320906366,-1.4158289203489187,-0.6184511987259521,0.06308311301576477
0.8546422891853226,1.478481722352014,-2.100830254599917,-1.4208695365206925,-0.6223485322479029,0.05761218583132408
0.8554276086785934,1.4780623806757818,-2.104299358445051,-1.4259218546854902,-0.6262369777692698,0.05214052599029116
0.8562129281718641,1.4776539956612664,-2.1077705420381543,-1.4309858794507377,-0.6301165463768892,0.04666811621053071
0.8569982476651349,1.4772565546904666,-2.111243803794307,-1.436061615349973,-0.6339872491038416,0.04119493934049464
0.8577835671584056,1.4768700452019565,-2.1147191421315776,-1.4411490668427591,-0.6378490969296237,0.03572097835919707
0.8585688866516764,1.476494454690738,-2.1181965554710005,-1.4462482383146522,-0.6417021007802624,0.030246216376084545
0.8593542061449472,1.4761297707081087,-2.121676042236593,-1.4513591340771126,-0.6455462715284831,0.024770636630995102
0.8601395256382179,1.4757759808615167,-2.12515760085536,-1.4564817583674246,-0.6493816199938425,0.019294222494091236
0.8609248451314887,1.4754330728144318,-2.1286412297572848,-1.4616161153486846,-0.6532081569428534,0.013816957465747418
0.8617101646247595,1.4751010342862025,-2.1321269273753503,-1.4667622091096764,-0.6570258930891487,0.008338825176524848
0.8624954841180302,1.4747798530519112,-2.135614692145512,-1.471920043664868,-0.6608348390936004,0.0028598093870430452
0.863280803611301,1.4744695169422595,-2.1391045225067358,-1.4770896229543076,-0.6646350055644747,-0.0026201060120477435
0.8640661231045718,1.4741700138434135,-2.142596416900971,-1.482270950843612,-0.6684264030575561,-0.008100937000198389
0.8648514425978425,1.473881331696874,-2.14609037377317,-1.4874640311238707,-0.6722090420762944,-0.013582699426995613
0.8656367620911133,1.473603458499352,-2.1495863915712867,-1.492668867511634,-0.6759829330719342,-0.019065409012282784
0.866422081584384,1.4733363823026209,-2.1530844687462736,-1.497885463648827,-0.6797480864436518,-0.02454908134620563
0.8672074010776548,1.473080091213397,-2.156584603752096,-1.5031138231027326,-0.6835045125386972,-0.03003373188933351
0.8679927205709256,1.4728345733932051,-2.1600867950457148,-1.5083539493659082,-0.6872522216525091,-0.03551937597270453
0.8687780400641963,1.472599817058232,-2.1635910410871126,-1.513605845856187,-0.6909912240288811,-0.04100602879795691
0.8695633595574671,1.4723758104792275,-2.1670973403392817,-1.5188695159165988,-0.6947215298600556,-0.04649370543737353
0.8703486790507379,1.4721625419813376,-2.1706056912682263,-1.5241449628153483,-0.6984431492868892,-0.051982420834009835
0.8711339985440086,1.4719599999440103,-2.1741160923429677,-1.529432189745763,-0.7021560923989573,-0.057472189801753205
0.8719193180372794,1.4717681728008414,-2.1776285420355497,-1.534731199826265,-0.7058603692347103,-0.0629630270254261
0.8727046375305502,1.471587049039461,-2.1811430388210424,-1.5400419961003389,-0.7095559897815834,-0.06845494706087962
0.8734899570238209,1.4714166172013958,-2.1846595811775287,-1.5453645815364845,-0.7132429639761328,-0.07394796433508745
0.8742752765170917,1.4712568658819623,-2.188178167586128,-1.550698959028198,-0.7169213017041663,-0.07944209314623574
0.8750605960103625,1.4711077837301123,-2.1916987965309875,-1.5560451313939436,-0.7205910128008753,-0.08493734766383097
0.8758459155036332,1.4709693594483342,-2.195221466499281,-1.5614031013771055,-0.724252107050948,-0.09043374192877178
0.8766312349969041,1.4708415817925113,-2.198746175981224,-1.5667728716459959,-0.7279045941887128,-0.09593128985348431
0.8774165544901749,1.4707244395718146,-2.202272923470055,-1.5721544447937923,-0.7315484838982395,-0.10143000522197776
0.8782018739834456,1.4706179216485595,-2.2058017074620655,-1.5775478233385478,-0.7351837858135045,-0.10692990168998781
0.8789871934767164,1.4705220169380986,-2.209332526456579,-1.5829530097231554,-0.7388105095184814,-0.11243099278505794
0.8797725129699872,1.4704367144086985,-2.2128653789559656,-1.5883700063153219,-0.742428664547268,-0.11793329190662538
0.8805578324632579,1.4703620030814042,-2.2164002634656383,-1.5937988154075753,-0.7460382603842333,-0.1234368123261721
0.8813431519565287,1.4702978720299469,-2.219937178494056,-1.599239439217226,-0.7496393064641087,-0.12894156718728172
0.8821284714497994,1.4702443103805931,-2.223476122552726,-1.6046918798863652,-0.7532318121721333,-0.1344475695057731
0.8829137909430702,1.4702013073120481,-2.2270170941562175,-1.6101561394818529,-0.756815786844169,-0.13995483216980562
0.883699110436341,1.4701688520553227,-2.2305600918221375,-1.6156322199953048,-0.7603912397668136,-0.14546336793998035
0.8844844299296117,1.470146933893628,-2.2341051140711605,-1.6211201233430943,-0.763958180177533,-0.15097318944946736
0.8852697494228825,1.47013554216225,-2.237652159427019,-1.6266198513663395,-0.7675166172647683,-0.15648430920408854
0.8860550689161533,1.470134666248431,-2.2412012264164987,-1.6321314058308902,-0.7710665601680688,-0.16199673958245772
0.886840388409424,1.4701442955912651,-2.244752313569456,-1.637654788427358,-0.7746080179781921,-0.16751049283609226
0.8876257079026948,1.4701644196815602,-2.248305419418804,-1.6431900007710745,-0.7781409997372444,-0.17302558108951496
0.8884110273959656,1.4701950280617608,-2.251860542500525,-1.6487370444021254,-0.7816655144387635,-0.17854201634036504
0.8891963468892363,1.470236110325788,-2.255417681353676,-1.6542959207853394,-0.7851815710278875,-0.18405981045955128
0.8899816663825071,1.470287656118969,-2.2589768345203773,-1.659866631310304,-0.7886891784014067,-0.18957897519133365
0.8907669858757779,1.47034965513789,-2.2625380005458227,-1.6654491772913629,-0.7921883454079315,-0.19509952215347381
0.8915523053690486,1.470422097130305,-2.2661011779782854,-1.6710435599676305,-0.7956790808479792,-0.20062146283732268
0.8923376248623194,1.4705049718950183,-2.2696663653691123,-1.6766497805029963,-0.7991613934740962,-0.20614480860798007
0.8931229443555901,1.4705982692817705,-2.273233561272732,-1.6822678399861537,-0.8026352919909616,-0.21166957070438533
0.8939082638488609,1.4707019791911287,-2.276802764246649,-1.6878977394306056,-0.8061007850555203,-0.21719576023947829
0.8946935833421317,1.4708160915743818,-2.2803739728514554,-1.6935394797746741,-0.8095578812770736,-0.2227233882002928
0.8954789028354024,1.470940596433425,-2.2839471856508315,-1.6991930618815407,-0.8130065892174063,-0.22825246544811506
0.8962642223286732,1.4710754838206561,-2.287522401211534,-1.704858486539238,-0.8164469173908793,-0.23378300271858127
0.897049541821944,1.4712207438388611,-2.2910996181034196,-1.7105357544606923,-0.8198788742645575,-0.23931501062183005
0.8978348613152147,1.4713763666411206,-2.2946788348994303,-1.7162248662837565,-0.8233024682583088,-0.24484849964263503
0.8986201808084855,1.4715423424306762,-2.2982600501756005,-1.7219258225712046,-0.8267177077449229,-0.2503834801405275
0.8994055003017563,1.4717186614608593,-2.301843262511062,-1.7276386238107853,-0.8301246010502055,-0.2559199623499285
0.900190819795027,1.4719053140349478,-2.3054284704880468,-1.7333632704152575,-0.8335231564530977,-0.26145795638030994
0.9009761392882978,1.472102290506103,-2.3090156726918765,-1.7390997627223999,-0.8369133821857728,-0.26699747221629727
0.9017614587815685,1.4723095812772249,-2.312604867710977,-1.7448481009950516,-0.8402952864337532,-0.27253851971782783
0.9025467782748393,1.4725271768008765,-2.316196054136885,-1.7506082854211589,-0.8436688773360088,-0.2780811086202822
0.9033320977681101,1.472755067579157,-2.319789230564232,-1.7563803161138047,-0.8470341629850726,-0.2836252485346488
0.9041174172613808,1.4729932441636315,-2.323384395590759,-1.7621641931112482,-0.8503911514271261,-0.2891709489476147
0.9049027367546516,1.4732416971551925,-2.3269815478173106,-1.7679599163769601,-0.853739850662119,-0.29471821922176805
0.9056880562479224,1.4735004172039814,-2.3305806858478517,-1.7737674857996844,-0.8570802686438708,-0.30026706859570196
0.9064733757411931,1.4737693950092814,-2.3341818082894545,-1.7795869011934615,-0.8604124132801727,-0.3058175061841794
0.9072586952344639,1.4740486213194146,-2.3377849137522975,-1.7854181622976917,-0.8637362924328826,-0.3113695409782768
0.9080440147277347,1.4743380869316511,-2.341390000849686,-1.7912612687771656,-0.8670519139180354,-0.31692318184551527
0.9088293342210054,1.4746377826920902,-2.3449970681980346,-1.7971162202221413,-0.8703592855059452,-0.32247843753005034
0.9096146537142762,1.4749476994955875,-2.3486061144168806,-1.8029830161483662,-0.8736584149212945,-0.3280353166527793
0.910399973207547,1.475267828285634,-2.3522171381288834,-1.8088616559971569,-0.8769493098432474,-0.333593827711522
0.9111852927008177,1.475598160054278,-2.355830137959823,-1.8147521391354362,-0.8802319779055467,-0.3391539790811596
0.9119706121940885,1.4759386858420052,-2.3594451125386042,-1.8206544648558023,-0.8835064266965997,-0.344715779013797
0.9127559316873592,1.4762893967376636,-2.363062060497255,-1.8265686323765862,-0.8867726637595902,-0.35027923563892116
0.91354125118063,1.476650283878361,-2.3666809804709423,-1.8324946408419143,-0.8900306965925817,-0.35584435696355443
0.9143265706739008,1.4770213384493633,-2.370301871097949,-1.8384324893217667,-0.8932805326485859,-0.36141115087240405
0.9151118901671715,1.4774025516840041,-2.3739247310196965,-1.8443821768120379,-0.8965221793356921,-0.36697962512803295
0.9158972096604423,1.4777939148635961,-2.3775495588807365,-1.8503437022346243,-0.8997556440171407,-0.37254978737102784
0.9166825291537131,1.478195419317319,-2.381176353328764,-1.8563170644374682,-0.9029809340114453,-0.37812164512014845
0.9174678486469838,1.4786070564221516,-2.384805113014598,-1.862302262194644,-0.9061980565924461,-0.3836952057724908
0.9182531681402546,1.47902881760276,-2.3884358365922025,-1.8682992942064285,-0.9094070189894427,-0.38927047660366776
0.9190384876335254,1.4794606943314141,-2.3920685227186835,-1.8743081590993698,-0.9126078283872705,-0.3948474647679559
0.9198238071267961,1.479902678127897,-2.395703170054283,-1.880328855426365,-0.9158004919263862,-0.40042617729846663
0.9206091266200669,1.4803547605594012,-2.3993397772623903,-1.8863613816667346,-0.9189850167029889,-0.4060066211073333
0.9213944461133377,1.4808169332404655,-2.402978343009539,-1.8924057362263178,-0.9221614097690747,-0.4115888029858533
0.9221797656066084,1.4812891878328462,-2.406618865965403,-1.8984619174375377,-0.9253296781325562,-0.4171727296046915
0.9229650850998792,1.4817715160454668,-2.4102613448028185,-1.904529923559487,-0.9284898287573533,-0.42275840751402105
0.92375040459315,1.4822639096342984,-2.413905778197755,-1.9106097527780095,-0.9316418685634558,-0.4283458431437094
0.9245357240864208,1.4827663604022965,-2.417552164829346,-1.9167014032058025,-0.9347858044270518,-0.4339350428035047
0.9253210435796916,1.4832788601992903,-2.4212005033798683,-1.9228048728824807,-0.9379216431805775,-0.4395260126831902
0.9261063630729623,1.4838014009219127,-2.424850792534761,-1.928920159774701,-0.9410493916128483,-0.445118758852788
0.9268916825662331,1.4843339745135062,-2.428503030982614,-1.9350472617762189,-0.9441690564691073,-0.4507132872627131
0.9276770020595039,1.4848765729640332,-2.43215721741518,-1.9411861767079976,-0.9472806444511451,-0.4563096037439639
0.9284623215527746,1.4854291883100048,-2.43581335052736,-1.947336902318316,-0.9503841622173543,-0.4619077140083086
0.9292476410460454,1.4859918126343747,-2.4394714290172304,-1.9534994362828242,-0.953479616382855,-0.46750762364844994
0.9300329605393162,1.48656443806647,-2.4431314515860207,-1.9596737762047058,-0.9565670135195504,-0.47310933813823397
0.9308182800325869,1.487147056781908,-2.4467934169381236,-1.965859919614714,-0.959646360156216,-0.4787128628328074
0.9316035995258577,1.4877396610024936,-2.450457323781104,-1.9720578639713309,-0.9627176627786085,-0.4843182029688373
0.9323889190191285,1.4883422429961675,-2.4541231708256874,-1.9782676066608196,-0.9657809278295195,-0.4899253636646523
0.9331742385123992,1.4889547950768929,-2.457790956785765,-1.9844891449973703,-0.9688361617088732,-0.49553434992047846
0.93395955800567,1.4895773096045886,-2.461460680378407,-1.9907224762231892,-0.9718833707738177,-0.5011451666186002
0.9347448774989408,1.490209778985054,-2.465132340323847,-1.996967597508608,-0.9749225613387926,-0.5067578185235536
0.9355301969922115,1.4908521956698686,-2.4688059353454954,-2.0032245059521943,-0.9779537396756273,-0.5123723102823251
0.9363155164854823,1.4915045521563284,-2.4724814641699315,-2.0094931985808797,-0.9809769120136048,-0.5179886464245513
0.937100835978753,1.49216684098736,-2.476158925526918,-2.0157736723500568,-0.983992084539558,-0.5236068313626974
0.9378861554720238,1.4928390547514403,-2.4798383181493904,-2.0220659241436927,-0.9869992633979516,-0.5292268693922529
0.9386714749652946,1.4935211860825208,-2.483519640773458,-2.0283699507744637,-0.9899984546909366,-0.5348487646919426
0.9394567944585653,1.494213227659943,-2.4872028921384186,-2.0346857489838692,-0.9929896644784761,-0.5404725213239246
0.9402421139518361,1.494915172208363,-2.490888070986747,-2.0410133154423344,-0.9959728987783827,-0.5460981432339717
0.9410274334451069,1.4956270124976823,-2.494575176064098,-2.04735264674936,-0.9989481635664161,-0.5517256342516775
0.9418127529383776,1.4963487413429613,-2.4982642061193143,-2.0537037394336375,-1.0019154647763526,-0.5573549980906757
0.9425980724316484,1.4970803516043416,-2.5019551599044214,-2.060066589953162,-1.0048748083000816,-0.5629862383488222
0.9433833919249192,1.4978218361869746,-2.5056480361746383,-2.0664411946953734,-1.0078261999876612,-0.5686193585083983
0.9441687114181899,1.4985731880409505,-2.5093428336883585,-2.072827549977289,-1.0107696456474073,-0.574254361936338
0.9449540309114607,1.4993344001612132,-2.5130395512071777,-2.0792256520456167,-1.013705151045965,-0.5798912518844033
0.9457393504047314,1.500105465587491,-2.5167381874958754,-2.0856354970769138,-1.0166327219083822,-0.585530031489422
0.9465246698980022,1.5008863774042271,-2.5204387413224265,-2.0920570811776886,-1.0195523639181983,-0.5911707037734621
0.947309989391273,1.5016771287404995,-2.5241412114579957,-2.098490400384571,-1.022464082717496,-0.5968132716440704
0.9480953088845437,1.502477712769947,-2.52784559667695,-2.1049354506644216,-1.025367883907003,-0.6024577378944747
0.9488806283778145,1.5032881227107016,-2.531551895756846,-2.1113922279144868,-1.0282637730461455,-0.6081041052037861
0.9496659478710853,1.5041083518253153,-2.5352601074784338,-2.117860727962541,-1.0311517556531171,-0.6137523761372242
0.950451267364356,1.5049383934206912,-2.538970230625672,-2.124340946567006,-1.034031837204984,-0.6194025531463154
0.9512365868576268,1.5057782408479994,-2.5426822639857165,-2.1308328794171247,-1.0369040231377151,-0.625054638569127
0.9520219063508976,1.5066278875026256,-2.5463962063489145,-2.137336522133098,-1.0397683188462898,-0.630708634630473
0.9528072258441683,1.5074873268240918,-2.5501120565088318,-2.1438518702662095,-1.0426247296847382,-0.6363645434421183
0.9535925453374391,1.5083565522959796,-2.5538298132622224,-2.150378919299013,-1.0454732609662447,-0.6420223670030324
0.9543778648307099,1.5092355574458742,-2.557549475409056,-2.1569176646454395,-1.0483139179631829,-0.647682107199567
0.9551631843239806,1.5101243358452892,-2.561271041752509,-2.1634681016509867,-1.0511467059072168,-0.6533437658056964
0.9559485038172514,1.5110228811095983,-2.564994511098952,-2.170030225592851,-1.0539716299893536,-0.6590073444832527
0.9567338233105221,1.511931186897967,-2.5687198822579766,-2.1766040316800885,-1.0567886953600092,-0.6646728447821215
0.9575191428037929,1.5128492469132881,-2.5724471540423814,-2.18318951505376,-1.0595979071290933,-0.670340268140473
0.9583044622970637,1.5137770549021106,-2.576176325268177,-2.189786670787119,-1.062399270366065,-0.6760096158850083
0.9590897817903344,1.5147146046545847,-2.579907394754579,-2.1963954938857357,-1.0651927900999953,-0.6816808892311527
0.9598751012836052,1.515661890004386,-2.583640361324027,-2.203015979287673,-1.0679784713196425,-0.6873540892832855
0.960660420776876,1.516618904828636,-2.587375223802168,-2.209648121863654,-1.0707563189735305,-0.6930292170350152
0.9614457402701467,1.5175856430478833,-2.591111981017868,-2.216291916417216,-1.073526337969985,-0.6987062733693338
0.9622310597634175,1.5185620986259862,-2.5948506318032054,-2.222947357684887,-1.076288533177219,-0.7043852590588993
0.9630163792566883,1.5195482655700754,-2.5985911749934854,-2.2296144403363396,-1.079042909423409,-0.7100661747662631
0.963801698749959,1.520544137930496,-2.6023336094272183,-2.2362931589745623,-1.0817894714967218,-0.7157490210440652
0.9645870182432298,1.5215497098007338,-2.606077933946154,-2.2429835081360423,-1.0845282241454193,-0.7214337983353083
0.9653723377365006,1.5225649753173474,-2.609824147395243,-2.2496854822909174,-1.0872591720778946,-0.7271205069735704
0.9661576572297713,1.5235899286599204,-2.613572248622674,-2.2563990758431567,-1.0899823199627532,-0.7328091471832388
0.9669429767230421,1.5246245640509923,-2.6173222364798505,-2.2631242831307397,-1.092697672428859,-0.7384997190797459
0.9677282962163128,1.5256688757559993,-2.6210741098214068,-2.2698610984258196,-1.0954052340654084,-0.7441922226698207
0.9685136157095836,1.5267228580832133,-2.624827867505199,-2.276609515934924,-1.0981050094219844,-0.7498866578517122
0.9692989352028544,1.527786505383675,-2.6285835083923077,-2.2833695297990957,-1.1007970030086314,-0.7555830244154182
0.9700842546961251,1.528859812051146,-2.6323410313470545,-2.2901411340941054,-1.103481219295909,-0.76128132204296
0.970869574189396,1.5299427725220487,-2.636100435236975,-2.2969243228306215,-1.1061576627149259,-0.7669815503085696
0.9716548936826668,1.531035381275396,-2.6398617189328366,-2.3037190899543782,-1.108826337657441,-0.7726837086789822
0.9724402131759375,1.5321376328327339,-2.6436248813086465,-2.3105254293463835,-1.1114872484759137,-0.7783877965136522
0.9732255326692083,1.5332495217581097,-2.6473899212416447,-2.3173433348230947,-1.1141403994835353,-0.7840938130649859
0.9740108521624791,1.534371042657972,-2.6511568376122914,-2.3241728001366018,-1.1167857949543183,-0.7898017574786264
0.9747961716557498,1.5355021901811576,-2.654925629304294,-2.331013818974805,-1.1194234391231352,-0.7955116287936459
0.9755814911490206,1.5366429590187949,-2.6586962952045874,-2.33786638496163,-1.1220533361857925,-0.8012234259428351
0.9763668106422914,1.537793343904283,-2.6624688342033487,-2.3447304916571925,-1.1246754902990683,-0.8069371477529103
0.9771521301355621,1.5389533396132076,-2.66624324519399,-2.3516061325580138,-1.127289905580782,-0.8126527929448053
0.9779374496288329,1.5401229409632997,-2.6700195270731597,-2.3584933010971887,-1.1298965861098602,-0.8183703601338879
0.9787227691221037,1.5413021428143947,-2.67379767874075,-2.365391990644597,-1.1324955359263558,-0.8240898478302011
0.9795080886153744,1.5424909400683422,-2.6775776990998903,-2.3723021945071023,-1.135086759031547,-0.8298112544387602
0.9802934081086452,1.543689327668982,-2.681359587056946,-2.379223905928728,-1.1376702593879648,-0.8355345782597441
0.981078727601916,1.5448973006020874,-2.6851433415215413,-2.38615711809088,-1.1402460409194546,-0.8412598174887918
0.9818640470951867,1.5461148538952998,-2.6889289614065244,-2.393101824112524,-1.142814107511228,-0.8469869702172246
0.9826493665884575,1.5473419826180863,-2.6927164456280055,-2.4000580170504096,-1.1453744630099187,-0.8527160344323227
0.9834346860817282,1.5485786818816771,-2.696505793105321,-2.4070256898992493,-1.1479271112236444,-0.8584470080175715
0.984220005574999,1.5498249468390382,-2.7002970027610713,-2.414004835591936,-1.1504720559220325,-0.8641798887528986
0.9850053250682698,1.5510807726847842,-2.7040900735210953,-2.4209954469997492,-1.1530093008363103,-0.8699146743149648
0.9857906445615405,1.5523461546551678,-2.707885004314479,-2.4279975169325443,-1.1555388496593118,-0.8756513622773765
0.9865759640548113,1.5536210880279868,-2.7116817940735602,-2.4350110381389825,-1.1580607060455739,-0.8813899501109974
0.9873612835480821,1.5549055681225727,-2.7154804417339253,-2.4420360033067094,-1.1605748736113528,-0.887130435184136
0.9881466030413528,1.5561995902997192,-2.719280946234413,-2.449072405062608,-1.1630813559346938,-0.8928728147628884
0.9889319225346236,1.557503149961642,-2.7230833065171116,-2.456120235972954,-1.1655801565554695,-0.898617086011312
0.9897172420278944,1.5588162425519256,-2.726887521527363,-2.4631794885436737,-1.1680712789754402,-0.9043632459917481
0.9905025615211651,1.5601388635554727,-2.7306935902137686,-2.470250155220531,-1.170554726658294,-0.9101112916650578
0.9912878810144359,1.561471008498475,-2.73450151152817,-2.477332228389362,-1.1730305030296952,-0.9158612198908875
0.9920732005077066,1.5628126729483407,-2.738311284425674,-2.484425700376262,-1.1754986114773343,-0.9216130274279191
0.9928585200009774,1.564163852513663,-2.7421229078646454,-2.491530563447822,-1.1779590553509836,-0.9273667109341595
0.9936438394942482,1.5655245428441673,-2.7459363808067,-2.4986468098113477,-1.1804118379625326,-0.9331222669671808
0.9944291589875189,1.5668947396306732,-2.7497517022167166,-2.505774431615066,-1.1828569625860423,-0.9388796919843905
0.9952144784807897,1.5682744386050465,-2.7535688710628277,-2.512913420948344,-1.1852944324577814,-0.9446389823432997
0.9959997979740605,1.5696636355401492,-2.757387886316428,-2.5200637698419275,-1.1877242507762793,-0.9504001343017766
0.9967851174673312,1.5710623262497958,-2.7612087469521733,-2.527225470268146,-1.1901464207023773,-0.9561631440183515
0.997570436960602,1.5724705065887128,-2.765031451947981,-2.534398514141143,-1.1925609453592665,-0.9619280075524297
0.9983557564538728,1.5738881724524976,-2.7688560002850267,-2.5415828933170843,-1.1949678278325297,-0.9676947208645886
0.9991410759471435,1.575315319777564,-2.7726823909477516,-2.5487785995944146,-1.1973670711701878,-0.9734632798168509
0.9999263954404143,1.5767519445411162,-2.776510622923864,-2.55598562471405,-1.1997586783827479,-0.9792336801729339
1.000711714933685,1.5781980427610933,-2.7803406952043295,-2.563203960359626,-1.202142652443238,-0.9850059175985348
1.0014970344269558,1.5796536104961225,-2.7841726067833816,-2.5704335981577158,-1.2045189962872587,-0.990779987661592
1.0022823539202266,1.581118643845505,-2.788006356658526,-2.5776745296780685,-1.2068877128130204,-0.9965558858325643
1.0030676734134973,1.5825931389491377,-2.791841943830528,-2.584926746433827,-1.2092488048813916,-1.0023336074846891
1.003852992906768,1.5840770919875085,-2.7956793673034235,-2.592190239881764,-1.2116022753159177,-1.0081131478942567
1.0046383124000389,1.585570499181619,-2.799518626084513,-2.599465001422521,-1.2139481269028947,-1.0138945022408998
1.0054236318933096,1.58707335679299,-2.803359719184375,-2.606751022400834,-1.2162863623913867,-1.0196776656078472
1.0062089513865804,1.588585661123567,-2.8072026456168446,-2.6140482941057677,-1.21861698449328,-1.0254626329822
1.0069942708798512,1.5901074085157376,-2.811047404399046,-2.6213568077709466,-1.220939995883307,-1.031249399255207
1.007779590373122,1.5916385953522525,-2.814893994551357,-2.6286765545748048,-1.223255399199104,-1.0370379592225492
1.0085649098663927,1.593179218056207,-2.8187424150974354,-2.636007525640802,-1.2255631970412293,-1.042828307584597
1.0093502293596635,1.5947292730909903,-2.8225926650642146,-2.6433497120376903,-1.2278633919732256,-1.048620438946701
1.0101355488529342,1.5962887569602657,-2.8264447434818996,-2.650703104779713,-1.2301559865216347,-1.0544143478194488
1.010920868346205,1.5978576662079194,-2.8302986493839626,-2.6580676948268844,-1.232440983176043,-1.0602100286189646
1.0117061878394757,1.5994359974180279,-2.834154381807167,-2.6654434730852037,-1.2347183843891394,-1.066007475667177
1.0124915073327465,1.6010237472148259,-2.838011939791535,-2.6728304304069046,-1.2369881925767083,-1.0718066831920756
1.0132768268260173,1.6026209122626667,-2.8418713223803778,-2.6802285575907057,-1.2392504101177115,-1.0776076453280405
1.014062146319288,1.6042274892659802,-2.8457325286202737,-2.687637845382028,-1.2415050393542924,-1.0834103561160466
1.0148474658125588,1.6058434749692605,-2.8495955575610887,-2.695058284473273,-1.2437520825918291,-1.0892148095040128
1.0156327853058296,1.6074688661570127,-2.8534604082559634,-2.702489865504045,-1.2459915420989507,-1.0950209993470295
1.0164181047991003,1.609103659653719,-2.8573270797613204,-2.709932579061394,-1.2482234201076021,-1.1008289194076784
1.017203424292371,1.6107478523238126,-2.861195571136853,-2.7173864156800813,-1.2504477188130416,-1.1066385633562699
1.0179887437856419,1.6124014410716414,-2.8650658814455436,-2.724851365842805,-1.2526644403739018,-1.1124499247711648
1.0187740632789126,1.6140644228414394,-2.868938009753661,-2.732327419980472,-1.254873586912222,-1.118262997139034
1.0195593827721834,1.615736794617293,-2.8728119551307434,-2.7398145684724176,-1.25707516051345,-1.1240777738551238
1.0203447022654542,1.6174185534231005,-2.8766877166496183,-2.7473128016466752,-1.2592691632265174,-1.1298942482235736
1.021130021758725,1.6191096963225555,-2.880565293386399,-2.754822109780222,-1.2614555970638457,-1.1357124134576682
1.0219153412519957,1.6208102204191022,-2.884444684420479,-2.762342483099233,-1.2636344640013764,-1.1415322626801307
1.0227006607452664,1.6225201228559176,-2.8883258888345402,-2.769873911779319,-1.2658057659786226,-1.1473537889234005
1.0234859802385372,1.624239400815874,-2.892208905714546,-2.7774163859458056,-1.2679695048986734,-1.1531769851299323
1.024271299731808,1.6259680515215027,-2.896093734149746,-2.7849698956739557,-1.2701256826282437,-1.159001844152451
1.0250566192250787,1.6277060722349845,-2.8999803732326823,-2.7925344309892415,-1.2722743009976978,-1.1648283587542578
1.0258419387183495,1.6294534602581052,-2.903868822059175,-2.800109981867596,-1.2744153618010692,-1.1706565216094897
1.0266272582116203,1.631210212932222,-2.90775907972834,-2.8076965382356667,-1.276548866796119,-1.1764863253034454
1.027412577704891,1.6329763276382598,-2.9116511453425793,-2.815294089971077,-1.2786748177043186,-1.1823177623328178
1.0281978971981618,1.6347518017966594,-2.9155450180075837,-2.8229026269026694,-1.2807932162109221,-1.1881508251060078
1.0289832166914326,1.636536632867362,-2.919440696832333,-2.830522138810773,-1.282904063964971,-1.1939855059434106
1.0297685361847033,1.6383308183497776,-2.9233381809290995,-2.8381526154274743,-1.2850073625793226,-1.1998217970776976
1.030553855677974,1.6401343557827632,-2.9272374694134444,-2.8457940464368425,-1.287103113630683,-1.2056596906540795
1.0313391751712448,1.6419472427445956,-2.9311385614042202,-2.8534464214752187,-1.2891913186596249,-1.2114991787306224
1.0321244946645156,1.6437694768529458,-2.9350414560235745,-2.8611097301314614,-1.2912719791706273,-1.2173402532785156
1.0329098141577864,1.6456010557648537,-2.9389461523969436,-2.86878396194721,-1.2933450966320905,-1.2231829061823558
1.0336951336510571,1.647441977176698,-2.942852649653064,-2.8764691064171473,-1.2954106724763683,-1.2290271292404489
1.034480453144328,1.6492922388241817,-2.946760946923959,-2.8841651529892594,-1.2974687080997755,-1.234872914165077
1.0352657726375987,1.6511518384823052,-2.950671043344947,-2.891872091065098,-1.2995192048626407,-1.24072025258279
1.0360510921308694,1.6530207739653373,-2.954582938054646,-2.899589910000043,-1.3015621640893076,-1.2465691360347053
1.0368364116241402,1.654899043126799,-2.9584966301949693,-2.9073185991035695,-1.3035975870681693,-1.2524195559767692
1.037621731117411,1.6567866438594394,-2.9624121189111188,-2.915058147639506,-1.3056254750516791,-1.2582715037800665
1.0384070506106817,1.658683574095208,-2.9663294033516014,-2.922808544826301,-1.307645829256394,-1.2641249707310933
1.0391923701039525,1.6605898318052428,-2.970248482668221,-2.9305697798372874,-1.3096586508629802,-1.2699799480320486
1.0399776895972233,1.6625054149998366,-2.9741693560160734,-2.93834184180095,-1.311663941016234,-1.2758364268011138
1.040763009090494,1.6644303217284373,-2.9780920225535557,-2.946124719801193,-1.3136617008251177,-1.2816943980727542
1.0415483285837648,1.666364550079598,-2.9820164814423675,-2.9539184028775973,-1.3156519313627713,-1.287553852797997
1.0423336480770355,1.6683080981809775,-2.9859427318475036,-2.961722880025699,-1.3176346336665254,-1.2934147818447221
1.0431189675703063,1.6702609641993225,-2.98987077293726,-2.969538140197245,-1.3196098087379378,-1.299277175997923
1.043904287063577,1.672223146340426,-2.9938006038832343,-2.977364172300479,-1.3215774575428085,-1.3051410259600529
1.0446896065568478,1.6741946428491392,-2.9977322238603232,-2.9852009652003852,-1.3235375810111822,-1.3110063223512447
1.0454749260501186,1.676175452009327,-3.0016656320467243,-2.993048507718974,-1.3254901800373977,-1.3168730557096466
1.0462602455433894,1.6781655721438669,-3.00560082762394,-3.0009067886355494,-1.327435255480073,-1.322741216491684
1.0470455650366601,1.6801650016146177,-3.0095378097767753,-3.0087757966869777,-1.329372808162157,-1.3286107950723571
1.047830884529931,1.6821737388224223,-3.013476577693341,-3.0166555205679426,-1.3313028388709172,-1.3344817817455197
1.0486162040232017,1.6841917822070647,-3.017417130565039,-3.024545948931246,-1.3332253483579741,-1.3403541667241812
1.0494015235164724,1.6862191302472764,-3.0213594675865867,-3.0324470703880566,-1.335140337339312,-1.3462279401407802
1.0501868430097432,1.688255781460704,-3.025303587956007,-3.0403588735081732,-1.3370478064953017,-1.3521030920474706
1.050972162503014,1.69030173440391,-3.029249490874621,-3.0482813468203283,-1.3389477564707128,-1.357979612416419
1.0517574819962847,1.692356987672336,-3.0331971755470635,-3.056214478812429,-1.3408401878747265,-1.3638574911400925
1.0525428014895555,1.6944215399003135,-3.037146641181265,-3.064158257931835,-1.3427251012809525,-1.3697367180315212
1.0533281209828262,1.6964953897610284,-3.0410978869884686,-3.0721126725856567,-1.3446024972274395,-1.3756172828246274
1.054113440476097,1.6985785359665175,-3.0450509121832257,-3.0800777111409827,-1.3464723762167075,-1.3814991751744663
1.0548987599693678,1.7006709772676567,-3.0490057159833923,-3.088053361925197,-1.3483347387157352,-1.3873823846575408
1.0556840794626385,1.7027727124541372,-3.0529622976101316,-3.096039613226236,-1.3501895851559953,-1.393266900772099
1.0564693989559093,1.7048837403544634,-3.056920656287923,-3.1040364532928395,-1.352036915933459,-1.3991527129383765
1.05725471844918,1.7070040598359375,-3.060880791244541,-3.1120438703348667,-1.3538767314086042,-1.4050398104989275
1.0580400379424508,1.7091336698046495,-3.064842701711084,-3.1200618525235373,-1.3557090319064335,-1.4109281827188889
1.0588253574357216,1.711272569205452,-3.0688063869219477,-3.1280903879917203,-1.3575338177164955,-1.4168178187862677
1.0596106769289924,1.7134207570219786,-3.072771846114846,-3.1361294648342057,-1.3593510890928673,-1.4227087078122285
1.0603959964222631,1.715578232276602,-3.0767390785308004,-3.144179071107991,-1.3611608462541995,-1.4286008388313882
1.0611813159155339,1.717744994030437,-3.080708083414147,-3.1522391948325263,-1.3629630893837088,-1.4344942008020891
1.0619666354088046,1.7199210413833366,-3.084678860012526,-3.1603098239900245,-1.3647578186291902,-1.440388782606688
1.0627519549020754,1.7221063734738813,-3.0886514075769007,-3.1683909465257143,-1.3665450341030192,-1.4462845730518343
1.0635372743953462,1.72430098947935,-3.092625725361535,-3.1764825503481258,-1.368324735882183,-1.4521815608687767
1.064322593888617,1.7265048886157428,-3.096601812624011,-3.1845846233293678,-1.3700969240082674,-1.4580797347136232
1.0651079133818877,1.728718070137746,-3.1005796686252296,-3.192697153305401,-1.3718615984874831,-1.4639790831676565
1.0658932328751585,1.7309405333387442,-3.1045592926293963,-3.2008201280763062,-1.3736187592906517,-1.4698795947375602
1.0666785523684292,1.7331722775508056,-3.1085406839040344,-3.2089535354065757,-1.375368406353228,-1.4757812578557683
1.0674638718617,1.7354133021446618,-3.1125238417199803,-3.2170973630253776,-1.3771105395753196,-1.4816840608807156
1.0682491913549708,1.737663606529722,-3.1165087653513917,-3.225251598626854,-1.378845158821669,-1.487587992097131
1.0690345108482415,1.7399231901540622,-3.1204954540757353,-3.2334162298703624,-1.380572263921672,-1.4934930397162982
1.0698198303415123,1.7421920525044101,-3.1244839071737913,-3.241591244380783,-1.382291854669381,-1.4993991918763752
1.070605149834783,1.7444701931061413,-3.128474123929663,-3.2497766297487924,-1.384003930823523,-1.5053064366426507
1.0713904693280538,1.7467576115232935,-3.1324661036307715,-3.2579723735311257,-1.3857084921074783,-1.5112147620078327
1.0721757888213246,1.7490543073585305,-3.136459845567849,-3.2661784632508684,-1.3874055382093191,-1.5171241558923372
1.0729611083145953,1.751360280253166,-3.1404553490349407,-3.2743948863977197,-1.389095068781774,-1.5230346061445537
1.073746427807866,1.7536755298871463,-3.144452613329421,-3.282621630428293,-1.3907770834422764,-1.5289461005411462
1.0745317473011369,1.7560000559790474,-3.1484516377519784,-3.2908586827663635,-1.39245158177293,-1.5348586267873165
1.0753170667944076,1.7583338582860777,-3.152452421606617,-3.299106030803184,-1.394118563320538,-1.5407721725171073
1.0761023862876784,1.7606769366040749,-3.156454964200664,-3.3073636618977282,-1.3957780275965885,-1.5466867252936545
1.0768877057809492,1.7630292907674932,-3.1604592648447616,-3.31563156337697,-1.397429974077268,-1.5526022726094797
1.07767302527422,1.765390920649422,-3.164465322852873,-3.3239097225362046,-1.399074402203452,-1.5585188018867815
1.0784583447674907,1.7677618261615655,-3.1684731375422883,-3.3321981266392613,-1.4007113113807221,-1.5644363004776964
1.0792436642607615,1.7701420072542529,-3.1724827082336056,-3.34049676291884,-1.4023407009793523,-1.5703547556645878
1.0800289837540322,1.772531463916434,-3.176494034250756,-3.348805618576743,-1.403962570334321,-1.5762741546603098
1.080814303247303,1.7749301961756838,-3.1805071149209847,-3.357124680784195,-1.4055769187453007,-1.5821944846085128
1.0815996227405738,1.7773382040981947,-3.184521949574858,-3.3654539366820932,-1.4071837454766634,-1.588115732583899
1.0823849422338445,1.7797554877887856,-3.188538537546272,-3.373793373381282,-1.408783049757486,-1.5940378855924966
1.0831702617271153,1.7821820473909011,-3.192556878172437,-3.382142977962856,-1.410374830781536,-1.5999609305719527
1.083955581220386,1.7846178830866108,-3.1965769707938874,-3.390502737478399,-1.411959087707277,-1.6058848543917899
1.0847409007136568,1.7870629950966128,-3.2005988147544833,-3.3988726389503263,-1.4135358196578716,-1.6118096438537146
1.0855262202069276,1.7895173836802458,-3.204622409401411,-3.4072526693720837,-1.4151050257211657,-1.6177352856918392
1.0863115397001983,1.791981049135463,-3.2086477540851717,-3.4156428157084755,-1.416666704949709,-1.6236617665730115
1.087096859193469,1.794453991798882,-3.2126748481595984,-3.424043064895941,-1.4182208563607173,-1.6295890730970595
1.0878821786867399,1.7969362120457393,-3.216703690981844,-3.4324534038428016,-1.419767478936103,-1.6355171917970623
1.0886674981800106,1.799427710289935,-3.2207342819123905,-3.440873819429572,-1.421306571622456,-1.6414461091396366
1.0894528176732816,1.8019284869840146,-3.224766620315045,-3.449304298509222,-1.42283813333103,-1.6473758115252055
1.0902381371665524,1.8044385426191765,-3.228800705556936,-3.4577448279074376,-1.4243621629377603,-1.6533062852882627
1.0910234566598231,1.8069578777252797,-3.2328365370085175,-3.466195394422939,-1.4258786592832378,-1.659237516697659
1.091808776153094,1.8094864928708676,-3.2368741140435735,-3.4746559848277125,-1.4273876211727043,-1.6651694919568443
1.0925940956463647,1.8120243886631393,-3.240913436039219,-3.483126585867324,-1.4288890473760776,-1.6711021972041826
1.0933794151396354,1.8145715657479877,-3.2449545023758835,-3.4916071842611607,-1.4303829366278946,-1.677035618513174
1.0941647346329062,1.8171280248099941,-3.2489973124373357,-3.500097766702754,-1.4318692876273422,-1.6829697418927583
1.094950054126177,1.8196937665724244,-3.253041865610662,-3.5085983198599986,-1.4333480990382383,-1.6889045532875762
1.0957353736194477,1.8222687917972633,-3.257088161286288,-3.5171088303754745,-1.4348193694890254,-1.6948400385782125
1.0965206931127185,1.8248531012851987,-3.2611361988579595,-3.5256292848667026,-1.4362830975727592,-1.7007761835815047
1.0973060126059893,1.8274466958756546,-3.265185977722746,-3.5341596699264226,-1.4377392818470915,-1.706712974050769
1.09809133209926,1.8300495764467728,-3.2692374972810616,-3.542699972122882,-1.4391879208342888,-1.712650395676107
1.0988766515925308,1.8326617439154458,-3.273290756936636,-3.5512501780000734,-1.4406290130211916,-1.7185884340846302
1.0996619710858015,1.8352831992373098,-3.2773457560965347,-3.559810274078061,-1.442062556859225,-1.7245270748407528
1.1004472905790723,1.8379139434067715,-3.2814024941711524,-3.568380246853222,-1.4434885507643804,-1.7304663034464507
1.101232610072343,1.8405539774570132,-3.2854609705742104,-3.576960082798524,-1.4449069931171976,-1.736406105341513
1.1020179295656138,1.8432033024599928,-3.289521184722768,-3.585549768363807,-1.4463178822627742,-1.7423464659038128
1.1028032490588846,1.8458619195264805,-3.293583136037208,-3.594149289976057,-1.447721216510729,-1.7482873704495792
1.1035885685521554,1.8485298298060315,-3.2976468239412453,-3.6027586340396747,-1.4491169941352138,-1.754228804233642
1.1043738880454261,1.8512070344870581,-3.3017122478619347,-3.611377786936761,-1.4505052133748775,-1.7601707524497037
1.105159207538697,1.8538935347967798,-3.3057794072296525,-3.6200067350273675,-1.4518858724328738,-1.7661132002305893
1.1059445270319677,1.8565893320012785,-3.309848301478107,-3.6286454646497903,-1.453258969476829,-1.772056132648512
1.1067298465252384,1.8592944274054999,-3.31391893004435,-3.6372939621208404,-1.4546245026388516,-1.7779995347153421
1.1075151660185092,1.8620088223532645,-3.3179912923687582,-3.645952213736105,-1.4559824700154944,-1.783943391382844
1.10830048551178,1.864732518227288,-3.3220653878950372,-3.654620205770235,-1.4573328696677503,-1.7898876875429464
1.1090858050050507,1.8674655164492018,-3.32614121607024,-3.663297924477187,-1.4586756996210382,-1.7958324080279875
1.1098711244983215,1.870207818479551,-3.3302187763447355,-3.671985356090542,-1.4600109578651856,-1.8017775376109904
1.1106564439915922,1.8729594258178315,-3.334298068172237,-3.6806824868237316,-1.461338642354406,-1.8077230610058992
1.111441763484863,1.875720340002487,-3.3383790910097955,-3.689389302870336,-1.462658751007309,-1.8136689628678488
1.1122270829781338,1.8784905626109485,-3.3424618443177896,-3.698105790404343,-1.4639712817068418,-1.819615227793396
1.1130124024714045,1.8812700952596315,-3.346546327559932,-3.706831935580423,-1.4652762323003021,-1.825561840320795
1.1137977219646753,1.8840589396039629,-3.3506325402032777,-3.715567724534197,-1.4665736005993144,-1.8315087849302347
1.114583041457946,1.8868570973384085,-3.3547204817182124,-3.724313143382496,-1.467863384379805,-1.8374560460440883
1.1153683609512168,1.889664570196465,-3.358810151578458,-3.7330681782236566,-1.4691455813819918,-1.8434036080271903
1.1161536804444876,1.892481359950715,-3.362901549261072,-3.7418328151377573,-1.4704201893103577,-1.8493514551870418
1.1169389999377584,1.8953074684128146,-3.366994674246451,-3.750607040186911,-1.471687205833636,-1.855299571774095
1.1177243194310291,1.8981428974335424,-3.3710895260183236,-3.759390839415515,-1.47294662858478,-1.861247941981973
1.1185096389242999,1.9009876489027917,-3.3751861040637605,-3.768184198850539,-1.4741984551609697,-1.8671965499477463
1.1192949584175707,1.9038417247496109,-3.3792844078731683,-3.7769871045017727,-1.4754426831235579,-1.8731453797521618
1.1200802779108414,1.9067051269422233,-3.3833844369402883,-3.785799542362096,-1.4766793099980648,-1.8790944154198757
1.1208655974041122,1.909577857488037,-3.387486190762203,-3.7946214984077664,-1.4779083332741647,-1.88504364091973
1.121650916897383,1.9124599184336852,-3.3915896688393357,-3.8034529585986423,-1.4791297504056509,-1.8909930401649557
1.1224362363906537,1.9153513118650354,-3.395694870675439,-3.812293908878491,-1.4803435588104015,-1.8969425970134575
1.1232215558839245,1.9182520399072225,-3.3998017957776145,-3.821144335175238,-1.4815497558703905,-1.902892295268017
1.1240068753771952,1.921162104724655,-3.403910443656291,-3.8300042234012146,-1.4827483389316365,-1.908842118676561
1.124792194870466,1.9240815085210625,-3.408020813825254,-3.838873559453442,-1.4839393053041903,-1.9147920509323801
1.1255775143637368,1.9270102535395106,-3.4121329058016094,-3.8477523292139026,-1.4851226522620995,-1.9207420756743927
1.1263628338570075,1.9299483420624197,-3.4162467191058195,-3.8566405185497707,-1.4862983770433977,-1.9266921764873501
1.1271481533502783,1.9328957764115975,-3.420362253261673,-3.8655381133137046,-1.4874664768500727,-1.9326423369021044
1.127933472843549,1.9358525589482658,-3.4244795077963137,-3.8744450993440918,-1.4886269488480477,-1.938592540395827
1.1287187923368198,1.9388186920730799,-3.4285984822402087,-3.883361462465325,-1.4897797901671292,-1.9445427703922469
1.1295041118300906,1.9417941782261612,-3.4327191761271827,-3.8922871884880457,-1.490924997901022,-1.950493010261884
1.1302894313233613,1.9447790198871342,-3.4368415889943944,-3.9012222632094185,-1.4920625691072595,-1.956443243322286
1.1310747508166321,1.947773219575133,-3.4409657203823416,-3.9101666724133914,-1.4931925008072089,-1.962393452838258
1.1318600703099029,1.9507767798488458,-3.4450915698348696,-3.9191204018709387,-1.4943147899860263,-1.9683436220220931
1.1326453898031736,1.9537897033065335,-3.449219136899165,-3.928083437340337,-1.495429433592631,-1.9742937340338038
1.1334307092964444,1.9568119925860725,-3.453348421125748,-3.937055764567423,-1.4965364285396774,-1.9802437719813513
1.1342160287897152,1.9598436503649677,-3.4574794220684986,-3.94603736928584,-1.4976357717035305,-1.9861937189208732
1.135001348282986,1.9628846793603973,-3.461612139284627,-3.9550282372172987,-1.4987274599242295,-1.9921435578569016
1.1357866677762567,1.965935082329239,-3.465746572334689,-3.96402835407185,-1.499811490005452,-1.9980932717426132
1.1365719872695275,1.9689948620680855,-3.469882720782585,-3.973037705548115,-1.5008878587144987,-2.00404284348003
1.1373573067627982,1.972064021413311,-3.4740205841955616,-3.9820562773335637,-1.501956562782252,-2.0099922559202543
1.138142626256069,1.9751425632410662,-3.4781601621442104,-3.991084055104759,-1.5030175989031447,-2.015941491863693
1.1389279457493398,1.9782304904673298,-3.4823014542024584,-4.000121024527598,-1.504070963735128,-2.0218905340602675
1.1397132652426105,1.981327806047946,-3.486444459947589,-4.0091671712576025,-1.5051166538996419,-2.027839365209658
1.1404985847358813,1.9844345129786367,-3.490589178960228,-4.018222480940134,-1.5061546659815896,-2.033787967961497
1.141283904229152,1.9875506142950627,-3.494735610824338,-4.027286939210677,-1.5071849965292736,-2.039736324915612
1.1420692237224228,1.9906761130728428,-3.4988837551272383,-4.036360531695063,-1.5082076420543968,-2.0456844186222196
1.1428545432156936,1.993811012427581,-3.503033611459592,-4.04544324400975,-1.5092225990320098,-2.0516322315821673
1.1436398627089643,1.9969553155149156,-3.5071851794153996,-4.054535061762045,-1.5102298639004843,-2.057579746247129
1.144425182202235,2.0001090255305596,-3.511338458592021,-4.063635970550382,-1.5112294330614626,-2.0635269450198237
1.1452105016955059,2.003272145710304,-3.5154934485901554,-4.072745955964551,-1.5122213028798508,-2.069473810254247
1.1459958211887766,2.006444679330113,-3.5196501490138528,-4.081865003585964,-1.513205469683737,-2.0754203242558518
1.1467811406820474,2.009626629706096,-3.523808559470502,-4.090993098987881,-1.5141819297644068,-2.081366469281786
1.1475664601753182,2.012818000194589,-3.5279686795708525,-4.100130227735691,-1.515150679376264,-2.0873122275411
1.148351779668589,2.0160187941921843,-3.5321305089289936,-4.109276375387114,-1.5161117147368086,-2.093257581194927
1.1491370991618597,2.0192290151357537,-3.536294047162363,-4.118431527492493,-1.5170650320266112,-2.0992025123567393
1.1499224186551305,2.0224486665025005,-3.540459293891753,-4.127595669595021,-1.5180106273892526,-2.1051470030925206
1.1507077381484012,2.025677751810007,-3.5446262487412965,-4.136768787230975,-1.5189484969312912,-2.111091035420969
1.151493057641672,2.028916274616251,-3.5487949113384825,-4.145950865929977,-1.5198786367222326,-2.1170345913137254
1.1522783771349427,2.0321642385196705,-3.5529652813141457,-4.1551418912152265,-1.5208010427944756,-2.1229776526955533
1.1530636966282135,2.0354216471591937,-3.5571373583024704,-4.164341848603762,-1.5217157111432764,-2.128920201444568
1.1538490161214843,2.0386885042142673,-3.5613111419409975,-4.173550723606675,-1.5226226377267302,-2.134862219392408
1.154634335614755,2.0419648134049306,-3.5654866318706073,-4.18276850172939,-1.5235218184656765,-2.1408036883244606
1.1554196551080258,2.0452505784918302,-3.56966382773554,-4.19199516847186,-1.5244132492437101,-2.146744589980031
1.1562049746012966,2.0485458032762747,-3.5738427291833847,-4.201230709328851,-1.52529692590711,-2.1526849060525732
1.1569902940945673,2.051850491600273,-3.5780233358650753,-4.210475109790148,-1.5261728442648033,-2.1586246181898767
1.157775613587838,2.055164647346588,-3.582205647434908,-4.219728355340818,-1.5270410000883203,-2.1645637079942306
1.1585609330811089,2.058488274438765,-3.5863896635505217,-4.228990431461433,-1.5279013891117548,-2.1705021570226672
1.1593462525743796,2.061821376841198,-3.5905753838729124,-4.238261323628317,-1.5287540070317116,-2.176439946787117
1.1601315720676504,2.065163958559154,-3.594762808066427,-4.2475410173137815,-1.5295988495072734,-2.1823770587546303
1.1609168915609211,2.0685160236388302,-3.5989519357987705,-4.256829497986355,-1.530435912159939,-2.188313474347526
1.161702211054192,2.0718775761674033,-3.603142766740987,-4.266126751111026,-1.5312651905735835,-2.194249174943625
1.1624875305474627,2.0752486202730642,-3.6073353005674895,-4.275432762149479,-1.5320866802944257,-2.2001841418764134
1.1632728500407334,2.0786291601250797,-3.6115295369560374,-4.284747516560324,-1.5329003768309581,-2.2061183564352436
1.1640581695340042,2.0820191999338276,-3.6157254755877415,-4.294070999799329,-1.5337062756539124,-2.212051799865501
1.164843489027275,2.0854187439508607,-3.619923116147076,-4.303403197319666,-1.5345043721962148,-2.217984453368804
1.1656288085205457,2.0888277964689403,-3.624122458321861,-4.312744094572114,-1.5352946618529222,-2.2239162981031764
1.1664141280138165,2.092246361822086,-3.6283235018032722,-4.322093677005331,-1.5360771399811863,-2.2298473151832434
1.1671994475070873,2.095674444385648,-3.632526246285847,-4.33145193006604,-1.5368518019001995,-2.2357774856803916
1.167984767000358,2.0991120485763277,-3.636730691467474,-4.340818839199305,-1.5376186428911467,-2.2417067906229766
1.1687700864936288,2.102559178852243,-3.6409368370493977,-4.350194389848716,-1.5383776581971553,-2.2476352109964712
1.1695554059868996,2.106015839712988,-3.6451446827362166,-4.35957856745665,-1.5391288430232295,-2.253562727743664
1.1703407254801703,2.109482035699666,-3.649354228235891,-4.368971357464483,-1.5398721925362224,-2.259489321764815
1.171126044973441,2.112957771394966,-3.65356547325973,-4.378372745312821,-1.540607701864766,-2.265414973917856
1.1719113644667118,2.116443051423188,-3.6577784175224153,-4.3877827164417225,-1.5413353660992277,-2.2713396650185342
1.1726966839599826,2.1199378804503137,-3.6619930607419655,-4.39720125629093,-1.5420551802916536,-2.277263375840616
1.1734820034532534,2.1234422631840673,-3.6662094026397734,-4.406628350300089,-1.5427671394557043,-2.2831860871160217
1.1742673229465241,2.1269562043739487,-3.67042744294058,-4.416063983908975,-1.543471238566632,-2.2891077795350254
1.175052642439795,2.1304797088113103,-3.6746471813724906,-4.425508142557718,-1.5441674725611787,-2.2950284337464066
1.1758379619330657,2.134012781329396,-3.6788686176669687,-4.434960811687011,-1.5448558363375708,-2.300948030357613
1.1766232814263364,2.137555426803413,-3.6830917515588304,-4.444421976738359,-1.5455363247554175,-2.306866549934946
1.1774086009196072,2.1411076501505675,-3.687316582786258,-4.4538916231542665,-1.5462089326356905,-2.3127839730037008
1.178193920412878,2.144669456330145,-3.691543111090794,-4.463369736378494,-1.5468736547606476,-2.3187002800483474
1.1789792399061487,2.1482408503435573,-3.6957713362173368,-4.472856301856227,-1.5475304858737795,-2.3246154515126696
1.1797645593994195,2.1518218372343965,-3.7000012579141446,-4.482351305034353,-1.5481794206797481,-2.3305294677999564
1.1805498788926903,2.1554124220885025,-3.704232875932845,-4.491854731361638,-1.5488204538443415,-2.3364423092731346
1.181335198385961,2.1590126100340155,-3.7084661900284144,-4.501366566288951,-1.5494535799943994,-2.342353956254937
1.1821205178792318,2.1626224062414443,-3.712701199959196,-4.5108867952694895,-1.5500787937177531,-2.348264389028047
1.1829058373725025,2.1662418159237165,-3.7169379054869016,-4.520415403758987,-1.5506960895631847,-2.3541735878352714
1.1836911568657735,2.1698708443362507,-3.7211763063765932,-4.5299523772159365,-1.5513054620403444,-2.360081532879687
1.1844764763590443,2.173509496777006,-3.725416402396702,-4.539497701101782,-1.5519069056196957,-2.3659882043247755
1.185261795852315,2.1771577785865537,-3.7296581933190183,-4.5490513608811565,-1.5525004147324672,-2.371893582294603
1.1860471153455858,2.1808156951481372,-3.733901678918704,-4.558613342022071,-1.5530859837705657,-2.3777976468739324
1.1868324348388566,2.1844832518877375,-3.7381468589742735,-4.5681836299961605,-1.5536636070865382,-2.383700378108424
1.1876177543321274,2.188160454274132,-3.7423937332676136,-4.577762210278847,-1.5542332789934834,-2.3896017560047165
1.1884030738253981,2.1918473078189566,-3.746642301583967,-4.587349068349578,-1.5547949937650132,-2.3955017605306237
1.1891883933186689,2.1955438180767812,-3.7508925637119495,-4.596944189692046,-1.5553487456351682,-2.401400371615264
1.1899737128119396,2.1992499906451712,-3.755144519443534,-4.606547559794355,-1.5558945287983623,-2.407297569149181
1.1907590323052104,2.2029658311647458,-3.7593981685740663,-4.616159164149266,-1.556432337409319,-2.4131933329845188
1.1915443517984812,2.2066913453192583,-3.7636535109022526,-4.62577898825439,-1.5569621655829944,-2.4190876429351325
1.192329671291752,2.2104265388356454,-3.7679105462301647,-4.635407017612386,-1.5574840073945206,-2.424980478776741
1.1931149907850227,2.214171417484114,-3.772169274363244,-4.645043237731171,-1.5579978568791302,-2.4308718202470563
1.1939003102782935,2.2179259870781936,-3.7764296951102976,-4.654687634124132,-1.5585037080321036,-2.4367616470459392
1.1946856297715642,2.221690253474823,-3.780691808283497,-4.664340192310314,-1.5590015548086755,-2.4426499388354914
1.195470949264835,2.2254642225743937,-3.7849556136983873,-4.674000897814627,-1.5594913911239927,-2.448536675240232
1.1962562687581058,2.2292479003208503,-3.789221111173874,-4.683669736168047,-1.5599732108530253,-2.4544218358472
1.1970415882513765,2.233041292701736,-3.7934883005322337,-4.693346692907824,-1.5604470078304984,-2.460305400206087
1.1978269077446473,2.23684440574828,-3.797757181599115,-4.703031753577665,-1.560912775850836,-2.4661873478293845
1.198612227237918,2.2406572455354574,-3.802027754203528,-4.712724903727948,-1.5613705086680694,-2.4720676581924916
1.1993975467311888,2.244479818182072,-3.806300018177863,-4.722426128915917,-1.5618201999957901,-2.477946310733844
1.2001828662244596,2.2483121298508215,-3.8105739733578665,-4.732135414705859,-1.5622618435070434,-2.4838232848550366
1.2009681857177303,2.2521541867483776,-3.8148496195826676,-4.7418527466693305,-1.562695432834289,-2.489698559920953
1.201753505211001,2.2560059951254567,-3.819126956694761,-4.751578110385334,-1.5631209615693018,-2.495572115259875
1.2025388247042719,2.259867561276888,-3.8234059845400052,-4.761311491440509,-1.5635384232631182,-2.5014439301636204
1.2033241441975426,2.2637388915417005,-3.827686702967644,-4.771052875429333,-1.563947811425945,-2.5073139838876335
1.2041094636908134,2.26761999230319,-3.8319691118302837,-4.7808022479543215,-1.5643491195270958,-2.513182255651131
1.2048947831840842,2.2715108699890036,-3.8362532109839025,-4.7905595946262,-1.564742340994898,-2.519048724637198
1.205680102677355,2.275411531071212,-3.840539000287855,-4.8003249010641085,-1.565127469216642,-2.5249133699928956
1.2064654221706257,2.279321982066386,-3.8448264796048677,-4.810098152895789,-1.565504497538483,-2.5307761708294056
1.2072507416638965,2.2832422295356753,-3.849115648801036,-4.819879335757773,-1.5658734192653592,-2.5366371062220976
1.2080360611571672,2.28717228008489,-3.853406507745837,-4.829668435295565,-1.5662342276609456,-2.542496155210672
1.208821380650438,2.2911121403645778,-3.857699056312111,-4.839465437163836,-1.5665869159475319,-2.5483532967992586
1.2096067001437087,2.295061817070106,-3.861993294376089,-4.849270327026613,-1.5669314773059828,-2.554208509956506
1.2103920196369795,2.2990213169417393,-3.86628922181736,-4.859083090557451,-1.5672679048756226,-2.560061773615712
1.2111773391302503,2.302990646764726,-3.8705868385188995,-4.86890371343963,-1.5675961917541728,-2.565913066674903
1.211962658623521,2.306969813369374,-3.874886144367053,-4.878732181366335,-1.5679163309976805,-2.571762367996962
1.2127479781167918,2.310958823631132,-3.879187139251547,-4.888568480040835,-1.5682283156204149,-2.5776096564097046
1.2135332976100626,2.3149576844706883,-3.8834898230654775,-4.898412595176673,-1.568532138594787,-2.5834549107059845
1.2143186171033333,2.3189664028540378,-3.8877941957053275,-4.908264512497832,-1.5688277928512906,-2.589298109643795
1.215103936596604,2.3229849857925684,-3.8921002570709495,-4.91812421773894,-1.5691152712783805,-2.5951392319463733
1.2158892560898749,2.327013440343153,-3.8964080070655776,-4.927991696645413,-1.569394566722424,-2.600978256302259
1.2166745755831456,2.3310517736082303,-3.9007174455958227,-4.937866934973677,-1.5696656719875937,-2.606815161365448
1.2174598950764164,2.335099992735892,-3.905028572571677,-4.947749918491306,-1.5699285798357854,-2.612649925755414
1.2182452145696872,2.3391581049199766,-3.90934138790651,-4.957640632977224,-1.5701832829865334,-2.618482528057249
1.219030534062958,2.343226117400141,-3.91365589151707,-4.967539064221872,-1.5704297741169284,-2.624312946821728
1.2198158535562287,2.347304037461973,-3.917972083323489,-4.977445198027378,-1.5706680458615168,-2.6301411605654024
1.2206011730494994,2.3513918724370435,-3.9222899632492774,-4.9873590202077365,-1.5708980908122343,-2.6359671477706907
1.2213864925427702,2.355489629703041,-3.9266095312213256,-4.997280516588986,-1.5711199015182835,-2.6417908868859437
1.222171812036041,2.3595973166838267,-3.9309307871699106,-5.007209673009369,-1.5713334704860837,-2.647612356325543
1.2229571315293117,2.3637149408495395,-3.9352537310286855,-5.017146475319517,-1.5715387901791464,-2.653431534469978
1.2237424510225825,2.36784250971669,-3.9395783627346868,-5.027090909382615,-1.5717358530179972,-2.6592483996659215
1.2245277705158533,2.3719800308482486,-3.943904682228342,-5.037042961074557,-1.5719246513800935,-2.665062930226308
1.225313090009124,2.376127511853727,-3.9482326894534503,-5.047002616284143,-1.572105177599723,-2.670875104430417
1.2260984095023948,2.3802849603892926,-3.9525623843572024,-5.056969860913223,-1.5722774239679074,-2.6766849005239313
1.2268837289956656,2.384452384157857,-3.9568937668901722,-5.066944680876874,-1.572441382732315,-2.682492296719019
1.2276690484889363,2.3886297909091585,-3.9612268370063175,-5.076927062103569,-1.5725970460971586,-2.6882972711944113
1.228454367982207,2.3928171884398672,-3.9655615946629834,-5.086916990535325,-1.5727444062231164,-2.694099802095459
1.2292396874754778,2.397014584593686,-3.9698980398208987,-5.096914452127893,-1.5728834552272117,-2.6998998675342056
1.2300250069687486,2.4012219872614327,-3.9742361724441775,-5.1069194328509,-1.5730141851827457,-2.7056974455894673
1.2308103264620194,2.4054394043811484,-3.978575992500331,-5.11693191868802,-1.5731365881191814,-2.7114925143068707
1.2315956459552901,2.4096668439382,-3.9829174999602412,-5.126951895637136,-1.5732506560220403,-2.7172850516989366
1.232380965448561,2.4139043139653613,-3.987260694798192,-5.136979349710495,-1.573356380832831,-2.7230750357451328
1.2331662849418317,2.4181518225429373,-3.9916055769918524,-5.14701426693488,-1.5734537544489147,-2.7288624443919396
1.2339516044351024,2.4224093777988416,-3.9959521465222716,-5.15705663335175,-1.5735427687234307,-2.7346472555529067
1.2347369239283732,2.4266769879087065,-4.0003004033739025,-5.167106435017416,-1.5736234154651978,-2.7404294471087134
1.235522243421644,2.4309546610959885,-4.00465034753458,-5.177163658003194,-1.5736956864385938,-2.7462089969072068
1.2363075629149147,2.4352424056320623,-4.009001978995528,-5.187228288395547,-1.573759573363465,-2.751985882763484
1.2370928824081855,2.439540229836336,-4.013355297751364,-5.197300312296256,-1.5738150679150278,-2.757760082459918
1.2378782019014563,2.443848142076344,-4.017710303800104,-5.207379715822568,-1.573862161723759,-2.7635315737462247
1.238663521394727,2.4481661507678547,-4.022066997143142,-5.217466485107361,-1.573900846375288,-2.7693003343395075
1.2394488408879978,2.452494264374972,-4.026425377785277,-5.227560606299269,-1.5739311134103051,-2.7750663419242954
1.2402341603812685,2.4568324914102515,-4.030785445734698,-5.237662065562869,-1.5739529543244446,-2.7808295741526163
1.2410194798745393,2.4611808404347975,-4.03514720100298,-5.2477708490787975,-1.573966360568183,-2.7865900086439996
1.24180479936781,2.46553932005837,-4.039510643605105,-5.257886943043935,-1.5739713235467332,-2.792347622985564
1.2425901188610808,2.4699079389395093,-4.043875773559445,-5.268010333671517,-1.5739678346199364,-2.798102394732008
1.2433754383543516,2.474286705785615,-4.048242590887765,-5.278141007191324,-1.5739558851021482,-2.803854301405708
1.2441607578476224,2.478675629353084,-4.052611095615224,-5.288278949849785,-1.57393546626214,-2.8096033204967026
1.2449460773408931,2.4830747184474036,-4.0569812877703875,-5.298424147910166,-1.5739065693229846,-2.815349429462764
1.245731396834164,2.4874839819232712,-4.0613531673852075,-5.3085765876526825,-1.5738691854619378,-2.8210926057294117
1.2465167163274347,2.4919034286846973,-4.065726734495042,-5.318736255374662,-1.5738233058103432,-2.826832826689963
1.2473020358207054,2.4963330676851356,-4.0701019891386405,-5.328903137390686,-1.5737689214535031,-2.832570069705549
1.2480873553139762,2.500772907927569,-4.0744789313581595,-5.339077220032723,-1.5737060234305904,-2.838304312105154
1.248872674807247,2.505222958464654,-4.078857561199146,-5.349258489650278,-1.5736346027344932,-2.844035531185625
1.2496579943005177,2.509683228398802,-4.083237878710554,-5.359446932610545,-1.5735546503117526,-2.849763704211745
1.2504433137937885,2.514153726882328,-4.087619883944737,-5.369642535298517,-1.5734661570624096,-2.855488808416191
1.2512286332870592,2.5186344631175466,-4.092003576957449,-5.3798452841171684,-1.5733691138399022,-2.8612108209996197
1.25201395278033,2.5231254463568953,-4.096388957807843,-5.39005516548754,-1.5732635114509466,-2.8669297191306446
1.2527992722736008,2.527626685903048,-4.10077602655848,-5.400272165848921,-1.5731493406554333,-2.872645479945874
1.2535845917668715,2.5321381911090404,-4.105164783275322,-5.410496271658978,-1.5730265921662803,-2.8783580805499382
1.2543699112601423,2.5366599713783855,-4.109555228027734,-5.420727469393864,-1.5728952566493488,-2.8840674980154786
1.255155230753413,2.5411920361651905,-4.113947360888487,-5.430965745548388,-1.5727553247232962,-2.8897737093831974
1.2559405502466838,2.5457343949742803,-4.118341181933756,-5.441211086636132,-1.5726067869594758,-2.895476691661851
1.2567258697399546,2.5502870573613294,-4.122736691243124,-5.451463479189575,-1.5724496338817944,-2.9011764218282465
1.2575111892332254,2.554850032932963,-4.1271338888995714,-5.461722909760248,-1.5722838559666075,-2.9068728768272853
1.2582965087264961,2.5594233313469026,-4.131532774989503,-5.471989364918852,-1.5721094436426006,-2.9125660335719505
1.2590818282197669,2.5640069623120687,-4.135933349602715,-5.48226283125539,-1.5719263872906473,-2.918255868943321
1.2598671477130376,2.5686009355887207,-4.140335612832421,-5.492543295379293,-1.5717346772437002,-2.923942359790572
1.2606524672063084,2.5732052609885825,-4.144739564775238,-5.502830743919551,-1.571534303786656,-2.9296254829309705
1.2614377866995792,2.577819948374964,-4.1491452055311955,-5.513125163524863,-1.571325257156232,-2.935305215149899
1.26222310619285,2.5824450076628835,-4.153552535203733,-5.523426540863721,-1.5711075275408506,-2.940981533200838
1.2630084256861207,2.5870804488192034,-4.157961553899704,-5.533734862624575,-1.5708811050804996,-2.946654413805372
1.2637937451793915,2.5917262818627678,-4.162372261729371,-5.544050115515939,-1.5706459798666006,-2.9523238336531703
1.2645790646726622,2.5963825168645007,-4.166784658806404,-5.5543722862665215,-1.5704021419419043,-2.957989769402021
1.265364384165933,2.6010491639475752,-4.171198745247894,-5.564701361625335,-1.570149581300318,-2.9636521976777597
1.2661497036592038,2.6057262332875206,-4.175614521174344,-5.575037328361859,-1.569888287886822,-2.969311095074336
1.2669350231524745,2.6104137351123606,-4.180031986709666,-5.58538017326611,-1.5696182515973045,-2.9749664381537495
1.2677203426457453,2.61511167970275,-4.184451141981198,-5.595729883148806,-1.5693394622784465,-2.9806182034460527
1.268505662139016,2.6198200773920997,-4.188871987119679,-5.606086444841452,-1.569051909727579,-2.986266367449351
1.2692909816322868,2.6245389385667255,-4.193294522259276,-5.616449845196487,-1.5687555836925515,-2.991910906629765
1.2700763011255576,2.6292682736659634,-4.197718747537571,-5.626820071087391,-1.5684504738716072,-2.997551797421427
1.2708616206188283,2.6340080931823326,-4.202144663095562,-5.6371971094088025,-1.56813656991323,-3.00318901622647
1.2716469401120991,2.6387584076616504,-4.2065722690776655,-5.647580947076637,-1.5678138614160153,-3.0088225394149877
1.2724322596053699,2.643519227703173,-4.211001565631721,-5.6579715710281935,-1.5674823379285463,-3.0144523433250208
1.2732175790986406,2.648290563959751,-4.215432552908983,-5.668368968222301,-1.567141988949232,-3.02007840426255
1.2740028985919114,2.653072427137946,-4.21986523106413,-5.67877312563939,-1.5667928039261845,-3.0257006985014416
1.2747882180851822,2.6578648279981993,-4.224299600255267,-5.689184030281633,-1.5664347722570677,-3.031319202283434
1.275573537578453,2.6626677773549434,-4.228735660643908,-5.699601669173058,-1.5660678832889645,-3.036933891818116
1.2763588570717237,2.667481286076765,-4.233173412395003,-5.710026029359651,-1.565692126318241,-3.042544743282884
1.2771441765649945,2.672305365086538,-4.2376128556769235,-5.720457097909457,-1.565307490590386,-3.0481517328229213
1.2779294960582652,2.677140025361579,-4.242053990661461,-5.730894861912734,-1.5649139652998794,-3.053754836551154
1.2787148155515362,2.681985277933785,-4.246496817523835,-5.741339308482004,-1.5645115395900488,-3.0593540305482207
1.279500135044807,2.6868411338897715,-4.250941336442691,-5.751790424752197,-1.5641002025529196,-3.064949290862425
1.2802854545380777,2.691707604371034,-4.255387547600103,-5.762248197880746,-1.563679943229068,-3.0705405935097114
1.2810707740313485,2.6965847005740957,-4.259835451181569,-5.772712615047721,-1.5632507506074762,-3.076127914473628
1.2818560935246193,2.701472433750638,-4.264285047376023,-5.783183663455885,-1.5628126136253835,-3.0817112297052467
1.28264141301789,2.7063708152076775,-4.268736336375822,-5.793661330330853,-1.5623655211681444,-3.087290515123176
1.2834267325111608,2.7112798563076907,-4.273189318376752,-5.804145602921152,-1.5619094620690617,-3.092865746613463
1.2842120520044316,2.716199568468782,-4.277643993578037,-5.814636468498354,-1.5614444251092554,-3.098436900029573
1.2849973714977023,2.721129963164837,-4.282100362182328,-5.825133914357167,-1.56097039901749,-3.1040039511923307
1.285782690990973,2.7260710519256603,-4.286558424395711,-5.83563792781554,-1.5604873724700496,-3.109566875889878
1.2865680104842439,2.731022846337146,-4.291018180427702,-5.846148496214757,-1.559995334090555,-3.11512564987761
1.2873533299775146,2.7359853580414297,-4.295479630491251,-5.856665606919554,-1.5594942724498244,-3.120680248878127
1.2881386494707854,2.7409585987370324,-4.299942774802752,-5.867189247318202,-1.558984176065721,-3.1262306485811697
1.2889239689640561,2.7459425801790385,-4.304407613582024,-5.877719404822608,-1.558465033402988,-3.1317768246435698
1.289709288457327,2.750937314179238,-4.308874147052329,-5.888256066868434,-1.5579368328730905,-3.137318752689195
1.2904946079505977,2.7559428126062975,-4.313342375440365,-5.898799220915155,-1.5573995628340662,-3.142856408308857
1.2912799274438684,2.760959087385907,-4.317812298976268,-5.909348854446193,-1.5568532115903615,-3.1483897670602863
1.2920652469371392,2.765986150500948,-4.322283917893614,-5.919904954968997,-1.556297767392666,-3.15391880446805
1.29285056643041,2.7710240139916626,-4.326757232429423,-5.9304675100151325,-1.5557332184377604,-3.1594434960234703
1.2936358859236807,2.776072689955806,-4.331232242824151,-5.941036507140387,-1.555159552868344,-3.1649638171845815
1.2944212054169515,2.781132190548816,-4.335708949321695,-5.951611933924853,-1.554576758772879,-3.170479743376039
1.2952065249102223,2.7862025279839697,-4.3401873521694,-5.962193777973026,-1.5539848241854284,-3.175991249989056
1.295991844403493,2.7912837145325717,-4.344667451618053,-5.972782026913905,-1.5533837370854826,-3.181498312381332
1.2967771638967638,2.7963757625240904,-4.349149247921884,-5.983376668401057,-1.5527734853977926,-3.187000905876967
1.2975624833900345,2.8014786843463524,-4.353632741338569,-5.9939776901127395,-1.5521540569922168,-3.1924990057663867
1.2983478028833053,2.806592492445699,-4.358117932129237,-6.004585079751963,-1.5515254396835363,-3.1979925873062647
1.299133122376576,2.811717199327158,-4.362604820558452,-6.015198825046609,-1.5508876212312936,-3.2034816257194487
1.2999184418698468,2.8168528175546155,-4.367093406894236,-6.025818913749474,-1.5502405893396207,-3.208966096194859
1.3007037613631176,2.8219993597509903,-4.37158369140806,-6.036445333638402,-1.5495843316570714,-3.2144459738874116
1.3014890808563884,2.827156838598407,-4.376075674374842,-6.047078072516343,-1.548918835776437,-3.2199212339179355
1.3022744003496591,2.8323252668383607,-4.380569356072952,-6.057717118211451,-1.5482440892345928,-3.2253918513730913
1.30305971984293,2.8375046572719103,-4.385064736784211,-6.0683624585771625,-1.547560079512302,-3.230857801305253
1.3038450393362007,2.842695022759841,-4.389561816793895,-6.079014081492283,-1.5468667940340541,-3.236319058732444
1.3046303588294714,2.847896376222846,-4.394060596390738,-6.089671974861066,-1.5461642201678918,-3.2417755986382213
1.3054156783227422,2.8531087306417096,-4.398561075866919,-6.10033612661331,-1.5454523452252087,-3.2472273959715983
1.306200997816013,2.858332099057476,-4.403063255518081,-6.111006524704413,-1.5447311564606032,-3.252674425646938
1.3069863173092837,2.863566494571641,-4.407567135643323,-6.12168315711548,-1.5440006410716816,-3.2581166625438405
1.3077716368025545,2.868811930346329,-4.412072716545197,-6.132366011853396,-1.543260786198867,-3.263554081507067
1.3085569562958252,2.8740684196044723,-4.416579998529721,-6.143055076950896,-1.5425115789252475,-3.2689866573464226
1.309342275789096,2.8793359756300108,-4.421088981906365,-6.153750340466646,-1.5417530062763538,-3.274414364836635
1.3101275952823668,2.8846146117680544,-4.425599666988072,-6.164451790485343,-1.540985055220018,-3.279837178717288
1.3109129147756375,2.8899043414250842,-4.430112054091233,-6.175159415117752,-1.5402077126661495,-3.2852550736926656
1.3116982342689083,2.8952051780691357,-4.4346261435357155,-6.185873202500821,-1.539420965466579,-3.290668024431686
1.312483553762179,2.9005171352299914,-4.439141935644835,-6.196593140797734,-1.538624800414843,-3.296076005567743
1.3132688732554498,2.9058402264993655,-4.443659430745387,-6.207319218197992,-1.5378192042460215,-3.3014789916986267
1.3140541927487206,2.911174465531094,-4.448178629167627,-6.218051422917494,-1.5370041636365317,-3.3068769573864003
1.3148395122419914,2.9165198660413303,-4.452699531245275,-6.228789743198599,-1.5361796652039432,-3.3122698771572674
1.3156248317352621,2.9218764418087413,-4.457222137315528,-6.239534167310201,-1.5353456955067863,-3.317657725501459
1.3164101512285329,2.927244206674686,-4.461746447719037,-6.250284683547812,-1.5345022410443514,-3.3230404768731243
1.3171954707218037,2.9326231745434326,-4.466272462799941,-6.26104128023362,-1.5336492882565076,-3.3284181056901874
1.3179807902150744,2.9380133593823405,-4.4708001829058395,-6.271803945716572,-1.5327868235234967,-3.3337905863342323
1.3187661097083452,2.9434147752220667,-4.4753296083878,-6.282572668372436,-1.5319148331657353,-3.33915789315037
1.319551429201616,2.9488274361567504,-4.479860739600385,-6.2933474366038595,-1.5310333034436343,-3.3445200004471087
1.3203367486948867,2.954251356344226,-4.484393576901604,-6.3041282388404705,-1.5301422205573756,-3.3498768824962437
1.3211220681881575,2.9596865500062295,-4.488928120652958,-6.3149150635389075,-1.5292415706467266,-3.355228513532678
1.3219073876814282,2.965133031428582,-4.493464371219425,-6.325707899182918,-1.5283313397908413,-3.3605748677543335
1.322692707174699,2.9705908149614113,-4.498002328969458,-6.336506734283392,-1.527411514008047,-3.3659159193219805
1.3234780266679698,2.97605991501934,-4.502541994274985,-6.347311557378475,-1.5264820792556417,-3.3712516423591343
1.3242633461612405,2.9815403460817147,-4.507083367511422,-6.358122357033578,-1.525543021429708,-3.3765820109518625
1.3250486656545113,2.9870321226927885,-4.51162644905766,-6.368939121841484,-1.5245943263648722,-3.3819069991486965
1.325833985147782,2.9925352594619414,-4.516171239296076,-6.379761840422389,-1.5236359798341348,-3.3872265809604474
1.3266193046410528,2.998049771063898,-4.5207177386125315,-6.390590501423977,-1.5226679675486332,-3.3925407303600794
1.3274046241343236,3.003575672238922,-4.525265947396367,-6.401425093521476,-1.5216902751574448,-3.3978494212825536
1.3281899436275943,3.0091129777930408,-4.529815866040412,-6.412265605417719,-1.5207028882473737,-3.4031526276246797
1.3289752631208651,3.01466170259825,-4.534367494940989,-6.423112025843212,-1.519705792342739,-3.4084503232449603
1.3297605826141359,3.0202218615927388,-4.5389208344978975,-6.433964343556184,-1.518698972905158,-3.4137424819634434
1.3305459021074066,3.0257934697811013,-4.543475885114435,-6.4448225473426515,-1.5176824153333355,-3.419029077561553
1.3313312216006774,3.0313765422345402,-4.5480326471973855,-6.455686626016482,-1.5166561049628449,-3.424310083781943
1.3321165410939482,3.036971094091114,-4.552591121157026,-6.4665565684194455,-1.515620027065912,-3.429585474328332
1.332901860587219,3.042577140555932,-4.557151307407126,-6.477432363421279,-1.5145741668511927,-3.4348552228653464
1.3336871800804897,3.04819469690139,-4.561713206364951,-6.488313999919725,-1.5135185094635604,-3.4401193030183337
1.3344724995737605,3.0538237784673883,-4.566276818451261,-6.499201466840615,-1.512453039983873,-3.445377688373228
1.3352578190670312,3.0594644006615423,-4.570842144090308,-6.510094753137911,-1.511377743428766,-3.45063035247637
1.336043138560302,3.0651165789594397,-4.575409183709852,-6.520993847793748,-1.5102926047504113,-3.4558772688343087
1.3368284580535728,3.070780328904836,-4.57997793774114,-6.5318987398185175,-1.5091976088363057,-3.461118410913684
1.3376137775468435,3.0764556661098927,-4.58454840661893,-6.542809418250895,-1.5080927405090383,-3.4663537521410004
1.3383990970401143,3.082142606255418,-4.589120590781471,-6.553725872157903,-1.5069779845260534,-3.4715832659024843
1.339184416533385,3.0878411650910786,-4.593694490670528,-6.564648090634966,-1.5058533255794515,-3.4768069255438885
1.3399697360266558,3.093551358435648,-4.59827010673136,-6.575576062805957,-1.5047187482957127,-3.48202470437031
1.3407550555199266,3.0992732021772222,-4.602847439412731,-6.586509777823255,-1.5035742372355059,-3.487236575646031
1.3415403750131973,3.1050067122734792,-4.607426489166918,-6.59744922486778,-1.5024197768934386,-3.492442512594301
1.342325694506468,3.1107519047518895,-4.612007256449702,-6.608394393149066,-1.501255351697812,-3.497642488397175
1.3431110139997389,3.1165087957099677,-4.616589741720373,-6.619345271905295,-1.5000809460104056,-3.502836476195324
1.3438963334930096,3.122277401315513,-4.6211739454417335,-6.630301850403336,-1.498896544126222,-3.5080244490878245
1.3446816529862804,3.1280577378068353,-4.625759868080095,-6.641264117938825,-1.4977021302732607,-3.5132063801319897
1.3454669724795512,3.133849821493022,-4.630347510105287,-6.652232063836179,-1.496497688612265,-3.5183822423431548
1.346252291972822,3.1396536687541534,-4.6349368719906465,-6.663205677448655,-1.495283203236495,-3.523552008694502
1.3470376114660927,3.1454692960415667,-4.639527954213035,-6.674184948158407,-1.4940586581714677,-3.5287156521168415
1.3478229309593635,3.151296719878091,-4.644120757252821,-6.685169865376512,-1.4928240373747312,-3.5338731454984225
1.3486082504526342,3.1571359568583035,-4.6487152815939,-6.696160418543031,-1.4915793247355986,-3.539024461684728
1.349393569945905,3.1629870236487703,-4.653311527723684,-6.707156597127034,-1.4903245040749127,-3.5441695734782646
1.3501788894391757,3.1688499369883125,-4.657909496133106,-6.718158390626671,-1.4890595591447946,-3.5493084536383614
1.3509642089324465,3.1747247136882284,-4.662509187316623,-6.729165788569195,-1.4877844736283934,-3.5544410748809674
1.3517495284257173,3.1806113706325787,-4.667110601772213,-6.740178780511009,-1.486499231139633,-3.5595674098784285
1.352534847918988,3.1865099247784254,-4.671713740001381,-6.7511973560376966,-1.485203815222953,-3.5646874312592707
1.3533201674122588,3.192420393156093,-4.676318602509159,-6.762221504764091,-1.4838982093530684,-3.569801111608
1.3541054869055296,3.1983427928694157,-4.68092518980411,-6.773251216334289,-1.4825823969346947,-3.574908423464873
1.3548908063988003,3.2042771410960147,-4.685533502398322,-6.7842864804217005,-1.4812563613023082,-3.5800093393256867
1.355676125892071,3.2102234550875486,-4.690143540807416,-6.7953272867291,-1.4799200857198656,-3.5851038316415513
1.3564614453853419,3.2161817521699754,-4.694755305550543,-6.806373624988634,-1.478573553380568,-3.5901918728186573
1.3572467648786126,3.2221520497438223,-4.699368797150395,-6.817425484961902,-1.4772167474065736,-3.595273435218079
1.3580320843718834,3.228134365284445,-4.703984016133187,-6.828482856439948,-1.475849650848743,-3.600348491155501
1.3588174038651541,3.234128716342299,-4.708600963028685,-6.839545729243336,-1.4744722466863864,-3.6054170129010377
1.359602723358425,3.2401351205432096,-4.713219638370186,-6.850614093222168,-1.4730845178269742,-3.610478972678957
1.3603880428516957,3.2461535955886403,-4.717840042694518,-6.861687938256119,-1.47168644710588,-3.6155343426674786
1.3611733623449664,3.25218415925596,-4.722462176542067,-6.872767254254482,-1.4702780172861072,-3.6205830949985214
1.3619586818382372,3.258226829398732,-4.727086040456751,-6.883852031156189,-1.4688592110580219,-3.625625201757456
1.362744001331508,3.2642816239469683,-4.7317116349860395,-6.894942258929864,-1.4674300110390694,-3.6306606349828954
1.3635293208247787,3.270348560907426,-4.736338960680935,-6.9060379275738395,-1.4659903997735089,-3.6356893666664143
1.3643146403180495,3.276427658363872,-4.740968018096,-6.917139027116193,-1.4645403597321294,-3.6407113687523225
1.3650999598113203,3.282518934477369,-4.745598807789339,-6.9282455476147975,-1.4630798733119712,-3.6457266131374277
1.365885279304591,3.2886224074865593,-4.750231330322609,-6.939357479157317,-1.4616089228360476,-3.650735071670756
1.3666705987978618,3.294738095707949,-4.754865586261015,-6.950474811861277,-1.4601274905530666,-3.6557367161533287
1.3674559182911326,3.300866017536181,-4.759501576173322,-6.961597535874072,-1.4586355586371422,-3.6607315183378915
1.3682412377844033,3.307006191444341,-4.764139300631843,-6.972725641372999,-1.4571331091875024,-3.6657194499286594
1.369026557277674,3.3131586359842293,-4.768778760212456,-6.983859118565302,-1.4556201242282234,-3.670700482581074
1.3698118767709448,3.319323369786665,-4.773419955494581,-6.994997957688175,-1.4540965857079167,-3.6756745879015096
1.3705971962642156,3.3255004115617677,-4.778062887061216,-7.006142149008815,-1.4525624754994495,-3.6806417374470475
1.3713825157574864,3.3316897800992544,-4.7827075554989085,-7.017291682824443,-1.4510177753996534,-3.685601902725188
1.3721678352507571,3.337891494268739,-4.787353961397772,-7.0284465494623145,-1.44946246712903,-3.6905550551935744
1.3729531547440281,3.3441055730200313,-4.792002105351487,-7.039606739279781,-1.4478965323314565,-3.695501166259752
1.373738474237299,3.3503320353834134,-4.796651987957293,-7.050772242664286,-1.4463199525738812,-3.70044020728087
1.3745237937305697,3.356570900469978,-4.801303609816002,-7.0619430500334035,-1.444732709346024,-3.7053721495634266
1.3753091132238404,3.3628221874719015,-4.805956971531996,-7.073119151834867,-1.4431347840600939,-3.7102969643629646
1.3760944327171112,3.3690859156627644,-4.810612073713224,-7.084300538546585,-1.4415261580504608,-3.7152146228838188
1.376879752210382,3.375362104397848,-4.815268916971205,-7.095487200676681,-1.4399068125733572,-3.7201250962788324
1.3776650717036527,3.381650773114448,-4.819927501921046,-7.106679128763492,-1.4382767288065976,-3.7250283556490427
1.3784503911969235,3.3879519413321835,-4.824587829181416,-7.11787631337562,-1.4366358878492296,-3.7299243720434356
1.3792357106901942,3.3942656286533057,-4.82924989937456,-7.129078745111941,-1.434984270721253,-3.734813116458635
1.380021030183465,3.400591854763018,-4.8339137131263135,-7.140286414601626,-1.4333218583632927,-3.739694559838607
1.3808063496767358,3.4069306394297856,-4.838579271066084,-7.151499312504175,-1.431648631636298,-3.744568673074386
1.3815916691700065,3.4132820025056585,-4.843246573826863,-7.162717429509417,-1.4299645713212048,-3.7494354270037595
1.3823769886632773,3.4196459639265795,-4.84791562204523,-7.1739407563375535,-1.4282696581186523,-3.7542947924109766
1.383162308156548,3.426022543712717,-4.8525864163613495,-7.185169283739171,-1.4265638726486318,-3.759146740026453
1.3839476276498188,3.432411761968793,-4.857258957418963,-7.19640300249525,-1.4248471954501705,-3.76399124052646
1.3847329471430896,3.438813638884387,-4.861933245865419,-7.207641903417212,-1.423119606981032,-3.768828264532827
1.3855182666363604,3.4452281947342827,-4.866609282351643,-7.218885977346913,-1.4213810876173596,-3.7736577826126307
1.3863035861296311,3.451655449878789,-4.871287067532163,-7.230135215156661,-1.4196316176533752,-3.7784797652778717
1.3870889056229019,3.4580954247640756,-4.875966602065091,-7.2413896077492605,-1.4178711773010173,-3.7832941829851845
1.3878742251161726,3.46454813992249,-4.8806478866121425,-7.252649146058002,-1.4160997466896514,-3.788101006135513
1.3886595446094434,3.4710136159729177,-4.885330921838634,-7.263913821046703,-1.4143173058657155,-3.7929002050737832
1.3894448641027142,3.4774918736211085,-4.8900157084134745,-7.2751836237097045,-1.4125238347923672,-3.797691750088595
1.390230183595985,3.4839829336599983,-4.894702247009176,-7.286458545071892,-1.410719313349179,-3.802475611411895
1.3910155030892557,3.4904868169700753,-4.89939053830186,-7.297738576188734,-1.408903721331785,-3.8072517592186585
1.3918008225825265,3.4970035445197123,-4.904080582971247,-7.309023708146261,-1.4070770384515354,-3.8120201636265487
1.3925861420757972,3.5035331373655105,-4.908772381700669,-7.320313932061101,-1.4052392443351582,-3.8167807946955907
1.393371461569068,3.5100756166526463,-4.913465935177063,-7.331609239080502,-1.4033903185244154,-3.8215336224278538
1.3941567810623388,3.516631003615233,-4.918161244090978,-7.3429096203823265,-1.4015302404757453,-3.8262786167670946
1.3949421005556095,3.5231993195766393,-4.9228583091365765,-7.354215067175078,-1.399658989559935,-3.831015747598436
1.3957274200488803,3.529780585949895,-4.927557131011638,-7.365525570697913,-1.397776545061742,-3.8357449847480156
1.396512739542151,3.5363748242379955,-4.932257710417554,-7.376841122220647,-1.3958828861795558,-3.8404662979826485
1.3972980590354218,3.542982056034285,-4.936960048059335,-7.38816171304377,-1.3939779920250515,-3.8451796570094876
1.3980833785286926,3.5496023030228208,-4.941664144645613,-7.399487334498474,-1.3920618416227926,-3.8498850314756528
1.3988686980219633,3.556235586978716,-4.946370000888642,-7.41081797794663,-1.3901344139099283,-3.8545823909679138
1.399654017515234,3.56288192976852,-4.951077617504304,-7.422153634780832,-1.3881956877357844,-3.8592717050123144
1.4004393370085049,3.5695413533505786,-4.955786995212096,-7.433494296424397,-1.3862456418615183,-3.86395294307382
1.4012246565017756,3.5762138797754073,-4.960498134735155,-7.4448399543313695,-1.3842842549597467,-3.8686260745559595
1.4020099759950464,3.5828995311860568,-4.965211036800238,-7.456190599986529,-1.382311505614182,-3.8732910688004725
1.4027952954883172,3.589598329818478,-4.969925702137742,-7.467546224905423,-1.3803273723192635,-3.877947895086944
1.403580614981588,3.5963102980019235,-4.974642131481691,-7.478906820634339,-1.3783318334797665,-3.882596522632413
1.4043659344748587,3.603035458159299,-4.979360325569748,-7.490272378750344,-1.3763248674104491,-3.8872369205910475
1.4051512539681295,3.609773832807554,-4.9840802851432136,-7.501642890861283,-1.3743064523356598,-3.891869058053728
1.4059365734614002,3.616525444558065,-4.988802010947025,-7.513018348605777,-1.3722765663889611,-3.8964929040477134
1.406721892954671,3.62329031611702,-4.993525503729769,-7.5243987436532445,-1.3702351876127516,-3.9011084275362258
1.4075072124479417,3.6300684702857975,-4.998250764243666,-7.535784067703907,-1.3681822939578674,-3.9057155974181104
1.4082925319412125,3.6368599299613695,-5.002977793244585,-7.547174312488776,-1.3661178632832163,-3.9103143825274063
1.4090778514344833,3.6436647181366792,-5.007706591492046,-7.558569469769687,-1.3640418733553685,-3.9149047516330064
1.409863170927754,3.6504828579010478,-5.0124371597492186,-7.5699695313392965,-1.361954301848173,-3.9194866734382505
1.4106484904210248,3.657314372440556,-5.017169498782922,-7.581374489021067,-1.3598551263423655,-3.92406011658051
1.4114338099142956,3.66415928503846,-5.021903609363628,-7.592784334669306,-1.3577443243251683,-3.928625049630847
1.4122191294075663,3.671017619075574,-5.0266394922654625,-7.604199060169137,-1.3556218731898886,-3.9331814410935637
1.413004448900837,3.677889398030694,-5.031377148266221,-7.6156186574365305,-1.3534877502355238,-3.937729259405836
1.4137897683941079,3.684774645480991,-5.036116578147344,-7.627043118418303,-1.3513419326663523,-3.9422684729373128
1.4145750878873786,3.691673385102413,-5.040857782693942,-7.638472435092093,-1.3491843975915299,-3.9467990499896803
1.4153604073806494,3.698585640670111,-5.0456007626947885,-7.649906599466409,-1.347015122024677,-3.9513209587962974
1.4161457268739202,3.705511436058855,-5.0503455189423265,-7.6613456035805925,-1.3448340828834708,-3.9558341675217368
1.416931046367191,3.7124507952434294,-5.055092052232661,-7.672789439504845,-1.3426412569892308,-3.960338644261415
1.4177163658604617,3.7194037422990736,-5.059840363365572,-7.684238099340218,-1.3404366210664975,-3.964834357041143
1.4185016853537324,3.726370301401887,-5.064590453144511,-7.69569157521863,-1.3382201517426207,-3.969321273816742
1.4192870048470032,3.7333504968292615,-5.069342322376603,-7.707149859302838,-1.3359918255473429,-3.973799362473578
1.420072324340274,3.7403443529603067,-5.074095971872657,-7.718612943786466,-1.3337516189123502,-3.9782685908261595
1.4208576438335447,3.747351894276276,-5.078851402447149,-7.730080820894,-1.3314995081708725,-3.9827289266177237
1.4216429633268155,3.754373145361007,-5.083608614918248,-7.741553482880774,-1.3292354695572413,-3.9871803375197694
1.4224282828200863,3.7614081309013443,-5.088367610107801,-7.753030922032993,-1.326959479206458,-3.99162279113165
1.423213602313357,3.7684568756875754,-5.093128388841341,-7.764513130667712,-1.3246715131537654,-3.996056254980136
1.4239989218066278,3.775519404613883,-5.097890951948091,-7.776000101132835,-1.3223715473342093,-4.000480696518953
1.4247842412998986,3.7825957426787844,-5.102655300260965,-7.787491825807141,-1.3200595575821816,-4.004896083128358
1.4255695607931693,3.7896859149855673,-5.107421434616568,-7.798988297100255,-1.3177355196310017,-4.009302382114691
1.42635488028644,3.7967899467427415,-5.112189355855195,-7.810489507452642,-1.3153994091124526,-4.013699560709901
1.4271401997797108,3.8039078632644934,-5.116959064820845,-7.821995449335635,-1.31305120155635,-4.018087586071141
1.4279255192729816,3.811039689971138,-5.121730562361217,-7.833506115251411,-1.31069087239008,-4.022466425280275
1.4287108387662524,3.8181854523895704,-5.126503849327705,-7.845021497732974,-1.3083183969381362,-4.026836045343404
1.4294961582595231,3.825345176153732,-5.131278926575415,-7.856541589344199,-1.3059337504216835,-4.031196413190468
1.430281477752794,3.832518887005066,-5.136055794963154,-7.868066382679774,-1.3035369079580863,-4.035547495674708
1.4310667972460647,3.839706610792989,-5.140834455353432,-7.879595870365237,-1.3011278445604437,-4.039889259572247
1.4318521167393354,3.846908373475344,-5.145614908612486,-7.891130045056945,-1.29870653513714,-4.0442216715815995
1.4326374362326062,3.8541242011188928,-5.150397155610249,-7.902668899442091,-1.2962729544913576,-4.048544698323198
1.433422755725877,3.861354119899768,-5.1551811972203865,-7.914212426238679,-1.2938270773206182,-4.05285830633891
1.4342080752191477,3.8685981561039693,-5.159967034320263,-7.9257606181955325,-1.2913688782162949,-4.057162462091564
1.4349933947124185,3.8758563361278204,-5.1647546677909775,-7.937313468092293,-1.288898331663155,-4.061457131964471
1.4357787142056893,3.8831286864784746,-5.1695440985173455,-7.948870968739394,-1.2864154120388727,-4.065742282260921
1.43656403369896,3.890415233774378,-5.174335327387913,-7.960433112978079,-1.2839200936135364,-4.070017879203704
1.4373493531922308,3.897716004745772,-5.179128355294944,-7.971999893680376,-1.2814123505491704,-4.074283888934604
1.4381346726855015,3.9050310262351835,-5.183923183134446,-7.983571303749097,-1.2788921568992637,-4.078540277513913
1.4389199921787723,3.9123603251979167,-5.188719811806144,-7.995147336117839,-1.2763594866082277,-4.082787010919922
1.439705311672043,3.919703928702543,-5.193518242213506,-8.00672798375097,-1.2738143135109619,-4.087024055048427
1.4404906311653138,3.927061863931416,-5.198318475263739,-8.018313239643614,-1.2712566113323236,-4.0912513757122
1.4412759506585846,3.9344341581811646,-5.203120511867785,-8.029903096821666,-1.268686353686618,-4.095468938640502
1.4420612701518554,3.9418208388632086,-5.2079243529403305,-8.04149754834176,-1.266103514077119,-4.099676709478548
1.4428465896451261,3.949221933504255,-5.212729999399803,-8.053096587291265,-1.2635080658955484,-4.10387465378701
1.443631909138397,3.9566374697468247,-5.217537452168385,-8.064700206788288,-1.2608999824215599,-4.108062737041463
1.4444172286316677,3.964067475349764,-5.222346712172,-8.07630839998166,-1.2582792368222362,-4.112240924631896
1.4452025481249384,3.9715119781887553,-5.22715778034033,-8.087921160050916,-1.2556458021515726,-4.116409181862157
1.4459878676182092,3.9789710062568666,-5.231970657606806,-8.099538480206308,-1.2529996513499408,-4.12056747394944
1.44677318711148,3.986444587665039,-5.236785344908622,-8.111160353688762,-1.2503407572435823,-4.124715766023725
1.4475585066047507,3.993932750642651,-5.2416018431867295,-8.122786773769906,-1.2476690925440777,-4.128854023127257
1.4483438260980215,4.001435523538034,-5.246420153385839,-8.13441773375204,-1.244984629847804,-4.132982210214006
1.4491291455912922,4.008952934819007,-5.251240276454433,-8.146053226968117,-1.2422873416354268,-4.137100292149111
1.449914465084563,4.016485013073431,-5.256062213344753,-8.15769324678174,-1.2395772002713228,-4.14120823370831
1.4506997845778338,4.024031787009725,-5.260885965012818,-8.16933778658717,-1.2368541780030944,-4.145305999577442
1.4514851040711045,4.031593285457442,-5.265711532418415,-8.180986839809277,-1.2341182469609744,-4.149393554351835
1.4522704235643753,4.039169537367808,-5.270538916525112,-8.19264039990357,-1.2313693791573013,-4.1534708625357615
1.453055743057646,4.046760571814269,-5.275368118300243,-8.204298460356137,-1.2286075464859738,-4.157537888541869
1.4538410625509168,4.054366417993048,-5.280199138714938,-8.215961014683694,-1.2258327207218889,-4.161594596690646
1.4546263820441876,4.061987105223716,-5.285031978744099,-8.227628056433504,-1.2230448735203852,-4.16564095120979
1.4554117015374584,4.0696226629497465,-5.289866639366419,-8.23929957918342,-1.2202439764166755,-4.169676916233674
1.4561970210307291,4.077273120739089,-5.29470312156438,-8.250975576541853,-1.2174300008252914,-4.173702455802763
1.4569823405239999,4.084938508284732,-5.299541426324254,-8.26265604214774,-1.2146029180395213,-4.177717533863008
1.4577676600172707,4.092618855405292,-5.304381554636102,-8.274340969670565,-1.2117626992308093,-4.181722114265271
1.4585529795105414,4.100314192045576,-5.309223507493789,-8.28603035281031,-1.2089093154482136,-4.185716160764736
1.4593382990038122,4.1080245482771724,-5.314067285894977,-8.29772418529748,-1.2060427376178018,-4.189699637020305
1.460123618497083,4.115749954299034,-5.318912890841132,-8.309422460893053,-1.2031629365420988,-4.193672506594019
1.4609089379903537,4.123490440438068,-5.32376032333752,-8.321125173388486,-1.2002698828994516,-4.197634732950417
1.4616942574836245,4.131246037149735,-5.328609584393221,-8.332832316605689,-1.1973635472434847,-4.201586279455956
1.4624795769768952,4.139016775018637,-5.333460675021119,-8.344543884397032,-1.1944439000024825,-4.205527109378396
1.463264896470166,4.1468026847591215,-5.338313596237917,-8.356259870645296,-1.191510911478796,-4.2094571858861745
1.4640502159634368,4.154603797215892,-5.343168349064127,-8.367980269263688,-1.1885645518482346,-4.2133764720477975
1.4648355354567075,4.16242014336461,-5.348024934524092,-8.379705074195812,-1.1856047911594794,-4.217284930831199
1.4656208549499783,4.170251754312511,-5.352883353645964,-8.391434279415652,-1.1826315993334537,-4.22118252510314
1.466406174443249,4.178098661299015,-5.357743607461726,-8.403167878927556,-1.1796449461627105,-4.225069217628542
1.4671914939365198,4.185960895696351,-5.362605697007186,-8.414905866766237,-1.1766448013108342,-4.228944971069886
1.4679768134297908,4.193838489010195,-5.367469623321986,-8.426648236996732,-1.1736311343117922,-4.23280974798654
1.4687621329230616,4.20173147288027,-5.372335387449596,-8.438394983714396,-1.1706039145693241,-4.236663510834126
1.4695474524163323,4.2096398790810055,-5.3772029904373255,-8.450146101044888,-1.1675631113563205,-4.240506221963881
1.470332771909603,4.2175637395221575,-5.382072433336324,-8.461901583144154,-1.1645086938141673,-4.244337843622001
1.4711180914028739,4.225503086249456,-5.386943717201579,-8.473661424198413,-1.1614406309521195,-4.248158337948956
1.4719034108961446,4.233457951445256,-5.391816843091921,-8.485425618424117,-1.158358891646665,-4.251967666978861
1.4726887303894154,4.241428367429171,-5.396691812070039,-8.497194160067966,-1.15526344464087,-4.255765792638795
1.4734740498826862,4.249414366658733,-5.401568625202461,-8.508967043406873,-1.1521542585437277,-4.259552676748138
1.474259369375957,4.257415981730064,-5.406447283559573,-8.52074426274794,-1.1490313018295104,-4.263328281017873
1.4750446888692277,4.265433245378517,-5.4113277882156225,-8.532525812428457,-1.1458945428371026,-4.2670925670499384
1.4758300083624984,4.273466190479352,-5.416210140248704,-8.544311686815872,-1.1427439497693532,-4.27084549633652
1.4766153278557692,4.281514850048407,-5.421094340740789,-8.556101880307782,-1.1395794906923817,-4.274587030259374
1.47740064734904,4.289579257242775,-5.4259803907777036,-8.567896387331889,-1.1364011335349282,-4.278317130089112
1.4781859668423107,4.297659445361475,-5.4308682914491495,-8.57969520234602,-1.1332088460876726,-4.282035756984541
1.4789712863355815,4.3057554478461455,-5.435758043848694,-8.591498319838076,-1.1300025960025477,-4.28574287199193
1.4797566058288523,4.313867298281725,-5.440649649073787,-8.603305734326032,-1.1267823507920658,-4.289438436044308
1.480541925322123,4.321995030397141,-5.445543108225747,-8.6151174403579,-1.1235480778286073,-4.293122409960759
1.4813272448153938,4.330138678066029,-5.4504384224097855,-8.626933432511729,-1.1202997443437557,-4.2967947544457
1.4821125643086646,4.33829827530741,-5.455335592734981,-8.638753705395578,-1.11703731742757,-4.300455430088165
1.4828978838019353,4.3464738562864085,-5.460234620314316,-8.650578253647476,-1.1137607640279072,-4.304104397361067
1.483683203295206,4.354665455314961,-5.465135506264652,-8.66240707193544,-1.1104700509496903,-4.307741616620478
1.4844685227884769,4.362873106852527,-5.470038251706746,-8.674240154957428,-1.1071651448542177,-4.311367048104897
1.4852538422817476,4.371096845506831,-5.474942857765257,-8.686077497441314,-1.1038460122584257,-4.314980651934482
1.4860391617750184,4.379336706034549,-5.479849325568736,-8.6979190941449,-1.100512619534186,-4.3185823881103484
1.4868244812682891,4.38759272334208,-5.484757656249643,-8.709764939855852,-1.097164932907564,-4.3221722165137715
1.48760980076156,4.3958649324862495,-5.489667850944341,-8.721615029391716,-1.0938029184580897,-4.325750096905464
1.4883951202548307,4.404153368675071,-5.4945799107930995,-8.733469357599873,-1.0904265421180284,-4.329315988924801
1.4891804397481014,4.412458067268475,-5.499493836940105,-8.745327919357528,-1.0870357696716288,-4.332869852089052
1.4899657592413722,4.420779063779069,-5.504409630533463,-8.757190709571688,-1.0836305667543953,-4.3364116457926185
1.490751078734643,4.429116393872878,-5.509327292725182,-8.769057723179142,-1.0802108988523043,-4.339941329306263
1.4915363982279137,4.437470093370132,-5.514246824671206,-8.780928955146425,-1.076776731301077,-4.343458861776295
1.4923217177211845,4.445840198245995,-5.519168227531413,-8.792804400469828,-1.073328029285416,-4.346964202223835
1.4931070372144553,4.4542267446313595,-5.524091502469586,-8.804684054175336,-1.0698647578382243,-4.350457309543977
1.493892356707726,4.462629768813621,-5.5290166506534515,-8.81656791131864,-1.0663868818398297,-4.35393814250502
1.4946776762009968,4.471049307237437,-5.533943673254679,-8.828455966985086,-1.0628943660172427,-4.357406659747652
1.4954629956942675,4.479485396505537,-5.538872571448864,-8.840348216289689,-1.0593871749433297,-4.360862819784151
1.4962483151875383,4.487938073379499,-5.543803346415554,-8.852244654377056,-1.055865273036055,-4.364306580997559
1.497033634680809,4.496407374780549,-5.548735999338229,-8.864145276421423,-1.0523286245576793,-4.367737901640874
1.4978189541740798,4.504893337790363,-5.553670531404334,-8.876050077626594,-1.0487771936139711,-4.371156739836231
1.4986042736673506,4.513395999651867,-5.558606943805248,-8.887959053225932,-1.0452109441533821,-4.3745630535740645
1.4993895931606214,4.52191539777006,-5.563545237736324,-8.899872198482324,-1.0416298399662656,-4.377956800712264
1.5001749126538921,4.530451569712824,-5.568485414396859,-8.911789508688175,-1.038033844684035,-4.381337938975353
1.500960232147163,4.539004553211746,-5.573427474990118,-8.923710979165374,-1.034422921778371,-4.3847064259536275
1.5017455516404337,4.547574386162957,-5.578371420723331,-8.935636605265271,-1.0307970345603747,-4.388062219102317
1.5025308711337044,4.556161106627941,-5.583317252807697,-8.947566382368656,-1.0271561461797543,-4.391405275740715
1.5033161906269752,4.564764752834412,-5.588264972458391,-8.95950030588573,-1.023500219623977,-4.394735553051319
1.504101510120246,4.573385363177122,-5.593214580894552,-8.971438371256088,-1.019829217717428,-4.398053008078965
1.5048868296135167,4.582022976218743,-5.598166079339314,-8.983380573948693,-1.0161431031205705,-4.401357597729952
1.5056721491067875,4.5906776306906965,-5.603119469019784,-8.995326909461847,-1.0124418383290892,-4.404649278771149
1.5064574686000582,4.59934936549404,-5.608074751167061,-9.007277373323175,-1.0087253856730227,-4.407928007829137
1.507242788093329,4.6080382197003145,-5.613031927016225,-9.019231961089591,-1.0049937073159096,-4.411193741389275
1.5080281075865998,4.61674423255244,-5.617990997806363,-9.031190668347287,-1.001246765253922,-4.414446435794846
1.5088134270798705,4.625467443465579,-5.622951964780545,-9.043153490711685,-0.997484521314967,-4.417686047246105
1.5095987465731413,4.634207892028032,-5.627914829185853,-9.055120423827445,-0.9937069371578215,-4.420912531799414
1.510384066066412,4.642965618002121,-5.632879592273365,-9.067091463368408,-0.9899139742712432,-4.424125845366286
1.5111693855596828,4.651740661325107,-5.6378462552981725,-9.079066605037593,-0.9861055939730677,-4.4273259437124866
1.5119547050529536,4.660533062110063,-5.642814819519375,-9.091045844567166,-0.9822817574093133,-4.430512782457104
1.5127400245462244,4.66934286064682,-5.647785286200088,-9.10302917771841,-0.9784424255532671,-4.433686317071591
1.5135253440394951,4.6781700974028615,-5.652757656607448,-9.1150166002817,-0.9745875592045867,-4.43684650287884
1.5143106635327659,4.68701481302425,-5.657731932012612,-9.127008108076488,-0.970717118988359,-4.439993295052236
1.5150959830260367,4.69587704833657,-5.662708113690757,-9.139003696951262,-0.9668310653541847,-4.443126648614689
1.5158813025193074,4.704756844345842,-5.667686202921102,-9.151003362783536,-0.9629293585752602,-4.446246518437692
1.5166666220125782,4.713654242239486,-5.672666200986887,-9.163007101479813,-0.9590119587474013,-4.449352859240328
1.517451941505849,4.72256928338726,-5.677648109175401,-9.175014908975566,-0.9550788257881404,-4.452445625588306
1.5182372609991197,4.7315020093422095,-5.682631928777963,-9.187026781235202,-0.9511299194357514,-4.455524771892994
1.5190225804923905,4.740452461841655,-5.687617661089944,-9.199042714252059,-0.9471651992482893,-4.458590252410405
1.5198078999856612,4.749420682808129,-5.692605307410759,-9.211062704048349,-0.9431846246026326,-4.4616420212402215
1.520593219478932,4.7584067143503725,-5.697594869043884,-9.22308674667516,-0.9391881546935088,-4.464680032324787
1.5213785389722028,4.767410598764314,-5.702586347296834,-9.2351148382124,-0.9351757485325195,-4.467704239448088
1.5221638584654735,4.77643237853405,-5.7075797434811975,-9.247146974768807,-0.9311473649471484,-4.470714596234759
1.5229491779587443,4.785472096332855,-5.7125750589126225,-9.2591831524819,-0.9271029625797679,-4.473711056149044
1.523734497452015,4.7945297950241725,-5.717572294910828,-9.271223367517942,-0.9230424998866533,-4.476693572493767
1.5245198169452858,4.803605517662634,-5.7225714527995954,-9.283267616071939,-0.9189659351369619,-4.479662098409308
1.5253051364385566,4.812699307495069,-5.727572533906786,-9.29531589436761,-0.9148732264117174,-4.482616586872544
1.5260904559318273,4.82181120796153,-5.732575539564346,-9.307368198657336,-0.9107643316028158,-4.485556990695806
1.5268757754250981,4.830941262696334,-5.737580471108297,-9.319424525222155,-0.9066392084119602,-4.48848326252582
1.5276610949183689,4.840089515529089,-5.74258732987875,-9.331484870371737,-0.9024978143496599,-4.491395354842646
1.5284464144116396,4.849256010485745,-5.747596117219902,-9.343549230444347,-0.8983401067341563,-4.4942932199586
1.5292317339049104,4.858440791789656,-5.752606834480055,-9.355617601806811,-0.8941660426904001,-4.497176810017158
1.5300170533981812,4.867643903862609,-5.757619483011599,-9.367689980854514,-0.8899755791489895,-4.500046076991903
1.530802372891452,4.876865391325944,-5.762634064171033,-9.37976636401135,-0.885768672845091,-4.502900972685409
1.5315876923847227,4.886105299001579,-5.767650579318962,-9.391846747729703,-0.8815452803173845,-4.505741448728122
1.5323730118779935,4.8953636719131275,-5.772669029820099,-9.403931128490418,-0.8773053579069713,-4.508567456577292
1.5331583313712642,4.904640555286973,-5.7776894170432715,-9.416019502802783,-0.873048861756298,-4.51137894751581
1.533943650864535,4.913935994553381,-5.782711742361427,-9.428111867204482,-0.8687757478080473,-4.5141758726511005
1.5347289703578058,4.923250035347578,-5.787736007151639,-9.440208218261589,-0.8644859718040604,-4.516958182914013
1.5355142898510765,4.932582723510903,-5.792762212795102,-9.45230855256853,-0.860179489284199,-4.519725829057626
1.5362996093443473,4.941934105091905,-5.797790360677145,-9.464412866748052,-0.8558562555852403,-4.522478761656147
1.537084928837618,4.9513042263474745,-5.802820452187226,-9.4765211574512,-0.8515162258397502,-4.525216931103725
1.5378702483308888,4.960693133744004,-5.807852488718954,-9.488633421357296,-0.8471593549749494,-4.5279402876132915
1.5386555678241596,4.970100873958502,-5.812886471670068,-9.500749655173896,-0.8427855977115652,-4.530648781215393
1.5394408873174303,4.979527493879771,-5.817922402442464,-9.512869855636776,-0.8383949085626924,-4.533342361757006
1.540226206810701,4.988973040609563,-5.822960282442184,-9.524994019509897,-0.8339872418326197,-4.5360209789003365
1.5410115263039719,4.9984375614637475,-5.82800011307943,-9.537122143585385,-0.8295625516156806,-4.538684582121636
1.5417968457972426,5.007921103973504,-5.833041895768558,-9.549254224683484,-0.8251207917950554,-4.5413331207099805
1.5425821652905134,5.01742371588649,-5.838085631928092,-9.561390259652553,-0.8206619160416001,-4.543966543766063
1.5433674847837842,5.02694544516806,-5.843131322980726,-9.573530245369021,-0.8161858778126673,-4.54658480020096
1.544152804277055,5.036486340002452,-5.848178970353323,-9.585674178737367,-0.8116926303508714,-4.549187838734915
1.5449381237703257,5.04604644879401,-5.853228575476923,-9.597822056690088,-0.8071821266829121,-4.551775607896076
1.5457234432635965,5.055625820168416,-5.858280139786749,-9.609973876187667,-0.8026543196183362,-4.5543480560192515
1.5465087627568672,5.065224502973898,-5.863333664722209,-9.622129634218558,-0.7981091617483131,-4.556905131244661
1.547294082250138,5.074842546282499,-5.868389151726898,-9.634289327799145,-0.7935466054444028,-4.559446781516647
1.5480794017434087,5.0844799993912995,-5.87344660224861,-9.646452953973725,-0.7889666028573101,-4.561972954582425
1.5488647212366795,5.094136911823698,-5.878506017739333,-9.65862050981446,-0.7843691059156361,-4.564483597990764
1.5496500407299503,5.103813333330665,-5.883567399655261,-9.670791992421373,-0.7797540663245972,-4.566978659090707
1.550435360223221,5.113509313892033,-5.888630749456793,-9.682967398922305,-0.7751214355647573,-4.569458085030273
1.5512206797164918,5.123224903717764,-5.893696068608532,-9.69514672647289,-0.770471164890766,-4.571921822755126
1.5520059992097626,5.132960153249266,-5.898763358579314,-9.707329972256526,-0.7658032053300484,-4.574369819007259
1.5527913187030333,5.142715113160685,-5.903832620842183,-9.719517133484349,-0.7611175076814986,-4.5768020203236635
1.553576638196304,5.152489834360216,-5.90890385687441,-9.731708207395203,-0.7564140225141934,-4.579218373034987
1.5543619576895749,5.162284367991447,-5.913977068157496,-9.743903191255608,-0.7516927001660494,-4.581618823264159
1.5551472771828456,5.172098765434676,-5.919052256177179,-9.756102082359737,-0.7469534907425006,-4.58400331692506
1.5559325966761164,5.181933078308259,-5.924129422423422,-9.768304878029388,-0.7421963441151623,-4.58637179972113
1.5567179161693872,5.191787358469967,-5.929208568390449,-9.780511575613948,-0.7374212099204812,-4.58872421714398
1.557503235662658,5.201661658018345,-5.934289695576723,-9.792722172490372,-0.7326280375583784,-4.5910605144720265
1.5582885551559287,5.211556029294092,-5.939372805484954,-9.80493666606315,-0.7278167761908638,-4.593380636769057
1.5590738746491994,5.221470524881435,-5.944457899622114,-9.817155053764283,-0.7229873747406781,-4.595684528882846
1.5598591941424702,5.231405197609541,-5.949544979499434,-9.829377333053245,-0.718139781889892,-4.597972135443704
1.560644513635741,5.241360100553899,-5.95463404663241,-9.841603501416964,-0.713273946078511,-4.600243400863064
1.5614298331290117,5.251335287037757,-5.9597251025408085,-9.853833556369795,-0.708389815503053,-4.602498269332041
1.5622151526222827,5.261330810633535,-5.9648181487486776,-9.866067495453484,-0.7034873381151439,-4.604736684819951
1.5630004721155535,5.271346725164251,-5.9699131867843285,-9.878305316237132,-0.6985664616200776,-4.606958591072882
1.5637857916088242,5.281383084704999,-5.9750102181803735,-9.890547016317182,-0.6936271334753735,-4.609163931612183
1.564571111102095,5.291439943584376,-5.9801092444737005,-9.902792593317397,-0.688669300889324,-4.6113526497330195
1.5653564305953658,5.301517356385967,-5.985210267205501,-9.915042044888793,-0.6836929108195338,-4.613524688502826
1.5661417500886365,5.3116153779498205,-5.99031328792126,-9.927295368709657,-0.6786979099714354,-4.615679990759834
1.5669270695819073,5.321734063373941,-5.995418308170761,-9.939552562485485,-0.6736842447968204,-4.617818499111545
1.567712389075178,5.331873468015779,-6.000525329508105,-9.951813623948974,-0.6686518614923264,-4.619940155933195
1.5684977085684488,5.342033647493762,-6.005634353491699,-9.964078550859973,-0.6636007059979336,-4.622044903366213
1.5692830280617196,5.352214657688817,-6.010745381684264,-9.976347341005475,-0.6585307239954477,-4.6241326833166605
1.5700683475549904,5.3624165547458835,-6.015858415652849,-9.988619992199583,-0.6534418609069664,-4.6262034374537
1.5708536670482611,5.3726393950754865,-6.0209734569688305,-10.00089650228346,-0.6483340618933422,-4.628257107207972
1.571638986541532,5.382883235355298,-6.026090507207909,-10.013176869125326,-0.6432072718526138,-4.63029363377003
1.5724243060348027,5.393148132531678,-6.03120956795013,-10.025461090620427,-0.6380614354184537,-4.6323129580887485
1.5732096255280734,5.403434143821292,-6.036330640779878,-10.037749164690998,-0.6328964969585857,-4.634315020869707
1.5739949450213442,5.41374132671268,-6.041453727285877,-10.050041089286221,-0.6277124005731967,-4.636299762573541
1.574780264514615,5.424069738967884,-6.046578829061209,-10.062336862382233,-0.6225090900933277,-4.638267123414349
1.5755655840078857,5.434419438624046,-6.051705947703317,-10.074636481982058,-0.6172865090792707,-4.640217043358012
1.5763509035011565,5.444790483995065,-6.05683508481399,-10.086939946115606,-0.6120446008189254,-4.642149462120543
1.5771362229944272,5.455182933673218,-6.061966241999394,-10.099247252839627,-0.6067833083261757,-4.644064319166408
1.577921542487698,5.46559684653083,-6.067099420870065,-10.111558400237698,-0.6015025743392343,-4.6459615537068695
1.5787068619809688,5.476032281721937,-6.072234623040913,-10.123873386420176,-0.5962023413189764,-4.6478411046982355
1.5794921814742395,5.486489298683982,-6.077371850131229,-10.136192209524177,-0.5908825514472438,-4.649702910840195
1.5802775009675103,5.496967957139481,-6.0825111037646895,-10.148514867713562,-0.5855431466252095,-4.6515469105740825
1.581062820460781,5.507468317097763,-6.087652385569368,-10.160841359178889,-0.5801840684716043,-4.653373042081126
1.5818481399540518,5.51799043885667,-6.092795697177721,-10.173171682137385,-0.5748052583210507,-4.655181243280716
1.5826334594473226,5.528534383004304,-6.09794104022662,-10.18550583483293,-0.5694066572223176,-4.6569714518286265
1.5834187789405934,5.539100210420767,-6.103088416357341,-10.197843815536016,-0.563988205936573,-4.658743605115247
1.5842040984338641,5.549687982279932,-6.108237827215555,-10.210185622543726,-0.5585498449356238,-4.660497640263795
1.5849894179271349,5.560297760051201,-6.113389274451375,-10.222531254179705,-0.5530915144001753,-4.662233494128504
1.5857747374204056,5.570929605501308,-6.11854275971932,-10.23488070879413,-0.54761315421801,-4.66395110329282
1.5865600569136764,5.581583580696127,-6.123698284678335,-10.247233984763673,-0.5421147039822086,-4.665650404067544
1.5873453764069472,5.592259748002473,-6.128855850991805,-10.259591080491488,-0.5365961029893322,-4.667331332489014
1.588130695900218,5.602958170089937,-6.134015460327548,-10.271951994407168,-0.5310572902376122,-4.668993824317232
1.5889160153934887,5.61367890993274,-6.139177114357828,-10.284316724966738,-0.5254982044250889,-4.670637815033998
1.5897013348867595,5.624422030811584,-6.144340814759348,-10.296685270652585,-0.5199187839477635,-4.672263239841002
1.5904866543800302,5.635187596315538,-6.149506563213278,-10.309057629973488,-0.5143189668977431,-4.673870033657951
1.591271973873301,5.6459756703439,-6.154674361405236,-10.321433801464533,-0.5086986910613344,-4.67545813112063
1.5920572933665718,5.656786317108139,-6.159844211025309,-10.333813783687116,-0.5030578939171703,-4.677027466578976
1.5928426128598425,5.667619601133783,-6.165016113768048,-10.346197575228913,-0.4973965126342647,-4.678577974095131
1.5936279323531133,5.678475587262364,-6.1701900713324855,-10.358585174703848,-0.491714484070122,-4.680109587441484
1.594413251846384,5.68935434065337,-6.175366085422127,-10.370976580752052,-0.48601174476875836,-4.68162224009868
1.5951985713396548,5.7002559267861965,-6.180544157744967,-10.383371792039853,-0.48028823095876977,-4.683115865253657
1.5959838908329256,5.711180411462161,-6.185724290013494,-10.395770807259744,-0.47454387855133207,-4.684590395797583
1.5967692103261963,5.722127860806441,-6.190906483944686,-10.408173625130342,-0.46877862313824376,-4.6860457643239
1.597554529819467,5.7330983412701375,-6.196090741260023,-10.420580244396378,-0.46299239998988473,-4.68748190312624
1.5983398493127379,5.744091919632284,-6.201277063685502,-10.432990663828654,-0.45718514405322064,-4.688898744196372
1.5991251688060086,5.7551086630018835,-6.206465452951622,-10.445404882224022,-0.4513567899497379,-4.690296219222137
1.5999104882992794,5.766148638819977,-6.2116559107934,-10.457822898405357,-0.44550727197342405,-4.691674259585382
1.6006958077925502,5.777211914861713,-6.216848438950383,-10.470244711221529,-0.4396365240886714,-4.693032796359815
1.601481127285821,5.78829855923845,-6.222043039166648,-10.48267031954736,-0.4337444799281969,-4.6943717603089095
1.6022664467790917,5.799408640399859,-6.227239713190799,-10.495099722283623,-0.42783107279093835,-4.695691081883762
1.6030517662723625,5.810542227136053,-6.232438462775983,-10.507532918356988,-0.42189623563993034,-4.696990691220936
1.6038370857656332,5.8216993885797255,-6.237639289679901,-10.519969906720014,-0.4159399011001738,-4.698270518140289
1.604622405258904,5.832880194208321,-6.242842195664794,-10.532410686351113,-0.409962001456475,-4.6995304921427925
1.6054077247521747,5.844084713846205,-6.2480471824974675,-10.544855256254513,-0.40396246865126295,-4.700770542408308
1.6061930442454455,5.855313017666864,-6.253254251949288,-10.557303615460246,-0.3979412342824269,-4.701990597793383
1.6069783637387163,5.866565176195117,-6.25846340579619,-10.569755763024112,-0.39189822960107434,-4.703190586828995
1.607763683231987,5.877841260309347,-6.263674645818686,-10.582211698027649,-0.3858333855093398,-4.7043704377183
1.6085490027252578,5.889141341243755,-6.268887973801862,-10.594671419578114,-0.37974663255810587,-4.705530078334359
1.6093343222185286,5.900465490590625,-6.2741033915353945,-10.607134926808452,-0.37363790094476834,-4.706669436217829
1.6101196417117993,5.911813780302609,-6.279320900813554,-10.619602218877255,-0.367507120510946,-4.7077884385746485
1.61090496120507,5.923186282695032,-6.2845405034352,-10.63207329496876,-0.36135422074017054,-4.708887012273729
1.6116902806983409,5.934583070448215,-6.289762201203808,-10.6445481542928,-0.35517913075559393,-4.709965083844587
1.6124756001916116,5.946004216609827,-6.294985995927447,-10.65702679608478,-0.34898177931762064,-4.711022579474956
1.6132609196848824,5.957449794597231,-6.300211889418814,-10.66950921960567,-0.34276209482158265,-4.712059425008439
1.6140462391781532,5.968919878199886,-6.305439883495222,-10.681995424141938,-0.33652000529533715,-4.713075545942052
1.614831558671424,5.980414541581719,-6.310669979978613,-10.694485409005566,-0.3302554383968942,-4.714070867423848
1.6156168781646947,5.9919338592835825,-6.315902180695554,-10.706979173533997,-0.323968321411971,-4.715045314250415
1.6164021976579654,6.0034779062256565,-6.3211364874772595,-10.719476717090107,-0.3176585812516003,-4.715998810864449
1.6171875171512362,6.0150467577099365,-6.326372902159583,-10.731978039062191,-0.31132614444964546,-4.716931281352252
1.617972836644507,6.026640489422714,-6.331611426583036,-10.744483138863929,-0.30497093716032025,-4.717842649441216
1.6187581561377777,6.038259177437057,-6.336852062592775,-10.756992015934358,-0.29859288515571936,-4.718732838497302
1.6195434756310485,6.049902898215345,-6.342094812038632,-10.76950466973785,-0.29219191382328547,-4.719601771522506
1.6203287951243193,6.061571728611823,-6.3473396767750945,-10.782021099764076,-0.28576794816327233,-4.720449371152253
1.62111411461759,6.073265745875149,-6.35258665866134,-10.794541305527982,-0.27932091278619087,-4.7212755596528355
1.6218994341108608,6.084985027650982,-6.357835759561212,-10.807065286569781,-0.27285073191022874,-4.722080258918798
1.6226847536041316,6.096729651984607,-6.363086981343248,-10.819593042454889,-0.2663573293586419,-4.722863390470284
1.6234700730974023,6.108499697323531,-6.368340325880682,-10.832124572773939,-0.25984062855714934,-4.723624875450406
1.624255392590673,6.12029524252017,-6.373595795051439,-10.844659877142714,-0.25330055253126954,-4.724364634622546
1.6250407120839439,6.132116366834496,-6.378853390738158,-10.857198955202163,-0.24673702390366273,-4.725082588367665
1.6258260315772146,6.143963149936748,-6.384113114828178,-10.869741806618336,-0.24014996489142953,-4.7257786566815865
1.6266113510704854,6.155835671910142,-6.38937496921357,-10.882288431082383,-0.23353929730342643,-4.726452759172241
1.6273966705637561,6.167734013253618,-6.39463895579112,-10.894838828310515,-0.22690494253750043,-4.727104815056897
1.628181990057027,6.1796582548846,-6.399905076462346,-10.90739299804399,-0.22024682157774658,-4.72773474315939
1.6289673095502977,6.19160847814178,-6.4051733331335035,-10.91995094004906,-0.2135648549917259,-4.7283424619072845
1.6297526290435684,6.203584764787948,-6.410443727715594,-10.932512654116987,-0.20685896292764602,-4.728927889329039
1.6305379485368392,6.215587197012805,-6.415716262124361,-10.945078140063973,-0.20012906511155534,-4.729490943051169
1.63132326803011,6.227615857435833,-6.420990938280308,-10.957647397731165,-0.19337508084447622,-4.730031540295332
1.6321085875233807,6.239670829109172,-6.426267758108702,-10.97022042698461,-0.18659692899953045,-4.730549597875438
1.6328939070166515,6.251752195520549,-6.431546723539578,-10.98279722771525,-0.1797945280190284,-4.731045032194701
1.6336792265099223,6.263860040596177,-6.4368278365077405,-10.995377799838872,-0.1729677959115601,-4.731517759242692
1.634464546003193,6.275994448703752,-6.442111098952782,-11.007962143296094,-0.16611665024902944,-4.731967694592344
1.6352498654964638,6.288155504655396,-6.44739651281908,-11.02055025805235,-0.1592410081636815,-4.73239475339695
1.6360351849897345,6.300343293710698,-6.452684080055805,-11.033142144097832,-0.15234078634510792,-4.732798850387134
1.6368205044830053,6.312557901579739,-6.457973802616931,-11.045737801447508,-0.1454159010371927,-4.733179899867771
1.637605823976276,6.32479941442614,-6.463265682461239,-11.058337230141062,-0.13846626803509862,-4.733537815714924
1.6383911434695468,6.337067918870179,-6.468559721552316,-11.070940430242882,-0.13149180268213695,-4.733872511372703
1.6391764629628176,6.349363501991866,-6.473855921858585,-11.08354740184204,-0.12449241986672091,-4.734183899850174
1.6399617824560884,6.361686251334119,-6.479154285353287,-11.096158145052247,-0.11746803401916478,-4.734471893718125
1.6407471019493591,6.3740362549059215,-6.484454814014487,-11.108772660011848,-0.11041855910856614,-4.734736405105924
1.64153242144263,6.386413601185503,-6.489757509825113,-11.121390946883796,-0.10334390863960723,-4.734977345698293
1.6423177409359007,6.398818379123582,-6.4950623747729175,-11.134013005855612,-0.09624399564933238,-4.73519462673203
1.6431030604291714,6.411250678146613,-6.500369410850522,-11.14663883713937,-0.0891187327039069,-4.735388158992756
1.6438883799224422,6.423710588160059,-6.505678620055395,-11.159268440971674,-0.08196803189533546,-4.735557852811617
1.644673699415713,6.436198199551708,-6.510990004389891,-11.171901817613627,-0.07479180483818479,-4.7357036180619225
1.6454590189089837,6.44871360319501,-6.516303565861219,-11.184538967350813,-0.0675899626662104,-4.735825364155805
1.6462443384022545,6.461256890452435,-6.521619306481481,-11.197179890493263,-0.06036241602904785,-4.73592300004083
1.6470296578955252,6.473828153178886,-6.526937228267659,-11.209824587375438,-0.053109075088773806,-4.735996434196551
1.647814977388796,6.486427483725112,-6.53225733324164,-11.222473058356206,-0.0458298495165277,-4.736045574631094
1.6486002968820668,6.49905497494117,-6.537579623430197,-11.235125303818808,-0.0385246484890246,-4.736070328877638
1.6493856163753375,6.511710720179908,-6.542904100865021,-11.247781324170845,-0.031193380685113868,-4.736070603990935
1.6501709358686083,6.52439481330049,-6.54823076758272,-11.260441119844245,-0.023835954282227376,-4.736046306543753
1.650956255361879,6.5371073486719435,-6.553559625624816,-11.273104691295243,-0.016452276952871412,-4.735997342623301
1.6517415748551498,6.549848421176732,-6.558890677037764,-11.285772039004362,-0.009042255861034415,-4.735923617827632
1.6525268943484206,6.562618126214382,-6.564223923872959,-11.298443163476378,-0.0016057976585784751,-4.735825037261996
1.6533122138416914,6.575416559705102,-6.569559368186725,-11.31111806524029,0.005857191518375836,-4.735701505535189
1.6540975333349621,6.588243818093506,-6.574897012040357,-11.323796744849332,0.013346806053149349,-4.735552926755825
1.6548828528282329,6.601099998352269,-6.580236857500089,-11.336479202880902,0.020863140852179773,-4.735379204528633
1.6556681723215037,6.613985197985914,-6.585578906637124,-11.349165439936575,0.02840629134878836,-4.73518024195066
1.6564534918147744,6.626899515034562,-6.590923161527641,-11.361855456642054,0.03597635350692106,-4.734955941607494
1.6572388113080454,6.639843048077761,-6.596269624252795,-11.374549253647173,0.043573423824967046,-4.734706205569413
1.6580241308013162,6.652815896238308,-6.60161829689872,-11.387246831625841,0.051197599339586126,-4.734430935387537
1.658809450294587,6.665818159186157,-6.6069691815565506,-11.399948191276053,0.0588489776296073,-4.734130032089893
1.6595947697878577,6.678849937142327,-6.612322280322416,-11.412653333319831,0.06652765681991096,-4.733803396177507
1.6603800892811285,6.691911330882826,-6.617677595297452,-11.42536225850324,0.07423373558537413,-4.733450927620414
1.6611654087743992,6.705002441742676,-6.623035128587819,-11.438074967596332,0.08196731315485643,-4.733072525853658
1.66195072826767,6.718123371619909,-6.6283948823046845,-11.45079146139313,0.08972848931522756,-4.732668089773221
1.6627360477609407,6.731274222979638,-6.6337568585642535,-11.463511740711636,0.09751736441538524,-4.732237517731998
1.6635213672542115,6.744455098858145,-6.639121059487766,-11.476235806393756,0.10533403937038084,-4.731780707535609
1.6643066867474823,6.7576661028670255,-6.644487487201501,-11.488963659305309,0.11317861566552768,-4.731297556438282
1.665092006240753,6.770907339197352,-6.649856143836789,-11.501695300336014,0.12105119536056075,-4.730787961138664
1.6658773257340238,6.784178912623879,-6.6552270315300275,-11.514430730399445,0.1289518810938527,-4.7302518177755655
1.6666626452272946,6.797480928509302,-6.660600152422672,-11.527169950433013,0.1368807760866295,-4.729689021923712
1.6674479647205653,6.810813492808543,-6.66597550866125,-11.53991296139795,0.1448379841472946,-4.729099468589409
1.668233284213836,6.824176712073072,-6.671353102397371,-11.552659764279287,0.15282360967570088,-4.728483052206217
1.6690186037071069,6.837570693455279,-6.6767329357877365,-11.565410360085831,0.16083775766754152,-4.727839666630551
1.6698039232003776,6.8509955447128785,-6.68211501099414,-11.578164749850126,0.16888053371873907,-4.727169205137247
1.6705892426936484,6.864451374213349,-6.687499330183475,-11.590922934628466,0.17695204402987694,-4.726471560415116
1.6713745621869192,6.8779382909384505,-6.692885895527752,-11.603684915500844,0.185052395410698,-4.725746624562398
1.67215988168019,6.891456404488714,-6.698274709204098,-11.61645069357094,0.19318169528461618,-4.724994289082227
1.6729452011734607,6.905005825088058,-6.703665773394761,-11.629220269966092,0.2013400516932964,-4.724214444878035
1.6737305206667314,6.918586663588366,-6.70905909028713,-11.641993645837294,0.20952757330123672,-4.723406982248928
1.6745158401600022,6.932199031474178,-6.714454662073729,-11.654770822359158,0.2177443694004499,-4.722571790884978
1.675301159653273,6.945843040867377,-6.7198524909522375,-11.667551800729889,0.2259905499151402,-4.721708759862512
1.6760864791465437,6.9595188045319265,-6.725252579125481,-11.68033658217128,0.23426622540644487,-4.720817777639354
1.6768717986398145,6.97322643587869,-6.730654928801465,-11.693125167928681,0.24257150707722408,-4.719898732049991
1.6776571181330853,6.986966048970239,-6.736059542193353,-11.70591755927097,0.25090650677688353,-4.718951510300735
1.678442437626356,7.000737758525758,-6.741466421519494,-11.718713757490555,0.2592713370062625,-4.717975998964798
1.6792277571196268,7.014541679925957,-6.746875569003424,-11.731513763903322,0.26766611092253084,-4.716972083977367
1.6800130766128976,7.028377929218054,-6.7522869868738775,-11.744317579848653,0.27609094234417586,-4.7159396506306
1.6807983961061683,7.042246623120808,-6.757700677364792,-11.757125206689363,0.28454594575601644,-4.714878583568556
1.681583715599439,7.056147879029563,-6.76311664271531,-11.769936645811718,0.2930312363142529,-4.713788766782156
1.6823690350927099,7.070081815021389,-6.768534885169807,-11.782751898625381,0.301546929851583,-4.712670083603992
1.6831543545859806,7.084048549860251,-6.7739554069778665,-11.795570966563416,0.3100931428823841,-4.711522416703165
1.6839396740792514,7.098048203002204,-6.779378210394324,-11.808393851082258,0.3186699926078807,-4.710345648080054
1.6847249935725221,7.112080894600684,-6.784803297679254,-11.821220553661691,0.32727759692143193,-4.70913965906101
1.685510313065793,7.126146745511814,-6.79023067109798,-11.834051075804844,0.335916074413834,-4.7079043302930295
1.6862956325590637,7.140245877299769,-6.795660332921086,-11.846885419038134,0.3445855443786836,-4.7066395417383635
1.6870809520523344,7.154378412242215,-6.801092285424425,-11.859723584911288,0.3532861268177916,-4.705345172669074
1.6878662715456052,7.168544473335755,-6.8065265308891245,-11.87256557499731,0.3620179424466323,-4.704021101661555
1.688651591038876,7.18274418430148,-6.8119630716015935,-11.885411390892438,0.37078111269988717,-4.702667206590957
1.6894369105321467,7.1969776695905265,-6.817401909853544,-11.898261034216155,0.37957575973698193,-4.701283364625628
1.6902222300254175,7.211245054389739,-6.822843047941972,-11.911114506611167,0.38840200644776623,-4.6998694522214315
1.6910075495186883,7.225546464627321,-6.828286488169195,-11.923971809743353,0.39725997645812583,-4.698425345116034
1.691792869011959,7.23988202697861,-6.8337322328428405,-11.936832945301788,0.4061497941357691,-4.696950918323176
1.6925781885052298,7.254251868871867,-6.839180284275863,-11.949697914998684,0.4150715845960024,-4.695446046126815
1.6933635079985006,7.268656118494121,-6.844630644786555,-11.962566720569408,0.42402547370756744,-4.693910602075284
1.6941488274917713,7.283094904797112,-6.850083316698543,-11.975439363772434,0.43301158809856655,-4.692344458975323
1.694934146985042,7.297568357503232,-6.855538302340813,-11.988315846389346,0.4420300551624184,-4.690747488886113
1.6957194664783128,7.31207660711158,-6.860995604047697,-12.001196170224805,0.4510810030638806,-4.689119563113227
1.6965047859715836,7.326619784904034,-6.8664552241589085,-12.014080337106526,0.46016456074512524,-4.687460552202491
1.6972901054648544,7.341198022951415,-6.871917165019525,-12.02696834888528,0.46928085793189195,-4.685770325933865
1.6980754249581251,7.355811454119704,-6.877381428980014,-12.03986020743486,0.47843002513969124,-4.684048753315155
1.698860744451396,7.370460212076296,-6.882848018396233,-12.052755914652069,0.4876121936800617,-4.682295702575772
1.6996460639446667,7.385144431296345,-6.888316935629444,-12.065655472456694,0.4968274956669025,-4.680511041160348
1.7004313834379374,7.399864247069169,-6.8937881830463175,-12.078558882791494,0.5060760640228531,-4.6786946357223265
1.7012167029312082,7.414619795504711,-6.899261763018936,-12.091466147622192,0.5153580324857758,-4.676846352117481
1.702002022424479,7.429411213540064,-6.90473767792482,-12.10437726893744,0.5246735356152409,-4.674966055397379
1.7027873419177497,7.444238638946048,-6.910215930146917,-12.117292248748804,0.5340227087991308,-4.673053609802756
1.7035726614110205,7.459102210333908,-6.915696522073624,-12.130211089090759,0.5434056882602823,-4.6711088787568515
1.7043579809042912,7.474002067162001,-6.921179456098786,-12.143133792020658,0.5528226110632155,-4.669131724858656
1.705143300397562,7.488938349742618,-6.926664734621716,-12.156060359618724,0.5622736151209013,-4.667122009876107
1.7059286198908328,7.503911199248822,-6.9321523600471915,-12.168990793988034,0.5717588392016285,-4.665079594739211
1.7067139393841035,7.5189207577214,-6.937642334785474,-12.18192509725448,0.5812784229359286,-4.663004339533082
1.7074992588773743,7.5339671680758595,-6.94313466125231,-12.194863271566792,0.5908325068235502,-4.6608961034909315
1.708284578370645,7.549050574109498,-6.948629341868948,-12.207805319096481,0.6004212322405502,-4.6587547449869815
1.7090698978639158,7.564171120508552,-6.954126379062135,-12.220751242037844,0.6100447414464178,-4.6565801215292915
1.7098552173571866,7.579328952855424,-6.959625775264139,-12.233701042607947,0.619703177591283,-4.654372089752524
1.7106405368504574,7.594524217635943,-6.965127532912754,-12.246654723046603,0.6293966847231909,-4.6521305054106605
1.7114258563437281,7.609757062246784,-6.970631654451296,-12.259612285616356,0.6391254077954877,-4.649855223369571
1.7122111758369989,7.625027635002861,-6.976138142328634,-12.272573732602467,0.6488894926742267,-4.647546097599608
1.7129964953302697,7.640336085144873,-6.9816469989991825,-12.285539066312893,0.6586890861456918,-4.645202981168019
1.7137818148235404,7.655682562846902,-6.987158226922921,-12.298508289078287,0.6685243359239795,-4.642825726231386
1.7145671343168112,7.6710672192240725,-6.992671828565392,-12.311481403251953,0.6783953906586809,-4.640414184027881
1.715352453810082,7.686490206340315,-6.998187806397721,-12.324458411209857,0.6883023999425931,-4.637968204869543
1.7161377733033527,7.701951677216206,-7.003706162896615,-12.33743931535061,0.698245514319591,-4.635487638134402
1.7169230927966235,7.7174517858368805,-7.009226900544388,-12.35042411809542,0.7082248852924937,-4.632972332258537
1.7177084122898942,7.732990687160029,-7.0147500218289505,-12.363412821888124,0.7182406653310816,-4.6304221347280965
1.718493731783165,7.748568537123981,-7.020275529243831,-12.376405429195144,0.7282930078801504,-4.627836892071161
1.7192790512764358,7.764185492655883,-7.025803425288187,-12.389401942505469,0.7383820673676957,-4.625216449849587
1.7200643707697065,7.779841711679923,-7.031333712466804,-12.402402364330653,0.7485079992131203,-4.622560652650731
1.7208496902629773,7.795537353125708,-7.036866393290111,-12.415406697204803,0.7586709598355983,-4.619869344079094
1.721635009756248,7.811272576936671,-7.042401470274195,-12.428414943684539,0.7688711066624756,-4.617142366747869
1.7224203292495188,7.827047544078571,-7.0479389459408,-12.441427106349012,0.7791085981377719,-4.614379562270443
1.7232056487427896,7.842862416548142,-7.053478822817341,-12.454443187799878,0.7893835937308014,-4.6115807712517345
1.7239909682360604,7.858717357381746,-7.059021103436917,-12.467463190661263,0.7996962539448288,-4.6087458332795155
1.7247762877293311,7.874612530664196,-7.0645657903383245,-12.480487117579775,0.8100467403258726,-4.605874586915579
1.7255616072226019,7.890548101537619,-7.070112886066038,-12.493514971224485,0.8204352154715799,-4.602966869686867
1.7263469267158726,7.906524236210438,-7.075662393170271,-12.5065467542869,0.8308618430401662,-4.600022518076461
1.7271322462091434,7.9225411019664636,-7.081214314206927,-12.519582469480962,0.8413267877595365,-4.5970413675145
1.7279175657024142,7.93859886717403,-7.086768651737661,-12.532622119543028,0.8518302154363689,-4.594023252368999
1.728702885195685,7.954697701295307,-7.0923254083298595,-12.545665707231864,0.8623722929654487,-4.5909680059365545
1.7294882046889557,7.970837774895632,-7.097884586556649,-12.558713235328614,0.8729531883389853,-4.587875460432982
1.7302735241822265,7.987019259652998,-7.103446188996924,-12.571764706636813,0.8835730706560747,-4.584745446983814
1.7310588436754972,8.003242328367628,-7.109010218235346,-12.584820123982343,0.8942321101322819,-4.581577795614715
1.731844163168768,8.019507154971642,-7.114576676862351,-12.597879490213442,0.9049304781092916,-4.578372335241801
1.7326294826620388,8.035813914538847,-7.12014556747416,-12.610942808200695,0.9156683470646865,-4.575128893661848
1.7334148021553095,8.052162783294612,-7.125716892672797,-12.624010080836994,0.9264458906218178,-4.571847297542382
1.7342001216485803,8.068553938625886,-7.131290655066093,-12.637081311037555,0.9372632835597928,-4.568527372411669
1.734985441141851,8.084987559091264,-7.136866857267687,-12.650156501739884,0.948120701823576,-4.56516894264862
1.7357707606351218,8.10146382443125,-7.142445501897061,-12.663235655903778,0.959018322534186,-4.561771831472529
1.7365560801283926,8.117982915578532,-7.148026591579521,-12.6763187765113,0.9699563239990112,-4.558335860932768
1.7373413996216633,8.134545014668467,-7.153610128946224,-12.689405866566783,0.9809348857222409,-4.554860851898318
1.738126719114934,8.151150305049612,-7.159196116634189,-12.702496929096805,0.9919541884154243,-4.551346624047193
1.7389120386082049,8.167798971294395,-7.164784557286291,-12.715591967150182,1.003014414008102,-4.547792995855789
1.7396973581014756,8.184491199209917,-7.170375453551294,-12.72869098379795,1.0141157456586218,-4.544199784588035
1.7404826775947464,8.201227175848846,-7.175968808083848,-12.74179398213337,1.0252583677649987,-4.540566806284524
1.7412679970880172,8.218007089520468,-7.181564623544492,-12.75490096527189,1.036442465975976,-4.53689387575142
1.742053316581288,8.234831129801812,-7.1871629025996855,-12.768011936351156,1.0476682272021274,-4.533180806549345
1.7428386360745587,8.251699487548956,-7.192763647921795,-12.781126898530996,1.058935839627161,-4.52942741098204
1.7436239555678295,8.268612354908413,-7.198366862189122,-12.7942458549934,1.0702454927192893,-4.525633500084988
1.7444092750611002,8.285569925328666,-7.203972548085913,-12.807368808942519,1.0815973772427514,-4.521798883613852
1.745194594554371,8.302572393571829,-7.209580708302346,-12.82049576360464,1.0929916852694808,-4.517923370032813
1.7459799140476417,8.319619955725448,-7.215191345534576,-12.8336267222282,1.10442861019087,-4.514006766502753
1.7467652335409125,8.336712809214411,-7.220804462484722,-12.846761688083744,1.1159083467296846,-4.510048878869333
1.7475505530341833,8.353851152813021,-7.226420061860885,-12.859900664463943,1.1274310909521363,-4.506049511650919
1.748335872527454,8.371035186657192,-7.232038146377152,-12.873043654683563,1.1389970402800422,-4.5020084680263714
1.7491211920207248,8.388265112256773,-7.237658718753619,-12.886190662079468,1.1506063935031554,-4.4979255498226935
1.7499065115139956,8.405541132508041,-7.243281781716389,-12.899341690010601,1.1622593507916539,-4.49380055750256
1.7506918310072663,8.422863451706306,-7.248907337997594,-12.912496741857984,1.1739561137087131,-4.489633290151679
1.7514771505005373,8.440232275558678,-7.254535390335391,-12.925655821024698,1.1856968852232868,-4.485423545466017
1.752262469993808,8.45764781119698,-7.2601659414739945,-12.93881893093586,1.1974818697229845,-4.481171119738883
1.7530477894870788,8.475110267190798,-7.265798994163658,-12.95198607503866,1.2093112730271403,-4.476875807847862
1.7538331089803496,8.492619853560694,-7.271434551160711,-12.965157256802302,1.2211853023999821,-4.472537403241606
1.7546184284736204,8.510176781791577,-7.277072615227559,-12.978332479718022,1.2331041665640197,-4.468155697926445
1.7554037479668911,8.527781264846194,-7.282713189132689,-12.991511747299068,1.2450680757135064,-4.463730482452872
1.756189067460162,8.545433517178813,-7.2883562756507025,-13.004695063080693,1.2570772415281084,-4.459261545901883
1.7569743869534327,8.563133754749062,-7.294001877562286,-13.017882430620153,1.269131877186775,-4.454748675871093
1.7577597064467034,8.580882195035912,-7.299649997654264,-13.031073853496693,1.2812321973816494,-4.450191658460778
1.7585450259399742,8.59867905705184,-7.305300638719588,-13.044269335311519,1.2933784183322514,-4.445590278259679
1.759330345433245,8.616524561357126,-7.31095380355735,-13.05746887968783,1.3055707577997746,-4.440944318330705
1.7601156649265157,8.634418930074382,-7.316609494972793,-13.070672490270782,1.3178094351015892,-4.436253560196403
1.7609009844197865,8.652362386903173,-7.322267715777334,-13.083880170727486,1.3300946711258383,-4.431517783824314
1.7616863039130572,8.670355157134873,-7.327928468788555,-13.09709192474699,1.3424266883463176,-4.426736767612118
1.762471623406328,8.688397467667668,-7.333591756830228,-13.110307756040287,1.3548057108374378,-4.421910288372622
1.7632569428995988,8.706489547021723,-7.339257582732323,-13.123527668340301,1.3672319642893997,-4.417038121318576
1.7640422623928695,8.724631625354588,-7.344925949331021,-13.136751665401889,1.3797056760235693,-4.412120040047299
1.7648275818861403,8.742823934476698,-7.350596859468719,-13.149979751001794,1.3922270750079802,-4.407155816525096
1.765612901379411,8.761066707867142,-7.356270315994051,-13.1632119289387,1.4047963918730908,-4.4021452210715575
1.7663982208726818,8.779360180689569,-7.3619463217618915,-13.176448203033168,1.41741385892768,-4.397088022343599
1.7671835403659526,8.797704589808307,-7.367624879633369,-13.189688577127667,1.4300797101749398,-4.391983987319362
1.7679688598592234,8.816100173804669,-7.373305992475874,-13.202933055086543,1.4427941813287959,-4.3868328812818715
1.7687541793524941,8.834547172993448,-7.378989663163078,-13.216181640796023,1.4555575098303675,-4.3816344678025745
1.769539498845765,8.853045829439635,-7.384675894574951,-13.229434338164213,1.4683699348646841,-4.376388508724576
1.7703248183390357,8.871596386975304,-7.390364689597744,-13.242691151121075,1.4812316973775597,-4.371094764145772
1.7711101378323064,8.89019909121674,-7.396056051124034,-13.255952083618439,1.4941430400927072,-4.365752992401698
1.7718954573255772,8.90885418958174,-7.401749982052711,-13.269217139629985,1.5071042075290284,-4.360362950048245
1.772680776818848,8.92756193130716,-7.407446485289016,-13.28248632315124,1.5201154460181447,-4.35492439184408
1.7734660963121187,8.946322567466634,-7.413145563744518,-13.295759638199575,1.5331770037221149,-4.34943707073294
1.7742514158053895,8.965136350988555,-7.4188472203371605,-13.309037088814188,1.546289130651395,-4.343900737825635
1.7750367352986602,8.984003536674246,-7.424551457991241,-13.32231867905612,1.559452078683006,-4.338315142381875
1.775822054791931,9.002924381216362,-7.430258279637459,-13.335604413008223,1.5726661015789045,-4.33268003179186
1.7766073742852018,9.021899143217544,-7.435967688212887,-13.348894294775175,1.5859314550046562,-4.326995151557631
1.7773926937784725,9.040928083209236,-7.441679686661025,-13.362188328483464,1.599248396548215,-4.321260245274228
1.7781780132717433,9.060011463670834,-7.447394277931768,-13.37548651828139,1.6126171857390659,-4.315475054610557
1.778963332765014,9.079149549048967,-7.453111464981456,-13.388788868339049,1.6260380840675128,-4.309639319290079
1.7797486522582848,9.09834260577713,-7.458831250772871,-13.40209538284834,1.6395113550042606,-4.303752777071209
1.7805339717515556,9.117590902295445,-7.464553638275238,-13.415406066022953,1.653037264020207,-4.297815163727508
1.7813192912448264,9.136894709070768,-7.4702786304642625,-13.428720922098375,1.666616078606507,-4.291826213027606
1.7821046107380971,9.156254298616993,-7.476006230322106,-13.442039955331865,1.6802480682948833,-4.285785656714871
1.7828899302313679,9.175669945515622,-7.481736440837451,-13.455363170002459,1.6939335046781723,-4.279693224486837
1.7836752497246386,9.195141926436623,-7.487469265005451,-13.468690570410995,1.7076726614311704,-4.273548643974372
1.7844605692179094,9.2146705201595,-7.493204705827795,-13.482022160880053,1.7214658143317043,-4.2673516407205545
1.7852458887111802,9.234256007594668,-7.498942766312689,-13.495357945754002,1.7353132412819794,-4.261101938159333
1.786031208204451,9.253898671805118,-7.504683449474888,-13.508697929398952,1.7492152223302304,-4.2547992575938345
1.7868165276977217,9.273598798028283,-7.510426758335685,-13.522042116202805,1.7631720396925978,-4.24844331817452
1.7876018471909925,9.293356673698264,-7.516172695922943,-13.53539051057519,1.7771839777753204,-4.242033836876927
1.7883871666842632,9.313172588468307,-7.521921265271106,-13.548743116947517,1.7912513231971996,-4.235570528479208
1.789172486177534,9.333046834233556,-7.527672469421203,-13.562099939772917,1.8053743648123528,-4.229053105539361
1.7899578056708048,9.352979705154135,-7.533426311420859,-13.575460983526298,1.8195533937332733,-4.2224812783721655
1.7907431251640755,9.37297149767847,-7.539182794324325,-13.588826252704298,1.8337887033541442,-4.215854755025829
1.7915284446573463,9.393022510566988,-7.544941921192469,-13.602195751825297,1.8480805893745202,-4.209173241258306
1.792313764150617,9.413133044916076,-7.5507036950928,-13.615569485429415,1.8624293498232734,-4.202436440513342
1.7930990836438878,9.433303404182332,-7.556468119099481,-13.62894745807852,1.8768352850828491,-4.1956440538961886
1.7938844031371586,9.453533894207206,-7.562235196293337,-13.642329674356205,1.8912986979138668,-4.188795780149
1.7946697226304293,9.473824823241873,-7.568004929761878,-13.655716138867788,1.9058198934799966,-4.181891315625917
1.7954550421237,9.494176501972527,-7.573777322599291,-13.669106856240345,1.920399179373236,-4.1749303542678184
1.7962403616169709,9.514589243545913,-7.579552377906477,-13.682501831122654,1.9350368656394368,-4.1679125875767395
1.7970256811102416,9.53506336359527,-7.585330098791047,-13.695901068185236,1.9497332648042218,-4.160837704589967
1.7978110006035124,9.555599180266569,-7.591110488367346,-13.709304572120331,1.9644886918992244,-4.15370539185376
1.7985963200967832,9.576197014245151,-7.5968935497564605,-13.722712347641908,1.9793034644886907,-4.146515333396757
1.799381639590054,9.596857188782637,-7.602679286086225,-13.73612439948566,1.9941779026964137,-4.1392672107030215
1.8001669590833247,9.617580029724293,-7.608467700491248,-13.749540732409004,2.0091123292330457,-4.131960702684712
1.8009522785765955,9.638365865536686,-7.614258796112918,-13.76296135119107,2.0241070694237657,-4.124595485654385
1.8017375980698662,9.65921502733574,-7.620052576099424,-13.77638626063272,2.0391624512363142,-4.117171233296978
1.802522917563137,9.680127848915186,-7.625849043605749,-13.78981546555653,2.054278805309437,-4.109687616641343
1.8033082370564077,9.701104666775354,-7.631648201793709,-13.8032489708068,2.0694564649816454,-4.102144304031446
1.8040935565496785,9.722145820152381,-7.637450053831945,-13.81668678124954,2.0846957663204373,-4.0945409610971595
1.8048788760429493,9.743251651047833,-7.643254602895957,-13.8301289017725,2.099997048151879,-4.086877250724667
1.80566419553622,9.764422504258665,-7.64906185216809,-13.843575337285131,2.1153606520905743,-4.079152833026465
1.8064495150294908,9.785658727407668,-7.6548718048375815,-13.857026092718606,2.130786922570086,-4.071367365310936
1.8072348345227616,9.806960670974265,-7.660684464100537,-13.870481173025828,2.1462762068737287,-4.0635205020515635
1.8080201540160323,9.828328688325795,-7.666499833159982,-13.883940583181412,2.1618288551658136,-4.055611894855618
1.808805473509303,9.849763135749134,-7.672317915225847,-13.897404328181697,2.1774452205232873,-4.047641192432562
1.8095907930025739,9.871264372482868,-7.678138713514989,-13.910872413044748,2.193125658967878,-4.0396080405618795
1.8103761124958446,9.892832760749792,-7.683962231251213,-13.924344842810344,2.2088705294985793,-4.0315120820605514
1.8111614319891154,9.91446866578996,-7.689788471665277,-13.937821622539994,2.2246801941246814,-4.023352956750037
1.8119467514823862,9.936172455894118,-7.695617437994907,-13.951302757316938,2.2405550178992106,-4.01513030142282
1.812732070975657,9.957944502437662,-7.701449133484815,-13.964788252246137,2.2564953689528493,-4.006843749808473
1.8135173904689277,9.979785179915018,-7.707283561386711,-13.978278112454268,2.272501618528305,-3.998492932539248
1.8143027099621984,10.001694865974535,-7.713120724959315,-13.991772343089766,2.288574141015221,-3.990077477115231
1.8150880294554692,10.023673941453861,-7.718960627468363,-14.005270949322771,2.3047133139854967,-3.9815970078689107
1.81587334894874,10.045722790415821,-7.72480327218665,-14.018773936345179,2.32091951822917,-3.973051145929359
1.8166586684420107,10.067841800184778,-7.730648662394,-14.032281309370605,2.3371931377907775,-3.9644395091858264
1.8174439879352815,10.090031361383566,-7.736496801377325,-14.04579307363441,2.3535345600062425,-3.9557617122508426
1.8182293074285523,10.112291867970862,-7.742347692430606,-14.059309234393693,2.3699441755402537,-3.9470173664228336
1.819014626921823,10.134623717279158,-7.7482013388549165,-14.072829796927309,2.3864223784242418,-3.9382060796481513
1.8197999464150938,10.157027310053268,-7.754057743958455,-14.086354766535841,2.402969566094812,-3.9293274564825746
1.8205852659083646,10.179503050489348,-7.759916911056532,-14.099884148541635,2.419586139432818,-3.9203810980522875
1.8213705854016353,10.202051346274514,-7.765778843471594,-14.113417948288783,2.4362725028029204,-3.91136660201427
1.822155904894906,10.224672608627014,-7.771643544533244,-14.126956171143139,2.4530290640937693,-3.9022835625161263
1.8229412243881769,10.24736725233698,-7.777511017578254,-14.140498822492312,2.4698562347587254,-3.893131570155328
1.8237265438814476,10.270135695807788,-7.7833812659505766,-14.154045907745672,2.48675442985721,-3.8839102119378843
1.8245118633747184,10.292978361097987,-7.789254293001354,-14.167597432334361,2.5037240680966333,-3.874619071236372
1.8252971828679891,10.315895673963862,-7.795130102088944,-14.181153401711288,2.5207655718749153,-3.8652577277474274
1.82608250236126,10.33888806390262,-7.801008696578931,-14.194713821351144,2.5378793673236895,-3.855825757448526
1.8268678218545307,10.361955964196198,-7.806890079844133,-14.208278696750387,2.5550658843520653,-3.8463227325541895
1.8276531413478014,10.385099811955719,-7.812774255264627,-14.221848033427271,2.57232555669109,-3.836748221471554
1.8284384608410722,10.408320048166601,-7.818661226227754,-14.235421836921837,2.5896588219388486,-3.8271017887552357
1.829223780334343,10.431617117734348,-7.824550996128149,-14.2490001127959,2.6070661216062025,-3.817382995061551
1.8300090998276137,10.454991469530988,-7.830443568367728,-14.262582866633103,2.62454790116326,-3.807591397102116
1.8307944193208845,10.478443556442238,-7.836338946355737,-14.276170104038865,2.642104610086501,-3.797726547596627
1.8315797388141553,10.50197383541535,-7.842237133508746,-14.289761830640428,2.6597367019066054,-3.7877879952250777
1.832365058307426,10.525582767507679,-7.848138133250659,-14.303358052086846,2.677444634257023,-3.777775284579165
1.8331503778006968,10.549270817935986,-7.854041949012748,-14.316958774048986,2.695228868923235,-3.7676879561130034
1.8339356972939675,10.57303845612645,-7.859948584233659,-14.33056400221955,2.7130898718927927,-3.757525546093099
1.8347210167872383,10.596886155765517,-7.865858042359422,-14.34417374231306,2.731028113406096,-3.7472875865475452
1.835506336280509,10.620814394851399,-7.871770326843465,-14.357788000065877,2.749044068007935,-3.7369736052144757
1.8362916557737798,10.64482365574647,-7.877685441146651,-14.37140678123621,2.7671382145998162,-3.7265831254897424
1.8370769752670506,10.66891442523038,-7.8836033887372645,-14.385030091604111,2.7853110364931144,-3.716115666373732
1.8378622947603214,10.693087194554042,-7.889524173091043,-14.398657936971498,2.803563021463,-3.705570742417454
1.8386476142535921,10.717342459494375,-7.8954477976911885,-14.412290323162127,2.8218946618031864,-3.6949478636677546
1.839432933746863,10.741680720409965,-7.9013742660283794,-14.42592725602166,2.840306454381585,-3.6842465356116962
1.8402182532401337,10.766102482297535,-7.907303581600801,-14.439568741417602,2.858798900696737,-3.6734662591200657
1.8410035727334044,10.790608254849305,-7.913235747914142,-14.453214785239366,2.877372506935167,-3.6626065303900583
1.8417888922266752,10.81519855251124,-7.919170768481614,-14.466865393398232,2.8960277840296285,-3.6516668408869895
1.842574211719946,10.839873894542203,-7.925108646823979,-14.480520571827402,2.914765247718222,-3.640646677285199
1.8433595312132167,10.864634805074028,-7.931049386469557,-14.494180326481967,2.9335854186044696,-3.629545521407941
1.8441448507064875,10.889481813172562,-7.936992990954237,-14.507844663338943,2.9524888222183265,-3.6183628501663794
1.8449301701997582,10.914415452899618,-7.942939463821503,-14.521513588397255,2.971475989078112,-3.607098135497635
1.845715489693029,10.939436263375939,-7.948888808622437,-14.535187107677771,2.990547454753502,-3.595750844301833
1.8465008091863,10.96454478884517,-7.954841028915753,-14.548865227223299,3.009703759929418,-3.5843204383781297
1.8472861286795708,10.989741578738785,-7.960796128267794,-14.562547953098576,3.0289454504709905,-3.572806374359794
1.8480714481728415,11.015027187742115,-7.966754110252555,-14.57623529139031,3.048273077489559,-3.5612081036481946
1.8488567676661123,11.040402175861397,-7.972714978451714,-14.589927248207168,3.0676871974096835,-3.549525072345773
1.849642087159383,11.065867108491908,-7.97867873645462,-14.6036238296798,3.0871883720372884,-3.537756721187892
1.8504274066526538,11.091422556487164,-7.984645387858329,-14.617325041960816,3.106777168628833,-3.525902485473653
1.8512127261459246,11.117069096229281,-7.990614936267618,-14.631030891224846,3.126454159961662,-3.5139617949955655
1.8519980456391953,11.142807309700444,-7.996587385294997,-14.6447413836685,3.1462199244054467,-3.501934073968058
1.852783365132466,11.168637784555537,-8.002562738560723,-14.65845652551041,3.1660750459948144,-3.489818740954875
1.8535686846257369,11.194561114195968,-8.008540999692823,-14.67217632299123,3.186020114503147,-3.4776152087952616
1.8543540041190076,11.22057789784469,-8.014522172327105,-14.685900782373638,3.2060557255175857,-3.465322884528947
1.8551393236122784,11.246688740622456,-8.020506260107185,-14.699629909942352,3.2261824805152717,-3.4529411693198977
1.8559246431055492,11.27289425362531,-8.026493266684481,-14.713363712004153,3.2464009869408272,-3.4404694583788458
1.85670996259882,11.299195054003402,-8.032483195718262,-14.727102194887882,3.2667118582851398,-3.4279071408844835
1.8574952820920907,11.325591765041036,-8.038476050875632,-14.740845364944441,3.2871157141654046,-3.415253599903405
1.8582806015853615,11.352085016238133,-8.044471835831569,-14.754593228546828,3.3076131804065687,-3.4025082123086943
1.8590659210786322,11.37867544339296,-8.05047055426893,-14.768345792090132,3.3282048891240317,-3.389670348697172
1.859851240571903,11.405363688686323,-8.056472209878475,-14.782103061991547,3.3488914788078477,-3.3767393733052242
1.8606365600651738,11.432150400767103,-8.062476806358882,-14.795865044690386,3.369673594408221,-3.3637146439232826
1.8614218795584445,11.459036234839296,-8.06848434741676,-14.809631746648094,3.3905518874225358,-3.350595511808798
1.8622071990517153,11.486021852750472,-8.074494836766672,-14.823403174348247,3.411527015983799,-3.3373813215977757
1.862992518544986,11.513107923081748,-8.080508278131143,-14.837179334296586,3.432599644950603,-3.3240714112148395
1.8637778380382568,11.5402951212393,-8.086524675240693,-14.850960233021013,3.453770445998607,-3.3106651117817147
1.8645631575315276,11.567584129547438,-8.092544031833834,-14.864745877071602,3.475040097713604,-3.297161747524165
1.8653484770247983,11.594975637343234,-8.098566351657107,-14.878536273020629,3.4964092856861266,-3.2835606356773956
1.866133796518069,11.622470341072841,-8.104591638465076,-14.892331427462551,3.5178787026077663,-3.26986108638971
1.8669191160113399,11.650068944389414,-8.110619896020378,-14.90613134701407,3.539449048369038,-3.256062402624653
1.8677044355046106,11.67777215825276,-8.116651128093702,-14.91993603831408,3.56112103015906,-3.2421638800613213
1.8684897549978814,11.705580701030687,-8.122685338463842,-14.933745508023755,3.5828953625668447,-3.2281648069930675
1.8692750744911522,11.733495298602143,-8.128722530917688,-14.947559762826492,3.6047727676844517,-3.2140644642243466
1.870060393984423,11.761516684462157,-8.134762709250262,-14.961378809427973,3.626753975211895,-3.1998621249658172
1.8708457134776937,11.78964559982859,-8.140805877264718,-14.975202654556156,3.648839722563875,-3.1855570547275667
1.8716310329709644,11.817882793750812,-8.14685203877238,-14.989031304961298,3.6710307549784327,-3.171148511210486
1.8724163524642352,11.846229023220243,-8.15290119759274,-15.002864767415968,3.6933278256275024,-3.156635744195725
1.873201671957506,11.874685053282901,-8.15895335755349,-15.016703048715039,3.715731695729414,-3.14201799543214
1.8739869914507767,11.903251657153929,-8.165008522490535,-15.030546155675761,3.738243134663392,-3.127294498521835
1.8747723109440475,11.931929616334152,-8.171066696248008,-15.044394095137694,3.7608629200861405,-3.112464478803545
1.8755576304373183,11.960719720728765,-8.177127882678295,-15.058246873962798,3.7835918380504703,-3.097527153234034
1.876342949930589,11.989622768768108,-8.183192085642037,-15.0721044990354,3.8064306831260692,-3.082481730267292
1.8771282694238598,12.018639567530636,-8.18925930900818,-15.085966977262224,3.8293802585224546,-3.0673274097315866
1.8779135889171306,12.047770932868147,-8.19532955665396,-15.099834315572416,3.852441376214191,-3.052063382704269
1.8786989084104013,12.077017689533214,-8.201402832464929,-15.113706520917543,3.875614857068286,-3.036688831384329
1.879484227903672,12.106380671309015,-8.20747914033499,-15.127583600271617,3.898901530974026,-3.0212029289626003
1.8802695473969429,12.135860721141507,-8.2135584841664,-15.141465560631115,3.922302236975108,-3.0056048394896084
1.8810548668902136,12.165458691274019,-8.219640867869792,-15.155352409014986,3.9458178234042247,-2.98989371774097
1.8818401863834844,12.195175443384327,-8.225726295364192,-15.169244152464671,3.9694491480201384,-2.974068709080343
1.8826255058767551,12.225011848724321,-8.231814770577042,-15.18314079804412,3.993197078147273,-2.9581289493197986
1.883410825370026,12.254968788262149,-8.237906297444217,-15.197042352839807,4.017062490817932,-2.9420735645776572
1.8841961448632967,12.285047152827167,-8.244000879910041,-15.21094882396075,4.041046272917125,-2.9259016711335835
1.8849814643565674,12.315247843257445,-8.250098521927304,-15.224860218538526,4.065149321330141,-2.9096123752810805
1.8857667838498382,12.345571770550169,-8.256199227457287,-15.238776543727287,4.089372543092884,-2.893204773177116
1.886552103343109,12.376019856014807,-8.262303000469785,-15.252697806703775,4.113716855545021,-2.8766779506889693
1.8873374228363797,12.40659303142918,-8.268409844943104,-15.266624014667347,4.138183186486077,-2.860030983238169
1.8881227423296505,12.437292239198541,-8.274519764864111,-15.280555174839991,4.16277247433443,-2.84326293564145
1.8889080618229213,12.468118432517656,-8.280632764228224,-15.29449129446633,4.1874856682894315,-2.8263728619486757
1.889693381316192,12.499072575535962,-8.28674884703945,-15.308432380813663,4.212323728496513,-2.8093598052777007
1.8904787008094628,12.530155643525969,-8.2928680173104,-15.322378441171963,4.237287626215569,-2.7922227976459975
1.8912640203027336,12.561368623054847,-8.298990279062302,-15.336329482853914,4.2623783439925464,-2.7749608597990676
1.8920493397960043,12.592712512159352,-8.305115636325027,-15.350285513194908,4.287596875834325,-2.757573001035556
1.892834659289275,12.62418832052419,-8.311244093137107,-15.36424653955308,4.3129442273870815,-2.740058219028889
1.8936199787825458,12.655797069663816,-8.317375653545756,-15.37821256930932,4.338421416118062,-2.7224154996455048
1.8944052982758166,12.687539793107817,-8.323510321606877,-15.3921836098673,4.36402947150094,-2.704643816759487
1.8951906177690874,12.719417536589914,-8.329648101385104,-15.40615966865349,4.38976943520481,-2.6867421320635727
1.8959759372623581,12.75143135824078,-8.3357889969538,-15.420140753117156,4.415642361286979,-2.6687093948763785
1.896761256755629,12.783582328784549,-8.341933012395094,-15.434126870730422,4.441649316389454,-2.6505445419458735
1.8975465762488997,12.815871531739358,-8.348080151799888,-15.448118028988251,4.46779137993947,-2.632246497248892
1.8983318957421704,12.848300063621851,-8.354230419267878,-15.462114235408492,4.4940696443539725,-2.6138141717866423
1.8991172152354412,12.880869034155747,-8.360383818907591,-15.476115497531886,4.520485215248157,-2.5952464633761396
1.899902534728712,12.913579566484684,-8.366540354836374,-15.490121822922077,4.547039211648308,-2.5765422564373957
1.9006878542219827,12.946432797389305,-8.372700031180443,-15.504133219165666,4.573732766208861,-2.5577004217763584
1.9014731737152535,12.979429877508819,-8.378862852074892,-15.518149693872195,4.600567025433929,-2.5387198163633764
1.9022584932085242,13.012571971567013,-8.385028821663703,-15.532171254674198,4.627543149903309,-2.519599283107187
1.903043812701795,13.045860258602907,-8.391197944099787,-15.54619790922719,4.654662314503122,-2.5003376506242816
1.9038291321950658,13.079295932206218,-8.397370223544987,-15.560229665209729,4.681925708661231,-2.4809337330035093
1.9046144516883365,13.11288020075759,-8.403545664170107,-15.574266530323397,4.709334536587483,-2.4613863295658076
1.9053997711816073,13.146614287673868,-8.409724270154936,-15.588308512292846,4.736890017518933,-2.441694224618979
1.906185090674878,13.180499431658445,-8.415906045688246,-15.602355618865825,4.764593385970199,-2.4218561872073785
1.9069704101681488,13.214536886956898,-8.422090994967846,-15.616407857813176,4.792445891989053,-2.401870970856275
1.9077557296614196,13.248727923617889,-8.428279122200582,-15.63046523692888,4.82044880141731,-2.381737313310988
1.9085410491546904,13.283073827759676,-8.434470431602355,-15.64452776403006,4.848603396157322,-2.3614539362703852
1.9093263686479611,13.317575901842192,-8.440664927398151,-15.658595446957044,4.876910974444039,-2.3410195451148517
1.910111688141232,13.352235464944965,-8.446862613822073,-15.672668293573329,4.905372851122893,-2.320432828628365
1.9108970076345027,13.387053853050892,-8.453063495117323,-15.686746311765647,4.933990357933569,-2.2996924587147562
1.9116823271277734,13.422032419336205,-8.459267575536268,-15.70082950944398,4.962764843799935,-2.2787970901077754
1.9124676466210442,13.45717253446659,-8.46547485934044,-15.71491789454157,4.991697675126149,-2.257745360074979
1.913252966114315,13.492475586899747,-8.471685350800547,-15.729011475014953,5.0207902360992,-2.2365358881152053
1.9140382856075857,13.52794298319455,-8.477899054196515,-15.743110258843998,5.050043928998038,-2.215167275649446
1.9148236051008565,13.563576148326895,-8.484115973817497,-15.757214254031894,5.079460174509396,-2.1936381057049976
1.9156089245941272,13.599376526012518,-8.490336113961904,-15.7713234686052,5.109040412050614,-2.1719469425926827
1.916394244087398,13.635345579036876,-8.496559478937405,-15.785437910613885,5.1387861000994715,-2.1500923315770057
1.9171795635806688,13.67148478959239,-8.50278607306098,-15.799557588131307,5.16869871653141,-2.128072798538919
1.9179648830739395,13.70779565962308,-8.50901590065891,-15.813682509254281,5.198779758964168,-2.1058868496311995
1.9187502025672103,13.744279711176969,-8.51524896606683,-15.82781268210308,5.229030745110137,-2.0835329709261114
1.919535522060481,13.780938486766344,-8.521485273629722,-15.841948114821466,5.259453213136624,-2.0610096280551233
1.9203208415537518,13.817773549736156,-8.527724827701949,-15.856088815576728,5.290048722034205,-2.038315265840572
1.9211061610470226,13.854786484640673,-8.533967632647286,-15.870234792559677,5.320818851993384,-2.015448307919006
1.9218914805402934,13.891978897628798,-8.540213692838925,-15.884386053984718,5.351765204789871,-1.992407156355922
1.9226768000335641,13.929352416838093,-8.546463012659514,-15.89854260808983,5.382889404178578,-1.9691901912517387
1.9234621195268349,13.966908692797853,-8.552715596501155,-15.912704463136613,5.414193096296698,-1.9457957703387618
1.9242474390201056,14.004649398841487,-8.558971448765455,-15.926871627410332,5.445677950076032,-1.922222228568845
1.9250327585133764,14.042576231528422,-8.56523057386353,-15.941044109219899,5.47734565766489,-1.89846787769148
1.9258180780066472,14.080690911075775,-8.571492976216033,-15.955221916897953,5.509197934859742,-1.8745310058221794
1.926603397499918,14.118995181800173,-8.577758660253174,-15.969405058800843,5.541236521547001,-1.8504098770006696
1.9273887169931887,14.157490812569893,-8.584027630414745,-15.983593543308682,5.573463182155148,-1.826102730738791
1.9281740364864595,14.196179597267642,-8.590299891150138,-15.997787378825363,5.605879706117499,-1.8016077815577238
1.9289593559797302,14.23506335526434,-8.59657544691838,-16.01198657377859,5.638487908345965,-1.776923218514245
1.929744675473001,14.27414393190416,-8.602854302188135,-16.026191136619897,5.671289629716025,-1.7520472047157365
1.9305299949662718,14.313423199001125,-8.609136461437751,-16.04040107582471,5.704286737563375,-1.7269778768235833
1.9313153144595425,14.352903055347682,-8.61542192915526,-16.054616399892325,5.73748112619242,-1.7017133445446433
1.9321006339528133,14.392585427235547,-8.621710709838414,-16.06883711734597,5.770874717397131,-1.6762516901104263
1.932885953446084,14.432472268989134,-8.62800280799471,-16.083063236732837,5.804469460994425,-1.6505909677437032
1.9336712729393548,14.472565563512045,-8.634298228141407,-16.097294766624085,5.838267335370637,-1.6247292031120364
1.9344565924326256,14.51286732284691,-8.640596974805545,-16.11153171561488,5.872270348041365,-1.5986643927679682
1.9352419119258963,14.55337958874901,-8.646899052523985,-16.125774092324455,5.906480536225028,-1.5723945035754432
1.936027231419167,14.594104433274076,-8.653204465843412,-16.14002190539609,5.940899967430666,-1.5459174721220106
1.9368125509124379,14.635043959380745,-8.659513219320367,-16.154275163497168,5.975530740060377,-1.5192312041164238
1.9375978704057086,14.676200301548,-8.665825317521282,-16.168533875319216,6.010374984026719,-1.4923335737712138
1.9383831898989794,14.71757562640815,-8.672140765022485,-16.1827980495779,6.045434861385669,-1.4652224231697522
1.9391685093922502,14.759172133395799,-8.67845956641023,-16.197067695013104,6.080712566985568,-1.4378955616173066
1.939953828885521,14.800992055413207,-8.684781726280733,-16.21134282038891,6.116210329132472,-1.410350764975704
1.940739148378792,14.843037659512701,-8.691107249240172,-16.225623434493674,6.151930410272528,-1.3825857749809747
1.9415244678720627,14.885311247596446,-8.697436139904735,-16.239909546140016,6.187875107691715,-1.3545982985435665
1.9423097873653334,14.927815157134408,-8.703768402900618,-16.254201164164876,6.224046754233788,-1.3263860070304665
1.9430951068586042,14.970551761900728,-8.710104042864087,-16.268498297429556,6.260447719036639,-1.2979465355288242
1.943880426351875,15.013523472729362,-8.716443064441465,-16.282800954819717,6.297080408287899,-1.2692774820903527
1.9446657458451457,15.05673273828947,-8.722785472289168,-16.297109145245454,6.333947266000304,-1.2403764069559848
1.9454510653384165,15.100182045881155,-8.729131271073742,-16.311422877641288,6.3710507748074106,-1.211240831760136
1.9462363848316873,15.143873922252256,-8.735480465471873,-16.325742160966215,6.408393456780381,-1.1818682387139599
1.947021704324958,15.187810934436879,-8.741833060170414,-16.34006700420375,6.445977874266463,-1.1522560697668731
1.9478070238182288,15.231995690616287,-8.748189059866418,-16.354397416361948,6.48380663074987,-1.122401725745661
1.9485923433114996,15.276430841002904,-8.754548469267144,-16.36873340647342,6.521882371735758,-1.0923025654705185
1.9493776628047703,15.321119078748266,-8.760911293090107,-16.38307498359542,6.560207785658157,-1.0619559048471574
1.950162982298041,15.36606314087549,-8.767277536063089,-16.39742215680981,6.598785604812404,-1.0313590159343224
1.9509483017913118,15.411265809237364,-8.773647202924154,-16.411774935223146,6.637618606313213,-1.0005091259857815
1.9517336212845826,15.456729911500585,-8.780020298421695,-16.42613332796668,6.67670961307889,-0.9694034164660992
1.9525189407778534,15.502458322157256,-8.78639682731444,-16.44049734419643,6.7160614948428154,-0.9380390220391756
1.9533042602711241,15.548453963564421,-8.792776794371495,-16.454866993093166,6.755677169192928,-0.9064130295287445
1.954089579764395,15.594719807012602,-8.79916020437235,-16.469242283862485,6.795559602640252,-0.8745224768498836
1.9548748992576657,15.641258873824357,-8.805547062106918,-16.483623225734828,6.835711811717438,-0.8423643519104735
1.9556602187509364,15.68807423648381,-8.811937372375557,-16.498009827965525,6.876136864108253,-0.8099355914817162
1.9564455382442072,15.73516901979827,-8.818331139989091,-16.512402099834812,6.916837879809179,-0.7772330800365413
1.957230857737478,15.782546402092976,-8.824728369768849,-16.526800050647882,6.957818032324129,-0.7442536485549078
1.9580161772307487,15.830209616440175,-8.831129066546664,-16.541203689734935,6.9990805498935105,-0.710994073294759
1.9588014967240195,15.878161951923657,-8.837533235164935,-16.555613026451166,7.040628716758722,-0.6774510745275089
1.9595868162172903,15.926406754940054,-8.843940880476625,-16.57002807017686,7.0824658744634315,-0.6436213152368032
1.960372135710561,15.974947430538142,-8.850352007345295,-16.58444883031738,7.124595423192845,-0.6095013997792383
1.9611574552038318,16.02378744379743,-8.856766620645134,-16.598875316303236,7.167020823152298,-0.5750878725058061
1.9619427746971025,16.072930321247654,-8.863184725260979,-16.61330753759011,7.209745595986673,-0.5403772163424572
1.9627280941903733,16.12237965233028,-8.869606326088352,-16.62774550365888,7.252773326241932,-0.5053658513286
1.963513413683644,16.172139090903897,-8.876031428033466,-16.642189224015688,7.29610766287043,-0.47005013311179095
1.9642987331769148,16.222212356794802,-8.882460036013276,-16.656638708191945,7.339752320781525,-0.43442635139714525
1.9650840526701856,16.27260323739456,-8.888892154955492,-16.671093965744397,7.383711082439066,-0.3984907283498437
1.9658693721634564,16.323315589306254,-8.895327789798603,-16.685555006255143,7.427987799507649,-0.36223941694888906
1.9666546916567271,16.374353340041115,-8.901766945491909,-16.700021839331676,7.4725863945492055,-0.3256684992905613
1.967440011149998,16.425720489767546,-8.908209626995552,-16.714494474606937,7.517510862771992,-0.28877398483939026
1.9682253306432687,16.477421113114335,-8.914655839280531,-16.728972921739327,7.562765273833802,-0.2515518086249944
1.9690106501365394,16.52945936103024,-8.921105587328746,-16.743457190412784,7.608353773701499,-0.21399782938254452
1.9697959696298102,16.581839462701918,-8.927558876133006,-16.75794729033679,7.654280586568911,-0.17610782763487182
1.970581289123081,16.634565727532515,-8.934015710697063,-16.7724432312464,7.700550016835445,-0.13787750371389
1.9713666086163517,16.68764254718325,-8.940476096035658,-16.78694502290234,7.747166451147589,-0.09930247571909254
1.9721519281096225,16.741074397680308,-8.946940037174514,-16.801452675090978,7.794134360505795,-0.06037827741067116
1.9729372476028932,16.79486584158964,-8.953407539150385,-16.815966197624416,7.841458302439253,-0.021100356034777844
1.973722567096164,16.849021530262334,-8.959878607011095,-16.830485600340495,7.889142923251239,0.01853592992183778
1.9745078865894348,16.903546206153237,-8.966353245815533,-16.845010893102863,7.937192960337703,0.058535313050374134
1.9752932060827055,16.958444705215822,-8.972831460633707,-16.859542085800992,7.985613244582117,0.09890261941482908
1.9760785255759763,17.01372195937624,-8.979313256546757,-16.874079188350244,8.034408702829484,0.13964277102600015
1.976863845069247,17.06938299908976,-8.985798638647001,-16.888622210691885,8.08358436044276,0.18076078839787613
1.9776491645625178,17.12543295598289,-8.99228761203794,-16.903171162793154,8.13314534394495,0.22226179318973832
1.9784344840557886,17.181877065584718,-8.998780181834304,-16.91772605464728,8.183096883750412,0.26415101093743737
1.9792198035490594,17.238720670150972,-9.005276353162074,-16.932286896273542,8.233444316988901,0.30643377387742954
1.9800051230423301,17.295969221584787,-9.011776131158506,-16.946853697717305,8.28419309042628,0.3491155238674807
1.9807904425356009,17.35362828445797,-9.018279520972174,-16.961426469050068,8.335348763485797,0.3922018154079026
1.9815757620288716,17.41170353913716,-9.024786527762972,-16.976005220369487,8.386917011374189,0.43569831876767445
1.9823610815221424,17.47020078501913,-9.031297156702173,-16.99058996179945,8.438903628316956,0.4796108232196796
1.9831464010154132,17.52912594387982,-9.037811412972438,-17.005180703490094,8.49131453090738,0.5239452403897258
1.983931720508684,17.588485063342134,-9.044329301767853,-17.019777455617852,8.544155761574277,0.5687076077242783
1.9847170400019547,17.64828432046732,-9.050850828293955,-17.034380228385523,8.597433492173366,0.6139040920817969
1.9855023594952255,17.70853002547547,-9.057375997767759,-17.04898903202227,8.65115402770771,0.6595409934531964
1.9862876789884962,17.769228625600604,-9.063904815417793,-17.063603876783713,8.70532381018281,0.705624748816893
1.987072998481767,17.83038670908638,-9.070437286484127,-17.078224772951934,8.759949422602254,0.7521619361344472
1.9878583179750378,17.892011009328424,-9.076973416218394,-17.092851730835555,8.81503759311003,0.7991592784928692
1.9886436374683085,17.95410840916997,-9.083513209883826,-17.107484760769747,8.870595199286143,0.8466236484002214
1.9894289569615793,18.016685945357622,-9.090056672755289,-17.12212387311631,8.92662927260233,0.8945620722413115
1.99021427645485,18.079750813164335,-9.096603810119298,-17.1367690782637,8.98314700304504,0.9429817349006353
1.9909995959481208,18.143310371187404,-9.103154627274058,-17.151420386627073,9.040155743913346,0.99188998456033
1.9917849154413916,18.20737214632929,-9.109709129529499,-17.166077808648346,9.097663016799793,1.0412943376809456
1.9925702349346623,18.27194383896982,-9.116267322207287,-17.180741354796233,9.155676516762531,1.0912024841735841
1.993355554427933,18.337033328338585,-9.122829210640868,-17.195411035566288,9.214204117697715,1.1416222927722945
1.9941408739212039,18.402648678097002,-9.129394800175504,-17.210086861480953,9.273253877921498,1.1925618166160485
1.9949261934144746,18.46879814213981,-9.13596409616828,-17.224768843089624,9.33283404597153,1.2440292990501858
1.9957115129077454,18.53549017062652,-9.142537103988168,-17.239456990968666,9.392953066638352,1.2960331796578572
1.9964968324010162,18.602733416253816,-9.149113829016022,-17.254151315721483,9.453619587237792,1.3485821005323366
1.997282151894287,18.670536740780577,-9.155694276644637,-17.268851827978565,9.514842464135938,1.4016849128020128
1.9980674713875577,18.73890922181777,-9.162278452278759,-17.283558538397536,9.57663076953901,1.4553506834202332
1.9988527908808285,18.80786015989632,-9.168866361335137,-17.29827145766319,9.638993798561183,1.5095887022331314
1.9996381103740992,18.877399085826557,-9.175458009242533,-17.31299059648755,9.701941076584026,1.564408489339011
2.00042342986737,18.94753576836408,-9.182053401441761,-17.327715965609915,9.765482366922317,1.6198198027541628
2.0012087493606407,19.018280222197,-9.188652543385725,-17.34244757579691,9.829627678811274,1.6758326464000903
2.0019940688539117,19.089642716271666,-9.195255440539452,-17.357185437842535,9.894387275732212,1.7324572784291274
2.0027793883471823,19.16163378247304,-9.201862098380095,-17.37192956256822,9.959771684092944,1.7897042199048239
2.0035647078404533,19.2342642246795,-9.208472522397011,-17.38667996082286,10.025791702282486,1.8475842638566367
2.004350027333724,19.307545128209995,-9.21508671809175,-17.40143664348288,10.092458410118244,1.906108484727114
2.005135346826995,19.381487869685742,-9.22170469097811,-17.416199621452286,10.15978317870763,1.9652882482334544
2.0059206663202653,19.456104127326995,-9.228326446582164,-17.430968905662695,10.227777680744829,2.0251352216642964
2.0067059858135363,19.53140589170948,-9.234951990442298,-17.445744507073425,10.296453901267181,2.0856613846360554
2.007491305306807,19.607405477004065,-9.241581328109215,-17.46052643667149,10.365824148894848,2.1468790403325757
2.008276624800078,19.684115532727198,-9.248214465146017,-17.47531470547172,10.435901067581185,2.2088008272554758
2.0090619442933484,19.761549056028997,-9.254851407128182,-17.49010932451675,10.506697648900813,2.2714397315122463
2.0098472637866194,19.83971940455,-9.261492159643653,-17.504910304877125,10.578227244906344,2.3348090996728716
2.01063258327989,19.9186403098772,-9.268136728292808,-17.5197176576513,10.650503581584395,2.398922652225908
2.011417902773161,19.998325891634583,-9.274785118688554,-17.534531393965736,10.723540772946027,2.4637944976688457
2.0122032222664314,20.078790672242818,-9.281437336456312,-17.54935152497493,10.797353335786505,2.529439147267886
2.0129885417597024,20.160049592388383,-9.288093387234088,-17.564178061861494,10.871956205154296,2.5958715305268893
2.013773861252973,20.2421180272416,-9.294753276672465,-17.57901101583616,10.947364750569136,2.663107011405445
2.014559180746244,20.325011803469295,-9.301417010434685,-17.59385039813788,11.023594793034608,2.73116140533141
2.0153445002395145,20.40874721708757,-9.308084594196625,-17.608696220033863,11.100662622890937,2.800050997053707
2.0161298197327855,20.493341052206624,-9.314756033646903,-17.623548492819634,11.178585018559723,2.869792559386993
2.016915139226056,20.57881060072002,-9.321431334486821,-17.638407227819073,11.257379266233198,2.9404033729009456
2.017700458719327,20.66517368299764,-9.328110502430489,-17.653272436384498,11.337063180567155,3.011901246613146
2.0184857782125976,20.752448669642895,-9.334793543204794,-17.66814412989668,11.417655126438103,3.084304539746216
2.0192710977058685,20.84065450438198,-9.341480462549473,-17.68302231976496,11.499174041832507,3.1576321846170257
2.020056417199139,20.929810728155125,-9.34817126621711,-17.697907017427212,11.581639461938016,3.231903710727915
2.02084173669241,21.019937504487988,-9.354865959973218,-17.71279823435002,11.66507154451477,3.307139270137969
2.0216270561856806,21.11105564622398,-9.361564549596226,-17.72769598202861,11.749491096627755,3.383359664195367
2.0224123756789516,21.203186643707802,-9.368267040877544,-17.742600271987012,11.834919602830258,3.460586371720789
2.023197695172222,21.296352694514145,-9.374973439621584,-17.757511115778033,11.921379254892564,3.5388415787361116
2.023983014665493,21.390576734825867,-9.381683751645804,-17.772428524983383,12.008892983180061,3.6181482098424818
2.0247683341587637,21.485882472571177,-9.38839798278073,-17.78735251121368,12.097484489790444,3.6985299613574956
2.0255536536520347,21.582294422441063,-9.395116138870007,-17.802283086108538,12.187178283571052,3.7800113363325227
2.026338973145305,21.67983794291489,-9.401838225770412,-17.817220261336605,12.277999717144482,3.8626176815782864
2.027124292638576,21.778539275435577,-9.408564249351915,-17.832164048595665,12.369975026083662,3.946375226839912
2.0279096121318467,21.878425585884088,-9.415294215497694,-17.847114459612612,12.46313137038639,4.031311126271471
2.0286949316251177,21.979525008519104,-9.422028130104186,-17.86207150614362,12.557496878414916,4.117453502375482
2.0294802511183883,22.081866692557778,-9.428765999081103,-17.87703519997409,12.653100693476675,4.204831492583684
2.0302655706116592,22.185480851592352,-9.43550782835149,-17.892005552918807,12.749973023240866,4.293475298673543
2.03105089010493,22.290398816050452,-9.442253623851741,-17.906982576821925,12.848145192198714,4.383416239228527
2.0318362095982008,22.396653088928776,-9.44900339153165,-17.921966283557083,12.947649697397125,4.4746868053716895
2.0326215290914713,22.504277405046377,-9.455757137354437,-17.936956685027408,13.048520267691936,4.567320720018967
2.0334068485847423,22.613306794089812,-9.4625148672968,-17.95195379316565,13.150791926793012,4.661353000924161
2.034192168078013,22.723777647742814,-9.469276587348919,-17.966957619934163,13.254501060393896,4.756820027808646
2.034977487571284,22.835727791224528,-9.47604230351453,-17.981968177325047,13.35968548771,4.853759613899481
2.0357628070645544,22.949196559586177,-9.482812021810929,-17.996985477360113,13.466384537775246,4.9522110822260625
2.0365481265578254,23.06422487915329,-9.489585748269048,-18.01200953209106,13.57463913088424,5.05221534706223
2.037333446051096,23.180855354533243,-9.496363488933442,-18.027040353599425,13.6844918655998,5.1538150009338155
2.038118765544367,23.299132361653292,-9.50314524986237,-18.04207795399674,13.795987111790923,5.2570544076565575
2.0389040850376374,23.4191021473354,-9.509931037127807,-18.05712234542451,13.909171110207595,5.361979801910895
2.0396894045309084,23.540812935968876,-9.516720856815486,-18.072173540054365,14.02409207915339,5.46863939591451
2.040474724024179,23.664315043894874,-9.52351471502494,-18.08723155008804,14.140800328869936,5.577083493806835
2.04126004351745,23.789661002183603,-9.53031261786955,-18.102296387757505,14.259348384314052,5.687364614426096
2.0420453630107205,23.91690568855193,-9.537114571476547,-18.117368065324968,14.379791117075385,5.799537623226964
2.0428306825039915,24.046106469252937,-9.543920581987088,-18.132446595083017,14.502185887265846,5.913659874169919
2.043616001997262,24.177323351852923,-9.55073065555628,-18.147531989354583,14.626592696296646,6.029791362498344
2.044401321490533,24.310619149917287,-9.557544798353208,-18.162624260493114,14.75307435156408,6.147994889424169
2.0451866409838035,24.446059660733397,-9.564363016560982,-18.177723420882558,14.881696644172415,6.26833623985084
2.0459719604770745,24.58371385733239,-9.571185316376795,-18.192829482937476,15.012528540955596,6.3908843743949175
2.046757279970345,24.723654096209696,-9.578011704011912,-18.207942459103062,15.145642392197782,6.515711637106634
2.047542599463616,24.86595634231305,-9.584842185691762,-18.223062361855284,15.281114156621289,6.642893980457764
2.0483279189568866,25.01070041304692,-9.591676767655944,-18.238189203700866,15.419023645390975,6.772511209346051
2.0491132384501576,25.157970243258063,-9.598515456158276,-18.253322997177424,15.559454787099787,6.9046472460806445
2.049898557943428,25.307854173402255,-9.605358257466834,-18.268463754853457,15.702495915935419,7.039390418548796
2.050683877436699,25.460445263371923,-9.612205177863997,-18.28361148932853,15.848240085507925,7.176833774043393
2.0514691969299697,25.615841634773687,-9.619056223646464,-18.298766213233208,15.996785411127224,7.317075421540481
2.0522545164232406,25.77414684481093,-9.62591140112533,-18.313927939229234,16.1482354436856,7.460218905581696
2.053039835916511,25.935470295336422,-9.632770716626084,-18.32909668000952,16.30269957871034,7.606373615326901
2.053825155409782,26.099927681124207,-9.639634176488697,-18.344272448298284,16.460293504635512,7.755655232825926
2.0546104749030527,26.267641481958528,-9.646501787067605,-18.359455256851046,16.621139694890925,7.908186225107482
2.0553957943963237,26.43874150378489,-9.653373554731798,-18.37464511845478,16.785367949053093,8.06409638533011
2.0561811138895942,26.613365474909866,-9.660249485864842,-18.389842045927892,16.953115989045028,8.223523428981975
2.0569664333828652,26.79165970411235,-9.667129586864906,-18.405046052120383,17.12453011724745,8.386613651991976
2.0577517528761358,26.973779808541813,-9.674013864144827,-18.420257149913834,17.299765944396984,8.55352265862798
2.0585370723694068,27.15989152048014,-9.68090232413214,-18.435475352221555,17.478989196348003,8.724416168258585
2.0593223918626773,27.350171583444315,-9.687794973269103,-18.450700671988592,17.662376610175205,8.899470911455719
2.0601077113559483,27.544808749775406,-9.694691818012776,-18.46593312219185,17.85011693176263,9.07887562758356
2.060893030849219,27.744004893822684,-9.701592864835018,-18.481172715840103,18.042412028987666,9.262832177982581
2.06167835034249,27.947976257182287,-9.708498120222561,-18.49641946597416,18.239478136959725,9.451556791208127
2.0624636698357603,28.15695484524245,-9.715407590677032,-18.51167338566682,18.44154725456542,9.645281459575628
2.0632489893290313,28.37118999765273,-9.722321282715015,-18.526934488023066,18.648868714937713,9.844255509629663
2.064034308822302,28.5909501593695,-9.729239202868062,-18.54220278618002,18.86171095650144,10.048747373189478
2.064819628315573,28.816524883831647,-9.736161357682779,-18.55747829330714,19.080363526148872,10.259046590524513
2.0656049478088434,29.048227105755878,-9.743087753720811,-18.572761022606162,19.305139352035066,10.475466083149714
2.0663902673021144,29.286395728312854,-9.750018397558945,-18.58805098731131,19.536377330753908,10.698344741001547
2.067175586795385,29.531398578349993,-9.7569532957891,-18.60334820068924,19.774445282560894,10.928050377660753
2.067960906288656,29.783635794340547,-9.763892455018414,-18.618652676039233,20.019743339322137,11.164983118301318
2.0687462257819265,30.04354372538861,-9.770835881869237,-18.63396442669317,20.27270784351937,11.409579298695437
2.0695315452751974,30.311599436689804,-9.777783582979234,-18.64928346601569,20.533815853710568,11.662315970674113
2.070316864768468,30.58832593828057,-9.784735565001373,-18.6646098074042,20.803590373279196,11.923716130876365
2.071102184261739,30.874298281054017,-9.791691834604006,-18.679943464289014,21.082606446450008,12.194354816765005
2.0718875037550095,31.170150698595435,-9.798652398470884,-18.695284450133357,21.371498300124546,12.474866248462074
2.0726728232482805,31.476585017819367,-9.805617263301226,-18.71063277843352,21.67096775451814,12.765952239385845
2.073458142741551,31.794380618893566,-9.812586435809742,-18.725988462718867,21.98179418308382,13.068392156174697
2.074243462234822,32.12440630006335,-9.819559922726697,-18.74135151655198,22.304846377336656,13.383054783511374
2.0750287817280926,32.467634502007805,-9.82653773079793,-18.756721953528665,22.641096771209874,13.71091254847914
2.0758141012213636,32.8251584782234,-9.83351986678493,-18.77209978727811,22.991638611438475,14.053058690945296
2.076599420714634,33.1982131753732,-9.84050633746484,-18.78748503146287,23.35770683790836,14.410728143910328
2.077384740207905,33.588200829149685,-9.847497149630545,-18.802877699779067,23.74070367951914,14.785323129370617
2.0781700597011756,33.99672261425527,-9.854492310090677,-18.818277805956342,24.142230304164592,15.17844480829893
2.0789553791944466,34.425618152558755,-9.8614918256697,-18.833685363758022,24.564126326889053,15.591932788800733
2.079740698687717,34.87701534357938,-9.868495703207907,-18.849100386981167,25.008519640371464,16.02791495659821
2.080526018180988,35.35339393291246,-9.875503949561523,-18.86452288945667,25.477889983350938,16.48887104345579
2.0813113376742587,35.85766763012356,-9.882516571602688,-18.879952885049306,25.975151058520872,16.977714745074252
2.0820966571675297,36.39329167623962,-9.88953357621956,-18.895390387657848,26.503758100020057,17.497901288581772
2.0828819766608007,36.96440595455322,-9.896554970316316,-18.910835411215132,27.0678509842369,18.05357054333809
2.083667296154071,37.576028741687445,-9.90358076081322,-18.926287969688122,27.67244798087422,18.64974077199932
2.084452615647342,38.234324250787196,-9.910610954646678,-18.941748077078053,28.323713296140518,19.292576173709147
2.0852379351406127,38.94698049348888,-9.917645558769246,-18.957215747420435,29.02933493471963,19.989764746068445
2.0860232546338837,39.723756993210635,-9.924684580149734,-18.972690994785196,29.7990724130609,20.75106599842544
2.0868085741271543,40.577303100031855,-9.93172802577319,-18.98817383327673,30.64557507425866,21.58912926675512
2.0875938936204252,41.524425104792755,-9.938775902641007,-19.003664277034023,31.58564920215175,22.520760827758735
2.088379213113696,42.58813432446896,-9.94582821777091,-19.01916234023067,32.64230610669805,23.56897198423828
2.0891645326069668,43.80113604558785,-9.95288497819706,-19.03466803707505,33.84825106739079,24.766468008512796
2.0899498521002373,45.212177984392305,-9.959946190970053,-19.05018138181032,35.252231793422254,26.161996602581983
2.0907351715935083,46.89863245964612,-9.967011863157005,-19.06570238871457,36.93162059648911,27.83293007093155
2.091520491086779,48.994496187731755,-9.974082001841577,-19.081231072100852,39.020414185890175,29.9132651156309
2.09230581058005,51.764086828347416,-9.981156614124032,-19.096767446317347,41.782930214223384,32.66731938203007
2.0930911300733204,55.85669279867523,-9.988235707121273,-19.112311525747355,45.86845709155397,36.74438127292788
2.0938764495665914,63.86251790640057,-9.995319287966911,-19.12786332480946,53.86719861843366,44.73465458159111
2.094661769059862,69.63867215396212,-10.0024073638113,-19.143422857957557,59.63626479015082,50.49524929600456
2.095447088553133,57.71584145872942,-10.009499941821572,-19.158990139681013,47.70634151690785,38.556851319048405
2.0962324080464034,52.87041021488296,-10.01659702918171,-19.17456518450467,42.85381318570124,33.69584503037829
2.0970177275396744,49.777311754595466,-10.023698633092607,-19.190148006989013,39.753613121502866,30.587163747606457
2.097803047032945,47.50018456135528,-10.030804760772053,-19.205738621730188,37.469379800583226,28.294445939625096
2.098588366526216,45.69699108923687,-10.037915419454873,-19.221337043360165,35.659075669782005,26.475654045876706
2.0993736860194865,44.20392091940193,-10.045030616392896,-19.23694328654677,34.15889030300904,24.966977632855162
2.1001590055127575,42.92970645168871,-10.052150358855057,-19.252557365993795,32.87755609283365,23.677149085694914
2.100944325006028,41.81824898644307,-10.05927465412742,-19.268179296441094,31.758974332315653,22.550069690001976
2.101729644499299,40.83258934058467,-10.066403509513256,-19.283809092664686,30.766185831071418,21.548780247919982
2.1025149639925695,39.94708363553365,-10.07353693233304,-19.299446769476802,29.87354670320061,20.64763686605685
2.1033002834858405,39.143209061443265,-10.080674929924573,-19.31509234172604,29.062534131518692,19.82811671971723
2.104085602979111,38.40714921923889,-10.08781750964297,-19.330745824297388,28.31933170959592,19.076403394941504
2.104870922472382,37.72832342677947,-10.094964678860753,-19.3464072321124,27.633358747918713,18.381916194667067
2.1056562419656526,37.09844909544133,-10.102116444967875,-19.362076580129198,26.996332650473455,17.736372515312134
2.1064415614589236,36.51092090693868,-10.109272815371789,-19.37775388334265,26.401648091566898,17.133167023596034
2.107226880952194,35.960386434211536,-10.116433797497477,-19.393439156784392,25.843952636714054,16.56694727742714
2.108012200445465,35.44244803367431,-10.123599398787544,-19.409132415522993,25.31884863488677,16.033315618151317
2.1087975199387357,34.95344844453571,-10.130769626702222,-19.424833674663983,24.82267881783349,15.528614769871732
2.1095828394320066,34.49031338330619,-10.137944488719446,-19.44054294935,24.35236889458674,15.049770433956187
2.110368158925277,34.05043386614552,-10.14512399233491,-19.45626025476084,23.90530987381061,14.594173611384683
2.111153478418548,33.63157680267217,-10.152308145062106,-19.471985606113623,23.479268657610064,14.159591196558548
2.1119387979118187,33.23181608306273,-10.159496954432388,-19.487719018662805,23.072319128630348,13.744097064399929
2.1127241174050897,32.84947876780468,-10.166690427995018,-19.503460507700353,22.68278833980967,13.346018260104335
2.1135094368983602,32.483102574531244,-10.173888573317218,-19.51921008855576,22.309214001214023,12.963892485975483
2.1142947563916312,32.13140193016147,-10.181091397984236,-19.53496777659624,21.950310532177237,12.596434153565232
2.1150800758849018,31.793240597489042,-10.18829890959938,-19.55073358722675,21.604941687889657,12.24250701026229
2.1158653953781728,31.46760940514266,-10.195511115784088,-19.566507535890125,21.272098289358574,11.901101869252535
2.1166507148714433,31.15360798010807,-10.202728024177972,-19.582289638067156,20.9508799559301,11.571318342040914
2.1174360343647143,30.85042964942755,-10.209949642438875,-19.598079909276727,20.640480006988675,11.252349740150825
2.118221353857985,30.55734887337183,-10.217175978242935,-19.613878365075863,20.3401728951289,10.94347050829597
2.119006673351256,30.27371071723175,-10.224407039284618,-19.629685021059892,20.049303677947133,10.644025696171857
2.1197919928445264,29.99892197732235,-10.23164283327679,-19.645499892862475,19.76727914404556,10.353422084459876
2.1205773123377973,29.73244365877796,-10.23888336795078,-19.661322996155793,19.49356029082718,10.071120662622167
2.121362631831068,29.47378456532686,-10.246128651056397,-19.677154346650553,19.22765591427046,9.796630218676306
2.122147951324339,29.222495809436243,-10.25337869036203,-19.692993960096192,18.96911711907421,9.529501849340049
2.1229332708176094,28.97816608867412,-10.260633493654685,-19.708841852280877,18.71753259501944,9.269324236393244
2.1237185903108804,28.740417603432434,-10.26789306874003,-19.72469803903172,18.47252453469241,9.015719564400719
2.124503909804151,28.50890251427345,-10.275157423442465,-19.740562536214764,18.23374509083099,8.768339978058693
2.125289229297422,28.283299855498704,-10.282426565605176,-19.756435359735192,18.000873289893523,8.526864495763512
2.1260745487906925,28.063312836207707,-10.289700503090195,-19.772316525537356,17.773612333117516,8.290996310670351
2.1268598682839635,27.848666471893054,-10.296979243778445,-19.788206049604952,17.551687228114606,8.060460422288102
2.127645187777234,27.639105499157154,-10.304262795569807,-19.804103947961035,17.334842703587345,7.835001551196118
2.128430507270505,27.43439253388097,-10.311551166383172,-19.82001023666823,17.1228413674978,7.614382297212739
2.1292158267637755,27.234306439517418,-10.31884436415649,-19.835924931828753,16.915462075360924,7.3983815076886605
2.1300011462570465,27.03864087738037,-10.326142396846873,-19.85184804958458,16.712498480533494,7.186792827795793
2.130786465750317,26.847203015104174,-10.333445272430575,-19.86777960611749,16.513757742673604,6.979423408986685
2.131571785243588,26.659812373003163,-10.340752998903115,-19.88371961764925,16.31905937410005,6.776092755353913
2.1323571047368586,26.476299791034606,-10.348065584279311,-19.899668100441662,16.128234206755295,6.5766316905929445
2.1331424242301296,26.29650650154167,-10.355383036593347,-19.915625070796725,15.941123464948326,6.380881430744947
2.1339277437234,26.120283295041844,-10.362705363898804,-19.931590545056665,15.757577931143036,6.1886927499851785
2.134713063216671,25.94748976807405,-10.370032574268773,-19.94756453960415,15.577457193805277,5.999925228469896
2.1354983827099416,25.777993643607818,-10.377364675795839,-19.963547070862308,15.400628967811976,5.814446572745508
2.1362837022032126,25.611670155769936,-10.384701676592227,-19.97953815529491,15.22696847917771,5.63213200047503
2.137069021696483,25.448401491722557,-10.39204358478979,-19.99553780940641,15.056357906932764,5.452863682316142
2.137854341189754,25.288076284435398,-10.39939040854011,-20.011546049742147,14.88868587589529,5.2765302346932526
2.1386396606830247,25.130589150885484,-10.406742156014527,-20.027562892888355,14.723846994870957,5.103026257997132
2.1394249801762957,24.97584027088497,-10.414098835404246,-20.04358835547238,14.561741435480721,4.93225191541259
2.140210299669566,24.823735002324995,-10.421460454920341,-20.05962245416269,14.402274547404652,4.764112548162304
2.140995619162837,24.674183529118167,-10.428827022793863,-20.075665205669104,14.245356506324303,4.598518323449065
2.1417809386561077,24.527100538563744,-10.436198547275865,-20.091716626742773,14.090901991287872,4.435383911820962
2.1425662581493787,24.382404925230176,-10.443575036637503,-20.107776734176447,13.93882988859267,4.274628191053725
2.1433515776426493,24.24001951878494,-10.450956499170045,-20.123845544804446,13.789063019614892,4.11617397398049
2.1441368971359203,24.099870833481486,-10.458342943184999,-20.13992307550289,13.641527890296484,3.959947757978593
2.144922216629191,23.961888837270912,-10.465734377014101,-20.15600934318973,13.496154460256806,3.8058794940811778
2.145707536122462,23.826006738718867,-10.473130809009445,-20.172104364824932,13.35287592970942,3.6539023738939336
2.1464928556157323,23.692160790107735,-10.480532247543504,-20.188208157410546,13.211628542564233,3.503952632697188
2.1472781751090033,23.560290105268574,-10.487938701009199,-20.204320737990873,13.072351404259377,3.3559693672777007
2.148063494602274,23.43033649084184,-10.495350177819976,-20.220442123652525,12.934986313021867,3.209894367189314
2.148848814095545,23.302244289794626,-10.502766686409865,-20.23657233152461,12.799477603384759,3.0656719582700163
2.1496341335888154,23.17596023614303,-10.510188235233525,-20.252711378778777,12.665772000909506,2.9232488573642526
2.1504194530820864,23.051433319928503,-10.517614832766338,-20.268859282629418,12.533818487162163,2.7825740372990837
2.151204772575357,22.928614661593855,-10.525046487504445,-20.285016060333724,12.40356817408941,2.643598601260134
2.151990092068628,22.807457394982336,-10.532483207964841,-20.30118172919185,12.2749741870175,2.506275665790492
2.1527754115618984,22.6879165582612,-10.539925002685397,-20.317356306546998,12.147991555575803,2.370560251714201
2.1535607310551694,22.56994899213222,-10.547371880224969,-20.3335398097856,12.02257711190725,2.236409182346622
2.15434605054844,22.453513244754614,-10.55482384916344,-20.349732256337344,11.898689395591171,2.103780988417272
2.155131370041711,22.338569482854513,-10.56228091810179,-20.365933663675406,11.776288564752724,1.972635819179107
2.1559166895349815,22.225079408545273,-10.56974309566215,-20.382144049316512,11.655336312883124,1.8429353592287614
2.1567020090282525,22.11300618142306,-10.577210390487892,-20.398363430821078,11.535795790935165,1.7146427506019783
2.157487328521523,22.002314345542146,-10.584682811243674,-20.414591825793313,11.417631534298469,1.58772251974883
2.158272648014794,21.892969760906528,-10.592160366615527,-20.430829251881395,11.300809394291003,1.4621405090251314
2.1590579675080646,21.784939539148247,-10.599643065310884,-20.44707572677755,11.185296473837365,1.3378638123707007
2.1598432870013355,21.678191983087366,-10.60713091605871,-20.463331268218212,11.071061067028655,1.2148607148691521
2.160628606494606,21.572696529897627,-10.61462392760949,-20.47959589398412,10.958072602288134,1.0931006359135045
2.161413925987877,21.46842369762103,-10.622122108735377,-20.495869621900486,10.846301588885654,0.9725540757205465
2.1621992454811476,21.365345034798914,-10.629625468230188,-20.512152469837073,10.735719566568726,0.8531925649618439
2.1629845649744186,21.26343307300244,-10.637134014909533,-20.52844445570838,10.626299058092902,0.7349886172940483
2.163769884467689,21.162661282066225,-10.644647757610832,-20.54474559747373,10.518013524455396,0.6179156845924962
2.16455520396096,21.06300402784075,-10.65216670519343,-20.56105591313743,10.410837322647321,0.5019481147033238
2.1653405234542307,20.96443653229712,-10.65969086653862,-20.577375420748854,10.304745665758501,0.3870611115482673
2.1661258429475017,20.866934835826953,-10.667220250549756,-20.59370413840266,10.199714585277196,0.2732306974242944
2.166911162440772,20.770475761595762,-10.674754866152291,-20.61004208423882,10.095720895443474,0.160433677356943
2.167696481934043,20.675036881815473,-10.682294722293861,-20.626389276442858,9.992742159521608,0.04864760537261181
2.1684818014273137,20.580596485814816,-10.689839827944347,-20.642745733245874,9.890756657870469,-0.06214924743105997
2.1692671209205847,20.48713354979252,-10.697390192095963,-20.65911147292479,9.789743357696558,-0.17197792313226845
2.1700524404138553,20.39462770814933,-10.704945823763296,-20.67548651380237,9.689681884386038,-0.2808588056530359
2.1708377599071262,20.303059226299325,-10.712506731983414,-20.691870874247478,9.590552494315915,-0.38881164794814815
2.171623079400397,20.21240897487186,-10.720072925815899,-20.7082645726751,9.492336049055965,-0.4958555978032382
2.1724083988936678,20.122658405217617,-10.727644414342954,-20.724667627546562,9.395013990874665,-0.6020092223289424
2.1731937183869383,20.03378952614218,-10.735221206669445,-20.74108005736962,9.298568319472727,-0.7072905312274408
2.1739790378802093,19.94578488179264,-10.742803311923009,-20.757501880698634,9.20298156986963,-0.8117169989059908
2.17476435737348,19.858627530630663,-10.750390739254073,-20.77393311613465,9.10823679137659,-0.9153055855039905
2.175549676866751,19.772301025427105,-10.757983497835982,-20.790373782325638,9.014317527591123,-1.0180727568985346
2.1763349963600214,19.68678939422081,-10.76558159686503,-20.8068238979665,8.92120779735578,-1.120034503745691
2.1771203158532924,19.60207712218476,-10.773185045560576,-20.823283481799344,8.828892076624182,-1.22120635961458
2.1779056353465633,19.518149134349617,-10.780793853165065,-20.839752552613508,8.737355281184554,-1.321603418263893
2.178690954839834,19.434990779135447,-10.788408028944144,-20.856231129245785,8.646582750191303,-1.4212403501103401
2.179476274333105,19.35258781264691,-10.79602758218672,-20.87271923058054,8.55656023046019,-1.520131417933632
2.1802615938263754,19.270926383690494,-10.80365252220503,-20.889216875549824,8.467273861485461,-1.6182904918593284
2.1810469133196464,19.189993019473096,-10.811282858334748,-20.905724083133567,8.378710161138349,-1.7157310636604708
2.181832232812917,19.109774611946506,-10.818918599934989,-20.922240872359676,8.290856012011517,-1.8124662604131698
2.182617552306188,19.03025840476168,-10.826559756388473,-20.93876726230423,8.203698648373209,-1.908508857542547
2.1834028717994585,18.951431980801846,-10.834206337101529,-20.955303272091548,8.117225643700314,-2.003871291289707
2.1841881912927295,18.87328325026243,-10.841858351504218,-20.97184892089444,8.031424898758207,-2.098565670632013
2.184973510786,18.795800439250755,-10.849515809050379,-20.988404227934247,7.946284630200372,-2.192603788683495
2.185758830279271,18.718972078877087,-10.857178719217728,-21.00496921248108,7.861793359659359,-2.285997133603991
2.1865441497725415,18.64278699481331,-10.864847091507912,-21.021543893853888,7.777939903305394,-2.3787568990405807
2.1873294692658125,18.5672342972938,-10.872520935446614,-21.038128291420684,7.694713361847186,-2.4708939941268837
2.188114788759083,18.492303371537908,-10.880200260583596,-21.054722424598616,7.612103110954309,-2.562419053060711
2.188900108252354,18.417983868571206,-10.887885076492825,-21.071326312854204,7.530098792078379,-2.653342444283001
2.1896854277456246,18.344265696427264,-10.895575392772495,-21.087939975703392,7.448690303654768,-2.743674279276128
2.1904707472388956,18.271139011709884,-10.903271219045154,-21.104563432711785,7.367867792664732,-2.8334244210019017
2.191256066732166,18.198594211499387,-10.910972564957742,-21.121196703494757,7.287621646541647,-2.9226024919953657
2.192041386225437,18.126621925585063,-10.918679440181716,-21.13783980771761,7.2079424854033505,-3.0112178821325486
2.1928267057187076,18.05521300900937,-10.926391854413083,-21.154492765095743,7.128821154596288,-3.0992797560863727
2.1936120252119786,17.984358534907795,-10.934109817372523,-21.17115559539478,7.050248717535269,-3.1867970604869877
2.194397344705249,17.914049787631505,-10.941833338805424,-21.187828318430743,6.972216448826084,-3.273778530799234
2.19518266419852,17.844278256138523,-10.949562428482004,-21.204510954070216,6.8947158276565155,-3.360232697931695
2.1959679836917907,17.775035627641827,-10.957297096197365,-21.22120352223046,6.817738531444462,-3.4461678945886334
2.1967533031850617,17.70631378150158,-10.965037351771596,-21.237906042879636,6.741276429729988,-3.531592261378055
2.197538622678332,17.638104783351345,-10.972783205049822,-21.254618536036887,6.665321578301521,-3.6165137526855435
2.198323942171603,17.570400879446467,-10.980534665902331,-21.27134102177258,6.589866213544138,-3.7009401423261097
2.1991092616648737,17.50319449122572,-10.988291744224611,-21.28807352020836,6.514902747001113,-3.784879028982639
2.1998945811581447,17.436478210075702,-10.996054449937471,-21.304816051517438,6.44042376013823,-3.8683378414417358
2.2006799006514153,17.37024479228974,-11.003822792987087,-21.321568635924613,6.366421999302653,-3.95132384363487
2.2014652201446863,17.30448715421197,-11.01159678334513,-21.33833129370656,6.29289037086684,-4.0338441394945885
2.202250539637957,17.239198367559336,-11.019376431008794,-21.355104045191897,6.219821936550543,-4.115905677632559
2.203035859131228,17.174371654912704,-11.027161746000944,-21.37188691076141,6.14720990891176,-4.19751525584871
2.2038211786244983,17.110000385370963,-11.034952738370137,-21.388679910848175,6.075047647000825,-4.278679525477215
2.2046064981177693,17.046078070359936,-11.042749418190764,-21.40548306593776,6.003328652169174,-4.359404995577826
2.20539181761104,16.982598359590703,-11.050551795563079,-21.422296396568328,5.9320465640276225,-4.439698036977625
2.206177137104311,16.919555037159675,-11.058359880613347,-21.439119923330892,5.86119515654633,-4.519564886171215
2.2069624565975814,16.85694201778601,-11.066173683493863,-21.45595366686939,5.790768334292146,-4.5990116490833834
2.2077477760908524,16.794753343178986,-11.073993214383101,-21.472797647880935,5.720760128795882,-4.678044304701951
2.208533095584123,16.732983178531562,-11.081818483485755,-21.489651887115905,5.651164695045805,-4.756668708584341
2.209318415077394,16.67162580913346,-11.089649501032852,-21.50651640537817,5.581976308100608,-4.834890596244713
2.2101037345706644,16.61067563710021,-11.09748627728181,-21.52339122352523,5.5131893598184,-4.912715586425023
2.2108890540639354,16.550127178212232,-11.105328822516574,-21.540276362468415,5.444798355695659,-4.990149184256183
2.211674373557206,16.489975058860626,-11.113177147047653,-21.557171843173005,5.376797911812973,-5.067196784312379
2.212459693050477,16.430214013094474,-11.121031261212242,-21.574077686658455,5.309182751882231,-5.143863673563986
2.2132450125437475,16.37083887976635,-11.128891175374298,-21.59099391399854,5.241947704392053,-5.2201550342321905
2.2140303320370185,16.31184459977151,-11.136756899924631,-21.607920546321534,5.17508769984688,-5.296075946550019
2.214815651530289,16.25322621337776,-11.144628445280995,-21.62485760481036,5.108597768096765,-5.3716313914326
2.21560097102356,16.19497885764169,-11.152505821888173,-21.641805110702844,5.042473035753515,-5.446826253061153
2.2163862905168306,16.1370977639088,-11.160389040218073,-21.65876308529176,4.976708723690725,-5.5216653213829625
2.2171716100101015,16.079578255393375,-11.168278110769826,-21.67573154992516,4.911300144623552,-5.596153294531781
2.217956929503372,16.022415744836035,-11.176173044069843,-21.692710526006387,4.846242700766189,-5.670294781170354
2.218742248996643,15.965605732234833,-11.18407385067197,-21.709700034994427,4.7815318815628665,-5.744094302759594
2.2195275684899136,15.909143802648536,-11.191980541157498,-21.726700098403914,4.717163261491037,-5.8175562957553755
2.2203128879831846,15.853025624067891,-11.199893126135336,-21.743710737805458,4.653132497932556,-5.89068511373757
2.221098207476455,15.797246945353695,-11.207811616242044,-21.760731974825717,4.589435329111654,-5.963485029472021
2.221883526969726,15.741803594238018,-11.21573602214196,-21.777763831147666,4.526067572096057,-6.035960236909648
2.2226688464629967,15.686691475387352,-11.22366635452728,-21.794806328510678,4.46302512086007,-6.108114853123329
2.2234541659562677,15.631906568524318,-11.231602624118153,-21.811859488710827,4.400303944406166,-6.17995292018651
2.224239485449538,15.577444926606852,-11.239544841662765,-21.828923333600947,4.337900084944087,-6.251478406994097
2.225024804942809,15.523302674061835,-11.247493017937472,-21.845997885090938,4.275809656124359,-6.322695211029106
2.2258101244360797,15.469476005072107,-11.25544716374684,-21.863083165147835,4.214028841325265,-6.393607160075731
2.2265954439293507,15.415961181914046,-11.263407289923798,-21.880179195796106,4.152553891990248,-6.464218013882061
2.2273807634226213,15.36275453334487,-11.271373407329673,-21.897285999117724,4.091381126015196,-6.534531465772858
2.2281660829158922,15.309852453036935,-11.279345526854346,-21.91440359725247,4.030506926182593,-6.604551144215534
2.228951402409163,15.257251398058312,-11.2873236594163,-21.93153201239802,3.969927738642012,-6.674280614339706
2.2297367219024338,15.204947887397127,-11.295307815962756,-21.948671266810212,3.909640071434369,-6.743723379413086
2.2305220413957043,15.152938500529046,-11.303298007469735,-21.965821382803192,3.8496404930593107,-6.812882882274142
2.2313073608889753,15.101219876025535,-11.311294244942196,-21.982982382749615,3.789925631083336,-6.881762506724081
2.232092680382246,15.049788710202314,-11.319296539414093,-22.000154289080843,3.730492170788219,-6.950365578878529
2.232877999875517,14.998641755805856,-11.327304901948512,-22.017337124287145,3.6713368538573454,-7.018695368481287
2.2336633193687874,14.947775820737428,-11.335319343637725,-22.034530910917866,3.612456477099704,-7.0867550901804375
2.2344486388620584,14.897187766812607,-11.343339875603348,-22.051735671581643,3.5538478912092604,-7.154547904769037
2.235233958355329,14.846874508555864,-11.351366508996382,-22.068951428946587,3.4955079995594818,-7.222076920390724
2.2360192778486,14.796833012028276,-11.359399254997363,-22.08617820574051,3.437433757030912,-7.289345193712229
2.2368045973418704,14.747060293688051,-11.367438124816431,-22.10341602475106,3.3796221688716215,-7.356355731063009
2.2375899168351414,14.697553419282002,-11.375483129693443,-22.120664908826004,3.322070289588559,-7.423111489544003
2.238375236328412,14.648309502767685,-11.383534280898076,-22.137924880873342,3.264775221869609,-7.489615378105654
2.239160555821683,14.599325705264503,-11.391591589729927,-22.155195963861573,3.2077341155345707,-7.55587025859707
2.2399458753149535,14.550599234033573,-11.39965506751862,-22.17247818081985,3.1509441665149556,-7.621878946786279
2.2407311948082245,14.50212734148463,-11.407724725623897,-22.189771554838234,3.0944026158607323,-7.687644213353605
2.241516514301495,14.453907324209933,-11.415800575435743,-22.207076109067817,3.0381067487741924,-7.753168784857884
2.242301833794766,14.405936522043422,-11.423882628374464,-22.224391866721017,2.9820538936689562,-7.818455344677597
2.2430871532880365,14.358212317145293,-11.431970895890815,-22.241718851071717,2.926241421254478,-7.883506533926425
2.2438724727813075,14.31073213311019,-11.440065389466099,-22.259057085455503,2.8706667436440885,-7.948324952345312
2.244657792274578,14.263493434099201,-11.448166120612255,-22.27640659326984,2.8153273134869448,-8.01291315917064
2.245443111767849,14.216493723994091,-11.456273100871995,-22.293767397974342,2.7602206231220943,-8.077273673980251
2.2462284312611196,14.169730545573845,-11.464386341818884,-22.311139523090887,2.7053442037549624,-8.14140897751704
2.2470137507543906,14.12320147971207,-11.472505855057456,-22.32852299220393,2.650695624654614,-8.205321512491855
2.247799070247661,14.07690414459534,-11.480631652223325,-22.345917828960605,2.5962724923720133,-8.269013684365264
2.248584389740932,14.030836194961205,-11.488763744983299,-22.363324057071054,2.542072449977905,-8.33248786210985
2.2493697092342027,13.984995321355843,-11.496902145035468,-22.38074170030853,2.4880931763203744,-8.395746378952689
2.2501550287274736,13.939379249410157,-11.505046864109332,-22.39817078250969,2.4343323853008214,-8.458791533099536
2.250940348220744,13.893985739134418,-11.513197913965893,-22.415611327574755,2.3807878251685253,-8.521625588440335
2.251725667714015,13.848812584230192,-11.521355306397796,-22.433063359467774,2.3274572778323948,-8.584250775237583
2.2525109872072857,13.803857611419804,-11.529519053229398,-22.450526902216787,2.274338558190411,-8.64666929079698
2.2532963067005567,13.759118679791982,-11.537689166316907,-22.468001979914092,2.2214295134750746,-8.708883300122114
2.2540816261938272,13.714593680164043,-11.545865657548484,-22.48548861671643,2.1687280226155576,-8.770894936552386
2.2548669456870982,13.670280534459343,-11.554048538844366,-22.502986836845228,2.116231995614974,-8.832706302385887
2.2556522651803688,13.626177195100304,-11.562237822156952,-22.520496664586783,2.063939372943352,-8.894319469486481
2.2564375846736398,13.58228164441579,-11.57043351947096,-22.53801812429255,2.0118481249448292,-8.955736479876757
2.2572229041669103,13.538591894063233,-11.57863564280348,-22.555551240379263,1.9599562512597504,-9.01695934631603
2.2580082236601813,13.495105984464196,-11.586844204204144,-22.573096037329282,1.90826178026005,-9.077990052865086
2.258793543153452,13.451821984253943,-11.59505921575521,-22.590652539690694,1.8567627684987307,-9.138830555436753
2.259578862646723,13.408737989743642,-11.603280689571694,-22.60822077207765,1.8054573001719485,-9.199482782334009
2.2603641821399933,13.365852124395792,-11.611508637801453,-22.6258007591705,1.754343486594339,-9.259948634774705
2.2611495016332643,13.323162538311548,-11.619743072625353,-22.64339252571608,1.7034194656861932,-9.320229987404534
2.261934821126535,13.280667407730606,-11.627984006257336,-22.660996096527896,1.6526834014732728,-9.380328688797292
2.262720140619806,13.238364934542254,-11.63623145094456,-22.678611496486432,1.6021334835976953,-9.440246561944175
2.2635054601130764,13.19625334580831,-11.644485418967525,-22.69623875053926,1.5517679268407878,-9.499985404730948
2.2642907796063474,13.154330893296658,-11.652745922640174,-22.713877883701382,1.5015849706564848,-9.55954699040473
2.265076099099618,13.112595853025919,-11.661012974310003,-22.731528921055407,1.451582878715914,-9.61893306802949
2.265861418592889,13.071046524820265,-11.669286586358222,-22.749191887751795,1.4017599384620412,-9.678145362931533
2.2666467380861595,13.029681231874697,-11.677566771199823,-22.766866809009095,1.352114460674876,-9.737185577134401
2.2674320575794304,12.98849832032988,-11.68585354128374,-22.784553710114203,1.3026447790461395,-9.796055389784325
2.268217377072701,12.947496158856989,-11.694146909092941,-22.80225261642252,1.2533492497640464,-9.854756457565534
2.269002696565972,12.906673138251483,-11.702446887144584,-22.819963553358328,1.2042262511068977,-9.91329041510684
2.2697880160592425,12.86602767103647,-11.710753487990084,-22.837686546414865,1.1552741830463862,-9.971658875378395
2.2705733355525135,12.825558191074432,-11.7190667242153,-22.855421621154726,1.1064914668591277,-10.029863430080297
2.271358655045784,12.78526315318804,-11.727386608440609,-22.87316880320997,1.05787654474743,-10.08790565002193
2.272143974539055,12.745141032789038,-11.735713153321052,-22.89092811828246,1.0094278794679852,-10.145787085493424
2.272929294032326,12.705190325515485,-11.744046371546455,-22.90869959214405,0.9611439539690325,-10.203509266628563
2.2737146135255966,12.665409546876914,-11.752386275841536,-22.926483250636835,0.9130232710353763,-10.261073703759918
2.2744999330188675,12.625797231907134,-11.760732878966083,-22.94427911967345,0.8650643529410519,-10.318481887766318
2.275285252512138,12.586351934824869,-11.769086193714994,-22.962087225237234,0.8172657411098727,-10.375735290412369
2.276070572005409,12.547072228701344,-11.777446232918493,-22.979907593382578,0.7696259957828545,-10.432835364681228
2.2768558914986796,12.507956705135507,-11.785813009442183,-22.997740250235047,0.7221436956933229,-10.48978354509954
2.2776412109919506,12.469003973935742,-11.794186536187235,-23.01558522199177,0.674817437748506,-10.54658124805603
2.278426530485221,12.430212662808822,-11.802566826090464,-23.033442534921583,0.6276458367183586,-10.603229872112765
2.279211849978492,12.391581417055132,-11.810953892124502,-23.05131221536537,0.5806275249306283,-10.659730798310235
2.2799971694717627,12.35310889927069,-11.819347747297886,-23.069194289736203,0.5337611519728098,-10.71608539046551
2.2807824889650337,12.314793789055091,-11.827748404655217,-23.08708878451974,0.4870453843998756,-10.772294995464653
2.281567808458304,12.27663478272595,-11.836155877277282,-23.104995726274367,0.44047890544867024,-10.828360943548416
2.282353127951575,12.23863059303903,-11.844570178281181,-23.122915141631513,0.39406041475784515,-10.884284548592484
2.2831384474448457,12.200779948914434,-11.852991320820465,-23.14084705729588,0.3477886280939673,-10.940067108381445
2.2839237669381167,12.16308159516828,-11.861419318085272,-23.158791500045748,0.30166227708300897,-10.99570990487747
2.2847090864313873,12.125534292250142,-11.86985418330243,-23.17674849673317,0.25568010894771254,-11.051214204483026
2.2854944059246582,12.088136815985646,-11.87829592973564,-23.194718074284317,0.2098408862500063,-11.106581258298672
2.286279725417929,12.050887957324647,-11.886744570685558,-23.212700259699638,0.16414338663908917,-11.16181230237499
2.2870650449111998,12.013786522094161,-11.895200119489983,-23.23069508005425,0.11858640260417841,-11.216908557960092
2.2878503644044703,11.97683133075679,-11.903662589523938,-23.24870256249809,0.07316874123285408,-11.271871231741297
2.2886356838977413,11.940021218173571,-11.912131994199854,-23.26672273425627,0.027889223973717563,-11.326701516082696
2.289421003391012,11.90335503337202,-11.920608346967667,-23.284755622629262,-0.017253313595647708,-11.381400589257245
2.290206322884283,11.86683163931847,-11.929091661314983,-23.302801254993284,-0.06226002199651319,-11.435969615674814
2.2909916423775534,11.830449912695345,-11.937581950767203,-23.32085965880043,-0.10713203807186196,-11.490409746105087
2.2917769618708244,11.794208743682468,-11.946079228887669,-23.33893086157908,-0.1518704852052029,-11.544722117896614
2.292562281364095,11.758107035743112,-11.95458350927779,-23.357014890934067,-0.1964764735346788,-11.598907855190959
2.293347600857366,11.722143705413936,-11.96309480557719,-23.375111774547022,-0.24095110016325827,-11.65296806913309
2.2941329203506364,11.686317682099325,-11.971613131463858,-23.393221540176615,-0.28529544936453294,-11.70690385807729
2.2949182398439074,11.650627907869545,-11.980138500654277,-23.411344215658858,-0.3295105927847336,-11.760716307789313
2.295703559337178,11.615073337263093,-11.988670926903556,-23.429479828907347,-0.3735975896404621,-11.814406491644254
2.296488878830449,11.579652937092588,-11.997210424005605,-23.447628407913598,-0.4175574869130142,-11.867975470821012
2.2972741983237195,11.544365686254777,-12.005757005793228,-23.465789980747267,-0.4613913195384534,-11.92142429449249
2.2980595178169905,11.509210575543813,-12.014310686138334,-23.48396457555651,-0.5051001105945195,-11.974754000012695
2.298844837310261,11.474186607468589,-12.02287147895201,-23.502152220568174,-0.5486848714834218,-12.027965613099585
2.299630156803532,11.439292796073083,-12.031439398184723,-23.520352944088167,-0.5921466021116378,-12.08106014801508
2.3004154762968025,11.404528166760574,-12.040014457826427,-23.53856677450169,-0.6354862910658493,-12.134038607741113
2.3012007957900735,11.369891756120866,-12.048596671906733,-23.556793740273587,-0.6787049157858653,-12.186901984152719
2.301986115283344,11.335382611761041,-12.057186054495046,-23.575033869948548,-0.7218034427340076,-12.239651258187509
2.302771434776615,11.300999792139182,-12.065782619700716,-23.59328719215149,-0.7647828275615355,-12.292287400012311
2.3035567542698856,11.26674236640145,-12.074386381673175,-23.611553735587776,-0.807644015271724,-12.344811369186328
2.3043420737631566,11.23260941422199,-12.082997354602119,-23.629833529043594,-0.8503879403801315,-12.397224114821604
2.305127393256427,11.198600025646048,-12.091615552717608,-23.648126601386142,-0.8930155270715572,-12.44952657574009
2.305912712749698,11.16471330093578,-12.100240990290263,-23.666432981564043,-0.9355276893544868,-12.501719680628266
2.3066980322429687,11.130948350419153,-12.108873681631385,-23.684752698607547,-0.9779253312122307,-12.553804348188393
2.3074833517362396,11.097304294341392,-12.11751364109314,-23.703085781628914,-1.0202093467517477,-12.60578148728752
2.30826867122951,11.063780262719423,-12.126160883068664,-23.721432259822627,-1.062380620349242,-12.657651997103201
2.309053990722781,11.030375395198686,-12.134815421992268,-23.73979216246579,-1.1044400267935832,-12.709416767267106
2.3098393102160517,10.997088840912904,-12.14347727233955,-23.758165518918357,-1.1463884314266473,-12.761076678005452
2.3106246297093227,10.963919758346034,-12.152146448627592,-23.776552358623487,-1.1882266902815575,-12.81263260027745
2.3114099492025932,10.930867315197098,-12.160822965415065,-23.79495271110781,-1.2299556502179705,-12.864085395910717
2.3121952686958642,10.897930688247076,-12.169506837302432,-23.813366605981795,-1.2715761490553592,-12.915435917734719
2.3129805881891348,10.865109063228577,-12.178198078932072,-23.83179407293998,-1.3130890157034965,-12.966685009711405
2.3137659076824058,10.832401634697487,-12.186896704988463,-23.850235141761384,-1.3544950702909766,-13.017833507063902
2.3145512271756763,10.799807605907223,-12.195602730198317,-23.868689842309706,-1.3957951242910924,-13.068882236402482
2.3153365466689473,10.767326188684944,-12.204316169330767,-23.88715820453376,-1.4369899806458224,-13.119832015848816
2.316121866162218,10.73495660331027,-12.213037037197495,-23.905640258467685,-1.4780804338872229,-13.170683655157411
2.316907185655489,10.702698078395779,-12.22176534865292,-23.924136034231346,-1.5190672702571422,-13.221437955835567
2.3176925051487594,10.67054985076999,-12.230501118594342,-23.942645562030588,-1.5599512678243512,-13.272095711260603
2.3184778246420303,10.638511165362045,-12.23924436196212,-23.961168872157643,-1.6007331966000746,-13.322657706795596
2.319263144135301,10.606581275088756,-12.247995093739819,-23.97970599499132,-1.6414138186510638,-13.373124719902565
2.320048463628572,10.574759440743268,-12.256753328954389,-23.998256960997495,-1.6819938882111192,-13.42349752025422
2.3208337831218424,10.543044930885998,-12.265519082676313,-24.016821800729268,-1.722474151790316,-13.473776869843272
2.3216191026151134,10.511437021737146,-12.274292370019793,-24.035400544827464,-1.762855348282649,-13.523963523090316
2.322404422108384,10.47993499707135,-12.283073206142891,-24.053993224020786,-1.8031382090715409,-13.574058226949433
2.323189741601655,10.448538148113888,-12.291861606247732,-24.0725998691263,-1.8433234581338411,-13.62406172101241
2.3239750610949255,10.417245773438925,-12.300657585580622,-24.091220511049652,-1.8834118121416976,-13.673974737610726
2.3247603805881965,10.386057178869198,-12.309461159432285,-24.10985518078551,-1.92340398056309,-13.723798001916315
2.325545700081467,10.354971677377735,-12.318272343137943,-24.12850390941777,-1.9633006657602072,-13.773532232040031
2.326331019574738,10.32398858899094,-12.327091152077585,-24.14716672812002,-2.0031025630866424,-13.82317813912908
2.3271163390680085,10.293107240693555,-12.335917601676059,-24.1658436681558,-2.0428103609825046,-13.872736427462243
2.3279016585612795,10.262326966335023,-12.344751707403283,-24.18453476087898,-2.082424741068261,-13.922207794543962
2.32868697805455,10.23164710653762,-12.353593484774414,-24.203240037734084,-2.121946378236795,-13.971592931196463
2.329472297547821,10.201067008605948,-12.362442949350012,-24.221959530256644,-2.161375940744063,-14.020892521650696
2.3302576170410916,10.170586026438075,-12.371300116736222,-24.24069327007353,-2.2007140902981446,-14.070107243635452
2.3310429365343626,10.140203520438034,-12.380165002584953,-24.25944128890334,-2.23996148214692,-14.11923776846531
2.331828256027633,10.109918857429893,-12.389037622594037,-24.27820361855668,-2.279118765164144,-14.168284761126786
2.332613575520904,10.079731410573118,-12.39791799250743,-24.296980290936606,-2.3181865819343135,-14.217248880363485
2.3333988950141746,10.049640559279464,-12.406806128115374,-24.315771338038864,-2.3571655688359066,-14.266130778759402
2.3341842145074456,10.019645689131087,-12.415702045254573,-24.334576791952376,-2.3960563561234856,-14.31493110282129
2.334969534000716,9.989746191800142,-12.42460575980839,-24.353396684859476,-2.434859568008246,-14.363650493059332
2.335754853493987,9.95994146496953,-12.433517287707012,-24.37223104903634,-2.473575822737484,-14.412289584066816
2.3365401729872577,9.930230912255123,-12.442436644927636,-24.391079916853325,-2.5122057326725122,-14.460849004598202
2.3373254924805287,9.900613943129034,-12.451363847494658,-24.409943320775337,-2.5507499043656234,-14.509329377646303
2.338110811973799,9.871089972844365,-12.46029891147984,-24.42882129336217,-2.5892089386354784,-14.557731320517803
2.33889613146707,9.841658422360878,-12.469241853002524,-24.447713867268924,-2.6275834306416486,-14.606055444908051
2.3396814509603407,9.81231871827221,-12.478192688229772,-24.46662107524631,-2.6658739699575653,-14.6543023569741
2.3404667704536117,9.78307029273386,-12.4871514333766,-24.485542950141067,-2.7040811406427387,-14.702472657407206
2.3412520899468823,9.753912583392724,-12.496118104706124,-24.504479524896286,-2.7422055213134,-14.75056694150356
2.3420374094401533,9.724845033317353,-12.505092718529792,-24.523430832551863,-2.780247685212437,-14.798585799234507
2.342822728933424,9.695867090929692,-12.514075291207513,-24.542396906244758,-2.818208200277823,-14.846529815315064
2.343608048426695,9.666978209937565,-12.523065839147922,-24.5613777792095,-2.8560876292103563,-14.894399569271933
2.3443933679199653,9.638177849268509,-12.532064378808492,-24.580373484778434,-2.893886529539982,-14.942195635509927
2.3451786874132363,9.609465473004391,-12.541070926695788,-24.59938405638224,-2.9316054536913976,-14.989918583377852
2.345964006906507,9.580840550317278,-12.550085499365618,-24.61840952755017,-2.9692449490483397,-15.037568977232894
2.346749326399778,9.552302555406087,-12.55910811342326,-24.63744993191058,-3.006805558017178,-15.085147376504494
2.3475346458930484,9.523850967434443,-12.568138785523633,-24.656505303191167,-3.044287818089186,-15.132654335756722
2.3483199653863194,9.495485270469295,-12.577177532371488,-24.67557567521949,-3.0816922619021927,-15.180090404750198
2.34910528487959,9.467204953420628,-12.586224370721634,-24.694661081923268,-3.1190194173010077,-15.227456128502638
2.349890604372861,9.439009509982005,-12.595279317379111,-24.713761557330823,-3.1562698073971047,-15.274752047348816
2.3506759238661314,9.41089843857214,-12.604342389199385,-24.73287713557143,-3.1934439506272474,-15.321978696999297
2.3514612433594024,9.382871242277158,-12.613413603088567,-24.752007850875795,-3.230542360811413,-15.369136608598634
2.352246562852673,9.35492742879404,-12.622492976003599,-24.77115373757632,-3.267565547209557,-15.41622630878228
2.353031882345944,9.32706651037459,-12.631580524952463,-24.790314830107647,-3.3045140145778733,-15.463248319733061
2.3538172018392145,9.299288003770542,-12.640676266994376,-24.809491163006946,-3.3413882632238314,-15.510203159236404
2.3546025213324855,9.271591430179292,-12.649780219239997,-24.82868277091441,-3.3781887890607036,-15.557091340735115
2.355387840825756,9.243976315190595,-12.658892398851622,-24.84788968857356,-3.4149160836610277,-15.603913373382966
2.356173160319027,9.216442188733925,-12.668012823043433,-24.867111950831763,-3.4515706343095074,-15.650669762097834
2.3569584798122976,9.188988585026792,-12.677141509081622,-24.88634959264055,-3.48815292405483,-15.69736100761376
2.3577437993055685,9.16161504252361,-12.686278474284684,-24.905602649056103,-3.524663431761073,-15.743987606532489
2.358529118798839,9.134321103865599,-12.695423736023566,-24.924871155239586,-3.5611026321579664,-15.790550051373986
2.35931443829211,9.107106315831148,-12.704577311721918,-24.944155146457664,-3.597470995890771,-15.837048830626518
2.3600997577853806,9.07997022928715,-12.713739218856261,-24.96345465808282,-3.6337689895691105,-15.883484428795668
2.3608850772786516,9.05291239914089,-12.722909474956248,-24.982769725593847,-3.669997075815357,-15.929857326452957
2.361670396771922,9.025932384292773,-12.732088097604821,-25.00210038457623,-3.70615571331205,-15.976168000283458
2.362455716265193,8.999029747589578,-12.74127510443848,-25.021446670722597,-3.742245356848905,-16.022416923133022
2.3632410357584637,8.97220405577863,-12.750470513147462,-25.040808619833122,-3.778266457368834,-16.068604564054496
2.3640263552517347,8.945454879462375,-12.759674341475966,-25.060186267816007,-3.8142194620135923,-16.114731388353633
2.364811674745005,8.918781793053878,-12.76888660722237,-25.079579650687812,-3.850104814168493,-16.16079785763393
2.365596994238276,8.892184374732707,-12.778107328239459,-25.09898880457401,-3.885922953506749,-16.2068044298413
2.366382313731547,8.865662206401701,-12.787336522434625,-25.118413765709317,-3.9216743160329246,-16.252751559307615
2.3671676332248177,8.839214873644204,-12.796574207770101,-25.137854570438204,-3.957359334125896,-16.298639696793998
2.3679529527180887,8.812841965681914,-12.805820402263187,-25.157311255215305,-3.992978436581272,-16.344469289533393
2.3687382722113592,8.786543075333462,-12.815075123986448,-25.176783856605866,-4.028532048652985,-16.3902407812724
2.3695235917046302,8.760317798973414,-12.824338391067977,-25.196272411286188,-4.064020592094563,-16.43595461231277
2.3703089111979008,8.734165736492056,-12.833610221691584,-25.215776956044053,-4.0994444851995295,-16.481611219552
2.3710942306911718,8.708086491255502,-12.842890634097042,-25.235297527779256,-4.134804142841539,-16.527211036523752
2.3718795501844423,8.682079670066651,-12.852179646580295,-25.25483416350392,-4.170099976513645,-16.57275449343727
2.3726648696777133,8.656144883126416,-12.861477277493718,-25.27438690034309,-4.205332394367299,-16.618242017216673
2.373450189170984,8.63028174399576,-12.870783545246313,-25.29395577553508,-4.240501801250551,-16.663674031539315
2.374235508664255,8.604489869558016,-12.880098468303967,-25.313540826432014,-4.275608598745949,-16.709050956873998
2.3750208281575254,8.578768879981997,-12.889422065189652,-25.33314209050023,-4.3106531852076575,-16.754373210518235
2.3758061476507963,8.553118398685335,-12.898754354483712,-25.352759605320777,-4.345635955798379,-16.799641206635446
2.376591467144067,8.527538052298636,-12.90809535482402,-25.372393408589854,-4.380557302525386,-16.84485535629122
2.377376786637338,8.50202747062983,-12.917445084906289,-25.39204353811932,-4.415417614276459,-16.89001606748949
2.3781621061306084,8.476586286629308,-12.926803563484262,-25.4117100318371,-4.450217276854955,-16.935123745207793
2.3789474256238794,8.451214136355254,-12.93617080936997,-25.43139292778775,-4.484956673014717,-16.980178791432493
2.37973274511715,8.425910658939745,-12.945546841433957,-25.451092264132818,-4.519636182494212,-17.025181605193076
2.380518064610421,8.40067549655503,-12.95493167860554,-25.470808079151443,-4.55425618205051,-17.070132582596415
2.3813033841036915,8.375508294380525,-12.964325339873017,-25.49054041124073,-4.588817045492493,-17.1150321168602
2.3820887035969625,8.350408700570078,-12.97372784428397,-25.51028929891632,-4.623319143713892,-17.15988059834624
2.382874023090233,8.325376366219801,-12.98313921094543,-25.53005478081279,-4.657762844725626,-17.204678414592994
2.383659342583504,8.30041094533621,-12.99255945902419,-25.54983689568426,-4.692148513687979,-17.249425950348044
2.3844446620767745,8.275512094805,-13.001988607747013,-25.569635682404716,-4.726476512942012,-17.294123587599714
2.3852299815700455,8.250679474359972,-13.011426676400905,-25.589451179968687,-4.760747202040933,-17.338771705608714
2.386015301063316,8.225912746552655,-13.020873684333335,-25.609283427491608,-4.794960937780678,-17.383370680938945
2.386800620556587,8.201211576722113,-13.03032965095251,-25.62913246421037,-4.829118074230395,-17.427920887488263
2.3875859400498576,8.176575632965319,-13.039794595727619,-25.648998329483813,-4.863218962762302,-17.472422696518496
2.3883712595431286,8.1520045861078,-13.049268538189091,-25.66888106279326,-4.897263952081293,-17.516876476685464
2.389156579036399,8.127498109674807,-13.058751497928831,-25.68878070374295,-4.931253388254025,-17.561282594068143
2.38994189852967,8.103055879862692,-13.068243494600509,-25.708697292060645,-4.9651876147378164,-17.605641412197954
2.3907272180229406,8.078677575510884,-13.077744547919766,-25.72863086759803,-4.99906697240888,-17.649953292087147
2.3915125375162116,8.05436287807401,-13.087254677664541,-25.748581470331366,-5.032891799590534,-17.69421859225736
2.392297857009482,8.030111471594596,-13.096773903675267,-25.76854914036184,-5.066662432080673,-17.738437668767244
2.393083176502753,8.005923042675915,-13.10630224585518,-25.78853391791626,-5.100379203179266,-17.78261087524035
2.3938684959960237,7.981797280455436,-13.115839724170533,-25.808535843347432,-5.1340424437150975,-17.826738562891997
2.3946538154892947,7.957733876578356,-13.12538635865092,-25.828554957134784,-5.167652482072562,-17.870821080556432
2.395439134982565,7.933732525171711,-13.134942169389475,-25.848591299884824,-5.2012096442177675,-17.91485877471311
2.396224454475836,7.909792922818633,-13.14450717654321,-25.868644912331746,-5.234714253724576,-17.95885198951311
2.3970097739691067,7.88591476853315,-13.154081400333208,-25.88871583533787,-5.2681666318000575,-18.002801066804718
2.3977950934623777,7.862097763735059,-13.16366486104496,-25.90880410989429,-5.301567097309903,-18.04670634615923
2.3985804129556483,7.838341612225397,-13.173257579028599,-25.9289097771213,-5.334915966803201,-18.090568164895902
2.3993657324489193,7.814646020161956,-13.182859574699169,-25.949032878269044,-5.368213554537212,-18.13438685810709
2.40015105194219,7.791010696035375,-13.192470868536914,-25.969173454717954,-5.40146017250154,-18.178162758682582
2.400936371435461,7.767435350645321,-13.202091481087567,-25.98933154797942,-5.434656130442248,-18.221896197334093
2.4017216909287313,7.743919697077123,-13.211721432962582,-26.009507199696202,-5.467801735885457,-18.265587502619077
2.4025070104220023,7.720463450678613,-13.221360744839464,-26.029700451643127,-5.500897294160851,-18.309237000964515
2.403292329915273,7.697066329037341,-13.231009437462003,-26.049911345727526,-5.53394310842466,-18.352845016690186
2.404077649408544,7.673728051957982,-13.240667531640595,-26.070139923989885,-5.566939479682613,-18.396411872031898
2.4048629689018144,7.650448341440138,-13.250335048252486,-26.09038622860433,-5.599886706812345,-18.439937887164184
2.4056482883950854,7.627226921656318,-13.260012008242104,-26.11065030187927,-5.632785086585782,-18.483423380222956
2.406433607888356,7.6040635189303,-13.269698432621286,-26.1309321862579,-5.6656349136909885,-18.5268686673276
2.407218927381627,7.580957861715642,-13.279394342469626,-26.151231924318836,-5.698436480753984,-18.570274062603193
2.4080042468748974,7.557909680574616,-13.28909975893471,-26.171549558776604,-5.731190078360095,-18.61363987820199
2.4087895663681684,7.534918708157221,-13.298814703232456,-26.191885132482344,-5.7638959950752335,-18.65696642432512
2.409574885861439,7.511984679180678,-13.308539196647349,-26.21223868842424,-5.79655451746667,-18.70025400924356
2.41036020535471,7.489107330408919,-13.318273260532795,-26.232610269728266,-5.82916593012388,-18.74350293931934
2.4111455248479805,7.46628640063261,-13.32801691631138,-26.252999919658613,-5.8617305156787705,-18.786713519026005
2.4119308443412515,7.443521630649178,-13.337770185475168,-26.273407681618433,-5.894248554825991,-18.829886050969257
2.412716163834522,7.420812763243278,-13.347533089586003,-26.29383359915031,-5.926720326342724,-18.87302083590703
2.413501483327793,7.39815954316732,-13.35730565027583,-26.31427771593694,-5.959146107108511,-18.916118172769618
2.4142868028210636,7.375561717122442,-13.367087889246951,-26.334740075801673,-5.99152617212451,-18.959178358679228
2.4150721223143345,7.3530190337394785,-13.376879828272388,-26.355220722709177,-6.023860794532908,-19.0022016889697
2.415857441807605,7.330531243560413,-13.386681489196121,-26.375719700765977,-6.056150245635706,-19.045188457205562
2.416642761300876,7.308098099019835,-13.396492893933459,-26.396237054221146,-6.088394794913622,-19.088138955201313
2.4174280807941466,7.28571935442678,-13.406314064471287,-26.416772827466826,-6.120594710044509,-19.131053473040048
2.4182134002874176,7.263394765946682,-13.416145022868442,-26.437327065038954,-6.1527502569217605,-19.17393229909227
2.418998719780688,7.241124091583664,-13.425985791255961,-26.457899811617768,-6.184861699672296,-19.216775720034104
2.419784039273959,7.218907091162884,-13.435836391837434,-26.478491112028525,-6.216929300674552,-19.259584020865642
2.4205693587672297,7.196743526313273,-13.445696846889302,-26.499101011242075,-6.248953320576028,-19.302357484928805
2.4213546782605007,7.174633160450291,-13.455567178761187,-26.51972955437553,-6.280934018310898,-19.345096393925235
2.422139997753771,7.152575758759111,-13.465447409876193,-26.540376786692818,-6.3128716511170815,-19.387801027933705
2.422925317247042,7.130571088177743,-13.475337562731244,-26.561042753605477,-6.344766474553504,-19.430471665427735
2.4237106367403127,7.108618917380643,-13.485237659897384,-26.58172750067311,-6.376618742516743,-19.473108583292465
2.4244959562335837,7.086719016762245,-13.495147724020134,-26.602431073604187,-6.408428707257889,-19.515712056841945
2.4252812757268543,7.064871158420925,-13.505067777819772,-26.623153518256576,-6.440196619398847,-19.55828235983565
2.4260665952201252,7.043075116142968,-13.514997844091708,-26.643894880638292,-6.471922727948739,-19.600819764495323
2.426851914713396,7.021330665386875,-13.524937945706775,-26.66465520690807,-6.503607280319898,-19.643324541521192
2.4276372342066668,6.999637583267713,-13.534888105611584,-26.685434543376097,-6.535250522343871,-19.685796960108387
2.4284225536999373,6.977995648541788,-13.54484834682884,-26.706232936504605,-6.566852698287051,-19.728237287962816
2.4292078731932083,6.956404641591389,-13.554818692457696,-26.72705043290861,-6.598414050866305,-19.77064579131722
2.429993192686479,6.934864344409802,-13.564799165674057,-26.747887079356513,-6.629934821264255,-19.813022734946713
2.43077851217975,6.9133745405863785,-13.574789789730966,-26.768742922770844,-6.6614152491445875,-19.85536838218447
2.4315638316730204,6.891935015291945,-13.584790587958883,-26.78961801022887,-6.69285557266694,-19.89768299493693
2.4323491511662914,6.870545555264194,-13.594801583766094,-26.810512388963346,-6.724256028501899,-19.93996683369915
2.433134470659562,6.849205948793438,-13.604822800638999,-26.831426106363118,-6.755616851845561,-19.98222015756968
2.433919790152833,6.827915985708334,-13.614854262142488,-26.85235920997392,-6.786938276434155,-20.024443224265582
2.4347051096461034,6.806675457361972,-13.624895991920278,-26.873311747498935,-6.818220534558305,-20.066636290136962
2.4354904291393744,6.785484156617913,-13.634948013695267,-26.894283766799653,-6.849463857077353,-20.10879961018174
2.436275748632645,6.764341877836611,-13.645010351269878,-26.915275315896395,-6.880668473433264,-20.15093343805978
2.437061068125916,6.743248416861766,-13.655083028526427,-26.936286442969184,-6.911834611664657,-20.193038026107416
2.4378463876191865,6.722203571007071,-13.665166069427455,-26.957317196358318,-6.942962498420382,-20.235113625351246
2.4386317071124575,6.70120713904284,-13.675259498016125,-26.978367624565195,-6.974052358973289,-20.27716048552236
2.439417026605728,6.680258921183071,-13.68536333841653,-26.99943777625291,-7.00510441723346,-20.319178855069843
2.440202346098999,6.6593587190724115,-13.695477614834093,-27.02052770024713,-7.036118895761684,-20.361168981174718
2.4409876655922695,6.638506335773472,-13.705602351555914,-27.04163744553664,-7.067096015782442,-20.40313110976317
2.4417729850855405,6.617701575754093,-13.715737572951152,-27.062767061274243,-7.0980359971970595,-20.44506548552015
2.442558304578811,6.596944244874955,-13.725883303471356,-27.083916596777364,-7.1289390585964,-20.48697235190241
2.443343624072082,6.57623415037714,-13.736039567650884,-27.105086101528872,-7.159805417273745,-20.528851951151736
2.4441289435653526,6.555571100869992,-13.746206390107229,-27.126275625177755,-7.190635289237236,-20.570704524307757
2.4449142630586236,6.534954906318974,-13.756383795541431,-27.147485217539938,-7.221428889222457,-20.612530311220965
2.445699582551894,6.51438537803381,-13.766571808738412,-27.168714928598945,-7.2521864307046044,-20.654329550565137
2.446484902045165,6.493862328656573,-13.776770454567416,-27.189964808506772,-7.2829081259108435,-20.6961024798502
2.4472702215384357,6.473385572150146,-13.786979757982305,-27.211234907584494,-7.313594185832159,-20.737849335434355
2.4480555410317066,6.452954923786544,-13.797199744022024,-27.232525276323184,-7.344244820235478,-20.779570352536638
2.448840860524977,6.432570200135609,-13.807430437810915,-27.253835965384535,-7.374860237675305,-20.821265765248928
2.449626180018248,6.412231219053628,-13.817671864559173,-27.275167025601785,-7.4054406455055455,-20.86293580654816
2.4504114995115187,6.39193779967226,-13.827924049563165,-27.29651850798033,-7.435986249890903,-20.904580708308067
2.4511968190047897,6.371689762387409,-13.838187018205875,-27.317890463698653,-7.466497255818466,-20.946200701311245
2.4519821384980602,6.351486928848392,-13.848460795957276,-27.339282944108977,-7.496973867108885,-20.987796015260585
2.4527674579913312,6.331329121947052,-13.858745408374721,-27.360696000738187,-7.527416286427673,-21.029366878791137
2.4535527774846018,6.311216165807152,-13.869040881103347,-27.382129685288486,-7.557824715296194,-21.070913519481337
2.4543380969778728,6.291147885773758,-13.879347239876477,-27.403584049638336,-7.588199354102719,-21.11243616386458
2.4551234164711433,6.271124108402847,-13.889664510516011,-27.425059145843107,-7.6185404021131635,-21.153935037440263
2.4559087359644143,6.251144661450892,-13.899992718932863,-27.44655502613606,-7.64884805748197,-21.195410364685166
2.456694055457685,6.231209373864745,-13.910331891127319,-27.46807174292897,-7.6791225172625746,-21.236862369064223
2.457479374950956,6.211318075771414,-13.920682053189493,-27.489609348813108,-7.709363977418078,-21.278291273041695
2.4582646944442264,6.191470598468166,-13.931043231299691,-27.511167896559957,-7.739572632831525,-21.319697298091796
2.4590500139374973,6.171666774412542,-13.941415451728885,-27.532747439122105,-7.769748677316343,-21.36108066470956
2.459835333430768,6.151906437212653,-13.951798740839067,-27.554348029634003,-7.799892303626414,-21.40244159242135
2.460620652924039,6.132189421617422,-13.962193125083722,-27.575969721412882,-7.8300037034663,-21.443780299795456
2.46140597241731,6.112515563507072,-13.972598631008204,-27.597612567959544,-7.860083067501131,-21.48509700445247
2.4621912919105804,6.092884699883625,-13.983015285250191,-27.619276622959205,-7.890130585366565,-21.52639192307558
2.4629766114038514,6.073296668861494,-13.993443114540094,-27.640961940282388,-7.920146445678602,-21.567665271420893
2.463761930897122,6.0537513096582884,-14.003882145701496,-27.662668573985716,-7.950130836043208,-21.608917264327427
2.464547250390393,6.034248462585539,-14.014332405651594,-27.684396578312857,-7.980083943066054,-21.65014811572732
2.4653325698836634,6.014787969039733,-14.024793921401578,-27.70614600769528,-8.010005952361844,-21.691358038655547
2.4661178893769344,5.995369671493212,-14.035266720057152,-27.727916916753248,-8.039897048563938,-21.732547245260037
2.466903208870205,5.975993413485414,-14.04575082881889,-27.749709360296578,-8.069757415333477,-21.773715946811162
2.467688528363476,5.956659039613957,-14.056246274982751,-27.771523393325626,-8.099587235368794,-21.814864353711666
2.4684738478567465,5.937366395526043,-14.066753085940448,-27.79335907103206,-8.129386690414407,-21.85599267550602
2.4692591673500175,5.9181153279097645,-14.077271289179965,-27.815216448799887,-8.1591559612702,-21.89710112089012
2.470044486843288,5.898905684485665,-14.087800912285953,-27.837095582206217,-8.188895227800288,-21.93818989772055
2.470829806336559,5.879737313998241,-14.09834198294022,-27.858996527022256,-8.218604668941978,-21.979259213024022
2.4716151258298296,5.860610066207652,-14.108894528922143,-27.880919339214177,-8.24828446271449,-22.020309273006525
2.4724004453231005,5.8415237918814285,-14.119458578109185,-27.902864074944027,-8.277934786227757,-22.0613402830626
2.473185764816371,5.822478342786343,-14.130034158477285,-27.92483079057066,-8.307555815690945,-22.102352447784316
2.473971084309642,5.80347357168028,-14.140621298101381,-27.94681954265066,-8.337147726421104,-22.14334597097038
2.4747564038029126,5.784509332304291,-14.15122002515583,-27.968830387939253,-8.366710692851541,-22.18432105563496
2.4755417232961836,5.765585479374616,-14.16183036791491,-27.99086338339127,-8.396244888540293,-22.225277904016657
2.476327042789454,5.746701868574919,-14.172452354753258,-28.012918586162048,-8.425750486178337,-22.266216717587128
2.477112362282725,5.727858356548464,-14.183086014146383,-28.034996053608417,-8.45522765759792,-22.307137697059957
2.4778976817759957,5.709054800890485,-14.193731374671092,-28.05709584328961,-8.48467657378061,-22.348041042399124
2.4786830012692667,5.690291060140568,-14.204388465006033,-28.07921801296827,-8.514097404865463,-22.3889269528277
2.479468320762537,5.671566993775171,-14.215057313932103,-28.101362620611326,-8.543490320156929,-22.429795626836157
2.480253640255808,5.652882462200114,-14.225737950332999,-28.123529724391105,-8.572855488132884,-22.470647262190987
2.4810389597490787,5.6342373267432775,-14.236430403195651,-28.14571938268611,-8.602193076452378,-22.511482055942835
2.4818242792423497,5.6156314496472675,-14.247134701610772,-28.16793165408221,-8.631503251963506,-22.552300204434943
2.4826095987356203,5.597064694062244,-14.257850874773283,-28.190166597373427,-8.660786180711042,-22.59310190331118
2.4833949182288912,5.578536924038712,-14.268578951982873,-28.212424271563115,-8.690042027944163,-22.633887347524407
2.484180237722162,5.560048004520539,-14.279318962644442,-28.234704735864792,-8.719270958123904,-22.674656731344257
2.4849655572154328,5.541597801337856,-14.290070936268656,-28.25700804970326,-8.748473134930798,-22.7154102483654
2.4857508767087033,5.523186181200213,-14.300834902472413,-28.279334272715534,-8.777648721272197,-22.756148091515325
2.4865361962019743,5.50481301168965,-14.311610890979365,-28.30168346475194,-8.806797879289714,-22.796870453062287
2.487321515695245,5.486478161253975,-14.322398931620432,-28.324055685877028,-8.835920770366458,-22.837577524623054
2.488106835188516,5.468181499199956,-14.33319905433433,-28.346450996370734,-8.865017555134372,-22.878269497170777
2.4888921546817864,5.449922895686764,-14.344011289168034,-28.368869456729264,-8.894088393481267,-22.918946561042496
2.4896774741750574,5.431702221719288,-14.354835666277381,-28.39131112766627,-8.92313344455809,-22.959608905946986
2.490462793668328,5.413519349141691,-14.365672215927512,-28.413776070113812,-8.952152866785822,-23.000256720972125
2.491248113161599,5.395374150630868,-14.376520968493478,-28.436264345223442,-8.98114681786261,-23.040890194592578
2.4920334326548694,5.377266499690152,-14.387381954460686,-28.45877601436724,-9.010115454770531,-23.081509514677087
2.4928187521481404,5.359196270642867,-14.398255204425503,-28.481311139138924,-9.039058933782634,-23.122114868496052
2.493604071641411,5.341163338626177,-14.409140749095759,-28.503869781354854,-9.067977410469583,-23.162706442728673
2.494389391134682,5.32316757958476,-14.420038619291297,-28.526452003055198,-9.096871039706537,-23.20328442347044
2.4951747106279525,5.305208870264765,-14.430948845944496,-28.549057866504924,-9.125739975679732,-23.24384899624016
2.4959600301212235,5.287287088207639,-14.441871460100856,-28.571687434194978,-9.154584371893218,-23.284400345987343
2.496745349614494,5.26940211174418,-14.452806492919503,-28.59434076884329,-9.183404381175325,-23.324938657099107
2.497530669107765,5.251553819988491,-14.463753975673786,-28.617017933395978,-9.212200155685297,-23.365464113407484
2.4983159886010355,5.233742092832138,-14.474713939751796,-28.639718991028378,-9.240971846919658,-23.40597689819624
2.4991013080943065,5.215966810938241,-14.485686416656954,-28.662444005146213,-9.269719605718713,-23.446477194207972
2.499886627587577,5.198227855735736,-14.496671438008539,-28.685193039386682,-9.298443582272805,-23.48696518365095
2.500671947080848,5.18052510941356,-14.50766903554231,-28.707966157619644,-9.32714392612875,-23.527441048206082
2.5014572665741186,5.16285845491506,-14.518679241111021,-28.730763423948673,-9.355820786195961,-23.567904969033616
2.5022425860673896,5.145227775932267,-14.529702086685035,-28.753584902712316,-9.384474310752767,-23.60835712678005
2.50302790556066,5.12763295690041,-14.540737604352852,-28.776430658485125,-9.413104647452442,-23.64879770158471
2.503813225053931,5.110073882992319,-14.55178582632177,-28.79930075607892,-9.441711943329452,-23.689226873086607
2.5045985445472017,5.092550440113028,-14.562846784918372,-28.82219526054389,-9.470296344805346,-23.72964482043086
2.5053838640404726,5.075062514894277,-14.57392051258921,-28.845114237169824,-9.498857997694932,-23.770051722275547
2.506169183533743,5.057609994689246,-14.585007041901306,-28.868057751487196,-9.527397047212059,-23.810447756797952
2.506954503027014,5.040192767567142,-14.596106405542821,-28.891025869268503,-9.555913637975678,-23.850833101701365
2.5077398225202847,5.022810722308021,-14.607218636323612,-28.91401865652931,-9.58440791401559,-23.891207934221285
2.5085251420135557,5.005463748397507,-14.618343767175858,-28.937036179529564,-9.612880018778352,-23.93157243113206
2.5093104615068262,4.988151736021703,-14.629481831154633,-28.960078504774724,-9.64133009513293,-23.971926768753026
2.5100957810000972,4.970874576061993,-14.640632861438567,-28.983145699017065,-9.669758285376574,-24.01227112295507
2.5108811004933678,4.953632160090051,-14.651796891330402,-29.006237829256815,-9.69816473124035,-24.05260566916676
2.5116664199866388,4.936424380362772,-14.662973954257673,-29.029354962743476,-9.7265495738949,-24.092930582380703
2.5124517394799093,4.919251129817345,-14.674164083773265,-29.052497166976984,-9.754912953955918,-24.13324603715964
2.5132370589731803,4.902112302066275,-14.68536731355609,-29.075664509709043,-9.783255011489814,-24.173552207642768
2.514022378466451,4.885007791392574,-14.696583677411674,-29.09885705894428,-9.811575886019101,-24.213849267551705
2.514807697959722,4.8679374927448436,-14.70781320927285,-29.122074882941632,-9.839875716528006,-24.25413739019679
2.5155930174529924,4.850901301732591,-14.719055943200317,-29.145318050215515,-9.868154641467726,-24.29441674848292
2.5163783369462633,4.83389911462139,-14.730311913383353,-29.168586629537167,-9.896412798761961,-24.334687514915775
2.517163656439534,4.816930828328256,-14.741581154140405,-29.191880689935886,-9.924650325812152,-24.37494986160763
2.517948975932805,4.799996340416927,-14.752863699919798,-29.21520030070043,-9.952867359502873,-24.415203960283502
2.5187342954260754,4.783095549093334,-14.764159585300309,-29.23854553138017,-9.981064036206975,-24.455449982286837
2.5195196149193464,4.766228353200936,-14.775468844991913,-29.26191645178655,-10.009240491790976,-24.495688098585617
2.520304934412617,4.74939465221629,-14.78679151383636,-29.285313131994307,-10.037396861620069,-24.535918479778015
2.521090253905888,4.732594346244477,-14.798127626807926,-29.308735642342874,-10.06553328056345,-24.576141296098392
2.5218755733991585,4.715827336014743,-14.809477219014003,-29.33218405343764,-10.093649882999259,-24.616356717422896
2.5226608928924295,4.699093522876018,-14.820840325695837,-29.355658436151412,-10.121746802819818,-24.656564913275393
2.5234462123857,4.682392808792631,-14.832216982229163,-29.379158861625644,-10.149824173436532,-24.69676605283301
2.524231531878971,4.665725096339905,-14.843607224124916,-29.402685401271903,-10.177882127785011,-24.736960304931998
2.5250168513722415,4.649090288699967,-14.855011087029899,-29.426238126773168,-10.205920798329933,-24.7771478380732
2.5258021708655125,4.632488289657408,-14.866428606727503,-29.449817110085288,-10.233940317070097,-24.817328820427882
2.526587490358783,4.615919003595171,-14.877859819138347,-29.47342242343828,-10.261940815543177,-24.857503419843106
2.527372809852054,4.5993823354903,-14.88930476032106,-29.497054139337845,-10.28992242483076,-24.897671803847548
2.5281581293453246,4.582878190909891,-14.900763466472903,-29.520712330566656,-10.317885275563013,-24.937834139656765
2.5289434488385956,4.566406476006911,-14.912235973930558,-29.54439707018588,-10.34582949792365,-24.97799059417897
2.529728768331866,4.549967097516242,-14.923722319170764,-29.568108431536523,-10.373755221654523,-25.01814133402028
2.530514087825137,4.533559962750577,-14.935222538811102,-29.591846488240947,-10.401662576060522,-25.058286525490363
2.5312994073184076,4.517184979596506,-14.946736669610663,-29.6156113142042,-10.429551690014156,-25.098426334607694
2.5320847268116786,4.500842056510502,-14.958264748470844,-29.63940298361564,-10.457422691960343,-25.138560927105136
2.532870046304949,4.484531102515088,-14.969806812435992,-29.663221570950217,-10.485275709920906,-25.178690468435136
2.53365536579822,4.468252027194873,-14.981362898694233,-29.6870671509701,-10.513110871499357,-25.218815123775226
2.5344406852914907,4.452004740692815,-14.992933044578148,-29.71093979872604,-10.54092830388533,-25.258935058033227
2.5352260047847617,4.435789153706304,-15.004517287565548,-29.734839589558963,-10.568728133859244,-25.29905043585266
2.536011324278032,4.4196051774834775,-15.016115665280225,-29.75876659910139,-10.596510487796746,-25.33916142161791
2.536796643771303,4.403452723819422,-15.027728215492708,-29.782720903279017,-10.624275491673284,-25.37926817945959
2.5375819632645737,4.387331705052524,-15.03935497612101,-29.80670257831217,-10.652023271068485,-25.419370873259645
2.5383672827578447,4.371242034060715,-15.050995985231431,-29.830711700717437,-10.679753951170717,-25.459469666656723
2.5391526022511153,4.35518362425792,-15.062651281039276,-29.854748347309084,-10.707467656781358,-25.49956472305116
2.5399379217443863,4.3391563895903875,-15.074320901909688,-29.87881259520071,-10.735164512319301,-25.53965620561032
2.540723241237657,4.323160244533144,-15.08600488635839,-29.902904521806754,-10.762844641825247,-25.579744277273612
2.541508560730928,4.307195104086407,-15.097703273052495,-29.927024204844116,-10.790508168966092,-25.619829100757713
2.5422938802241983,4.291260883772146,-15.109416100811274,-29.951171722333648,-10.818155217039125,-25.659910838561505
2.5430791997174693,4.275357499630504,-15.121143408606986,-29.975347152601902,-10.845785908976485,-25.699989652971396
2.54386451921074,4.259484868216431,-15.132885235565649,-29.99955057428254,-10.873400367349218,-25.74006570606611
2.544649838704011,4.243642906596188,-15.144641620967878,-30.023782066318137,-10.900998714371688,-25.780139159721955
2.5454351581972814,4.227831532344016,-15.15641260424966,-30.04804170796166,-10.928581071905644,-25.820210175617643
2.5462204776905524,4.212050663538714,-15.168198225003213,-30.0723295787782,-10.956147561464498,-25.860278915239483
2.547005797183823,4.196300218760359,-15.17999852297778,-30.096645758646563,-10.98369830421742,-25.900345539886203
2.547791116677094,4.180580117086951,-15.191813538080488,-30.120990327760964,-11.011233420993538,-25.940410210674013
2.5485764361703644,4.164890278091177,-15.203643310377137,-30.14536336663266,-11.03875303228596,-25.980473088541487
2.5493617556636354,4.149230621837115,-15.215487880093097,-30.16976495609168,-11.06625725825598,-26.020534334254567
2.550147075156906,4.133601068877088,-15.227347287614093,-30.194195177288435,-11.093746218737008,-26.060594108411344
2.550932394650177,4.118001540248358,-15.239221573487132,-30.218654111695535,-11.121220033238773,-26.100652571447178
2.5517177141434475,4.102431957470079,-15.251110778421275,-30.243141841109367,-11.148678820951194,-26.14070988363929
2.5525030336367185,4.086892242540064,-15.263014943288571,-30.267658447651968,-11.176122700748504,-26.1807662051119
2.553288353129989,4.071382317931746,-15.274934109124874,-30.29220401377262,-11.203551791193128,-26.22082169584087
2.55407367262326,4.055902106591018,-15.286868317130766,-30.316778622249693,-11.230966210539748,-26.260876515658676
2.5548589921165306,4.040451531933249,-15.298817608672389,-30.341382356192362,-11.25836607673914,-26.300930824259115
2.5556443116098015,4.025030517840188,-15.310782025282371,-30.366015299042424,-11.285751507442184,-26.340984781202238
2.5564296311030725,4.009638988656986,-15.322761608660695,-30.390677534575996,-11.313122620003709,-26.381038545919008
2.557214950596343,3.9942768691892327,-15.334756400675593,-30.415369146905398,-11.340479531486361,-26.421092277716166
2.558000270089614,3.978944084699942,-15.346766443364487,-30.44009022048094,-11.367822358664547,-26.461146135780997
2.5587855895828846,3.963640560906676,-15.358791778934847,-30.464840840092666,-11.395151218028172,-26.501200279185987
2.5595709090761556,3.9483662239785975,-15.370832449765153,-30.48962109087233,-11.422466225786556,-26.541254866893734
2.560356228569426,3.9331210005336255,-15.382888498405782,-30.514431058295095,-11.449767497872156,-26.58131005776147
2.561141548062697,3.9179048176355282,-15.394959967579974,-30.539270828181486,-11.477055149944446,-26.621366010545955
2.5619268675559677,3.9027176027911485,-15.407046900184724,-30.56414048669921,-11.504329297393577,-26.661422883908056
2.5627121870492386,3.887559283947514,-15.419149339291769,-30.589040120365066,-11.531590055344259,-26.701480836417556
2.563497506542509,3.8724297894891313,-15.431267328148497,-30.61396981604682,-11.558837538659365,-26.741540026557686
2.56428282603578,3.8573290482351603,-15.443400910178934,-30.638929660965132,-11.58607186194377,-26.78160061272997
2.5650681455290507,3.8422569894367102,-15.455550128984662,-30.663919742695455,-11.613293139547952,-26.821662753258742
2.5658534650223217,3.827213542774082,-15.467715028345845,-30.68894014917001,-11.640501485571761,-26.861726606395923
2.5666387845155922,3.8121986383541278,-15.479895652222147,-30.713990968679653,-11.667697013868016,-26.90179233032552
2.5674241040088632,3.7972122067075036,-15.492092044753756,-30.739072289875935,-11.694879838046251,-26.94186008316843
2.5682094235021338,3.782254178786098,-15.504304250262335,-30.764184201772995,-11.722050071476238,-26.9819300229869
2.5689947429954048,3.767324485960321,-15.516532313252053,-30.789326793749616,-11.749207827291734,-27.022002307789297
2.5697800624886753,3.7524230600165693,-15.528776278410547,-30.814500155551144,-11.776353218393979,-27.062077095534573
2.5705653819819463,3.737549833154565,-15.541036190609974,-30.839704377291604,-11.803486357455405,-27.102154544137036
2.571350701475217,3.722704737984876,-15.553312094907966,-30.864939549455602,-11.83060735692309,-27.14223481147073
2.572136020968488,3.7078877075262677,-15.56560403654873,-30.890205762900532,-11.857716329022459,-27.182318055374264
2.5729213404617584,3.693098675203284,-15.577912060963996,-30.915503108858463,-11.884813385760713,-27.22240443365518
2.5737066599550293,3.67833757484365,-15.590236213774126,-30.94083167893832,-11.911898638930474,-27.262494104094674
2.5744919794483,3.6636043406758683,-15.60257654078909,-30.966191565127936,-11.938972200113223,-27.30258722445207
2.575277298941571,3.648898907326681,-15.614933088009577,-30.991582859796157,-11.966034180682897,-27.34268395246948
2.5760626184348414,3.634221209818694,-15.627305901628004,-31.01700565569494,-11.993084691809312,-27.382784445876247
2.5768479379281124,3.6195711835678868,-15.639695028029623,-31.04246004596152,-12.02012384446174,-27.42288886239363
2.577633257421383,3.6049487643812834,-15.652100513793549,-31.06794612412049,-12.047151749412263,-27.4629973597392
2.578418576914654,3.5903538884544854,-15.664522405693884,-31.09346398408605,-12.074168517239398,-27.503110095631563
2.5792038964079245,3.5757864923693856,-15.676960750700761,-31.119013720164084,-12.101174258331376,-27.5432272277947
2.5799892159011955,3.5612465130917426,-15.689415595981496,-31.14459542705443,-12.128169082889752,-27.583348913962688
2.580774535394466,3.5467338879689296,-15.701886988901617,-31.17020919985302,-12.155153100932685,-27.62347531188409
2.581559854887737,3.532248554727553,-15.714374977026047,-31.195855134054167,-12.182126422298493,-27.66360657932662
2.5823451743810075,3.517790451471223,-15.726879608120171,-31.221533325552734,-12.209089156648947,-27.703742874081513
2.5831304938742785,3.5033595166782328,-15.73940093015099,-31.247243870646443,-12.236041413472758,-27.74388435396821
2.583915813367549,3.4889556891993463,-15.751938991288233,-31.272986866038064,-12.262983302088886,-27.78403117683872
2.58470113286082,3.4745789082555016,-15.764493839905532,-31.29876240883782,-12.28991493165003,-27.824183500582325
2.5854864523540906,3.460229113435671,-15.77706552458153,-31.32457059656556,-12.316836411145859,-27.864341483129888
2.5862717718473616,3.4459062446945756,-15.789654094101088,-31.350411527153177,-12.34374784940651,-27.9045052824586
2.587057091340632,3.4316102423505823,-15.802259597456382,-31.376285298946833,-12.370649355105801,-27.944675056596246
2.587842410833903,3.4173410470834535,-15.814882083848174,-31.402192010709435,-12.397541036764718,-27.98485096362598
2.5886277303271736,3.403098599932277,-15.827521602686893,-31.428131761622872,-12.424423002754615,-28.025033161690594
2.5894130498204446,3.3888828422932598,-15.840178203593906,-31.45410465129052,-12.45129536130065,-28.065221808997265
2.590198369313715,3.3746937159176738,-15.85285193640268,-31.480110779739526,-12.478158220485003,-28.10541706382185
2.590983688806986,3.3605311629097017,-15.865542851159983,-31.50615024742331,-12.505011688250283,-28.145619084513612
2.5917690083002567,3.346395125724408,-15.87825099812713,-31.53222315522393,-12.531855872402724,-28.185828029499525
2.5925543277935277,3.3322855471656005,-15.890976427781197,-31.55832960445464,-12.558690880615597,-28.226044057289045
2.593339647286798,3.3182023703838674,-15.903719190816235,-31.584469696862204,-12.585516820432368,-28.266267326478335
2.594124966780069,3.3041455388744496,-15.916479338144551,-31.610643534629524,-12.612333799270099,-28.306497995755073
2.5949102862733398,3.2901149964752947,-15.92925692089792,-31.636851220378045,-12.639141924422624,-28.34673622390275
2.5956956057666107,3.276110687364998,-15.942051990428896,-31.663092857170362,-12.6659413030639,-28.386982169805364
2.5964809252598813,3.2621325560608634,-15.954864598312021,-31.689368548512668,-12.692732042251158,-28.4272359924518
2.5972662447531523,3.2481805474168763,-15.967694796345162,-31.71567839835741,-12.719514248928284,-28.467497850940532
2.598051564246423,3.234254606621796,-15.98054263655075,-31.742022511105752,-12.746288029928953,-28.50776790448396
2.598836883739694,3.2203546791971616,-15.993408171177135,-31.768400991610303,-12.77305349197997,-28.548046312413142
2.5996222032329643,3.2064807109954185,-16.006291452699834,-31.79481394517761,-12.799810741704414,-28.588333234182187
2.6004075227262353,3.1926326481979443,-16.01919253382289,-31.82126147757088,-12.826559885624945,-28.628628829372932
2.601192842219506,3.1788104373132087,-16.032111467480178,-31.847743695012554,-12.853301030166966,-28.668933257699347
2.601978161712777,3.1650140251748287,-16.045048306836748,-31.874260704187087,-12.88003428166192,-28.70924667901226
2.6027634812060474,3.1512433589397615,-16.058003105290172,-31.9008126122435,-12.906759746350412,-28.749569253303736
2.6035488006993184,3.137498386086377,-16.070975916471912,-31.927399526798222,-12.933477530385534,-28.789901140711844
2.604334120192589,3.1237790544126915,-16.08396679424864,-31.95402155593773,-12.960187739835948,-28.830242501525042
2.60511943968586,3.1100853120344585,-16.09697579272368,-31.98067880822134,-12.986890480689219,-28.870593496186885
2.6059047591791304,3.096417107383429,-16.110002966238323,-32.007371392683986,-13.013585858854896,-28.91095428530056
2.6066900786724014,3.0827743892054875,-16.123048369373304,-32.034099418838984,-13.040273980167816,-28.951325029633495
2.607475398165672,3.0691571065589147,-16.13611205695012,-32.06086299668083,-13.066954950391207,-28.991705890121917
2.608260717658943,3.055565208812566,-16.149194084032533,-32.08766223668812,-13.093628875219963,-29.032097027875547
2.6090460371522135,3.041998645644164,-16.162294505927907,-32.11449724982626,-13.120295860283742,-29.072498604182094
2.6098313566454845,3.0284573670384765,-16.17541337818874,-32.141368147550516,-13.146956011150264,-29.112910780512035
2.610616676138755,3.014941323285672,-16.188550756614017,-32.168275041808705,-13.173609433328346,-29.153333718523037
2.611401995632026,3.0014504649795004,-16.201706697250774,-32.19521804504434,-13.200256232271272,-29.19376758006484
2.6121873151252966,2.987984743015677,-16.214881256395447,-32.222197270199345,-13.22689651337977,-29.234212527183665
2.6129726346185675,2.9745441085900985,-16.228074490595475,-32.24921283071721,-13.253530382005378,-29.274668722127114
2.613757954111838,2.961128513197236,-16.241286456650688,-32.2762648405458,-13.280157943453453,-29.31513632734856
2.614543273605109,2.9477379086283957,-16.254517211614882,-32.303353414140524,-13.306779302986486,-29.35561550551213
2.6153285930983796,2.934372246970117,-16.267766812797287,-32.330478666467215,-13.333394565827168,-29.396106419497098
2.6161139125916506,2.921031480602459,-16.281035317764136,-32.35764071300531,-13.360003837161676,-29.436609232402855
2.616899232084921,2.907715562197453,-16.294322784340128,-32.38483966975079,-13.386607222142676,-29.477124107553337
2.617684551578192,2.8944244447173757,-16.307629270610093,-32.41207565321942,-13.413204825892715,-29.517651208502045
2.6184698710714627,2.8811580814132283,-16.320954834920414,-32.43934878044972,-13.439796753507187,-29.558190699036494
2.6192551905647337,2.8679164258230676,-16.33429953588073,-32.46665916900626,-13.466383110057663,-29.598742743183198
2.620040510058004,2.854699431770472,-16.347663432365394,-32.494006936982665,-13.492964000594922,-29.639307505212194
2.620825829551275,2.8415070533629088,-16.361046583515197,-32.52139220300494,-13.519539530152286,-29.67988514964204
2.6216111490445457,2.8283392449902367,-16.374449048738846,-32.54881508623461,-13.54610980374861,-29.720475841244372
2.6223964685378167,2.815195961323061,-16.3878708877147,-32.57627570637199,-13.572674926391642,-29.76107974504893
2.6231817880310873,2.80207715731129,-16.401312160392305,-32.603774183659404,-13.599235003081018,-29.801697026348116
2.6239671075243582,2.7889827881825098,-16.414772926994125,-32.63131063888458,-13.625790138811617,-29.84232785070207
2.624752427017629,2.7759128094405447,-16.428253248017114,-32.65888519338377,-13.652340438576566,-29.88297238394322
2.6255377465108998,2.762867176863872,-16.441753184234454,-32.68649796904532,-13.678886007370583,-29.923630792181445
2.6263230660041703,2.749845846504189,-16.455272796697187,-32.71414908831284,-13.705426950193,-29.96430324180865
2.6271083854974413,2.7368487746848613,-16.468812146735964,-32.741838674188706,-13.731963372051103,-30.00498989950384
2.627893704990712,2.723875917999506,-16.482371295962682,-32.76956685023741,-13.758495377963179,-30.045690932237903
2.628679024483983,2.710927233310457,-16.495950306272277,-32.79733374058908,-13.785023072961817,-30.086406507278628
2.6294643439772534,2.6980026777473762,-16.50954923984439,-32.82513946994284,-13.811546562097012,-30.127136792195465
2.6302496634705244,2.6851022087057466,-16.52316815914518,-32.85298416357041,-13.838065950439438,-30.167881954864665
2.631034982963795,2.672225783845473,-16.53680712692903,-32.8808679473195,-13.864581343083561,-30.208642163474032
2.631820302457066,2.659373361089426,-16.550466206240372,-32.90879094761755,-13.891092845150947,-30.249417586528118
2.6326056219503364,2.646544898622063,-16.5641454604154,-32.93675329147506,-13.917600561793337,-30.290208392853
2.6333909414436074,2.6337403548879696,-16.577844953083968,-32.964755106489434,-13.944104598195999,-30.33101475160146
2.634176260936878,2.620959688590516,-16.591564748171315,-32.99279652084841,-13.970605059580802,-30.371836832257895
2.634961580430149,2.608202858690414,-16.60530490989997,-33.02087766333388,-13.997102051209557,-30.41267480464347
2.6357468999234195,2.595469824404394,-16.619065502791535,-33.04899866332544,-14.023595678387139,-30.453528838921045
2.6365322194166905,2.582760545203782,-16.63284659166858,-33.077159650804234,-14.050086046464799,-30.494399105600447
2.637317538909961,2.570074980813197,-16.646648241656507,-33.10536075635655,-14.076573260843313,-30.535285775543358
2.638102858403232,2.5574130912091313,-16.660470518185438,-33.13360211117779,-14.103057426976306,-30.576189019968652
2.6388881778965025,2.5447748366186884,-16.674313486992098,-33.16188384707603,-14.129538650373409,-30.617109010457334
2.6396734973897735,2.532160177518177,-16.688177214121765,-33.1902060964761,-14.156017036603588,-30.658045918957928
2.640458816883044,2.519569074631856,-16.70206176593017,-33.218568992423265,-14.182492691298314,-30.698999917791404
2.641244136376315,2.5070014889305545,-16.715967209085484,-33.24697266858721,-14.208965720154934,-30.739971179656656
2.6420294558695856,2.4944573816304256,-16.729893610570223,-33.275417259265915,-14.235436228939795,-30.78095987763549
2.6428147753628566,2.4819367141916087,-16.743841037683275,-33.30390289938967,-14.261904323491667,-30.82196618519806
2.643600094856127,2.469439448316977,-16.75780955804187,-33.33242972452497,-14.288370109724893,-30.862990276208002
2.644385414349398,2.456965545950816,-16.77179923958361,-33.36099787087866,-14.314833693632796,-30.904032324927847
2.6451707338426687,2.4445149692776105,-16.785810150568455,-33.38960747530183,-14.341295181290846,-30.945092506024224
2.6459560533359396,2.4320876807207115,-16.79984235958081,-33.418258675294055,-14.3677546788601,-30.986170994573342
2.64674137282921,2.419683642941174,-16.81389593553154,-33.446951609007336,-14.39421229259037,-31.02726796606617
2.647526692322481,2.407302818836417,-16.827970947660088,-33.475686415250465,-14.42066812882367,-31.068383596414044
2.6483120118157517,2.394945171539062,-16.842067465536495,-33.50446323349294,-14.447122293997431,-31.10951806195388
2.6490973313090227,2.38261066441566,-16.85618555906361,-33.53328220386944,-14.473574894647953,-31.150671539453782
2.6498826508022932,2.3702992610655,-16.87032529847912,-33.562143467183866,-14.500026037413619,-31.19184420611836
2.6506679702955642,2.358010925319371,-16.884486754357724,-33.59104716491375,-14.526475829038352,-31.233036239594384
2.651453289788835,2.3457456212383883,-16.898669997613307,-33.61999343921451,-14.552924376374918,-31.274247817976118
2.6522386092821058,2.333503313112783,-16.912875099501086,-33.64898243292379,-14.579371786388302,-31.315479119811002
2.6530239287753767,2.3212839654606925,-16.927102131619836,-33.6780142895659,-14.60581816615914,-31.356730324105207
2.6538092482686473,2.3090875430270357,-16.941351165914043,-33.70708915335617,-14.63226362288701,-31.398001610329132
2.6545945677619183,2.296914010782266,-16.95562227467622,-33.73620716920548,-14.658708263893953,-31.43929315842321
2.655379887255189,2.2847633339212914,-16.969915530549045,-33.76536848272464,-14.685152196627755,-31.480605148803345
2.65616520674846,2.2726354778622295,-16.984231006527743,-33.79457324022907,-14.711595528665516,-31.521937762366843
2.6569505262417303,2.260530408245351,-16.998568775962248,-33.8238215887432,-14.738038367716896,-31.563291180497846
2.6577358457350013,2.2484480909318374,-17.012928912559595,-33.853113676005194,-14.764480821627757,-31.604665585073356
2.658521165228272,2.2363884920027486,-17.027311490386197,-33.88244965047151,-14.790922998383449,-31.64606115846876
2.659306484721543,2.2243515777578016,-17.041716583870198,-33.91182966132166,-14.817365006112396,-31.687478083563857
2.6600918042148134,2.212337314714329,-17.056144267803813,-33.94125385846281,-14.843806953089484,-31.728916543748483
2.6608771237080844,2.2003456696060986,-17.070594617345737,-33.97072239253465,-14.870248947739636,-31.77037672292855
2.661662443201355,2.188376609382275,-17.085067708023484,-34.00023541491408,-14.896691098641213,-31.811858805531802
2.662447762694626,2.1764301012062495,-17.099563615735892,-34.02979307772014,-14.923133514529642,-31.853362976513893
2.6632330821878964,2.164506112454621,-17.114082416755455,-34.05939553381878,-14.94957630430083,-31.894889421364162
2.6640184016811674,2.1526046107160464,-17.128624187730857,-34.089042936827894,-14.976019577014814,-31.93643832611185
2.664803721174438,2.1407255637902063,-17.143189005689408,-34.11873544112211,-15.002463441899202,-31.978009877331907
2.665589040667709,2.1288689396867135,-17.157776948039558,-34.14847320183795,-15.028908008352847,-32.01960426215124
2.6663743601609795,2.11703470662406,-17.1723880925734,-34.17825637487872,-15.055353385949338,-32.06122166825466
2.6671596796542505,2.1052228330285434,-17.187022517469224,-34.20808511691969,-15.08179968444068,-32.10286228389114
2.667944999147521,2.0934332875332435,-17.201680301294044,-34.23795958541313,-15.1082470137608,-32.144526297879885
2.668730318640792,2.0816660389769415,-17.216361523006242,-34.26787993859356,-15.134695484029299,-32.18621389961661
2.6695156381340626,2.06992105640311,-17.231066261958073,-34.29784633548281,-15.16114520555496,-32.2279252790797
2.6703009576273335,2.0581983090588736,-17.24579459789839,-34.32785893589548,-15.187596288839513,-32.269660626836604
2.671086277120604,2.0464977663939825,-17.260546610975194,-34.357917900443965,-15.214048844581214,-32.31142013404998
2.671871596613875,2.03481939805978,-17.275322381738395,-34.388023390544035,-15.240502983678613,-32.353203992484254
2.6726569161071456,2.023163173908235,-17.290121991142414,-34.41817556842001,-15.266958817234178,-32.395012394511774
2.6734422356004166,2.0115290639908685,-17.30494552054896,-34.44837459711036,-15.293416456558086,-32.436845533119495
2.674227555093687,1.99991703855782,-17.319793051729704,-34.47862064047302,-15.319876013171886,-32.4787036019152
2.675012874586958,1.9883270680567977,-17.334664666869113,-34.50891386319102,-15.346337598812315,-32.52058679513422
2.6757981940802287,1.976759123132138,-17.34956044856715,-34.53925443077795,-15.37280132543501,-32.56249530764582
2.6765835135734997,1.965213174623785,-17.364480479842154,-34.56964250958369,-15.39926730521837,-32.6044293349599
2.67736883306677,1.9536891935663439,-17.37942484413358,-34.60007826679989,-15.425735650567237,-32.64638907323355
2.678154152560041,1.942187151188075,-17.394393625304957,-34.63056187046588,-15.452206474116878,-32.6883747192778
2.6789394720533117,1.930707018909995,-17.409386907646642,-34.661093489474204,-15.478679888736648,-32.730386470564206
2.6797247915465827,1.919248768344828,-17.424404775878855,-34.69167329357664,-15.505156007534032,-32.77242452523181
2.6805101110398533,1.9078123712961377,-17.439447315154478,-34.722301453389846,-15.531634943858341,-32.81448908209371
2.6812954305331242,1.8963977997573203,-17.454514611062095,-34.752978140401424,-15.558116811304775,-32.8565803406441
2.682080750026395,1.8850050259107007,-17.469606749628916,-34.78370352697574,-15.584601723718212,-32.89869850106504
2.6828660695196658,1.8736340221265695,-17.4847238173238,-34.814477786360044,-15.61108979519723,-32.94084376423348
2.6836513890129363,1.8622847609622852,-17.499865901060268,-34.84530109269041,-15.637581140097982,-32.98301633172813
2.6844367085062073,1.8509572151612985,-17.51503308819959,-34.87617362099793,-15.66407587303829,-33.02521640583663
2.685222027999478,1.8396513576523024,-17.530225466553794,-34.907095547214794,-15.690574108901492,-33.067444189562494
2.686007347492749,1.828367161548249,-17.545443124388857,-34.93806704818058,-15.717075962840607,-33.10969988663233
2.6867926669860194,1.8171046001454942,-17.56068615042776,-34.96908830164842,-15.743581550282267,-33.15198370150292
2.6875779864792904,1.8058636469228544,-17.575954633853705,-35.000159486291444,-15.770090986930851,-33.194295839368586
2.688363305972561,1.7946442755407381,-17.59124866431325,-35.031280781708986,-15.796604388772513,-33.236636506168246
2.689148625465832,1.7834464598402353,-17.606568331919583,-35.06245236843321,-15.823121872079348,-33.27900590859298
2.6899339449591024,1.7722701738422464,-17.621913727255695,-35.093674427935404,-15.849643553413447,-33.32140425409316
2.6907192644523734,1.761115391746573,-17.637284941377708,-35.12494714263265,-15.876169549631136,-33.36383175088607
2.691504583945644,1.7499820879310726,-17.652682065818134,-35.15627069589432,-15.902699977887062,-33.40628860796325
2.692289903438915,1.7388702369507525,-17.668105192589245,-35.18764527204888,-15.929234955638494,-33.44877503509813
2.6930752229321855,1.7277798135369482,-17.683554414186364,-35.21907105639039,-15.955774600649416,-33.49129124285344
2.6938605424254565,1.7167107925963943,-17.699029823591328,-35.250548235185484,-15.982319030994937,-33.53383744258909
2.694645861918727,1.7056631492104453,-17.714531514275826,-35.282076995680036,-16.008868365065382,-33.57641384646959
2.695431181411998,1.6946368586341463,-17.73005958020493,-35.3136575261062,-16.035422721570786,-33.61902066747205
2.6962165009052685,1.6836318962954553,-17.745614115840475,-35.34529001568917,-16.06198221954502,-33.66165811939372
2.6970018203985395,1.6726482377943377,-17.761195216144657,-35.37697465465444,-16.08854697835032,-33.704326416860106
2.69778713989181,1.661685858901978,-17.776802976583493,-35.40871163423463,-16.115117117681514,-33.747025775332645
2.698572459385081,1.6507447355599023,-17.79243749313046,-35.44050114667681,-16.14169275757056,-33.789756411116905
2.6993577788783516,1.6398248438792011,-17.808098862270022,-35.472343385249566,-16.16827401839082,-33.83251854137037
2.7001430983716226,1.6289261601396354,-17.823787181001343,-35.50423854425041,-16.194861020861705,-33.87531238411078
2.700928417864893,1.6180486607888995,-17.839502546841864,-35.536186819012926,-16.221453886052963,-33.91813815822403
2.701713737358164,1.6071923224417197,-17.855245057831095,-35.568188405914356,-16.248052735389372,-33.960996083472644
2.7024990568514347,1.5963571218791244,-17.871014812534252,-35.600243502382895,-16.274657690655125,-34.00388638050377
2.7032843763447056,1.5855430360475626,-17.886811910046106,-35.63235230690536,-16.30126887399854,-34.04680927085779
2.704069695837976,1.5747500420581684,-17.9026364499947,-35.66451501903464,-16.32788640793653,-34.08976497697647
2.704855015331247,1.5639781171859102,-17.918488532545265,-35.69673183939752,-16.354510415359357,-34.13275372221162
2.7056403348245177,1.5532272388688355,-17.934368258404007,-35.72900296970225,-16.381141019535164,-34.175775730833415
2.7064256543177887,1.5424973847072467,-17.950275728822067,-35.7613286127465,-16.40777834411482,-34.21883122803926
2.7072109738110592,1.531788532462961,-17.966211045599408,-35.79370897242511,-16.434422513136447,-34.26192043996215
2.7079962933043302,1.5211006600584742,-17.982174311088855,-35.82614425373808,-16.461073651030382,-34.3050435936796
2.7087816127976008,1.510433745576238,-17.998165628200024,-35.85863466279862,-16.487731882623784,-34.34820091722238
2.7095669322908718,1.4997877672578461,-18.014185100403424,-35.89118040684121,-16.514397333145578,-34.391392639583366
2.7103522517841423,1.4891627035033008,-18.030232831734494,-35.923781694229696,-16.541070128231194,-34.43461899072639
2.7111375712774133,1.4785585328702018,-18.04630892679779,-35.95643873446569,-16.567750393927586,-34.47788020159549
2.711922890770684,1.4679752340730459,-18.062413490771043,-35.98915173819667,-16.594438256697998,-34.52117650412362
2.712708210263955,1.4574127859824146,-18.078546629409455,-36.02192091722459,-16.62113384342704,-34.56450813124218
2.7134935297572254,1.446871167624262,-18.094708449049847,-36.05474648451413,-16.647837281425584,-34.60787531688987
2.7142788492504963,1.436350358179145,-18.110899056614986,-36.08762865420142,-16.674548698435842,-34.65127829602227
2.715064168743767,1.4258503369814866,-18.12711855961787,-36.12056764160252,-16.701268222636383,-34.69471730462103
2.715849488237038,1.4153710835188233,-18.143367066166086,-36.153563663222236,-16.727995982647265,-34.73819257970341
2.7166348077303084,1.404912577431099,-18.159644684966196,-36.186616936762796,-16.754732107535094,-34.7817043593317
2.7174201272235794,1.394474798509884,-18.17595152532817,-36.21972768113284,-16.781476726818283,-34.825252882622955
2.71820544671685,1.3840577266977003,-18.192287697169867,-36.252896116456185,-16.808229970472166,-34.86883838975849
2.718990766210121,1.3736613420872388,-18.208653311021543,-36.286122464081046,-16.834991968934297,-34.91246112199381
2.7197760857033915,1.363285624920697,-18.225048478030374,-36.31940694658897,-16.861762853109674,-34.95612132166828
2.7205614051966625,1.3529305555890037,-18.241473309965127,-36.35274978780423,-16.888542754376125,-34.99981923221522
2.721346724689933,1.3425961146311505,-18.25792791922073,-36.386151212802844,-16.915331804589577,-35.043555098171694
2.722132044183204,1.3322822827334482,-18.274412418823005,-36.41961144792225,-16.942130136089556,-35.087329165188805
2.7229173636764745,1.3219890407288435,-18.290926922433346,-36.45313072077046,-16.968937881704502,-35.131141680041615
2.7237026831697455,1.311716369596187,-18.307471544353568,-36.486709260235884,-16.995755174757377,-35.17499289063969
2.724488002663016,1.301464250459568,-18.324046399530623,-36.520347296496695,-17.022582149071056,-35.21888304603713
2.725273322156287,1.2912326645875853,-18.34065160356158,-36.55404506103081,-17.049418938973993,-35.26281239644323
2.7260586416495576,1.2810215933926772,-18.357287272698407,-36.58780278662554,-17.07626567930573,-35.30678119323286
2.7268439611428286,1.2708310184304068,-18.37395352385306,-36.621620707387535,-17.10312250542265,-35.35078968895712
2.727629280636099,1.260660921398813,-18.390650474602346,-36.655499058752795,-17.12998955320353,-35.394838137353986
2.72841460012937,1.250511284137671,-18.407378243193115,-36.68943807749683,-17.156866959055442,-35.43892679335916
2.7291999196226406,1.2403820886278816,-18.424136948547226,-36.723438001744725,-17.183754859919343,-35.48305591311684
2.7299852391159116,1.2302733169907158,-18.4409267102668,-36.75749907098161,-17.210653393276086,-35.52722575399089
2.730770558609182,1.2201849514872256,-18.45774764863934,-36.79162152606282,-17.237562697152114,-35.57143657457559
2.731555878102453,1.2101169745174918,-18.47459988464303,-36.82580560922463,-17.264482910125537,-35.61568863470714
2.7323411975957237,1.2000693686200252,-18.491483539951975,-36.86005156409466,-17.29141417133195,-35.65998219547464
2.7331265170889947,1.1900421164710488,-18.508398736941622,-36.89435963570271,-17.318356620470574,-35.704317519231665
2.733911836582265,1.180035200883884,-18.525345598694066,-36.92873007049136,-17.345310397810184,-35.74869486960748
2.734697156075536,1.1700486048082461,-18.542324249003602,-36.963163116327145,-17.37227564419536,-35.7931145115189
2.7354824755688067,1.160082311329634,-18.559334812382126,-36.997659022511264,-17.39925250105249,-35.837576711181626
2.7362677950620777,1.1501363036686347,-18.576377414064773,-37.03221803979095,-17.426241110396134,-35.882081736122316
2.7370531145553483,1.1402105651803276,-18.59345218001546,-37.06684042037051,-17.453241614835132,-35.92662985519018
2.7378384340486193,1.130305079353575,-18.610559236932637,-37.10152641792275,-17.48025415757906,-35.97122133856917
2.73862375354189,1.1204198298104435,-18.62769871225489,-37.13627628760031,-17.507278882444446,-36.01585645778987
2.739409073035161,1.1105548003055092,-18.644870734166833,-37.1710902860474,-17.534315933861322,-36.060535485741894
2.7401943925284313,1.1007099747252649,-18.662075431604833,-37.20596867141127,-17.56136545687957,-36.10525869668601
2.7409797120217023,1.0908853370874492,-18.679312934263006,-37.240911703354065,-17.588427597175556,-36.150026366266616
2.741765031514973,1.0810808715404536,-18.696583372599058,-37.275919643064725,-17.615502501058604,-36.19483877152427
2.742550351008244,1.0712965623626503,-18.713886877840388,-37.31099275327102,-17.642590315477737,-36.23969619090837
2.7433356705015144,1.061532393961819,-18.73122358199005,-37.346131298251585,-17.669691188028228,-36.284598904289766
2.7441209899947854,1.051788350874465,-18.748593617832984,-37.38133554384828,-17.69680526695852,-36.32954719297381
2.7449063094880564,1.0420644177652527,-18.76599711894212,-37.416605757478465,-17.72393270117687,-36.37454133971322
2.745691628981327,1.0323605794263633,-18.783434219684647,-37.45194220814756,-17.751073640258284,-36.4195816287212
2.746476948474598,1.022676820776872,-18.80090505522835,-37.48734516646161,-17.778228234451475,-36.464668345684736
2.7472622679678684,1.0130131268621632,-18.818409761547915,-37.52281490464004,-17.805396634685756,-36.50980177777788
2.7480475874611394,1.0033694828532909,-18.83594847543146,-37.55835169652859,-17.83257899257817,-36.554982213675295
2.74883290695441,0.9937458740464016,-18.85352133448692,-37.59395581761217,-17.85977546044052,-36.600209943565766
2.749618226447681,0.984142285862109,-18.871128477148705,-37.62962754502812,-17.8869861912866,-36.64548525916601
2.7504035459409515,0.9745587038449055,-18.888770042684275,-37.66536715757937,-17.91421133883937,-36.69080845373446
2.7511888654342225,0.9649951136625543,-18.906446171200866,-37.70117493574794,-17.941451057538313,-36.73617982208539
2.751974184927493,0.9554515011055096,-18.92415700365221,-37.73705116170833,-17.9687055025467,-36.78159966060282
2.752759504420764,0.945927852086297,-18.941902681845438,-37.77299611934132,-17.99597482975914,-36.82706826725503
2.7535448239140345,0.9364241526389492,-18.959683348447893,-37.80901009424766,-18.023259195808947,-36.87258594160871
2.7543301434073055,0.9269403889183968,-18.977499146994187,-37.845093373762076,-18.05055875807579,-36.91815298484369
2.755115462900576,0.9174765471999144,-18.995350221893162,-37.881246246967315,-18.07787367469325,-36.963769699767404
2.755900782393847,0.9080326138784842,-19.013236718435078,-37.917469004708416,-18.105204104556595,-37.009436390829926
2.7566861018871176,0.8986085754682716,-19.031158782798727,-37.953761939606984,-18.132550207330457,-37.05515336413872
2.7574714213803886,0.8892044186020058,-19.049116562058753,-37.990125346075885,-18.159912143456747,-37.10092092747388
2.758256740873659,0.8798201300304308,-19.067110204192936,-38.026559520333656,-18.187290074162505,-37.146739390303225
2.75904206036693,0.8704556966217075,-19.08513985808964,-38.06306476041961,-18.214684161467932,-37.1926090637979
2.7598273798602007,0.8611111053608705,-19.10320567355526,-38.09964136620854,-18.242094568194386,-37.23853026084767
2.7606126993534716,0.8517863433492205,-19.121307801321823,-38.13628963942604,-18.269521457972605,-37.28450329607682
2.761398018846742,0.8424813978038108,-19.139446393054588,-38.17300988366363,-18.296964995250775,-37.33052848585982
2.762183338340013,0.8331962560568225,-19.157621601359796,-38.20980240439434,-18.32442534530297,-37.376606148337515
2.7629686578332837,0.8239309055550569,-19.175833579792428,-38.246667508988146,-18.351902674237373,-37.42273660343309
2.7637539773265547,0.8146853338593285,-19.194082482864157,-38.28360550672792,-18.37939714900483,-37.4689201728686
2.7645392968198252,0.805459528643953,-19.21236846605121,-38.32061670882512,-18.40690893740726,-37.51515718018118
2.7653246163130962,0.7962534776961423,-19.230691685802512,-38.357701428436116,-18.43443820810637,-37.561447950739975
2.7661099358063668,0.7870671689155052,-19.249052299547724,-38.39485998067825,-18.46198513063222,-37.607792811762735
2.7668952552996378,0.7779005903134426,-19.267450465705537,-38.43209268264636,-18.489549875392093,-37.65419209233292
2.7676805747929083,0.7687537300126497,-19.285886343691892,-38.46939985342937,-18.517132613679244,-37.700646123416725
2.7684658942861793,0.7596265762465166,-19.304360093928455,-38.5067818141271,-18.54473351768194,-37.74715523788059
2.76925121377945,0.7505191173586377,-19.322871877851,-38.54423888786708,-18.572352760492365,-37.793719770508446
2.770036533272721,0.7414313418022169,-19.34142185791806,-38.58177139982185,-18.59999051611584,-37.84034005801963
2.7708218527659914,0.7323632381395723,-19.36001019761949,-38.619379677226114,-18.627646959479918,-37.887016439086544
2.7716071722592623,0.7233147950415646,-19.37863706148532,-38.65706404939441,-18.655322266443758,-37.93374925435284
2.772392491752533,0.7142860012870851,-19.39730261509449,-38.69482484773854,-18.683016613807403,-37.98053884645145
2.773177811245804,0.7052768457624919,-19.416007025083864,-38.73266240578576,-18.71073017932137,-38.02738556002326
2.7739631307390744,0.6962873174611139,-19.434750459157204,-38.770577059196484,-18.738463141696087,-38.07428974173537
2.7747484502323454,0.6873174054826929,-19.45353308609435,-38.808569145782876,-18.766215680611655,-38.12125174030018
2.775533769725616,0.6783670990328661,-19.47235507576037,-38.846639005526995,-18.793987976727507,-38.168271906494134
2.776319089218887,0.6694363874226272,-19.491216599114974,-38.88478698059971,-18.821780211692346,-38.21535059317709
2.7771044087121575,0.6605252600678349,-19.51011782822184,-38.92301341537928,-18.849592568154005,-38.262488155311445
2.7778897282054285,0.6516337064886408,-19.529058936258227,-38.96131865647065,-18.87742522976959,-38.309684949982014
2.778675047698699,0.6427617163090137,-19.548040097524535,-38.99970305272449,-18.90527838121552,-38.35694133641548
2.77946036719197,0.6339092792561924,-19.567061487454072,-39.0381669552569,-18.93315220819788,-38.4042576760007
2.7802456866852405,0.625076385160187,-19.586123282622875,-39.076710717468764,-18.96104689746269,-38.45163433230858
2.7810310061785115,0.616263023953235,-19.6052256607597,-39.115334695065975,-18.988962636806463,-38.499071671112745
2.781816325671782,0.6074691856693427,-19.624368800755967,-39.154039246079286,-19.016899615086622,-38.54657006040994
2.782601645165053,0.5986948604437027,-19.64355288267606,-39.19282473088482,-19.044858022232358,-38.59412987044112
2.7833869646583236,0.5899400385122484,-19.662778087767492,-39.23169151222443,-19.072838049255246,-38.64175147371218
2.7841722841515946,0.5812047102110967,-19.68204459847136,-39.27063995522667,-19.100839888260264,-38.689435245015574
2.784957603644865,0.5724888659760812,-19.701352598432788,-39.30967042742762,-19.128863732456708,-38.737181561451536
2.785742923138136,0.5637924963422145,-19.720702272511613,-39.34878329879225,-19.156909776169396,-38.78499080245003
2.7865282426314066,0.5551155919432172,-19.740093806793027,-39.38797894173578,-19.184978214849814,-38.83286334979256
2.7873135621246776,0.5464581435109827,-19.759527388598553,-39.42725773114553,-19.213069245087567,-38.88079958763455
2.788098881617948,0.5378201418751136,-19.779003206496874,-39.46662004440269,-19.241183064621758,-38.92879990252757
2.788884201111219,0.5292015779623918,-19.798521450315064,-39.506066261404634,-19.26931987235267,-38.976864683442244
2.7896695206044897,0.5206024427963144,-19.818082311149695,-39.54559676458731,-19.29747986835338,-39.024994321791
2.7904548400977607,0.5120227274965653,-19.837685981378282,-39.585211938947985,-19.32566325388172,-39.07318921145142
2.7912401595910312,0.5034624232785494,-19.85733265467065,-39.62491217206803,-19.353870231392097,-39.12144974878948
2.792025479084302,0.4949215214528941,-19.877022526000637,-39.664697854136364,-19.382101004547742,-39.16977633268347
2.7928107985775728,0.48640001342495987,-19.896755791657725,-39.70456937797267,-19.410355778232766,-39.218169364547705
2.7935961180708437,0.47789789069433775,-19.916532649258997,-39.744527139051314,-19.43863475856466,-39.26662924835698
2.7943814375641143,0.4694151448544005,-19.936353297761052,-39.784571535525146,-19.466938152906653,-39.31515639067075
2.7951667570573853,0.4609517675917745,-19.95621793747221,-39.82470296825002,-19.495266169880438,-39.36375120065825
2.795952076550656,0.452507750685885,-19.97612677006471,-39.86492184080906,-19.523619019378824,-39.41241409012318
2.796737396043927,0.44408308600846724,-19.996079998587174,-39.90522855953764,-19.551996912578705,-39.46114547352917
2.7975227155371973,0.4356777655230927,-20.016077827477133,-39.94562353354847,-19.580400061954037,-39.509945768025375
2.7983080350304683,0.4272917812846699,-20.03612046257374,-39.98610717475698,-19.60882868128907,-39.55881539347231
2.799093354523739,0.4189251254390065,-20.056208111130577,-40.02667989790688,-19.63728298569157,-39.60775477246788
2.79987867401701,0.4105777902222769,-20.076340981828686,-40.067342120596415,-19.665763191606406,-39.65676433037414
2.8006639935102804,0.4022497679606193,-20.09651928478965,-40.10809426330427,-19.69426951682903,-39.70584449534365
2.8014493130035514,0.39394105106959815,-20.116743231588956,-40.14893674941649,-19.72280218051936,-39.754995698346896
2.802234632496822,0.38565163205377884,-20.137013035269344,-40.1898700052531,-19.75136140321557,-39.80421837319932
2.803019951990093,0.37738150350623056,-20.157328910354508,-40.230894460095506,-19.779947406848276,-39.85351295658927
2.8038052714833634,0.3691306581080802,-20.17769107286274,-40.272010546213785,-19.80856041475466,-39.90287988810571
2.8045905909766344,0.36089908862802045,-20.19809974032096,-40.31321869889479,-19.837200651692935,-39.95231961026677
2.805375910469905,0.3526867879218828,-20.21855513177868,-40.35451935647003,-19.865868343856793,-40.001832568548146
2.806161229963176,0.3444937489321255,-20.239057467822352,-40.39591296034432,-19.894563718890225,-40.0514192114122
2.8069465494564465,0.3363199646874139,-20.259606970589694,-40.437399955024574,-19.923287005902274,-40.10107999033717
2.8077318689497175,0.3281654283021415,-20.280203863784312,-40.478980788148924,-19.952038435482173,-40.15081535984678
2.808517188442988,0.32003013297596217,-20.30084837269044,-40.52065591051623,-19.980818239714477,-40.20062577754027
2.809302507936259,0.31191407199335447,-20.32154072418788,-40.562425776116,-20.009626652194527,-40.25051170412265
2.8100878274295296,0.3038172387231432,-20.34228114676705,-40.604290842158434,-20.03846390804391,-40.3004736034353
2.8108731469228005,0.29573962661805503,-20.363069870544347,-40.646251569105154,-20.067330243926293,-40.350511942487095
2.811658466416071,0.28768122921427813,-20.383907127277507,-40.68830842069999,-20.09622589806323,-40.40062719148571
2.812443785909342,0.2796420401309702,-20.40479315038137,-40.73046186400042,-20.1251511102504,-40.45081982386945
2.8132291054026126,0.27162205306985315,-20.42572817494358,-40.77271236940908,-20.154106121873724,-40.50109031633922
2.8140144248958836,0.26362126181472223,-20.446712437740736,-40.81506041070586,-20.183091175926013,-40.55143914889114
2.814799744389154,0.2556396602310401,-20.46774617725449,-40.857506465080384,-20.212106517023454,-40.60186680484934
2.815585063882425,0.2476772422654424,-20.488829633688074,-40.90005101316484,-20.241152391422634,-40.652373770899395
2.8163703833756957,0.23973400194533337,-20.509963048982787,-40.94269453906704,-20.270229047037454,-40.702960537121704
2.8171557028689667,0.23180993337841185,-20.531146666834907,-40.98543753040421,-20.299336733456492,-40.7536275970258
2.817941022362237,0.22390503075225457,-20.552380732712614,-41.02828047833695,-20.32847570196036,-40.80437544758469
2.818726341855508,0.21601928833383074,-20.5736654938733,-41.07122387760366,-20.357646205539467,-40.855204589269825
2.8195116613487787,0.20815270046911782,-20.595001199380896,-41.114268226555346,-20.386848498911775,-40.906115526086225
2.8202969808420497,0.20030526158261144,-20.616388100123615,-41.15741402719108,-20.416082838541,-40.95710876560847
2.8210823003353203,0.1924769661769209,-20.63782644883172,-41.20066178519344,-20.445349482654798,-41.00818481901651
2.8218676198285912,0.18466780883230094,-20.659316500095674,-41.244012009964955,-20.474648691263372,-41.05934420113265
2.822652939321862,0.17687778420626174,-20.680858510384365,-41.28746521466444,-20.5039807261781,-41.110587430458175
2.8234382588151328,0.16910688703307117,-20.702452738063705,-41.33102191624425,-20.53334585103063,-41.16191502921118
2.8242235783084033,0.16135511212338183,-20.724099443415305,-41.37468263548762,-20.562744331291924,-41.21332752336425
2.8250088978016743,0.15362245436374966,-20.74579888865554,-41.41844789704683,-20.59217643429179,-41.264825442683076
2.825794217294945,0.14590890871624188,-20.767551337954696,-41.46231822948137,-20.621642429238456,-41.31640932076512
2.826579536788216,0.13821447021797453,-20.789357057456492,-41.50629416529714,-20.651142587238517,-41.36807969507917
2.8273648562814864,0.130539133980709,-20.811216315297706,-41.550376240985614,-20.680677181317,-41.41983710700491
2.8281501757747574,0.12288289519038781,-20.833129381628236,-41.594564997064,-20.71024648643785,-41.471682101873604
2.828935495268028,0.11524574910677148,-20.855096528631172,-41.63886097811532,-20.7398507795244,-41.52361522900855
2.829720814761299,0.10762769106293096,-20.877118030543368,-41.68326473282968,-20.769490339480438,-41.57563704176675
2.8305061342545694,0.10002871646489653,-20.899194163676043,-41.72777681404533,-20.79916544721115,-41.62774809758044
2.8312914537478404,0.09244882079117764,-20.92132520643586,-41.7723977787909,-20.82887638564468,-41.67994895799972
2.832076773241111,0.0848879995923859,-20.943511439346064,-41.81712818832767,-20.85862343975368,-41.73224018873529
2.832862092734382,0.07734624849077124,-20.965753145068078,-41.86196860819274,-20.888406896577308,-41.78462235970197
2.8336474122276525,0.06982356317984224,-20.98805060842322,-41.906919608242475,-20.918227045243377,-41.83709604506264
2.8344327317209235,0.06231993942390725,-21.010404116414815,-41.951981762696775,-20.94808417699091,-41.88966182327286
2.835218051214194,0.054835373057696216,-21.032813958250483,-41.99715565018351,-20.977978585192787,-41.94232027712581
2.836003370707465,0.0473698599859032,-21.055280425364828,-42.042441853784105,-21.00791056537892,-41.9950719937982
2.8367886902007355,0.039923396182809996,-21.077803811442305,-42.08784096107907,-21.03788041525949,-42.04791756489627
2.8375740096940065,0.03249597769182834,-21.100384412440484,-42.13335356419468,-21.06788843474866,-42.100857586502855
2.838359329187277,0.02508760062512744,-21.123022526613514,-42.17898025984982,-21.09793492598839,-42.15389265922469
2.839144648680548,0.01769826116318966,-21.14571845453601,-42.22472164940377,-21.12802019337282,-42.20702338824058
2.839929968173819,0.010327955554411414,-21.16847249912712,-42.270578338904386,-21.158144543572707,-42.26025038334997
2.8407152876670896,0.0029766801147034175,-21.19128496567499,-42.31655093913694,-21.188308285560286,-42.31357425902223
2.8415006071603606,-0.004355568772954146,-21.214156161861585,-42.36264006567388,-21.218511730634532,-42.36699563444682
2.842285926653631,-0.011668794658879022,-21.237086397787664,-42.40884633892467,-21.248755192446545,-42.42051513358355
2.843071246146902,-0.018963001027131027,-21.260075985998345,-42.455170384186985,-21.27903898702548,-42.47413338521412
2.8438565656401726,-0.026238191295881435,-21.283125241508714,-42.50161283169789,-21.3093634328046,-42.52785102299377
2.8446418851334436,-0.03349436881786784,-21.306234481830025,-42.548174316686335,-21.33972885064789,-42.5816686855042
2.845427204626714,-0.040731536880749895,-21.32940402699607,-42.59485547942566,-21.370135563876822,-42.6355870163064
2.846212524119985,-0.04794969870754753,-21.352634199590042,-42.641656965287645,-21.40058389829759,-42.68960666399519
2.8469978436132557,-0.05514885745702243,-21.375925324771586,-42.68857942479637,-21.431074182228606,-42.74372828225339
2.8477831631065267,-0.062329016224108164,-21.39927773030442,-42.73562351368358,-21.461606746528528,-42.79795252990769
2.8485684825997972,-0.06949017804027359,-21.422691746584107,-42.78278989294408,-21.49218192462438,-42.85228007098436
2.849353802093068,-0.07663234587395718,-21.4461677066664,-42.83007922889265,-21.522800052540354,-42.906711574766604
2.8501391215863388,-0.08375552263094514,-21.469705946295782,-42.87749219322092,-21.553461468926724,-42.96124771585187
2.8509244410796097,-0.09085971115478553,-21.49330680393458,-42.925029463055736,-21.58416651508937,-43.015889174210514
2.8517097605728803,-0.09794491422717491,-21.516970620792286,-42.97269172101767,-21.61491553501946,-43.070636635244846
2.8524950800661513,-0.10501113456835595,-21.54069774085544,-43.020479655280965,-21.6457088754238,-43.12549078984932
2.853280399559422,-0.11205837483750954,-21.564488510917776,-43.06839395963365,-21.676546885755286,-43.180452334471155
2.854065719052693,-0.11908663763317837,-21.58834328061094,-43.11643533353903,-21.70742991824412,-43.23552197117222
2.8548510385459633,-0.12609592549361087,-21.61226240243542,-43.16460448219766,-21.738358327929035,-43.290700407691276
2.8556363580392343,-0.13308624089720464,-21.636246231792143,-43.212902116610366,-21.76933247268935,-43.34598835750757
2.856421677532505,-0.14005758626286138,-21.660295127014248,-43.26132895364189,-21.80035271327711,-43.401386539904756
2.857206997025776,-0.14700996395039925,-21.684409449399574,-43.30988571608585,-21.831419413349977,-43.45689568003625
2.8579923165190464,-0.15394337626093346,-21.7085895632433,-43.35857313273003,-21.862532939504234,-43.51251650899097
2.8587776360123174,-0.16085782543727273,-21.73283583587134,-43.407391938423096,-21.893693661308614,-43.568249763860365
2.859562955505588,-0.16775331366430463,-21.75714863767391,-43.45634287414185,-21.924901951338214,-43.62409618780616
2.860348274998859,-0.17462984306938534,-21.781528342139836,-43.50542668705977,-21.956158185209222,-43.68005653012915
2.8611335944921295,-0.18148741572271146,-21.805975325891097,-43.55464413061612,-21.98746274161381,-43.73613154633883
2.8619189139854004,-0.18832603363773892,-21.830489968718084,-43.60399596458638,-22.018816002355823,-43.79232199822412
2.862704233478671,-0.19514569877153862,-21.85507265361509,-43.65348295515342,-22.05021835238663,-43.848628653924955
2.863489552971942,-0.20194641302518812,-21.87972376681661,-43.703105874979904,-22.0816701798418,-43.9050522880051
2.8642748724652125,-0.2087281782441649,-21.90444369783385,-43.75286550328145,-22.11317187607802,-43.96159368152561
2.8650601919584835,-0.21549099621872148,-21.929232839492006,-43.80276262590104,-22.144723835710728,-44.01825362211976
2.865845511451754,-0.2222348686842551,-21.95409158796787,-43.85279803538437,-22.176326456652124,-44.07503290406862
2.866630830945025,-0.22895979732172803,-21.979020342828157,-43.90297253105646,-22.207980140149882,-44.13193232837819
2.8674161504382956,-0.2356657837579929,-22.00401950706818,-43.95328691909899,-22.23968529082617,-44.18895270285699
2.8682014699315665,-0.24235282956622664,-22.02908948715131,-44.00374201262921,-22.27144231671754,-44.24609484219545
2.868986789424837,-0.24902093626625993,-22.054230693048773,-44.05433863177956,-22.30325162931503,-44.30335956804582
2.869772108918108,-0.2556701053250024,-22.07944353828021,-44.10507760377878,-22.33511364360521,-44.36074770910378
2.8705574284113786,-0.26230033815676945,-22.104728439954663,-44.15595976303383,-22.367028778111433,-44.41826010119059
2.8713427479046496,-0.2689116361237045,-22.130085818812336,-44.20698595121355,-22.39899745493604,-44.47589758733726
2.87212806739792,-0.27550400053612634,-22.155516099266755,-44.258157017332834,-22.43102009980288,-44.533661017868965
2.872913386891191,-0.2820774326529186,-22.181019709447757,-44.30947381783866,-22.463097142100672,-44.59155125049158
2.8736987063844617,-0.28863193368187934,-22.206597081244894,-44.360937216696954,-22.49522901492677,-44.649569150378824
2.8744840258777327,-0.2951675047801332,-22.232248650351686,-44.41254808548103,-22.527416155131817,-44.70771559026116
2.875269345371003,-0.30168414705446495,-22.25797485631034,-44.464307303461,-22.559659003364807,-44.76599145051546
2.876054664864274,-0.30818186156172,-22.283776142557304,-44.51621575769495,-22.59195800411902,-44.82439761925667
2.8768399843575447,-0.31466064930914617,-22.309652956469257,-44.5682743431209,-22.624313605778404,-44.88293499243005
2.8776253038508157,-0.32112051125480096,-22.33560574941012,-44.62048396265083,-22.656726260664918,-44.94160447390563
2.8784106233440863,-0.32756144830788086,-22.36163497677837,-44.67284552726534,-22.68919642508625,-45.00040697557321
2.8791959428373572,-0.33398346132911927,-22.387741098055475,-44.72535995611034,-22.721724559384597,-45.05934341743946
2.879981262330628,-0.3403865511311352,-22.413924576854654,-44.77802817659484,-22.754311127985787,-45.11841472772598
2.8807665818238988,-0.3467707184788133,-22.44018588097071,-44.830851124490465,-22.786956599449525,-45.17762184296928
2.8815519013171693,-0.35313596408966175,-22.46652548243037,-44.883829744032084,-22.81966144652003,-45.23696570812176
2.8823372208104403,-0.3594822886341817,-22.49294385754356,-44.93696498802052,-22.85242614617774,-45.2964472766547
2.883122540303711,-0.36580969273621894,-22.519441486955284,-44.99025781792618,-22.8852511796915,-45.3560675106624
2.883907859796982,-0.3721181769733565,-22.546018855698517,-45.043709203994844,-22.918137032671876,-45.4158273809682
2.8846931792902524,-0.3784077418772439,-22.572676453247645,-45.09732012535463,-22.951084195124885,-45.475727867231875
2.8854784987835234,-0.3846783879339779,-22.599414773572978,-45.151091570124954,-22.984093161506955,-45.535769958058935
2.886263818276794,-0.39093011558446333,-22.626234315195852,-45.205024535526725,-23.017164430780316,-45.595954651111185
2.887049137770065,-0.39716292522477326,-22.65313558124484,-45.25912002799484,-23.050298506469616,-45.656282953219616
2.8878344572633354,-0.4033768172064945,-22.680119079512565,-45.31337906329171,-23.083495896719057,-45.71675588049821
2.8886197767566064,-0.4095717918371134,-22.707185322513652,-45.3678026666233,-23.11675711435076,-45.77737445846041
2.889405096249877,-0.41574784938034176,-22.734334827543318,-45.42239187275609,-23.15008267692366,-45.83813972213643
2.890190415743148,-0.42190499005650917,-22.76156811673716,-45.47714772613691,-23.183473106793674,-45.899052716193424
2.8909757352364185,-0.42804321404288626,-22.7888857171316,-45.5320712810136,-23.216928931174486,-45.960114495056494
2.8917610547296895,-0.43416252147407863,-22.8162881607255,-45.58716360155847,-23.250450682199578,-46.02132612303255
2.89254637422296,-0.4402629124423288,-22.843775984542575,-45.64242576199288,-23.284038896984903,-46.08268867443521
2.893331693716231,-0.4463443869979339,-22.87134973069498,-45.69785884671467,-23.31769411769291,-46.144203233712595
2.8941170132095015,-0.4524069451495428,-22.899009946447663,-45.75346395042651,-23.351416891597204,-46.205870895576055
2.8949023327027725,-0.4584505868645573,-22.926757184284014,-45.80924217826766,-23.385207771148572,-46.26769276513222
2.895687652196043,-0.4644753120694366,-22.95459200197228,-45.86519464594639,-23.419067314041712,-46.32966995801583
2.896472971689314,-0.4704811206500998,-22.982514962633324,-45.921322479875776,-23.452996083283427,-46.391803600525876
2.8972582911825846,-0.4764680124522237,-23.010526634809203,-45.97762681731066,-23.486994647261422,-46.45409482976288
2.8980436106758556,-0.4824359872816439,-23.038627592533082,-46.034108806487666,-23.521063579814726,-46.516544793769306
2.898828930169126,-0.48838504490466533,-23.066818415400082,-46.09076960676668,-23.555203460304742,-46.579154651671345
2.899614249662397,-0.49431518504843786,-23.095099688639454,-46.14761038877533,-23.58941487368789,-46.64192557382377
2.9003995691556677,-0.5002264074012726,-23.12347200318774,-46.2046323345554,-23.623698410589007,-46.70485874195667
2.9011848886489386,-0.5061187116130336,-23.151935955763335,-46.26183663771171,-23.658054667376366,-46.767955349324744
2.901970208142209,-0.5119920972954372,-23.180492148942044,-46.31922450356345,-23.692484246237484,-46.83121660085889
2.90275552763548,-0.5178465640224404,-23.20914119123412,-46.3767971492981,-23.72698775525656,-46.89464371332054
2.9035408471287507,-0.5236821113305413,-23.237883697162303,-46.43455580412764,-23.761565808492847,-46.958237915458184
2.9043261666220217,-0.5294987387191764,-23.26672028734143,-46.49250170944768,-23.79621902606061,-47.02200044816685
2.9051114861152922,-0.5352964456510112,-23.2956515885591,-46.55063611899884,-23.83094803421011,-47.08593256464985
2.9058968056085632,-0.5410752315523205,-23.324678233857917,-46.60896029903117,-23.86575346541024,-47.15003553058349
2.9066821251018338,-0.5468350958133052,-23.353800862618893,-46.66747552847099,-23.900635958432197,-47.214310624284295
2.9074674445951048,-0.5525760377884669,-23.383020120646446,-46.726183099091,-23.93559615843491,-47.278759136879465
2.9082527640883753,-0.5582980567968997,-23.412336660254613,-46.78508431568243,-23.970634717051517,-47.34338237247933
2.9090380835816463,-0.5640011521226822,-23.441751140354974,-46.84418049623123,-24.005752292477656,-47.408181648353924
2.909823403074917,-0.5696853230151809,-23.471264226545763,-46.90347297209602,-24.040949549560942,-47.4731582951112
2.910608722568188,-0.5753505686893937,-23.500876591202807,-46.96296308819011,-24.0762271598922,-47.5383136568795
2.9113940420614584,-0.5809968883263069,-23.530588913571698,-47.02265220316575,-24.111585801898006,-47.60364909149206
2.9121793615547293,-0.5866242810732157,-23.56040187986185,-47.082541689602365,-24.147026160935066,-47.66916597067558
2.912964681048,-0.5922327460440555,-23.590316183341884,-47.14263293419714,-24.182548929385938,-47.73486568024119
2.913750000541271,-0.5978222823197598,-23.620332524436883,-47.202927337959856,-24.218154806756647,-47.80074962027961
2.9145353200345414,-0.6033928889485649,-23.65045161082716,-47.263426316409976,-24.253844499775727,-47.866819205358546
2.9153206395278124,-0.6089445649463805,-23.68067415754888,-47.32413129977829,-24.289618722495256,-47.933075864724664
2.916105959021083,-0.614477309297078,-23.711000887096233,-47.385043733211056,-24.325478196393313,-47.99952104250813
2.916891278514354,-0.6199911209528737,-23.74143252952569,-47.446165076978495,-24.361423650478564,-48.06615619793138
2.9176765980076245,-0.6254859988346124,-23.771969822561722,-47.50749680668639,-24.39745582139633,-48.132982805520996
2.9184619175008955,-0.6309619418321462,-23.802613511704728,-47.56904041349178,-24.433575453536875,-48.20000235532393
2.919247236994166,-0.6364189488046067,-23.83336435034055,-47.63079740432205,-24.469783299145153,-48.267216353126656
2.920032556487437,-0.6418570185808012,-23.86422309985221,-47.692769302098455,-24.50608011843301,-48.33462632067926
2.9208178759807075,-0.6472761499594863,-23.895190529733377,-47.754957645962925,-24.54246667969286,-48.40223379592241
2.9216031954739785,-0.6526763417097319,-23.926267417704075,-47.817363991509644,-24.578943759413807,-48.47004033321937
2.922388514967249,-0.6580575925712264,-23.957454549828267,-47.87998991102009,-24.615512142399496,-48.53804750359132
2.92317383446052,-0.6634199012546129,-23.98875272063374,-47.94283699370282,-24.65217262188835,-48.606256894957426
2.9239591539537906,-0.6687632664418208,-24.02016273323393,-48.005906845937204,-24.68892599967575,-48.67467011237902
2.9247444734470616,-0.6740876867863831,-24.05168539945222,-48.069201091521975,-24.725773086238604,-48.743288778308354
2.925529792940332,-0.6793931609137533,-24.08332153994817,-48.13272137192757,-24.762714700861924,-48.81211453284132
2.926315112433603,-0.6846796874216527,-24.115071984346397,-48.196469346554196,-24.79975167176805,-48.88114903397585
2.9271004319268736,-0.689947264880369,-24.14693757136744,-48.260446692993206,-24.836884836247812,-48.95039395787357
2.9278857514201446,-0.6951958918330993,-24.178919148961423,-48.32465510729459,-24.87411504079452,-49.019850999127684
2.928671070913415,-0.70042556679625,-24.211017574443765,-48.38909630423845,-24.911443141240017,-49.0895218710347
2.929456390406686,-0.7056362882597833,-24.24323371463378,-48.4537720176121,-24.948870002893567,-49.15940830587189
2.9302417098999567,-0.7108280546875083,-24.275568445995525,-48.518684000491845,-24.986396500683036,-49.229512055179356
2.9310270293932277,-0.7160008645174278,-24.30802265478155,-48.58383402553038,-25.02402351929898,-49.299834890047805
2.931812348886498,-0.7211547161620352,-24.34059723717906,-48.649223885249185,-25.06175195334109,-49.37037860141122
2.932597668379769,-0.7262896080086527,-24.373293099459094,-48.71485539233695,-25.09958270746775,-49.4411450003456
2.9333829878730397,-0.7314055384197292,-24.406111158128255,-48.78073037995275,-25.137516696547987,-49.51213591837248
2.9341683073663107,-0.7365025057331662,-24.439052340083535,-48.84685070203612,-25.175554845816702,-49.583353207769285
2.9349536268595817,-0.7415805082626353,-24.472117582769858,-48.913218233621755,-25.213698091032498,-49.65479874188439
2.9357389463528523,-0.7466395442978885,-24.505307834340808,-48.97983487116128,-25.2519473786387,-49.726474415459165
2.9365242658461232,-0.7516796121050802,-24.53862405382237,-49.04670253285047,-25.290303665927453,-49.798382144955546
2.937309585339394,-0.7567007099270628,-24.57206721127969,-49.113823158962845,-25.32876792120675,-49.870523868889904
2.9380949048326648,-0.7617028359837206,-24.6056382879873,-49.181198712190266,-25.36734112397102,-49.942901548173985
2.9388802243259353,-0.7666859884722665,-24.63933827660233,-49.24883117798924,-25.4060242650746,-50.01551716646151
2.9396655438192063,-0.7716501655675668,-24.67316818134139,-49.31672256493456,-25.444818346908956,-50.08837273050212
2.940450863312477,-0.776595365422431,-24.7071290181606,-49.384874905079656,-25.48372438358303,-50.161470270502086
2.941236182805748,-0.7815215861679452,-24.741221814939426,-49.45329025432411,-25.52274340110737,-50.23481184049206
2.9420215022990184,-0.7864288259137695,-24.77544761166786,-49.521970692787804,-25.56187643758163,-50.30839951870157
2.9428068217922894,-0.7913170827484374,-24.809807460637536,-49.59091832519362,-25.601124543385975,-50.382235407942055
2.94359214128556,-0.796186354739675,-24.84430242663639,-49.660135281256345,-25.640488781376067,-50.45632163599602
2.944377460778831,-0.8010366399347114,-24.878933587147444,-49.72962371608044,-25.679970227082155,-50.53066035601515
2.9451627802721014,-0.8058679363605686,-24.913702032551264,-49.79938581056496,-25.719569968911834,-50.60525374692553
2.9459480997653724,-0.8106802420243822,-24.948608866332798,-49.869423771817026,-25.759289108357176,-50.680104013841415
2.946733419258643,-0.8154735549136914,-24.983655205292024,-49.93973983357351,-25.79912876020572,-50.755213388487206
2.947518738751914,-0.8202478729967551,-25.018842179759233,-50.01033625663115,-25.839090052755985,-50.83058412962791
2.9483040582451845,-0.825003194222847,-25.054170933814255,-50.08121532928536,-25.879174128037107,-50.90621852350821
2.9490893777384555,-0.8297395165225656,-25.0896426255106,-50.15237936777832,-25.919382142033164,-50.98211888430089
2.949874697231726,-0.8344568378081147,-25.125258427103724,-50.223830716755586,-25.959715264911836,-51.058287554563705
2.950660016724997,-0.8391551559736332,-25.161019525284395,-50.2955717497327,-26.000174681258027,-51.13472690570633
2.9514453362182675,-0.8438344688954649,-25.19692712141653,-50.3676048695711,-26.040761590311998,-51.21143933846657
2.9522306557115385,-0.8484947744324898,-25.232982431780236,-50.439932508964006,-26.08147720621272,-51.288427283396494
2.953015975204809,-0.8531360704263801,-25.2691866878196,-50.51255713093199,-26.122322758245986,-51.365693201358376
2.95380129469808,-0.8577583547019519,-25.305541136396034,-50.585481229329844,-26.163299491097987,-51.4432395840318
2.9545866141913506,-0.8623616250673948,-25.34204704004647,-50.65870732936274,-26.204408665113867,-51.521068954430135
2.9553719336846216,-0.8669458793146303,-25.378705677247446,-50.73223798811461,-26.245651556562073,-51.59918386742924
2.956157253177892,-0.8715111152195634,-25.415518342684358,-50.80607579508651,-26.28702945790392,-51.67758691030607
2.956942572671163,-0.8760573305424036,-25.452486347526815,-50.88022337274742,-26.328543678069224,-51.756280703289825
2.9577278921644337,-0.8805845230279357,-25.489611019709493,-50.95468337709587,-26.370195542737427,-51.8352679001238
2.9585132116577046,-0.8850926904058298,-25.526893704219322,-51.029458498234376,-26.411986394625153,-51.9145511886402
2.959298531150975,-0.8895818303909182,-25.56433576338857,-51.10455146095552,-26.453917593779487,-51.99413329134644
2.960083850644246,-0.8940519406835045,-25.601938577194502,-51.17996502534152,-26.495990517878006,-52.07401696602502
2.9608691701375167,-0.8985030189696296,-25.639703543565297,-51.25570198737571,-26.53820656253493,-52.154205006345336
2.9616544896307877,-0.9029350629213821,-25.677632078692906,-51.331765179568364,-26.58056714161429,-52.234700242489744
2.9624398091240582,-0.907348070197167,-25.715725617352373,-51.4081574715956,-26.62307368754954,-52.315505541792774
2.9632251286173292,-0.9117420384420123,-25.753985613228632,-51.484881770952704,-26.66572765167064,-52.39662380939471
2.9640104481105998,-0.916116965287847,-25.79241353925004,-51.56194102362121,-26.70853050453789,-52.47805798890906
2.9647957676038708,-0.9204728483537744,-25.83101088792976,-51.63933821475169,-26.751483736283536,-52.559811063105464
2.9655810870971413,-0.9248096852463751,-25.86977917171428,-51.71707636936094,-26.794588856960658,-52.64188605460731
2.9663664065904123,-0.9291274735599913,-25.908719923340197,-51.7951585530453,-26.837847396900187,-52.724286026605284
2.967151726083683,-0.9334262108769802,-25.947834696198548,-51.87358787270961,-26.881260907075525,-52.80701408358659
2.967937045576954,-0.9377058947680461,-25.987125064707804,-51.95236747731289,-26.92483095947585,-52.890073372080934
2.9687223650702244,-0.9419665227924727,-26.026592624694914,-52.03150055863066,-26.968559147487387,-52.97346708142314
2.9695076845634953,-0.9462080924984311,-26.066238993785387,-52.110990352034875,-27.012447086283817,-53.0571984445333
2.970293004056766,-0.9504306014232501,-26.10606581180193,-52.19084013729148,-27.056496413225183,-53.14127073871474
2.971078323550037,-0.9546340470937025,-26.146074741172647,-52.27105323937674,-27.100708788266353,-53.225687286470446
2.9718636430433074,-0.9588184270262756,-26.186267467348255,-52.35163302931137,-27.14508589437453,-53.31045145633765
2.9726489625365784,-0.962983738727454,-26.226645699229323,-52.43258292501545,-27.18962943795678,-53.39556666374291
2.973434282029849,-0.9671299796939787,-26.267211169603172,-52.513906392181894,-27.23434114929715,-53.481036371875874
2.97421960152312,-0.9712571474131487,-26.307965635591295,-52.59560694517144,-27.279222783004442,-53.56686409258459
2.9750049210163905,-0.9753652393630731,-26.348910879106946,-52.67768814792782,-27.324276118470014,-53.653053387290896
2.9757902405096615,-0.9794542530129692,-26.390048707323945,-52.76015361491538,-27.369502960336916,-53.739607867928356
2.976575560002932,-0.983524185823394,-26.43138095315622,-52.84300701207812,-27.414905138979616,-53.82653119790152
2.977360879496203,-0.9875750352465639,-26.47290947574914,-52.92625205782238,-27.460484510995705,-53.913827093068946
2.9781461989894735,-0.9916067987265859,-26.514636160982263,-53.00989252402235,-27.50624295970885,-54.00149932274893
2.9789315184827445,-0.9956194736997558,-26.55656292198458,-53.09393223705047,-27.552182395684337,-54.08955171075022
2.979716837976015,-0.9996130575948097,-26.59869169966185,-53.17837507883211,-27.598304757256656,-54.17798813642692
2.980502157469286,-1.0035875478331988,-26.641024463237088,-53.263224987926954,-27.644612011070286,-54.266812535760145
2.9812874769625566,-1.0075429418293471,-26.683563210803975,-53.34848596063499,-27.691106152633324,-54.35602890246433
2.9820727964558276,-1.011479236990949,-26.72630996989413,-53.43416205213195,-27.737789206885076,-54.445641289122904
2.982858115949098,-1.0153964307191763,-26.769266798058066,-53.52025737763064,-27.784663228777244,-54.535653808349814
2.983643435442369,-1.0192945204090127,-26.81243578346094,-53.60677611357238,-27.831730303869954,-54.626070633981385
2.9844287549356396,-1.0231735034494522,-26.855819045492705,-53.69372249884805,-27.878992548942158,-54.7168960022975
2.9852140744289106,-1.0270333772238096,-26.899418735394008,-53.78110083604891,-27.92645211261782,-54.80813421327271
2.985999393922181,-1.030874139109959,-26.943237036897393,-53.86891549274967,-27.97411117600735,-54.89978963185963
2.986784713415452,-1.0346957864805932,-26.98727616688515,-53.95717090282404,-28.021971953365743,-54.99186668930463
2.9875700329087227,-1.0384983167034965,-27.0315383760635,-54.04587156779283,-28.070036692766994,-55.08436988449632
2.9883553524019937,-1.042281727141792,-27.076025949654383,-54.13502205820799,-28.118307676796178,-55.17730378534978
2.9891406718952642,-1.0460460151542026,-27.120741208104654,-54.22462701507061,-28.16678722325886,-55.27067303022481
2.989925991388535,-1.049791178095314,-27.16568650781397,-54.31469115128684,-28.215477685909285,-55.364482329382156
2.9907113108818058,-1.0535172133158122,-27.21086424188115,-54.40521925316075,-28.26438145519696,-55.45873646647656
2.9914966303750767,-1.0572241181627717,-27.25627684087048,-54.4962161819265,-28.313500959033252,-55.553440300089264
2.9922819498683473,-1.0609118899798637,-27.301926773597636,-54.58768687532082,-28.3628386635775,-55.64859876530068
2.9930672693616183,-1.0645805261076524,-27.347816547936784,-54.67963634919663,-28.412397074044435,-55.74421687530428
2.993852588854889,-1.068230023883823,-27.39394871164864,-54.772069699179525,-28.46217873553247,-55.84029972306335
2.99463790834816,-1.071860380643437,-27.440325853231073,-54.86499210236896,-28.512186233874502,-55.93685248301239
2.9954232278414303,-1.075471593719181,-27.486950602791925,-54.95840881908347,-28.5624221965111,-56.03388041280265
2.9962085473347013,-1.0790636604416273,-27.533825632945977,-55.052325194655296,-28.612889293387607,-56.13138885509692
2.996993866827972,-1.0826365781394582,-27.580953659735606,-55.14674666127095,-28.663590237875066,-56.22938323941041
2.997779186321243,-1.0861903441397442,-27.628337443577024,-55.24167873986436,-28.71452778771677,-56.327869084004114
2.9985645058145134,-1.0897249557681605,-27.675979790231963,-55.33712704205993,-28.76570474600012,-56.4268519978281
2.9993498253077844,-1.09324041034925,-27.723883551806573,-55.433097272170144,-28.81712396215582,-56.52633768251939
3.000135144801055,-1.0967367052066597,-27.77205162777748,-55.52959522924806,-28.868788332984142,-56.626331934454726
3.000920464294326,-1.1002138376633908,-27.820486966046932,-55.6266268091975,-28.920700803710325,-56.726840646860886
3.0017057837875964,-1.10367180504203,-27.869192564026932,-55.724198006940966,-28.97286436906896,-56.82786981198299
3.0024911032808674,-1.1071106046649954,-27.91817146975442,-55.82231491865065,-29.025282074419415,-56.92942552331564
3.003276422774138,-1.1105302338547924,-27.967426783037528,-55.920983744040164,-29.07795701689232,-57.03151397789496
3.004061742267409,-1.1139306899342176,-28.016961656634955,-56.02021078872412,-29.130892346569173,-57.134141478658336
3.0048470617606795,-1.1173119702266265,-28.066779297468607,-56.12000246664276,-29.184091267695234,-57.23731443686938
3.0056323812539505,-1.1206740720561612,-28.11688296787166,-56.22036530255838,-29.237557039927825,-57.341039374614546
3.006417700747221,-1.1240169927479797,-28.167275986872337,-56.32130593462289,-29.291292979620316,-57.445322927370874
3.007203020240492,-1.1273407296285116,-28.217961731515423,-56.42283111702053,-29.345302461143934,-57.550171846649036
3.0079883397337626,-1.1306452800256555,-28.268943638222204,-56.52494772268842,-29.399588918247865,-57.65559300271407
3.0087736592270335,-1.1339306412690484,-28.320225204190848,-56.62766274611636,-29.4541558454599,-57.76159338738541
3.009558978720304,-1.1371968106902757,-28.371809988837903,-56.730983306230954,-29.50900679952818,-57.86818011692123
3.010344298213575,-1.1404437856231107,-28.42370161528319,-56.83491664936415,-29.5641454009063,-57.975360434987266
3.0111296177068456,-1.1436715634037367,-28.47590377187887,-56.939470152312744,-29.619575335282605,-58.08314171571648
3.0119149372001166,-1.1468801413709833,-28.528420213785097,-57.044651325488395,-29.67530035515608,-58.19153146685938
3.012700256693387,-1.1500695168665556,-28.581254764593034,-57.15046781616451,-29.73132428145959,-58.300537333031066
3.013485576186658,-1.153239687235247,-28.634411317997998,-57.25692741182212,-29.787651005233243,-58.41016709905737
3.0142708956799287,-1.1563906498251724,-28.68789383952352,-57.36403804359837,-29.844284489348695,-58.52042869342354
3.0150562151731997,-1.1595224019880073,-28.741706368299248,-57.47180778984173,-29.90122877028725,-58.63133019182974
3.01584153466647,-1.1626349410791676,-28.79585301889366,-57.58024487977814,-29.958487959972828,-58.74287982085731
3.016626854159741,-1.1657282644580924,-28.85033798320478,-57.68935769729179,-30.016066247662874,-58.85508596174987
3.0174121736530117,-1.1688023694884078,-28.905165532409885,-57.79915478482519,-30.073967901898296,-58.9679571543136
3.0181974931462827,-1.1718572535381904,-28.960340018977597,-57.909644847402475,-30.132197272515782,-59.081502100940675
3.0189828126395533,-1.1748929139801532,-29.01586587874373,-58.0208367567821,-30.190758792723877,-59.19572967076225
3.0197681321328242,-1.177909348191881,-29.071747633054308,-58.13273955574226,-30.249656981246183,-59.310648903934144
3.020553451626095,-1.1809065535560401,-29.127989890977407,-58.24536246250436,-30.308896444533445,-59.4262690160604
3.0213387711193658,-1.1838845274606065,-29.184597351587414,-58.35871487530252,-30.36848187904802,-59.54259940276312
3.0221240906126363,-1.1868432672990556,-29.241574806323722,-58.47280637709973,-30.428418073622776,-59.65964964439878
3.0229094101059073,-1.1897827704706014,-29.29892714142763,-58.58764674046249,-30.48870991189823,-59.77742951093308
3.023694729599178,-1.1927030343803837,-29.35665934045966,-58.703245932595394,-30.54936237484004,-59.89594896697578
3.024480049092449,-1.195604056439708,-29.41477648690151,-58.819614120544486,-30.610380543341215,-60.01521817698419
3.0252653685857194,-1.1984858340662188,-29.473283766845007,-58.936761676575706,-30.67176960091123,-60.135247510641925
3.0260506880789904,-1.2013483646841492,-29.53218647177267,-59.05469918373588,-30.733534836456823,-60.25604754842003
3.026836007572261,-1.2041916457244843,-29.591490001432575,-59.17343744160224,-30.79568164715706,-60.377629087326724
3.027621327065532,-1.2070156746252148,-29.651199866812433,-59.292987472230806,-30.858215541437648,-60.50000314685602
3.0284066465588024,-1.2098204488314939,-29.71132169321598,-59.41336052630912,-30.921142142047472,-60.62318097514061
3.0291919660520734,-1.2126059657958785,-29.77186122344697,-59.534568089524086,-30.984467189242846,-60.74717405531996
3.0299772855453444,-1.2153722229785193,-29.83282432110434,-59.65662188915279,-31.048196544082856,-60.87199411213131
3.030762605038615,-1.2181192178473474,-29.89421697399399,-59.77953390088524,-31.112336191841337,-60.99765311873259
3.031547924531886,-1.2208469478783037,-29.95604529766192,-59.90331635589153,-31.176892245540223,-61.12416330376984
3.0323332440251565,-1.2235554105555104,-30.018315539053482,-60.02798174813946,-31.24187094960899,-61.25153715869497
3.0331185635184275,-1.2262446033714904,-30.081034080305237,-60.153542841979146,-31.30727868367673,-61.37978744535063
3.033903883011698,-1.2289145238273511,-30.144207442673903,-60.28001268000014,-31.373121966501255,-61.5089272038275
3.034689202504969,-1.23156516943299,-30.207842290609737,-60.40740459117846,-31.439407460042727,-61.63896976061145
3.0354745219982395,-1.2341965377072648,-30.271945435979475,-60.53573219932297,-31.506141973686745,-61.76992873703024
3.0362598414915105,-1.2368086261782267,-30.336523842446738,-60.6650094318353,-31.573332468624965,-61.901818058013525
3.037045160984781,-1.2394014323832834,-30.401584630015673,-60.79525052879798,-31.64098606239895,-62.03465196118127
3.037830480478052,-1.2419749538693896,-30.46713507974659,-60.926470052405065,-31.709110033615985,-62.16844500627445
3.0386157999713226,-1.244529188193252,-30.53318263865007,-61.0586828967504,-31.77771182684333,-62.30321208494364
3.0394011194645936,-1.2470641329215109,-30.599734924769027,-61.191904297992636,-31.846799057690536,-62.438968430914144
3.040186438957864,-1.2495797856309179,-30.66679973245618,-61.32614984490874,-31.9163795180871,-62.57572963053966
3.040971758451135,-1.2520761439085395,-30.73438503785733,-61.461435489861465,-31.986461181765872,-62.71351163377001
3.0417570779444056,-1.254553205351934,-30.80249900460881,-61.59777756019462,-32.057052209960744,-62.852330765546554
3.0425423974376766,-1.2570109675693257,-30.871149989760504,-61.735192770077816,-32.12816095732983,-62.992203737647145
3.043327716930947,-1.2594494281798005,-30.94034654993409,-61.87369823282438,-32.19979597811389,-63.13314766100418
3.044113036424218,-1.2618685848134787,-31.010097447728842,-62.01331147370176,-32.27196603254232,-63.27518005851524
3.0448983559174887,-1.2642684351116975,-31.080411658386005,-62.15405044326082,-32.3446800934977,-63.41831887837252
3.0456836754107597,-1.2666489767272007,-31.1512983767255,-62.295933531209926,-32.4179473534527,-63.56258250793712
3.0464689949040302,-1.2690102073242904,-31.222767024367137,-62.43897958085554,-32.49177723169142,-63.70798978817983
3.047254314397301,-1.2713521245790258,-31.294827257251843,-62.583207904146754,-32.56617938183087,-63.854560028725786
3.0480396338905718,-1.2736747261793906,-31.36748897347662,-62.72863829734395,-32.641163699656005,-64.00231302352334
3.0488249533838427,-1.2759780098254623,-31.44076232146032,-62.87529105735053,-32.71674033128578,-64.151269067176
3.0496102728771133,-1.2782619732295941,-31.514657708456006,-63.02318699873769,-32.792919681685596,-64.30144897196729
3.0503955923703843,-1.2805266141165745,-31.58918580942881,-63.17234747150077,-32.86971242354539,-64.45287408561735
3.051180911863655,-1.282771930223803,-31.6643575763171,-63.322794379580436,-32.947129506540904,-64.60556630980423
3.051966231356926,-1.284997919301461,-31.7401842476983,-63.474550200195445,-33.02518216699976,-64.7595481194969
3.0527515508501963,-1.2872045791126752,-31.81667735887934,-63.627638004022266,-33.103881937992014,-64.91484258313494
3.0535368703434673,-1.2893919074336913,-31.893848752435815,-63.782081476274605,-33.18324065986951,-65.0714733837083
3.054322189836738,-1.2915599020540112,-31.971710589222514,-63.93790493872429,-33.26327049127653,-65.22946484077829
3.055107509330009,-1.293708560776601,-32.0502753598823,-64.09513337271856,-33.3439839206589,-65.38884193349516
3.0558928288232794,-1.295837881418016,-32.12955589687923,-64.25379244324621,-33.42539377829724,-65.54963032466424
3.0566781483165504,-1.2979478618085785,-32.20956538708627,-64.41390852411331,-33.50751324889485,-65.71185638592189
3.057463467809821,-1.3000384997925325,-32.29031738495714,-64.57550872428716,-33.59035588474967,-65.8755472240797
3.058248787303092,-1.3021097932281924,-32.371825826316474,-64.73862091547632,-33.673935619544665,-66.04073070870452
3.0590341067963625,-1.3041617399881302,-32.45410504280217,-64.9032737610153,-33.7582667827903,-66.20743550100342
3.0598194262896334,-1.306194337959297,-32.53716977699861,-65.06949674613081,-33.84336411495791,-66.37569108409009
3.060604745782904,-1.3082075850431858,-32.62103519829933,-65.23732020966762,-33.92924278334252,-66.54552779471081
3.061390065276175,-1.3102014791560066,-32.70571691954342,-65.40677537736099,-34.01591839869943,-66.716976856517
3.0621753847694455,-1.3121760182288016,-32.79123101446954,-65.57789439674441,-34.10340703269834,-66.89007041497321
3.0629607042627165,-1.3141312002076309,-32.877594036038126,-65.75071037379493,-34.19172523624575,-67.06484157400257
3.063746023755987,-1.31606702305369,-32.96482303567239,-65.92525741141425,-34.28089005872608,-67.24132443446794
3.064531343249258,-1.317983484743483,-33.05293558347554,-66.10157064986379,-34.370919068219024,-67.41955413460727
3.0653166627425286,-1.3198805832689522,-33.14194978948271,-66.27968630926784,-34.461830372751656,-67.5995668925368
3.0661019822357996,-1.321758316637631,-33.231884326013464,-66.45964173431935,-34.55364264265109,-67.78140005095698
3.06688730172907,-1.323616682872787,-33.32275845119224,-66.64147544132024,-34.646375134065025,-67.96509212419303
3.067672621222341,-1.3254556800135568,-33.41459203371254,-66.82522716771044,-34.7400477137261,-68.15068284772398
3.0684579407156116,-1.3272753061150948,-33.50740557892272,-67.0109379242384,-34.83468088503782,-68.3382132303535
3.0692432602088826,-1.3290755592487102,-33.60122025632097,-67.19865004995204,-34.93029581556968,-68.52772560920074
3.070028579702153,-1.330856437502006,-33.69605792854977,-67.38840727018743,-35.02691436605177,-68.71926370768944
3.070813899195424,-1.3326179389790125,-33.791941181991035,-67.58025475775932,-35.12455912097005,-68.91287269673833
3.0715992186886947,-1.3343600618003226,-33.88889335906724,-67.77423919756134,-35.223253420867565,-69.10859925936167
3.0723845381819657,-1.3360828041032349,-33.98693859236587,-67.97040885481886,-35.3230213964691,-69.30649165892208
3.073169857675236,-1.3377861640418724,-34.08610184071019,-68.1688136472264,-35.423888004752065,-69.50659981126827
3.073955177168507,-1.3394701397873257,-34.186408927313124,-68.36950522125909,-35.52587906710044,-69.70897536104643
3.0747404966617777,-1.3411347295277656,-34.287886580158066,-68.57253703292977,-35.62902130968583,-69.91367176245754
3.0755258161550487,-1.3427799314686049,-34.39056247476681,-68.77796443333077,-35.73334240623541,-70.12074436479938
3.0763111356483193,-1.3444057438325832,-34.49446527952358,-68.9858447592763,-35.83887102335616,-70.33025050310889
3.0770964551415902,-1.3460121648599277,-34.59962470374303,-69.19623742944191,-35.94563686860296,-70.54224959430184
3.077881774634861,-1.347599192808451,-34.706071548681756,-69.4092040463861,-36.05367074149021,-70.75680323919454
3.0786670941281318,-1.3491668259536935,-34.81383776171444,-69.6248085049029,-36.16300458766814,-70.97397533085659
3.0794524136214023,-1.3507150625890405,-34.922956493911215,-69.84311710717772,-36.27367155650026,-71.19383216976675
3.0802377331146733,-1.3522439010258367,-35.03346216127761,-70.06419868526481,-36.38570606230345,-71.41644258629066
3.081023052607944,-1.3537533395935066,-35.14539050993833,-70.28812473145739,-36.49914384953183,-71.6418780710509
3.081808372101215,-1.3552433766396679,-35.25877868557573,-70.5149695371624,-36.6140220622154,-71.87021291380208
3.0825936915944854,-1.356714010530255,-35.37366530745846,-70.74481034095923,-36.730379317988714,-72.1015243514895
3.0833790110877564,-1.358165239649638,-35.49009054743144,-70.9777274865799,-36.84825578708108,-72.33589272622953
3.084164330581027,-1.3595970624007192,-35.608096214269494,-71.21380459161448,-36.96769327667022,-72.57340165401519
3.084949650074298,-1.3610094772050605,-35.72772584383983,-71.45312872783832,-37.088735321044894,-72.81413820504338
3.0857349695675684,-1.3624024825029768,-35.84902479555788,-71.69579061412298,-37.21142727806086,-73.05819309662597
3.0865202890608394,-1.3637760767536675,-35.9720403556735,-71.94188482300544,-37.335816432427166,-73.30566089975909
3.08730560855411,-1.3651302584353044,-36.0968218479737,-72.19151000210138,-37.46195210640901,-73.55664026053668
3.088090928047381,-1.3664650260451374,-36.223420752553025,-72.44476911163633,-37.589885778598166,-73.81123413768147
3.0888762475406515,-1.3677803780996207,-36.351890833364784,-72.70176967955449,-37.7196712114644,-74.06955005765411
3.0896615670339225,-1.369076313134487,-36.482288275346576,-72.96262407576903,-37.85136458848107,-74.33170038890353
3.090446886527193,-1.3703528297048768,-36.61467183199307,-73.22744980730693,-37.98502466169794,-74.59780263701181
3.091232206020464,-1.3716099263854082,-36.749102984348475,-73.4963698362907,-38.120712910733886,-74.8679797626761
3.0920175255137345,-1.3728476017703064,-36.88564611249336,-73.7695129229188,-38.258493714263665,-75.14236052468912
3.0928028450070055,-1.3740658544734856,-37.02436868072542,-74.04701399582004,-38.39843453519891,-75.42107985029352
3.093588164500276,-1.37526468312863,-37.16534143776514,-74.32901455247197,-38.54060612089377,-75.7042792356006
3.094373483993547,-1.3764440863893186,-37.308638633476036,-74.61566309263257,-38.685082719865356,-75.9921071790219
3.0951588034868176,-1.377604062929112,-37.45433825375898,-74.90711558813997,-38.83194231668809,-76.2847196510691
3.0959441229800886,-1.3787446114416058,-37.60252227548348,-75.20353599276439,-38.981266886925084,-76.58228060420599
3.096729442473359,-1.3798657306405724,-37.753276943539696,-75.50509679631824,-39.13314267418027,-76.88496252695882
3.09751476196663,-1.3809674192600312,-37.90669307235833,-75.81197962769578,-39.28766049161836,-77.19294704695581
3.0983000814599007,-1.3820496760543182,-38.062866374535,-76.124375912118,-39.44491605058932,-77.5064255881723
3.0990854009531716,-1.3831124997981834,-38.221897819539656,-76.44248758855667,-39.605010319337836,-77.82560008835486
3.099870720446442,-1.3841558892868897,-38.38389402587473,-76.766527894047,-39.76804991516162,-78.1506837833339
3.100656039939713,-1.3851798433362688,-38.54896769049923,-77.09672222253442,-39.9341475338355,-78.48190206587068
3.1014413594329837,-1.3861843607828241,-38.7172380598476,-77.43330906691993,-40.10342242063043,-78.81949342770275
3.1022266789262547,-1.3871694404838022,-38.888831447377,-77.77654105414379,-40.2760008878608,-79.1637104946276
3.1030119984195252,-1.3881350813172657,-39.06388180326647,-78.12668608459151,-40.452016884583735,-79.51482116590878
3.1037973179127962,-1.3890812821821772,-39.24253134270761,-78.48402858867696,-40.63161262488979,-79.87310987085914
3.1045826374060668,-1.390008041998478,-39.424931240166444,-78.84887091535396,-40.81493928216492,-80.23887895735243
3.1053679568993378,-1.3909153597071477,-39.61124239811119,-79.22153486959073,-41.00215775781833,-80.61245022929785
3.1061532763926083,-1.391803234270289,-39.801636299997305,-79.60236341831846,-41.1934395342676,-80.99416665258875
3.1069385958858793,-1.3926716646711994,-39.99629595884475,-79.99172258760743,-41.38896762351595,-81.38439425227861
3.10772391537915,-1.3935206499144195,-40.195416974553865,-80.39000357727802,-41.58893762446829,-81.78352422719243
3.108509234872421,-1.3943501890258432,-40.399208715274156,-80.79762512365845,-41.79355890430001,-82.19197531268429
3.1092945543656914,-1.3951602810527381,-40.607895640707966,-81.21503614617195,-42.00305592176071,-82.61019642722468
3.1100798738589623,-1.3959509250638318,-40.82171878832132,-81.64271871977516,-42.21766971338516,-83.03866964483899
3.110865193352233,-1.3967221201493847,-41.040937447132706,-82.08119142252882,-42.4376595672821,-83.4779135426782
3.111650512845504,-1.3974738654212262,-41.26583104823054,-82.5310131166284,-42.66330491365176,-83.92848698204963
3.1124358323387744,-1.3982061600128368,-41.496701306588015,-82.9927872320453,-42.894907466600856,-84.39099339205812
3.1132211518320454,-1.3989190030794008,-41.73387465536156,-83.46716663511333,-43.13279365844096,-84.86608563819274
3.114006471325316,-1.3996123937978626,-41.97770502194654,-83.95485918063956,-43.3773174157444,-85.35447157443743
3.114791790818587,-1.4002863313669753,-42.228577005039014,-84.45663406603701,-43.62886333640599,-85.85692039740397
3.1155771103118575,-1.400940815007374,-42.486909524282666,-84.97332913061378,-43.88785033929004,-86.37426994562114
3.1163624298051285,-1.4015758439616042,-42.753160029455586,-85.50585927394215,-44.15473587341719,-86.90743511790374
3.117147749298399,-1.4021914174941916,-43.02782937539859,-86.05522620572506,-44.43002079289278,-87.45741762321926
3.11793306879167,-1.4027875348916852,-43.31146749318531,-86.6225297881253,-44.714255028077005,-88.02531732301699
3.1187183882849405,-1.4033641954627085,-43.60468001887795,-87.2089812932823,-45.00804421434066,-88.612345488745
3.1195037077782115,-1.4039213985379997,-43.908136080704246,-87.81591897766795,-45.31205747924225,-89.21984037620595
3.120289027271482,-1.4044591434704596,-44.22257749640575,-88.44482647678905,-45.6270366398762,-89.84928562025951
3.121074346764753,-1.40497742963521,-44.54882969875644,-89.09735465619735,-45.95380712839166,-90.50233208583258
3.1218596662580236,-1.4054762564296006,-44.887814794177004,-89.7753477287563,-46.29329105060661,-91.18082398518592
3.1226449857512946,-1.405955623273295,-45.24056727458854,-90.4808746783179,-46.646522897861836,-91.8868303015912
3.1234303052445656,-1.4064155296082679,-45.60825305689988,-91.21626733871844,-47.01466858650815,-92.62268286832672
3.124215624737836,-1.4068559748988718,-45.992192733402334,-91.98416689455023,-47.39904870830121,-93.3910228694491
3.125000944231107,-1.407276958631868,-46.39389020257586,-92.78758114278565,-47.80116716120773,-94.19485810141752
3.1257862637243776,-1.4076784803164368,-46.81506824722479,-93.62995564904284,-48.22274672754122,-95.03763412935928
3.1265715832176486,-1.4080605394842491,-47.257713186533294,-94.51526305170619,-48.66577372601754,-95.92332359119042
3.127356902710919,-1.4084231356894672,-47.72413152907781,-95.4481163679395,-49.13255466476728,-96.85653950362898
3.12814222220419,-1.4087662685087998,-48.2170227183141,-96.43391448465572,-49.6257889868229,-97.84268075316453
3.1289275416974607,-1.409089937541501,-48.73957378801777,-97.47903146943123,-50.14866372555928,-98.88812140697274
3.1297128611907317,-1.4093941424094203,-49.295584356915725,-98.59106655972056,-50.70497849932515,-100.00046070213
3.130498180684002,-1.4096788827570244,-49.88963443589861,-99.77917977731462,-51.29931331865563,-101.18885866007163
3.131283500177273,-1.4099441582514116,-50.527313947120234,-101.05455096650783,-51.937258105371654,-102.46449512475922
3.1320688196705437,-1.410189968582352,-51.21554336617827,-102.43102107853039,-52.625733334760625,-103.84121104711275
3.1328541391638147,-1.4104163134622776,-51.96303267375491,-103.92601007476628,-53.37344898721719,-105.33642638822855
3.1336394586570853,-1.4106231926263415,-52.78095702564207,-105.56186826676723,-54.1915802182684,-106.97249145939358
3.1344247781503562,-1.4108106058324004,-53.68398487164026,-107.36793255416102,-55.09479547747267,-108.77874315999343
3.135210097643627,-1.4109785528610517,-54.69190511141066,-109.38378073630946,-56.102883664271715,-110.79475928917051
3.135995417136898,-1.4111270335156412,-55.83232804448273,-111.6646334121831,-57.24345507799838,-113.07576044569872
3.1367807366301683,-1.4112560476222813,-57.14544160034574,-114.29086644087599,-58.55669764796802,-115.70212248849826
3.1375660561234393,-1.4113655950298496,-58.69304227402101,-117.38607281231388,-60.10440786905087,-118.79743840734375
3.13835137561671,-1.4114556756100214,-60.57748310088175,-121.154958597416,-61.98893877649177,-122.56641427302603
3.139136695109981,-1.4115262892572489,-62.98738986967446,-125.97477537349323,-64.39891615893171,-127.3863016627505
3.1399220146032514,-1.4115774358887954,-66.33415921003063,-132.66831639967813,-67.74573664591944,-134.07989383556693
3.1407073340965224,-1.4116091154447277,-71.84981164139211,-143.69962271555642,-73.26142075683684,-145.11123183100116
3.141492653589793,-1.4116213278879244,-90.79181245682817,-181.58362490759845,-92.2034337847161,-182.99524623548638
