f_percent,K,PO_exact_pct,PO_approx_pct,stable
-30.0,0.0001,0.0,0.0,True
-30.0,0.00011090313431155938,0.0,0.0,True
-30.0,0.0001229950520012778,0.0,0.0,True
-30.0,0.0001364053677175493,0.0,0.0,True
-30.0,0.00015127782816797016,0.0,0.0,True
-30.0,0.00016777185295673396,0.0,0.0,True
-30.0,0.00018606424342159842,0.0,0.0,True
-30.0,0.0002063510777876421,0.0,0.0,True
-30.0,0.0002288498129521791,0.0,0.0,True
-30.0,0.0002538016154301076,0.0,0.0,True
-30.0,0.00028147394644535966,0.0,0.0,True
-30.0,0.00031216342887834366,0.0,0.0,True
-30.0,0.0003461990268005186,0.0,0.0,True
-30.0,0.00038394557167789064,0.0,0.0,True
-30.0,0.00042580767304121515,0.0,0.0,True
-30.0,0.0004722340555418245,0.0,0.0,True
-30.0,0.0005237223688824735,0.0,0.0,True
-30.0,0.0005808245221814102,0.0,0.0,True
-30.0,0.0006441525999493224,0.0,0.0,True
-30.0,0.0007143854230931981,0.0,0.0,True
-30.0,0.0007922758252752512,0.0,0.0,True
-30.0,0.0008786587226230274,0.0,0.0,True
-30.0,0.0009744600632908472,0.0,0.0,True
-30.0,0.0010807067528039549,0.0,0.0,True
-30.0,0.001198537661576262,0.0,0.0,True
-30.0,0.001329215832592545,0.0,0.0,True
-30.0,0.0014741420201106225,0.0,0.0,True
-30.0,0.001634869704506417,0.0,0.0,True
-30.0,0.0018131217442077456,0.0,0.0,True
-30.0,0.0020108088432108043,0.0,0.0,True
-30.0,0.0022300500321347895,0.0,0.0,True
-30.0,0.002473195382353419,0.0,0.0,True
-30.0,0.002742851196678697,0.0,0.0,True
-30.0,0.0030419079466187894,0.0,0.0,True
-30.0,0.003373571255672634,0.0,0.0,True
-30.0,0.0037413962607747778,0.0,0.0,True
-30.0,0.004149325720214712,0.0,0.0,True
-30.0,0.004601732276513801,0.0,0.0,True
-30.0,0.005103465327280476,0.0,0.0,True
-30.0,0.005659903006457729,0.0,0.0,True
-30.0,0.006277009833155804,0.0,0.0,True
-30.0,0.00696140064601457,0.0,0.0,True
-30.0,0.007720411508415302,0.0,0.0,True
-30.0,0.008562178344582902,0.0,0.0,True
-30.0,0.009495724149488028,0.0,0.0,True
-30.0,0.010531055707361887,0.0,0.0,True
-30.0,0.011679270855560683,0.0,0.0,True
-30.0,0.012952677443553275,0.0,0.0,True
-30.0,0.014364925262166945,0.0,0.0,True
-30.0,0.01593115235725613,0.0,0.0,True
-30.0,0.017668147296146925,0.0,0.0,True
-30.0,0.019594529126209955,0.0,0.0,True
-30.0,0.02173094695455825,0.0,0.0,True
-30.0,0.02410030128818746,0.0,0.0,True
-30.0,0.02672798950712899,0.0,0.0,True
-30.0,0.02964217810187076,0.0,0.0,True
-30.0,0.032874104593189374,0.0,0.0,True
-30.0,0.03645841237070733,0.0,0.0,True
-30.0,0.040433522039347726,0.0,0.0,True
-30.0,0.04484204325419173,0.0,0.0,True
-30.0,0.04973123145824381,0.0,0.0,True
-30.0,0.05515349441892861,0.0,0.0,True
-30.0,0.061166953992942745,0.0,0.0,True
-30.0,0.06783606914108303,0.0,0.0,True
-30.0,0.0752323268712176,0.0,0.0,True
-30.0,0.08343500851569784,0.0,0.0,True
-30.0,0.09253203955702538,0.0,0.0,True
-30.0,0.10262093211115302,0.0,0.0,True
-30.0,0.11380983017100621,0.0,0.0,True
-30.0,0.12621866881430865,0.0,0.0,True
-30.0,0.1399804598013949,0.0,0.0,True
-30.0,0.15524271734347939,0.0,0.0,True
-30.0,0.17216903932435343,0.0,0.0,True
-30.0,0.1909408609248092,2.1980380626729357e-06,82.45556928412516,True
-30.0,0.21175939944708896,0.23312570278504197,85.25842445532626,True
-30.0,0.23484781118615636,2.312674022615835,88.39919665133631,True
-30.0,0.2604535834675404,6.781514830161517,91.91746289688022,True
-30.0,0.28885118749227573,15.653326792203348,95.85622836826569,True
-30.0,0.3203450204250925,90.06854533084282,100.0,False
-30.0,0.35527266826243264,100.0,100.0,False
-30.0,0.3940085244553465,100.0,100.0,False
-30.0,0.43696780307570626,100.0,100.0,False
-30.0,0.4846109895433208,100.0,100.0,False
-30.0,0.5374487766218056,100.0,100.0,False
-30.0,0.5960475385927138,100.0,100.0,False
-30.0,0.6610354022862212,100.0,100.0,False
-30.0,0.733108980044444,100.0,100.0,False
-30.0,0.8130408367887928,100.0,100.0,False
-30.0,0.9016877712317013,100.0,100.0,False
-30.0,1.0,100.0,100.0,False
-29.0,0.0001,0.0,0.0,True
-29.0,0.00011090313431155938,0.0,0.0,True
-29.0,0.0001229950520012778,0.0,0.0,True
-29.0,0.0001364053677175493,0.0,0.0,True
-29.0,0.00015127782816797016,0.0,0.0,True
-29.0,0.00016777185295673396,0.0,0.0,True
-29.0,0.00018606424342159842,0.0,0.0,True
-29.0,0.0002063510777876421,0.0,0.0,True
-29.0,0.0002288498129521791,0.0,0.0,True
-29.0,0.0002538016154301076,0.0,0.0,True
-29.0,0.00028147394644535966,0.0,0.0,True
-29.0,0.00031216342887834366,0.0,0.0,True
-29.0,0.0003461990268005186,0.0,0.0,True
-29.0,0.00038394557167789064,0.0,0.0,True
-29.0,0.00042580767304121515,0.0,0.0,True
-29.0,0.0004722340555418245,0.0,0.0,True
-29.0,0.0005237223688824735,0.0,0.0,True
-29.0,0.0005808245221814102,0.0,0.0,True
-29.0,0.0006441525999493224,0.0,0.0,True
-29.0,0.0007143854230931981,0.0,0.0,True
-29.0,0.0007922758252752512,0.0,0.0,True
-29.0,0.0008786587226230274,0.0,0.0,True
-29.0,0.0009744600632908472,0.0,0.0,True
-29.0,0.0010807067528039549,0.0,0.0,True
-29.0,0.001198537661576262,0.0,0.0,True
-29.0,0.001329215832592545,0.0,0.0,True
-29.0,0.0014741420201106225,0.0,0.0,True
-29.0,0.001634869704506417,0.0,0.0,True
-29.0,0.0018131217442077456,0.0,0.0,True
-29.0,0.0020108088432108043,0.0,0.0,True
-29.0,0.0022300500321347895,0.0,0.0,True
-29.0,0.002473195382353419,0.0,0.0,True
-29.0,0.002742851196678697,0.0,0.0,True
-29.0,0.0030419079466187894,0.0,0.0,True
-29.0,0.003373571255672634,0.0,0.0,True
-29.0,0.0037413962607747778,0.0,0.0,True
-29.0,0.004149325720214712,0.0,0.0,True
-29.0,0.004601732276513801,0.0,0.0,True
-29.0,0.005103465327280476,0.0,0.0,True
-29.0,0.005659903006457729,0.0,0.0,True
-29.0,0.006277009833155804,0.0,0.0,True
-29.0,0.00696140064601457,0.0,0.0,True
-29.0,0.007720411508415302,0.0,0.0,True
-29.0,0.008562178344582902,0.0,0.0,True
-29.0,0.009495724149488028,0.0,0.0,True
-29.0,0.010531055707361887,0.0,0.0,True
-29.0,0.011679270855560683,0.0,0.0,True
-29.0,0.012952677443553275,0.0,0.0,True
-29.0,0.014364925262166945,0.0,0.0,True
-29.0,0.01593115235725613,0.0,0.0,True
-29.0,0.017668147296146925,0.0,0.0,True
-29.0,0.019594529126209955,0.0,0.0,True
-29.0,0.02173094695455825,0.0,0.0,True
-29.0,0.02410030128818746,0.0,0.0,True
-29.0,0.02672798950712899,0.0,0.0,True
-29.0,0.02964217810187076,0.0,0.0,True
-29.0,0.032874104593189374,0.0,0.0,True
-29.0,0.03645841237070733,0.0,0.0,True
-29.0,0.040433522039347726,0.0,0.0,True
-29.0,0.04484204325419173,0.0,0.0,True
-29.0,0.04973123145824381,0.0,0.0,True
-29.0,0.05515349441892861,0.0,0.0,True
-29.0,0.061166953992942745,0.0,0.0,True
-29.0,0.06783606914108303,0.0,0.0,True
-29.0,0.0752323268712176,0.0,0.0,True
-29.0,0.08343500851569784,0.0,0.0,True
-29.0,0.09253203955702538,0.0,0.0,True
-29.0,0.10262093211115302,0.0,0.0,True
-29.0,0.11380983017100621,0.0,0.0,True
-29.0,0.12621866881430865,0.0,0.0,True
-29.0,0.1399804598013949,0.0,0.0,True
-29.0,0.15524271734347939,0.0,0.0,True
-29.0,0.17216903932435343,0.0,0.0,True
-29.0,0.1909408609248092,0.00045288557937173124,83.70290340312506,True
-29.0,0.21175939944708896,0.5364135604740916,86.49839151175114,True
-29.0,0.23484781118615636,2.9791965116263475,89.62990740216202,True
-29.0,0.2604535834675404,8.150210528757595,93.1366949361634,True
-29.0,0.28885118749227573,18.482136892686363,97.06140403198204,True
-29.0,0.3203450204250925,100.0,100.0,False
-29.0,0.35527266826243264,100.0,100.0,False
-29.0,0.3940085244553465,100.0,100.0,False
-29.0,0.43696780307570626,100.0,100.0,False
-29.0,0.4846109895433208,100.0,100.0,False
-29.0,0.5374487766218056,100.0,100.0,False
-29.0,0.5960475385927138,100.0,100.0,False
-29.0,0.6610354022862212,100.0,100.0,False
-29.0,0.733108980044444,100.0,100.0,False
-29.0,0.8130408367887928,100.0,100.0,False
-29.0,0.9016877712317013,100.0,100.0,False
-29.0,1.0,100.0,100.0,False
-28.0,0.0001,0.0,0.0,True
-28.0,0.00011090313431155938,0.0,0.0,True
-28.0,0.0001229950520012778,0.0,0.0,True
-28.0,0.0001364053677175493,0.0,0.0,True
-28.0,0.00015127782816797016,0.0,0.0,True
-28.0,0.00016777185295673396,0.0,0.0,True
-28.0,0.00018606424342159842,0.0,0.0,True
-28.0,0.0002063510777876421,0.0,0.0,True
-28.0,0.0002288498129521791,0.0,0.0,True
-28.0,0.0002538016154301076,0.0,0.0,True
-28.0,0.00028147394644535966,0.0,0.0,True
-28.0,0.00031216342887834366,0.0,0.0,True
-28.0,0.0003461990268005186,0.0,0.0,True
-28.0,0.00038394557167789064,0.0,0.0,True
-28.0,0.00042580767304121515,0.0,0.0,True
-28.0,0.0004722340555418245,0.0,0.0,True
-28.0,0.0005237223688824735,0.0,0.0,True
-28.0,0.0005808245221814102,0.0,0.0,True
-28.0,0.0006441525999493224,0.0,0.0,True
-28.0,0.0007143854230931981,0.0,0.0,True
-28.0,0.0007922758252752512,0.0,0.0,True
-28.0,0.0008786587226230274,0.0,0.0,True
-28.0,0.0009744600632908472,0.0,0.0,True
-28.0,0.0010807067528039549,0.0,0.0,True
-28.0,0.001198537661576262,0.0,0.0,True
-28.0,0.001329215832592545,0.0,0.0,True
-28.0,0.0014741420201106225,0.0,0.0,True
-28.0,0.001634869704506417,0.0,0.0,True
-28.0,0.0018131217442077456,0.0,0.0,True
-28.0,0.0020108088432108043,0.0,0.0,True
-28.0,0.0022300500321347895,0.0,0.0,True
-28.0,0.002473195382353419,0.0,0.0,True
-28.0,0.002742851196678697,0.0,0.0,True
-28.0,0.0030419079466187894,0.0,0.0,True
-28.0,0.003373571255672634,0.0,0.0,True
-28.0,0.0037413962607747778,0.0,0.0,True
-28.0,0.004149325720214712,0.0,0.0,True
-28.0,0.004601732276513801,0.0,0.0,True
-28.0,0.005103465327280476,0.0,0.0,True
-28.0,0.005659903006457729,0.0,0.0,True
-28.0,0.006277009833155804,0.0,0.0,True
-28.0,0.00696140064601457,0.0,0.0,True
-28.0,0.007720411508415302,0.0,0.0,True
-28.0,0.008562178344582902,0.0,0.0,True
-28.0,0.009495724149488028,0.0,0.0,True
-28.0,0.010531055707361887,0.0,0.0,True
-28.0,0.011679270855560683,0.0,0.0,True
-28.0,0.012952677443553275,0.0,0.0,True
-28.0,0.014364925262166945,0.0,0.0,True
-28.0,0.01593115235725613,0.0,0.0,True
-28.0,0.017668147296146925,0.0,0.0,True
-28.0,0.019594529126209955,0.0,0.0,True
-28.0,0.02173094695455825,0.0,0.0,True
-28.0,0.02410030128818746,0.0,0.0,True
-28.0,0.02672798950712899,0.0,0.0,True
-28.0,0.02964217810187076,0.0,0.0,True
-28.0,0.032874104593189374,0.0,0.0,True
-28.0,0.03645841237070733,0.0,0.0,True
-28.0,0.040433522039347726,0.0,0.0,True
-28.0,0.04484204325419173,0.0,0.0,True
-28.0,0.04973123145824381,0.0,0.0,True
-28.0,0.05515349441892861,0.0,0.0,True
-28.0,0.061166953992942745,0.0,0.0,True
-28.0,0.06783606914108303,0.0,0.0,True
-28.0,0.0752323268712176,0.0,0.0,True
-28.0,0.08343500851569784,0.0,0.0,True
-28.0,0.09253203955702538,0.0,0.0,True
-28.0,0.10262093211115302,0.0,0.0,True
-28.0,0.11380983017100621,0.0,0.0,True
-28.0,0.12621866881430865,0.0,0.0,True
-28.0,0.1399804598013949,0.0,0.0,True
-28.0,0.15524271734347939,0.0,0.0,True
-28.0,0.17216903932435343,0.0,0.0,True
-28.0,0.1909408609248092,0.012445545960737547,84.95838110713105,True
-28.0,0.21175939944708896,0.9282340820807811,87.74655178687728,True
-28.0,0.23484781118615636,3.853012933041189,90.868890290782,True
-28.0,0.2604535834675404,9.713074819917766,94.3643126284171,True
-28.0,0.28885118749227573,22.42055389842683,98.27511844699443,True
-28.0,0.3203450204250925,100.0,100.0,False
-28.0,0.35527266826243264,100.0,100.0,False
-28.0,0.3940085244553465,100.0,100.0,False
-28.0,0.43696780307570626,100.0,100.0,False
-28.0,0.4846109895433208,100.0,100.0,False
-28.0,0.5374487766218056,100.0,100.0,False
-28.0,0.5960475385927138,100.0,100.0,False
-28.0,0.6610354022862212,100.0,100.0,False
-28.0,0.733108980044444,100.0,100.0,False
-28.0,0.8130408367887928,100.0,100.0,False
-28.0,0.9016877712317013,100.0,100.0,False
-28.0,1.0,100.0,100.0,False
-27.0,0.0001,0.0,0.0,True
-27.0,0.00011090313431155938,0.0,0.0,True
-27.0,0.0001229950520012778,0.0,0.0,True
-27.0,0.0001364053677175493,0.0,0.0,True
-27.0,0.00015127782816797016,0.0,0.0,True
-27.0,0.00016777185295673396,0.0,0.0,True
-27.0,0.00018606424342159842,0.0,0.0,True
-27.0,0.0002063510777876421,0.0,0.0,True
-27.0,0.0002288498129521791,0.0,0.0,True
-27.0,0.0002538016154301076,0.0,0.0,True
-27.0,0.00028147394644535966,0.0,0.0,True
-27.0,0.00031216342887834366,0.0,0.0,True
-27.0,0.0003461990268005186,0.0,0.0,True
-27.0,0.00038394557167789064,0.0,0.0,True
-27.0,0.00042580767304121515,0.0,0.0,True
-27.0,0.0004722340555418245,0.0,0.0,True
-27.0,0.0005237223688824735,0.0,0.0,True
-27.0,0.0005808245221814102,0.0,0.0,True
-27.0,0.0006441525999493224,0.0,0.0,True
-27.0,0.0007143854230931981,0.0,0.0,True
-27.0,0.0007922758252752512,0.0,0.0,True
-27.0,0.0008786587226230274,0.0,0.0,True
-27.0,0.0009744600632908472,0.0,0.0,True
-27.0,0.0010807067528039549,0.0,0.0,True
-27.0,0.001198537661576262,0.0,0.0,True
-27.0,0.001329215832592545,0.0,0.0,True
-27.0,0.0014741420201106225,0.0,0.0,True
-27.0,0.001634869704506417,0.0,0.0,True
-27.0,0.0018131217442077456,0.0,0.0,True
-27.0,0.0020108088432108043,0.0,0.0,True
-27.0,0.0022300500321347895,0.0,0.0,True
-27.0,0.002473195382353419,0.0,0.0,True
-27.0,0.002742851196678697,0.0,0.0,True
-27.0,0.0030419079466187894,0.0,0.0,True
-27.0,0.003373571255672634,0.0,0.0,True
-27.0,0.0037413962607747778,0.0,0.0,True
-27.0,0.004149325720214712,0.0,0.0,True
-27.0,0.004601732276513801,0.0,0.0,True
-27.0,0.005103465327280476,0.0,0.0,True
-27.0,0.005659903006457729,0.0,0.0,True
-27.0,0.006277009833155804,0.0,0.0,True
-27.0,0.00696140064601457,0.0,0.0,True
-27.0,0.007720411508415302,0.0,0.0,True
-27.0,0.008562178344582902,0.0,0.0,True
-27.0,0.009495724149488028,0.0,0.0,True
-27.0,0.010531055707361887,0.0,0.0,True
-27.0,0.011679270855560683,0.0,0.0,True
-27.0,0.012952677443553275,0.0,0.0,True
-27.0,0.014364925262166945,0.0,0.0,True
-27.0,0.01593115235725613,0.0,0.0,True
-27.0,0.017668147296146925,0.0,0.0,True
-27.0,0.019594529126209955,0.0,0.0,True
-27.0,0.02173094695455825,0.0,0.0,True
-27.0,0.02410030128818746,0.0,0.0,True
-27.0,0.02672798950712899,0.0,0.0,True
-27.0,0.02964217810187076,0.0,0.0,True
-27.0,0.032874104593189374,0.0,0.0,True
-27.0,0.03645841237070733,0.0,0.0,True
-27.0,0.040433522039347726,0.0,0.0,True
-27.0,0.04484204325419173,0.0,0.0,True
-27.0,0.04973123145824381,0.0,0.0,True
-27.0,0.05515349441892861,0.0,0.0,True
-27.0,0.061166953992942745,0.0,0.0,True
-27.0,0.06783606914108303,0.0,0.0,True
-27.0,0.0752323268712176,0.0,0.0,True
-27.0,0.08343500851569784,0.0,0.0,True
-27.0,0.09253203955702538,0.0,0.0,True
-27.0,0.10262093211115302,0.0,0.0,True
-27.0,0.11380983017100621,0.0,0.0,True
-27.0,0.12621866881430865,0.0,0.0,True
-27.0,0.1399804598013949,0.0,0.0,True
-27.0,0.15524271734347939,0.0,0.0,True
-27.0,0.17216903932435343,0.0,83.73817533335813,True
-27.0,0.1909408609248092,0.039505706341014246,86.22193526570983,True
-27.0,0.21175939944708896,1.427761500480984,89.00283496245595,True
-27.0,0.23484781118615636,4.8987214699078185,92.11607098002705,True
-27.0,0.2604535834675404,11.948328191949997,95.60023668741621,True
-27.0,0.28885118749227573,27.262580809135173,99.49728638883677,True
-27.0,0.3203450204250925,100.0,100.0,False
-27.0,0.35527266826243264,100.0,100.0,False
-27.0,0.3940085244553465,100.0,100.0,False
-27.0,0.43696780307570626,100.0,100.0,False
-27.0,0.4846109895433208,100.0,100.0,False
-27.0,0.5374487766218056,100.0,100.0,False
-27.0,0.5960475385927138,100.0,100.0,False
-27.0,0.6610354022862212,100.0,100.0,False
-27.0,0.733108980044444,100.0,100.0,False
-27.0,0.8130408367887928,100.0,100.0,False
-27.0,0.9016877712317013,100.0,100.0,False
-27.0,1.0,100.0,100.0,False
-26.0,0.0001,0.0,0.0,True
-26.0,0.00011090313431155938,0.0,0.0,True
-26.0,0.0001229950520012778,0.0,0.0,True
-26.0,0.0001364053677175493,0.0,0.0,True
-26.0,0.00015127782816797016,0.0,0.0,True
-26.0,0.00016777185295673396,0.0,0.0,True
-26.0,0.00018606424342159842,0.0,0.0,True
-26.0,0.0002063510777876421,0.0,0.0,True
-26.0,0.0002288498129521791,0.0,0.0,True
-26.0,0.0002538016154301076,0.0,0.0,True
-26.0,0.00028147394644535966,0.0,0.0,True
-26.0,0.00031216342887834366,0.0,0.0,True
-26.0,0.0003461990268005186,0.0,0.0,True
-26.0,0.00038394557167789064,0.0,0.0,True
-26.0,0.00042580767304121515,0.0,0.0,True
-26.0,0.0004722340555418245,0.0,0.0,True
-26.0,0.0005237223688824735,0.0,0.0,True
-26.0,0.0005808245221814102,0.0,0.0,True
-26.0,0.0006441525999493224,0.0,0.0,True
-26.0,0.0007143854230931981,0.0,0.0,True
-26.0,0.0007922758252752512,0.0,0.0,True
-26.0,0.0008786587226230274,0.0,0.0,True
-26.0,0.0009744600632908472,0.0,0.0,True
-26.0,0.0010807067528039549,0.0,0.0,True
-26.0,0.001198537661576262,0.0,0.0,True
-26.0,0.001329215832592545,0.0,0.0,True
-26.0,0.0014741420201106225,0.0,0.0,True
-26.0,0.001634869704506417,0.0,0.0,True
-26.0,0.0018131217442077456,0.0,0.0,True
-26.0,0.0020108088432108043,0.0,0.0,True
-26.0,0.0022300500321347895,0.0,0.0,True
-26.0,0.002473195382353419,0.0,0.0,True
-26.0,0.002742851196678697,0.0,0.0,True
-26.0,0.0030419079466187894,0.0,0.0,True
-26.0,0.003373571255672634,0.0,0.0,True
-26.0,0.0037413962607747778,0.0,0.0,True
-26.0,0.004149325720214712,0.0,0.0,True
-26.0,0.004601732276513801,0.0,0.0,True
-26.0,0.005103465327280476,0.0,0.0,True
-26.0,0.005659903006457729,0.0,0.0,True
-26.0,0.006277009833155804,0.0,0.0,True
-26.0,0.00696140064601457,0.0,0.0,True
-26.0,0.007720411508415302,0.0,0.0,True
-26.0,0.008562178344582902,0.0,0.0,True
-26.0,0.009495724149488028,0.0,0.0,True
-26.0,0.010531055707361887,0.0,0.0,True
-26.0,0.011679270855560683,0.0,0.0,True
-26.0,0.012952677443553275,0.0,0.0,True
-26.0,0.014364925262166945,0.0,0.0,True
-26.0,0.01593115235725613,0.0,0.0,True
-26.0,0.017668147296146925,0.0,0.0,True
-26.0,0.019594529126209955,0.0,0.0,True
-26.0,0.02173094695455825,0.0,0.0,True
-26.0,0.02410030128818746,0.0,0.0,True
-26.0,0.02672798950712899,0.0,0.0,True
-26.0,0.02964217810187076,0.0,0.0,True
-26.0,0.032874104593189374,0.0,0.0,True
-26.0,0.03645841237070733,0.0,0.0,True
-26.0,0.040433522039347726,0.0,0.0,True
-26.0,0.04484204325419173,0.0,0.0,True
-26.0,0.04973123145824381,0.0,0.0,True
-26.0,0.05515349441892861,0.0,0.0,True
-26.0,0.061166953992942745,0.0,0.0,True
-26.0,0.06783606914108303,0.0,0.0,True
-26.0,0.0752323268712176,0.0,0.0,True
-26.0,0.08343500851569784,0.0,0.0,True
-26.0,0.09253203955702538,0.0,0.0,True
-26.0,0.10262093211115302,0.0,0.0,True
-26.0,0.11380983017100621,0.0,0.0,True
-26.0,0.12621866881430865,0.0,0.0,True
-26.0,0.1399804598013949,0.0,0.0,True
-26.0,0.15524271734347939,0.0,0.0,True
-26.0,0.17216903932435343,5.2768087233090455e-06,85.01545306799301,True
-26.0,0.1909408609248092,0.2051626059148548,87.49350097594633,True
-26.0,0.21175939944708896,2.0572059450965297,90.26717307977856,True
-26.0,0.23484781118615636,6.140036716345687,93.37137764552422,True
-26.0,0.2604535834675404,14.57581511353725,96.84439051480214,True
-26.0,0.28885118749227573,100.0,100.0,False
-26.0,0.3203450204250925,100.0,100.0,False
-26.0,0.35527266826243264,100.0,100.0,False
-26.0,0.3940085244553465,100.0,100.0,False
-26.0,0.43696780307570626,100.0,100.0,False
-26.0,0.4846109895433208,100.0,100.0,False
-26.0,0.5374487766218056,100.0,100.0,False
-26.0,0.5960475385927138,100.0,100.0,False
-26.0,0.6610354022862212,100.0,100.0,False
-26.0,0.733108980044444,100.0,100.0,False
-26.0,0.8130408367887928,100.0,100.0,False
-26.0,0.9016877712317013,100.0,100.0,False
-26.0,1.0,100.0,100.0,False
-25.0,0.0001,0.0,0.0,True
-25.0,0.00011090313431155938,0.0,0.0,True
-25.0,0.0001229950520012778,0.0,0.0,True
-25.0,0.0001364053677175493,0.0,0.0,True
-25.0,0.00015127782816797016,0.0,0.0,True
-25.0,0.00016777185295673396,0.0,0.0,True
-25.0,0.00018606424342159842,0.0,0.0,True
-25.0,0.0002063510777876421,0.0,0.0,True
-25.0,0.0002288498129521791,0.0,0.0,True
-25.0,0.0002538016154301076,0.0,0.0,True
-25.0,0.00028147394644535966,0.0,0.0,True
-25.0,0.00031216342887834366,0.0,0.0,True
-25.0,0.0003461990268005186,0.0,0.0,True
-25.0,0.00038394557167789064,0.0,0.0,True
-25.0,0.00042580767304121515,0.0,0.0,True
-25.0,0.0004722340555418245,0.0,0.0,True
-25.0,0.0005237223688824735,0.0,0.0,True
-25.0,0.0005808245221814102,0.0,0.0,True
-25.0,0.0006441525999493224,0.0,0.0,True
-25.0,0.0007143854230931981,0.0,0.0,True
-25.0,0.0007922758252752512,0.0,0.0,True
-25.0,0.0008786587226230274,0.0,0.0,True
-25.0,0.0009744600632908472,0.0,0.0,True
-25.0,0.0010807067528039549,0.0,0.0,True
-25.0,0.001198537661576262,0.0,0.0,True
-25.0,0.001329215832592545,0.0,0.0,True
-25.0,0.0014741420201106225,0.0,0.0,True
-25.0,0.001634869704506417,0.0,0.0,True
-25.0,0.0018131217442077456,0.0,0.0,True
-25.0,0.0020108088432108043,0.0,0.0,True
-25.0,0.0022300500321347895,0.0,0.0,True
-25.0,0.002473195382353419,0.0,0.0,True
-25.0,0.002742851196678697,0.0,0.0,True
-25.0,0.0030419079466187894,0.0,0.0,True
-25.0,0.003373571255672634,0.0,0.0,True
-25.0,0.0037413962607747778,0.0,0.0,True
-25.0,0.004149325720214712,0.0,0.0,True
-25.0,0.004601732276513801,0.0,0.0,True
-25.0,0.005103465327280476,0.0,0.0,True
-25.0,0.005659903006457729,0.0,0.0,True
-25.0,0.006277009833155804,0.0,0.0,True
-25.0,0.00696140064601457,0.0,0.0,True
-25.0,0.007720411508415302,0.0,0.0,True
-25.0,0.008562178344582902,0.0,0.0,True
-25.0,0.009495724149488028,0.0,0.0,True
-25.0,0.010531055707361887,0.0,0.0,True
-25.0,0.011679270855560683,0.0,0.0,True
-25.0,0.012952677443553275,0.0,0.0,True
-25.0,0.014364925262166945,0.0,0.0,True
-25.0,0.01593115235725613,0.0,0.0,True
-25.0,0.017668147296146925,0.0,0.0,True
-25.0,0.019594529126209955,0.0,0.0,True
-25.0,0.02173094695455825,0.0,0.0,True
-25.0,0.02410030128818746,0.0,0.0,True
-25.0,0.02672798950712899,0.0,0.0,True
-25.0,0.02964217810187076,0.0,0.0,True
-25.0,0.032874104593189374,0.0,0.0,True
-25.0,0.03645841237070733,0.0,0.0,True
-25.0,0.040433522039347726,0.0,0.0,True
-25.0,0.04484204325419173,0.0,0.0,True
-25.0,0.04973123145824381,0.0,0.0,True
-25.0,0.05515349441892861,0.0,0.0,True
-25.0,0.061166953992942745,0.0,0.0,True
-25.0,0.06783606914108303,0.0,0.0,True
-25.0,0.0752323268712176,0.0,0.0,True
-25.0,0.08343500851569784,0.0,0.0,True
-25.0,0.09253203955702538,0.0,0.0,True
-25.0,0.10262093211115302,0.0,0.0,True
-25.0,0.11380983017100621,0.0,0.0,True
-25.0,0.12621866881430865,0.0,0.0,True
-25.0,0.1399804598013949,0.0,0.0,True
-25.0,0.15524271734347939,0.0,0.0,True
-25.0,0.17216903932435343,0.0024824402724110683,86.30066110616885,True
-25.0,0.1909408609248092,0.5339704630964226,88.773015460707,True
-25.0,0.21175939944708896,2.8419773467724507,91.53950043391563,True
-25.0,0.23484781118615636,7.7755981511576255,94.63474086560427,True
-25.0,0.2604535834675404,18.352575569899088,98.09670008544975,True
-25.0,0.28885118749227573,100.0,100.0,False
-25.0,0.3203450204250925,100.0,100.0,False
-25.0,0.35527266826243264,100.0,100.0,False
-25.0,0.3940085244553465,100.0,100.0,False
-25.0,0.43696780307570626,100.0,100.0,False
-25.0,0.4846109895433208,100.0,100.0,False
-25.0,0.5374487766218056,100.0,100.0,False
-25.0,0.5960475385927138,100.0,100.0,False
-25.0,0.6610354022862212,100.0,100.0,False
-25.0,0.733108980044444,100.0,100.0,False
-25.0,0.8130408367887928,100.0,100.0,False
-25.0,0.9016877712317013,100.0,100.0,False
-25.0,1.0,100.0,100.0,False
-24.0,0.0001,0.0,0.0,True
-24.0,0.00011090313431155938,0.0,0.0,True
-24.0,0.0001229950520012778,0.0,0.0,True
-24.0,0.0001364053677175493,0.0,0.0,True
-24.0,0.00015127782816797016,0.0,0.0,True
-24.0,0.00016777185295673396,0.0,0.0,True
-24.0,0.00018606424342159842,0.0,0.0,True
-24.0,0.0002063510777876421,0.0,0.0,True
-24.0,0.0002288498129521791,0.0,0.0,True
-24.0,0.0002538016154301076,0.0,0.0,True
-24.0,0.00028147394644535966,0.0,0.0,True
-24.0,0.00031216342887834366,0.0,0.0,True
-24.0,0.0003461990268005186,0.0,0.0,True
-24.0,0.00038394557167789064,0.0,0.0,True
-24.0,0.00042580767304121515,0.0,0.0,True
-24.0,0.0004722340555418245,0.0,0.0,True
-24.0,0.0005237223688824735,0.0,0.0,True
-24.0,0.0005808245221814102,0.0,0.0,True
-24.0,0.0006441525999493224,0.0,0.0,True
-24.0,0.0007143854230931981,0.0,0.0,True
-24.0,0.0007922758252752512,0.0,0.0,True
-24.0,0.0008786587226230274,0.0,0.0,True
-24.0,0.0009744600632908472,0.0,0.0,True
-24.0,0.0010807067528039549,0.0,0.0,True
-24.0,0.001198537661576262,0.0,0.0,True
-24.0,0.001329215832592545,0.0,0.0,True
-24.0,0.0014741420201106225,0.0,0.0,True
-24.0,0.001634869704506417,0.0,0.0,True
-24.0,0.0018131217442077456,0.0,0.0,True
-24.0,0.0020108088432108043,0.0,0.0,True
-24.0,0.0022300500321347895,0.0,0.0,True
-24.0,0.002473195382353419,0.0,0.0,True
-24.0,0.002742851196678697,0.0,0.0,True
-24.0,0.0030419079466187894,0.0,0.0,True
-24.0,0.003373571255672634,0.0,0.0,True
-24.0,0.0037413962607747778,0.0,0.0,True
-24.0,0.004149325720214712,0.0,0.0,True
-24.0,0.004601732276513801,0.0,0.0,True
-24.0,0.005103465327280476,0.0,0.0,True
-24.0,0.005659903006457729,0.0,0.0,True
-24.0,0.006277009833155804,0.0,0.0,True
-24.0,0.00696140064601457,0.0,0.0,True
-24.0,0.007720411508415302,0.0,0.0,True
-24.0,0.008562178344582902,0.0,0.0,True
-24.0,0.009495724149488028,0.0,0.0,True
-24.0,0.010531055707361887,0.0,0.0,True
-24.0,0.011679270855560683,0.0,0.0,True
-24.0,0.012952677443553275,0.0,0.0,True
-24.0,0.014364925262166945,0.0,0.0,True
-24.0,0.01593115235725613,0.0,0.0,True
-24.0,0.017668147296146925,0.0,0.0,True
-24.0,0.019594529126209955,0.0,0.0,True
-24.0,0.02173094695455825,0.0,0.0,True
-24.0,0.02410030128818746,0.0,0.0,True
-24.0,0.02672798950712899,0.0,0.0,True
-24.0,0.02964217810187076,0.0,0.0,True
-24.0,0.032874104593189374,0.0,0.0,True
-24.0,0.03645841237070733,0.0,0.0,True
-24.0,0.040433522039347726,0.0,0.0,True
-24.0,0.04484204325419173,0.0,0.0,True
-24.0,0.04973123145824381,0.0,0.0,True
-24.0,0.05515349441892861,0.0,0.0,True
-24.0,0.061166953992942745,0.0,0.0,True
-24.0,0.06783606914108303,0.0,0.0,True
-24.0,0.0752323268712176,0.0,0.0,True
-24.0,0.08343500851569784,0.0,0.0,True
-24.0,0.09253203955702538,0.0,0.0,True
-24.0,0.10262093211115302,0.0,0.0,True
-24.0,0.11380983017100621,0.0,0.0,True
-24.0,0.12621866881430865,0.0,0.0,True
-24.0,0.1399804598013949,0.0,0.0,True
-24.0,0.15524271734347939,0.0,85.38860196744983,True
-24.0,0.17216903932435343,0.020385744868911537,87.59374084589543,True
-24.0,0.1909408609248092,0.9873352975675154,90.060417971828,True
-24.0,0.21175939944708896,3.81977407464702,92.81975347288365,True
-24.0,0.23484781118615636,9.876022706870934,95.90609351612174,True
-24.0,0.2604535834675404,23.386590596284318,99.35709383770967,True
-24.0,0.28885118749227573,100.0,100.0,False
-24.0,0.3203450204250925,100.0,100.0,False
-24.0,0.35527266826243264,100.0,100.0,False
-24.0,0.3940085244553465,100.0,100.0,False
-24.0,0.43696780307570626,100.0,100.0,False
-24.0,0.4846109895433208,100.0,100.0,False
-24.0,0.5374487766218056,100.0,100.0,False
-24.0,0.5960475385927138,100.0,100.0,False
-24.0,0.6610354022862212,100.0,100.0,False
-24.0,0.733108980044444,100.0,100.0,False
-24.0,0.8130408367887928,100.0,100.0,False
-24.0,0.9016877712317013,100.0,100.0,False
-24.0,1.0,100.0,100.0,False
-23.0,0.0001,0.0,0.0,True
-23.0,0.00011090313431155938,0.0,0.0,True
-23.0,0.0001229950520012778,0.0,0.0,True
-23.0,0.0001364053677175493,0.0,0.0,True
-23.0,0.00015127782816797016,0.0,0.0,True
-23.0,0.00016777185295673396,0.0,0.0,True
-23.0,0.00018606424342159842,0.0,0.0,True
-23.0,0.0002063510777876421,0.0,0.0,True
-23.0,0.0002288498129521791,0.0,0.0,True
-23.0,0.0002538016154301076,0.0,0.0,True
-23.0,0.00028147394644535966,0.0,0.0,True
-23.0,0.00031216342887834366,0.0,0.0,True
-23.0,0.0003461990268005186,0.0,0.0,True
-23.0,0.00038394557167789064,0.0,0.0,True
-23.0,0.00042580767304121515,0.0,0.0,True
-23.0,0.0004722340555418245,0.0,0.0,True
-23.0,0.0005237223688824735,0.0,0.0,True
-23.0,0.0005808245221814102,0.0,0.0,True
-23.0,0.0006441525999493224,0.0,0.0,True
-23.0,0.0007143854230931981,0.0,0.0,True
-23.0,0.0007922758252752512,0.0,0.0,True
-23.0,0.0008786587226230274,0.0,0.0,True
-23.0,0.0009744600632908472,0.0,0.0,True
-23.0,0.0010807067528039549,0.0,0.0,True
-23.0,0.001198537661576262,0.0,0.0,True
-23.0,0.001329215832592545,0.0,0.0,True
-23.0,0.0014741420201106225,0.0,0.0,True
-23.0,0.001634869704506417,0.0,0.0,True
-23.0,0.0018131217442077456,0.0,0.0,True
-23.0,0.0020108088432108043,0.0,0.0,True
-23.0,0.0022300500321347895,0.0,0.0,True
-23.0,0.002473195382353419,0.0,0.0,True
-23.0,0.002742851196678697,0.0,0.0,True
-23.0,0.0030419079466187894,0.0,0.0,True
-23.0,0.003373571255672634,0.0,0.0,True
-23.0,0.0037413962607747778,0.0,0.0,True
-23.0,0.004149325720214712,0.0,0.0,True
-23.0,0.004601732276513801,0.0,0.0,True
-23.0,0.005103465327280476,0.0,0.0,True
-23.0,0.005659903006457729,0.0,0.0,True
-23.0,0.006277009833155804,0.0,0.0,True
-23.0,0.00696140064601457,0.0,0.0,True
-23.0,0.007720411508415302,0.0,0.0,True
-23.0,0.008562178344582902,0.0,0.0,True
-23.0,0.009495724149488028,0.0,0.0,True
-23.0,0.010531055707361887,0.0,0.0,True
-23.0,0.011679270855560683,0.0,0.0,True
-23.0,0.012952677443553275,0.0,0.0,True
-23.0,0.014364925262166945,0.0,0.0,True
-23.0,0.01593115235725613,0.0,0.0,True
-23.0,0.017668147296146925,0.0,0.0,True
-23.0,0.019594529126209955,0.0,0.0,True
-23.0,0.02173094695455825,0.0,0.0,True
-23.0,0.02410030128818746,0.0,0.0,True
-23.0,0.02672798950712899,0.0,0.0,True
-23.0,0.02964217810187076,0.0,0.0,True
-23.0,0.032874104593189374,0.0,0.0,True
-23.0,0.03645841237070733,0.0,0.0,True
-23.0,0.040433522039347726,0.0,0.0,True
-23.0,0.04484204325419173,0.0,0.0,True
-23.0,0.04973123145824381,0.0,0.0,True
-23.0,0.05515349441892861,0.0,0.0,True
-23.0,0.061166953992942745,0.0,0.0,True
-23.0,0.06783606914108303,0.0,0.0,True
-23.0,0.0752323268712176,0.0,0.0,True
-23.0,0.08343500851569784,0.0,0.0,True
-23.0,0.09253203955702538,0.0,0.0,True
-23.0,0.10262093211115302,0.0,0.0,True
-23.0,0.11380983017100621,0.0,0.0,True
-23.0,0.12621866881430865,0.0,0.0,True
-23.0,0.1399804598013949,0.0,0.0,True
-23.0,0.15524271734347939,1.576034858175035e-06,86.6939509888804,True
-23.0,0.17216903932435343,0.11395007339383145,88.89463552023926,True
-23.0,0.1909408609248092,1.6003269145187682,91.35564969801065,True
-23.0,0.21175939944708896,5.160188140549726,94.10787070152844,True
-23.0,0.23484781118615636,12.742443679703896,97.18537067000037,True
-23.0,0.2604535834675404,100.0,100.0,False
-23.0,0.28885118749227573,100.0,100.0,False
-23.0,0.3203450204250925,100.0,100.0,False
-23.0,0.35527266826243264,100.0,100.0,False
-23.0,0.3940085244553465,100.0,100.0,False
-23.0,0.43696780307570626,100.0,100.0,False
-23.0,0.4846109895433208,100.0,100.0,False
-23.0,0.5374487766218056,100.0,100.0,False
-23.0,0.5960475385927138,100.0,100.0,False
-23.0,0.6610354022862212,100.0,100.0,False
-23.0,0.733108980044444,100.0,100.0,False
-23.0,0.8130408367887928,100.0,100.0,False
-23.0,0.9016877712317013,100.0,100.0,False
-23.0,1.0,100.0,100.0,False
-22.0,0.0001,0.0,0.0,True
-22.0,0.00011090313431155938,0.0,0.0,True
-22.0,0.0001229950520012778,0.0,0.0,True
-22.0,0.0001364053677175493,0.0,0.0,True
-22.0,0.00015127782816797016,0.0,0.0,True
-22.0,0.00016777185295673396,0.0,0.0,True
-22.0,0.00018606424342159842,0.0,0.0,True
-22.0,0.0002063510777876421,0.0,0.0,True
-22.0,0.0002288498129521791,0.0,0.0,True
-22.0,0.0002538016154301076,0.0,0.0,True
-22.0,0.00028147394644535966,0.0,0.0,True
-22.0,0.00031216342887834366,0.0,0.0,True
-22.0,0.0003461990268005186,0.0,0.0,True
-22.0,0.00038394557167789064,0.0,0.0,True
-22.0,0.00042580767304121515,0.0,0.0,True
-22.0,0.0004722340555418245,0.0,0.0,True
-22.0,0.0005237223688824735,0.0,0.0,True
-22.0,0.0005808245221814102,0.0,0.0,True
-22.0,0.0006441525999493224,0.0,0.0,True
-22.0,0.0007143854230931981,0.0,0.0,True
-22.0,0.0007922758252752512,0.0,0.0,True
-22.0,0.0008786587226230274,0.0,0.0,True
-22.0,0.0009744600632908472,0.0,0.0,True
-22.0,0.0010807067528039549,0.0,0.0,True
-22.0,0.001198537661576262,0.0,0.0,True
-22.0,0.001329215832592545,0.0,0.0,True
-22.0,0.0014741420201106225,0.0,0.0,True
-22.0,0.001634869704506417,0.0,0.0,True
-22.0,0.0018131217442077456,0.0,0.0,True
-22.0,0.0020108088432108043,0.0,0.0,True
-22.0,0.0022300500321347895,0.0,0.0,True
-22.0,0.002473195382353419,0.0,0.0,True
-22.0,0.002742851196678697,0.0,0.0,True
-22.0,0.0030419079466187894,0.0,0.0,True
-22.0,0.003373571255672634,0.0,0.0,True
-22.0,0.0037413962607747778,0.0,0.0,True
-22.0,0.004149325720214712,0.0,0.0,True
-22.0,0.004601732276513801,0.0,0.0,True
-22.0,0.005103465327280476,0.0,0.0,True
-22.0,0.005659903006457729,0.0,0.0,True
-22.0,0.006277009833155804,0.0,0.0,True
-22.0,0.00696140064601457,0.0,0.0,True
-22.0,0.007720411508415302,0.0,0.0,True
-22.0,0.008562178344582902,0.0,0.0,True
-22.0,0.009495724149488028,0.0,0.0,True
-22.0,0.010531055707361887,0.0,0.0,True
-22.0,0.011679270855560683,0.0,0.0,True
-22.0,0.012952677443553275,0.0,0.0,True
-22.0,0.014364925262166945,0.0,0.0,True
-22.0,0.01593115235725613,0.0,0.0,True
-22.0,0.017668147296146925,0.0,0.0,True
-22.0,0.019594529126209955,0.0,0.0,True
-22.0,0.02173094695455825,0.0,0.0,True
-22.0,0.02410030128818746,0.0,0.0,True
-22.0,0.02672798950712899,0.0,0.0,True
-22.0,0.02964217810187076,0.0,0.0,True
-22.0,0.032874104593189374,0.0,0.0,True
-22.0,0.03645841237070733,0.0,0.0,True
-22.0,0.040433522039347726,0.0,0.0,True
-22.0,0.04484204325419173,0.0,0.0,True
-22.0,0.04973123145824381,0.0,0.0,True
-22.0,0.05515349441892861,0.0,0.0,True
-22.0,0.061166953992942745,0.0,0.0,True
-22.0,0.06783606914108303,0.0,0.0,True
-22.0,0.0752323268712176,0.0,0.0,True
-22.0,0.08343500851569784,0.0,0.0,True
-22.0,0.09253203955702538,0.0,0.0,True
-22.0,0.10262093211115302,0.0,0.0,True
-22.0,0.11380983017100621,0.0,0.0,True
-22.0,0.12621866881430865,0.0,0.0,True
-22.0,0.1399804598013949,0.0,0.0,True
-22.0,0.15524271734347939,0.0017352389748204189,88.00706351488692,True
-22.0,0.17216903932435343,0.4081357841771549,90.20329011335524,True
-22.0,0.1909408609248092,2.4183021790061154,92.65865367720357,True
-22.0,0.21175939944708896,6.852719384808559,95.40379258993127,True
-22.0,0.23484781118615636,16.687429819711006,98.47250950131482,True
-22.0,0.2604535834675404,100.0,100.0,False
-22.0,0.28885118749227573,100.0,100.0,False
-22.0,0.3203450204250925,100.0,100.0,False
-22.0,0.35527266826243264,100.0,100.0,False
-22.0,0.3940085244553465,100.0,100.0,False
-22.0,0.43696780307570626,100.0,100.0,False
-22.0,0.4846109895433208,100.0,100.0,False
-22.0,0.5374487766218056,100.0,100.0,False
-22.0,0.5960475385927138,100.0,100.0,False
-22.0,0.6610354022862212,100.0,100.0,False
-22.0,0.733108980044444,100.0,100.0,False
-22.0,0.8130408367887928,100.0,100.0,False
-22.0,0.9016877712317013,100.0,100.0,False
-22.0,1.0,100.0,100.0,False
-21.0,0.0001,0.0,0.0,True
-21.0,0.00011090313431155938,0.0,0.0,True
-21.0,0.0001229950520012778,0.0,0.0,True
-21.0,0.0001364053677175493,0.0,0.0,True
-21.0,0.00015127782816797016,0.0,0.0,True
-21.0,0.00016777185295673396,0.0,0.0,True
-21.0,0.00018606424342159842,0.0,0.0,True
-21.0,0.0002063510777876421,0.0,0.0,True
-21.0,0.0002288498129521791,0.0,0.0,True
-21.0,0.0002538016154301076,0.0,0.0,True
-21.0,0.00028147394644535966,0.0,0.0,True
-21.0,0.00031216342887834366,0.0,0.0,True
-21.0,0.0003461990268005186,0.0,0.0,True
-21.0,0.00038394557167789064,0.0,0.0,True
-21.0,0.00042580767304121515,0.0,0.0,True
-21.0,0.0004722340555418245,0.0,0.0,True
-21.0,0.0005237223688824735,0.0,0.0,True
-21.0,0.0005808245221814102,0.0,0.0,True
-21.0,0.0006441525999493224,0.0,0.0,True
-21.0,0.0007143854230931981,0.0,0.0,True
-21.0,0.0007922758252752512,0.0,0.0,True
-21.0,0.0008786587226230274,0.0,0.0,True
-21.0,0.0009744600632908472,0.0,0.0,True
-21.0,0.0010807067528039549,0.0,0.0,True
-21.0,0.001198537661576262,0.0,0.0,True
-21.0,0.001329215832592545,0.0,0.0,True
-21.0,0.0014741420201106225,0.0,0.0,True
-21.0,0.001634869704506417,0.0,0.0,True
-21.0,0.0018131217442077456,0.0,0.0,True
-21.0,0.0020108088432108043,0.0,0.0,True
-21.0,0.0022300500321347895,0.0,0.0,True
-21.0,0.002473195382353419,0.0,0.0,True
-21.0,0.002742851196678697,0.0,0.0,True
-21.0,0.0030419079466187894,0.0,0.0,True
-21.0,0.003373571255672634,0.0,0.0,True
-21.0,0.0037413962607747778,0.0,0.0,True
-21.0,0.004149325720214712,0.0,0.0,True
-21.0,0.004601732276513801,0.0,0.0,True
-21.0,0.005103465327280476,0.0,0.0,True
-21.0,0.005659903006457729,0.0,0.0,True
-21.0,0.006277009833155804,0.0,0.0,True
-21.0,0.00696140064601457,0.0,0.0,True
-21.0,0.007720411508415302,0.0,0.0,True
-21.0,0.008562178344582902,0.0,0.0,True
-21.0,0.009495724149488028,0.0,0.0,True
-21.0,0.010531055707361887,0.0,0.0,True
-21.0,0.011679270855560683,0.0,0.0,True
-21.0,0.012952677443553275,0.0,0.0,True
-21.0,0.014364925262166945,0.0,0.0,True
-21.0,0.01593115235725613,0.0,0.0,True
-21.0,0.017668147296146925,0.0,0.0,True
-21.0,0.019594529126209955,0.0,0.0,True
-21.0,0.02173094695455825,0.0,0.0,True
-21.0,0.02410030128818746,0.0,0.0,True
-21.0,0.02672798950712899,0.0,0.0,True
-21.0,0.02964217810187076,0.0,0.0,True
-21.0,0.032874104593189374,0.0,0.0,True
-21.0,0.03645841237070733,0.0,0.0,True
-21.0,0.040433522039347726,0.0,0.0,True
-21.0,0.04484204325419173,0.0,0.0,True
-21.0,0.04973123145824381,0.0,0.0,True
-21.0,0.05515349441892861,0.0,0.0,True
-21.0,0.061166953992942745,0.0,0.0,True
-21.0,0.06783606914108303,0.0,0.0,True
-21.0,0.0752323268712176,0.0,0.0,True
-21.0,0.08343500851569784,0.0,0.0,True
-21.0,0.09253203955702538,0.0,0.0,True
-21.0,0.10262093211115302,0.0,0.0,True
-21.0,0.11380983017100621,0.0,0.0,True
-21.0,0.12621866881430865,0.0,0.0,True
-21.0,0.1399804598013949,4.440892098500626e-14,87.36665972662261,True
-21.0,0.15524271734347939,0.018778853880041524,89.32788755183914,True
-21.0,0.17216903932435343,0.8809208738490781,91.51965128075149,True
-21.0,0.1909408609248092,3.4970522035300267,93.96937471326976,True
-21.0,0.21175939944708896,9.247198187887417,96.70746148613776,True
-21.0,0.23484781118615636,22.4522992608849,99.76744919373066,True
-21.0,0.2604535834675404,100.0,100.0,False
-21.0,0.28885118749227573,100.0,100.0,False
-21.0,0.3203450204250925,100.0,100.0,False
-21.0,0.35527266826243264,100.0,100.0,False
-21.0,0.3940085244553465,100.0,100.0,False
-21.0,0.43696780307570626,100.0,100.0,False
-21.0,0.4846109895433208,100.0,100.0,False
-21.0,0.5374487766218056,100.0,100.0,False
-21.0,0.5960475385927138,100.0,100.0,False
-21.0,0.6610354022862212,100.0,100.0,False
-21.0,0.733108980044444,100.0,100.0,False
-21.0,0.8130408367887928,100.0,100.0,False
-21.0,0.9016877712317013,100.0,100.0,False
-21.0,1.0,100.0,100.0,False
-20.0,0.0001,0.0,0.0,True
-20.0,0.00011090313431155938,0.0,0.0,True
-20.0,0.0001229950520012778,0.0,0.0,True
-20.0,0.0001364053677175493,0.0,0.0,True
-20.0,0.00015127782816797016,0.0,0.0,True
-20.0,0.00016777185295673396,0.0,0.0,True
-20.0,0.00018606424342159842,0.0,0.0,True
-20.0,0.0002063510777876421,0.0,0.0,True
-20.0,0.0002288498129521791,0.0,0.0,True
-20.0,0.0002538016154301076,0.0,0.0,True
-20.0,0.00028147394644535966,0.0,0.0,True
-20.0,0.00031216342887834366,0.0,0.0,True
-20.0,0.0003461990268005186,0.0,0.0,True
-20.0,0.00038394557167789064,0.0,0.0,True
-20.0,0.00042580767304121515,0.0,0.0,True
-20.0,0.0004722340555418245,0.0,0.0,True
-20.0,0.0005237223688824735,0.0,0.0,True
-20.0,0.0005808245221814102,0.0,0.0,True
-20.0,0.0006441525999493224,0.0,0.0,True
-20.0,0.0007143854230931981,0.0,0.0,True
-20.0,0.0007922758252752512,0.0,0.0,True
-20.0,0.0008786587226230274,0.0,0.0,True
-20.0,0.0009744600632908472,0.0,0.0,True
-20.0,0.0010807067528039549,0.0,0.0,True
-20.0,0.001198537661576262,0.0,0.0,True
-20.0,0.001329215832592545,0.0,0.0,True
-20.0,0.0014741420201106225,0.0,0.0,True
-20.0,0.001634869704506417,0.0,0.0,True
-20.0,0.0018131217442077456,0.0,0.0,True
-20.0,0.0020108088432108043,0.0,0.0,True
-20.0,0.0022300500321347895,0.0,0.0,True
-20.0,0.002473195382353419,0.0,0.0,True
-20.0,0.002742851196678697,0.0,0.0,True
-20.0,0.0030419079466187894,0.0,0.0,True
-20.0,0.003373571255672634,0.0,0.0,True
-20.0,0.0037413962607747778,0.0,0.0,True
-20.0,0.004149325720214712,0.0,0.0,True
-20.0,0.004601732276513801,0.0,0.0,True
-20.0,0.005103465327280476,0.0,0.0,True
-20.0,0.005659903006457729,0.0,0.0,True
-20.0,0.006277009833155804,0.0,0.0,True
-20.0,0.00696140064601457,0.0,0.0,True
-20.0,0.007720411508415302,0.0,0.0,True
-20.0,0.008562178344582902,0.0,0.0,True
-20.0,0.009495724149488028,0.0,0.0,True
-20.0,0.010531055707361887,0.0,0.0,True
-20.0,0.011679270855560683,0.0,0.0,True
-20.0,0.012952677443553275,0.0,0.0,True
-20.0,0.014364925262166945,0.0,0.0,True
-20.0,0.01593115235725613,0.0,0.0,True
-20.0,0.017668147296146925,0.0,0.0,True
-20.0,0.019594529126209955,0.0,0.0,True
-20.0,0.02173094695455825,0.0,0.0,True
-20.0,0.02410030128818746,0.0,0.0,True
-20.0,0.02672798950712899,0.0,0.0,True
-20.0,0.02964217810187076,0.0,0.0,True
-20.0,0.032874104593189374,0.0,0.0,True
-20.0,0.03645841237070733,0.0,0.0,True
-20.0,0.040433522039347726,0.0,0.0,True
-20.0,0.04484204325419173,0.0,0.0,True
-20.0,0.04973123145824381,0.0,0.0,True
-20.0,0.05515349441892861,0.0,0.0,True
-20.0,0.061166953992942745,0.0,0.0,True
-20.0,0.06783606914108303,0.0,0.0,True
-20.0,0.0752323268712176,0.0,0.0,True
-20.0,0.08343500851569784,0.0,0.0,True
-20.0,0.09253203955702538,0.0,0.0,True
-20.0,0.10262093211115302,0.0,0.0,True
-20.0,0.11380983017100621,0.0,0.0,True
-20.0,0.12621866881430865,0.0,0.0,True
-20.0,0.1399804598013949,3.8043065453408076e-05,88.69865257584493,True
-20.0,0.15524271734347939,0.1467240899600375,90.65637262538702,True
-20.0,0.17216903932435343,1.5604278786877313,92.84366727356912,True
-20.0,0.1909408609248092,5.00772525849531,95.28775929673203,True
-20.0,0.21175939944708896,12.621047758811965,98.01882153302117,True
-20.0,0.23484781118615636,100.0,100.0,False
-20.0,0.2604535834675404,100.0,100.0,False
-20.0,0.28885118749227573,100.0,100.0,False
-20.0,0.3203450204250925,100.0,100.0,False
-20.0,0.35527266826243264,100.0,100.0,False
-20.0,0.3940085244553465,100.0,100.0,False
-20.0,0.43696780307570626,100.0,100.0,False
-20.0,0.4846109895433208,100.0,100.0,False
-20.0,0.5374487766218056,100.0,100.0,False
-20.0,0.5960475385927138,100.0,100.0,False
-20.0,0.6610354022862212,100.0,100.0,False
-20.0,0.733108980044444,100.0,100.0,False
-20.0,0.8130408367887928,100.0,100.0,False
-20.0,0.9016877712317013,100.0,100.0,False
-20.0,1.0,100.0,100.0,False
-19.0,0.0001,0.0,0.0,True
-19.0,0.00011090313431155938,0.0,0.0,True
-19.0,0.0001229950520012778,0.0,0.0,True
-19.0,0.0001364053677175493,0.0,0.0,True
-19.0,0.00015127782816797016,0.0,0.0,True
-19.0,0.00016777185295673396,0.0,0.0,True
-19.0,0.00018606424342159842,0.0,0.0,True
-19.0,0.0002063510777876421,0.0,0.0,True
-19.0,0.0002288498129521791,0.0,0.0,True
-19.0,0.0002538016154301076,0.0,0.0,True
-19.0,0.00028147394644535966,0.0,0.0,True
-19.0,0.00031216342887834366,0.0,0.0,True
-19.0,0.0003461990268005186,0.0,0.0,True
-19.0,0.00038394557167789064,0.0,0.0,True
-19.0,0.00042580767304121515,0.0,0.0,True
-19.0,0.0004722340555418245,0.0,0.0,True
-19.0,0.0005237223688824735,0.0,0.0,True
-19.0,0.0005808245221814102,0.0,0.0,True
-19.0,0.0006441525999493224,0.0,0.0,True
-19.0,0.0007143854230931981,0.0,0.0,True
-19.0,0.0007922758252752512,0.0,0.0,True
-19.0,0.0008786587226230274,0.0,0.0,True
-19.0,0.0009744600632908472,0.0,0.0,True
-19.0,0.0010807067528039549,0.0,0.0,True
-19.0,0.001198537661576262,0.0,0.0,True
-19.0,0.001329215832592545,0.0,0.0,True
-19.0,0.0014741420201106225,0.0,0.0,True
-19.0,0.001634869704506417,0.0,0.0,True
-19.0,0.0018131217442077456,0.0,0.0,True
-19.0,0.0020108088432108043,0.0,0.0,True
-19.0,0.0022300500321347895,0.0,0.0,True
-19.0,0.002473195382353419,0.0,0.0,True
-19.0,0.002742851196678697,0.0,0.0,True
-19.0,0.0030419079466187894,0.0,0.0,True
-19.0,0.003373571255672634,0.0,0.0,True
-19.0,0.0037413962607747778,0.0,0.0,True
-19.0,0.004149325720214712,0.0,0.0,True
-19.0,0.004601732276513801,0.0,0.0,True
-19.0,0.005103465327280476,0.0,0.0,True
-19.0,0.005659903006457729,0.0,0.0,True
-19.0,0.006277009833155804,0.0,0.0,True
-19.0,0.00696140064601457,0.0,0.0,True
-19.0,0.007720411508415302,0.0,0.0,True
-19.0,0.008562178344582902,0.0,0.0,True
-19.0,0.009495724149488028,0.0,0.0,True
-19.0,0.010531055707361887,0.0,0.0,True
-19.0,0.011679270855560683,0.0,0.0,True
-19.0,0.012952677443553275,0.0,0.0,True
-19.0,0.014364925262166945,0.0,0.0,True
-19.0,0.01593115235725613,0.0,0.0,True
-19.0,0.017668147296146925,0.0,0.0,True
-19.0,0.019594529126209955,0.0,0.0,True
-19.0,0.02173094695455825,0.0,0.0,True
-19.0,0.02410030128818746,0.0,0.0,True
-19.0,0.02672798950712899,0.0,0.0,True
-19.0,0.02964217810187076,0.0,0.0,True
-19.0,0.032874104593189374,0.0,0.0,True
-19.0,0.03645841237070733,0.0,0.0,True
-19.0,0.040433522039347726,0.0,0.0,True
-19.0,0.04484204325419173,0.0,0.0,True
-19.0,0.04973123145824381,0.0,0.0,True
-19.0,0.05515349441892861,0.0,0.0,True
-19.0,0.061166953992942745,0.0,0.0,True
-19.0,0.06783606914108303,0.0,0.0,True
-19.0,0.0752323268712176,0.0,0.0,True
-19.0,0.08343500851569784,0.0,0.0,True
-19.0,0.09253203955702538,0.0,0.0,True
-19.0,0.10262093211115302,0.0,0.0,True
-19.0,0.11380983017100621,0.0,0.0,True
-19.0,0.12621866881430865,0.0,88.28841077134513,True
-19.0,0.1399804598013949,0.006006007486369924,90.03827592935413,True
-19.0,0.15524271734347939,0.5026530022762543,91.99246971171922,True
-19.0,0.17216903932435343,2.52235185494607,94.1752878666819,True
-19.0,0.1909408609248092,7.096571470827695,96.61375552940423,True
-19.0,0.21175939944708896,17.68328253924696,99.33781858909371,True
-19.0,0.23484781118615636,100.0,100.0,False
-19.0,0.2604535834675404,100.0,100.0,False
-19.0,0.28885118749227573,100.0,100.0,False
-19.0,0.3203450204250925,100.0,100.0,False
-19.0,0.35527266826243264,100.0,100.0,False
-19.0,0.3940085244553465,100.0,100.0,False
-19.0,0.43696780307570626,100.0,100.0,False
-19.0,0.4846109895433208,100.0,100.0,False
-19.0,0.5374487766218056,100.0,100.0,False
-19.0,0.5960475385927138,100.0,100.0,False
-19.0,0.6610354022862212,100.0,100.0,False
-19.0,0.733108980044444,100.0,100.0,False
-19.0,0.8130408367887928,100.0,100.0,False
-19.0,0.9016877712317013,100.0,100.0,False
-19.0,1.0,100.0,100.0,False
-18.0,0.0001,0.0,0.0,True
-18.0,0.00011090313431155938,0.0,0.0,True
-18.0,0.0001229950520012778,0.0,0.0,True
-18.0,0.0001364053677175493,0.0,0.0,True
-18.0,0.00015127782816797016,0.0,0.0,True
-18.0,0.00016777185295673396,0.0,0.0,True
-18.0,0.00018606424342159842,0.0,0.0,True
-18.0,0.0002063510777876421,0.0,0.0,True
-18.0,0.0002288498129521791,0.0,0.0,True
-18.0,0.0002538016154301076,0.0,0.0,True
-18.0,0.00028147394644535966,0.0,0.0,True
-18.0,0.00031216342887834366,0.0,0.0,True
-18.0,0.0003461990268005186,0.0,0.0,True
-18.0,0.00038394557167789064,0.0,0.0,True
-18.0,0.00042580767304121515,0.0,0.0,True
-18.0,0.0004722340555418245,0.0,0.0,True
-18.0,0.0005237223688824735,0.0,0.0,True
-18.0,0.0005808245221814102,0.0,0.0,True
-18.0,0.0006441525999493224,0.0,0.0,True
-18.0,0.0007143854230931981,0.0,0.0,True
-18.0,0.0007922758252752512,0.0,0.0,True
-18.0,0.0008786587226230274,0.0,0.0,True
-18.0,0.0009744600632908472,0.0,0.0,True
-18.0,0.0010807067528039549,0.0,0.0,True
-18.0,0.001198537661576262,0.0,0.0,True
-18.0,0.001329215832592545,0.0,0.0,True
-18.0,0.0014741420201106225,0.0,0.0,True
-18.0,0.001634869704506417,0.0,0.0,True
-18.0,0.0018131217442077456,0.0,0.0,True
-18.0,0.0020108088432108043,0.0,0.0,True
-18.0,0.0022300500321347895,0.0,0.0,True
-18.0,0.002473195382353419,0.0,0.0,True
-18.0,0.002742851196678697,0.0,0.0,True
-18.0,0.0030419079466187894,0.0,0.0,True
-18.0,0.003373571255672634,0.0,0.0,True
-18.0,0.0037413962607747778,0.0,0.0,True
-18.0,0.004149325720214712,0.0,0.0,True
-18.0,0.004601732276513801,0.0,0.0,True
-18.0,0.005103465327280476,0.0,0.0,True
-18.0,0.005659903006457729,0.0,0.0,True
-18.0,0.006277009833155804,0.0,0.0,True
-18.0,0.00696140064601457,0.0,0.0,True
-18.0,0.007720411508415302,0.0,0.0,True
-18.0,0.008562178344582902,0.0,0.0,True
-18.0,0.009495724149488028,0.0,0.0,True
-18.0,0.010531055707361887,0.0,0.0,True
-18.0,0.011679270855560683,0.0,0.0,True
-18.0,0.012952677443553275,0.0,0.0,True
-18.0,0.014364925262166945,0.0,0.0,True
-18.0,0.01593115235725613,0.0,0.0,True
-18.0,0.017668147296146925,0.0,0.0,True
-18.0,0.019594529126209955,0.0,0.0,True
-18.0,0.02173094695455825,0.0,0.0,True
-18.0,0.02410030128818746,0.0,0.0,True
-18.0,0.02672798950712899,0.0,0.0,True
-18.0,0.02964217810187076,0.0,0.0,True
-18.0,0.032874104593189374,0.0,0.0,True
-18.0,0.03645841237070733,0.0,0.0,True
-18.0,0.040433522039347726,0.0,0.0,True
-18.0,0.04484204325419173,0.0,0.0,True
-18.0,0.04973123145824381,0.0,0.0,True
-18.0,0.05515349441892861,0.0,0.0,True
-18.0,0.061166953992942745,0.0,0.0,True
-18.0,0.06783606914108303,0.0,0.0,True
-18.0,0.0752323268712176,0.0,0.0,True
-18.0,0.08343500851569784,0.0,0.0,True
-18.0,0.09253203955702538,0.0,0.0,True
-18.0,0.10262093211115302,0.0,0.0,True
-18.0,0.11380983017100621,0.0,0.0,True
-18.0,0.12621866881430865,5.946730219363872e-07,89.63839077101959,True
-18.0,0.1399804598013949,0.048104850940866584,91.385482910465,True
-18.0,0.15524271734347939,1.0882425963222975,93.33613117236521,True
-18.0,0.17216903932435343,3.903371989447768,95.51446429041643,True
-18.0,0.1909408609248092,10.215190921825968,97.94731305272194,True
-18.0,0.21175939944708896,100.0,100.0,False
-18.0,0.23484781118615636,100.0,100.0,False
-18.0,0.2604535834675404,100.0,100.0,False
-18.0,0.28885118749227573,100.0,100.0,False
-18.0,0.3203450204250925,100.0,100.0,False
-18.0,0.35527266826243264,100.0,100.0,False
-18.0,0.3940085244553465,100.0,100.0,False
-18.0,0.43696780307570626,100.0,100.0,False
-18.0,0.4846109895433208,100.0,100.0,False
-18.0,0.5374487766218056,100.0,100.0,False
-18.0,0.5960475385927138,100.0,100.0,False
-18.0,0.6610354022862212,100.0,100.0,False
-18.0,0.733108980044444,100.0,100.0,False
-18.0,0.8130408367887928,100.0,100.0,False
-18.0,0.9016877712317013,100.0,100.0,False
-18.0,1.0,100.0,100.0,False
-17.0,0.0001,0.0,0.0,True
-17.0,0.00011090313431155938,0.0,0.0,True
-17.0,0.0001229950520012778,0.0,0.0,True
-17.0,0.0001364053677175493,0.0,0.0,True
-17.0,0.00015127782816797016,0.0,0.0,True
-17.0,0.00016777185295673396,0.0,0.0,True
-17.0,0.00018606424342159842,0.0,0.0,True
-17.0,0.0002063510777876421,0.0,0.0,True
-17.0,0.0002288498129521791,0.0,0.0,True
-17.0,0.0002538016154301076,0.0,0.0,True
-17.0,0.00028147394644535966,0.0,0.0,True
-17.0,0.00031216342887834366,0.0,0.0,True
-17.0,0.0003461990268005186,0.0,0.0,True
-17.0,0.00038394557167789064,0.0,0.0,True
-17.0,0.00042580767304121515,0.0,0.0,True
-17.0,0.0004722340555418245,0.0,0.0,True
-17.0,0.0005237223688824735,0.0,0.0,True
-17.0,0.0005808245221814102,0.0,0.0,True
-17.0,0.0006441525999493224,0.0,0.0,True
-17.0,0.0007143854230931981,0.0,0.0,True
-17.0,0.0007922758252752512,0.0,0.0,True
-17.0,0.0008786587226230274,0.0,0.0,True
-17.0,0.0009744600632908472,0.0,0.0,True
-17.0,0.0010807067528039549,0.0,0.0,True
-17.0,0.001198537661576262,0.0,0.0,True
-17.0,0.001329215832592545,0.0,0.0,True
-17.0,0.0014741420201106225,0.0,0.0,True
-17.0,0.001634869704506417,0.0,0.0,True
-17.0,0.0018131217442077456,0.0,0.0,True
-17.0,0.0020108088432108043,0.0,0.0,True
-17.0,0.0022300500321347895,0.0,0.0,True
-17.0,0.002473195382353419,0.0,0.0,True
-17.0,0.002742851196678697,0.0,0.0,True
-17.0,0.0030419079466187894,0.0,0.0,True
-17.0,0.003373571255672634,0.0,0.0,True
-17.0,0.0037413962607747778,0.0,0.0,True
-17.0,0.004149325720214712,0.0,0.0,True
-17.0,0.004601732276513801,0.0,0.0,True
-17.0,0.005103465327280476,0.0,0.0,True
-17.0,0.005659903006457729,0.0,0.0,True
-17.0,0.006277009833155804,0.0,0.0,True
-17.0,0.00696140064601457,0.0,0.0,True
-17.0,0.007720411508415302,0.0,0.0,True
-17.0,0.008562178344582902,0.0,0.0,True
-17.0,0.009495724149488028,0.0,0.0,True
-17.0,0.010531055707361887,0.0,0.0,True
-17.0,0.011679270855560683,0.0,0.0,True
-17.0,0.012952677443553275,0.0,0.0,True
-17.0,0.014364925262166945,0.0,0.0,True
-17.0,0.01593115235725613,0.0,0.0,True
-17.0,0.017668147296146925,0.0,0.0,True
-17.0,0.019594529126209955,0.0,0.0,True
-17.0,0.02173094695455825,0.0,0.0,True
-17.0,0.02410030128818746,0.0,0.0,True
-17.0,0.02672798950712899,0.0,0.0,True
-17.0,0.02964217810187076,0.0,0.0,True
-17.0,0.032874104593189374,0.0,0.0,True
-17.0,0.03645841237070733,0.0,0.0,True
-17.0,0.040433522039347726,0.0,0.0,True
-17.0,0.04484204325419173,0.0,0.0,True
-17.0,0.04973123145824381,0.0,0.0,True
-17.0,0.05515349441892861,0.0,0.0,True
-17.0,0.061166953992942745,0.0,0.0,True
-17.0,0.06783606914108303,0.0,0.0,True
-17.0,0.0752323268712176,0.0,0.0,True
-17.0,0.08343500851569784,0.0,0.0,True
-17.0,0.09253203955702538,0.0,0.0,True
-17.0,0.10262093211115302,0.0,0.0,True
-17.0,0.11380983017100621,0.0,89.43294002860014,True
-17.0,0.12621866881430865,0.0026614311744443953,90.99593636459524,True
-17.0,0.1399804598013949,0.33884042204741505,92.74022791030895,True
-17.0,0.15524271734347939,1.9946985310860033,94.68731069234543,True
-17.0,0.17216903932435343,5.932951166411882,96.86114916571074,True
-17.0,0.1909408609248092,15.147513598078577,99.2883829795901,True
-17.0,0.21175939944708896,100.0,100.0,False
-17.0,0.23484781118615636,100.0,100.0,False
-17.0,0.2604535834675404,100.0,100.0,False
-17.0,0.28885118749227573,100.0,100.0,False
-17.0,0.3203450204250925,100.0,100.0,False
-17.0,0.35527266826243264,100.0,100.0,False
-17.0,0.3940085244553465,100.0,100.0,False
-17.0,0.43696780307570626,100.0,100.0,False
-17.0,0.4846109895433208,100.0,100.0,False
-17.0,0.5374487766218056,100.0,100.0,False
-17.0,0.5960475385927138,100.0,100.0,False
-17.0,0.6610354022862212,100.0,100.0,False
-17.0,0.733108980044444,100.0,100.0,False
-17.0,0.8130408367887928,100.0,100.0,False
-17.0,0.9016877712317013,100.0,100.0,False
-17.0,1.0,100.0,100.0,False
-16.0,0.0001,0.0,0.0,True
-16.0,0.00011090313431155938,0.0,0.0,True
-16.0,0.0001229950520012778,0.0,0.0,True
-16.0,0.0001364053677175493,0.0,0.0,True
-16.0,0.00015127782816797016,0.0,0.0,True
-16.0,0.00016777185295673396,0.0,0.0,True
-16.0,0.00018606424342159842,0.0,0.0,True
-16.0,0.0002063510777876421,0.0,0.0,True
-16.0,0.0002288498129521791,0.0,0.0,True
-16.0,0.0002538016154301076,0.0,0.0,True
-16.0,0.00028147394644535966,0.0,0.0,True
-16.0,0.00031216342887834366,0.0,0.0,True
-16.0,0.0003461990268005186,0.0,0.0,True
-16.0,0.00038394557167789064,0.0,0.0,True
-16.0,0.00042580767304121515,0.0,0.0,True
-16.0,0.0004722340555418245,0.0,0.0,True
-16.0,0.0005237223688824735,0.0,0.0,True
-16.0,0.0005808245221814102,0.0,0.0,True
-16.0,0.0006441525999493224,0.0,0.0,True
-16.0,0.0007143854230931981,0.0,0.0,True
-16.0,0.0007922758252752512,0.0,0.0,True
-16.0,0.0008786587226230274,0.0,0.0,True
-16.0,0.0009744600632908472,0.0,0.0,True
-16.0,0.0010807067528039549,0.0,0.0,True
-16.0,0.001198537661576262,0.0,0.0,True
-16.0,0.001329215832592545,0.0,0.0,True
-16.0,0.0014741420201106225,0.0,0.0,True
-16.0,0.001634869704506417,0.0,0.0,True
-16.0,0.0018131217442077456,0.0,0.0,True
-16.0,0.0020108088432108043,0.0,0.0,True
-16.0,0.0022300500321347895,0.0,0.0,True
-16.0,0.002473195382353419,0.0,0.0,True
-16.0,0.002742851196678697,0.0,0.0,True
-16.0,0.0030419079466187894,0.0,0.0,True
-16.0,0.003373571255672634,0.0,0.0,True
-16.0,0.0037413962607747778,0.0,0.0,True
-16.0,0.004149325720214712,0.0,0.0,True
-16.0,0.004601732276513801,0.0,0.0,True
-16.0,0.005103465327280476,0.0,0.0,True
-16.0,0.005659903006457729,0.0,0.0,True
-16.0,0.006277009833155804,0.0,0.0,True
-16.0,0.00696140064601457,0.0,0.0,True
-16.0,0.007720411508415302,0.0,0.0,True
-16.0,0.008562178344582902,0.0,0.0,True
-16.0,0.009495724149488028,0.0,0.0,True
-16.0,0.010531055707361887,0.0,0.0,True
-16.0,0.011679270855560683,0.0,0.0,True
-16.0,0.012952677443553275,0.0,0.0,True
-16.0,0.014364925262166945,0.0,0.0,True
-16.0,0.01593115235725613,0.0,0.0,True
-16.0,0.017668147296146925,0.0,0.0,True
-16.0,0.019594529126209955,0.0,0.0,True
-16.0,0.02173094695455825,0.0,0.0,True
-16.0,0.02410030128818746,0.0,0.0,True
-16.0,0.02672798950712899,0.0,0.0,True
-16.0,0.02964217810187076,0.0,0.0,True
-16.0,0.032874104593189374,0.0,0.0,True
-16.0,0.03645841237070733,0.0,0.0,True
-16.0,0.040433522039347726,0.0,0.0,True
-16.0,0.04484204325419173,0.0,0.0,True
-16.0,0.04973123145824381,0.0,0.0,True
-16.0,0.05515349441892861,0.0,0.0,True
-16.0,0.061166953992942745,0.0,0.0,True
-16.0,0.06783606914108303,0.0,0.0,True
-16.0,0.0752323268712176,0.0,0.0,True
-16.0,0.08343500851569784,0.0,0.0,True
-16.0,0.09253203955702538,0.0,0.0,True
-16.0,0.10262093211115302,0.0,0.0,True
-16.0,0.11380983017100621,3.382082169878231e-07,90.80021563574805,True
-16.0,0.12621866881430865,0.028179491873947526,92.36100353466597,True
-16.0,0.1399804598013949,0.9024032719826547,94.102466531793,True
-16.0,0.15524271734347939,3.3992938409390216,96.04596322149439,True
-16.0,0.17216903932435343,9.13940321103006,98.2152964425333,True
-16.0,0.1909408609248092,100.0,100.0,False
-16.0,0.21175939944708896,100.0,100.0,False
-16.0,0.23484781118615636,100.0,100.0,False
-16.0,0.2604535834675404,100.0,100.0,False
-16.0,0.28885118749227573,100.0,100.0,False
-16.0,0.3203450204250925,100.0,100.0,False
-16.0,0.35527266826243264,100.0,100.0,False
-16.0,0.3940085244553465,100.0,100.0,False
-16.0,0.43696780307570626,100.0,100.0,False
-16.0,0.4846109895433208,100.0,100.0,False
-16.0,0.5374487766218056,100.0,100.0,False
-16.0,0.5960475385927138,100.0,100.0,False
-16.0,0.6610354022862212,100.0,100.0,False
-16.0,0.733108980044444,100.0,100.0,False
-16.0,0.8130408367887928,100.0,100.0,False
-16.0,0.9016877712317013,100.0,100.0,False
-16.0,1.0,100.0,100.0,False
-15.0,0.0001,0.0,0.0,True
-15.0,0.00011090313431155938,0.0,0.0,True
-15.0,0.0001229950520012778,0.0,0.0,True
-15.0,0.0001364053677175493,0.0,0.0,True
-15.0,0.00015127782816797016,0.0,0.0,True
-15.0,0.00016777185295673396,0.0,0.0,True
-15.0,0.00018606424342159842,0.0,0.0,True
-15.0,0.0002063510777876421,0.0,0.0,True
-15.0,0.0002288498129521791,0.0,0.0,True
-15.0,0.0002538016154301076,0.0,0.0,True
-15.0,0.00028147394644535966,0.0,0.0,True
-15.0,0.00031216342887834366,0.0,0.0,True
-15.0,0.0003461990268005186,0.0,0.0,True
-15.0,0.00038394557167789064,0.0,0.0,True
-15.0,0.00042580767304121515,0.0,0.0,True
-15.0,0.0004722340555418245,0.0,0.0,True
-15.0,0.0005237223688824735,0.0,0.0,True
-15.0,0.0005808245221814102,0.0,0.0,True
-15.0,0.0006441525999493224,0.0,0.0,True
-15.0,0.0007143854230931981,0.0,0.0,True
-15.0,0.0007922758252752512,0.0,0.0,True
-15.0,0.0008786587226230274,0.0,0.0,True
-15.0,0.0009744600632908472,0.0,0.0,True
-15.0,0.0010807067528039549,0.0,0.0,True
-15.0,0.001198537661576262,0.0,0.0,True
-15.0,0.001329215832592545,0.0,0.0,True
-15.0,0.0014741420201106225,0.0,0.0,True
-15.0,0.001634869704506417,0.0,0.0,True
-15.0,0.0018131217442077456,0.0,0.0,True
-15.0,0.0020108088432108043,0.0,0.0,True
-15.0,0.0022300500321347895,0.0,0.0,True
-15.0,0.002473195382353419,0.0,0.0,True
-15.0,0.002742851196678697,0.0,0.0,True
-15.0,0.0030419079466187894,0.0,0.0,True
-15.0,0.003373571255672634,0.0,0.0,True
-15.0,0.0037413962607747778,0.0,0.0,True
-15.0,0.004149325720214712,0.0,0.0,True
-15.0,0.004601732276513801,0.0,0.0,True
-15.0,0.005103465327280476,0.0,0.0,True
-15.0,0.005659903006457729,0.0,0.0,True
-15.0,0.006277009833155804,0.0,0.0,True
-15.0,0.00696140064601457,0.0,0.0,True
-15.0,0.007720411508415302,0.0,0.0,True
-15.0,0.008562178344582902,0.0,0.0,True
-15.0,0.009495724149488028,0.0,0.0,True
-15.0,0.010531055707361887,0.0,0.0,True
-15.0,0.011679270855560683,0.0,0.0,True
-15.0,0.012952677443553275,0.0,0.0,True
-15.0,0.014364925262166945,0.0,0.0,True
-15.0,0.01593115235725613,0.0,0.0,True
-15.0,0.017668147296146925,0.0,0.0,True
-15.0,0.019594529126209955,0.0,0.0,True
-15.0,0.02173094695455825,0.0,0.0,True
-15.0,0.02410030128818746,0.0,0.0,True
-15.0,0.02672798950712899,0.0,0.0,True
-15.0,0.02964217810187076,0.0,0.0,True
-15.0,0.032874104593189374,0.0,0.0,True
-15.0,0.03645841237070733,0.0,0.0,True
-15.0,0.040433522039347726,0.0,0.0,True
-15.0,0.04484204325419173,0.0,0.0,True
-15.0,0.04973123145824381,0.0,0.0,True
-15.0,0.05515349441892861,0.0,0.0,True
-15.0,0.061166953992942745,0.0,0.0,True
-15.0,0.06783606914108303,0.0,0.0,True
-15.0,0.0752323268712176,0.0,0.0,True
-15.0,0.08343500851569784,0.0,0.0,True
-15.0,0.09253203955702538,0.0,0.0,True
-15.0,0.10262093211115302,0.0,90.77750629589723,True
-15.0,0.11380983017100621,0.003036880909901285,92.17500313406039,True
-15.0,0.12621866881430865,0.3155775217904999,93.73354938089746,True
-15.0,0.1399804598013949,1.8563486389301387,95.47215553646488,True
-15.0,0.15524271734347939,5.599369730036785,97.41204491878585,True
-15.0,0.17216903932435343,14.500360103051468,99.576861341393,True
-15.0,0.1909408609248092,100.0,100.0,False
-15.0,0.21175939944708896,100.0,100.0,False
-15.0,0.23484781118615636,100.0,100.0,False
-15.0,0.2604535834675404,100.0,100.0,False
-15.0,0.28885118749227573,100.0,100.0,False
-15.0,0.3203450204250925,100.0,100.0,False
-15.0,0.35527266826243264,100.0,100.0,False
-15.0,0.3940085244553465,100.0,100.0,False
-15.0,0.43696780307570626,100.0,100.0,False
-15.0,0.4846109895433208,100.0,100.0,False
-15.0,0.5374487766218056,100.0,100.0,False
-15.0,0.5960475385927138,100.0,100.0,False
-15.0,0.6610354022862212,100.0,100.0,False
-15.0,0.733108980044444,100.0,100.0,False
-15.0,0.8130408367887928,100.0,100.0,False
-15.0,0.9016877712317013,100.0,100.0,False
-15.0,1.0,100.0,100.0,False
-14.0,0.0001,0.0,0.0,True
-14.0,0.00011090313431155938,0.0,0.0,True
-14.0,0.0001229950520012778,0.0,0.0,True
-14.0,0.0001364053677175493,0.0,0.0,True
-14.0,0.00015127782816797016,0.0,0.0,True
-14.0,0.00016777185295673396,0.0,0.0,True
-14.0,0.00018606424342159842,0.0,0.0,True
-14.0,0.0002063510777876421,0.0,0.0,True
-14.0,0.0002288498129521791,0.0,0.0,True
-14.0,0.0002538016154301076,0.0,0.0,True
-14.0,0.00028147394644535966,0.0,0.0,True
-14.0,0.00031216342887834366,0.0,0.0,True
-14.0,0.0003461990268005186,0.0,0.0,True
-14.0,0.00038394557167789064,0.0,0.0,True
-14.0,0.00042580767304121515,0.0,0.0,True
-14.0,0.0004722340555418245,0.0,0.0,True
-14.0,0.0005237223688824735,0.0,0.0,True
-14.0,0.0005808245221814102,0.0,0.0,True
-14.0,0.0006441525999493224,0.0,0.0,True
-14.0,0.0007143854230931981,0.0,0.0,True
-14.0,0.0007922758252752512,0.0,0.0,True
-14.0,0.0008786587226230274,0.0,0.0,True
-14.0,0.0009744600632908472,0.0,0.0,True
-14.0,0.0010807067528039549,0.0,0.0,True
-14.0,0.001198537661576262,0.0,0.0,True
-14.0,0.001329215832592545,0.0,0.0,True
-14.0,0.0014741420201106225,0.0,0.0,True
-14.0,0.001634869704506417,0.0,0.0,True
-14.0,0.0018131217442077456,0.0,0.0,True
-14.0,0.0020108088432108043,0.0,0.0,True
-14.0,0.0022300500321347895,0.0,0.0,True
-14.0,0.002473195382353419,0.0,0.0,True
-14.0,0.002742851196678697,0.0,0.0,True
-14.0,0.0030419079466187894,0.0,0.0,True
-14.0,0.003373571255672634,0.0,0.0,True
-14.0,0.0037413962607747778,0.0,0.0,True
-14.0,0.004149325720214712,0.0,0.0,True
-14.0,0.004601732276513801,0.0,0.0,True
-14.0,0.005103465327280476,0.0,0.0,True
-14.0,0.005659903006457729,0.0,0.0,True
-14.0,0.006277009833155804,0.0,0.0,True
-14.0,0.00696140064601457,0.0,0.0,True
-14.0,0.007720411508415302,0.0,0.0,True
-14.0,0.008562178344582902,0.0,0.0,True
-14.0,0.009495724149488028,0.0,0.0,True
-14.0,0.010531055707361887,0.0,0.0,True
-14.0,0.011679270855560683,0.0,0.0,True
-14.0,0.012952677443553275,0.0,0.0,True
-14.0,0.014364925262166945,0.0,0.0,True
-14.0,0.01593115235725613,0.0,0.0,True
-14.0,0.017668147296146925,0.0,0.0,True
-14.0,0.019594529126209955,0.0,0.0,True
-14.0,0.02173094695455825,0.0,0.0,True
-14.0,0.02410030128818746,0.0,0.0,True
-14.0,0.02672798950712899,0.0,0.0,True
-14.0,0.02964217810187076,0.0,0.0,True
-14.0,0.032874104593189374,0.0,0.0,True
-14.0,0.03645841237070733,0.0,0.0,True
-14.0,0.040433522039347726,0.0,0.0,True
-14.0,0.04484204325419173,0.0,0.0,True
-14.0,0.04973123145824381,0.0,0.0,True
-14.0,0.05515349441892861,0.0,0.0,True
-14.0,0.061166953992942745,0.0,0.0,True
-14.0,0.06783606914108303,0.0,0.0,True
-14.0,0.0752323268712176,0.0,0.0,True
-14.0,0.08343500851569784,0.0,0.0,True
-14.0,0.09253203955702538,0.0,0.0,True
-14.0,0.10262093211115302,1.3208735860636978e-05,92.16154078405907,True
-14.0,0.11380983017100621,0.05647168184603757,93.55726079408583,True
-14.0,0.12621866881430865,0.943665292740592,95.1135320718569,True
-14.0,0.1399804598013949,3.4323769114121605,96.84925279412393,True
-14.0,0.15524271734347939,9.301568732513555,98.78551309949573,True
-14.0,0.17216903932435343,100.0,100.0,False
-14.0,0.1909408609248092,100.0,100.0,False
-14.0,0.21175939944708896,100.0,100.0,False
-14.0,0.23484781118615636,100.0,100.0,False
-14.0,0.2604535834675404,100.0,100.0,False
-14.0,0.28885118749227573,100.0,100.0,False
-14.0,0.3203450204250925,100.0,100.0,False
-14.0,0.35527266826243264,100.0,100.0,False
-14.0,0.3940085244553465,100.0,100.0,False
-14.0,0.43696780307570626,100.0,100.0,False
-14.0,0.4846109895433208,100.0,100.0,False
-14.0,0.5374487766218056,100.0,100.0,False
-14.0,0.5960475385927138,100.0,100.0,False
-14.0,0.6610354022862212,100.0,100.0,False
-14.0,0.733108980044444,100.0,100.0,False
-14.0,0.8130408367887928,100.0,100.0,False
-14.0,0.9016877712317013,100.0,100.0,False
-14.0,1.0,100.0,100.0,False
-13.0,0.0001,0.0,0.0,True
-13.0,0.00011090313431155938,0.0,0.0,True
-13.0,0.0001229950520012778,0.0,0.0,True
-13.0,0.0001364053677175493,0.0,0.0,True
-13.0,0.00015127782816797016,0.0,0.0,True
-13.0,0.00016777185295673396,0.0,0.0,True
-13.0,0.00018606424342159842,0.0,0.0,True
-13.0,0.0002063510777876421,0.0,0.0,True
-13.0,0.0002288498129521791,0.0,0.0,True
-13.0,0.0002538016154301076,0.0,0.0,True
-13.0,0.00028147394644535966,0.0,0.0,True
-13.0,0.00031216342887834366,0.0,0.0,True
-13.0,0.0003461990268005186,0.0,0.0,True
-13.0,0.00038394557167789064,0.0,0.0,True
-13.0,0.00042580767304121515,0.0,0.0,True
-13.0,0.0004722340555418245,0.0,0.0,True
-13.0,0.0005237223688824735,0.0,0.0,True
-13.0,0.0005808245221814102,0.0,0.0,True
-13.0,0.0006441525999493224,0.0,0.0,True
-13.0,0.0007143854230931981,0.0,0.0,True
-13.0,0.0007922758252752512,0.0,0.0,True
-13.0,0.0008786587226230274,0.0,0.0,True
-13.0,0.0009744600632908472,0.0,0.0,True
-13.0,0.0010807067528039549,0.0,0.0,True
-13.0,0.001198537661576262,0.0,0.0,True
-13.0,0.001329215832592545,0.0,0.0,True
-13.0,0.0014741420201106225,0.0,0.0,True
-13.0,0.001634869704506417,0.0,0.0,True
-13.0,0.0018131217442077456,0.0,0.0,True
-13.0,0.0020108088432108043,0.0,0.0,True
-13.0,0.0022300500321347895,0.0,0.0,True
-13.0,0.002473195382353419,0.0,0.0,True
-13.0,0.002742851196678697,0.0,0.0,True
-13.0,0.0030419079466187894,0.0,0.0,True
-13.0,0.003373571255672634,0.0,0.0,True
-13.0,0.0037413962607747778,0.0,0.0,True
-13.0,0.004149325720214712,0.0,0.0,True
-13.0,0.004601732276513801,0.0,0.0,True
-13.0,0.005103465327280476,0.0,0.0,True
-13.0,0.005659903006457729,0.0,0.0,True
-13.0,0.006277009833155804,0.0,0.0,True
-13.0,0.00696140064601457,0.0,0.0,True
-13.0,0.007720411508415302,0.0,0.0,True
-13.0,0.008562178344582902,0.0,0.0,True
-13.0,0.009495724149488028,0.0,0.0,True
-13.0,0.010531055707361887,0.0,0.0,True
-13.0,0.011679270855560683,0.0,0.0,True
-13.0,0.012952677443553275,0.0,0.0,True
-13.0,0.014364925262166945,0.0,0.0,True
-13.0,0.01593115235725613,0.0,0.0,True
-13.0,0.017668147296146925,0.0,0.0,True
-13.0,0.019594529126209955,0.0,0.0,True
-13.0,0.02173094695455825,0.0,0.0,True
-13.0,0.02410030128818746,0.0,0.0,True
-13.0,0.02672798950712899,0.0,0.0,True
-13.0,0.02964217810187076,0.0,0.0,True
-13.0,0.032874104593189374,0.0,0.0,True
-13.0,0.03645841237070733,0.0,0.0,True
-13.0,0.040433522039347726,0.0,0.0,True
-13.0,0.04484204325419173,0.0,0.0,True
-13.0,0.04973123145824381,0.0,0.0,True
-13.0,0.05515349441892861,0.0,0.0,True
-13.0,0.061166953992942745,0.0,0.0,True
-13.0,0.06783606914108303,0.0,0.0,True
-13.0,0.0752323268712176,0.0,0.0,True
-13.0,0.08343500851569784,0.0,0.0,True
-13.0,0.09253203955702538,5.88418203051333e-12,92.30237440192033,True
-13.0,0.10262093211115302,0.0075923385991494285,93.55304096059773,True
-13.0,0.11380983017100621,0.43222029503426906,94.94694787922651,True
-13.0,0.12621866881430865,2.102885537142485,96.50091079933924,True
-13.0,0.1399804598013949,6.167302618176285,98.23371723502493,True
-13.0,0.15524271734347939,28.42908486637996,100.0,False
-13.0,0.17216903932435343,100.0,100.0,False
-13.0,0.1909408609248092,100.0,100.0,False
-13.0,0.21175939944708896,100.0,100.0,False
-13.0,0.23484781118615636,100.0,100.0,False
-13.0,0.2604535834675404,100.0,100.0,False
-13.0,0.28885118749227573,100.0,100.0,False
-13.0,0.3203450204250925,100.0,100.0,False
-13.0,0.35527266826243264,100.0,100.0,False
-13.0,0.3940085244553465,100.0,100.0,False
-13.0,0.43696780307570626,100.0,100.0,False
-13.0,0.4846109895433208,100.0,100.0,False
-13.0,0.5374487766218056,100.0,100.0,False
-13.0,0.5960475385927138,100.0,100.0,False
-13.0,0.6610354022862212,100.0,100.0,False
-13.0,0.733108980044444,100.0,100.0,False
-13.0,0.8130408367887928,100.0,100.0,False
-13.0,0.9016877712317013,100.0,100.0,False
-13.0,1.0,100.0,100.0,False
-12.0,0.0001,0.0,0.0,True
-12.0,0.00011090313431155938,0.0,0.0,True
-12.0,0.0001229950520012778,0.0,0.0,True
-12.0,0.0001364053677175493,0.0,0.0,True
-12.0,0.00015127782816797016,0.0,0.0,True
-12.0,0.00016777185295673396,0.0,0.0,True
-12.0,0.00018606424342159842,0.0,0.0,True
-12.0,0.0002063510777876421,0.0,0.0,True
-12.0,0.0002288498129521791,0.0,0.0,True
-12.0,0.0002538016154301076,0.0,0.0,True
-12.0,0.00028147394644535966,0.0,0.0,True
-12.0,0.00031216342887834366,0.0,0.0,True
-12.0,0.0003461990268005186,0.0,0.0,True
-12.0,0.00038394557167789064,0.0,0.0,True
-12.0,0.00042580767304121515,0.0,0.0,True
-12.0,0.0004722340555418245,0.0,0.0,True
-12.0,0.0005237223688824735,0.0,0.0,True
-12.0,0.0005808245221814102,0.0,0.0,True
-12.0,0.0006441525999493224,0.0,0.0,True
-12.0,0.0007143854230931981,0.0,0.0,True
-12.0,0.0007922758252752512,0.0,0.0,True
-12.0,0.0008786587226230274,0.0,0.0,True
-12.0,0.0009744600632908472,0.0,0.0,True
-12.0,0.0010807067528039549,0.0,0.0,True
-12.0,0.001198537661576262,0.0,0.0,True
-12.0,0.001329215832592545,0.0,0.0,True
-12.0,0.0014741420201106225,0.0,0.0,True
-12.0,0.001634869704506417,0.0,0.0,True
-12.0,0.0018131217442077456,0.0,0.0,True
-12.0,0.0020108088432108043,0.0,0.0,True
-12.0,0.0022300500321347895,0.0,0.0,True
-12.0,0.002473195382353419,0.0,0.0,True
-12.0,0.002742851196678697,0.0,0.0,True
-12.0,0.0030419079466187894,0.0,0.0,True
-12.0,0.003373571255672634,0.0,0.0,True
-12.0,0.0037413962607747778,0.0,0.0,True
-12.0,0.004149325720214712,0.0,0.0,True
-12.0,0.004601732276513801,0.0,0.0,True
-12.0,0.005103465327280476,0.0,0.0,True
-12.0,0.005659903006457729,0.0,0.0,True
-12.0,0.006277009833155804,0.0,0.0,True
-12.0,0.00696140064601457,0.0,0.0,True
-12.0,0.007720411508415302,0.0,0.0,True
-12.0,0.008562178344582902,0.0,0.0,True
-12.0,0.009495724149488028,0.0,0.0,True
-12.0,0.010531055707361887,0.0,0.0,True
-12.0,0.011679270855560683,0.0,0.0,True
-12.0,0.012952677443553275,0.0,0.0,True
-12.0,0.014364925262166945,0.0,0.0,True
-12.0,0.01593115235725613,0.0,0.0,True
-12.0,0.017668147296146925,0.0,0.0,True
-12.0,0.019594529126209955,0.0,0.0,True
-12.0,0.02173094695455825,0.0,0.0,True
-12.0,0.02410030128818746,0.0,0.0,True
-12.0,0.02672798950712899,0.0,0.0,True
-12.0,0.02964217810187076,0.0,0.0,True
-12.0,0.032874104593189374,0.0,0.0,True
-12.0,0.03645841237070733,0.0,0.0,True
-12.0,0.040433522039347726,0.0,0.0,True
-12.0,0.04484204325419173,0.0,0.0,True
-12.0,0.04973123145824381,0.0,0.0,True
-12.0,0.05515349441892861,0.0,0.0,True
-12.0,0.061166953992942745,0.0,0.0,True
-12.0,0.06783606914108303,0.0,0.0,True
-12.0,0.0752323268712176,0.0,0.0,True
-12.0,0.08343500851569784,0.0,92.58141045598066,True
-12.0,0.09253203955702538,0.0010130583468992427,93.70274850851229,True
-12.0,0.10262093211115302,0.17099548445100865,94.95196694625297,True
-12.0,0.11380983017100621,1.2893185183766809,96.3440246042571,True
-12.0,0.12621866881430865,4.217300737794805,97.89564573504879,True
-12.0,0.1399804598013949,11.36497727094017,99.6255088045287,True
-12.0,0.15524271734347939,100.0,100.0,False
-12.0,0.17216903932435343,100.0,100.0,False
-12.0,0.1909408609248092,100.0,100.0,False
-12.0,0.21175939944708896,100.0,100.0,False
-12.0,0.23484781118615636,100.0,100.0,False
-12.0,0.2604535834675404,100.0,100.0,False
-12.0,0.28885118749227573,100.0,100.0,False
-12.0,0.3203450204250925,100.0,100.0,False
-12.0,0.35527266826243264,100.0,100.0,False
-12.0,0.3940085244553465,100.0,100.0,False
-12.0,0.43696780307570626,100.0,100.0,False
-12.0,0.4846109895433208,100.0,100.0,False
-12.0,0.5374487766218056,100.0,100.0,False
-12.0,0.5960475385927138,100.0,100.0,False
-12.0,0.6610354022862212,100.0,100.0,False
-12.0,0.733108980044444,100.0,100.0,False
-12.0,0.8130408367887928,100.0,100.0,False
-12.0,0.9016877712317013,100.0,100.0,False
-12.0,1.0,100.0,100.0,False
-11.0,0.0001,0.0,0.0,True
-11.0,0.00011090313431155938,0.0,0.0,True
-11.0,0.0001229950520012778,0.0,0.0,True
-11.0,0.0001364053677175493,0.0,0.0,True
-11.0,0.00015127782816797016,0.0,0.0,True
-11.0,0.00016777185295673396,0.0,0.0,True
-11.0,0.00018606424342159842,0.0,0.0,True
-11.0,0.0002063510777876421,0.0,0.0,True
-11.0,0.0002288498129521791,0.0,0.0,True
-11.0,0.0002538016154301076,0.0,0.0,True
-11.0,0.00028147394644535966,0.0,0.0,True
-11.0,0.00031216342887834366,0.0,0.0,True
-11.0,0.0003461990268005186,0.0,0.0,True
-11.0,0.00038394557167789064,0.0,0.0,True
-11.0,0.00042580767304121515,0.0,0.0,True
-11.0,0.0004722340555418245,0.0,0.0,True
-11.0,0.0005237223688824735,0.0,0.0,True
-11.0,0.0005808245221814102,0.0,0.0,True
-11.0,0.0006441525999493224,0.0,0.0,True
-11.0,0.0007143854230931981,0.0,0.0,True
-11.0,0.0007922758252752512,0.0,0.0,True
-11.0,0.0008786587226230274,0.0,0.0,True
-11.0,0.0009744600632908472,0.0,0.0,True
-11.0,0.0010807067528039549,0.0,0.0,True
-11.0,0.001198537661576262,0.0,0.0,True
-11.0,0.001329215832592545,0.0,0.0,True
-11.0,0.0014741420201106225,0.0,0.0,True
-11.0,0.001634869704506417,0.0,0.0,True
-11.0,0.0018131217442077456,0.0,0.0,True
-11.0,0.0020108088432108043,0.0,0.0,True
-11.0,0.0022300500321347895,0.0,0.0,True
-11.0,0.002473195382353419,0.0,0.0,True
-11.0,0.002742851196678697,0.0,0.0,True
-11.0,0.0030419079466187894,0.0,0.0,True
-11.0,0.003373571255672634,0.0,0.0,True
-11.0,0.0037413962607747778,0.0,0.0,True
-11.0,0.004149325720214712,0.0,0.0,True
-11.0,0.004601732276513801,0.0,0.0,True
-11.0,0.005103465327280476,0.0,0.0,True
-11.0,0.005659903006457729,0.0,0.0,True
-11.0,0.006277009833155804,0.0,0.0,True
-11.0,0.00696140064601457,0.0,0.0,True
-11.0,0.007720411508415302,0.0,0.0,True
-11.0,0.008562178344582902,0.0,0.0,True
-11.0,0.009495724149488028,0.0,0.0,True
-11.0,0.010531055707361887,0.0,0.0,True
-11.0,0.011679270855560683,0.0,0.0,True
-11.0,0.012952677443553275,0.0,0.0,True
-11.0,0.014364925262166945,0.0,0.0,True
-11.0,0.01593115235725613,0.0,0.0,True
-11.0,0.017668147296146925,0.0,0.0,True
-11.0,0.019594529126209955,0.0,0.0,True
-11.0,0.02173094695455825,0.0,0.0,True
-11.0,0.02410030128818746,0.0,0.0,True
-11.0,0.02672798950712899,0.0,0.0,True
-11.0,0.02964217810187076,0.0,0.0,True
-11.0,0.032874104593189374,0.0,0.0,True
-11.0,0.03645841237070733,0.0,0.0,True
-11.0,0.040433522039347726,0.0,0.0,True
-11.0,0.04484204325419173,0.0,0.0,True
-11.0,0.04973123145824381,0.0,0.0,True
-11.0,0.05515349441892861,0.0,0.0,True
-11.0,0.061166953992942745,0.0,0.0,True
-11.0,0.06783606914108303,0.0,0.0,True
-11.0,0.0752323268712176,0.0,0.0,True
-11.0,0.08343500851569784,2.5292102168172903e-05,93.99036964816119,True
-11.0,0.09253203955702538,0.05503091865448617,95.11054684274144,True
-11.0,0.10262093211115302,0.8095450192307618,96.35827975217846,True
-11.0,0.11380983017100621,3.01086362298546,97.74845209597315,True
-11.0,0.12621866881430865,8.406236082802753,99.29769798950439,True
-11.0,0.1399804598013949,100.0,100.0,False
-11.0,0.15524271734347939,100.0,100.0,False
-11.0,0.17216903932435343,100.0,100.0,False
-11.0,0.1909408609248092,100.0,100.0,False
-11.0,0.21175939944708896,100.0,100.0,False
-11.0,0.23484781118615636,100.0,100.0,False
-11.0,0.2604535834675404,100.0,100.0,False
-11.0,0.28885118749227573,100.0,100.0,False
-11.0,0.3203450204250925,100.0,100.0,False
-11.0,0.35527266826243264,100.0,100.0,False
-11.0,0.3940085244553465,100.0,100.0,False
-11.0,0.43696780307570626,100.0,100.0,False
-11.0,0.4846109895433208,100.0,100.0,False
-11.0,0.5374487766218056,100.0,100.0,False
-11.0,0.5960475385927138,100.0,100.0,False
-11.0,0.6610354022862212,100.0,100.0,False
-11.0,0.733108980044444,100.0,100.0,False
-11.0,0.8130408367887928,100.0,100.0,False
-11.0,0.9016877712317013,100.0,100.0,False
-11.0,1.0,100.0,100.0,False
-10.0,0.0001,0.0,0.0,True
-10.0,0.00011090313431155938,0.0,0.0,True
-10.0,0.0001229950520012778,0.0,0.0,True
-10.0,0.0001364053677175493,0.0,0.0,True
-10.0,0.00015127782816797016,0.0,0.0,True
-10.0,0.00016777185295673396,0.0,0.0,True
-10.0,0.00018606424342159842,0.0,0.0,True
-10.0,0.0002063510777876421,0.0,0.0,True
-10.0,0.0002288498129521791,0.0,0.0,True
-10.0,0.0002538016154301076,0.0,0.0,True
-10.0,0.00028147394644535966,0.0,0.0,True
-10.0,0.00031216342887834366,0.0,0.0,True
-10.0,0.0003461990268005186,0.0,0.0,True
-10.0,0.00038394557167789064,0.0,0.0,True
-10.0,0.00042580767304121515,0.0,0.0,True
-10.0,0.0004722340555418245,0.0,0.0,True
-10.0,0.0005237223688824735,0.0,0.0,True
-10.0,0.0005808245221814102,0.0,0.0,True
-10.0,0.0006441525999493224,0.0,0.0,True
-10.0,0.0007143854230931981,0.0,0.0,True
-10.0,0.0007922758252752512,0.0,0.0,True
-10.0,0.0008786587226230274,0.0,0.0,True
-10.0,0.0009744600632908472,0.0,0.0,True
-10.0,0.0010807067528039549,0.0,0.0,True
-10.0,0.001198537661576262,0.0,0.0,True
-10.0,0.001329215832592545,0.0,0.0,True
-10.0,0.0014741420201106225,0.0,0.0,True
-10.0,0.001634869704506417,0.0,0.0,True
-10.0,0.0018131217442077456,0.0,0.0,True
-10.0,0.0020108088432108043,0.0,0.0,True
-10.0,0.0022300500321347895,0.0,0.0,True
-10.0,0.002473195382353419,0.0,0.0,True
-10.0,0.002742851196678697,0.0,0.0,True
-10.0,0.0030419079466187894,0.0,0.0,True
-10.0,0.003373571255672634,0.0,0.0,True
-10.0,0.0037413962607747778,0.0,0.0,True
-10.0,0.004149325720214712,0.0,0.0,True
-10.0,0.004601732276513801,0.0,0.0,True
-10.0,0.005103465327280476,0.0,0.0,True
-10.0,0.005659903006457729,0.0,0.0,True
-10.0,0.006277009833155804,0.0,0.0,True
-10.0,0.00696140064601457,0.0,0.0,True
-10.0,0.007720411508415302,0.0,0.0,True
-10.0,0.008562178344582902,0.0,0.0,True
-10.0,0.009495724149488028,0.0,0.0,True
-10.0,0.010531055707361887,0.0,0.0,True
-10.0,0.011679270855560683,0.0,0.0,True
-10.0,0.012952677443553275,0.0,0.0,True
-10.0,0.014364925262166945,0.0,0.0,True
-10.0,0.01593115235725613,0.0,0.0,True
-10.0,0.017668147296146925,0.0,0.0,True
-10.0,0.019594529126209955,0.0,0.0,True
-10.0,0.02173094695455825,0.0,0.0,True
-10.0,0.02410030128818746,0.0,0.0,True
-10.0,0.02672798950712899,0.0,0.0,True
-10.0,0.02964217810187076,0.0,0.0,True
-10.0,0.032874104593189374,0.0,0.0,True
-10.0,0.03645841237070733,0.0,0.0,True
-10.0,0.040433522039347726,0.0,0.0,True
-10.0,0.04484204325419173,0.0,0.0,True
-10.0,0.04973123145824381,0.0,0.0,True
-10.0,0.05515349441892861,0.0,0.0,True
-10.0,0.061166953992942745,0.0,0.0,True
-10.0,0.06783606914108303,0.0,0.0,True
-10.0,0.0752323268712176,2.01256118437243e-06,94.40175781254506,True
-10.0,0.08343500851569784,0.01438185910465073,95.4067521985583,True
-10.0,0.09253203955702538,0.5425661382496116,96.52573104308144,True
-10.0,0.10262093211115302,2.2889786099146825,97.77194124409584,True
-10.0,0.11380983017100621,6.638884852779037,99.16019235585367,True
-10.0,0.12621866881430865,100.0,100.0,False
-10.0,0.1399804598013949,100.0,100.0,False
-10.0,0.15524271734347939,100.0,100.0,False
-10.0,0.17216903932435343,100.0,100.0,False
-10.0,0.1909408609248092,100.0,100.0,False
-10.0,0.21175939944708896,100.0,100.0,False
-10.0,0.23484781118615636,100.0,100.0,False
-10.0,0.2604535834675404,100.0,100.0,False
-10.0,0.28885118749227573,100.0,100.0,False
-10.0,0.3203450204250925,100.0,100.0,False
-10.0,0.35527266826243264,100.0,100.0,False
-10.0,0.3940085244553465,100.0,100.0,False
-10.0,0.43696780307570626,100.0,100.0,False
-10.0,0.4846109895433208,100.0,100.0,False
-10.0,0.5374487766218056,100.0,100.0,False
-10.0,0.5960475385927138,100.0,100.0,False
-10.0,0.6610354022862212,100.0,100.0,False
-10.0,0.733108980044444,100.0,100.0,False
-10.0,0.8130408367887928,100.0,100.0,False
-10.0,0.9016877712317013,100.0,100.0,False
-10.0,1.0,100.0,100.0,False
-9.0,0.0001,0.0,0.0,True
-9.0,0.00011090313431155938,0.0,0.0,True
-9.0,0.0001229950520012778,0.0,0.0,True
-9.0,0.0001364053677175493,0.0,0.0,True
-9.0,0.00015127782816797016,0.0,0.0,True
-9.0,0.00016777185295673396,0.0,0.0,True
-9.0,0.00018606424342159842,0.0,0.0,True
-9.0,0.0002063510777876421,0.0,0.0,True
-9.0,0.0002288498129521791,0.0,0.0,True
-9.0,0.0002538016154301076,0.0,0.0,True
-9.0,0.00028147394644535966,0.0,0.0,True
-9.0,0.00031216342887834366,0.0,0.0,True
-9.0,0.0003461990268005186,0.0,0.0,True
-9.0,0.00038394557167789064,0.0,0.0,True
-9.0,0.00042580767304121515,0.0,0.0,True
-9.0,0.0004722340555418245,0.0,0.0,True
-9.0,0.0005237223688824735,0.0,0.0,True
-9.0,0.0005808245221814102,0.0,0.0,True
-9.0,0.0006441525999493224,0.0,0.0,True
-9.0,0.0007143854230931981,0.0,0.0,True
-9.0,0.0007922758252752512,0.0,0.0,True
-9.0,0.0008786587226230274,0.0,0.0,True
-9.0,0.0009744600632908472,0.0,0.0,True
-9.0,0.0010807067528039549,0.0,0.0,True
-9.0,0.001198537661576262,0.0,0.0,True
-9.0,0.001329215832592545,0.0,0.0,True
-9.0,0.0014741420201106225,0.0,0.0,True
-9.0,0.001634869704506417,0.0,0.0,True
-9.0,0.0018131217442077456,0.0,0.0,True
-9.0,0.0020108088432108043,0.0,0.0,True
-9.0,0.0022300500321347895,0.0,0.0,True
-9.0,0.002473195382353419,0.0,0.0,True
-9.0,0.002742851196678697,0.0,0.0,True
-9.0,0.0030419079466187894,0.0,0.0,True
-9.0,0.003373571255672634,0.0,0.0,True
-9.0,0.0037413962607747778,0.0,0.0,True
-9.0,0.004149325720214712,0.0,0.0,True
-9.0,0.004601732276513801,0.0,0.0,True
-9.0,0.005103465327280476,0.0,0.0,True
-9.0,0.005659903006457729,0.0,0.0,True
-9.0,0.006277009833155804,0.0,0.0,True
-9.0,0.00696140064601457,0.0,0.0,True
-9.0,0.007720411508415302,0.0,0.0,True
-9.0,0.008562178344582902,0.0,0.0,True
-9.0,0.009495724149488028,0.0,0.0,True
-9.0,0.010531055707361887,0.0,0.0,True
-9.0,0.011679270855560683,0.0,0.0,True
-9.0,0.012952677443553275,0.0,0.0,True
-9.0,0.014364925262166945,0.0,0.0,True
-9.0,0.01593115235725613,0.0,0.0,True
-9.0,0.017668147296146925,0.0,0.0,True
-9.0,0.019594529126209955,0.0,0.0,True
-9.0,0.02173094695455825,0.0,0.0,True
-9.0,0.02410030128818746,0.0,0.0,True
-9.0,0.02672798950712899,0.0,0.0,True
-9.0,0.02964217810187076,0.0,0.0,True
-9.0,0.032874104593189374,0.0,0.0,True
-9.0,0.03645841237070733,0.0,0.0,True
-9.0,0.040433522039347726,0.0,0.0,True
-9.0,0.04484204325419173,0.0,0.0,True
-9.0,0.04973123145824381,0.0,0.0,True
-9.0,0.05515349441892861,0.0,0.0,True
-9.0,0.061166953992942745,0.0,0.0,True
-9.0,0.06783606914108303,1.231804658274882e-07,94.92440303701339,True
-9.0,0.0752323268712176,0.010079889145764298,95.8264981140408,True
-9.0,0.08343500851569784,0.4183534273167311,96.83052024907283,True
-9.0,0.09253203955702538,1.911738460811785,97.94826355370262,True
-9.0,0.10262093211115302,5.709296493697025,99.19291410826364,True
-9.0,0.11380983017100621,100.0,100.0,False
-9.0,0.12621866881430865,100.0,100.0,False
-9.0,0.1399804598013949,100.0,100.0,False
-9.0,0.15524271734347939,100.0,100.0,False
-9.0,0.17216903932435343,100.0,100.0,False
-9.0,0.1909408609248092,100.0,100.0,False
-9.0,0.21175939944708896,100.0,100.0,False
-9.0,0.23484781118615636,100.0,100.0,False
-9.0,0.2604535834675404,100.0,100.0,False
-9.0,0.28885118749227573,100.0,100.0,False
-9.0,0.3203450204250925,100.0,100.0,False
-9.0,0.35527266826243264,100.0,100.0,False
-9.0,0.3940085244553465,100.0,100.0,False
-9.0,0.43696780307570626,100.0,100.0,False
-9.0,0.4846109895433208,100.0,100.0,False
-9.0,0.5374487766218056,100.0,100.0,False
-9.0,0.5960475385927138,100.0,100.0,False
-9.0,0.6610354022862212,100.0,100.0,False
-9.0,0.733108980044444,100.0,100.0,False
-9.0,0.8130408367887928,100.0,100.0,False
-9.0,0.9016877712317013,100.0,100.0,False
-9.0,1.0,100.0,100.0,False
-8.0,0.0001,0.0,0.0,True
-8.0,0.00011090313431155938,0.0,0.0,True
-8.0,0.0001229950520012778,0.0,0.0,True
-8.0,0.0001364053677175493,0.0,0.0,True
-8.0,0.00015127782816797016,0.0,0.0,True
-8.0,0.00016777185295673396,0.0,0.0,True
-8.0,0.00018606424342159842,0.0,0.0,True
-8.0,0.0002063510777876421,0.0,0.0,True
-8.0,0.0002288498129521791,0.0,0.0,True
-8.0,0.0002538016154301076,0.0,0.0,True
-8.0,0.00028147394644535966,0.0,0.0,True
-8.0,0.00031216342887834366,0.0,0.0,True
-8.0,0.0003461990268005186,0.0,0.0,True
-8.0,0.00038394557167789064,0.0,0.0,True
-8.0,0.00042580767304121515,0.0,0.0,True
-8.0,0.0004722340555418245,0.0,0.0,True
-8.0,0.0005237223688824735,0.0,0.0,True
-8.0,0.0005808245221814102,0.0,0.0,True
-8.0,0.0006441525999493224,0.0,0.0,True
-8.0,0.0007143854230931981,0.0,0.0,True
-8.0,0.0007922758252752512,0.0,0.0,True
-8.0,0.0008786587226230274,0.0,0.0,True
-8.0,0.0009744600632908472,0.0,0.0,True
-8.0,0.0010807067528039549,0.0,0.0,True
-8.0,0.001198537661576262,0.0,0.0,True
-8.0,0.001329215832592545,0.0,0.0,True
-8.0,0.0014741420201106225,0.0,0.0,True
-8.0,0.001634869704506417,0.0,0.0,True
-8.0,0.0018131217442077456,0.0,0.0,True
-8.0,0.0020108088432108043,0.0,0.0,True
-8.0,0.0022300500321347895,0.0,0.0,True
-8.0,0.002473195382353419,0.0,0.0,True
-8.0,0.002742851196678697,0.0,0.0,True
-8.0,0.0030419079466187894,0.0,0.0,True
-8.0,0.003373571255672634,0.0,0.0,True
-8.0,0.0037413962607747778,0.0,0.0,True
-8.0,0.004149325720214712,0.0,0.0,True
-8.0,0.004601732276513801,0.0,0.0,True
-8.0,0.005103465327280476,0.0,0.0,True
-8.0,0.005659903006457729,0.0,0.0,True
-8.0,0.006277009833155804,0.0,0.0,True
-8.0,0.00696140064601457,0.0,0.0,True
-8.0,0.007720411508415302,0.0,0.0,True
-8.0,0.008562178344582902,0.0,0.0,True
-8.0,0.009495724149488028,0.0,0.0,True
-8.0,0.010531055707361887,0.0,0.0,True
-8.0,0.011679270855560683,0.0,0.0,True
-8.0,0.012952677443553275,0.0,0.0,True
-8.0,0.014364925262166945,0.0,0.0,True
-8.0,0.01593115235725613,0.0,0.0,True
-8.0,0.017668147296146925,0.0,0.0,True
-8.0,0.019594529126209955,0.0,0.0,True
-8.0,0.02173094695455825,0.0,0.0,True
-8.0,0.02410030128818746,0.0,0.0,True
-8.0,0.02672798950712899,0.0,0.0,True
-8.0,0.02964217810187076,0.0,0.0,True
-8.0,0.032874104593189374,0.0,0.0,True
-8.0,0.03645841237070733,0.0,0.0,True
-8.0,0.040433522039347726,0.0,0.0,True
-8.0,0.04484204325419173,0.0,0.0,True
-8.0,0.04973123145824381,0.0,0.0,True
-8.0,0.05515349441892861,0.0,0.0,True
-8.0,0.061166953992942745,1.2411098371245544e-06,95.54722920208691,True
-8.0,0.06783606914108303,0.010248078496011281,96.35732274924503,True
-8.0,0.0752323268712176,0.40034886302313666,97.25862320924713,True
-8.0,0.08343500851569784,1.8187308289899562,98.26163670547989,True
-8.0,0.09253203955702538,5.477989440392816,99.37810759334918,True
-8.0,0.10262093211115302,99.15486455052911,100.0,False
-8.0,0.11380983017100621,100.0,100.0,False
-8.0,0.12621866881430865,100.0,100.0,False
-8.0,0.1399804598013949,100.0,100.0,False
-8.0,0.15524271734347939,100.0,100.0,False
-8.0,0.17216903932435343,100.0,100.0,False
-8.0,0.1909408609248092,100.0,100.0,False
-8.0,0.21175939944708896,100.0,100.0,False
-8.0,0.23484781118615636,100.0,100.0,False
-8.0,0.2604535834675404,100.0,100.0,False
-8.0,0.28885118749227573,100.0,100.0,False
-8.0,0.3203450204250925,100.0,100.0,False
-8.0,0.35527266826243264,100.0,100.0,False
-8.0,0.3940085244553465,100.0,100.0,False
-8.0,0.43696780307570626,100.0,100.0,False
-8.0,0.4846109895433208,100.0,100.0,False
-8.0,0.5374487766218056,100.0,100.0,False
-8.0,0.5960475385927138,100.0,100.0,False
-8.0,0.6610354022862212,100.0,100.0,False
-8.0,0.733108980044444,100.0,100.0,False
-8.0,0.8130408367887928,100.0,100.0,False
-8.0,0.9016877712317013,100.0,100.0,False
-8.0,1.0,100.0,100.0,False
-7.0,0.0001,0.0,0.0,True
-7.0,0.00011090313431155938,0.0,0.0,True
-7.0,0.0001229950520012778,0.0,0.0,True
-7.0,0.0001364053677175493,0.0,0.0,True
-7.0,0.00015127782816797016,0.0,0.0,True
-7.0,0.00016777185295673396,0.0,0.0,True
-7.0,0.00018606424342159842,0.0,0.0,True
-7.0,0.0002063510777876421,0.0,0.0,True
-7.0,0.0002288498129521791,0.0,0.0,True
-7.0,0.0002538016154301076,0.0,0.0,True
-7.0,0.00028147394644535966,0.0,0.0,True
-7.0,0.00031216342887834366,0.0,0.0,True
-7.0,0.0003461990268005186,0.0,0.0,True
-7.0,0.00038394557167789064,0.0,0.0,True
-7.0,0.00042580767304121515,0.0,0.0,True
-7.0,0.0004722340555418245,0.0,0.0,True
-7.0,0.0005237223688824735,0.0,0.0,True
-7.0,0.0005808245221814102,0.0,0.0,True
-7.0,0.0006441525999493224,0.0,0.0,True
-7.0,0.0007143854230931981,0.0,0.0,True
-7.0,0.0007922758252752512,0.0,0.0,True
-7.0,0.0008786587226230274,0.0,0.0,True
-7.0,0.0009744600632908472,0.0,0.0,True
-7.0,0.0010807067528039549,0.0,0.0,True
-7.0,0.001198537661576262,0.0,0.0,True
-7.0,0.001329215832592545,0.0,0.0,True
-7.0,0.0014741420201106225,0.0,0.0,True
-7.0,0.001634869704506417,0.0,0.0,True
-7.0,0.0018131217442077456,0.0,0.0,True
-7.0,0.0020108088432108043,0.0,0.0,True
-7.0,0.0022300500321347895,0.0,0.0,True
-7.0,0.002473195382353419,0.0,0.0,True
-7.0,0.002742851196678697,0.0,0.0,True
-7.0,0.0030419079466187894,0.0,0.0,True
-7.0,0.003373571255672634,0.0,0.0,True
-7.0,0.0037413962607747778,0.0,0.0,True
-7.0,0.004149325720214712,0.0,0.0,True
-7.0,0.004601732276513801,0.0,0.0,True
-7.0,0.005103465327280476,0.0,0.0,True
-7.0,0.005659903006457729,0.0,0.0,True
-7.0,0.006277009833155804,0.0,0.0,True
-7.0,0.00696140064601457,0.0,0.0,True
-7.0,0.007720411508415302,0.0,0.0,True
-7.0,0.008562178344582902,0.0,0.0,True
-7.0,0.009495724149488028,0.0,0.0,True
-7.0,0.010531055707361887,0.0,0.0,True
-7.0,0.011679270855560683,0.0,0.0,True
-7.0,0.012952677443553275,0.0,0.0,True
-7.0,0.014364925262166945,0.0,0.0,True
-7.0,0.01593115235725613,0.0,0.0,True
-7.0,0.017668147296146925,0.0,0.0,True
-7.0,0.019594529126209955,0.0,0.0,True
-7.0,0.02173094695455825,0.0,0.0,True
-7.0,0.02410030128818746,0.0,0.0,True
-7.0,0.02672798950712899,0.0,0.0,True
-7.0,0.02964217810187076,0.0,0.0,True
-7.0,0.032874104593189374,0.0,0.0,True
-7.0,0.03645841237070733,0.0,0.0,True
-7.0,0.040433522039347726,0.0,0.0,True
-7.0,0.04484204325419173,0.0,0.0,True
-7.0,0.04973123145824381,0.0,0.0,True
-7.0,0.05515349441892861,1.6203443675699702e-05,96.26041669119398,True
-7.0,0.061166953992942745,0.024471475911713725,96.98818725460356,True
-7.0,0.06783606914108303,0.4973113050372735,97.79762555550833,True
-7.0,0.0752323268712176,2.047298361342187,98.6980963824974,True
-7.0,0.08343500851569784,6.072821853864752,99.70006520885823,True
-7.0,0.09253203955702538,100.0,100.0,False
-7.0,0.10262093211115302,100.0,100.0,False
-7.0,0.11380983017100621,100.0,100.0,False
-7.0,0.12621866881430865,100.0,100.0,False
-7.0,0.1399804598013949,100.0,100.0,False
-7.0,0.15524271734347939,100.0,100.0,False
-7.0,0.17216903932435343,100.0,100.0,False
-7.0,0.1909408609248092,100.0,100.0,False
-7.0,0.21175939944708896,100.0,100.0,False
-7.0,0.23484781118615636,100.0,100.0,False
-7.0,0.2604535834675404,100.0,100.0,False
-7.0,0.28885118749227573,100.0,100.0,False
-7.0,0.3203450204250925,100.0,100.0,False
-7.0,0.35527266826243264,100.0,100.0,False
-7.0,0.3940085244553465,100.0,100.0,False
-7.0,0.43696780307570626,100.0,100.0,False
-7.0,0.4846109895433208,100.0,100.0,False
-7.0,0.5374487766218056,100.0,100.0,False
-7.0,0.5960475385927138,100.0,100.0,False
-7.0,0.6610354022862212,100.0,100.0,False
-7.0,0.733108980044444,100.0,100.0,False
-7.0,0.8130408367887928,100.0,100.0,False
-7.0,0.9016877712317013,100.0,100.0,False
-7.0,1.0,100.0,100.0,False
-6.0,0.0001,0.0,0.0,True
-6.0,0.00011090313431155938,0.0,0.0,True
-6.0,0.0001229950520012778,0.0,0.0,True
-6.0,0.0001364053677175493,0.0,0.0,True
-6.0,0.00015127782816797016,0.0,0.0,True
-6.0,0.00016777185295673396,0.0,0.0,True
-6.0,0.00018606424342159842,0.0,0.0,True
-6.0,0.0002063510777876421,0.0,0.0,True
-6.0,0.0002288498129521791,0.0,0.0,True
-6.0,0.0002538016154301076,0.0,0.0,True
-6.0,0.00028147394644535966,0.0,0.0,True
-6.0,0.00031216342887834366,0.0,0.0,True
-6.0,0.0003461990268005186,0.0,0.0,True
-6.0,0.00038394557167789064,0.0,0.0,True
-6.0,0.00042580767304121515,0.0,0.0,True
-6.0,0.0004722340555418245,0.0,0.0,True
-6.0,0.0005237223688824735,0.0,0.0,True
-6.0,0.0005808245221814102,0.0,0.0,True
-6.0,0.0006441525999493224,0.0,0.0,True
-6.0,0.0007143854230931981,0.0,0.0,True
-6.0,0.0007922758252752512,0.0,0.0,True
-6.0,0.0008786587226230274,0.0,0.0,True
-6.0,0.0009744600632908472,0.0,0.0,True
-6.0,0.0010807067528039549,0.0,0.0,True
-6.0,0.001198537661576262,0.0,0.0,True
-6.0,0.001329215832592545,0.0,0.0,True
-6.0,0.0014741420201106225,0.0,0.0,True
-6.0,0.001634869704506417,0.0,0.0,True
-6.0,0.0018131217442077456,0.0,0.0,True
-6.0,0.0020108088432108043,0.0,0.0,True
-6.0,0.0022300500321347895,0.0,0.0,True
-6.0,0.002473195382353419,0.0,0.0,True
-6.0,0.002742851196678697,0.0,0.0,True
-6.0,0.0030419079466187894,0.0,0.0,True
-6.0,0.003373571255672634,0.0,0.0,True
-6.0,0.0037413962607747778,0.0,0.0,True
-6.0,0.004149325720214712,0.0,0.0,True
-6.0,0.004601732276513801,0.0,0.0,True
-6.0,0.005103465327280476,0.0,0.0,True
-6.0,0.005659903006457729,0.0,0.0,True
-6.0,0.006277009833155804,0.0,0.0,True
-6.0,0.00696140064601457,0.0,0.0,True
-6.0,0.007720411508415302,0.0,0.0,True
-6.0,0.008562178344582902,0.0,0.0,True
-6.0,0.009495724149488028,0.0,0.0,True
-6.0,0.010531055707361887,0.0,0.0,True
-6.0,0.011679270855560683,0.0,0.0,True
-6.0,0.012952677443553275,0.0,0.0,True
-6.0,0.014364925262166945,0.0,0.0,True
-6.0,0.01593115235725613,0.0,0.0,True
-6.0,0.017668147296146925,0.0,0.0,True
-6.0,0.019594529126209955,0.0,0.0,True
-6.0,0.02173094695455825,0.0,0.0,True
-6.0,0.02410030128818746,0.0,0.0,True
-6.0,0.02672798950712899,0.0,0.0,True
-6.0,0.02964217810187076,0.0,0.0,True
-6.0,0.032874104593189374,0.0,0.0,True
-6.0,0.03645841237070733,0.0,0.0,True
-6.0,0.040433522039347726,0.0,0.0,True
-6.0,0.04484204325419173,0.0,96.4668876573234,True
-6.0,0.04973123145824381,0.001260453463292066,97.05524780181574,True
-6.0,0.05515349441892861,0.10158811061911077,97.70930065034642,True
-6.0,0.061166953992942745,0.7990229654438075,98.43652527023289,True
-6.0,0.06783606914108303,2.8156787828358842,99.24527506153076,True
-6.0,0.0752323268712176,11.942274021234468,100.0,False
-6.0,0.08343500851569784,100.0,100.0,False
-6.0,0.09253203955702538,100.0,100.0,False
-6.0,0.10262093211115302,100.0,100.0,False
-6.0,0.11380983017100621,100.0,100.0,False
-6.0,0.12621866881430865,100.0,100.0,False
-6.0,0.1399804598013949,100.0,100.0,False
-6.0,0.15524271734347939,100.0,100.0,False
-6.0,0.17216903932435343,100.0,100.0,False
-6.0,0.1909408609248092,100.0,100.0,False
-6.0,0.21175939944708896,100.0,100.0,False
-6.0,0.23484781118615636,100.0,100.0,False
-6.0,0.2604535834675404,100.0,100.0,False
-6.0,0.28885118749227573,100.0,100.0,False
-6.0,0.3203450204250925,100.0,100.0,False
-6.0,0.35527266826243264,100.0,100.0,False
-6.0,0.3940085244553465,100.0,100.0,False
-6.0,0.43696780307570626,100.0,100.0,False
-6.0,0.4846109895433208,100.0,100.0,False
-6.0,0.5374487766218056,100.0,100.0,False
-6.0,0.5960475385927138,100.0,100.0,False
-6.0,0.6610354022862212,100.0,100.0,False
-6.0,0.733108980044444,100.0,100.0,False
-6.0,0.8130408367887928,100.0,100.0,False
-6.0,0.9016877712317013,100.0,100.0,False
-6.0,1.0,100.0,100.0,False
-5.0,0.0001,0.0,0.0,True
-5.0,0.00011090313431155938,0.0,0.0,True
-5.0,0.0001229950520012778,0.0,0.0,True
-5.0,0.0001364053677175493,0.0,0.0,True
-5.0,0.00015127782816797016,0.0,0.0,True
-5.0,0.00016777185295673396,0.0,0.0,True
-5.0,0.00018606424342159842,0.0,0.0,True
-5.0,0.0002063510777876421,0.0,0.0,True
-5.0,0.0002288498129521791,0.0,0.0,True
-5.0,0.0002538016154301076,0.0,0.0,True
-5.0,0.00028147394644535966,0.0,0.0,True
-5.0,0.00031216342887834366,0.0,0.0,True
-5.0,0.0003461990268005186,0.0,0.0,True
-5.0,0.00038394557167789064,0.0,0.0,True
-5.0,0.00042580767304121515,0.0,0.0,True
-5.0,0.0004722340555418245,0.0,0.0,True
-5.0,0.0005237223688824735,0.0,0.0,True
-5.0,0.0005808245221814102,0.0,0.0,True
-5.0,0.0006441525999493224,0.0,0.0,True
-5.0,0.0007143854230931981,0.0,0.0,True
-5.0,0.0007922758252752512,0.0,0.0,True
-5.0,0.0008786587226230274,0.0,0.0,True
-5.0,0.0009744600632908472,0.0,0.0,True
-5.0,0.0010807067528039549,0.0,0.0,True
-5.0,0.001198537661576262,0.0,0.0,True
-5.0,0.001329215832592545,0.0,0.0,True
-5.0,0.0014741420201106225,0.0,0.0,True
-5.0,0.001634869704506417,0.0,0.0,True
-5.0,0.0018131217442077456,0.0,0.0,True
-5.0,0.0020108088432108043,0.0,0.0,True
-5.0,0.0022300500321347895,0.0,0.0,True
-5.0,0.002473195382353419,0.0,0.0,True
-5.0,0.002742851196678697,0.0,0.0,True
-5.0,0.0030419079466187894,0.0,0.0,True
-5.0,0.003373571255672634,0.0,0.0,True
-5.0,0.0037413962607747778,0.0,0.0,True
-5.0,0.004149325720214712,0.0,0.0,True
-5.0,0.004601732276513801,0.0,0.0,True
-5.0,0.005103465327280476,0.0,0.0,True
-5.0,0.005659903006457729,0.0,0.0,True
-5.0,0.006277009833155804,0.0,0.0,True
-5.0,0.00696140064601457,0.0,0.0,True
-5.0,0.007720411508415302,0.0,0.0,True
-5.0,0.008562178344582902,0.0,0.0,True
-5.0,0.009495724149488028,0.0,0.0,True
-5.0,0.010531055707361887,0.0,0.0,True
-5.0,0.011679270855560683,0.0,0.0,True
-5.0,0.012952677443553275,0.0,0.0,True
-5.0,0.014364925262166945,0.0,0.0,True
-5.0,0.01593115235725613,0.0,0.0,True
-5.0,0.017668147296146925,0.0,0.0,True
-5.0,0.019594529126209955,0.0,0.0,True
-5.0,0.02173094695455825,0.0,0.0,True
-5.0,0.02410030128818746,0.0,0.0,True
-5.0,0.02672798950712899,0.0,0.0,True
-5.0,0.02964217810187076,0.0,0.0,True
-5.0,0.032874104593189374,0.0,0.0,True
-5.0,0.03645841237070733,0.0,96.91875190133537,True
-5.0,0.040433522039347726,3.2926518400699933e-06,97.39489563672757,True
-5.0,0.04484204325419173,0.017278730436043332,97.92397225975556,True
-5.0,0.04973123145824381,0.37835883814922866,98.51196705453563,True
-5.0,0.05515349441892861,1.6275362883506173,99.16555973760074,True
-5.0,0.061166953992942745,4.9800225988955615,99.89220713852127,True
-5.0,0.06783606914108303,100.0,100.0,False
-5.0,0.0752323268712176,100.0,100.0,False
-5.0,0.08343500851569784,100.0,100.0,False
-5.0,0.09253203955702538,100.0,100.0,False
-5.0,0.10262093211115302,100.0,100.0,False
-5.0,0.11380983017100621,100.0,100.0,False
-5.0,0.12621866881430865,100.0,100.0,False
-5.0,0.1399804598013949,100.0,100.0,False
-5.0,0.15524271734347939,100.0,100.0,False
-5.0,0.17216903932435343,100.0,100.0,False
-5.0,0.1909408609248092,100.0,100.0,False
-5.0,0.21175939944708896,100.0,100.0,False
-5.0,0.23484781118615636,100.0,100.0,False
-5.0,0.2604535834675404,100.0,100.0,False
-5.0,0.28885118749227573,100.0,100.0,False
-5.0,0.3203450204250925,100.0,100.0,False
-5.0,0.35527266826243264,100.0,100.0,False
-5.0,0.3940085244553465,100.0,100.0,False
-5.0,0.43696780307570626,100.0,100.0,False
-5.0,0.4846109895433208,100.0,100.0,False
-5.0,0.5374487766218056,100.0,100.0,False
-5.0,0.5960475385927138,100.0,100.0,False
-5.0,0.6610354022862212,100.0,100.0,False
-5.0,0.733108980044444,100.0,100.0,False
-5.0,0.8130408367887928,100.0,100.0,False
-5.0,0.9016877712317013,100.0,100.0,False
-5.0,1.0,100.0,100.0,False
-4.0,0.0001,0.0,0.0,True
-4.0,0.00011090313431155938,0.0,0.0,True
-4.0,0.0001229950520012778,0.0,0.0,True
-4.0,0.0001364053677175493,0.0,0.0,True
-4.0,0.00015127782816797016,0.0,0.0,True
-4.0,0.00016777185295673396,0.0,0.0,True
-4.0,0.00018606424342159842,0.0,0.0,True
-4.0,0.0002063510777876421,0.0,0.0,True
-4.0,0.0002288498129521791,0.0,0.0,True
-4.0,0.0002538016154301076,0.0,0.0,True
-4.0,0.00028147394644535966,0.0,0.0,True
-4.0,0.00031216342887834366,0.0,0.0,True
-4.0,0.0003461990268005186,0.0,0.0,True
-4.0,0.00038394557167789064,0.0,0.0,True
-4.0,0.00042580767304121515,0.0,0.0,True
-4.0,0.0004722340555418245,0.0,0.0,True
-4.0,0.0005237223688824735,0.0,0.0,True
-4.0,0.0005808245221814102,0.0,0.0,True
-4.0,0.0006441525999493224,0.0,0.0,True
-4.0,0.0007143854230931981,0.0,0.0,True
-4.0,0.0007922758252752512,0.0,0.0,True
-4.0,0.0008786587226230274,0.0,0.0,True
-4.0,0.0009744600632908472,0.0,0.0,True
-4.0,0.0010807067528039549,0.0,0.0,True
-4.0,0.001198537661576262,0.0,0.0,True
-4.0,0.001329215832592545,0.0,0.0,True
-4.0,0.0014741420201106225,0.0,0.0,True
-4.0,0.001634869704506417,0.0,0.0,True
-4.0,0.0018131217442077456,0.0,0.0,True
-4.0,0.0020108088432108043,0.0,0.0,True
-4.0,0.0022300500321347895,0.0,0.0,True
-4.0,0.002473195382353419,0.0,0.0,True
-4.0,0.002742851196678697,0.0,0.0,True
-4.0,0.0030419079466187894,0.0,0.0,True
-4.0,0.003373571255672634,0.0,0.0,True
-4.0,0.0037413962607747778,0.0,0.0,True
-4.0,0.004149325720214712,0.0,0.0,True
-4.0,0.004601732276513801,0.0,0.0,True
-4.0,0.005103465327280476,0.0,0.0,True
-4.0,0.005659903006457729,0.0,0.0,True
-4.0,0.006277009833155804,0.0,0.0,True
-4.0,0.00696140064601457,0.0,0.0,True
-4.0,0.007720411508415302,0.0,0.0,True
-4.0,0.008562178344582902,0.0,0.0,True
-4.0,0.009495724149488028,0.0,0.0,True
-4.0,0.010531055707361887,0.0,0.0,True
-4.0,0.011679270855560683,0.0,0.0,True
-4.0,0.012952677443553275,0.0,0.0,True
-4.0,0.014364925262166945,0.0,0.0,True
-4.0,0.01593115235725613,0.0,0.0,True
-4.0,0.017668147296146925,0.0,0.0,True
-4.0,0.019594529126209955,0.0,0.0,True
-4.0,0.02173094695455825,0.0,0.0,True
-4.0,0.02410030128818746,0.0,0.0,True
-4.0,0.02672798950712899,0.0,0.0,True
-4.0,0.02964217810187076,0.0,97.56976124289956,True
-4.0,0.032874104593189374,0.0,97.95542103905974,True
-4.0,0.03645841237070733,0.01464351520568119,98.38379731640728,True
-4.0,0.040433522039347726,0.32376875520574444,98.85969032881125,True
-4.0,0.04484204325419173,1.4207656056847373,99.3884526698851,True
-4.0,0.04973123145824381,4.42240729722676,99.97605474835434,True
-4.0,0.05515349441892861,57.891221361542875,100.0,False
-4.0,0.061166953992942745,100.0,100.0,False
-4.0,0.06783606914108303,100.0,100.0,False
-4.0,0.0752323268712176,100.0,100.0,False
-4.0,0.08343500851569784,100.0,100.0,False
-4.0,0.09253203955702538,100.0,100.0,False
-4.0,0.10262093211115302,100.0,100.0,False
-4.0,0.11380983017100621,100.0,100.0,False
-4.0,0.12621866881430865,100.0,100.0,False
-4.0,0.1399804598013949,100.0,100.0,False
-4.0,0.15524271734347939,100.0,100.0,False
-4.0,0.17216903932435343,100.0,100.0,False
-4.0,0.1909408609248092,100.0,100.0,False
-4.0,0.21175939944708896,100.0,100.0,False
-4.0,0.23484781118615636,100.0,100.0,False
-4.0,0.2604535834675404,100.0,100.0,False
-4.0,0.28885118749227573,100.0,100.0,False
-4.0,0.3203450204250925,100.0,100.0,False
-4.0,0.35527266826243264,100.0,100.0,False
-4.0,0.3940085244553465,100.0,100.0,False
-4.0,0.43696780307570626,100.0,100.0,False
-4.0,0.4846109895433208,100.0,100.0,False
-4.0,0.5374487766218056,100.0,100.0,False
-4.0,0.5960475385927138,100.0,100.0,False
-4.0,0.6610354022862212,100.0,100.0,False
-4.0,0.733108980044444,100.0,100.0,False
-4.0,0.8130408367887928,100.0,100.0,False
-4.0,0.9016877712317013,100.0,100.0,False
-4.0,1.0,100.0,100.0,False
-3.0,0.0001,0.0,0.0,True
-3.0,0.00011090313431155938,0.0,0.0,True
-3.0,0.0001229950520012778,0.0,0.0,True
-3.0,0.0001364053677175493,0.0,0.0,True
-3.0,0.00015127782816797016,0.0,0.0,True
-3.0,0.00016777185295673396,0.0,0.0,True
-3.0,0.00018606424342159842,0.0,0.0,True
-3.0,0.0002063510777876421,0.0,0.0,True
-3.0,0.0002288498129521791,0.0,0.0,True
-3.0,0.0002538016154301076,0.0,0.0,True
-3.0,0.00028147394644535966,0.0,0.0,True
-3.0,0.00031216342887834366,0.0,0.0,True
-3.0,0.0003461990268005186,0.0,0.0,True
-3.0,0.00038394557167789064,0.0,0.0,True
-3.0,0.00042580767304121515,0.0,0.0,True
-3.0,0.0004722340555418245,0.0,0.0,True
-3.0,0.0005237223688824735,0.0,0.0,True
-3.0,0.0005808245221814102,0.0,0.0,True
-3.0,0.0006441525999493224,0.0,0.0,True
-3.0,0.0007143854230931981,0.0,0.0,True
-3.0,0.0007922758252752512,0.0,0.0,True
-3.0,0.0008786587226230274,0.0,0.0,True
-3.0,0.0009744600632908472,0.0,0.0,True
-3.0,0.0010807067528039549,0.0,0.0,True
-3.0,0.001198537661576262,0.0,0.0,True
-3.0,0.001329215832592545,0.0,0.0,True
-3.0,0.0014741420201106225,0.0,0.0,True
-3.0,0.001634869704506417,0.0,0.0,True
-3.0,0.0018131217442077456,0.0,0.0,True
-3.0,0.0020108088432108043,0.0,0.0,True
-3.0,0.0022300500321347895,0.0,0.0,True
-3.0,0.002473195382353419,0.0,0.0,True
-3.0,0.002742851196678697,0.0,0.0,True
-3.0,0.0030419079466187894,0.0,0.0,True
-3.0,0.003373571255672634,0.0,0.0,True
-3.0,0.0037413962607747778,0.0,0.0,True
-3.0,0.004149325720214712,0.0,0.0,True
-3.0,0.004601732276513801,0.0,0.0,True
-3.0,0.005103465327280476,0.0,0.0,True
-3.0,0.005659903006457729,0.0,0.0,True
-3.0,0.006277009833155804,0.0,0.0,True
-3.0,0.00696140064601457,0.0,0.0,True
-3.0,0.007720411508415302,0.0,0.0,True
-3.0,0.008562178344582902,0.0,0.0,True
-3.0,0.009495724149488028,0.0,0.0,True
-3.0,0.010531055707361887,0.0,0.0,True
-3.0,0.011679270855560683,0.0,0.0,True
-3.0,0.012952677443553275,0.0,0.0,True
-3.0,0.014364925262166945,0.0,0.0,True
-3.0,0.01593115235725613,0.0,0.0,True
-3.0,0.017668147296146925,0.0,0.0,True
-3.0,0.019594529126209955,0.0,0.0,True
-3.0,0.02173094695455825,0.0,0.0,True
-3.0,0.02410030128818746,0.0,98.38291758009922,True
-3.0,0.02672798950712899,0.0,98.69550718238645,True
-3.0,0.02964217810187076,0.11151690868775876,99.04261400945896,True
-3.0,0.032874104593189374,0.699795360336708,99.42809595692748,True
-3.0,0.03645841237070733,2.422544353355205,99.85625121973631,True
-3.0,0.040433522039347726,12.607377521062002,100.0,False
-3.0,0.04484204325419173,77.42126484651762,100.0,False
-3.0,0.04973123145824381,100.0,100.0,False
-3.0,0.05515349441892861,100.0,100.0,False
-3.0,0.061166953992942745,100.0,100.0,False
-3.0,0.06783606914108303,100.0,100.0,False
-3.0,0.0752323268712176,100.0,100.0,False
-3.0,0.08343500851569784,100.0,100.0,False
-3.0,0.09253203955702538,100.0,100.0,False
-3.0,0.10262093211115302,100.0,100.0,False
-3.0,0.11380983017100621,100.0,100.0,False
-3.0,0.12621866881430865,100.0,100.0,False
-3.0,0.1399804598013949,100.0,100.0,False
-3.0,0.15524271734347939,100.0,100.0,False
-3.0,0.17216903932435343,100.0,100.0,False
-3.0,0.1909408609248092,100.0,100.0,False
-3.0,0.21175939944708896,100.0,100.0,False
-3.0,0.23484781118615636,100.0,100.0,False
-3.0,0.2604535834675404,100.0,100.0,False
-3.0,0.28885118749227573,100.0,100.0,False
-3.0,0.3203450204250925,100.0,100.0,False
-3.0,0.35527266826243264,100.0,100.0,False
-3.0,0.3940085244553465,100.0,100.0,False
-3.0,0.43696780307570626,100.0,100.0,False
-3.0,0.4846109895433208,100.0,100.0,False
-3.0,0.5374487766218056,100.0,100.0,False
-3.0,0.5960475385927138,100.0,100.0,False
-3.0,0.6610354022862212,100.0,100.0,False
-3.0,0.733108980044444,100.0,100.0,False
-3.0,0.8130408367887928,100.0,100.0,False
-3.0,0.9016877712317013,100.0,100.0,False
-3.0,1.0,100.0,100.0,False
-2.0,0.0001,0.0,0.0,True
-2.0,0.00011090313431155938,0.0,0.0,True
-2.0,0.0001229950520012778,0.0,0.0,True
-2.0,0.0001364053677175493,0.0,0.0,True
-2.0,0.00015127782816797016,0.0,0.0,True
-2.0,0.00016777185295673396,0.0,0.0,True
-2.0,0.00018606424342159842,0.0,0.0,True
-2.0,0.0002063510777876421,0.0,0.0,True
-2.0,0.0002288498129521791,0.0,0.0,True
-2.0,0.0002538016154301076,0.0,0.0,True
-2.0,0.00028147394644535966,0.0,0.0,True
-2.0,0.00031216342887834366,0.0,0.0,True
-2.0,0.0003461990268005186,0.0,0.0,True
-2.0,0.00038394557167789064,0.0,0.0,True
-2.0,0.00042580767304121515,0.0,0.0,True
-2.0,0.0004722340555418245,0.0,0.0,True
-2.0,0.0005237223688824735,0.0,0.0,True
-2.0,0.0005808245221814102,0.0,0.0,True
-2.0,0.0006441525999493224,0.0,0.0,True
-2.0,0.0007143854230931981,0.0,0.0,True
-2.0,0.0007922758252752512,0.0,0.0,True
-2.0,0.0008786587226230274,0.0,0.0,True
-2.0,0.0009744600632908472,0.0,0.0,True
-2.0,0.0010807067528039549,0.0,0.0,True
-2.0,0.001198537661576262,0.0,0.0,True
-2.0,0.001329215832592545,0.0,0.0,True
-2.0,0.0014741420201106225,0.0,0.0,True
-2.0,0.001634869704506417,0.0,0.0,True
-2.0,0.0018131217442077456,0.0,0.0,True
-2.0,0.0020108088432108043,0.0,0.0,True
-2.0,0.0022300500321347895,0.0,0.0,True
-2.0,0.002473195382353419,0.0,0.0,True
-2.0,0.002742851196678697,0.0,0.0,True
-2.0,0.0030419079466187894,0.0,0.0,True
-2.0,0.003373571255672634,0.0,0.0,True
-2.0,0.0037413962607747778,0.0,0.0,True
-2.0,0.004149325720214712,0.0,0.0,True
-2.0,0.004601732276513801,0.0,0.0,True
-2.0,0.005103465327280476,0.0,0.0,True
-2.0,0.005659903006457729,0.0,0.0,True
-2.0,0.006277009833155804,0.0,0.0,True
-2.0,0.00696140064601457,0.0,0.0,True
-2.0,0.007720411508415302,0.0,0.0,True
-2.0,0.008562178344582902,0.0,0.0,True
-2.0,0.009495724149488028,0.0,0.0,True
-2.0,0.010531055707361887,0.0,0.0,True
-2.0,0.011679270855560683,0.0,0.0,True
-2.0,0.012952677443553275,0.0,0.0,True
-2.0,0.014364925262166945,0.0,0.0,True
-2.0,0.01593115235725613,0.0,98.89441241632433,True
-2.0,0.017668147296146925,0.0,99.10016475684245,True
-2.0,0.019594529126209955,0.007012611330714513,99.32854000823346,True
-2.0,0.02173094695455825,0.3361812564592892,99.58204674575688,True
-2.0,0.02410030128818746,1.3381668357153043,99.86347612752493,True
-2.0,0.02672798950712899,4.170149959589953,100.0,False
-2.0,0.02964217810187076,15.114136703801284,100.0,False
-2.0,0.032874104593189374,100.0,100.0,False
-2.0,0.03645841237070733,100.0,100.0,False
-2.0,0.040433522039347726,100.0,100.0,False
-2.0,0.04484204325419173,100.0,100.0,False
-2.0,0.04973123145824381,100.0,100.0,False
-2.0,0.05515349441892861,100.0,100.0,False
-2.0,0.061166953992942745,100.0,100.0,False
-2.0,0.06783606914108303,100.0,100.0,False
-2.0,0.0752323268712176,100.0,100.0,False
-2.0,0.08343500851569784,100.0,100.0,False
-2.0,0.09253203955702538,100.0,100.0,False
-2.0,0.10262093211115302,100.0,100.0,False
-2.0,0.11380983017100621,100.0,100.0,False
-2.0,0.12621866881430865,100.0,100.0,False
-2.0,0.1399804598013949,100.0,100.0,False
-2.0,0.15524271734347939,100.0,100.0,False
-2.0,0.17216903932435343,100.0,100.0,False
-2.0,0.1909408609248092,100.0,100.0,False
-2.0,0.21175939944708896,100.0,100.0,False
-2.0,0.23484781118615636,100.0,100.0,False
-2.0,0.2604535834675404,100.0,100.0,False
-2.0,0.28885118749227573,100.0,100.0,False
-2.0,0.3203450204250925,100.0,100.0,False
-2.0,0.35527266826243264,100.0,100.0,False
-2.0,0.3940085244553465,100.0,100.0,False
-2.0,0.43696780307570626,100.0,100.0,False
-2.0,0.4846109895433208,100.0,100.0,False
-2.0,0.5374487766218056,100.0,100.0,False
-2.0,0.5960475385927138,100.0,100.0,False
-2.0,0.6610354022862212,100.0,100.0,False
-2.0,0.733108980044444,100.0,100.0,False
-2.0,0.8130408367887928,100.0,100.0,False
-2.0,0.9016877712317013,100.0,100.0,False
-2.0,1.0,100.0,100.0,False
-1.0,0.0001,0.0,0.0,True
-1.0,0.00011090313431155938,0.0,0.0,True
-1.0,0.0001229950520012778,0.0,0.0,True
-1.0,0.0001364053677175493,0.0,0.0,True
-1.0,0.00015127782816797016,0.0,0.0,True
-1.0,0.00016777185295673396,0.0,0.0,True
-1.0,0.00018606424342159842,0.0,0.0,True
-1.0,0.0002063510777876421,0.0,0.0,True
-1.0,0.0002288498129521791,0.0,0.0,True
-1.0,0.0002538016154301076,0.0,0.0,True
-1.0,0.00028147394644535966,0.0,0.0,True
-1.0,0.00031216342887834366,0.0,0.0,True
-1.0,0.0003461990268005186,0.0,0.0,True
-1.0,0.00038394557167789064,0.0,0.0,True
-1.0,0.00042580767304121515,0.0,0.0,True
-1.0,0.0004722340555418245,0.0,0.0,True
-1.0,0.0005237223688824735,0.0,0.0,True
-1.0,0.0005808245221814102,0.0,0.0,True
-1.0,0.0006441525999493224,0.0,0.0,True
-1.0,0.0007143854230931981,0.0,0.0,True
-1.0,0.0007922758252752512,0.0,0.0,True
-1.0,0.0008786587226230274,0.0,0.0,True
-1.0,0.0009744600632908472,0.0,0.0,True
-1.0,0.0010807067528039549,0.0,0.0,True
-1.0,0.001198537661576262,0.0,0.0,True
-1.0,0.001329215832592545,0.0,0.0,True
-1.0,0.0014741420201106225,0.0,0.0,True
-1.0,0.001634869704506417,0.0,0.0,True
-1.0,0.0018131217442077456,0.0,0.0,True
-1.0,0.0020108088432108043,0.0,0.0,True
-1.0,0.0022300500321347895,0.0,0.0,True
-1.0,0.002473195382353419,0.0,0.0,True
-1.0,0.002742851196678697,0.0,0.0,True
-1.0,0.0030419079466187894,0.0,0.0,True
-1.0,0.003373571255672634,0.0,0.0,True
-1.0,0.0037413962607747778,0.0,0.0,True
-1.0,0.004149325720214712,0.0,0.0,True
-1.0,0.004601732276513801,0.0,0.0,True
-1.0,0.005103465327280476,0.0,0.0,True
-1.0,0.005659903006457729,0.0,0.0,True
-1.0,0.006277009833155804,0.0,0.0,True
-1.0,0.00696140064601457,0.0,0.0,True
-1.0,0.007720411508415302,0.0,99.41264179270698,True
-1.0,0.008562178344582902,0.0,99.51193366913343,True
-1.0,0.009495724149488028,0.0,99.62209579193045,True
-1.0,0.010531055707361887,0.0,99.74432337153186,True
-1.0,0.011679270855560683,0.0,99.87994417125516,True
-1.0,0.012952677443553275,0.0,100.0,False
-1.0,0.014364925262166945,1.6508026935752707,100.0,False
-1.0,0.01593115235725613,5.729597618789151,100.0,False
-1.0,0.017668147296146925,16.292899831767073,100.0,False
-1.0,0.019594529126209955,46.18692003654692,100.0,False
-1.0,0.02173094695455825,100.0,100.0,False
-1.0,0.02410030128818746,100.0,100.0,False
-1.0,0.02672798950712899,100.0,100.0,False
-1.0,0.02964217810187076,100.0,100.0,False
-1.0,0.032874104593189374,100.0,100.0,False
-1.0,0.03645841237070733,100.0,100.0,False
-1.0,0.040433522039347726,100.0,100.0,False
-1.0,0.04484204325419173,100.0,100.0,False
-1.0,0.04973123145824381,100.0,100.0,False
-1.0,0.05515349441892861,100.0,100.0,False
-1.0,0.061166953992942745,100.0,100.0,False
-1.0,0.06783606914108303,100.0,100.0,False
-1.0,0.0752323268712176,100.0,100.0,False
-1.0,0.08343500851569784,100.0,100.0,False
-1.0,0.09253203955702538,100.0,100.0,False
-1.0,0.10262093211115302,100.0,100.0,False
-1.0,0.11380983017100621,100.0,100.0,False
-1.0,0.12621866881430865,100.0,100.0,False
-1.0,0.1399804598013949,100.0,100.0,False
-1.0,0.15524271734347939,100.0,100.0,False
-1.0,0.17216903932435343,100.0,100.0,False
-1.0,0.1909408609248092,100.0,100.0,False
-1.0,0.21175939944708896,100.0,100.0,False
-1.0,0.23484781118615636,100.0,100.0,False
-1.0,0.2604535834675404,100.0,100.0,False
-1.0,0.28885118749227573,100.0,100.0,False
-1.0,0.3203450204250925,100.0,100.0,False
-1.0,0.35527266826243264,100.0,100.0,False
-1.0,0.3940085244553465,100.0,100.0,False
-1.0,0.43696780307570626,100.0,100.0,False
-1.0,0.4846109895433208,100.0,100.0,False
-1.0,0.5374487766218056,100.0,100.0,False
-1.0,0.5960475385927138,100.0,100.0,False
-1.0,0.6610354022862212,100.0,100.0,False
-1.0,0.733108980044444,100.0,100.0,False
-1.0,0.8130408367887928,100.0,100.0,False
-1.0,0.9016877712317013,100.0,100.0,False
-1.0,1.0,100.0,100.0,False
0.0,0.0001,0.0,100.0,False
0.0,0.00011090313431155938,0.0,100.0,False
0.0,0.0001229950520012778,0.0,100.0,False
0.0,0.0001364053677175493,0.0,100.0,False
0.0,0.00015127782816797016,0.0,100.0,False
0.0,0.00016777185295673396,0.0,100.0,False
0.0,0.00018606424342159842,0.0,100.0,False
0.0,0.0002063510777876421,0.0,100.0,False
0.0,0.0002288498129521791,0.0,100.0,False
0.0,0.0002538016154301076,0.0,100.0,False
0.0,0.00028147394644535966,0.0,100.0,False
0.0,0.00031216342887834366,0.0,100.0,False
0.0,0.0003461990268005186,0.0,100.0,False
0.0,0.00038394557167789064,0.0,100.0,False
0.0,0.00042580767304121515,0.0,100.0,False
0.0,0.0004722340555418245,0.0,100.0,False
0.0,0.0005237223688824735,0.0,100.0,False
0.0,0.0005808245221814102,0.0,100.0,False
0.0,0.0006441525999493224,0.0,100.0,False
0.0,0.0007143854230931981,0.0,100.0,False
0.0,0.0007922758252752512,0.0,100.0,False
0.0,0.0008786587226230274,0.0,100.0,False
0.0,0.0009744600632908472,0.0,100.0,False
0.0,0.0010807067528039549,0.0,100.0,False
0.0,0.001198537661576262,0.0,100.0,False
0.0,0.001329215832592545,0.0,100.0,False
0.0,0.0014741420201106225,0.0,100.0,False
0.0,0.001634869704506417,0.0,100.0,False
0.0,0.0018131217442077456,0.0,100.0,False
0.0,0.0020108088432108043,0.0,100.0,False
0.0,0.0022300500321347895,0.0,100.0,False
0.0,0.002473195382353419,0.0,100.0,False
0.0,0.002742851196678697,0.0,100.0,False
0.0,0.0030419079466187894,0.0,100.0,False
0.0,0.003373571255672634,0.0,100.0,False
0.0,0.0037413962607747778,0.0,100.0,False
0.0,0.004149325720214712,0.0,100.0,False
0.0,0.004601732276513801,0.0,100.0,False
0.0,0.005103465327280476,0.0,100.0,False
0.0,0.005659903006457729,0.0,100.0,False
0.0,0.006277009833155804,0.0,100.0,False
0.0,0.00696140064601457,4.8599076168948985,100.0,False
0.0,0.007720411508415302,13.9490733703866,100.0,False
0.0,0.008562178344582902,26.65462091833959,100.0,False
0.0,0.009495724149488028,45.278698843642374,100.0,False
0.0,0.010531055707361887,73.03120481750429,100.0,False
0.0,0.011679270855560683,100.0,100.0,False
0.0,0.012952677443553275,100.0,100.0,False
0.0,0.014364925262166945,100.0,100.0,False
0.0,0.01593115235725613,100.0,100.0,False
0.0,0.017668147296146925,100.0,100.0,False
0.0,0.019594529126209955,100.0,100.0,False
0.0,0.02173094695455825,100.0,100.0,False
0.0,0.02410030128818746,100.0,100.0,False
0.0,0.02672798950712899,100.0,100.0,False
0.0,0.02964217810187076,100.0,100.0,False
0.0,0.032874104593189374,100.0,100.0,False
0.0,0.03645841237070733,100.0,100.0,False
0.0,0.040433522039347726,100.0,100.0,False
0.0,0.04484204325419173,100.0,100.0,False
0.0,0.04973123145824381,100.0,100.0,False
0.0,0.05515349441892861,100.0,100.0,False
0.0,0.061166953992942745,100.0,100.0,False
0.0,0.06783606914108303,100.0,100.0,False
0.0,0.0752323268712176,100.0,100.0,False
0.0,0.08343500851569784,100.0,100.0,False
0.0,0.09253203955702538,100.0,100.0,False
0.0,0.10262093211115302,100.0,100.0,False
0.0,0.11380983017100621,100.0,100.0,False
0.0,0.12621866881430865,100.0,100.0,False
0.0,0.1399804598013949,100.0,100.0,False
0.0,0.15524271734347939,100.0,100.0,False
0.0,0.17216903932435343,100.0,100.0,False
0.0,0.1909408609248092,100.0,100.0,False
0.0,0.21175939944708896,100.0,100.0,False
0.0,0.23484781118615636,100.0,100.0,False
0.0,0.2604535834675404,100.0,100.0,False
0.0,0.28885118749227573,100.0,100.0,False
0.0,0.3203450204250925,100.0,100.0,False
0.0,0.35527266826243264,100.0,100.0,False
0.0,0.3940085244553465,100.0,100.0,False
0.0,0.43696780307570626,100.0,100.0,False
0.0,0.4846109895433208,100.0,100.0,False
0.0,0.5374487766218056,100.0,100.0,False
0.0,0.5960475385927138,100.0,100.0,False
0.0,0.6610354022862212,100.0,100.0,False
0.0,0.733108980044444,100.0,100.0,False
0.0,0.8130408367887928,100.0,100.0,False
0.0,0.9016877712317013,100.0,100.0,False
0.0,1.0,100.0,100.0,False
1.0,0.0001,0.0,100.0,False
1.0,0.00011090313431155938,0.0,100.0,False
1.0,0.0001229950520012778,0.0,100.0,False
1.0,0.0001364053677175493,0.0,100.0,False
1.0,0.00015127782816797016,0.0,100.0,False
1.0,0.00016777185295673396,0.0,100.0,False
1.0,0.00018606424342159842,0.0,100.0,False
1.0,0.0002063510777876421,0.0,100.0,False
1.0,0.0002288498129521791,0.0,100.0,False
1.0,0.0002538016154301076,0.0,100.0,False
1.0,0.00028147394644535966,0.0,100.0,False
1.0,0.00031216342887834366,0.0,100.0,False
1.0,0.0003461990268005186,0.0,100.0,False
1.0,0.00038394557167789064,0.0,100.0,False
1.0,0.00042580767304121515,0.0,100.0,False
1.0,0.0004722340555418245,0.0,100.0,False
1.0,0.0005237223688824735,0.0,100.0,False
1.0,0.0005808245221814102,0.0,100.0,False
1.0,0.0006441525999493224,0.0,100.0,False
1.0,0.0007143854230931981,0.0,100.0,False
1.0,0.0007922758252752512,0.0,100.0,False
1.0,0.0008786587226230274,0.0,100.0,False
1.0,0.0009744600632908472,0.0,100.0,False
1.0,0.0010807067528039549,0.0,100.0,False
1.0,0.001198537661576262,6.8855940572214,100.0,False
1.0,0.001329215832592545,23.037895988098644,100.0,False
1.0,0.0014741420201106225,42.42166752318557,100.0,False
1.0,0.001634869704506417,65.91945076869452,100.0,False
1.0,0.0018131217442077456,94.72220386217887,100.0,False
1.0,0.0020108088432108043,100.0,100.0,False
1.0,0.0022300500321347895,100.0,100.0,False
1.0,0.002473195382353419,100.0,100.0,False
1.0,0.002742851196678697,100.0,100.0,False
1.0,0.0030419079466187894,100.0,100.0,False
1.0,0.003373571255672634,100.0,100.0,False
1.0,0.0037413962607747778,100.0,100.0,False
1.0,0.004149325720214712,100.0,100.0,False
1.0,0.004601732276513801,100.0,100.0,False
1.0,0.005103465327280476,100.0,100.0,False
1.0,0.005659903006457729,100.0,100.0,False
1.0,0.006277009833155804,100.0,100.0,False
1.0,0.00696140064601457,100.0,100.0,False
1.0,0.007720411508415302,100.0,100.0,False
1.0,0.008562178344582902,100.0,100.0,False
1.0,0.009495724149488028,100.0,100.0,False
1.0,0.010531055707361887,100.0,100.0,False
1.0,0.011679270855560683,100.0,100.0,False
1.0,0.012952677443553275,100.0,100.0,False
1.0,0.014364925262166945,100.0,100.0,False
1.0,0.01593115235725613,100.0,100.0,False
1.0,0.017668147296146925,100.0,100.0,False
1.0,0.019594529126209955,100.0,100.0,False
1.0,0.02173094695455825,100.0,100.0,False
1.0,0.02410030128818746,100.0,100.0,False
1.0,0.02672798950712899,100.0,100.0,False
1.0,0.02964217810187076,100.0,100.0,False
1.0,0.032874104593189374,100.0,100.0,False
1.0,0.03645841237070733,100.0,100.0,False
1.0,0.040433522039347726,100.0,100.0,False
1.0,0.04484204325419173,100.0,100.0,False
1.0,0.04973123145824381,100.0,100.0,False
1.0,0.05515349441892861,100.0,100.0,False
1.0,0.061166953992942745,100.0,100.0,False
1.0,0.06783606914108303,100.0,100.0,False
1.0,0.0752323268712176,100.0,100.0,False
1.0,0.08343500851569784,100.0,100.0,False
1.0,0.09253203955702538,100.0,100.0,False
1.0,0.10262093211115302,100.0,100.0,False
1.0,0.11380983017100621,100.0,100.0,False
1.0,0.12621866881430865,100.0,100.0,False
1.0,0.1399804598013949,100.0,100.0,False
1.0,0.15524271734347939,100.0,100.0,False
1.0,0.17216903932435343,100.0,100.0,False
1.0,0.1909408609248092,100.0,100.0,False
1.0,0.21175939944708896,100.0,100.0,False
1.0,0.23484781118615636,100.0,100.0,False
1.0,0.2604535834675404,100.0,100.0,False
1.0,0.28885118749227573,100.0,100.0,False
1.0,0.3203450204250925,100.0,100.0,False
1.0,0.35527266826243264,100.0,100.0,False
1.0,0.3940085244553465,100.0,100.0,False
1.0,0.43696780307570626,100.0,100.0,False
1.0,0.4846109895433208,100.0,100.0,False
1.0,0.5374487766218056,100.0,100.0,False
1.0,0.5960475385927138,100.0,100.0,False
1.0,0.6610354022862212,100.0,100.0,False
1.0,0.733108980044444,100.0,100.0,False
1.0,0.8130408367887928,100.0,100.0,False
1.0,0.9016877712317013,100.0,100.0,False
1.0,1.0,100.0,100.0,False
2.0,0.0001,100.0,100.0,False
2.0,0.00011090313431155938,100.0,100.0,False
2.0,0.0001229950520012778,100.0,100.0,False
2.0,0.0001364053677175493,100.0,100.0,False
2.0,0.00015127782816797016,100.0,100.0,False
2.0,0.00016777185295673396,100.0,100.0,False
2.0,0.00018606424342159842,100.0,100.0,False
2.0,0.0002063510777876421,100.0,100.0,False
2.0,0.0002288498129521791,100.0,100.0,False
2.0,0.0002538016154301076,100.0,100.0,False
2.0,0.00028147394644535966,100.0,100.0,False
2.0,0.00031216342887834366,100.0,100.0,False
2.0,0.0003461990268005186,100.0,100.0,False
2.0,0.00038394557167789064,100.0,100.0,False
2.0,0.00042580767304121515,100.0,100.0,False
2.0,0.0004722340555418245,100.0,100.0,False
2.0,0.0005237223688824735,100.0,100.0,False
2.0,0.0005808245221814102,100.0,100.0,False
2.0,0.0006441525999493224,100.0,100.0,False
2.0,0.0007143854230931981,100.0,100.0,False
2.0,0.0007922758252752512,100.0,100.0,False
2.0,0.0008786587226230274,100.0,100.0,False
2.0,0.0009744600632908472,100.0,100.0,False
2.0,0.0010807067528039549,100.0,100.0,False
2.0,0.001198537661576262,100.0,100.0,False
2.0,0.001329215832592545,100.0,100.0,False
2.0,0.0014741420201106225,100.0,100.0,False
2.0,0.001634869704506417,100.0,100.0,False
2.0,0.0018131217442077456,100.0,100.0,False
2.0,0.0020108088432108043,100.0,100.0,False
2.0,0.0022300500321347895,100.0,100.0,False
2.0,0.002473195382353419,100.0,100.0,False
2.0,0.002742851196678697,100.0,100.0,False
2.0,0.0030419079466187894,100.0,100.0,False
2.0,0.003373571255672634,100.0,100.0,False
2.0,0.0037413962607747778,100.0,100.0,False
2.0,0.004149325720214712,100.0,100.0,False
2.0,0.004601732276513801,100.0,100.0,False
2.0,0.005103465327280476,100.0,100.0,False
2.0,0.005659903006457729,100.0,100.0,False
2.0,0.006277009833155804,100.0,100.0,False
2.0,0.00696140064601457,100.0,100.0,False
2.0,0.007720411508415302,100.0,100.0,False
2.0,0.008562178344582902,100.0,100.0,False
2.0,0.009495724149488028,100.0,100.0,False
2.0,0.010531055707361887,100.0,100.0,False
2.0,0.011679270855560683,100.0,100.0,False
2.0,0.012952677443553275,100.0,100.0,False
2.0,0.014364925262166945,100.0,100.0,False
2.0,0.01593115235725613,100.0,100.0,False
2.0,0.017668147296146925,100.0,100.0,False
2.0,0.019594529126209955,100.0,100.0,False
2.0,0.02173094695455825,100.0,100.0,False
2.0,0.02410030128818746,100.0,100.0,False
2.0,0.02672798950712899,100.0,100.0,False
2.0,0.02964217810187076,100.0,100.0,False
2.0,0.032874104593189374,100.0,100.0,False
2.0,0.03645841237070733,100.0,100.0,False
2.0,0.040433522039347726,100.0,100.0,False
2.0,0.04484204325419173,100.0,100.0,False
2.0,0.04973123145824381,100.0,100.0,False
2.0,0.05515349441892861,100.0,100.0,False
2.0,0.061166953992942745,100.0,100.0,False
2.0,0.06783606914108303,100.0,100.0,False
2.0,0.0752323268712176,100.0,100.0,False
2.0,0.08343500851569784,100.0,100.0,False
2.0,0.09253203955702538,100.0,100.0,False
2.0,0.10262093211115302,100.0,100.0,False
2.0,0.11380983017100621,100.0,100.0,False
2.0,0.12621866881430865,100.0,100.0,False
2.0,0.1399804598013949,100.0,100.0,False
2.0,0.15524271734347939,100.0,100.0,False
2.0,0.17216903932435343,100.0,100.0,False
2.0,0.1909408609248092,100.0,100.0,False
2.0,0.21175939944708896,100.0,100.0,False
2.0,0.23484781118615636,100.0,100.0,False
2.0,0.2604535834675404,100.0,100.0,False
2.0,0.28885118749227573,100.0,100.0,False
2.0,0.3203450204250925,100.0,100.0,False
2.0,0.35527266826243264,100.0,100.0,False
2.0,0.3940085244553465,100.0,100.0,False
2.0,0.43696780307570626,100.0,100.0,False
2.0,0.4846109895433208,100.0,100.0,False
2.0,0.5374487766218056,100.0,100.0,False
2.0,0.5960475385927138,100.0,100.0,False
2.0,0.6610354022862212,100.0,100.0,False
2.0,0.733108980044444,100.0,100.0,False
2.0,0.8130408367887928,100.0,100.0,False
2.0,0.9016877712317013,100.0,100.0,False
2.0,1.0,100.0,100.0,False
3.0,0.0001,100.0,100.0,False
3.0,0.00011090313431155938,100.0,100.0,False
3.0,0.0001229950520012778,100.0,100.0,False
3.0,0.0001364053677175493,100.0,100.0,False
3.0,0.00015127782816797016,100.0,100.0,False
3.0,0.00016777185295673396,100.0,100.0,False
3.0,0.00018606424342159842,100.0,100.0,False
3.0,0.0002063510777876421,100.0,100.0,False
3.0,0.0002288498129521791,100.0,100.0,False
3.0,0.0002538016154301076,100.0,100.0,False
3.0,0.00028147394644535966,100.0,100.0,False
3.0,0.00031216342887834366,100.0,100.0,False
3.0,0.0003461990268005186,100.0,100.0,False
3.0,0.00038394557167789064,100.0,100.0,False
3.0,0.00042580767304121515,100.0,100.0,False
3.0,0.0004722340555418245,100.0,100.0,False
3.0,0.0005237223688824735,100.0,100.0,False
3.0,0.0005808245221814102,100.0,100.0,False
3.0,0.0006441525999493224,100.0,100.0,False
3.0,0.0007143854230931981,100.0,100.0,False
3.0,0.0007922758252752512,100.0,100.0,False
3.0,0.0008786587226230274,100.0,100.0,False
3.0,0.0009744600632908472,100.0,100.0,False
3.0,0.0010807067528039549,100.0,100.0,False
3.0,0.001198537661576262,100.0,100.0,False
3.0,0.001329215832592545,100.0,100.0,False
3.0,0.0014741420201106225,100.0,100.0,False
3.0,0.001634869704506417,100.0,100.0,False
3.0,0.0018131217442077456,100.0,100.0,False
3.0,0.0020108088432108043,100.0,100.0,False
3.0,0.0022300500321347895,100.0,100.0,False
3.0,0.002473195382353419,100.0,100.0,False
3.0,0.002742851196678697,100.0,100.0,False
3.0,0.0030419079466187894,100.0,100.0,False
3.0,0.003373571255672634,100.0,100.0,False
3.0,0.0037413962607747778,100.0,100.0,False
3.0,0.004149325720214712,100.0,100.0,False
3.0,0.004601732276513801,100.0,100.0,False
3.0,0.005103465327280476,100.0,100.0,False
3.0,0.005659903006457729,100.0,100.0,False
3.0,0.006277009833155804,100.0,100.0,False
3.0,0.00696140064601457,100.0,100.0,False
3.0,0.007720411508415302,100.0,100.0,False
3.0,0.008562178344582902,100.0,100.0,False
3.0,0.009495724149488028,100.0,100.0,False
3.0,0.010531055707361887,100.0,100.0,False
3.0,0.011679270855560683,100.0,100.0,False
3.0,0.012952677443553275,100.0,100.0,False
3.0,0.014364925262166945,100.0,100.0,False
3.0,0.01593115235725613,100.0,100.0,False
3.0,0.017668147296146925,100.0,100.0,False
3.0,0.019594529126209955,100.0,100.0,False
3.0,0.02173094695455825,100.0,100.0,False
3.0,0.02410030128818746,100.0,100.0,False
3.0,0.02672798950712899,100.0,100.0,False
3.0,0.02964217810187076,100.0,100.0,False
3.0,0.032874104593189374,100.0,100.0,False
3.0,0.03645841237070733,100.0,100.0,False
3.0,0.040433522039347726,100.0,100.0,False
3.0,0.04484204325419173,100.0,100.0,False
3.0,0.04973123145824381,100.0,100.0,False
3.0,0.05515349441892861,100.0,100.0,False
3.0,0.061166953992942745,100.0,100.0,False
3.0,0.06783606914108303,100.0,100.0,False
3.0,0.0752323268712176,100.0,100.0,False
3.0,0.08343500851569784,100.0,100.0,False
3.0,0.09253203955702538,100.0,100.0,False
3.0,0.10262093211115302,100.0,100.0,False
3.0,0.11380983017100621,100.0,100.0,False
3.0,0.12621866881430865,100.0,100.0,False
3.0,0.1399804598013949,100.0,100.0,False
3.0,0.15524271734347939,100.0,100.0,False
3.0,0.17216903932435343,100.0,100.0,False
3.0,0.1909408609248092,100.0,100.0,False
3.0,0.21175939944708896,100.0,100.0,False
3.0,0.23484781118615636,100.0,100.0,False
3.0,0.2604535834675404,100.0,100.0,False
3.0,0.28885118749227573,100.0,100.0,False
3.0,0.3203450204250925,100.0,100.0,False
3.0,0.35527266826243264,100.0,100.0,False
3.0,0.3940085244553465,100.0,100.0,False
3.0,0.43696780307570626,100.0,100.0,False
3.0,0.4846109895433208,100.0,100.0,False
3.0,0.5374487766218056,100.0,100.0,False
3.0,0.5960475385927138,100.0,100.0,False
3.0,0.6610354022862212,100.0,100.0,False
3.0,0.733108980044444,100.0,100.0,False
3.0,0.8130408367887928,100.0,100.0,False
3.0,0.9016877712317013,100.0,100.0,False
3.0,1.0,100.0,100.0,False
4.0,0.0001,100.0,100.0,False
4.0,0.00011090313431155938,100.0,100.0,False
4.0,0.0001229950520012778,100.0,100.0,False
4.0,0.0001364053677175493,100.0,100.0,False
4.0,0.00015127782816797016,100.0,100.0,False
4.0,0.00016777185295673396,100.0,100.0,False
4.0,0.00018606424342159842,100.0,100.0,False
4.0,0.0002063510777876421,100.0,100.0,False
4.0,0.0002288498129521791,100.0,100.0,False
4.0,0.0002538016154301076,100.0,100.0,False
4.0,0.00028147394644535966,100.0,100.0,False
4.0,0.00031216342887834366,100.0,100.0,False
4.0,0.0003461990268005186,100.0,100.0,False
4.0,0.00038394557167789064,100.0,100.0,False
4.0,0.00042580767304121515,100.0,100.0,False
4.0,0.0004722340555418245,100.0,100.0,False
4.0,0.0005237223688824735,100.0,100.0,False
4.0,0.0005808245221814102,100.0,100.0,False
4.0,0.0006441525999493224,100.0,100.0,False
4.0,0.0007143854230931981,100.0,100.0,False
4.0,0.0007922758252752512,100.0,100.0,False
4.0,0.0008786587226230274,100.0,100.0,False
4.0,0.0009744600632908472,100.0,100.0,False
4.0,0.0010807067528039549,100.0,100.0,False
4.0,0.001198537661576262,100.0,100.0,False
4.0,0.001329215832592545,100.0,100.0,False
4.0,0.0014741420201106225,100.0,100.0,False
4.0,0.001634869704506417,100.0,100.0,False
4.0,0.0018131217442077456,100.0,100.0,False
4.0,0.0020108088432108043,100.0,100.0,False
4.0,0.0022300500321347895,100.0,100.0,False
4.0,0.002473195382353419,100.0,100.0,False
4.0,0.002742851196678697,100.0,100.0,False
4.0,0.0030419079466187894,100.0,100.0,False
4.0,0.003373571255672634,100.0,100.0,False
4.0,0.0037413962607747778,100.0,100.0,False
4.0,0.004149325720214712,100.0,100.0,False
4.0,0.004601732276513801,100.0,100.0,False
4.0,0.005103465327280476,100.0,100.0,False
4.0,0.005659903006457729,100.0,100.0,False
4.0,0.006277009833155804,100.0,100.0,False
4.0,0.00696140064601457,100.0,100.0,False
4.0,0.007720411508415302,100.0,100.0,False
4.0,0.008562178344582902,100.0,100.0,False
4.0,0.009495724149488028,100.0,100.0,False
4.0,0.010531055707361887,100.0,100.0,False
4.0,0.011679270855560683,100.0,100.0,False
4.0,0.012952677443553275,100.0,100.0,False
4.0,0.014364925262166945,100.0,100.0,False
4.0,0.01593115235725613,100.0,100.0,False
4.0,0.017668147296146925,100.0,100.0,False
4.0,0.019594529126209955,100.0,100.0,False
4.0,0.02173094695455825,100.0,100.0,False
4.0,0.02410030128818746,100.0,100.0,False
4.0,0.02672798950712899,100.0,100.0,False
4.0,0.02964217810187076,100.0,100.0,False
4.0,0.032874104593189374,100.0,100.0,False
4.0,0.03645841237070733,100.0,100.0,False
4.0,0.040433522039347726,100.0,100.0,False
4.0,0.04484204325419173,100.0,100.0,False
4.0,0.04973123145824381,100.0,100.0,False
4.0,0.05515349441892861,100.0,100.0,False
4.0,0.061166953992942745,100.0,100.0,False
4.0,0.06783606914108303,100.0,100.0,False
4.0,0.0752323268712176,100.0,100.0,False
4.0,0.08343500851569784,100.0,100.0,False
4.0,0.09253203955702538,100.0,100.0,False
4.0,0.10262093211115302,100.0,100.0,False
4.0,0.11380983017100621,100.0,100.0,False
4.0,0.12621866881430865,100.0,100.0,False
4.0,0.1399804598013949,100.0,100.0,False
4.0,0.15524271734347939,100.0,100.0,False
4.0,0.17216903932435343,100.0,100.0,False
4.0,0.1909408609248092,100.0,100.0,False
4.0,0.21175939944708896,100.0,100.0,False
4.0,0.23484781118615636,100.0,100.0,False
4.0,0.2604535834675404,100.0,100.0,False
4.0,0.28885118749227573,100.0,100.0,False
4.0,0.3203450204250925,100.0,100.0,False
4.0,0.35527266826243264,100.0,100.0,False
4.0,0.3940085244553465,100.0,100.0,False
4.0,0.43696780307570626,100.0,100.0,False
4.0,0.4846109895433208,100.0,100.0,False
4.0,0.5374487766218056,100.0,100.0,False
4.0,0.5960475385927138,100.0,100.0,False
4.0,0.6610354022862212,100.0,100.0,False
4.0,0.733108980044444,100.0,100.0,False
4.0,0.8130408367887928,100.0,100.0,False
4.0,0.9016877712317013,100.0,100.0,False
4.0,1.0,100.0,100.0,False
5.0,0.0001,100.0,100.0,False
5.0,0.00011090313431155938,100.0,100.0,False
5.0,0.0001229950520012778,100.0,100.0,False
5.0,0.0001364053677175493,100.0,100.0,False
5.0,0.00015127782816797016,100.0,100.0,False
5.0,0.00016777185295673396,100.0,100.0,False
5.0,0.00018606424342159842,100.0,100.0,False
5.0,0.0002063510777876421,100.0,100.0,False
5.0,0.0002288498129521791,100.0,100.0,False
5.0,0.0002538016154301076,100.0,100.0,False
5.0,0.00028147394644535966,100.0,100.0,False
5.0,0.00031216342887834366,100.0,100.0,False
5.0,0.0003461990268005186,100.0,100.0,False
5.0,0.00038394557167789064,100.0,100.0,False
5.0,0.00042580767304121515,100.0,100.0,False
5.0,0.0004722340555418245,100.0,100.0,False
5.0,0.0005237223688824735,100.0,100.0,False
5.0,0.0005808245221814102,100.0,100.0,False
5.0,0.0006441525999493224,100.0,100.0,False
5.0,0.0007143854230931981,100.0,100.0,False
5.0,0.0007922758252752512,100.0,100.0,False
5.0,0.0008786587226230274,100.0,100.0,False
5.0,0.0009744600632908472,100.0,100.0,False
5.0,0.0010807067528039549,100.0,100.0,False
5.0,0.001198537661576262,100.0,100.0,False
5.0,0.001329215832592545,100.0,100.0,False
5.0,0.0014741420201106225,100.0,100.0,False
5.0,0.001634869704506417,100.0,100.0,False
5.0,0.0018131217442077456,100.0,100.0,False
5.0,0.0020108088432108043,100.0,100.0,False
5.0,0.0022300500321347895,100.0,100.0,False
5.0,0.002473195382353419,100.0,100.0,False
5.0,0.002742851196678697,100.0,100.0,False
5.0,0.0030419079466187894,100.0,100.0,False
5.0,0.003373571255672634,100.0,100.0,False
5.0,0.0037413962607747778,100.0,100.0,False
5.0,0.004149325720214712,100.0,100.0,False
5.0,0.004601732276513801,100.0,100.0,False
5.0,0.005103465327280476,100.0,100.0,False
5.0,0.005659903006457729,100.0,100.0,False
5.0,0.006277009833155804,100.0,100.0,False
5.0,0.00696140064601457,100.0,100.0,False
5.0,0.007720411508415302,100.0,100.0,False
5.0,0.008562178344582902,100.0,100.0,False
5.0,0.009495724149488028,100.0,100.0,False
5.0,0.010531055707361887,100.0,100.0,False
5.0,0.011679270855560683,100.0,100.0,False
5.0,0.012952677443553275,100.0,100.0,False
5.0,0.014364925262166945,100.0,100.0,False
5.0,0.01593115235725613,100.0,100.0,False
5.0,0.017668147296146925,100.0,100.0,False
5.0,0.019594529126209955,100.0,100.0,False
5.0,0.02173094695455825,100.0,100.0,False
5.0,0.02410030128818746,100.0,100.0,False
5.0,0.02672798950712899,100.0,100.0,False
5.0,0.02964217810187076,100.0,100.0,False
5.0,0.032874104593189374,100.0,100.0,False
5.0,0.03645841237070733,100.0,100.0,False
5.0,0.040433522039347726,100.0,100.0,False
5.0,0.04484204325419173,100.0,100.0,False
5.0,0.04973123145824381,100.0,100.0,False
5.0,0.05515349441892861,100.0,100.0,False
5.0,0.061166953992942745,100.0,100.0,False
5.0,0.06783606914108303,100.0,100.0,False
5.0,0.0752323268712176,100.0,100.0,False
5.0,0.08343500851569784,100.0,100.0,False
5.0,0.09253203955702538,100.0,100.0,False
5.0,0.10262093211115302,100.0,100.0,False
5.0,0.11380983017100621,100.0,100.0,False
5.0,0.12621866881430865,100.0,100.0,False
5.0,0.1399804598013949,100.0,100.0,False
5.0,0.15524271734347939,100.0,100.0,False
5.0,0.17216903932435343,100.0,100.0,False
5.0,0.1909408609248092,100.0,100.0,False
5.0,0.21175939944708896,100.0,100.0,False
5.0,0.23484781118615636,100.0,100.0,False
5.0,0.2604535834675404,100.0,100.0,False
5.0,0.28885118749227573,100.0,100.0,False
5.0,0.3203450204250925,100.0,100.0,False
5.0,0.35527266826243264,100.0,100.0,False
5.0,0.3940085244553465,100.0,100.0,False
5.0,0.43696780307570626,100.0,100.0,False
5.0,0.4846109895433208,100.0,100.0,False
5.0,0.5374487766218056,100.0,100.0,False
5.0,0.5960475385927138,100.0,100.0,False
5.0,0.6610354022862212,100.0,100.0,False
5.0,0.733108980044444,100.0,100.0,False
5.0,0.8130408367887928,100.0,100.0,False
5.0,0.9016877712317013,100.0,100.0,False
5.0,1.0,100.0,100.0,False
6.0,0.0001,100.0,100.0,False
6.0,0.00011090313431155938,100.0,100.0,False
6.0,0.0001229950520012778,100.0,100.0,False
6.0,0.0001364053677175493,100.0,100.0,False
6.0,0.00015127782816797016,100.0,100.0,False
6.0,0.00016777185295673396,100.0,100.0,False
6.0,0.00018606424342159842,100.0,100.0,False
6.0,0.0002063510777876421,100.0,100.0,False
6.0,0.0002288498129521791,100.0,100.0,False
6.0,0.0002538016154301076,100.0,100.0,False
6.0,0.00028147394644535966,100.0,100.0,False
6.0,0.00031216342887834366,100.0,100.0,False
6.0,0.0003461990268005186,100.0,100.0,False
6.0,0.00038394557167789064,100.0,100.0,False
6.0,0.00042580767304121515,100.0,100.0,False
6.0,0.0004722340555418245,100.0,100.0,False
6.0,0.0005237223688824735,100.0,100.0,False
6.0,0.0005808245221814102,100.0,100.0,False
6.0,0.0006441525999493224,100.0,100.0,False
6.0,0.0007143854230931981,100.0,100.0,False
6.0,0.0007922758252752512,100.0,100.0,False
6.0,0.0008786587226230274,100.0,100.0,False
6.0,0.0009744600632908472,100.0,100.0,False
6.0,0.0010807067528039549,100.0,100.0,False
6.0,0.001198537661576262,100.0,100.0,False
6.0,0.001329215832592545,100.0,100.0,False
6.0,0.0014741420201106225,100.0,100.0,False
6.0,0.001634869704506417,100.0,100.0,False
6.0,0.0018131217442077456,100.0,100.0,False
6.0,0.0020108088432108043,100.0,100.0,False
6.0,0.0022300500321347895,100.0,100.0,False
6.0,0.002473195382353419,100.0,100.0,False
6.0,0.002742851196678697,100.0,100.0,False
6.0,0.0030419079466187894,100.0,100.0,False
6.0,0.003373571255672634,100.0,100.0,False
6.0,0.0037413962607747778,100.0,100.0,False
6.0,0.004149325720214712,100.0,100.0,False
6.0,0.004601732276513801,100.0,100.0,False
6.0,0.005103465327280476,100.0,100.0,False
6.0,0.005659903006457729,100.0,100.0,False
6.0,0.006277009833155804,100.0,100.0,False
6.0,0.00696140064601457,100.0,100.0,False
6.0,0.007720411508415302,100.0,100.0,False
6.0,0.008562178344582902,100.0,100.0,False
6.0,0.009495724149488028,100.0,100.0,False
6.0,0.010531055707361887,100.0,100.0,False
6.0,0.011679270855560683,100.0,100.0,False
6.0,0.012952677443553275,100.0,100.0,False
6.0,0.014364925262166945,100.0,100.0,False
6.0,0.01593115235725613,100.0,100.0,False
6.0,0.017668147296146925,100.0,100.0,False
6.0,0.019594529126209955,100.0,100.0,False
6.0,0.02173094695455825,100.0,100.0,False
6.0,0.02410030128818746,100.0,100.0,False
6.0,0.02672798950712899,100.0,100.0,False
6.0,0.02964217810187076,100.0,100.0,False
6.0,0.032874104593189374,100.0,100.0,False
6.0,0.03645841237070733,100.0,100.0,False
6.0,0.040433522039347726,100.0,100.0,False
6.0,0.04484204325419173,100.0,100.0,False
6.0,0.04973123145824381,100.0,100.0,False
6.0,0.05515349441892861,100.0,100.0,False
6.0,0.061166953992942745,100.0,100.0,False
6.0,0.06783606914108303,100.0,100.0,False
6.0,0.0752323268712176,100.0,100.0,False
6.0,0.08343500851569784,100.0,100.0,False
6.0,0.09253203955702538,100.0,100.0,False
6.0,0.10262093211115302,100.0,100.0,False
6.0,0.11380983017100621,100.0,100.0,False
6.0,0.12621866881430865,100.0,100.0,False
6.0,0.1399804598013949,100.0,100.0,False
6.0,0.15524271734347939,100.0,100.0,False
6.0,0.17216903932435343,100.0,100.0,False
6.0,0.1909408609248092,100.0,100.0,False
6.0,0.21175939944708896,100.0,100.0,False
6.0,0.23484781118615636,100.0,100.0,False
6.0,0.2604535834675404,100.0,100.0,False
6.0,0.28885118749227573,100.0,100.0,False
6.0,0.3203450204250925,100.0,100.0,False
6.0,0.35527266826243264,100.0,100.0,False
6.0,0.3940085244553465,100.0,100.0,False
6.0,0.43696780307570626,100.0,100.0,False
6.0,0.4846109895433208,100.0,100.0,False
6.0,0.5374487766218056,100.0,100.0,False
6.0,0.5960475385927138,100.0,100.0,False
6.0,0.6610354022862212,100.0,100.0,False
6.0,0.733108980044444,100.0,100.0,False
6.0,0.8130408367887928,100.0,100.0,False
6.0,0.9016877712317013,100.0,100.0,False
6.0,1.0,100.0,100.0,False
7.0,0.0001,100.0,100.0,False
7.0,0.00011090313431155938,100.0,100.0,False
7.0,0.0001229950520012778,100.0,100.0,False
7.0,0.0001364053677175493,100.0,100.0,False
7.0,0.00015127782816797016,100.0,100.0,False
7.0,0.00016777185295673396,100.0,100.0,False
7.0,0.00018606424342159842,100.0,100.0,False
7.0,0.0002063510777876421,100.0,100.0,False
7.0,0.0002288498129521791,100.0,100.0,False
7.0,0.0002538016154301076,100.0,100.0,False
7.0,0.00028147394644535966,100.0,100.0,False
7.0,0.00031216342887834366,100.0,100.0,False
7.0,0.0003461990268005186,100.0,100.0,False
7.0,0.00038394557167789064,100.0,100.0,False
7.0,0.00042580767304121515,100.0,100.0,False
7.0,0.0004722340555418245,100.0,100.0,False
7.0,0.0005237223688824735,100.0,100.0,False
7.0,0.0005808245221814102,100.0,100.0,False
7.0,0.0006441525999493224,100.0,100.0,False
7.0,0.0007143854230931981,100.0,100.0,False
7.0,0.0007922758252752512,100.0,100.0,False
7.0,0.0008786587226230274,100.0,100.0,False
7.0,0.0009744600632908472,100.0,100.0,False
7.0,0.0010807067528039549,100.0,100.0,False
7.0,0.001198537661576262,100.0,100.0,False
7.0,0.001329215832592545,100.0,100.0,False
7.0,0.0014741420201106225,100.0,100.0,False
7.0,0.001634869704506417,100.0,100.0,False
7.0,0.0018131217442077456,100.0,100.0,False
7.0,0.0020108088432108043,100.0,100.0,False
7.0,0.0022300500321347895,100.0,100.0,False
7.0,0.002473195382353419,100.0,100.0,False
7.0,0.002742851196678697,100.0,100.0,False
7.0,0.0030419079466187894,100.0,100.0,False
7.0,0.003373571255672634,100.0,100.0,False
7.0,0.0037413962607747778,100.0,100.0,False
7.0,0.004149325720214712,100.0,100.0,False
7.0,0.004601732276513801,100.0,100.0,False
7.0,0.005103465327280476,100.0,100.0,False
7.0,0.005659903006457729,100.0,100.0,False
7.0,0.006277009833155804,100.0,100.0,False
7.0,0.00696140064601457,100.0,100.0,False
7.0,0.007720411508415302,100.0,100.0,False
7.0,0.008562178344582902,100.0,100.0,False
7.0,0.009495724149488028,100.0,100.0,False
7.0,0.010531055707361887,100.0,100.0,False
7.0,0.011679270855560683,100.0,100.0,False
7.0,0.012952677443553275,100.0,100.0,False
7.0,0.014364925262166945,100.0,100.0,False
7.0,0.01593115235725613,100.0,100.0,False
7.0,0.017668147296146925,100.0,100.0,False
7.0,0.019594529126209955,100.0,100.0,False
7.0,0.02173094695455825,100.0,100.0,False
7.0,0.02410030128818746,100.0,100.0,False
7.0,0.02672798950712899,100.0,100.0,False
7.0,0.02964217810187076,100.0,100.0,False
7.0,0.032874104593189374,100.0,100.0,False
7.0,0.03645841237070733,100.0,100.0,False
7.0,0.040433522039347726,100.0,100.0,False
7.0,0.04484204325419173,100.0,100.0,False
7.0,0.04973123145824381,100.0,100.0,False
7.0,0.05515349441892861,100.0,100.0,False
7.0,0.061166953992942745,100.0,100.0,False
7.0,0.06783606914108303,100.0,100.0,False
7.0,0.0752323268712176,100.0,100.0,False
7.0,0.08343500851569784,100.0,100.0,False
7.0,0.09253203955702538,100.0,100.0,False
7.0,0.10262093211115302,100.0,100.0,False
7.0,0.11380983017100621,100.0,100.0,False
7.0,0.12621866881430865,100.0,100.0,False
7.0,0.1399804598013949,100.0,100.0,False
7.0,0.15524271734347939,100.0,100.0,False
7.0,0.17216903932435343,100.0,100.0,False
7.0,0.1909408609248092,100.0,100.0,False
7.0,0.21175939944708896,100.0,100.0,False
7.0,0.23484781118615636,100.0,100.0,False
7.0,0.2604535834675404,100.0,100.0,False
7.0,0.28885118749227573,100.0,100.0,False
7.0,0.3203450204250925,100.0,100.0,False
7.0,0.35527266826243264,100.0,100.0,False
7.0,0.3940085244553465,100.0,100.0,False
7.0,0.43696780307570626,100.0,100.0,False
7.0,0.4846109895433208,100.0,100.0,False
7.0,0.5374487766218056,100.0,100.0,False
7.0,0.5960475385927138,100.0,100.0,False
7.0,0.6610354022862212,100.0,100.0,False
7.0,0.733108980044444,100.0,100.0,False
7.0,0.8130408367887928,100.0,100.0,False
7.0,0.9016877712317013,100.0,100.0,False
7.0,1.0,100.0,100.0,False
8.0,0.0001,100.0,100.0,False
8.0,0.00011090313431155938,100.0,100.0,False
8.0,0.0001229950520012778,100.0,100.0,False
8.0,0.0001364053677175493,100.0,100.0,False
8.0,0.00015127782816797016,100.0,100.0,False
8.0,0.00016777185295673396,100.0,100.0,False
8.0,0.00018606424342159842,100.0,100.0,False
8.0,0.0002063510777876421,100.0,100.0,False
8.0,0.0002288498129521791,100.0,100.0,False
8.0,0.0002538016154301076,100.0,100.0,False
8.0,0.00028147394644535966,100.0,100.0,False
8.0,0.00031216342887834366,100.0,100.0,False
8.0,0.0003461990268005186,100.0,100.0,False
8.0,0.00038394557167789064,100.0,100.0,False
8.0,0.00042580767304121515,100.0,100.0,False
8.0,0.0004722340555418245,100.0,100.0,False
8.0,0.0005237223688824735,100.0,100.0,False
8.0,0.0005808245221814102,100.0,100.0,False
8.0,0.0006441525999493224,100.0,100.0,False
8.0,0.0007143854230931981,100.0,100.0,False
8.0,0.0007922758252752512,100.0,100.0,False
8.0,0.0008786587226230274,100.0,100.0,False
8.0,0.0009744600632908472,100.0,100.0,False
8.0,0.0010807067528039549,100.0,100.0,False
8.0,0.001198537661576262,100.0,100.0,False
8.0,0.001329215832592545,100.0,100.0,False
8.0,0.0014741420201106225,100.0,100.0,False
8.0,0.001634869704506417,100.0,100.0,False
8.0,0.0018131217442077456,100.0,100.0,False
8.0,0.0020108088432108043,100.0,100.0,False
8.0,0.0022300500321347895,100.0,100.0,False
8.0,0.002473195382353419,100.0,100.0,False
8.0,0.002742851196678697,100.0,100.0,False
8.0,0.0030419079466187894,100.0,100.0,False
8.0,0.003373571255672634,100.0,100.0,False
8.0,0.0037413962607747778,100.0,100.0,False
8.0,0.004149325720214712,100.0,100.0,False
8.0,0.004601732276513801,100.0,100.0,False
8.0,0.005103465327280476,100.0,100.0,False
8.0,0.005659903006457729,100.0,100.0,False
8.0,0.006277009833155804,100.0,100.0,False
8.0,0.00696140064601457,100.0,100.0,False
8.0,0.007720411508415302,100.0,100.0,False
8.0,0.008562178344582902,100.0,100.0,False
8.0,0.009495724149488028,100.0,100.0,False
8.0,0.010531055707361887,100.0,100.0,False
8.0,0.011679270855560683,100.0,100.0,False
8.0,0.012952677443553275,100.0,100.0,False
8.0,0.014364925262166945,100.0,100.0,False
8.0,0.01593115235725613,100.0,100.0,False
8.0,0.017668147296146925,100.0,100.0,False
8.0,0.019594529126209955,100.0,100.0,False
8.0,0.02173094695455825,100.0,100.0,False
8.0,0.02410030128818746,100.0,100.0,False
8.0,0.02672798950712899,100.0,100.0,False
8.0,0.02964217810187076,100.0,100.0,False
8.0,0.032874104593189374,100.0,100.0,False
8.0,0.03645841237070733,100.0,100.0,False
8.0,0.040433522039347726,100.0,100.0,False
8.0,0.04484204325419173,100.0,100.0,False
8.0,0.04973123145824381,100.0,100.0,False
8.0,0.05515349441892861,100.0,100.0,False
8.0,0.061166953992942745,100.0,100.0,False
8.0,0.06783606914108303,100.0,100.0,False
8.0,0.0752323268712176,100.0,100.0,False
8.0,0.08343500851569784,100.0,100.0,False
8.0,0.09253203955702538,100.0,100.0,False
8.0,0.10262093211115302,100.0,100.0,False
8.0,0.11380983017100621,100.0,100.0,False
8.0,0.12621866881430865,100.0,100.0,False
8.0,0.1399804598013949,100.0,100.0,False
8.0,0.15524271734347939,100.0,100.0,False
8.0,0.17216903932435343,100.0,100.0,False
8.0,0.1909408609248092,100.0,100.0,False
8.0,0.21175939944708896,100.0,100.0,False
8.0,0.23484781118615636,100.0,100.0,False
8.0,0.2604535834675404,100.0,100.0,False
8.0,0.28885118749227573,100.0,100.0,False
8.0,0.3203450204250925,100.0,100.0,False
8.0,0.35527266826243264,100.0,100.0,False
8.0,0.3940085244553465,100.0,100.0,False
8.0,0.43696780307570626,100.0,100.0,False
8.0,0.4846109895433208,100.0,100.0,False
8.0,0.5374487766218056,100.0,100.0,False
8.0,0.5960475385927138,100.0,100.0,False
8.0,0.6610354022862212,100.0,100.0,False
8.0,0.733108980044444,100.0,100.0,False
8.0,0.8130408367887928,100.0,100.0,False
8.0,0.9016877712317013,100.0,100.0,False
8.0,1.0,100.0,100.0,False
9.0,0.0001,100.0,100.0,False
9.0,0.00011090313431155938,100.0,100.0,False
9.0,0.0001229950520012778,100.0,100.0,False
9.0,0.0001364053677175493,100.0,100.0,False
9.0,0.00015127782816797016,100.0,100.0,False
9.0,0.00016777185295673396,100.0,100.0,False
9.0,0.00018606424342159842,100.0,100.0,False
9.0,0.0002063510777876421,100.0,100.0,False
9.0,0.0002288498129521791,100.0,100.0,False
9.0,0.0002538016154301076,100.0,100.0,False
9.0,0.00028147394644535966,100.0,100.0,False
9.0,0.00031216342887834366,100.0,100.0,False
9.0,0.0003461990268005186,100.0,100.0,False
9.0,0.00038394557167789064,100.0,100.0,False
9.0,0.00042580767304121515,100.0,100.0,False
9.0,0.0004722340555418245,100.0,100.0,False
9.0,0.0005237223688824735,100.0,100.0,False
9.0,0.0005808245221814102,100.0,100.0,False
9.0,0.0006441525999493224,100.0,100.0,False
9.0,0.0007143854230931981,100.0,100.0,False
9.0,0.0007922758252752512,100.0,100.0,False
9.0,0.0008786587226230274,100.0,100.0,False
9.0,0.0009744600632908472,100.0,100.0,False
9.0,0.0010807067528039549,100.0,100.0,False
9.0,0.001198537661576262,100.0,100.0,False
9.0,0.001329215832592545,100.0,100.0,False
9.0,0.0014741420201106225,100.0,100.0,False
9.0,0.001634869704506417,100.0,100.0,False
9.0,0.0018131217442077456,100.0,100.0,False
9.0,0.0020108088432108043,100.0,100.0,False
9.0,0.0022300500321347895,100.0,100.0,False
9.0,0.002473195382353419,100.0,100.0,False
9.0,0.002742851196678697,100.0,100.0,False
9.0,0.0030419079466187894,100.0,100.0,False
9.0,0.003373571255672634,100.0,100.0,False
9.0,0.0037413962607747778,100.0,100.0,False
9.0,0.004149325720214712,100.0,100.0,False
9.0,0.004601732276513801,100.0,100.0,False
9.0,0.005103465327280476,100.0,100.0,False
9.0,0.005659903006457729,100.0,100.0,False
9.0,0.006277009833155804,100.0,100.0,False
9.0,0.00696140064601457,100.0,100.0,False
9.0,0.007720411508415302,100.0,100.0,False
9.0,0.008562178344582902,100.0,100.0,False
9.0,0.009495724149488028,100.0,100.0,False
9.0,0.010531055707361887,100.0,100.0,False
9.0,0.011679270855560683,100.0,100.0,False
9.0,0.012952677443553275,100.0,100.0,False
9.0,0.014364925262166945,100.0,100.0,False
9.0,0.01593115235725613,100.0,100.0,False
9.0,0.017668147296146925,100.0,100.0,False
9.0,0.019594529126209955,100.0,100.0,False
9.0,0.02173094695455825,100.0,100.0,False
9.0,0.02410030128818746,100.0,100.0,False
9.0,0.02672798950712899,100.0,100.0,False
9.0,0.02964217810187076,100.0,100.0,False
9.0,0.032874104593189374,100.0,100.0,False
9.0,0.03645841237070733,100.0,100.0,False
9.0,0.040433522039347726,100.0,100.0,False
9.0,0.04484204325419173,100.0,100.0,False
9.0,0.04973123145824381,100.0,100.0,False
9.0,0.05515349441892861,100.0,100.0,False
9.0,0.061166953992942745,100.0,100.0,False
9.0,0.06783606914108303,100.0,100.0,False
9.0,0.0752323268712176,100.0,100.0,False
9.0,0.08343500851569784,100.0,100.0,False
9.0,0.09253203955702538,100.0,100.0,False
9.0,0.10262093211115302,100.0,100.0,False
9.0,0.11380983017100621,100.0,100.0,False
9.0,0.12621866881430865,100.0,100.0,False
9.0,0.1399804598013949,100.0,100.0,False
9.0,0.15524271734347939,100.0,100.0,False
9.0,0.17216903932435343,100.0,100.0,False
9.0,0.1909408609248092,100.0,100.0,False
9.0,0.21175939944708896,100.0,100.0,False
9.0,0.23484781118615636,100.0,100.0,False
9.0,0.2604535834675404,100.0,100.0,False
9.0,0.28885118749227573,100.0,100.0,False
9.0,0.3203450204250925,100.0,100.0,False
9.0,0.35527266826243264,100.0,100.0,False
9.0,0.3940085244553465,100.0,100.0,False
9.0,0.43696780307570626,100.0,100.0,False
9.0,0.4846109895433208,100.0,100.0,False
9.0,0.5374487766218056,100.0,100.0,False
9.0,0.5960475385927138,100.0,100.0,False
9.0,0.6610354022862212,100.0,100.0,False
9.0,0.733108980044444,100.0,100.0,False
9.0,0.8130408367887928,100.0,100.0,False
9.0,0.9016877712317013,100.0,100.0,False
9.0,1.0,100.0,100.0,False
10.0,0.0001,100.0,100.0,False
10.0,0.00011090313431155938,100.0,100.0,False
10.0,0.0001229950520012778,100.0,100.0,False
10.0,0.0001364053677175493,100.0,100.0,False
10.0,0.00015127782816797016,100.0,100.0,False
10.0,0.00016777185295673396,100.0,100.0,False
10.0,0.00018606424342159842,100.0,100.0,False
10.0,0.0002063510777876421,100.0,100.0,False
10.0,0.0002288498129521791,100.0,100.0,False
10.0,0.0002538016154301076,100.0,100.0,False
10.0,0.00028147394644535966,100.0,100.0,False
10.0,0.00031216342887834366,100.0,100.0,False
10.0,0.0003461990268005186,100.0,100.0,False
10.0,0.00038394557167789064,100.0,100.0,False
10.0,0.00042580767304121515,100.0,100.0,False
10.0,0.0004722340555418245,100.0,100.0,False
10.0,0.0005237223688824735,100.0,100.0,False
10.0,0.0005808245221814102,100.0,100.0,False
10.0,0.0006441525999493224,100.0,100.0,False
10.0,0.0007143854230931981,100.0,100.0,False
10.0,0.0007922758252752512,100.0,100.0,False
10.0,0.0008786587226230274,100.0,100.0,False
10.0,0.0009744600632908472,100.0,100.0,False
10.0,0.0010807067528039549,100.0,100.0,False
10.0,0.001198537661576262,100.0,100.0,False
10.0,0.001329215832592545,100.0,100.0,False
10.0,0.0014741420201106225,100.0,100.0,False
10.0,0.001634869704506417,100.0,100.0,False
10.0,0.0018131217442077456,100.0,100.0,False
10.0,0.0020108088432108043,100.0,100.0,False
10.0,0.0022300500321347895,100.0,100.0,False
10.0,0.002473195382353419,100.0,100.0,False
10.0,0.002742851196678697,100.0,100.0,False
10.0,0.0030419079466187894,100.0,100.0,False
10.0,0.003373571255672634,100.0,100.0,False
10.0,0.0037413962607747778,100.0,100.0,False
10.0,0.004149325720214712,100.0,100.0,False
10.0,0.004601732276513801,100.0,100.0,False
10.0,0.005103465327280476,100.0,100.0,False
10.0,0.005659903006457729,100.0,100.0,False
10.0,0.006277009833155804,100.0,100.0,False
10.0,0.00696140064601457,100.0,100.0,False
10.0,0.007720411508415302,100.0,100.0,False
10.0,0.008562178344582902,100.0,100.0,False
10.0,0.009495724149488028,100.0,100.0,False
10.0,0.010531055707361887,100.0,100.0,False
10.0,0.011679270855560683,100.0,100.0,False
10.0,0.012952677443553275,100.0,100.0,False
10.0,0.014364925262166945,100.0,100.0,False
10.0,0.01593115235725613,100.0,100.0,False
10.0,0.017668147296146925,100.0,100.0,False
10.0,0.019594529126209955,100.0,100.0,False
10.0,0.02173094695455825,100.0,100.0,False
10.0,0.02410030128818746,100.0,100.0,False
10.0,0.02672798950712899,100.0,100.0,False
10.0,0.02964217810187076,100.0,100.0,False
10.0,0.032874104593189374,100.0,100.0,False
10.0,0.03645841237070733,100.0,100.0,False
10.0,0.040433522039347726,100.0,100.0,False
10.0,0.04484204325419173,100.0,100.0,False
10.0,0.04973123145824381,100.0,100.0,False
10.0,0.05515349441892861,100.0,100.0,False
10.0,0.061166953992942745,100.0,100.0,False
10.0,0.06783606914108303,100.0,100.0,False
10.0,0.0752323268712176,100.0,100.0,False
10.0,0.08343500851569784,100.0,100.0,False
10.0,0.09253203955702538,100.0,100.0,False
10.0,0.10262093211115302,100.0,100.0,False
10.0,0.11380983017100621,100.0,100.0,False
10.0,0.12621866881430865,100.0,100.0,False
10.0,0.1399804598013949,100.0,100.0,False
10.0,0.15524271734347939,100.0,100.0,False
10.0,0.17216903932435343,100.0,100.0,False
10.0,0.1909408609248092,100.0,100.0,False
10.0,0.21175939944708896,100.0,100.0,False
10.0,0.23484781118615636,100.0,100.0,False
10.0,0.2604535834675404,100.0,100.0,False
10.0,0.28885118749227573,100.0,100.0,False
10.0,0.3203450204250925,100.0,100.0,False
10.0,0.35527266826243264,100.0,100.0,False
10.0,0.3940085244553465,100.0,100.0,False
10.0,0.43696780307570626,100.0,100.0,False
10.0,0.4846109895433208,100.0,100.0,False
10.0,0.5374487766218056,100.0,100.0,False
10.0,0.5960475385927138,100.0,100.0,False
10.0,0.6610354022862212,100.0,100.0,False
10.0,0.733108980044444,100.0,100.0,False
10.0,0.8130408367887928,100.0,100.0,False
10.0,0.9016877712317013,100.0,100.0,False
10.0,1.0,100.0,100.0,False
11.0,0.0001,100.0,100.0,False
11.0,0.00011090313431155938,100.0,100.0,False
11.0,0.0001229950520012778,100.0,100.0,False
11.0,0.0001364053677175493,100.0,100.0,False
11.0,0.00015127782816797016,100.0,100.0,False
11.0,0.00016777185295673396,100.0,100.0,False
11.0,0.00018606424342159842,100.0,100.0,False
11.0,0.0002063510777876421,100.0,100.0,False
11.0,0.0002288498129521791,100.0,100.0,False
11.0,0.0002538016154301076,100.0,100.0,False
11.0,0.00028147394644535966,100.0,100.0,False
11.0,0.00031216342887834366,100.0,100.0,False
11.0,0.0003461990268005186,100.0,100.0,False
11.0,0.00038394557167789064,100.0,100.0,False
11.0,0.00042580767304121515,100.0,100.0,False
11.0,0.0004722340555418245,100.0,100.0,False
11.0,0.0005237223688824735,100.0,100.0,False
11.0,0.0005808245221814102,100.0,100.0,False
11.0,0.0006441525999493224,100.0,100.0,False
11.0,0.0007143854230931981,100.0,100.0,False
11.0,0.0007922758252752512,100.0,100.0,False
11.0,0.0008786587226230274,100.0,100.0,False
11.0,0.0009744600632908472,100.0,100.0,False
11.0,0.0010807067528039549,100.0,100.0,False
11.0,0.001198537661576262,100.0,100.0,False
11.0,0.001329215832592545,100.0,100.0,False
11.0,0.0014741420201106225,100.0,100.0,False
11.0,0.001634869704506417,100.0,100.0,False
11.0,0.0018131217442077456,100.0,100.0,False
11.0,0.0020108088432108043,100.0,100.0,False
11.0,0.0022300500321347895,100.0,100.0,False
11.0,0.002473195382353419,100.0,100.0,False
11.0,0.002742851196678697,100.0,100.0,False
11.0,0.0030419079466187894,100.0,100.0,False
11.0,0.003373571255672634,100.0,100.0,False
11.0,0.0037413962607747778,100.0,100.0,False
11.0,0.004149325720214712,100.0,100.0,False
11.0,0.004601732276513801,100.0,100.0,False
11.0,0.005103465327280476,100.0,100.0,False
11.0,0.005659903006457729,100.0,100.0,False
11.0,0.006277009833155804,100.0,100.0,False
11.0,0.00696140064601457,100.0,100.0,False
11.0,0.007720411508415302,100.0,100.0,False
11.0,0.008562178344582902,100.0,100.0,False
11.0,0.009495724149488028,100.0,100.0,False
11.0,0.010531055707361887,100.0,100.0,False
11.0,0.011679270855560683,100.0,100.0,False
11.0,0.012952677443553275,100.0,100.0,False
11.0,0.014364925262166945,100.0,100.0,False
11.0,0.01593115235725613,100.0,100.0,False
11.0,0.017668147296146925,100.0,100.0,False
11.0,0.019594529126209955,100.0,100.0,False
11.0,0.02173094695455825,100.0,100.0,False
11.0,0.02410030128818746,100.0,100.0,False
11.0,0.02672798950712899,100.0,100.0,False
11.0,0.02964217810187076,100.0,100.0,False
11.0,0.032874104593189374,100.0,100.0,False
11.0,0.03645841237070733,100.0,100.0,False
11.0,0.040433522039347726,100.0,100.0,False
11.0,0.04484204325419173,100.0,100.0,False
11.0,0.04973123145824381,100.0,100.0,False
11.0,0.05515349441892861,100.0,100.0,False
11.0,0.061166953992942745,100.0,100.0,False
11.0,0.06783606914108303,100.0,100.0,False
11.0,0.0752323268712176,100.0,100.0,False
11.0,0.08343500851569784,100.0,100.0,False
11.0,0.09253203955702538,100.0,100.0,False
11.0,0.10262093211115302,100.0,100.0,False
11.0,0.11380983017100621,100.0,100.0,False
11.0,0.12621866881430865,100.0,100.0,False
11.0,0.1399804598013949,100.0,100.0,False
11.0,0.15524271734347939,100.0,100.0,False
11.0,0.17216903932435343,100.0,100.0,False
11.0,0.1909408609248092,100.0,100.0,False
11.0,0.21175939944708896,100.0,100.0,False
11.0,0.23484781118615636,100.0,100.0,False
11.0,0.2604535834675404,100.0,100.0,False
11.0,0.28885118749227573,100.0,100.0,False
11.0,0.3203450204250925,100.0,100.0,False
11.0,0.35527266826243264,100.0,100.0,False
11.0,0.3940085244553465,100.0,100.0,False
11.0,0.43696780307570626,100.0,100.0,False
11.0,0.4846109895433208,100.0,100.0,False
11.0,0.5374487766218056,100.0,100.0,False
11.0,0.5960475385927138,100.0,100.0,False
11.0,0.6610354022862212,100.0,100.0,False
11.0,0.733108980044444,100.0,100.0,False
11.0,0.8130408367887928,100.0,100.0,False
11.0,0.9016877712317013,100.0,100.0,False
11.0,1.0,100.0,100.0,False
12.0,0.0001,100.0,100.0,False
12.0,0.00011090313431155938,100.0,100.0,False
12.0,0.0001229950520012778,100.0,100.0,False
12.0,0.0001364053677175493,100.0,100.0,False
12.0,0.00015127782816797016,100.0,100.0,False
12.0,0.00016777185295673396,100.0,100.0,False
12.0,0.00018606424342159842,100.0,100.0,False
12.0,0.0002063510777876421,100.0,100.0,False
12.0,0.0002288498129521791,100.0,100.0,False
12.0,0.0002538016154301076,100.0,100.0,False
12.0,0.00028147394644535966,100.0,100.0,False
12.0,0.00031216342887834366,100.0,100.0,False
12.0,0.0003461990268005186,100.0,100.0,False
12.0,0.00038394557167789064,100.0,100.0,False
12.0,0.00042580767304121515,100.0,100.0,False
12.0,0.0004722340555418245,100.0,100.0,False
12.0,0.0005237223688824735,100.0,100.0,False
12.0,0.0005808245221814102,100.0,100.0,False
12.0,0.0006441525999493224,100.0,100.0,False
12.0,0.0007143854230931981,100.0,100.0,False
12.0,0.0007922758252752512,100.0,100.0,False
12.0,0.0008786587226230274,100.0,100.0,False
12.0,0.0009744600632908472,100.0,100.0,False
12.0,0.0010807067528039549,100.0,100.0,False
12.0,0.001198537661576262,100.0,100.0,False
12.0,0.001329215832592545,100.0,100.0,False
12.0,0.0014741420201106225,100.0,100.0,False
12.0,0.001634869704506417,100.0,100.0,False
12.0,0.0018131217442077456,100.0,100.0,False
12.0,0.0020108088432108043,100.0,100.0,False
12.0,0.0022300500321347895,100.0,100.0,False
12.0,0.002473195382353419,100.0,100.0,False
12.0,0.002742851196678697,100.0,100.0,False
12.0,0.0030419079466187894,100.0,100.0,False
12.0,0.003373571255672634,100.0,100.0,False
12.0,0.0037413962607747778,100.0,100.0,False
12.0,0.004149325720214712,100.0,100.0,False
12.0,0.004601732276513801,100.0,100.0,False
12.0,0.005103465327280476,100.0,100.0,False
12.0,0.005659903006457729,100.0,100.0,False
12.0,0.006277009833155804,100.0,100.0,False
12.0,0.00696140064601457,100.0,100.0,False
12.0,0.007720411508415302,100.0,100.0,False
12.0,0.008562178344582902,100.0,100.0,False
12.0,0.009495724149488028,100.0,100.0,False
12.0,0.010531055707361887,100.0,100.0,False
12.0,0.011679270855560683,100.0,100.0,False
12.0,0.012952677443553275,100.0,100.0,False
12.0,0.014364925262166945,100.0,100.0,False
12.0,0.01593115235725613,100.0,100.0,False
12.0,0.017668147296146925,100.0,100.0,False
12.0,0.019594529126209955,100.0,100.0,False
12.0,0.02173094695455825,100.0,100.0,False
12.0,0.02410030128818746,100.0,100.0,False
12.0,0.02672798950712899,100.0,100.0,False
12.0,0.02964217810187076,100.0,100.0,False
12.0,0.032874104593189374,100.0,100.0,False
12.0,0.03645841237070733,100.0,100.0,False
12.0,0.040433522039347726,100.0,100.0,False
12.0,0.04484204325419173,100.0,100.0,False
12.0,0.04973123145824381,100.0,100.0,False
12.0,0.05515349441892861,100.0,100.0,False
12.0,0.061166953992942745,100.0,100.0,False
12.0,0.06783606914108303,100.0,100.0,False
12.0,0.0752323268712176,100.0,100.0,False
12.0,0.08343500851569784,100.0,100.0,False
12.0,0.09253203955702538,100.0,100.0,False
12.0,0.10262093211115302,100.0,100.0,False
12.0,0.11380983017100621,100.0,100.0,False
12.0,0.12621866881430865,100.0,100.0,False
12.0,0.1399804598013949,100.0,100.0,False
12.0,0.15524271734347939,100.0,100.0,False
12.0,0.17216903932435343,100.0,100.0,False
12.0,0.1909408609248092,100.0,100.0,False
12.0,0.21175939944708896,100.0,100.0,False
12.0,0.23484781118615636,100.0,100.0,False
12.0,0.2604535834675404,100.0,100.0,False
12.0,0.28885118749227573,100.0,100.0,False
12.0,0.3203450204250925,100.0,100.0,False
12.0,0.35527266826243264,100.0,100.0,False
12.0,0.3940085244553465,100.0,100.0,False
12.0,0.43696780307570626,100.0,100.0,False
12.0,0.4846109895433208,100.0,100.0,False
12.0,0.5374487766218056,100.0,100.0,False
12.0,0.5960475385927138,100.0,100.0,False
12.0,0.6610354022862212,100.0,100.0,False
12.0,0.733108980044444,100.0,100.0,False
12.0,0.8130408367887928,100.0,100.0,False
12.0,0.9016877712317013,100.0,100.0,False
12.0,1.0,100.0,100.0,False
13.0,0.0001,100.0,100.0,False
13.0,0.00011090313431155938,100.0,100.0,False
13.0,0.0001229950520012778,100.0,100.0,False
13.0,0.0001364053677175493,100.0,100.0,False
13.0,0.00015127782816797016,100.0,100.0,False
13.0,0.00016777185295673396,100.0,100.0,False
13.0,0.00018606424342159842,100.0,100.0,False
13.0,0.0002063510777876421,100.0,100.0,False
13.0,0.0002288498129521791,100.0,100.0,False
13.0,0.0002538016154301076,100.0,100.0,False
13.0,0.00028147394644535966,100.0,100.0,False
13.0,0.00031216342887834366,100.0,100.0,False
13.0,0.0003461990268005186,100.0,100.0,False
13.0,0.00038394557167789064,100.0,100.0,False
13.0,0.00042580767304121515,100.0,100.0,False
13.0,0.0004722340555418245,100.0,100.0,False
13.0,0.0005237223688824735,100.0,100.0,False
13.0,0.0005808245221814102,100.0,100.0,False
13.0,0.0006441525999493224,100.0,100.0,False
13.0,0.0007143854230931981,100.0,100.0,False
13.0,0.0007922758252752512,100.0,100.0,False
13.0,0.0008786587226230274,100.0,100.0,False
13.0,0.0009744600632908472,100.0,100.0,False
13.0,0.0010807067528039549,100.0,100.0,False
13.0,0.001198537661576262,100.0,100.0,False
13.0,0.001329215832592545,100.0,100.0,False
13.0,0.0014741420201106225,100.0,100.0,False
13.0,0.001634869704506417,100.0,100.0,False
13.0,0.0018131217442077456,100.0,100.0,False
13.0,0.0020108088432108043,100.0,100.0,False
13.0,0.0022300500321347895,100.0,100.0,False
13.0,0.002473195382353419,100.0,100.0,False
13.0,0.002742851196678697,100.0,100.0,False
13.0,0.0030419079466187894,100.0,100.0,False
13.0,0.003373571255672634,100.0,100.0,False
13.0,0.0037413962607747778,100.0,100.0,False
13.0,0.004149325720214712,100.0,100.0,False
13.0,0.004601732276513801,100.0,100.0,False
13.0,0.005103465327280476,100.0,100.0,False
13.0,0.005659903006457729,100.0,100.0,False
13.0,0.006277009833155804,100.0,100.0,False
13.0,0.00696140064601457,100.0,100.0,False
13.0,0.007720411508415302,100.0,100.0,False
13.0,0.008562178344582902,100.0,100.0,False
13.0,0.009495724149488028,100.0,100.0,False
13.0,0.010531055707361887,100.0,100.0,False
13.0,0.011679270855560683,100.0,100.0,False
13.0,0.012952677443553275,100.0,100.0,False
13.0,0.014364925262166945,100.0,100.0,False
13.0,0.01593115235725613,100.0,100.0,False
13.0,0.017668147296146925,100.0,100.0,False
13.0,0.019594529126209955,100.0,100.0,False
13.0,0.02173094695455825,100.0,100.0,False
13.0,0.02410030128818746,100.0,100.0,False
13.0,0.02672798950712899,100.0,100.0,False
13.0,0.02964217810187076,100.0,100.0,False
13.0,0.032874104593189374,100.0,100.0,False
13.0,0.03645841237070733,100.0,100.0,False
13.0,0.040433522039347726,100.0,100.0,False
13.0,0.04484204325419173,100.0,100.0,False
13.0,0.04973123145824381,100.0,100.0,False
13.0,0.05515349441892861,100.0,100.0,False
13.0,0.061166953992942745,100.0,100.0,False
13.0,0.06783606914108303,100.0,100.0,False
13.0,0.0752323268712176,100.0,100.0,False
13.0,0.08343500851569784,100.0,100.0,False
13.0,0.09253203955702538,100.0,100.0,False
13.0,0.10262093211115302,100.0,100.0,False
13.0,0.11380983017100621,100.0,100.0,False
13.0,0.12621866881430865,100.0,100.0,False
13.0,0.1399804598013949,100.0,100.0,False
13.0,0.15524271734347939,100.0,100.0,False
13.0,0.17216903932435343,100.0,100.0,False
13.0,0.1909408609248092,100.0,100.0,False
13.0,0.21175939944708896,100.0,100.0,False
13.0,0.23484781118615636,100.0,100.0,False
13.0,0.2604535834675404,100.0,100.0,False
13.0,0.28885118749227573,100.0,100.0,False
13.0,0.3203450204250925,100.0,100.0,False
13.0,0.35527266826243264,100.0,100.0,False
13.0,0.3940085244553465,100.0,100.0,False
13.0,0.43696780307570626,100.0,100.0,False
13.0,0.4846109895433208,100.0,100.0,False
13.0,0.5374487766218056,100.0,100.0,False
13.0,0.5960475385927138,100.0,100.0,False
13.0,0.6610354022862212,100.0,100.0,False
13.0,0.733108980044444,100.0,100.0,False
13.0,0.8130408367887928,100.0,100.0,False
13.0,0.9016877712317013,100.0,100.0,False
13.0,1.0,100.0,100.0,False
14.0,0.0001,100.0,100.0,False
14.0,0.00011090313431155938,100.0,100.0,False
14.0,0.0001229950520012778,100.0,100.0,False
14.0,0.0001364053677175493,100.0,100.0,False
14.0,0.00015127782816797016,100.0,100.0,False
14.0,0.00016777185295673396,100.0,100.0,False
14.0,0.00018606424342159842,100.0,100.0,False
14.0,0.0002063510777876421,100.0,100.0,False
14.0,0.0002288498129521791,100.0,100.0,False
14.0,0.0002538016154301076,100.0,100.0,False
14.0,0.00028147394644535966,100.0,100.0,False
14.0,0.00031216342887834366,100.0,100.0,False
14.0,0.0003461990268005186,100.0,100.0,False
14.0,0.00038394557167789064,100.0,100.0,False
14.0,0.00042580767304121515,100.0,100.0,False
14.0,0.0004722340555418245,100.0,100.0,False
14.0,0.0005237223688824735,100.0,100.0,False
14.0,0.0005808245221814102,100.0,100.0,False
14.0,0.0006441525999493224,100.0,100.0,False
14.0,0.0007143854230931981,100.0,100.0,False
14.0,0.0007922758252752512,100.0,100.0,False
14.0,0.0008786587226230274,100.0,100.0,False
14.0,0.0009744600632908472,100.0,100.0,False
14.0,0.0010807067528039549,100.0,100.0,False
14.0,0.001198537661576262,100.0,100.0,False
14.0,0.001329215832592545,100.0,100.0,False
14.0,0.0014741420201106225,100.0,100.0,False
14.0,0.001634869704506417,100.0,100.0,False
14.0,0.0018131217442077456,100.0,100.0,False
14.0,0.0020108088432108043,100.0,100.0,False
14.0,0.0022300500321347895,100.0,100.0,False
14.0,0.002473195382353419,100.0,100.0,False
14.0,0.002742851196678697,100.0,100.0,False
14.0,0.0030419079466187894,100.0,100.0,False
14.0,0.003373571255672634,100.0,100.0,False
14.0,0.0037413962607747778,100.0,100.0,False
14.0,0.004149325720214712,100.0,100.0,False
14.0,0.004601732276513801,100.0,100.0,False
14.0,0.005103465327280476,100.0,100.0,False
14.0,0.005659903006457729,100.0,100.0,False
14.0,0.006277009833155804,100.0,100.0,False
14.0,0.00696140064601457,100.0,100.0,False
14.0,0.007720411508415302,100.0,100.0,False
14.0,0.008562178344582902,100.0,100.0,False
14.0,0.009495724149488028,100.0,100.0,False
14.0,0.010531055707361887,100.0,100.0,False
14.0,0.011679270855560683,100.0,100.0,False
14.0,0.012952677443553275,100.0,100.0,False
14.0,0.014364925262166945,100.0,100.0,False
14.0,0.01593115235725613,100.0,100.0,False
14.0,0.017668147296146925,100.0,100.0,False
14.0,0.019594529126209955,100.0,100.0,False
14.0,0.02173094695455825,100.0,100.0,False
14.0,0.02410030128818746,100.0,100.0,False
14.0,0.02672798950712899,100.0,100.0,False
14.0,0.02964217810187076,100.0,100.0,False
14.0,0.032874104593189374,100.0,100.0,False
14.0,0.03645841237070733,100.0,100.0,False
14.0,0.040433522039347726,100.0,100.0,False
14.0,0.04484204325419173,100.0,100.0,False
14.0,0.04973123145824381,100.0,100.0,False
14.0,0.05515349441892861,100.0,100.0,False
14.0,0.061166953992942745,100.0,100.0,False
14.0,0.06783606914108303,100.0,100.0,False
14.0,0.0752323268712176,100.0,100.0,False
14.0,0.08343500851569784,100.0,100.0,False
14.0,0.09253203955702538,100.0,100.0,False
14.0,0.10262093211115302,100.0,100.0,False
14.0,0.11380983017100621,100.0,100.0,False
14.0,0.12621866881430865,100.0,100.0,False
14.0,0.1399804598013949,100.0,100.0,False
14.0,0.15524271734347939,100.0,100.0,False
14.0,0.17216903932435343,100.0,100.0,False
14.0,0.1909408609248092,100.0,100.0,False
14.0,0.21175939944708896,100.0,100.0,False
14.0,0.23484781118615636,100.0,100.0,False
14.0,0.2604535834675404,100.0,100.0,False
14.0,0.28885118749227573,100.0,100.0,False
14.0,0.3203450204250925,100.0,100.0,False
14.0,0.35527266826243264,100.0,100.0,False
14.0,0.3940085244553465,100.0,100.0,False
14.0,0.43696780307570626,100.0,100.0,False
14.0,0.4846109895433208,100.0,100.0,False
14.0,0.5374487766218056,100.0,100.0,False
14.0,0.5960475385927138,100.0,100.0,False
14.0,0.6610354022862212,100.0,100.0,False
14.0,0.733108980044444,100.0,100.0,False
14.0,0.8130408367887928,100.0,100.0,False
14.0,0.9016877712317013,100.0,100.0,False
14.0,1.0,100.0,100.0,False
15.0,0.0001,100.0,100.0,False
15.0,0.00011090313431155938,100.0,100.0,False
15.0,0.0001229950520012778,100.0,100.0,False
15.0,0.0001364053677175493,100.0,100.0,False
15.0,0.00015127782816797016,100.0,100.0,False
15.0,0.00016777185295673396,100.0,100.0,False
15.0,0.00018606424342159842,100.0,100.0,False
15.0,0.0002063510777876421,100.0,100.0,False
15.0,0.0002288498129521791,100.0,100.0,False
15.0,0.0002538016154301076,100.0,100.0,False
15.0,0.00028147394644535966,100.0,100.0,False
15.0,0.00031216342887834366,100.0,100.0,False
15.0,0.0003461990268005186,100.0,100.0,False
15.0,0.00038394557167789064,100.0,100.0,False
15.0,0.00042580767304121515,100.0,100.0,False
15.0,0.0004722340555418245,100.0,100.0,False
15.0,0.0005237223688824735,100.0,100.0,False
15.0,0.0005808245221814102,100.0,100.0,False
15.0,0.0006441525999493224,100.0,100.0,False
15.0,0.0007143854230931981,100.0,100.0,False
15.0,0.0007922758252752512,100.0,100.0,False
15.0,0.0008786587226230274,100.0,100.0,False
15.0,0.0009744600632908472,100.0,100.0,False
15.0,0.0010807067528039549,100.0,100.0,False
15.0,0.001198537661576262,100.0,100.0,False
15.0,0.001329215832592545,100.0,100.0,False
15.0,0.0014741420201106225,100.0,100.0,False
15.0,0.001634869704506417,100.0,100.0,False
15.0,0.0018131217442077456,100.0,100.0,False
15.0,0.0020108088432108043,100.0,100.0,False
15.0,0.0022300500321347895,100.0,100.0,False
15.0,0.002473195382353419,100.0,100.0,False
15.0,0.002742851196678697,100.0,100.0,False
15.0,0.0030419079466187894,100.0,100.0,False
15.0,0.003373571255672634,100.0,100.0,False
15.0,0.0037413962607747778,100.0,100.0,False
15.0,0.004149325720214712,100.0,100.0,False
15.0,0.004601732276513801,100.0,100.0,False
15.0,0.005103465327280476,100.0,100.0,False
15.0,0.005659903006457729,100.0,100.0,False
15.0,0.006277009833155804,100.0,100.0,False
15.0,0.00696140064601457,100.0,100.0,False
15.0,0.007720411508415302,100.0,100.0,False
15.0,0.008562178344582902,100.0,100.0,False
15.0,0.009495724149488028,100.0,100.0,False
15.0,0.010531055707361887,100.0,100.0,False
15.0,0.011679270855560683,100.0,100.0,False
15.0,0.012952677443553275,100.0,100.0,False
15.0,0.014364925262166945,100.0,100.0,False
15.0,0.01593115235725613,100.0,100.0,False
15.0,0.017668147296146925,100.0,100.0,False
15.0,0.019594529126209955,100.0,100.0,False
15.0,0.02173094695455825,100.0,100.0,False
15.0,0.02410030128818746,100.0,100.0,False
15.0,0.02672798950712899,100.0,100.0,False
15.0,0.02964217810187076,100.0,100.0,False
15.0,0.032874104593189374,100.0,100.0,False
15.0,0.03645841237070733,100.0,100.0,False
15.0,0.040433522039347726,100.0,100.0,False
15.0,0.04484204325419173,100.0,100.0,False
15.0,0.04973123145824381,100.0,100.0,False
15.0,0.05515349441892861,100.0,100.0,False
15.0,0.061166953992942745,100.0,100.0,False
15.0,0.06783606914108303,100.0,100.0,False
15.0,0.0752323268712176,100.0,100.0,False
15.0,0.08343500851569784,100.0,100.0,False
15.0,0.09253203955702538,100.0,100.0,False
15.0,0.10262093211115302,100.0,100.0,False
15.0,0.11380983017100621,100.0,100.0,False
15.0,0.12621866881430865,100.0,100.0,False
15.0,0.1399804598013949,100.0,100.0,False
15.0,0.15524271734347939,100.0,100.0,False
15.0,0.17216903932435343,100.0,100.0,False
15.0,0.1909408609248092,100.0,100.0,False
15.0,0.21175939944708896,100.0,100.0,False
15.0,0.23484781118615636,100.0,100.0,False
15.0,0.2604535834675404,100.0,100.0,False
15.0,0.28885118749227573,100.0,100.0,False
15.0,0.3203450204250925,100.0,100.0,False
15.0,0.35527266826243264,100.0,100.0,False
15.0,0.3940085244553465,100.0,100.0,False
15.0,0.43696780307570626,100.0,100.0,False
15.0,0.4846109895433208,100.0,100.0,False
15.0,0.5374487766218056,100.0,100.0,False
15.0,0.5960475385927138,100.0,100.0,False
15.0,0.6610354022862212,100.0,100.0,False
15.0,0.733108980044444,100.0,100.0,False
15.0,0.8130408367887928,100.0,100.0,False
15.0,0.9016877712317013,100.0,100.0,False
15.0,1.0,100.0,100.0,False
16.0,0.0001,100.0,100.0,False
16.0,0.00011090313431155938,100.0,100.0,False
16.0,0.0001229950520012778,100.0,100.0,False
16.0,0.0001364053677175493,100.0,100.0,False
16.0,0.00015127782816797016,100.0,100.0,False
16.0,0.00016777185295673396,100.0,100.0,False
16.0,0.00018606424342159842,100.0,100.0,False
16.0,0.0002063510777876421,100.0,100.0,False
16.0,0.0002288498129521791,100.0,100.0,False
16.0,0.0002538016154301076,100.0,100.0,False
16.0,0.00028147394644535966,100.0,100.0,False
16.0,0.00031216342887834366,100.0,100.0,False
16.0,0.0003461990268005186,100.0,100.0,False
16.0,0.00038394557167789064,100.0,100.0,False
16.0,0.00042580767304121515,100.0,100.0,False
16.0,0.0004722340555418245,100.0,100.0,False
16.0,0.0005237223688824735,100.0,100.0,False
16.0,0.0005808245221814102,100.0,100.0,False
16.0,0.0006441525999493224,100.0,100.0,False
16.0,0.0007143854230931981,100.0,100.0,False
16.0,0.0007922758252752512,100.0,100.0,False
16.0,0.0008786587226230274,100.0,100.0,False
16.0,0.0009744600632908472,100.0,100.0,False
16.0,0.0010807067528039549,100.0,100.0,False
16.0,0.001198537661576262,100.0,100.0,False
16.0,0.001329215832592545,100.0,100.0,False
16.0,0.0014741420201106225,100.0,100.0,False
16.0,0.001634869704506417,100.0,100.0,False
16.0,0.0018131217442077456,100.0,100.0,False
16.0,0.0020108088432108043,100.0,100.0,False
16.0,0.0022300500321347895,100.0,100.0,False
16.0,0.002473195382353419,100.0,100.0,False
16.0,0.002742851196678697,100.0,100.0,False
16.0,0.0030419079466187894,100.0,100.0,False
16.0,0.003373571255672634,100.0,100.0,False
16.0,0.0037413962607747778,100.0,100.0,False
16.0,0.004149325720214712,100.0,100.0,False
16.0,0.004601732276513801,100.0,100.0,False
16.0,0.005103465327280476,100.0,100.0,False
16.0,0.005659903006457729,100.0,100.0,False
16.0,0.006277009833155804,100.0,100.0,False
16.0,0.00696140064601457,100.0,100.0,False
16.0,0.007720411508415302,100.0,100.0,False
16.0,0.008562178344582902,100.0,100.0,False
16.0,0.009495724149488028,100.0,100.0,False
16.0,0.010531055707361887,100.0,100.0,False
16.0,0.011679270855560683,100.0,100.0,False
16.0,0.012952677443553275,100.0,100.0,False
16.0,0.014364925262166945,100.0,100.0,False
16.0,0.01593115235725613,100.0,100.0,False
16.0,0.017668147296146925,100.0,100.0,False
16.0,0.019594529126209955,100.0,100.0,False
16.0,0.02173094695455825,100.0,100.0,False
16.0,0.02410030128818746,100.0,100.0,False
16.0,0.02672798950712899,100.0,100.0,False
16.0,0.02964217810187076,100.0,100.0,False
16.0,0.032874104593189374,100.0,100.0,False
16.0,0.03645841237070733,100.0,100.0,False
16.0,0.040433522039347726,100.0,100.0,False
16.0,0.04484204325419173,100.0,100.0,False
16.0,0.04973123145824381,100.0,100.0,False
16.0,0.05515349441892861,100.0,100.0,False
16.0,0.061166953992942745,100.0,100.0,False
16.0,0.06783606914108303,100.0,100.0,False
16.0,0.0752323268712176,100.0,100.0,False
16.0,0.08343500851569784,100.0,100.0,False
16.0,0.09253203955702538,100.0,100.0,False
16.0,0.10262093211115302,100.0,100.0,False
16.0,0.11380983017100621,100.0,100.0,False
16.0,0.12621866881430865,100.0,100.0,False
16.0,0.1399804598013949,100.0,100.0,False
16.0,0.15524271734347939,100.0,100.0,False
16.0,0.17216903932435343,100.0,100.0,False
16.0,0.1909408609248092,100.0,100.0,False
16.0,0.21175939944708896,100.0,100.0,False
16.0,0.23484781118615636,100.0,100.0,False
16.0,0.2604535834675404,100.0,100.0,False
16.0,0.28885118749227573,100.0,100.0,False
16.0,0.3203450204250925,100.0,100.0,False
16.0,0.35527266826243264,100.0,100.0,False
16.0,0.3940085244553465,100.0,100.0,False
16.0,0.43696780307570626,100.0,100.0,False
16.0,0.4846109895433208,100.0,100.0,False
16.0,0.5374487766218056,100.0,100.0,False
16.0,0.5960475385927138,100.0,100.0,False
16.0,0.6610354022862212,100.0,100.0,False
16.0,0.733108980044444,100.0,100.0,False
16.0,0.8130408367887928,100.0,100.0,False
16.0,0.9016877712317013,100.0,100.0,False
16.0,1.0,100.0,100.0,False
17.0,0.0001,100.0,100.0,False
17.0,0.00011090313431155938,100.0,100.0,False
17.0,0.0001229950520012778,100.0,100.0,False
17.0,0.0001364053677175493,100.0,100.0,False
17.0,0.00015127782816797016,100.0,100.0,False
17.0,0.00016777185295673396,100.0,100.0,False
17.0,0.00018606424342159842,100.0,100.0,False
17.0,0.0002063510777876421,100.0,100.0,False
17.0,0.0002288498129521791,100.0,100.0,False
17.0,0.0002538016154301076,100.0,100.0,False
17.0,0.00028147394644535966,100.0,100.0,False
17.0,0.00031216342887834366,100.0,100.0,False
17.0,0.0003461990268005186,100.0,100.0,False
17.0,0.00038394557167789064,100.0,100.0,False
17.0,0.00042580767304121515,100.0,100.0,False
17.0,0.0004722340555418245,100.0,100.0,False
17.0,0.0005237223688824735,100.0,100.0,False
17.0,0.0005808245221814102,100.0,100.0,False
17.0,0.0006441525999493224,100.0,100.0,False
17.0,0.0007143854230931981,100.0,100.0,False
17.0,0.0007922758252752512,100.0,100.0,False
17.0,0.0008786587226230274,100.0,100.0,False
17.0,0.0009744600632908472,100.0,100.0,False
17.0,0.0010807067528039549,100.0,100.0,False
17.0,0.001198537661576262,100.0,100.0,False
17.0,0.001329215832592545,100.0,100.0,False
17.0,0.0014741420201106225,100.0,100.0,False
17.0,0.001634869704506417,100.0,100.0,False
17.0,0.0018131217442077456,100.0,100.0,False
17.0,0.0020108088432108043,100.0,100.0,False
17.0,0.0022300500321347895,100.0,100.0,False
17.0,0.002473195382353419,100.0,100.0,False
17.0,0.002742851196678697,100.0,100.0,False
17.0,0.0030419079466187894,100.0,100.0,False
17.0,0.003373571255672634,100.0,100.0,False
17.0,0.0037413962607747778,100.0,100.0,False
17.0,0.004149325720214712,100.0,100.0,False
17.0,0.004601732276513801,100.0,100.0,False
17.0,0.005103465327280476,100.0,100.0,False
17.0,0.005659903006457729,100.0,100.0,False
17.0,0.006277009833155804,100.0,100.0,False
17.0,0.00696140064601457,100.0,100.0,False
17.0,0.007720411508415302,100.0,100.0,False
17.0,0.008562178344582902,100.0,100.0,False
17.0,0.009495724149488028,100.0,100.0,False
17.0,0.010531055707361887,100.0,100.0,False
17.0,0.011679270855560683,100.0,100.0,False
17.0,0.012952677443553275,100.0,100.0,False
17.0,0.014364925262166945,100.0,100.0,False
17.0,0.01593115235725613,100.0,100.0,False
17.0,0.017668147296146925,100.0,100.0,False
17.0,0.019594529126209955,100.0,100.0,False
17.0,0.02173094695455825,100.0,100.0,False
17.0,0.02410030128818746,100.0,100.0,False
17.0,0.02672798950712899,100.0,100.0,False
17.0,0.02964217810187076,100.0,100.0,False
17.0,0.032874104593189374,100.0,100.0,False
17.0,0.03645841237070733,100.0,100.0,False
17.0,0.040433522039347726,100.0,100.0,False
17.0,0.04484204325419173,100.0,100.0,False
17.0,0.04973123145824381,100.0,100.0,False
17.0,0.05515349441892861,100.0,100.0,False
17.0,0.061166953992942745,100.0,100.0,False
17.0,0.06783606914108303,100.0,100.0,False
17.0,0.0752323268712176,100.0,100.0,False
17.0,0.08343500851569784,100.0,100.0,False
17.0,0.09253203955702538,100.0,100.0,False
17.0,0.10262093211115302,100.0,100.0,False
17.0,0.11380983017100621,100.0,100.0,False
17.0,0.12621866881430865,100.0,100.0,False
17.0,0.1399804598013949,100.0,100.0,False
17.0,0.15524271734347939,100.0,100.0,False
17.0,0.17216903932435343,100.0,100.0,False
17.0,0.1909408609248092,100.0,100.0,False
17.0,0.21175939944708896,100.0,100.0,False
17.0,0.23484781118615636,100.0,100.0,False
17.0,0.2604535834675404,100.0,100.0,False
17.0,0.28885118749227573,100.0,100.0,False
17.0,0.3203450204250925,100.0,100.0,False
17.0,0.35527266826243264,100.0,100.0,False
17.0,0.3940085244553465,100.0,100.0,False
17.0,0.43696780307570626,100.0,100.0,False
17.0,0.4846109895433208,100.0,100.0,False
17.0,0.5374487766218056,100.0,100.0,False
17.0,0.5960475385927138,100.0,100.0,False
17.0,0.6610354022862212,100.0,100.0,False
17.0,0.733108980044444,100.0,100.0,False
17.0,0.8130408367887928,100.0,100.0,False
17.0,0.9016877712317013,100.0,100.0,False
17.0,1.0,100.0,100.0,False
18.0,0.0001,100.0,100.0,False
18.0,0.00011090313431155938,100.0,100.0,False
18.0,0.0001229950520012778,100.0,100.0,False
18.0,0.0001364053677175493,100.0,100.0,False
18.0,0.00015127782816797016,100.0,100.0,False
18.0,0.00016777185295673396,100.0,100.0,False
18.0,0.00018606424342159842,100.0,100.0,False
18.0,0.0002063510777876421,100.0,100.0,False
18.0,0.0002288498129521791,100.0,100.0,False
18.0,0.0002538016154301076,100.0,100.0,False
18.0,0.00028147394644535966,100.0,100.0,False
18.0,0.00031216342887834366,100.0,100.0,False
18.0,0.0003461990268005186,100.0,100.0,False
18.0,0.00038394557167789064,100.0,100.0,False
18.0,0.00042580767304121515,100.0,100.0,False
18.0,0.0004722340555418245,100.0,100.0,False
18.0,0.0005237223688824735,100.0,100.0,False
18.0,0.0005808245221814102,100.0,100.0,False
18.0,0.0006441525999493224,100.0,100.0,False
18.0,0.0007143854230931981,100.0,100.0,False
18.0,0.0007922758252752512,100.0,100.0,False
18.0,0.0008786587226230274,100.0,100.0,False
18.0,0.0009744600632908472,100.0,100.0,False
18.0,0.0010807067528039549,100.0,100.0,False
18.0,0.001198537661576262,100.0,100.0,False
18.0,0.001329215832592545,100.0,100.0,False
18.0,0.0014741420201106225,100.0,100.0,False
18.0,0.001634869704506417,100.0,100.0,False
18.0,0.0018131217442077456,100.0,100.0,False
18.0,0.0020108088432108043,100.0,100.0,False
18.0,0.0022300500321347895,100.0,100.0,False
18.0,0.002473195382353419,100.0,100.0,False
18.0,0.002742851196678697,100.0,100.0,False
18.0,0.0030419079466187894,100.0,100.0,False
18.0,0.003373571255672634,100.0,100.0,False
18.0,0.0037413962607747778,100.0,100.0,False
18.0,0.004149325720214712,100.0,100.0,False
18.0,0.004601732276513801,100.0,100.0,False
18.0,0.005103465327280476,100.0,100.0,False
18.0,0.005659903006457729,100.0,100.0,False
18.0,0.006277009833155804,100.0,100.0,False
18.0,0.00696140064601457,100.0,100.0,False
18.0,0.007720411508415302,100.0,100.0,False
18.0,0.008562178344582902,100.0,100.0,False
18.0,0.009495724149488028,100.0,100.0,False
18.0,0.010531055707361887,100.0,100.0,False
18.0,0.011679270855560683,100.0,100.0,False
18.0,0.012952677443553275,100.0,100.0,False
18.0,0.014364925262166945,100.0,100.0,False
18.0,0.01593115235725613,100.0,100.0,False
18.0,0.017668147296146925,100.0,100.0,False
18.0,0.019594529126209955,100.0,100.0,False
18.0,0.02173094695455825,100.0,100.0,False
18.0,0.02410030128818746,100.0,100.0,False
18.0,0.02672798950712899,100.0,100.0,False
18.0,0.02964217810187076,100.0,100.0,False
18.0,0.032874104593189374,100.0,100.0,False
18.0,0.03645841237070733,100.0,100.0,False
18.0,0.040433522039347726,100.0,100.0,False
18.0,0.04484204325419173,100.0,100.0,False
18.0,0.04973123145824381,100.0,100.0,False
18.0,0.05515349441892861,100.0,100.0,False
18.0,0.061166953992942745,100.0,100.0,False
18.0,0.06783606914108303,100.0,100.0,False
18.0,0.0752323268712176,100.0,100.0,False
18.0,0.08343500851569784,100.0,100.0,False
18.0,0.09253203955702538,100.0,100.0,False
18.0,0.10262093211115302,100.0,100.0,False
18.0,0.11380983017100621,100.0,100.0,False
18.0,0.12621866881430865,100.0,100.0,False
18.0,0.1399804598013949,100.0,100.0,False
18.0,0.15524271734347939,100.0,100.0,False
18.0,0.17216903932435343,100.0,100.0,False
18.0,0.1909408609248092,100.0,100.0,False
18.0,0.21175939944708896,100.0,100.0,False
18.0,0.23484781118615636,100.0,100.0,False
18.0,0.2604535834675404,100.0,100.0,False
18.0,0.28885118749227573,100.0,100.0,False
18.0,0.3203450204250925,100.0,100.0,False
18.0,0.35527266826243264,100.0,100.0,False
18.0,0.3940085244553465,100.0,100.0,False
18.0,0.43696780307570626,100.0,100.0,False
18.0,0.4846109895433208,100.0,100.0,False
18.0,0.5374487766218056,100.0,100.0,False
18.0,0.5960475385927138,100.0,100.0,False
18.0,0.6610354022862212,100.0,100.0,False
18.0,0.733108980044444,100.0,100.0,False
18.0,0.8130408367887928,100.0,100.0,False
18.0,0.9016877712317013,100.0,100.0,False
18.0,1.0,100.0,100.0,False
19.0,0.0001,100.0,100.0,False
19.0,0.00011090313431155938,100.0,100.0,False
19.0,0.0001229950520012778,100.0,100.0,False
19.0,0.0001364053677175493,100.0,100.0,False
19.0,0.00015127782816797016,100.0,100.0,False
19.0,0.00016777185295673396,100.0,100.0,False
19.0,0.00018606424342159842,100.0,100.0,False
19.0,0.0002063510777876421,100.0,100.0,False
19.0,0.0002288498129521791,100.0,100.0,False
19.0,0.0002538016154301076,100.0,100.0,False
19.0,0.00028147394644535966,100.0,100.0,False
19.0,0.00031216342887834366,100.0,100.0,False
19.0,0.0003461990268005186,100.0,100.0,False
19.0,0.00038394557167789064,100.0,100.0,False
19.0,0.00042580767304121515,100.0,100.0,False
19.0,0.0004722340555418245,100.0,100.0,False
19.0,0.0005237223688824735,100.0,100.0,False
19.0,0.0005808245221814102,100.0,100.0,False
19.0,0.0006441525999493224,100.0,100.0,False
19.0,0.0007143854230931981,100.0,100.0,False
19.0,0.0007922758252752512,100.0,100.0,False
19.0,0.0008786587226230274,100.0,100.0,False
19.0,0.0009744600632908472,100.0,100.0,False
19.0,0.0010807067528039549,100.0,100.0,False
19.0,0.001198537661576262,100.0,100.0,False
19.0,0.001329215832592545,100.0,100.0,False
19.0,0.0014741420201106225,100.0,100.0,False
19.0,0.001634869704506417,100.0,100.0,False
19.0,0.0018131217442077456,100.0,100.0,False
19.0,0.0020108088432108043,100.0,100.0,False
19.0,0.0022300500321347895,100.0,100.0,False
19.0,0.002473195382353419,100.0,100.0,False
19.0,0.002742851196678697,100.0,100.0,False
19.0,0.0030419079466187894,100.0,100.0,False
19.0,0.003373571255672634,100.0,100.0,False
19.0,0.0037413962607747778,100.0,100.0,False
19.0,0.004149325720214712,100.0,100.0,False
19.0,0.004601732276513801,100.0,100.0,False
19.0,0.005103465327280476,100.0,100.0,False
19.0,0.005659903006457729,100.0,100.0,False
19.0,0.006277009833155804,100.0,100.0,False
19.0,0.00696140064601457,100.0,100.0,False
19.0,0.007720411508415302,100.0,100.0,False
19.0,0.008562178344582902,100.0,100.0,False
19.0,0.009495724149488028,100.0,100.0,False
19.0,0.010531055707361887,100.0,100.0,False
19.0,0.011679270855560683,100.0,100.0,False
19.0,0.012952677443553275,100.0,100.0,False
19.0,0.014364925262166945,100.0,100.0,False
19.0,0.01593115235725613,100.0,100.0,False
19.0,0.017668147296146925,100.0,100.0,False
19.0,0.019594529126209955,100.0,100.0,False
19.0,0.02173094695455825,100.0,100.0,False
19.0,0.02410030128818746,100.0,100.0,False
19.0,0.02672798950712899,100.0,100.0,False
19.0,0.02964217810187076,100.0,100.0,False
19.0,0.032874104593189374,100.0,100.0,False
19.0,0.03645841237070733,100.0,100.0,False
19.0,0.040433522039347726,100.0,100.0,False
19.0,0.04484204325419173,100.0,100.0,False
19.0,0.04973123145824381,100.0,100.0,False
19.0,0.05515349441892861,100.0,100.0,False
19.0,0.061166953992942745,100.0,100.0,False
19.0,0.06783606914108303,100.0,100.0,False
19.0,0.0752323268712176,100.0,100.0,False
19.0,0.08343500851569784,100.0,100.0,False
19.0,0.09253203955702538,100.0,100.0,False
19.0,0.10262093211115302,100.0,100.0,False
19.0,0.11380983017100621,100.0,100.0,False
19.0,0.12621866881430865,100.0,100.0,False
19.0,0.1399804598013949,100.0,100.0,False
19.0,0.15524271734347939,100.0,100.0,False
19.0,0.17216903932435343,100.0,100.0,False
19.0,0.1909408609248092,100.0,100.0,False
19.0,0.21175939944708896,100.0,100.0,False
19.0,0.23484781118615636,100.0,100.0,False
19.0,0.2604535834675404,100.0,100.0,False
19.0,0.28885118749227573,100.0,100.0,False
19.0,0.3203450204250925,100.0,100.0,False
19.0,0.35527266826243264,100.0,100.0,False
19.0,0.3940085244553465,100.0,100.0,False
19.0,0.43696780307570626,100.0,100.0,False
19.0,0.4846109895433208,100.0,100.0,False
19.0,0.5374487766218056,100.0,100.0,False
19.0,0.5960475385927138,100.0,100.0,False
19.0,0.6610354022862212,100.0,100.0,False
19.0,0.733108980044444,100.0,100.0,False
19.0,0.8130408367887928,100.0,100.0,False
19.0,0.9016877712317013,100.0,100.0,False
19.0,1.0,100.0,100.0,False
20.0,0.0001,100.0,100.0,False
20.0,0.00011090313431155938,100.0,100.0,False
20.0,0.0001229950520012778,100.0,100.0,False
20.0,0.0001364053677175493,100.0,100.0,False
20.0,0.00015127782816797016,100.0,100.0,False
20.0,0.00016777185295673396,100.0,100.0,False
20.0,0.00018606424342159842,100.0,100.0,False
20.0,0.0002063510777876421,100.0,100.0,False
20.0,0.0002288498129521791,100.0,100.0,False
20.0,0.0002538016154301076,100.0,100.0,False
20.0,0.00028147394644535966,100.0,100.0,False
20.0,0.00031216342887834366,100.0,100.0,False
20.0,0.0003461990268005186,100.0,100.0,False
20.0,0.00038394557167789064,100.0,100.0,False
20.0,0.00042580767304121515,100.0,100.0,False
20.0,0.0004722340555418245,100.0,100.0,False
20.0,0.0005237223688824735,100.0,100.0,False
20.0,0.0005808245221814102,100.0,100.0,False
20.0,0.0006441525999493224,100.0,100.0,False
20.0,0.0007143854230931981,100.0,100.0,False
20.0,0.0007922758252752512,100.0,100.0,False
20.0,0.0008786587226230274,100.0,100.0,False
20.0,0.0009744600632908472,100.0,100.0,False
20.0,0.0010807067528039549,100.0,100.0,False
20.0,0.001198537661576262,100.0,100.0,False
20.0,0.001329215832592545,100.0,100.0,False
20.0,0.0014741420201106225,100.0,100.0,False
20.0,0.001634869704506417,100.0,100.0,False
20.0,0.0018131217442077456,100.0,100.0,False
20.0,0.0020108088432108043,100.0,100.0,False
20.0,0.0022300500321347895,100.0,100.0,False
20.0,0.002473195382353419,100.0,100.0,False
20.0,0.002742851196678697,100.0,100.0,False
20.0,0.0030419079466187894,100.0,100.0,False
20.0,0.003373571255672634,100.0,100.0,False
20.0,0.0037413962607747778,100.0,100.0,False
20.0,0.004149325720214712,100.0,100.0,False
20.0,0.004601732276513801,100.0,100.0,False
20.0,0.005103465327280476,100.0,100.0,False
20.0,0.005659903006457729,100.0,100.0,False
20.0,0.006277009833155804,100.0,100.0,False
20.0,0.00696140064601457,100.0,100.0,False
20.0,0.007720411508415302,100.0,100.0,False
20.0,0.008562178344582902,100.0,100.0,False
20.0,0.009495724149488028,100.0,100.0,False
20.0,0.010531055707361887,100.0,100.0,False
20.0,0.011679270855560683,100.0,100.0,False
20.0,0.012952677443553275,100.0,100.0,False
20.0,0.014364925262166945,100.0,100.0,False
20.0,0.01593115235725613,100.0,100.0,False
20.0,0.017668147296146925,100.0,100.0,False
20.0,0.019594529126209955,100.0,100.0,False
20.0,0.02173094695455825,100.0,100.0,False
20.0,0.02410030128818746,100.0,100.0,False
20.0,0.02672798950712899,100.0,100.0,False
20.0,0.02964217810187076,100.0,100.0,False
20.0,0.032874104593189374,100.0,100.0,False
20.0,0.03645841237070733,100.0,100.0,False
20.0,0.040433522039347726,100.0,100.0,False
20.0,0.04484204325419173,100.0,100.0,False
20.0,0.04973123145824381,100.0,100.0,False
20.0,0.05515349441892861,100.0,100.0,False
20.0,0.061166953992942745,100.0,100.0,False
20.0,0.06783606914108303,100.0,100.0,False
20.0,0.0752323268712176,100.0,100.0,False
20.0,0.08343500851569784,100.0,100.0,False
20.0,0.09253203955702538,100.0,100.0,False
20.0,0.10262093211115302,100.0,100.0,False
20.0,0.11380983017100621,100.0,100.0,False
20.0,0.12621866881430865,100.0,100.0,False
20.0,0.1399804598013949,100.0,100.0,False
20.0,0.15524271734347939,100.0,100.0,False
20.0,0.17216903932435343,100.0,100.0,False
20.0,0.1909408609248092,100.0,100.0,False
20.0,0.21175939944708896,100.0,100.0,False
20.0,0.23484781118615636,100.0,100.0,False
20.0,0.2604535834675404,100.0,100.0,False
20.0,0.28885118749227573,100.0,100.0,False
20.0,0.3203450204250925,100.0,100.0,False
20.0,0.35527266826243264,100.0,100.0,False
20.0,0.3940085244553465,100.0,100.0,False
20.0,0.43696780307570626,100.0,100.0,False
20.0,0.4846109895433208,100.0,100.0,False
20.0,0.5374487766218056,100.0,100.0,False
20.0,0.5960475385927138,100.0,100.0,False
20.0,0.6610354022862212,100.0,100.0,False
20.0,0.733108980044444,100.0,100.0,False
20.0,0.8130408367887928,100.0,100.0,False
20.0,0.9016877712317013,100.0,100.0,False
20.0,1.0,100.0,100.0,False
21.0,0.0001,100.0,100.0,False
21.0,0.00011090313431155938,100.0,100.0,False
21.0,0.0001229950520012778,100.0,100.0,False
21.0,0.0001364053677175493,100.0,100.0,False
21.0,0.00015127782816797016,100.0,100.0,False
21.0,0.00016777185295673396,100.0,100.0,False
21.0,0.00018606424342159842,100.0,100.0,False
21.0,0.0002063510777876421,100.0,100.0,False
21.0,0.0002288498129521791,100.0,100.0,False
21.0,0.0002538016154301076,100.0,100.0,False
21.0,0.00028147394644535966,100.0,100.0,False
21.0,0.00031216342887834366,100.0,100.0,False
21.0,0.0003461990268005186,100.0,100.0,False
21.0,0.00038394557167789064,100.0,100.0,False
21.0,0.00042580767304121515,100.0,100.0,False
21.0,0.0004722340555418245,100.0,100.0,False
21.0,0.0005237223688824735,100.0,100.0,False
21.0,0.0005808245221814102,100.0,100.0,False
21.0,0.0006441525999493224,100.0,100.0,False
21.0,0.0007143854230931981,100.0,100.0,False
21.0,0.0007922758252752512,100.0,100.0,False
21.0,0.0008786587226230274,100.0,100.0,False
21.0,0.0009744600632908472,100.0,100.0,False
21.0,0.0010807067528039549,100.0,100.0,False
21.0,0.001198537661576262,100.0,100.0,False
21.0,0.001329215832592545,100.0,100.0,False
21.0,0.0014741420201106225,100.0,100.0,False
21.0,0.001634869704506417,100.0,100.0,False
21.0,0.0018131217442077456,100.0,100.0,False
21.0,0.0020108088432108043,100.0,100.0,False
21.0,0.0022300500321347895,100.0,100.0,False
21.0,0.002473195382353419,100.0,100.0,False
21.0,0.002742851196678697,100.0,100.0,False
21.0,0.0030419079466187894,100.0,100.0,False
21.0,0.003373571255672634,100.0,100.0,False
21.0,0.0037413962607747778,100.0,100.0,False
21.0,0.004149325720214712,100.0,100.0,False
21.0,0.004601732276513801,100.0,100.0,False
21.0,0.005103465327280476,100.0,100.0,False
21.0,0.005659903006457729,100.0,100.0,False
21.0,0.006277009833155804,100.0,100.0,False
21.0,0.00696140064601457,100.0,100.0,False
21.0,0.007720411508415302,100.0,100.0,False
21.0,0.008562178344582902,100.0,100.0,False
21.0,0.009495724149488028,100.0,100.0,False
21.0,0.010531055707361887,100.0,100.0,False
21.0,0.011679270855560683,100.0,100.0,False
21.0,0.012952677443553275,100.0,100.0,False
21.0,0.014364925262166945,100.0,100.0,False
21.0,0.01593115235725613,100.0,100.0,False
21.0,0.017668147296146925,100.0,100.0,False
21.0,0.019594529126209955,100.0,100.0,False
21.0,0.02173094695455825,100.0,100.0,False
21.0,0.02410030128818746,100.0,100.0,False
21.0,0.02672798950712899,100.0,100.0,False
21.0,0.02964217810187076,100.0,100.0,False
21.0,0.032874104593189374,100.0,100.0,False
21.0,0.03645841237070733,100.0,100.0,False
21.0,0.040433522039347726,100.0,100.0,False
21.0,0.04484204325419173,100.0,100.0,False
21.0,0.04973123145824381,100.0,100.0,False
21.0,0.05515349441892861,100.0,100.0,False
21.0,0.061166953992942745,100.0,100.0,False
21.0,0.06783606914108303,100.0,100.0,False
21.0,0.0752323268712176,100.0,100.0,False
21.0,0.08343500851569784,100.0,100.0,False
21.0,0.09253203955702538,100.0,100.0,False
21.0,0.10262093211115302,100.0,100.0,False
21.0,0.11380983017100621,100.0,100.0,False
21.0,0.12621866881430865,100.0,100.0,False
21.0,0.1399804598013949,100.0,100.0,False
21.0,0.15524271734347939,100.0,100.0,False
21.0,0.17216903932435343,100.0,100.0,False
21.0,0.1909408609248092,100.0,100.0,False
21.0,0.21175939944708896,100.0,100.0,False
21.0,0.23484781118615636,100.0,100.0,False
21.0,0.2604535834675404,100.0,100.0,False
21.0,0.28885118749227573,100.0,100.0,False
21.0,0.3203450204250925,100.0,100.0,False
21.0,0.35527266826243264,100.0,100.0,False
21.0,0.3940085244553465,100.0,100.0,False
21.0,0.43696780307570626,100.0,100.0,False
21.0,0.4846109895433208,100.0,100.0,False
21.0,0.5374487766218056,100.0,100.0,False
21.0,0.5960475385927138,100.0,100.0,False
21.0,0.6610354022862212,100.0,100.0,False
21.0,0.733108980044444,100.0,100.0,False
21.0,0.8130408367887928,100.0,100.0,False
21.0,0.9016877712317013,100.0,100.0,False
21.0,1.0,100.0,100.0,False
22.0,0.0001,100.0,100.0,False
22.0,0.00011090313431155938,100.0,100.0,False
22.0,0.0001229950520012778,100.0,100.0,False
22.0,0.0001364053677175493,100.0,100.0,False
22.0,0.00015127782816797016,100.0,100.0,False
22.0,0.00016777185295673396,100.0,100.0,False
22.0,0.00018606424342159842,100.0,100.0,False
22.0,0.0002063510777876421,100.0,100.0,False
22.0,0.0002288498129521791,100.0,100.0,False
22.0,0.0002538016154301076,100.0,100.0,False
22.0,0.00028147394644535966,100.0,100.0,False
22.0,0.00031216342887834366,100.0,100.0,False
22.0,0.0003461990268005186,100.0,100.0,False
22.0,0.00038394557167789064,100.0,100.0,False
22.0,0.00042580767304121515,100.0,100.0,False
22.0,0.0004722340555418245,100.0,100.0,False
22.0,0.0005237223688824735,100.0,100.0,False
22.0,0.0005808245221814102,100.0,100.0,False
22.0,0.0006441525999493224,100.0,100.0,False
22.0,0.0007143854230931981,100.0,100.0,False
22.0,0.0007922758252752512,100.0,100.0,False
22.0,0.0008786587226230274,100.0,100.0,False
22.0,0.0009744600632908472,100.0,100.0,False
22.0,0.0010807067528039549,100.0,100.0,False
22.0,0.001198537661576262,100.0,100.0,False
22.0,0.001329215832592545,100.0,100.0,False
22.0,0.0014741420201106225,100.0,100.0,False
22.0,0.001634869704506417,100.0,100.0,False
22.0,0.0018131217442077456,100.0,100.0,False
22.0,0.0020108088432108043,100.0,100.0,False
22.0,0.0022300500321347895,100.0,100.0,False
22.0,0.002473195382353419,100.0,100.0,False
22.0,0.002742851196678697,100.0,100.0,False
22.0,0.0030419079466187894,100.0,100.0,False
22.0,0.003373571255672634,100.0,100.0,False
22.0,0.0037413962607747778,100.0,100.0,False
22.0,0.004149325720214712,100.0,100.0,False
22.0,0.004601732276513801,100.0,100.0,False
22.0,0.005103465327280476,100.0,100.0,False
22.0,0.005659903006457729,100.0,100.0,False
22.0,0.006277009833155804,100.0,100.0,False
22.0,0.00696140064601457,100.0,100.0,False
22.0,0.007720411508415302,100.0,100.0,False
22.0,0.008562178344582902,100.0,100.0,False
22.0,0.009495724149488028,100.0,100.0,False
22.0,0.010531055707361887,100.0,100.0,False
22.0,0.011679270855560683,100.0,100.0,False
22.0,0.012952677443553275,100.0,100.0,False
22.0,0.014364925262166945,100.0,100.0,False
22.0,0.01593115235725613,100.0,100.0,False
22.0,0.017668147296146925,100.0,100.0,False
22.0,0.019594529126209955,100.0,100.0,False
22.0,0.02173094695455825,100.0,100.0,False
22.0,0.02410030128818746,100.0,100.0,False
22.0,0.02672798950712899,100.0,100.0,False
22.0,0.02964217810187076,100.0,100.0,False
22.0,0.032874104593189374,100.0,100.0,False
22.0,0.03645841237070733,100.0,100.0,False
22.0,0.040433522039347726,100.0,100.0,False
22.0,0.04484204325419173,100.0,100.0,False
22.0,0.04973123145824381,100.0,100.0,False
22.0,0.05515349441892861,100.0,100.0,False
22.0,0.061166953992942745,100.0,100.0,False
22.0,0.06783606914108303,100.0,100.0,False
22.0,0.0752323268712176,100.0,100.0,False
22.0,0.08343500851569784,100.0,100.0,False
22.0,0.09253203955702538,100.0,100.0,False
22.0,0.10262093211115302,100.0,100.0,False
22.0,0.11380983017100621,100.0,100.0,False
22.0,0.12621866881430865,100.0,100.0,False
22.0,0.1399804598013949,100.0,100.0,False
22.0,0.15524271734347939,100.0,100.0,False
22.0,0.17216903932435343,100.0,100.0,False
22.0,0.1909408609248092,100.0,100.0,False
22.0,0.21175939944708896,100.0,100.0,False
22.0,0.23484781118615636,100.0,100.0,False
22.0,0.2604535834675404,100.0,100.0,False
22.0,0.28885118749227573,100.0,100.0,False
22.0,0.3203450204250925,100.0,100.0,False
22.0,0.35527266826243264,100.0,100.0,False
22.0,0.3940085244553465,100.0,100.0,False
22.0,0.43696780307570626,100.0,100.0,False
22.0,0.4846109895433208,100.0,100.0,False
22.0,0.5374487766218056,100.0,100.0,False
22.0,0.5960475385927138,100.0,100.0,False
22.0,0.6610354022862212,100.0,100.0,False
22.0,0.733108980044444,100.0,100.0,False
22.0,0.8130408367887928,100.0,100.0,False
22.0,0.9016877712317013,100.0,100.0,False
22.0,1.0,100.0,100.0,False
23.0,0.0001,100.0,100.0,False
23.0,0.00011090313431155938,100.0,100.0,False
23.0,0.0001229950520012778,100.0,100.0,False
23.0,0.0001364053677175493,100.0,100.0,False
23.0,0.00015127782816797016,100.0,100.0,False
23.0,0.00016777185295673396,100.0,100.0,False
23.0,0.00018606424342159842,100.0,100.0,False
23.0,0.0002063510777876421,100.0,100.0,False
23.0,0.0002288498129521791,100.0,100.0,False
23.0,0.0002538016154301076,100.0,100.0,False
23.0,0.00028147394644535966,100.0,100.0,False
23.0,0.00031216342887834366,100.0,100.0,False
23.0,0.0003461990268005186,100.0,100.0,False
23.0,0.00038394557167789064,100.0,100.0,False
23.0,0.00042580767304121515,100.0,100.0,False
23.0,0.0004722340555418245,100.0,100.0,False
23.0,0.0005237223688824735,100.0,100.0,False
23.0,0.0005808245221814102,100.0,100.0,False
23.0,0.0006441525999493224,100.0,100.0,False
23.0,0.0007143854230931981,100.0,100.0,False
23.0,0.0007922758252752512,100.0,100.0,False
23.0,0.0008786587226230274,100.0,100.0,False
23.0,0.0009744600632908472,100.0,100.0,False
23.0,0.0010807067528039549,100.0,100.0,False
23.0,0.001198537661576262,100.0,100.0,False
23.0,0.001329215832592545,100.0,100.0,False
23.0,0.0014741420201106225,100.0,100.0,False
23.0,0.001634869704506417,100.0,100.0,False
23.0,0.0018131217442077456,100.0,100.0,False
23.0,0.0020108088432108043,100.0,100.0,False
23.0,0.0022300500321347895,100.0,100.0,False
23.0,0.002473195382353419,100.0,100.0,False
23.0,0.002742851196678697,100.0,100.0,False
23.0,0.0030419079466187894,100.0,100.0,False
23.0,0.003373571255672634,100.0,100.0,False
23.0,0.0037413962607747778,100.0,100.0,False
23.0,0.004149325720214712,100.0,100.0,False
23.0,0.004601732276513801,100.0,100.0,False
23.0,0.005103465327280476,100.0,100.0,False
23.0,0.005659903006457729,100.0,100.0,False
23.0,0.006277009833155804,100.0,100.0,False
23.0,0.00696140064601457,100.0,100.0,False
23.0,0.007720411508415302,100.0,100.0,False
23.0,0.008562178344582902,100.0,100.0,False
23.0,0.009495724149488028,100.0,100.0,False
23.0,0.010531055707361887,100.0,100.0,False
23.0,0.011679270855560683,100.0,100.0,False
23.0,0.012952677443553275,100.0,100.0,False
23.0,0.014364925262166945,100.0,100.0,False
23.0,0.01593115235725613,100.0,100.0,False
23.0,0.017668147296146925,100.0,100.0,False
23.0,0.019594529126209955,100.0,100.0,False
23.0,0.02173094695455825,100.0,100.0,False
23.0,0.02410030128818746,100.0,100.0,False
23.0,0.02672798950712899,100.0,100.0,False
23.0,0.02964217810187076,100.0,100.0,False
23.0,0.032874104593189374,100.0,100.0,False
23.0,0.03645841237070733,100.0,100.0,False
23.0,0.040433522039347726,100.0,100.0,False
23.0,0.04484204325419173,100.0,100.0,False
23.0,0.04973123145824381,100.0,100.0,False
23.0,0.05515349441892861,100.0,100.0,False
23.0,0.061166953992942745,100.0,100.0,False
23.0,0.06783606914108303,100.0,100.0,False
23.0,0.0752323268712176,100.0,100.0,False
23.0,0.08343500851569784,100.0,100.0,False
23.0,0.09253203955702538,100.0,100.0,False
23.0,0.10262093211115302,100.0,100.0,False
23.0,0.11380983017100621,100.0,100.0,False
23.0,0.12621866881430865,100.0,100.0,False
23.0,0.1399804598013949,100.0,100.0,False
23.0,0.15524271734347939,100.0,100.0,False
23.0,0.17216903932435343,100.0,100.0,False
23.0,0.1909408609248092,100.0,100.0,False
23.0,0.21175939944708896,100.0,100.0,False
23.0,0.23484781118615636,100.0,100.0,False
23.0,0.2604535834675404,100.0,100.0,False
23.0,0.28885118749227573,100.0,100.0,False
23.0,0.3203450204250925,100.0,100.0,False
23.0,0.35527266826243264,100.0,100.0,False
23.0,0.3940085244553465,100.0,100.0,False
23.0,0.43696780307570626,100.0,100.0,False
23.0,0.4846109895433208,100.0,100.0,False
23.0,0.5374487766218056,100.0,100.0,False
23.0,0.5960475385927138,100.0,100.0,False
23.0,0.6610354022862212,100.0,100.0,False
23.0,0.733108980044444,100.0,100.0,False
23.0,0.8130408367887928,100.0,100.0,False
23.0,0.9016877712317013,100.0,100.0,False
23.0,1.0,100.0,100.0,False
24.0,0.0001,100.0,100.0,False
24.0,0.00011090313431155938,100.0,100.0,False
24.0,0.0001229950520012778,100.0,100.0,False
24.0,0.0001364053677175493,100.0,100.0,False
24.0,0.00015127782816797016,100.0,100.0,False
24.0,0.00016777185295673396,100.0,100.0,False
24.0,0.00018606424342159842,100.0,100.0,False
24.0,0.0002063510777876421,100.0,100.0,False
24.0,0.0002288498129521791,100.0,100.0,False
24.0,0.0002538016154301076,100.0,100.0,False
24.0,0.00028147394644535966,100.0,100.0,False
24.0,0.00031216342887834366,100.0,100.0,False
24.0,0.0003461990268005186,100.0,100.0,False
24.0,0.00038394557167789064,100.0,100.0,False
24.0,0.00042580767304121515,100.0,100.0,False
24.0,0.0004722340555418245,100.0,100.0,False
24.0,0.0005237223688824735,100.0,100.0,False
24.0,0.0005808245221814102,100.0,100.0,False
24.0,0.0006441525999493224,100.0,100.0,False
24.0,0.0007143854230931981,100.0,100.0,False
24.0,0.0007922758252752512,100.0,100.0,False
24.0,0.0008786587226230274,100.0,100.0,False
24.0,0.0009744600632908472,100.0,100.0,False
24.0,0.0010807067528039549,100.0,100.0,False
24.0,0.001198537661576262,100.0,100.0,False
24.0,0.001329215832592545,100.0,100.0,False
24.0,0.0014741420201106225,100.0,100.0,False
24.0,0.001634869704506417,100.0,100.0,False
24.0,0.0018131217442077456,100.0,100.0,False
24.0,0.0020108088432108043,100.0,100.0,False
24.0,0.0022300500321347895,100.0,100.0,False
24.0,0.002473195382353419,100.0,100.0,False
24.0,0.002742851196678697,100.0,100.0,False
24.0,0.0030419079466187894,100.0,100.0,False
24.0,0.003373571255672634,100.0,100.0,False
24.0,0.0037413962607747778,100.0,100.0,False
24.0,0.004149325720214712,100.0,100.0,False
24.0,0.004601732276513801,100.0,100.0,False
24.0,0.005103465327280476,100.0,100.0,False
24.0,0.005659903006457729,100.0,100.0,False
24.0,0.006277009833155804,100.0,100.0,False
24.0,0.00696140064601457,100.0,100.0,False
24.0,0.007720411508415302,100.0,100.0,False
24.0,0.008562178344582902,100.0,100.0,False
24.0,0.009495724149488028,100.0,100.0,False
24.0,0.010531055707361887,100.0,100.0,False
24.0,0.011679270855560683,100.0,100.0,False
24.0,0.012952677443553275,100.0,100.0,False
24.0,0.014364925262166945,100.0,100.0,False
24.0,0.01593115235725613,100.0,100.0,False
24.0,0.017668147296146925,100.0,100.0,False
24.0,0.019594529126209955,100.0,100.0,False
24.0,0.02173094695455825,100.0,100.0,False
24.0,0.02410030128818746,100.0,100.0,False
24.0,0.02672798950712899,100.0,100.0,False
24.0,0.02964217810187076,100.0,100.0,False
24.0,0.032874104593189374,100.0,100.0,False
24.0,0.03645841237070733,100.0,100.0,False
24.0,0.040433522039347726,100.0,100.0,False
24.0,0.04484204325419173,100.0,100.0,False
24.0,0.04973123145824381,100.0,100.0,False
24.0,0.05515349441892861,100.0,100.0,False
24.0,0.061166953992942745,100.0,100.0,False
24.0,0.06783606914108303,100.0,100.0,False
24.0,0.0752323268712176,100.0,100.0,False
24.0,0.08343500851569784,100.0,100.0,False
24.0,0.09253203955702538,100.0,100.0,False
24.0,0.10262093211115302,100.0,100.0,False
24.0,0.11380983017100621,100.0,100.0,False
24.0,0.12621866881430865,100.0,100.0,False
24.0,0.1399804598013949,100.0,100.0,False
24.0,0.15524271734347939,100.0,100.0,False
24.0,0.17216903932435343,100.0,100.0,False
24.0,0.1909408609248092,100.0,100.0,False
24.0,0.21175939944708896,100.0,100.0,False
24.0,0.23484781118615636,100.0,100.0,False
24.0,0.2604535834675404,100.0,100.0,False
24.0,0.28885118749227573,100.0,100.0,False
24.0,0.3203450204250925,100.0,100.0,False
24.0,0.35527266826243264,100.0,100.0,False
24.0,0.3940085244553465,100.0,100.0,False
24.0,0.43696780307570626,100.0,100.0,False
24.0,0.4846109895433208,100.0,100.0,False
24.0,0.5374487766218056,100.0,100.0,False
24.0,0.5960475385927138,100.0,100.0,False
24.0,0.6610354022862212,100.0,100.0,False
24.0,0.733108980044444,100.0,100.0,False
24.0,0.8130408367887928,100.0,100.0,False
24.0,0.9016877712317013,100.0,100.0,False
24.0,1.0,100.0,100.0,False
25.0,0.0001,100.0,100.0,False
25.0,0.00011090313431155938,100.0,100.0,False
25.0,0.0001229950520012778,100.0,100.0,False
25.0,0.0001364053677175493,100.0,100.0,False
25.0,0.00015127782816797016,100.0,100.0,False
25.0,0.00016777185295673396,100.0,100.0,False
25.0,0.00018606424342159842,100.0,100.0,False
25.0,0.0002063510777876421,100.0,100.0,False
25.0,0.0002288498129521791,100.0,100.0,False
25.0,0.0002538016154301076,100.0,100.0,False
25.0,0.00028147394644535966,100.0,100.0,False
25.0,0.00031216342887834366,100.0,100.0,False
25.0,0.0003461990268005186,100.0,100.0,False
25.0,0.00038394557167789064,100.0,100.0,False
25.0,0.00042580767304121515,100.0,100.0,False
25.0,0.0004722340555418245,100.0,100.0,False
25.0,0.0005237223688824735,100.0,100.0,False
25.0,0.0005808245221814102,100.0,100.0,False
25.0,0.0006441525999493224,100.0,100.0,False
25.0,0.0007143854230931981,100.0,100.0,False
25.0,0.0007922758252752512,100.0,100.0,False
25.0,0.0008786587226230274,100.0,100.0,False
25.0,0.0009744600632908472,100.0,100.0,False
25.0,0.0010807067528039549,100.0,100.0,False
25.0,0.001198537661576262,100.0,100.0,False
25.0,0.001329215832592545,100.0,100.0,False
25.0,0.0014741420201106225,100.0,100.0,False
25.0,0.001634869704506417,100.0,100.0,False
25.0,0.0018131217442077456,100.0,100.0,False
25.0,0.0020108088432108043,100.0,100.0,False
25.0,0.0022300500321347895,100.0,100.0,False
25.0,0.002473195382353419,100.0,100.0,False
25.0,0.002742851196678697,100.0,100.0,False
25.0,0.0030419079466187894,100.0,100.0,False
25.0,0.003373571255672634,100.0,100.0,False
25.0,0.0037413962607747778,100.0,100.0,False
25.0,0.004149325720214712,100.0,100.0,False
25.0,0.004601732276513801,100.0,100.0,False
25.0,0.005103465327280476,100.0,100.0,False
25.0,0.005659903006457729,100.0,100.0,False
25.0,0.006277009833155804,100.0,100.0,False
25.0,0.00696140064601457,100.0,100.0,False
25.0,0.007720411508415302,100.0,100.0,False
25.0,0.008562178344582902,100.0,100.0,False
25.0,0.009495724149488028,100.0,100.0,False
25.0,0.010531055707361887,100.0,100.0,False
25.0,0.011679270855560683,100.0,100.0,False
25.0,0.012952677443553275,100.0,100.0,False
25.0,0.014364925262166945,100.0,100.0,False
25.0,0.01593115235725613,100.0,100.0,False
25.0,0.017668147296146925,100.0,100.0,False
25.0,0.019594529126209955,100.0,100.0,False
25.0,0.02173094695455825,100.0,100.0,False
25.0,0.02410030128818746,100.0,100.0,False
25.0,0.02672798950712899,100.0,100.0,False
25.0,0.02964217810187076,100.0,100.0,False
25.0,0.032874104593189374,100.0,100.0,False
25.0,0.03645841237070733,100.0,100.0,False
25.0,0.040433522039347726,100.0,100.0,False
25.0,0.04484204325419173,100.0,100.0,False
25.0,0.04973123145824381,100.0,100.0,False
25.0,0.05515349441892861,100.0,100.0,False
25.0,0.061166953992942745,100.0,100.0,False
25.0,0.06783606914108303,100.0,100.0,False
25.0,0.0752323268712176,100.0,100.0,False
25.0,0.08343500851569784,100.0,100.0,False
25.0,0.09253203955702538,100.0,100.0,False
25.0,0.10262093211115302,100.0,100.0,False
25.0,0.11380983017100621,100.0,100.0,False
25.0,0.12621866881430865,100.0,100.0,False
25.0,0.1399804598013949,100.0,100.0,False
25.0,0.15524271734347939,100.0,100.0,False
25.0,0.17216903932435343,100.0,100.0,False
25.0,0.1909408609248092,100.0,100.0,False
25.0,0.21175939944708896,100.0,100.0,False
25.0,0.23484781118615636,100.0,100.0,False
25.0,0.2604535834675404,100.0,100.0,False
25.0,0.28885118749227573,100.0,100.0,False
25.0,0.3203450204250925,100.0,100.0,False
25.0,0.35527266826243264,100.0,100.0,False
25.0,0.3940085244553465,100.0,100.0,False
25.0,0.43696780307570626,100.0,100.0,False
25.0,0.4846109895433208,100.0,100.0,False
25.0,0.5374487766218056,100.0,100.0,False
25.0,0.5960475385927138,100.0,100.0,False
25.0,0.6610354022862212,100.0,100.0,False
25.0,0.733108980044444,100.0,100.0,False
25.0,0.8130408367887928,100.0,100.0,False
25.0,0.9016877712317013,100.0,100.0,False
25.0,1.0,100.0,100.0,False
26.0,0.0001,100.0,100.0,False
26.0,0.00011090313431155938,100.0,100.0,False
26.0,0.0001229950520012778,100.0,100.0,False
26.0,0.0001364053677175493,100.0,100.0,False
26.0,0.00015127782816797016,100.0,100.0,False
26.0,0.00016777185295673396,100.0,100.0,False
26.0,0.00018606424342159842,100.0,100.0,False
26.0,0.0002063510777876421,100.0,100.0,False
26.0,0.0002288498129521791,100.0,100.0,False
26.0,0.0002538016154301076,100.0,100.0,False
26.0,0.00028147394644535966,100.0,100.0,False
26.0,0.00031216342887834366,100.0,100.0,False
26.0,0.0003461990268005186,100.0,100.0,False
26.0,0.00038394557167789064,100.0,100.0,False
26.0,0.00042580767304121515,100.0,100.0,False
26.0,0.0004722340555418245,100.0,100.0,False
26.0,0.0005237223688824735,100.0,100.0,False
26.0,0.0005808245221814102,100.0,100.0,False
26.0,0.0006441525999493224,100.0,100.0,False
26.0,0.0007143854230931981,100.0,100.0,False
26.0,0.0007922758252752512,100.0,100.0,False
26.0,0.0008786587226230274,100.0,100.0,False
26.0,0.0009744600632908472,100.0,100.0,False
26.0,0.0010807067528039549,100.0,100.0,False
26.0,0.001198537661576262,100.0,100.0,False
26.0,0.001329215832592545,100.0,100.0,False
26.0,0.0014741420201106225,100.0,100.0,False
26.0,0.001634869704506417,100.0,100.0,False
26.0,0.0018131217442077456,100.0,100.0,False
26.0,0.0020108088432108043,100.0,100.0,False
26.0,0.0022300500321347895,100.0,100.0,False
26.0,0.002473195382353419,100.0,100.0,False
26.0,0.002742851196678697,100.0,100.0,False
26.0,0.0030419079466187894,100.0,100.0,False
26.0,0.003373571255672634,100.0,100.0,False
26.0,0.0037413962607747778,100.0,100.0,False
26.0,0.004149325720214712,100.0,100.0,False
26.0,0.004601732276513801,100.0,100.0,False
26.0,0.005103465327280476,100.0,100.0,False
26.0,0.005659903006457729,100.0,100.0,False
26.0,0.006277009833155804,100.0,100.0,False
26.0,0.00696140064601457,100.0,100.0,False
26.0,0.007720411508415302,100.0,100.0,False
26.0,0.008562178344582902,100.0,100.0,False
26.0,0.009495724149488028,100.0,100.0,False
26.0,0.010531055707361887,100.0,100.0,False
26.0,0.011679270855560683,100.0,100.0,False
26.0,0.012952677443553275,100.0,100.0,False
26.0,0.014364925262166945,100.0,100.0,False
26.0,0.01593115235725613,100.0,100.0,False
26.0,0.017668147296146925,100.0,100.0,False
26.0,0.019594529126209955,100.0,100.0,False
26.0,0.02173094695455825,100.0,100.0,False
26.0,0.02410030128818746,100.0,100.0,False
26.0,0.02672798950712899,100.0,100.0,False
26.0,0.02964217810187076,100.0,100.0,False
26.0,0.032874104593189374,100.0,100.0,False
26.0,0.03645841237070733,100.0,100.0,False
26.0,0.040433522039347726,100.0,100.0,False
26.0,0.04484204325419173,100.0,100.0,False
26.0,0.04973123145824381,100.0,100.0,False
26.0,0.05515349441892861,100.0,100.0,False
26.0,0.061166953992942745,100.0,100.0,False
26.0,0.06783606914108303,100.0,100.0,False
26.0,0.0752323268712176,100.0,100.0,False
26.0,0.08343500851569784,100.0,100.0,False
26.0,0.09253203955702538,100.0,100.0,False
26.0,0.10262093211115302,100.0,100.0,False
26.0,0.11380983017100621,100.0,100.0,False
26.0,0.12621866881430865,100.0,100.0,False
26.0,0.1399804598013949,100.0,100.0,False
26.0,0.15524271734347939,100.0,100.0,False
26.0,0.17216903932435343,100.0,100.0,False
26.0,0.1909408609248092,100.0,100.0,False
26.0,0.21175939944708896,100.0,100.0,False
26.0,0.23484781118615636,100.0,100.0,False
26.0,0.2604535834675404,100.0,100.0,False
26.0,0.28885118749227573,100.0,100.0,False
26.0,0.3203450204250925,100.0,100.0,False
26.0,0.35527266826243264,100.0,100.0,False
26.0,0.3940085244553465,100.0,100.0,False
26.0,0.43696780307570626,100.0,100.0,False
26.0,0.4846109895433208,100.0,100.0,False
26.0,0.5374487766218056,100.0,100.0,False
26.0,0.5960475385927138,100.0,100.0,False
26.0,0.6610354022862212,100.0,100.0,False
26.0,0.733108980044444,100.0,100.0,False
26.0,0.8130408367887928,100.0,100.0,False
26.0,0.9016877712317013,100.0,100.0,False
26.0,1.0,100.0,100.0,False
27.0,0.0001,100.0,100.0,False
27.0,0.00011090313431155938,100.0,100.0,False
27.0,0.0001229950520012778,100.0,100.0,False
27.0,0.0001364053677175493,100.0,100.0,False
27.0,0.00015127782816797016,100.0,100.0,False
27.0,0.00016777185295673396,100.0,100.0,False
27.0,0.00018606424342159842,100.0,100.0,False
27.0,0.0002063510777876421,100.0,100.0,False
27.0,0.0002288498129521791,100.0,100.0,False
27.0,0.0002538016154301076,100.0,100.0,False
27.0,0.00028147394644535966,100.0,100.0,False
27.0,0.00031216342887834366,100.0,100.0,False
27.0,0.0003461990268005186,100.0,100.0,False
27.0,0.00038394557167789064,100.0,100.0,False
27.0,0.00042580767304121515,100.0,100.0,False
27.0,0.0004722340555418245,100.0,100.0,False
27.0,0.0005237223688824735,100.0,100.0,False
27.0,0.0005808245221814102,100.0,100.0,False
27.0,0.0006441525999493224,100.0,100.0,False
27.0,0.0007143854230931981,100.0,100.0,False
27.0,0.0007922758252752512,100.0,100.0,False
27.0,0.0008786587226230274,100.0,100.0,False
27.0,0.0009744600632908472,100.0,100.0,False
27.0,0.0010807067528039549,100.0,100.0,False
27.0,0.001198537661576262,100.0,100.0,False
27.0,0.001329215832592545,100.0,100.0,False
27.0,0.0014741420201106225,100.0,100.0,False
27.0,0.001634869704506417,100.0,100.0,False
27.0,0.0018131217442077456,100.0,100.0,False
27.0,0.0020108088432108043,100.0,100.0,False
27.0,0.0022300500321347895,100.0,100.0,False
27.0,0.002473195382353419,100.0,100.0,False
27.0,0.002742851196678697,100.0,100.0,False
27.0,0.0030419079466187894,100.0,100.0,False
27.0,0.003373571255672634,100.0,100.0,False
27.0,0.0037413962607747778,100.0,100.0,False
27.0,0.004149325720214712,100.0,100.0,False
27.0,0.004601732276513801,100.0,100.0,False
27.0,0.005103465327280476,100.0,100.0,False
27.0,0.005659903006457729,100.0,100.0,False
27.0,0.006277009833155804,100.0,100.0,False
27.0,0.00696140064601457,100.0,100.0,False
27.0,0.007720411508415302,100.0,100.0,False
27.0,0.008562178344582902,100.0,100.0,False
27.0,0.009495724149488028,100.0,100.0,False
27.0,0.010531055707361887,100.0,100.0,False
27.0,0.011679270855560683,100.0,100.0,False
27.0,0.012952677443553275,100.0,100.0,False
27.0,0.014364925262166945,100.0,100.0,False
27.0,0.01593115235725613,100.0,100.0,False
27.0,0.017668147296146925,100.0,100.0,False
27.0,0.019594529126209955,100.0,100.0,False
27.0,0.02173094695455825,100.0,100.0,False
27.0,0.02410030128818746,100.0,100.0,False
27.0,0.02672798950712899,100.0,100.0,False
27.0,0.02964217810187076,100.0,100.0,False
27.0,0.032874104593189374,100.0,100.0,False
27.0,0.03645841237070733,100.0,100.0,False
27.0,0.040433522039347726,100.0,100.0,False
27.0,0.04484204325419173,100.0,100.0,False
27.0,0.04973123145824381,100.0,100.0,False
27.0,0.05515349441892861,100.0,100.0,False
27.0,0.061166953992942745,100.0,100.0,False
27.0,0.06783606914108303,100.0,100.0,False
27.0,0.0752323268712176,100.0,100.0,False
27.0,0.08343500851569784,100.0,100.0,False
27.0,0.09253203955702538,100.0,100.0,False
27.0,0.10262093211115302,100.0,100.0,False
27.0,0.11380983017100621,100.0,100.0,False
27.0,0.12621866881430865,100.0,100.0,False
27.0,0.1399804598013949,100.0,100.0,False
27.0,0.15524271734347939,100.0,100.0,False
27.0,0.17216903932435343,100.0,100.0,False
27.0,0.1909408609248092,100.0,100.0,False
27.0,0.21175939944708896,100.0,100.0,False
27.0,0.23484781118615636,100.0,100.0,False
27.0,0.2604535834675404,100.0,100.0,False
27.0,0.28885118749227573,100.0,100.0,False
27.0,0.3203450204250925,100.0,100.0,False
27.0,0.35527266826243264,100.0,100.0,False
27.0,0.3940085244553465,100.0,100.0,False
27.0,0.43696780307570626,100.0,100.0,False
27.0,0.4846109895433208,100.0,100.0,False
27.0,0.5374487766218056,100.0,100.0,False
27.0,0.5960475385927138,100.0,100.0,False
27.0,0.6610354022862212,100.0,100.0,False
27.0,0.733108980044444,100.0,100.0,False
27.0,0.8130408367887928,100.0,100.0,False
27.0,0.9016877712317013,100.0,100.0,False
27.0,1.0,100.0,100.0,False
28.0,0.0001,100.0,100.0,False
28.0,0.00011090313431155938,100.0,100.0,False
28.0,0.0001229950520012778,100.0,100.0,False
28.0,0.0001364053677175493,100.0,100.0,False
28.0,0.00015127782816797016,100.0,100.0,False
28.0,0.00016777185295673396,100.0,100.0,False
28.0,0.00018606424342159842,100.0,100.0,False
28.0,0.0002063510777876421,100.0,100.0,False
28.0,0.0002288498129521791,100.0,100.0,False
28.0,0.0002538016154301076,100.0,100.0,False
28.0,0.00028147394644535966,100.0,100.0,False
28.0,0.00031216342887834366,100.0,100.0,False
28.0,0.0003461990268005186,100.0,100.0,False
28.0,0.00038394557167789064,100.0,100.0,False
28.0,0.00042580767304121515,100.0,100.0,False
28.0,0.0004722340555418245,100.0,100.0,False
28.0,0.0005237223688824735,100.0,100.0,False
28.0,0.0005808245221814102,100.0,100.0,False
28.0,0.0006441525999493224,100.0,100.0,False
28.0,0.0007143854230931981,100.0,100.0,False
28.0,0.0007922758252752512,100.0,100.0,False
28.0,0.0008786587226230274,100.0,100.0,False
28.0,0.0009744600632908472,100.0,100.0,False
28.0,0.0010807067528039549,100.0,100.0,False
28.0,0.001198537661576262,100.0,100.0,False
28.0,0.001329215832592545,100.0,100.0,False
28.0,0.0014741420201106225,100.0,100.0,False
28.0,0.001634869704506417,100.0,100.0,False
28.0,0.0018131217442077456,100.0,100.0,False
28.0,0.0020108088432108043,100.0,100.0,False
28.0,0.0022300500321347895,100.0,100.0,False
28.0,0.002473195382353419,100.0,100.0,False
28.0,0.002742851196678697,100.0,100.0,False
28.0,0.0030419079466187894,100.0,100.0,False
28.0,0.003373571255672634,100.0,100.0,False
28.0,0.0037413962607747778,100.0,100.0,False
28.0,0.004149325720214712,100.0,100.0,False
28.0,0.004601732276513801,100.0,100.0,False
28.0,0.005103465327280476,100.0,100.0,False
28.0,0.005659903006457729,100.0,100.0,False
28.0,0.006277009833155804,100.0,100.0,False
28.0,0.00696140064601457,100.0,100.0,False
28.0,0.007720411508415302,100.0,100.0,False
28.0,0.008562178344582902,100.0,100.0,False
28.0,0.009495724149488028,100.0,100.0,False
28.0,0.010531055707361887,100.0,100.0,False
28.0,0.011679270855560683,100.0,100.0,False
28.0,0.012952677443553275,100.0,100.0,False
28.0,0.014364925262166945,100.0,100.0,False
28.0,0.01593115235725613,100.0,100.0,False
28.0,0.017668147296146925,100.0,100.0,False
28.0,0.019594529126209955,100.0,100.0,False
28.0,0.02173094695455825,100.0,100.0,False
28.0,0.02410030128818746,100.0,100.0,False
28.0,0.02672798950712899,100.0,100.0,False
28.0,0.02964217810187076,100.0,100.0,False
28.0,0.032874104593189374,100.0,100.0,False
28.0,0.03645841237070733,100.0,100.0,False
28.0,0.040433522039347726,100.0,100.0,False
28.0,0.04484204325419173,100.0,100.0,False
28.0,0.04973123145824381,100.0,100.0,False
28.0,0.05515349441892861,100.0,100.0,False
28.0,0.061166953992942745,100.0,100.0,False
28.0,0.06783606914108303,100.0,100.0,False
28.0,0.0752323268712176,100.0,100.0,False
28.0,0.08343500851569784,100.0,100.0,False
28.0,0.09253203955702538,100.0,100.0,False
28.0,0.10262093211115302,100.0,100.0,False
28.0,0.11380983017100621,100.0,100.0,False
28.0,0.12621866881430865,100.0,100.0,False
28.0,0.1399804598013949,100.0,100.0,False
28.0,0.15524271734347939,100.0,100.0,False
28.0,0.17216903932435343,100.0,100.0,False
28.0,0.1909408609248092,100.0,100.0,False
28.0,0.21175939944708896,100.0,100.0,False
28.0,0.23484781118615636,100.0,100.0,False
28.0,0.2604535834675404,100.0,100.0,False
28.0,0.28885118749227573,100.0,100.0,False
28.0,0.3203450204250925,100.0,100.0,False
28.0,0.35527266826243264,100.0,100.0,False
28.0,0.3940085244553465,100.0,100.0,False
28.0,0.43696780307570626,100.0,100.0,False
28.0,0.4846109895433208,100.0,100.0,False
28.0,0.5374487766218056,100.0,100.0,False
28.0,0.5960475385927138,100.0,100.0,False
28.0,0.6610354022862212,100.0,100.0,False
28.0,0.733108980044444,100.0,100.0,False
28.0,0.8130408367887928,100.0,100.0,False
28.0,0.9016877712317013,100.0,100.0,False
28.0,1.0,100.0,100.0,False
29.0,0.0001,100.0,100.0,False
29.0,0.00011090313431155938,100.0,100.0,False
29.0,0.0001229950520012778,100.0,100.0,False
29.0,0.0001364053677175493,100.0,100.0,False
29.0,0.00015127782816797016,100.0,100.0,False
29.0,0.00016777185295673396,100.0,100.0,False
29.0,0.00018606424342159842,100.0,100.0,False
29.0,0.0002063510777876421,100.0,100.0,False
29.0,0.0002288498129521791,100.0,100.0,False
29.0,0.0002538016154301076,100.0,100.0,False
29.0,0.00028147394644535966,100.0,100.0,False
29.0,0.00031216342887834366,100.0,100.0,False
29.0,0.0003461990268005186,100.0,100.0,False
29.0,0.00038394557167789064,100.0,100.0,False
29.0,0.00042580767304121515,100.0,100.0,False
29.0,0.0004722340555418245,100.0,100.0,False
29.0,0.0005237223688824735,100.0,100.0,False
29.0,0.0005808245221814102,100.0,100.0,False
29.0,0.0006441525999493224,100.0,100.0,False
29.0,0.0007143854230931981,100.0,100.0,False
29.0,0.0007922758252752512,100.0,100.0,False
29.0,0.0008786587226230274,100.0,100.0,False
29.0,0.0009744600632908472,100.0,100.0,False
29.0,0.0010807067528039549,100.0,100.0,False
29.0,0.001198537661576262,100.0,100.0,False
29.0,0.001329215832592545,100.0,100.0,False
29.0,0.0014741420201106225,100.0,100.0,False
29.0,0.001634869704506417,100.0,100.0,False
29.0,0.0018131217442077456,100.0,100.0,False
29.0,0.0020108088432108043,100.0,100.0,False
29.0,0.0022300500321347895,100.0,100.0,False
29.0,0.002473195382353419,100.0,100.0,False
29.0,0.002742851196678697,100.0,100.0,False
29.0,0.0030419079466187894,100.0,100.0,False
29.0,0.003373571255672634,100.0,100.0,False
29.0,0.0037413962607747778,100.0,100.0,False
29.0,0.004149325720214712,100.0,100.0,False
29.0,0.004601732276513801,100.0,100.0,False
29.0,0.005103465327280476,100.0,100.0,False
29.0,0.005659903006457729,100.0,100.0,False
29.0,0.006277009833155804,100.0,100.0,False
29.0,0.00696140064601457,100.0,100.0,False
29.0,0.007720411508415302,100.0,100.0,False
29.0,0.008562178344582902,100.0,100.0,False
29.0,0.009495724149488028,100.0,100.0,False
29.0,0.010531055707361887,100.0,100.0,False
29.0,0.011679270855560683,100.0,100.0,False
29.0,0.012952677443553275,100.0,100.0,False
29.0,0.014364925262166945,100.0,100.0,False
29.0,0.01593115235725613,100.0,100.0,False
29.0,0.017668147296146925,100.0,100.0,False
29.0,0.019594529126209955,100.0,100.0,False
29.0,0.02173094695455825,100.0,100.0,False
29.0,0.02410030128818746,100.0,100.0,False
29.0,0.02672798950712899,100.0,100.0,False
29.0,0.02964217810187076,100.0,100.0,False
29.0,0.032874104593189374,100.0,100.0,False
29.0,0.03645841237070733,100.0,100.0,False
29.0,0.040433522039347726,100.0,100.0,False
29.0,0.04484204325419173,100.0,100.0,False
29.0,0.04973123145824381,100.0,100.0,False
29.0,0.05515349441892861,100.0,100.0,False
29.0,0.061166953992942745,100.0,100.0,False
29.0,0.06783606914108303,100.0,100.0,False
29.0,0.0752323268712176,100.0,100.0,False
29.0,0.08343500851569784,100.0,100.0,False
29.0,0.09253203955702538,100.0,100.0,False
29.0,0.10262093211115302,100.0,100.0,False
29.0,0.11380983017100621,100.0,100.0,False
29.0,0.12621866881430865,100.0,100.0,False
29.0,0.1399804598013949,100.0,100.0,False
29.0,0.15524271734347939,100.0,100.0,False
29.0,0.17216903932435343,100.0,100.0,False
29.0,0.1909408609248092,100.0,100.0,False
29.0,0.21175939944708896,100.0,100.0,False
29.0,0.23484781118615636,100.0,100.0,False
29.0,0.2604535834675404,100.0,100.0,False
29.0,0.28885118749227573,100.0,100.0,False
29.0,0.3203450204250925,100.0,100.0,False
29.0,0.35527266826243264,100.0,100.0,False
29.0,0.3940085244553465,100.0,100.0,False
29.0,0.43696780307570626,100.0,100.0,False
29.0,0.4846109895433208,100.0,100.0,False
29.0,0.5374487766218056,100.0,100.0,False
29.0,0.5960475385927138,100.0,100.0,False
29.0,0.6610354022862212,100.0,100.0,False
29.0,0.733108980044444,100.0,100.0,False
29.0,0.8130408367887928,100.0,100.0,False
29.0,0.9016877712317013,100.0,100.0,False
29.0,1.0,100.0,100.0,False
30.0,0.0001,100.0,100.0,False
30.0,0.00011090313431155938,100.0,100.0,False
30.0,0.0001229950520012778,100.0,100.0,False
30.0,0.0001364053677175493,100.0,100.0,False
30.0,0.00015127782816797016,100.0,100.0,False
30.0,0.00016777185295673396,100.0,100.0,False
30.0,0.00018606424342159842,100.0,100.0,False
30.0,0.0002063510777876421,100.0,100.0,False
30.0,0.0002288498129521791,100.0,100.0,False
30.0,0.0002538016154301076,100.0,100.0,False
30.0,0.00028147394644535966,100.0,100.0,False
30.0,0.00031216342887834366,100.0,100.0,False
30.0,0.0003461990268005186,100.0,100.0,False
30.0,0.00038394557167789064,100.0,100.0,False
30.0,0.00042580767304121515,100.0,100.0,False
30.0,0.0004722340555418245,100.0,100.0,False
30.0,0.0005237223688824735,100.0,100.0,False
30.0,0.0005808245221814102,100.0,100.0,False
30.0,0.0006441525999493224,100.0,100.0,False
30.0,0.0007143854230931981,100.0,100.0,False
30.0,0.0007922758252752512,100.0,100.0,False
30.0,0.0008786587226230274,100.0,100.0,False
30.0,0.0009744600632908472,100.0,100.0,False
30.0,0.0010807067528039549,100.0,100.0,False
30.0,0.001198537661576262,100.0,100.0,False
30.0,0.001329215832592545,100.0,100.0,False
30.0,0.0014741420201106225,100.0,100.0,False
30.0,0.001634869704506417,100.0,100.0,False
30.0,0.0018131217442077456,100.0,100.0,False
30.0,0.0020108088432108043,100.0,100.0,False
30.0,0.0022300500321347895,100.0,100.0,False
30.0,0.002473195382353419,100.0,100.0,False
30.0,0.002742851196678697,100.0,100.0,False
30.0,0.0030419079466187894,100.0,100.0,False
30.0,0.003373571255672634,100.0,100.0,False
30.0,0.0037413962607747778,100.0,100.0,False
30.0,0.004149325720214712,100.0,100.0,False
30.0,0.004601732276513801,100.0,100.0,False
30.0,0.005103465327280476,100.0,100.0,False
30.0,0.005659903006457729,100.0,100.0,False
30.0,0.006277009833155804,100.0,100.0,False
30.0,0.00696140064601457,100.0,100.0,False
30.0,0.007720411508415302,100.0,100.0,False
30.0,0.008562178344582902,100.0,100.0,False
30.0,0.009495724149488028,100.0,100.0,False
30.0,0.010531055707361887,100.0,100.0,False
30.0,0.011679270855560683,100.0,100.0,False
30.0,0.012952677443553275,100.0,100.0,False
30.0,0.014364925262166945,100.0,100.0,False
30.0,0.01593115235725613,100.0,100.0,False
30.0,0.017668147296146925,100.0,100.0,False
30.0,0.019594529126209955,100.0,100.0,False
30.0,0.02173094695455825,100.0,100.0,False
30.0,0.02410030128818746,100.0,100.0,False
30.0,0.02672798950712899,100.0,100.0,False
30.0,0.02964217810187076,100.0,100.0,False
30.0,0.032874104593189374,100.0,100.0,False
30.0,0.03645841237070733,100.0,100.0,False
30.0,0.040433522039347726,100.0,100.0,False
30.0,0.04484204325419173,100.0,100.0,False
30.0,0.04973123145824381,100.0,100.0,False
30.0,0.05515349441892861,100.0,100.0,False
30.0,0.061166953992942745,100.0,100.0,False
30.0,0.06783606914108303,100.0,100.0,False
30.0,0.0752323268712176,100.0,100.0,False
30.0,0.08343500851569784,100.0,100.0,False
30.0,0.09253203955702538,100.0,100.0,False
30.0,0.10262093211115302,100.0,100.0,False
30.0,0.11380983017100621,100.0,100.0,False
30.0,0.12621866881430865,100.0,100.0,False
30.0,0.1399804598013949,100.0,100.0,False
30.0,0.15524271734347939,100.0,100.0,False
30.0,0.17216903932435343,100.0,100.0,False
30.0,0.1909408609248092,100.0,100.0,False
30.0,0.21175939944708896,100.0,100.0,False
30.0,0.23484781118615636,100.0,100.0,False
30.0,0.2604535834675404,100.0,100.0,False
30.0,0.28885118749227573,100.0,100.0,False
30.0,0.3203450204250925,100.0,100.0,False
30.0,0.35527266826243264,100.0,100.0,False
30.0,0.3940085244553465,100.0,100.0,False
30.0,0.43696780307570626,100.0,100.0,False
30.0,0.4846109895433208,100.0,100.0,False
30.0,0.5374487766218056,100.0,100.0,False
30.0,0.5960475385927138,100.0,100.0,False
30.0,0.6610354022862212,100.0,100.0,False
30.0,0.733108980044444,100.0,100.0,False
30.0,0.8130408367887928,100.0,100.0,False
30.0,0.9016877712317013,100.0,100.0,False
30.0,1.0,100.0,100.0,False
