K,f_percent,stable,max_abs_root,PO
0.32323709742100853,-20.23660196610077,False,1.0795368734792148,100.0
0.015979080210363414,-1.6507674571673938,True,0.996129201804036,0.0
0.012016368341672695,-9.13453625514159,True,0.992591055108845,0.0
0.7226877284228556,15.067932065650389,False,1.632040017172902,100.0
0.35450666643659534,-20.401279500327156,False,1.1041466841876784,100.0
0.009122176361500475,-8.644969440707843,True,0.9943924812345836,0.0
0.19957685731723696,13.422995697032526,False,1.2761885125262966,100.0
0.0436223306458442,-3.48162479975646,False,1.0000275805391994,4.0318201165449485
0.06365329819459925,-6.843120712026035,True,0.9834893633409039,0.2073784161567671
0.005694814611714598,-1.4214636884907215,True,0.9967391173012488,0.0
0.049550531073049166,23.684455121521466,False,1.270587374424558,100.0
0.0948413767318751,-16.236206996720714,True,0.9407212772740983,0.0
0.1918904677804038,-14.984687324688133,False,1.013877080454301,100.0
0.08206577391797916,-16.526028249804853,True,0.9480672294498742,0.0
0.00019566859693366035,0.08094861582151935,False,1.0009626787666148,0.0
0.0806145796451893,-4.128694674810561,False,1.023192402173182,100.0
0.0004329688867633211,5.134377925297258,False,1.0516722541540326,100.0
0.0012065622527591443,20.587369162640343,False,1.2067118096732852,100.0
0.2850019494838402,-19.91812734191186,False,1.0501065997062045,100.0
0.13512559229537627,-19.816224468916257,True,0.9221468920625345,3.4771074908235278e-09
0.007285909956625779,14.485999964990349,False,1.1500912770092704,100.0
0.05350021166614999,-18.122744294307882,True,0.9648485103187407,0.0
0.03321780832520514,-3.155354818093013,True,0.9949430917737834,0.3497682593101459
0.012342371075674602,-2.6332798962507873,True,0.9928781443044981,0.0
0.13229536914224072,-12.781251098949692,True,0.983983566075275,4.052154844239553
0.05205925188948012,27.68916228813596,False,1.3116081104535595,100.0
0.10618238523317698,-26.84316662814297,True,0.9265176968321804,0.0
0.7117503031053825,8.421878107996413,False,1.5759414718262876,100.0
0.09793161074242313,19.079576057445145,False,1.2588939824823129,100.0
0.04206528468437012,17.11226130936989,False,1.200815236482806,100.0
0.08297739474922898,18.92680162886316,False,1.247083120119914,100.0
0.002102149714239576,19.923250546675035,False,1.2006978644499828,100.0
0.2666222391538322,-20.535754134241735,False,1.029522788014673,100.0
0.0016591920624851192,11.332338462319463,False,1.1145367088654183,100.0
0.15100223302029878,-24.34683341279726,True,0.9017000036314132,0.0
0.0009284959145327817,20.636911169001976,False,1.207013916353399,100.0
0.025947812728845988,1.278254450718535,False,1.0329085712233639,100.0
0.0025947808795479393,-6.913037023625236,True,0.998425931678233,0.0
0.31710725227846076,21.10441738990277,False,1.4249284409677134,100.0
0.2768143245601213,-16.650047144962244,False,1.0701196477039892,100.0
0.04159206895414042,-7.402795182788367,True,0.9753175673854202,0.0
0.0666084080208392,-4.790869117556195,False,1.0056635054015617,32.93836388345242
0.03980166801019739,-4.268662756694788,True,0.9892806221279505,0.0516616004023529
0.005811636049443496,10.636742933405579,False,1.1106332785021549,100.0
0.010709968255102877,4.931212931383456,False,1.0574418299077382,100.0
0.002950854634342584,7.867134888663593,False,1.080873221123886,100.0
0.12183819493906808,-17.417858505292365,True,0.9324747713576841,8.254645855743092e-08
0.13094747710514543,-8.039078128101036,False,1.0266635837580036,100.0
0.02242574373221798,4.353444782429577,False,1.0606038488202318,100.0
0.1241031879658298,-23.48734594483387,True,0.9182318426078235,0.0
0.18837167491451787,28.307479702794787,False,1.4069289976928172,100.0
0.020493259746426656,-20.30953069091075,True,0.9858851493016058,0.0
0.028408327548288363,13.918953118581435,False,1.1596223190256176,100.0
0.1676884099985804,-11.268958125176681,False,1.0269992142016215,100.0
0.007009137920682886,-10.055011657761249,True,0.9956220065270963,0.0
0.12696100653366535,-6.64661775401369,False,1.0363900232157846,100.0
0.03964866399049306,-9.950878937224559,True,0.9758202428901364,0.0
0.005886750094829109,6.984283547515815,False,1.074257727148359,100.0
0.06565024289685296,-12.484405715189588,True,0.9596651101978652,0.0
0.838098661033661,8.824484121265513,False,1.6570025905930517,100.0
0.113425406921972,-23.079353490329495,True,0.9249686286758001,0.0
0.24301861396338972,-22.364519633066806,True,0.9941537053749486,20.109032529513705
0.009775852361390894,11.12769816597583,False,1.1184303923972145,100.0
0.04574681427257174,14.528982702680132,False,1.1780399591599278,100.0
0.0024180458700952074,22.182485825473904,False,1.2234901461496255,100.0
0.21007591630922373,-13.12824026048833,False,1.0452198312431096,100.0
0.07645471784743156,-7.726512708332304,True,0.9854088322634283,0.8572252483518339
0.012838930611624286,-9.32009404583733,True,0.9920733164337108,0.0
0.03229721865418727,6.780670641406623,False,1.0920143820502823,100.0
0.054306693849027914,-26.233191133899687,True,0.9611404767959273,0.0
0.4996183355550115,26.38627215987706,False,1.5858074198325534,100.0
0.00164863745707765,15.724842010108787,False,1.1584244112606987,100.0
0.0007959763857574711,3.5262089588423606,False,1.035871926447022,100.0
0.14315817310248197,-10.077459335150806,False,1.017782195225291,100.0
0.002270604378300943,4.825033009510747,False,1.0499759799254738,100.0
0.0012429613065480687,28.051522614964014,False,1.2813455950245582,100.0
0.10652898731850628,-11.545919629313921,True,0.9739926368040688,0.7734999373749663
0.016744616819961547,4.74298796112155,False,1.0601497405583236,100.0
0.000150545886603307,23.83373703170288,False,1.238440167033579,100.0
0.35551925755573377,-20.438407596683753,False,1.104694470895086,100.0
0.0012407513560324913,8.533892653402795,False,1.0862612095163753,100.0
0.005517241088869479,10.593282185717918,False,1.109983679501841,100.0
0.0007262911207160174,22.222460981547968,False,1.2227247516030337,100.0
0.07503842640600117,-9.882543713340596,True,0.9636226349225168,0.0
0.8285037073612588,2.9392602342338208,False,1.6104010401576405,100.0
0.25672871003098857,-20.090694935921928,False,1.0247948939726828,100.0
0.37746871967081835,-23.85965433548867,False,1.0969484404203305,100.0
0.032063435118455975,-24.214353501137687,True,0.9771710970858154,0.0
0.13574416506281664,-12.862974517205636,True,0.986108708744201,4.972048030767184
0.03278162318782882,-9.440242719066273,True,0.9800160470321007,0.0
0.00028534804338344727,18.16202065820515,False,1.1818210503915143,100.0
0.0004611605357686949,8.052974672979815,False,1.0808735332093005,100.0
0.36079479050284685,-26.09606078873354,False,1.066181615154657,100.0
0.08395088972441522,15.83228548079375,False,1.2178157909234588,100.0
0.04592383504604092,-3.0740324348452717,False,1.0058372995329803,21.87247133807655
0.04975704097446895,-3.2657296640375257,False,1.0070118084478106,29.037250394728066
0.189119942530666,-11.05210987320826,False,1.0464272956669787,100.0
0.3553209342169327,-27.632811490842336,False,1.050051916546517,100.0
0.267871159797879,-15.83174372124384,False,1.069565515181806,100.0
0.0014742848264154955,1.56326088034983,False,1.0167759745303573,0.0
0.0017067987214792579,28.572264041425612,False,1.2868598273188667,100.0
0.009966854760375694,14.330057081739625,False,1.1504617505073895,100.0
0.0920936171077849,-6.993052936303364,False,1.0050862800957465,34.84284973377567
0.39914442856048177,12.3559688243609,False,1.4034902242610874,100.0
0.004602042771997372,1.613615870232561,False,1.019703354011438,97.05373528775011
0.00015920085580779282,19.581002080069986,False,1.1959212156474934,100.0
0.001237260492618646,5.844021532672052,False,1.059374793606199,100.0
0.008557298075186359,-26.677632090890647,True,0.9936337661993668,0.0
0.04573463955866705,3.987087493249497,False,1.0747022651008156,100.0
0.03701624773700762,9.928201686945087,False,1.1265062413930078,100.0
0.02413991534720648,-4.377604384370361,True,0.9859372298641392,0.0
0.24238142461933238,2.001440468312026,False,1.2036578557892086,100.0
0.08389607062229133,-15.059800008819037,True,0.9477729294372959,0.0
0.1758041992213546,-27.908534549163825,True,0.8872152438022752,0.0
0.23035183507163243,-25.52527551233471,True,0.956792845946175,5.748277019319925
0.2108139143263278,-29.46565930147721,True,0.9064071202371244,0.32493252345418
0.0017458146844881465,7.231351267982561,False,1.0736212490231989,100.0
0.0003922617728003982,6.555556563605414,False,1.0658506141270516,100.0
0.13978280703710763,-18.961676387840782,True,0.9339569767121679,0.006068612848686428
0.4329334570213252,25.389517863520084,False,1.5361987933093344,100.0
0.4512902772890451,-28.624069211153074,False,1.1247329779384403,100.0
0.07121313383543751,-25.321650413911954,True,0.950181141822449,0.0
0.00021453436805312856,12.500510590134994,False,1.1251609564802583,100.0
0.0013030777946599062,8.793215616869922,False,1.0888992846236338,100.0
0.0007266214786053516,6.502453138230422,False,1.0655712383821276,100.0
0.14283720950484452,-18.803402103568082,True,0.9380444052315104,0.020864377251350597
0.04099491580724514,-21.562161228210194,True,0.971813002832365,0.0
0.08035110804389486,-23.116029738306075,True,0.9454670943513067,0.0
0.008367823772138811,0.9485247425405348,False,1.015997026455279,62.21068701842072
0.00977710371300879,-19.792738127197815,True,0.9932506968609915,0.0
0.24422291140693567,-29.09497695296218,True,0.9400912765316242,4.469325704184035
0.22694788393149903,-14.424524088853133,False,1.047832478914161,100.0
0.7238349556094054,20.00672048794617,False,1.670118571227068,100.0
0.009905536903440475,-0.9316163818188237,True,0.9984844649169211,0.0
0.17783785014797093,-10.07306435434974,False,1.0460270093458393,100.0
0.13268360815132926,-8.452901386291284,False,1.0242349316885135,100.0
0.00045875186633861876,2.8590503551625375,False,1.0289434384420582,100.0
0.0009554261658011366,9.905436879209589,False,1.0997588838494967,100.0
0.0007947363732591156,4.439580314431382,False,1.0450012819895211,100.0
0.013758583820942274,-10.243168097174365,True,0.9914299577753916,0.0
0.007955134588656673,1.1972574590413956,False,1.0181536577143047,100.0
0.00024775877080149007,17.336615899144483,False,1.1735413361887375,100.0
0.10729227395091358,-15.254192262763688,True,0.9400034984669193,0.0
0.045978723663014025,-25.893678617490973,True,0.967012664293518,0.0
0.04298606784969852,7.259235351271371,False,1.1046950353456484,100.0
0.0239025848583787,-4.748316293735019,True,0.9860210771388364,0.0
0.05050306069280386,-8.6719263712003,True,0.9698300245553044,0.0
0.3846073752501848,-24.848445105527556,False,1.0955968307335344,100.0
0.0012498074831846552,17.43037390768349,False,1.17518689823778,100.0
0.21425864688412638,-14.56689684751175,False,1.0361235320272002,100.0
0.282804189288394,-22.82837280685052,False,1.024690337575586,100.0
0.01065259961614177,22.6549348669706,False,1.2338632588627878,100.0
0.06909307209074945,25.569209866423137,False,1.302214206421764,100.0
0.004409414174322521,17.40974787518642,False,1.1772130247946295,100.0
0.009121760269614473,15.161260170427973,False,1.1581364726945609,100.0
0.18275303740071086,-12.12750460079791,False,1.0316443666400412,100.0
0.11969616366397087,-12.864246421389183,True,0.972692183824656,1.1808870383780423
0.00029561393694055527,23.976644243765683,False,1.239968142398729,100.0
0.11607993001477403,-11.062916160715133,True,0.9864223102482208,3.523955705309678
0.1316443973705716,-16.9456596676724,True,0.9452533928099341,0.02180762547785431
0.01189051257161648,-6.580294364452676,True,0.9928570961668739,0.0
0.08976121526119857,8.51992404262456,False,1.1514993741787372,100.0
0.0012520505242131026,27.388509618242196,False,1.2747243726020776,100.0
0.20416745583214027,-14.752278277401503,False,1.0261408897194881,100.0
0.049904892505423494,24.74996294770243,False,1.281293843084045,100.0
0.08795248980941034,-24.76373795868424,True,0.9396116396815621,0.0
0.009146946441912355,-19.04852367098696,True,0.9937325594510237,0.0
0.00010761118593282126,20.049438155569938,False,1.2005693538242415,100.0
0.006942692270972772,-0.3870087135414586,False,1.0015793016412202,0.0
0.22526174418130832,-20.49565990019333,True,0.994504389510452,18.356364368450006
0.02208931057737164,12.686525881424842,False,1.1428716016682174,100.0
0.850782570681513,0.160702882145781,False,1.605641707656868,100.0
0.00023153616464916587,5.65434457517776,False,1.056718551385765,100.0
0.001474033945217788,1.4009286180410498,False,1.0151536254709124,0.0
0.06538021998000369,-5.648852204731462,True,0.9964040245996553,3.310286174139798
0.0006629908794027558,25.654465791773248,False,1.2569930767465483,100.0
0.44229378150896526,-29.473198263380564,False,1.11136388495558,100.0
0.0010991122039716633,4.994739199860149,False,1.0507819135837673,100.0
0.18309801519461066,-11.949104238088438,False,1.0335184202035015,100.0
0.9150086278688677,17.745262943574133,False,1.7653634155006876,100.0
0.026768483857722736,-17.314944247113246,True,0.982218145018775,0.0
0.0011296508313532556,25.644974128595933,False,1.2572138022655457,100.0
0.12393563231812948,-8.849584247431281,False,1.0134587736660778,100.0
0.2137408762453351,-11.490827383067678,False,1.0625400577119464,100.0
0.031867164613494744,-2.270109900555159,False,1.0025737989376997,5.4598692614320266
0.00012226610054721367,6.024398546189346,False,1.0603362467205906,100.0
0.25357860055170045,20.212569694384577,False,1.3750249227955942,100.0
0.094290076109066,-9.805116653737777,True,0.9802440927208541,0.9603347340296331
0.9435813935192825,3.3503335803783045,False,1.6838536826890311,100.0
0.0018810319475892042,18.336065782849943,False,1.1846832345541354,100.0
0.002176756099110222,18.160813441772603,False,1.1831400728767147,100.0
0.15122467145966445,17.344913852533985,False,1.2791425358012767,100.0
0.01240720509282941,-4.243817585308733,True,0.9927238909636203,0.0
0.0001647593135809438,6.266926396640471,False,1.0627934084412418,100.0
0.0037393855305241793,14.47086706837188,False,1.1473944111287102,100.0
0.0033726880384186077,28.20857844835743,False,1.2843368005476485,100.0
0.9345222168414401,20.406716376471152,False,1.7954402368030677,100.0
0.007626963821274554,8.877256353763954,False,1.09442803797862,100.0
0.2530235788297506,-22.770418616445625,True,0.9994694173179687,25.32233590869155
0.014112945668496317,3.062744489320039,False,1.041461455628617,100.0
0.0745327688531836,-12.026742425324933,True,0.9547105546311117,0.0
0.019077651202625362,-4.358500979345827,True,0.9888499198547154,0.0
0.006377116987806843,3.594697850377756,False,1.0408289369567867,100.0
0.5929984974616366,17.091836735555944,False,1.567638955073935,100.0
0.06462478308843696,-6.513710360401305,True,0.9874538447173395,0.6247732524660154
0.16987077486953764,19.835675974327764,False,1.3152966034969473,100.0
0.07686714574000188,-12.119856857068182,True,0.9533261236048866,0.0
0.024180613972390668,-4.318676193225784,True,0.9859222725083454,0.0
0.21751203539568584,-17.25784571506663,False,1.015565300653596,100.0
0.0001650486388742211,9.022518525052632,False,1.0903475263529052,100.0
0.10727744697778017,-15.81245190355622,True,0.9347931988496152,0.0
0.19202742177426202,-14.249025408368798,False,1.020477521720728,100.0
0.18581566517005177,17.14837660005481,False,1.3011025997939698,100.0
0.0295501463989988,-4.920532729356832,True,0.9827550564516798,0.0
0.39137587119087347,-26.655551266614392,False,1.0880890302508657,100.0
0.0004323823389023562,0.6996595060920221,False,1.007333780858663,0.0
0.00020568756469871726,29.958216957413278,False,1.2997182704411299,100.0
0.003526116403474849,21.817442369388736,False,1.2206073601921457,100.0
0.0031855391320550056,10.845987372215568,False,1.11079569309631,100.0
0.0004910176315393681,10.250561003773,False,1.1028669621047065,100.0
0.03967230863635162,-7.4439989038222905,True,0.976415520296014,0.0
0.3003041399426568,-18.101848319853854,False,1.0776110106640704,100.0
0.0017913065896997642,12.667263927410374,False,1.127972578979098,100.0
0.1797639263299008,-13.441464147970443,False,1.017466432266652,100.0
0.15421469221184797,-11.222802812826139,False,1.01637231767208,100.0
0.09913383299171695,-29.6037901447234,True,0.9289581835789207,0.0
0.21402749639947605,-19.48488540362243,True,0.9934767028890441,16.367905455518894
0.027336646278642743,17.829053116986806,False,1.1975309813083692,100.0
0.20197751578424894,-14.081261651608054,False,1.0302015682996801,100.0
0.2773226645691097,-26.79232795240955,True,0.9882307508318238,20.53496866162665
0.08256456921381847,26.313958555832947,False,1.3184614405522646,100.0
0.007380950512424765,4.392119302983403,False,1.0495436371821936,100.0
0.019175740015500913,29.11675619607651,False,1.3038929851026697,100.0
0.07571623575358458,-7.996873509931092,True,0.982219150772739,0.4540983986167868
0.007618956044605434,27.47820914401774,False,1.2798846559164212,100.0
0.2279966892475902,-12.419409940358385,False,1.066018842227663,100.0
0.533186933880088,17.93565541296303,False,1.5368687897178372,100.0
0.7517658120198352,14.893488213693864,False,1.648405104230431,100.0
0.00031222992538029634,12.795852366260746,False,1.128184963044431,100.0
0.2441510187104576,-20.386242509116375,False,1.011618230150169,100.0
0.007370713442559107,0.40919090349574816,False,1.0098477740731795,0.0
0.3594645911856518,-21.50896344196652,False,1.0997247658465814,100.0
0.013059717397818763,-5.241179820512436,True,0.992266966775524,0.0
0.12486461238113457,-12.809631272669865,True,0.9775192029098192,2.1255946150458893
0.11445402206230121,-8.805801530559322,False,1.0061508265556844,54.556388863278514
0.20233278174254835,-15.199488576255831,False,1.0207035396142854,100.0
0.0003941987650350548,1.0823183163461145,False,1.0111298495111456,0.0
0.017743650379680613,22.671390700525016,False,1.2388893793679614,100.0
0.18067248464535493,-10.69435800903819,False,1.0427543524129548,100.0
0.00013821038272454218,4.835127083543227,False,1.0484563183803217,100.0
0.0014890456367958433,19.523656841625098,False,1.1962768315289825,100.0
0.20711430364830663,25.45622644044127,False,1.392519825789804,100.0
0.027312856847845825,15.585382900619877,False,1.175317396776251,100.0
0.024379766354342705,-2.1853783965680833,True,0.9974823507685879,0.0
0.12259154816077494,-6.3487742205574165,False,1.035669072076702,100.0
0.0007731561734231479,28.364862609959218,False,1.2841643321851426,100.0
0.11873917183065799,-6.707408179830264,False,1.0292330853651175,100.0
0.3482703677195495,-29.61903262972587,False,1.0292262535054586,100.0
0.000111307770917688,16.526902343245794,False,1.1653480760972363,100.0
0.03609536067525924,-2.3917172927278507,False,1.004725109641945,13.363396553666472
0.10712630246979701,-9.05119910031122,True,0.9978741773006802,8.299223660656828
0.2762870975224016,-23.24279501852316,False,1.0157394968833595,100.0
0.06445734560818994,-11.651141764854437,True,0.96069987978927,0.0
0.017696496348218283,22.171487692764508,False,1.233890233006495,100.0
0.009012766358891821,13.752385714292359,False,1.1440210727130606,100.0
0.34328540107495237,-24.14916151953571,False,1.065966567340811,100.0
0.19512254366861792,-17.312632021264236,True,0.9961683329126282,16.16856957102808
0.0016522916629177803,6.0416833637392955,False,1.0616633879768946,100.0
0.0052346776771470755,15.212436827965405,False,1.1558681094916143,100.0
0.12238639970179993,-28.705857021114618,True,0.9147138764752029,0.0
0.7952625957471386,13.029005171805984,False,1.6610265117781111,100.0
0.005523359032384784,23.02414777952223,False,1.23402767617399,100.0
0.0043021897656222875,2.4027163042085675,False,1.02734556780557,100.0
0.5426064136795757,13.918296577412804,False,1.5104831491114816,100.0
0.16636278308744176,-15.046321220963211,True,0.9919445347531078,10.387540258053063
0.00011474013947242538,1.9104523177294723,False,1.019193322921546,0.0
0.00015169304702396355,19.280665496585513,False,1.1929127782859463,100.0
0.12210833387617093,-9.530101752403645,False,1.0056422575709707,57.14723398475516
0.09513598408563065,27.609686966101485,False,1.3393570157453483,100.0
0.2825405777776945,-19.61199586260458,False,1.0505322738069733,100.0
0.0002353229010242139,16.276939869092537,False,1.162936759020919,100.0
0.24385264905480097,21.09400746858632,False,1.3765779644584102,100.0
0.0025491431724834705,28.148900078747324,False,1.2831909760866795,100.0
0.007001100442899029,2.790539767141688,False,1.0332915624419563,100.0
0.00014281501576628188,11.08656554635467,False,1.1109702510048465,100.0
0.07396999521534522,25.15129470823426,False,1.3014085444681331,100.0
0.007172303463472559,9.399767695875127,False,1.099299887179395,100.0
0.001867906048704119,1.7829893479309966,False,1.0192764927475633,0.0
0.0757997111842792,19.718671174547815,False,1.2498035125193467,100.0
0.038539375157919095,-9.3448949084095,True,0.9766234855108271,0.0
0.11136684566369448,12.0943179652687,False,1.2013716898781128,100.0
0.010522957367790324,15.068799977762893,False,1.1582171848405247,100.0
0.10470305450876395,-12.893716966665284,True,0.9598503946246474,0.020724060752108642
0.0005633724312952848,-2.424639237955674,True,0.9996730125682837,0.0
0.03893678798136343,11.514249775876166,False,1.1435133566853508,100.0
0.0001791308199125195,20.551408652322834,False,1.2056385493151518,100.0
0.41482982106332317,0.9965128911053647,False,1.320160337556706,100.0
0.12040145218225827,21.34876317945168,False,1.296044707379437,100.0
0.2924872581446566,-25.470401419841487,False,1.0120125871994385,100.0
0.29215246097031106,-17.850550446749928,False,1.0729152023481843,100.0
0.33637083742344487,2.8325401074999093,False,1.279348751171263,100.0
0.06282302556121418,-9.74482373987653,True,0.9623877396584146,0.0
0.18765086162114522,-16.97309998612134,True,0.9928108636160718,13.10882151287187
0.005554771292724363,-9.423713240300149,True,0.9965494383038153,0.0
0.3768155078269479,-21.880597173135783,False,1.1112538427740526,100.0
0.3698072848373201,-29.31269978182556,False,1.050304752557307,100.0
0.0007344402723532789,20.956305111680223,False,1.210072226404814,100.0
0.11205128687232857,28.056385092601936,False,1.3548022360125107,100.0
0.43500831674007345,18.0460319969959,False,1.4750956682086704,100.0
0.12611815975609247,-6.558567359117625,False,1.036534949763454,100.0
0.00019244472036782914,6.76935296574986,False,1.0678380976518982,100.0
0.007058914968361055,1.1269759711120315,False,1.0167572497617972,61.86576635374512
0.0002192825498983828,14.177366023382788,False,1.1419314527085604,100.0
0.019696499660886792,16.330209191858536,False,1.17728755683633,100.0
0.0014481285954606377,11.774779489103139,False,1.1188040965260282,100.0
0.06247473080944807,-11.722135010820338,True,0.9618270819241433,0.0
0.00018515879503449746,23.71996295192833,False,1.2373261360039098,100.0
0.002747237304359296,-1.43710916838155,True,0.9984235526125362,0.0
0.03991526490558096,-20.38871012835198,True,0.9728727835707063,0.0
0.00022710036678614553,8.100500627552428,False,1.0811742602461414,100.0
0.06231801654606454,-19.596588361914364,True,0.9586874991391028,0.0
0.03310236106518167,24.767481245527087,False,1.2701162038733413,100.0
0.1333152066794767,-11.565663802916845,True,0.9960171672322445,9.546980766277935
0.19743682571045515,-10.611913035107662,False,1.057083971685889,100.0
0.0512946708022393,9.98308607985156,False,1.1375053818125898,100.0
0.00864236159804036,-18.103597241071203,True,0.9941351437238575,0.0
0.019441660921083456,4.955324929643396,False,1.0643000636027222,100.0
0.021446089565898503,-1.990290359116564,True,0.9970884172350951,0.0
0.3619015041652423,-27.133523786983254,False,1.059425808001274,100.0
0.3423248516551623,-24.299007468254317,False,1.0640063547105687,100.0
0.43823820792006746,14.722660972607237,False,1.4493062121340463,100.0
0.06688427620274398,20.24346568235832,False,1.24876285044453,100.0
0.01175431594112197,10.590607357887492,False,1.114532837529051,100.0
0.02688561991074483,20.650681461151727,False,1.2251430983459515,100.0
0.15576802764070552,-8.331525163467187,False,1.0439815318898025,100.0
0.0068174706875521645,13.803827805329298,False,1.1429522214987011,100.0
0.06315254090795815,-18.166048720058,True,0.9587810444533458,0.0
0.01556105266959552,-2.001256705593214,True,0.9923221208122631,0.0
0.0029117742331527764,-0.19936978794963878,False,1.0002896574023998,0.0
0.07717184865762886,26.051833692493126,False,1.3123184168478514,100.0
0.010202091356158656,28.4403178846742,False,1.2912010629353836,100.0
0.0009358124223508328,-8.789015083350805,True,0.9994206190766171,0.0
0.2029064336971877,-17.762803835811297,True,0.9988503185253889,19.175489082094764
0.0008573625995061814,0.5935629872069406,False,1.006604660361599,0.0
0.0022682448457354604,27.569947376104835,False,1.27721841104989,100.0
0.015721240566889186,-6.133808010883378,True,0.9906234134735552,0.0
0.09061139000588306,-7.333782980136512,False,1.0006525528395038,10.097335748022296
0.0011479086694341932,8.49337683061922,False,1.085787248147505,100.0
0.00663483675569231,22.572110951599342,False,1.2302797377406458,100.0
0.001916283832978563,7.39973687234891,False,1.0754313414883072,100.0
0.0005861425583734717,4.361637247741889,False,1.0440631510090308,100.0
0.003130579118894853,26.688276109512678,False,1.2689885336909636,100.0
0.28245372688795684,8.29067165233434,False,1.288159820241268,100.0
0.06308882133957579,-10.446690254406615,True,0.9619658319945434,0.0
0.0002485640821652114,20.901620048301353,False,1.2091885819141468,100.0
0.00887612672005045,27.34120969064241,False,1.2793602627158267,100.0
0.0004121953100517299,1.4981422972949296,False,1.0153012499494374,0.0
0.2828376250497927,9.24077154094779,False,1.296801750126228,100.0
0.07743748946009152,-4.0781634298917915,False,1.0211519537996139,100.0
0.3509806638363365,-21.47270851742889,False,1.0929619741865229,100.0
0.35778913263957673,-25.934802006155707,False,1.064817820627379,100.0
0.00036702820874593784,6.848033216254535,False,1.0687559173980172,100.0
0.06205373609390162,4.157796923017493,False,1.088731093060819,100.0
0.08854221108300837,-17.85490750163259,True,0.9434664865834748,0.0
0.9730117734184226,5.488898266280572,False,1.7154866982615515,100.0
0.007723506270991833,0.571808055396378,False,1.0117430764499917,0.0
0.07226186316871275,-6.1827163552139055,True,0.9968105988012131,4.167040998327187
0.25590808615111765,18.486618552750357,False,1.360943230802394,100.0
0.006812648524399341,-1.4218358098758728,True,0.9961019529310787,0.0
0.17436319093466854,28.300325565287018,False,1.3977889787210507,100.0
0.031734488286674446,8.73013708740244,False,1.1108143202312972,100.0
0.09099020594150861,-7.290898082443849,False,1.001366570079166,11.874927246536293
0.00011232528376771212,13.76306330974537,False,1.1377116504137603,100.0
0.019202039748499305,26.73894651612548,False,1.2802878368491106,100.0
0.019640600411569568,8.830479420574484,False,1.1028606893620267,100.0
0.06583759004266738,-13.162474743842665,True,0.9592738814653603,0.0
0.461469978900619,-27.78471040780458,False,1.13894783157626,100.0
0.00013592310706653373,22.084284513662915,False,1.2209365174640454,100.0
0.06283592705473048,-20.653345465414993,True,0.9578957034769636,0.0
0.00012629209789201076,28.98624898503232,False,1.2899464670863523,100.0
0.0012826718490121594,19.690579041921062,False,1.1978010831483397,100.0
0.1422993514809111,-8.672155658413903,False,1.0299932077759726,100.0
0.008211065290458223,22.61788211425243,False,1.2318184620824928,100.0
0.029773407955350596,14.563468153632549,False,1.1669696658514999,100.0
0.15888355560010572,-8.257178888006646,False,1.0471652662706477,100.0
0.18776633697558875,-11.356240405875369,False,1.0426172690353113,100.0
0.9166293909311852,2.555454457244821,False,1.662270218842643,100.0
0.013190696799722975,29.224845325378944,False,1.301000990210685,100.0
0.4567648256662316,-26.542082955514566,False,1.143579867857277,100.0
0.06646288440898855,-28.260626277327983,True,0.9518429428221132,0.0
0.12054273953898668,-8.129724075761427,False,1.0174075552262538,100.0
0.1276117295665012,-13.017575465466862,True,0.9778959319539466,2.358353281561687
0.0014510911855590356,-2.0886544618063176,True,0.9991611179977107,0.0
0.0003045028879040238,23.54389003502135,False,1.2356471372770816,100.0
0.3445745879950088,-19.591901175282217,False,1.1022566002872818,100.0
0.19405840202179278,-15.918044137990442,False,1.0074847930455806,100.0
0.012542166409904656,21.946457266757434,False,1.2281071063907536,100.0
0.13007910084480295,11.92367350672221,False,1.2131254257174358,100.0
0.01915226167230527,22.89506322624767,False,1.2420758617245997,100.0
0.14364382568796813,-11.370714741892492,False,1.0063303299134145,73.41281860158642
0.8570355386771883,29.516390288896993,False,1.8189669161876059,100.0
0.043606714498023134,-5.090247533193953,True,0.9843032664555762,0.0
0.05073458268486522,-22.556069080312916,True,0.9650000925848123,0.0
0.01615564584652655,21.077162670542187,False,1.2219530514477872,100.0
0.3403149684584657,-28.34508309689238,False,1.0316993372339738,100.0
0.029470280234626316,-29.127139036066843,True,0.9778306407850437,0.0
0.2337559537895712,22.667382159460473,False,1.3842830000333526,100.0
0.01330051891485419,27.24173035722862,False,1.2813321817485546,100.0
0.02705259564858179,-16.915028448981626,True,0.9821083720448917,0.0
0.9706053363380597,11.722313071030072,False,1.755639102536474,100.0
0.008100412972408919,-0.9801408651293464,True,0.9965804593551617,0.0
0.00941522653279488,27.443217499237647,False,1.2807380787001015,100.0
0.02831975964823215,-3.684165091669943,True,0.9858349957394639,0.0
0.18994397223840076,-25.613023653535755,True,0.9198112086929654,0.25961570884205365
0.01755965876422421,1.4162775177504656,False,1.0277787843047825,100.0
0.04699042326782094,7.9479694861557775,False,1.1144192787554466,100.0
0.07417771444011816,-14.201042447159535,True,0.9539025087326647,0.0
0.14101748570241066,-12.282826313909641,True,0.9958109496790143,10.191585003146564
0.4660112081762825,-27.39437758803546,False,1.1453695515190878,100.0
0.34190143911135856,-29.20812885720801,False,1.0266633013883586,100.0
0.19348734254589997,27.029845911819216,False,1.3982917854423016,100.0
0.00016079820120663092,15.795814361276278,False,1.1580728087736611,100.0
0.0008623112175203056,26.950554456285133,False,1.2700848843831178,100.0
0.07049612986706512,26.281116341378706,False,1.3100983756127214,100.0
0.0736445676176248,-13.527771377449724,True,0.9545307124929691,0.0
0.3757887007897761,-24.716921718872307,False,1.0891574543897031,100.0
0.29497499498104657,-20.570295177312055,False,1.0532185230071776,100.0
0.00023171848317374698,10.0846305251873,False,1.1010170002858475,100.0
0.0017414903195124842,2.785428516129137,False,1.0291945782581322,100.0
0.0002238580467739374,2.750148855805378,False,1.0276738301123882,0.0
0.3508799293984076,-26.247551379579594,False,1.0565585929770571,100.0
0.006783794090027669,8.06858348810951,False,1.0857404489122375,100.0
0.11951065225301487,12.266882085993167,False,1.2088359925866676,100.0
0.30015589299288703,-21.73961807275207,False,1.0482171032287175,100.0
0.0792292899050991,-27.222978401545895,True,0.9437839152340759,0.0
0.01152191227591449,4.401201693369131,False,1.0527859168117322,100.0
0.007795808364394696,0.3721592936816833,False,1.0098106777095335,0.0
0.009677849313434525,20.443203280571588,False,1.2111559293092693,100.0
0.10161616408094594,-14.469829808602217,True,0.9424928792385409,0.0
0.017077603819394566,-17.07799012443017,True,0.988604691171663,0.0
0.14177211995546407,-18.513633342013627,True,0.9397395360581783,0.02423295334486042
0.0027200297127957574,-3.419257666097895,True,0.9984076583458116,0.0
0.5027593988851136,18.01082225322601,False,1.5182138200520268,100.0
0.0002740074629882428,9.14203699879836,False,1.0916233320552484,100.0
0.10521052747047563,7.6408058658753575,False,1.1544276570026277,100.0
0.10789802744470595,-25.466304199400447,True,0.9265056218788665,0.0
0.015029656913787135,29.970215836079944,False,1.309636198112946,100.0
0.45421947938161156,7.45394518900396,False,1.4000154286567124,100.0
0.07542658141917467,-11.750083374853478,True,0.9543254554800751,0.0
0.021863974844907593,-21.772870693167658,True,0.9847199512671128,0.0
0.013918943458762654,18.937855497185062,False,1.1991251719442915,100.0
0.09434022892591856,-27.272665990649536,True,0.9338063710585248,0.0
0.10577860105651535,-6.786958817933947,False,1.0180714002528817,100.0
0.00391529169194863,25.555416824143848,False,1.2582030743351567,100.0
0.0001241586939705479,1.7698048803712894,False,1.017794222476479,0.0
0.0024375733418495645,9.230296783916849,False,1.094107329383997,100.0
0.37988098313864693,-26.379325885229676,False,1.0803488293736427,100.0
0.16154972010484087,20.22919664791703,False,1.3133477936572118,100.0
0.09826267085937912,-8.48624114708922,True,0.9959587118618128,6.062184295634054
0.019008641681413113,4.8308410919007585,False,1.0627381418970652,100.0
0.17433166253571894,10.165688188853075,False,1.2282790541914972,100.0
0.013435588502097473,16.62974951185793,False,1.175825705245403,100.0
0.00024773789858225596,14.219274406308486,False,1.1423709701853053,100.0
0.1448020257948269,-20.688167858788837,True,0.9227811459430538,8.598546090698989e-05
0.037903153495649405,23.91596853312692,False,1.2649614659095716,100.0
0.00852071750912319,20.056025856105364,False,1.2064930236823916,100.0
0.02046582314666096,-8.728307720790632,True,0.9875074225771818,0.0
0.06696839810650884,-27.648825068756743,True,0.9518136049281914,0.0
0.005840055998027317,13.295971797619572,False,1.137181549164307,100.0
0.008201812060715087,-9.38793825967522,True,0.9949163539499275,0.0
0.3348665817722501,-19.83459909774343,False,1.0923500451399875,100.0
0.004167533068497477,0.9029632143559887,False,1.0122746239628873,0.0
0.2740444748544817,-25.119838510264913,True,0.9986868933690581,27.078109599211064
0.001519973903268499,21.592312303915996,False,1.2169732686556625,100.0
0.027677228086289217,-8.560682436101366,True,0.983218888017124,0.0
0.09870968537261202,-7.947846685085985,False,1.0014069667281749,14.492122093516024
0.2327591641634839,-26.029021092631744,True,0.9547738286050355,5.619351504422498
0.30769163872093147,-20.122841621903845,False,1.067476903463878,100.0
0.07630901883398476,-29.5225864607362,True,0.9443770295789649,0.0
0.0547505093473705,8.064303871707004,False,1.1213013557739058,100.0
0.8358456552512237,3.926477087821752,False,1.6217163354352842,100.0
0.21553643728156416,27.701730427856447,False,1.4188327292239171,100.0
0.0007138552656585462,0.9130543737175998,False,1.0096864691488487,0.0
0.24853859738677148,-18.063715052097262,False,1.034803565132439,100.0
0.0006700430600253665,3.771053050728149,False,1.0382231136513422,100.0
0.20866014682823777,-15.610499079262963,False,1.022397448806895,100.0
0.3302484373238814,-0.08266437066110299,False,1.250231242280331,100.0
0.010215020710721208,21.571363390340878,False,1.2227677752856838,100.0
0.9086799724530078,13.63270131670614,False,1.7327156791638862,100.0
0.022805610250138355,-29.170044460055443,True,0.9827503538964788,0.0
0.09502496647912456,-15.297551795702578,True,0.9411820392867987,0.0
0.0154100376243546,27.494826438396757,False,1.2852621791626613,100.0
0.20448796194245258,1.2523294038265966,False,1.1687692253412423,100.0
0.0002201877109289263,23.928579486574613,False,1.239436069450551,100.0
0.037817753347594255,2.8751772694273114,False,1.057768665357323,100.0
0.000524893355199846,26.634742280465474,False,1.2667006506962248,100.0
0.18280985128632146,-27.538478638811398,True,0.8968387431001796,0.00026822685339489283
0.046860279026204356,-12.56680736416509,True,0.9707951207492987,0.0
0.08551259624470701,29.189999404587567,False,1.3483478459169076,100.0
0.0010002905238569281,14.299072400605432,False,1.143709988149449,100.0
0.1456722908405948,-10.133542605918425,False,1.0193207995942575,100.0
0.1256899019902615,-15.133285444061572,True,0.9567865650463911,0.22900152590878964
0.2909908190797552,2.4971326525543986,False,1.2436565743260843,100.0
0.18326333186524538,-10.033825756787063,False,1.0507700535597813,100.0
0.00010164626041672861,4.539907468715391,False,1.0454764710400803,100.0
0.0005914786327074615,3.7148021315732507,False,1.0376006617667894,100.0
0.07928997651290569,17.693240944803115,False,1.2325675786342989,100.0
0.2029949784157487,-20.240933506086662,True,0.9774867418194418,8.064963553759918
0.0018967437055647527,0.17734077436158913,False,1.0032573243686504,0.0
0.03328236610020828,11.74120484194087,False,1.1416409839665687,100.0
0.1514023274803873,-8.413191377569397,False,1.039719285480202,100.0
0.28421176867668513,-17.16673691767431,False,1.0719566744716955,100.0
0.2027503089886763,-22.525302130508695,True,0.9576489841314583,3.87631565077462
0.01978132119403456,25.300733985323845,False,1.266393394377177,100.0
0.11048882872201048,-11.021555534585627,True,0.9821827319131575,2.1253202750148192
0.019180160219894764,24.819253157989394,False,1.2612048735577706,100.0
0.00028844530295287727,10.589671409679575,False,1.1061085733541216,100.0
0.19844859725275987,-18.24391612681925,True,0.990876939535251,13.095940813364004
0.012887319224945855,21.383473039295332,False,1.222741553131658,100.0
0.00864830128985737,-9.865215655166963,True,0.9946148728634093,0.0
0.00014239685931034522,26.058692662116613,False,1.2606830401723248,100.0
0.19296072945585388,14.058218732169657,False,1.277427253243553,100.0
0.19238550392569503,-12.7783285338868,False,1.033771854977693,100.0
0.02624583115841841,-7.51467825499293,True,0.9842398272642574,0.0
0.04241540115005016,24.310529487041897,False,1.2719096471070914,100.0
0.0002962730926544712,26.05477116869183,False,1.2607476889658746,100.0
0.018427338834723708,-9.134563104246357,True,0.9886887913496883,0.0
0.06704759820653422,11.451421339484583,False,1.1632843700910507,100.0
0.9722691735109807,18.412217029913613,False,1.8026862429262653,100.0
0.13812875165275892,-26.94574038804098,True,0.9066816332099435,0.0
0.851928137764298,19.442750558742503,False,1.7411983107178792,100.0
0.5132072761412917,4.291095417259385,False,1.4147901896418587,100.0
0.17359117579003394,-22.17841816605393,True,0.9349562813032186,0.43717929911883946
0.016501849469645013,14.548000041290507,False,1.1573167941883815,100.0
0.4231598557949894,28.79141289465114,False,1.5594327792309552,100.0
0.13285813243221306,-15.262362460271788,True,0.9616873830755722,0.6972621904123288
0.08039605200797091,-22.565245917133538,True,0.9457540502483628,0.0
0.0011264026043246922,3.612826071550103,False,1.0369907737291983,100.0
0.2743171066569018,-20.30776753639281,False,1.0379158755885294,100.0
0.00017436503366707973,29.13529766829035,False,1.2914688319615568,100.0
0.1888112860661765,-14.520629657885104,False,1.015404381247103,100.0
0.9262784539929204,24.312677777255814,False,1.818949021083847,100.0
0.17223193610745444,-10.106724530534809,False,1.041179854410569,100.0
0.013687731030437031,-21.688088616026413,True,0.9903856136710314,0.0
0.00022923009426013645,21.808162738419114,False,1.2182398337485028,100.0
0.2973250169272291,-28.50391444226085,True,0.9925707564795859,25.6079473917779
0.06755722401487667,26.171059440051735,False,1.3070623351396429,100.0
0.00016941625822771274,21.402156712769177,False,1.2141387456792425,100.0
0.00011506686108628767,22.288177558716583,False,1.2229609891060382,100.0
0.045823393941950126,-7.63951927355717,True,0.9728215347710274,0.0
0.32566610211202524,-23.0722686219003,False,1.0593290213464743,100.0
0.140670484322268,-8.827303281163069,False,1.0272470454832103,100.0
0.4666800032379065,-29.922623676868053,False,1.1288772845969226,100.0
0.20389562433609207,-17.193048739361313,False,1.0046369410504894,78.49408134504104
0.19110223224743783,-11.262924622377248,False,1.0461644856948038,100.0
0.36396091556877413,-23.847130380155818,False,1.0857176470584935,100.0
0.1560704936141592,-11.90374158157421,False,1.0117132929877863,100.0
0.11413709643135544,-6.045588888649764,False,1.031744891905489,100.0
0.11361295879309918,-14.860924177535608,True,0.9490430133546952,0.00437929084919908
0.00016903299520523957,11.908423038529541,False,1.1192074431612935,100.0
0.22526420028370647,-18.464759176299324,False,1.0117741598929209,100.0
0.00016341038188111019,23.46114739519797,False,1.2347232732112752,100.0
0.001077848568181304,25.228132910594702,False,1.2530119323727105,100.0
0.0021202436661496367,12.219800262511583,False,1.123740553536682,100.0
0.007142378664919944,15.894719750563048,False,1.1640352548042208,100.0
0.028175415589790424,-5.900529052263753,True,0.9833781315332517,0.0
0.003071526539465091,-19.185916226508454,True,0.9978831233185047,0.0
0.05556738820486166,-12.398503525897716,True,0.9656427004336205,0.0
0.14237500337946712,-24.76026671692207,True,0.9062885369034637,0.0
0.0017934717034852046,3.6192789941443166,False,1.0375659786033247,100.0
0.1013012535557824,-13.221335051226319,True,0.9539210779270144,0.0016671985365146469
0.11682570939226325,-13.66348942069856,True,0.9628710988616926,0.30642581026820714
0.21504347057937434,-12.957548956962334,False,1.0507802168485474,100.0
0.010934216028700042,-4.777623102251702,True,0.9935465134270072,0.0
0.4064886331319782,8.183508494473287,False,1.3734808952096849,100.0
0.009999708461162507,-1.5775339258153807,True,0.9942817149601586,0.0
0.017583162218331873,-6.609562155766973,True,0.9894755624630548,0.0
0.006834746086742164,29.73647614674846,False,1.3018901957734896,100.0
0.015040222617191887,-1.8888860377784908,True,0.9930247072552225,0.0
0.005197331140134719,14.028548764361105,False,1.1440273119766406,100.0
0.11164243079342408,4.864663400035113,False,1.1327828626906635,100.0
0.1552345918186403,-23.047647249124964,True,0.9109779543369493,1.139268368532953e-06
0.30752171868575673,-25.36137129738865,False,1.025938833460726,100.0
0.20966549478622917,13.137213690664751,False,1.280608786038428,100.0
0.09031488393451524,4.820925573345875,False,1.1164095032747263,100.0
0.30537847734228907,-22.726229593760685,False,1.0448094388179474,100.0
0.08452251853914941,-6.763520988481517,False,1.0011516037930739,10.718733702339222
0.06717659198466977,11.881277209542105,False,1.1675556804895213,100.0
0.003083212373113733,3.1210357321842466,False,1.0335781268805584,100.0
0.20485040400763227,22.534603827582764,False,1.3639234642581815,100.0
0.0006496473000994227,11.810792939621379,False,1.11858172549797,100.0
0.000581867248143947,-1.7973658336207237,True,0.9996644084322354,0.0
0.13957431885792013,-29.871996113008507,True,0.9028756370037607,0.0
0.012983350221661876,14.788561976944074,False,1.157188257329687,100.0
0.11844825049146625,-12.528860823262924,True,0.9747600623075731,1.3765917433036012
0.02463035399329448,-12.903315609687517,True,0.9843506514608542,0.0
0.22044472583708427,-24.70811803069651,True,0.9547901356585248,4.719628678598098
0.0001791043504303157,25.352914489870642,False,1.2536504769012853,100.0
0.0014903707710340734,12.401576862373851,False,1.125098983831059,100.0
0.021639387713114775,11.957609851165266,False,1.1353224065673906,100.0
0.0027454423775267974,-0.9938481725798489,True,0.9984315711444397,0.0
0.023915496039453317,5.654926190676846,False,1.0746071021804018,100.0
0.0002641171817117046,23.513324178896696,False,1.2353138900997414,100.0
0.44604360967130163,-28.04366859223578,False,1.1243180026516248,100.0
0.0949792470051168,-5.091798163632699,False,1.0254463974015051,100.0
0.16079509163278238,-23.058894738209993,True,0.9158466685063292,0.0011175155043563478
0.007369621402893407,8.213475584533391,False,1.0876209477539573,100.0
0.004785804067204725,27.344336329822653,False,1.276651335510438,100.0
0.0010281831381958055,23.955446342470864,False,1.2402560447320594,100.0
0.12640103111775194,-22.238170227810166,True,0.9179341446967516,0.0
0.016494796657809216,12.053595029948795,False,1.1325363305438116,100.0
0.007895682519559088,19.080462917960624,False,1.1963315039103402,100.0
0.07732844213539292,-9.486771034782855,True,0.9692953466993398,0.005071365858988486
0.2249071871920273,-16.035407426593675,False,1.032275151016604,100.0
0.0754066046303932,-25.725606500562556,True,0.9471894188141808,0.0
0.050421588444206,-14.903276731977897,True,0.9678908619786946,0.0
0.06878956638192107,-13.364535787570283,True,0.9574502788555398,0.0
0.001166040781418182,9.593085554631024,False,1.0967922322327415,100.0
0.13789086415972532,-20.468419663802287,True,0.9186744385504109,1.7474910407599964e-11
0.3855553815117906,0.622960537667236,False,1.2961979701669488,100.0
0.015045928956865892,-1.0160100701714896,False,1.0016908553223092,0.0
0.15714428919924947,-22.890100767161925,True,0.9140799026810112,9.45085385950506e-05
0.04173312640546168,-20.45890480198851,True,0.9716541784094211,0.0
0.0004888271736666399,24.99155410480259,False,1.250247305978975,100.0
0.00039425991091900385,14.371366068502034,False,1.1439970514268987,100.0
0.09406323636108506,12.660292240141757,False,1.1944098375976282,100.0
0.0034240835470664066,-0.9569817345345157,True,0.9980454854823526,0.0
0.0018398059559641814,2.210984593881129,False,1.0235308730701798,98.00291524709354
0.005639234445735144,2.325668594889038,False,1.0276080963871144,100.0
0.02536520182912205,20.635440123793565,False,1.2239401005161983,100.0
0.3294087775111827,-19.35301865852022,False,1.091635916210229,100.0
0.08914210135291134,-13.980508096059559,True,0.9453252283325011,0.0
0.0030674732146683307,25.204582724638584,False,1.2541250390593695,100.0
0.1030871509282816,-19.561143173987663,True,0.9337329200694895,0.0
0.13734347638061173,-20.125356260441734,True,0.9212943928656799,1.070841193495653e-08
0.023812288289126158,-6.930681379807687,True,0.9857618296183255,0.0
0.002693530122347487,16.494436177702447,False,1.1668573673611524,100.0
0.00014515236995073867,24.939905583824803,False,1.2494975989070611,100.0
0.005600502081585904,18.634180794258036,False,1.1902722160341226,100.0
0.0008803379243147168,20.405198729929502,False,1.2046641108692522,100.0
0.017481193454419452,-0.9927705564794493,False,1.003837005347558,0.0
0.006869786106391836,12.203673356150205,False,1.127033626864759,100.0
0.0030807496739924216,-23.12368407762844,True,0.9977855314835067,0.0
0.05018374369881608,-6.58899683247348,True,0.975016922231678,0.0
0.0269695306010658,-9.718960645026055,True,0.9834449294717466,0.0
0.3971616057267815,-22.724388822758513,False,1.1217317656915045,100.0
0.39737791658650357,-26.59647133193154,False,1.0935961752794148,100.0
0.10964583617147503,-11.4044834559624,True,0.9779049290504922,1.36593137273735
0.034926843762331586,-3.670164168740797,True,0.9912494200758274,0.006163260852409813
0.0257764056549886,10.878303497436633,False,1.1276513046861085,100.0
0.0028085314779454063,-0.22214233711839526,True,0.9999813069541709,0.0
0.06529412804503128,-6.906506801967286,True,0.984209796232808,0.3029702387730593
0.6613503205320488,0.24773502165843553,False,1.483865451326872,100.0
0.25822235454896714,20.040105267318374,False,1.3765522021998815,100.0
0.37590584188187953,22.038469421661283,False,1.4712144909249676,100.0
0.8664743746589606,23.681846940650104,False,1.7806681288959285,100.0
0.070737912977738,-4.271719159106095,False,1.0139614913529733,100.0
0.43561844047252346,11.240269833425728,False,1.418587709058791,100.0
0.9582591955613676,15.271495911458182,False,1.7728433898952944,100.0
0.009662190456767424,1.7873866446907947,False,1.0253526471493521,100.0
0.6177030458892915,20.09014927806391,False,1.6066601363589956,100.0
0.2856040520880761,-27.7995742685432,True,0.987631819953778,21.307661244184438
0.20684509570237367,29.002705860740775,False,1.4253314334833695,100.0
0.015376712651553322,11.507944358464279,False,1.126302358278987,100.0
0.0006534140749783104,12.876261811571197,False,1.129236267914414,100.0
0.0423887136691127,-8.754541872823232,True,0.9745116117744149,0.0
0.3412223083427442,0.772673243891898,False,1.2654414323530554,100.0
0.0013235608042833633,21.530151904291017,False,1.2162162783899062,100.0
0.0007499378505353505,0.6434579905008739,False,1.0070196019881763,0.0
0.0683292025607308,24.98136841636343,False,1.2959649393829558,100.0
0.8004560487474115,1.2365420562435823,False,1.581112643298653,100.0
0.06661470495580785,20.423450693001314,False,1.2503322438592028,100.0
0.243525492177134,-20.13973429373886,False,1.013146824621307,100.0
0.08305670879417726,17.40915554668824,False,1.2324437534824184,100.0
0.3939231299955648,8.548059048199008,False,1.367917806958738,100.0
0.015448192629714244,-5.673043592368188,True,0.9908275487830506,0.0
0.0022098650715103602,14.18755289432842,False,1.1434654145452008,100.0
0.00026825611623906473,18.834390932962314,False,1.1885320327548983,100.0
0.045066275452845805,8.092590321006206,False,1.1144107737357374,100.0
0.16328736915991793,14.270634736701012,False,1.2586751590821483,100.0
0.00010518846240787886,16.061296193226653,False,1.1606878615309133,100.0
0.18247654439063515,-29.11978434612703,True,0.8830399400509679,2.220446049250313e-14
0.0016052224336871495,8.088425888952507,False,1.0820805809005256,100.0
0.4504904729085503,-26.123467345966958,False,1.1413046373707985,100.0
0.6931239516926397,10.203266021772436,False,1.5773905839761346,100.0
0.03847620831832604,-5.568164867570122,True,0.9775373143269477,0.0
0.0004731569198474624,5.434544859836855,False,1.0547037577739635,100.0
0.0003446609241173745,19.355909457972857,False,1.1938001154532103,100.0
0.05052369358809964,-10.975764633574947,True,0.9691020202101588,0.0
0.08669553420280565,5.922820741631163,False,1.1242787602423594,100.0
0.010599598875845747,-9.972259623354368,True,0.9934015269861797,0.0
0.002778444227604675,18.414826712548546,False,1.186100869228741,100.0
0.00010468393305847162,26.9535062334012,False,1.2696053963355647,100.0
0.00761358423050968,10.485471151526937,False,1.110447459208421,100.0
0.131072846781807,-7.050966719252937,False,1.0359278252625794,100.0
0.04872617629179205,-12.738919560550489,True,0.9696189308621423,0.0
0.8348208118329569,19.105157010508165,False,1.7287900547015305,100.0
0.1518394586712778,-19.36998540340059,True,0.9407738946802099,0.16689211679541405
0.3452451879192124,-28.641844215806003,False,1.03379983991788,100.0
0.2943838252289779,14.956880336884325,False,1.3553003945721094,100.0
0.03299765260546589,12.795770430131228,False,1.1518353460632642,100.0
0.42264643488724196,-26.847235130341346,False,1.1130718707229774,100.0
0.16175563334753626,-16.868194932597138,True,0.9717287126291267,3.416102011423483
0.2450417923846473,-20.800790462481284,False,1.0089176295265563,100.0
0.006896741384243822,6.9653218302049495,False,1.0748258138067726,100.0
0.3252172315206204,-24.336041792143718,False,1.0491389415899088,100.0
0.1258945818988544,11.209871832330876,False,1.2033724569210966,100.0
0.21574900193041915,-11.654582776778597,False,1.0627346692230462,100.0
0.23869649685535857,-18.786679696869385,False,1.020419132157908,100.0
0.05821915253797617,-6.079510979012973,True,0.9864681525401664,0.2859559264310807
0.8486871191984235,13.86957052837662,False,1.699047212821935,100.0
0.0054791112035921345,19.135116390419206,False,1.1951859607971327,100.0
0.12953329777714653,-14.738260787152228,True,0.9636763621681697,0.7296157905851697
0.05380228368657076,-6.929095171258556,True,0.9746547575108777,0.0
0.013269686798513177,12.843415589284135,False,1.1380468369902736,100.0
0.4440570616986659,14.719909224848564,False,1.4530998681973675,100.0
0.0722354404285178,-10.53806503307274,True,0.9566937847814944,0.0
0.020609150106081633,4.79124959842796,False,1.06355925022079,100.0
0.11789090140924681,-9.681660889618446,False,1.0007815463634533,13.87251436431507
0.008215812841716739,-9.037103488910532,True,0.9949260659643506,0.0
0.024368248998306443,-2.6173238323468233,True,0.993208359716478,0.0
0.2686821651921506,-26.405671282408388,True,0.9836639031748441,17.232722332182316
0.19133599821890876,5.670239169408902,False,1.1991856022835727,100.0
0.10677738403236699,-10.657884857932483,True,0.9825172998837631,1.9674481272068167
0.3468401735850285,-27.103853592714643,False,1.046658667707053,100.0
0.06495809466176997,-18.825332179803937,True,0.9573666789076871,0.0
0.17662060923611553,-18.158918698870437,True,0.9729584657626755,4.698897101798938
0.020091291737028696,-7.697667112541474,True,0.9878613471850032,0.0
0.15317990222999428,-12.845271342838828,False,1.0007782905759295,18.988826668781055
0.0019483382620775068,28.708176335908526,False,1.288378963994448,100.0
0.2734378267156444,1.1562423612176822,False,1.2191432106321165,100.0
0.2934998816520321,-28.60945606019672,True,0.9883462212475836,22.570754345382248
0.1271311724796964,-25.176113592716472,True,0.9149514798650467,0.0
0.36677835179852264,-22.8659086277349,False,1.0954819130713904,100.0
0.002522075852271064,19.368457688787466,False,1.1954478835737568,100.0
0.3104572023093073,8.142638742336757,False,1.3065681306024504,100.0
0.2053629838965455,-26.964813146949602,True,0.9222998237210316,0.820893036792425
0.010740295541625127,0.3724536375762497,False,1.0121117887256106,17.861069882448
0.15334370523926807,-18.964917147031517,True,0.9457123881607346,0.3864238726634772
0.8176709586916726,8.087577290916968,False,1.6393627099837826,100.0
0.04466047258655897,-20.676805301589127,True,0.969661403826816,0.0
0.18230234654004365,-23.088789300705102,True,0.934732253847887,0.6896072926172003
0.14697288655822976,-15.320395030653932,True,0.9731201562932795,2.7091809350509477
0.004604081530546665,14.834515131353768,False,1.1516450114943275,100.0
0.7725879434602468,9.483990768390086,False,1.6215785310857718,100.0
0.29865088210693724,-24.22074902205124,False,1.0272243791920805,100.0
0.004399532281778145,28.8095258552966,False,1.2910224592914874,100.0
0.0124589466329938,-1.931384847491696,True,0.9928619235222396,0.0
0.5904654387665819,27.155328403668875,False,1.6470116593945305,100.0
0.003971621794500514,22.011632129353337,False,1.22285373677581,100.0
0.008367250883483408,-3.7602267439993966,True,0.9951035759007555,0.0
0.4622121371460444,29.050425283713246,False,1.585545988418212,100.0
0.17691792876232554,-26.93314595895441,True,0.8966315772288249,5.69787630411156e-06
0.18434518317277337,-26.45652222990317,True,0.9075090271428246,0.0172056078256988
0.02232985463181273,-12.623705517881671,True,0.985830300924986,0.0
0.023689131422623928,18.210918879142994,False,1.198751850816935,100.0
0.29643288842379684,-25.554064773624635,False,1.0147930097914537,100.0
0.2513950806807911,-18.834918336156296,False,1.0307413930845037,100.0
0.024285698390155284,-1.883833570981814,False,1.000385574665286,0.053020751294252655
0.07355907178596453,-6.48063572290188,True,0.994998119393427,3.2915445985512104
0.12127186021691362,-12.98403181928828,True,0.9729012511939817,1.279859860517818
0.0023976801979828043,17.647484270006814,False,1.1781669831632415,100.0
0.17717659950121764,8.243114509473571,False,1.2125388054196862,100.0
0.04497381363531289,-4.979077043766338,True,0.9864878933501261,0.025330537066037273
0.019785432434507227,16.217913638229327,False,1.1762364093170512,100.0
0.05912685785881883,2.2592783624813464,False,1.0680621046589478,100.0
0.3173947150454573,-19.252989602247347,False,1.082495709117041,100.0
0.0677082879958284,-22.6977158476788,True,0.9538111340607806,0.0
0.10624036837536283,-10.897616550701613,True,0.9798264321009108,1.4750251259792568
0.0002915917325232278,11.230450329064723,False,1.1125178812746104,100.0
0.9615077912396264,15.227776239090616,False,1.774404676305943,100.0
0.15046695392437145,-27.403593346985712,True,0.8988562511364695,0.0
0.03472399430789634,-2.578439297593537,False,1.0018060782217193,5.1942700269301145
0.1792672969897025,-17.569463756363156,True,0.9804278713582956,6.858851570367852
0.1013182962571288,-11.149981098376792,True,0.9733784827324434,0.5372714594741979
0.8378467548238951,9.93691880230434,False,1.6646622900436143,100.0
0.08846113167831092,-23.164502615270585,True,0.9403012417363611,0.0
0.0026149368707647715,14.009937486929672,False,1.1419825226526383,100.0
0.1781546369276042,-18.67589236017073,True,0.9697142226069893,4.176149068584456
0.031489772275200514,27.7598296747734,False,1.2986217461915763,100.0
0.027594165154043247,-22.813292504759445,True,0.9805816502625481,0.0
0.12224798523448824,-29.28276395237119,True,0.9142787998825205,0.0
0.2664559393932408,14.87351334339025,False,1.335547876821489,100.0
0.6445392109006528,16.804599841750715,False,1.5973706772444847,100.0
0.049929235630564936,-11.242857344620312,True,0.9693691501206363,0.0
0.11979172722453577,-9.095831213894904,False,1.0077933555394158,90.02558781416398
0.03922598187167406,3.0053900307211094,False,1.0601239593440235,100.0
0.022542650339490978,-1.4185178864215722,False,1.0036074501829408,1.1204956773102293
0.03698139547586238,-8.740851907627285,True,0.9776818347295648,0.0
0.00040527218552034277,0.290254040230419,False,1.0032194083471404,0.0
0.19737857260708092,-26.172983048758503,True,0.9217560918139777,0.532841653025784
0.145430372225993,-18.26515442006677,True,0.9451530124726106,0.1896921786950223
0.0007462206850980212,19.50727409916763,False,1.1955941308364122,100.0
0.0466920697699753,9.26300659460668,False,1.1270803772953162,100.0
0.06655034274825854,-7.697436224247003,True,0.9776144583826841,0.023182940569022037
0.013197038966884227,1.8303822199380981,False,1.0285134660636075,100.0
0.06048406129638353,-9.423497203623846,True,0.9638460793075959,0.0
0.026866516937057498,5.076459819531124,False,1.071117790373671,100.0
0.0012996126276273103,-29.751155868850727,True,0.9989948722793767,0.0
0.013280792912944636,4.762386922151734,False,1.057713656553693,100.0
0.003822383142263302,18.79371521571872,False,1.190617678159874,100.0
0.0009053312681812735,11.23786606975439,False,1.1130410996103632,100.0
0.28189866476861897,23.05737474165676,False,1.4194060326894753,100.0
0.009217177729293728,-1.5257218372124086,True,0.9947291644363621,0.0
0.3062496233891461,-19.486805401307073,False,1.0713700364062158,100.0
0.20374208811257952,-18.11696527046891,True,0.9964879763820814,17.38015151667396
0.005899686685668211,12.093588027332345,False,1.1252301333180446,100.0
0.0056112386224451095,-11.460723170546949,True,0.9964403618549236,0.0
0.008698867155301004,16.900670983184725,False,1.175168507579631,100.0
0.8315735218863707,29.633784519495478,False,1.8056739510761683,100.0
0.0024506826048946583,17.717872514637968,False,1.1789075982255959,100.0
0.19812016025788445,13.131418735585761,False,1.272487656844058,100.0
0.006475521742270176,12.45978533260174,False,1.1293012018963426,100.0
0.004669138569104535,13.964405446996068,False,1.1430069408995853,100.0
0.004375707168119306,16.459650935299678,False,1.16770448357599,100.0
0.3343853832251993,-25.14236186208982,False,1.0507847385369573,100.0
0.19124372791894564,-17.48072397504147,True,0.9914051839704642,12.657662168993955
0.4357512083503142,7.37340572071043,False,1.3867879465260178,100.0
0.030466603463380027,11.224813129920868,False,1.1344977080280165,100.0
0.13094130254387942,-9.746563838537703,False,1.010852087960322,100.0
0.15576772020663548,-21.023815926772375,True,0.9294341622597924,0.02051472902264706
0.22990491686016745,10.945806430756264,False,1.2748393472520259,100.0
0.04809793066725896,2.013227525932578,False,1.0572076892455151,100.0
0.24363737935638333,-28.358651406677325,True,0.9455107201520803,5.06102032329554
0.06334904430921581,12.647939717762632,False,1.1722570723018608,100.0
0.026788333934166113,8.413867060978866,False,1.1040308414068198,100.0
0.00832812493017513,10.870906064206707,False,1.114812750830398,100.0
0.13265795649304996,-10.45531055108832,False,1.0057109576675405,66.22419540070882
0.016949811110974544,-9.185153519642284,True,0.9895796235141088,0.0
0.012709069645906223,-12.04150477073198,True,0.9919292432939026,0.0
0.6671363061001798,16.22695966492457,False,1.6068272416387708,100.0
0.00043528048449489697,0.4785778202377102,False,1.0051257005872116,0.0
0.0003957967782166896,7.032930684464212,False,1.070626163965164,100.0
0.00012495350377949462,17.123709567005882,False,1.1713255479608236,100.0
0.04830971636394161,26.214147222123408,False,1.2946116446572888,100.0
0.0011977414982044714,24.798491274435236,False,1.2487985926190226,100.0
0.059612551909789015,9.76096642250873,False,1.1414232210286592,100.0
0.013611623720661938,-2.4653710917322122,True,0.9921657192492125,0.0
0.03483175350364024,21.662394901663653,False,1.2406244095379901,100.0
0.6651367366738795,25.53397344868953,False,1.678289446131849,100.0
0.002704391695307374,9.666454745983685,False,1.0986612747223454,100.0
0.10254082501180038,8.189864013829137,False,1.1577081144837065,100.0
0.000133965764962,1.3462079972346288,False,1.0135661268903766,0.0
0.3636974774979836,-27.602160527794915,False,1.0575123366079575,100.0
0.00028775162410669367,20.08409745485463,False,1.2010414100835443,100.0
0.0011844044484904642,17.927642246515987,False,1.1801110908469439,100.0
0.0470688813894596,-12.004397052260693,True,0.9708384783027827,0.0
0.01076179196365876,8.334408919526027,False,1.0913479822213101,100.0
0.012677495849710917,-9.799364003379466,True,0.9921334296543729,0.0
0.006807019764059971,20.05617001278751,False,1.2053018085132525,100.0
0.19428463406657417,-24.017340358605693,True,0.9373753870910119,1.2961521910098472
0.2544931187614498,10.145234991607602,False,1.2849263796579191,100.0
0.00010431996634061509,22.13069982556717,False,1.221378873514466,100.0
0.1556587908503778,-14.65367176674074,True,0.9864789787321463,6.816696558568891
0.007350860641228062,22.782252418354474,False,1.2328672600981296,100.0
0.00013133606490057888,1.4945949029683412,False,1.0150478583183842,0.0
0.20920254042636177,-12.11927210037966,False,1.0533431129944009,100.0
0.016876272024400833,26.98192360062417,False,1.281143058484256,100.0
0.0031927414025322057,11.944195452929534,False,1.1217682898718866,100.0
0.11040010784025721,-14.128627603790127,True,0.9531251856772779,0.008486097504856183
0.00011619366121162739,11.418259666422557,False,1.1142675326485283,100.0
0.42028337555348594,-27.545513889725957,False,1.1061563537521446,100.0
0.0003814827660075094,9.19101756912476,False,1.092192663367625,100.0
0.00021548054904655203,18.759774782079063,False,1.1877489224784334,100.0
0.00020757465246092576,14.375614294019002,False,1.1439053441473204,100.0
0.052690286167735884,6.601393840949008,False,1.1054909987555768,100.0
0.2750528678067145,8.87468925067921,False,1.2880947650941525,100.0
0.03914851063715875,-5.012209849197106,True,0.9814784768428924,0.0
0.07581865626163813,24.580737813305134,False,1.2970950636742167,100.0
0.12973137235760773,-13.497746182584315,True,0.9752478622033898,2.0361251277483783
0.010109768141763745,24.317222564654394,False,1.2500533046120996,100.0
0.017484544144327156,-4.317453679681428,True,0.9897741458185116,0.0
0.10555620279401753,-5.821090274531407,False,1.0269944542403182,100.0
0.18588209620276464,-27.20231156681982,True,0.9025289498481308,0.00861729228405217
0.00010883230688092878,28.06812949248433,False,1.2807540006152256,100.0
0.020243542962632952,12.983627935124709,False,1.144482208560197,100.0
0.04214400266960418,-20.551463139074727,True,0.9713557418268863,0.0
0.059000012321864276,-23.9963473811511,True,0.9589252149990025,0.0
0.00019939624541532344,5.639776491650764,False,1.056548577461479,100.0
0.22246781904700466,1.711228324395087,False,1.1863111027489672,100.0
0.0002696454063435559,1.3705852901778464,False,1.0139152438235675,0.0
0.04888765496999901,-15.923040576337389,True,0.9685016568118556,0.0
0.011677449951341169,12.181741714329071,False,1.130309598190716,100.0
0.458580453542986,-29.226730670953373,False,1.1267527809829456,100.0
0.08017089882152854,-24.74864872238728,True,0.9446345949632853,0.0
0.017844228104885815,-25.388721997038278,True,0.9869976363647366,0.0
0.009382443045389696,-0.6657415929429931,False,1.0007189159582521,0.0
0.00010121693354212522,5.373238968582591,False,1.0538090689585782,100.0
0.09516128390719096,-15.474115961102035,True,0.9409972281475368,0.0
0.014011253035876439,-17.73533591795876,True,0.9905650408985572,0.0
0.22618503476157847,-13.641689733993843,False,1.053963808514011,100.0
0.0011802576493012715,15.404275820093403,False,1.154886180057445,100.0
0.030948971115175333,21.466442684278896,False,1.2360177104802421,100.0
0.024712253488569726,-9.890669376485818,True,0.9847797765040001,0.0
0.00021620424962542776,4.403993333087847,False,1.0442046930965003,100.0
0.00335000409414656,28.058450586018125,False,1.2828220953231388,100.0
0.016861025567357475,21.33978130933594,False,1.225050501546737,100.0
0.007147979589917924,22.313932723902752,False,1.2280570686084715,100.0
0.36223899741680793,7.301601368581075,False,1.3355297712822582,100.0
0.061479806903895796,11.300672438978381,False,1.1577845094293413,100.0
0.1710771535332025,10.202170788252914,False,1.2262900474342413,100.0
0.1883448297522771,-19.031427458132065,True,0.97535783701437,6.1913467167373115
0.04933721528205891,-15.502667666141672,True,0.9683607940969962,0.0
0.0015484938554714096,24.947853702653646,False,1.250529656262223,100.0
0.0163500290943368,6.139529367407327,False,1.073711019084958,100.0
0.1225419026456894,-10.661202532199518,True,0.9954898726137976,8.110832295083625
0.09063369395422129,-10.871097178920813,True,0.967139839127854,0.029130291925349994
0.029872934929106757,-14.128111444269269,True,0.9808484634024934,0.0
0.20778964006037628,7.1724857881605715,False,1.22484302517084,100.0
0.0035166124389456655,20.885598291590078,False,1.211294457359352,100.0
0.0017243299087778491,0.5231669047159038,False,1.0065777490447405,0.0
0.12388201139515759,-9.99644370015822,False,1.0027612281121148,26.843709061337016
0.011117958967373423,9.197250538647523,False,1.100199180688873,100.0
0.021446217532295517,-2.180582183952481,True,0.9952066605579482,0.0
0.015313997378295837,-22.686477393244335,True,0.9891406960670518,0.0
0.1955923689306826,-29.152974058679607,True,0.8949342085843331,0.009169389874941203
0.0004915785064829335,5.319048594895818,False,1.0535630058147423,100.0
0.13379460644562136,25.840794947996443,False,1.3479092024824264,100.0
0.00010004342512080782,27.449338854083166,False,1.2745604342365888,100.0
0.07230266433650051,-4.953667810185365,False,1.0086517604662961,88.97038650272513
0.1281142351381085,-6.529121142323426,False,1.0384060494316125,100.0
0.0008260520189887697,5.801733176755192,False,1.05864147551781,100.0
0.009091988573946056,12.041856215850942,False,1.127036971434817,100.0
0.18018496587343208,-27.596891267922075,True,0.8939262343548244,5.663472180117424e-06
0.05241088349154816,10.526966666098886,False,1.1436392923580234,100.0
0.00010175159619813587,3.703528580357073,False,1.0371131610868987,100.0
0.2944295998461742,-24.36123957510582,False,1.0224677280297345,100.0
0.07283410378553,-26.712167506588155,True,0.9483494864814265,0.0
0.1910298172456308,-29.756802312989258,True,0.8856113254030102,8.564507636421581e-06
0.008435853236267167,6.550424142510671,False,1.0718462806266176,100.0
0.15927998720808784,-16.96504194181924,True,0.9687490250991742,2.7582827049981606
0.000608267151882771,-0.6739203984819007,True,0.9996531230191722,0.0
0.001533521536052992,8.635430454898291,False,1.0874935068880445,100.0
0.006202984378048055,-9.445148537574433,True,0.9961476586681474,0.0
0.14463767883711134,-15.398815515840328,True,0.9704311637875023,2.149642444796185
0.30742127906087485,26.248937140630815,False,1.464555858386738,100.0
0.014399664319053282,13.06945282374734,False,1.14111157125622,100.0
0.01685427224359326,8.289073377580912,False,1.0954239966617878,100.0
0.012959435457406045,-2.1319052277531334,True,0.9925627417636429,0.0
0.008014442914203402,7.618933135971687,False,1.0821763741645527,100.0
0.0022895632798117876,-5.007265715366618,True,0.9986375178325316,0.0
0.006530959039487895,20.05905739928071,False,1.2051384603412667,100.0
0.00010909746391696375,17.939628665766747,False,1.1794731698207515,100.0
0.1539036715242728,-10.566929941532596,False,1.02208644904889,100.0
0.1623186449813005,-8.531998030725575,False,1.0474259502938175,100.0
0.0010567573545077757,3.4796677712088737,False,1.0356065305144693,100.0
0.6816976679332765,23.932154924116844,False,1.6754566038443757,100.0
0.11589509849812742,-13.301348215932624,True,0.9654497088035169,0.4248234688610353
0.00015712146268221546,1.9554603817869456,False,1.019676168716697,0.0
0.004709609850087613,9.950424362884867,False,1.102975259885342,100.0
0.0511867577164668,25.855725423875768,False,1.293017653363695,100.0
0.0002605481382406681,4.240006199894147,False,1.0425988132830408,100.0
0.005442265173852145,20.420836164335988,False,1.207991038403069,100.0
0.001127331742549293,9.627652674593577,False,1.09710914213884,100.0
0.014844376025653859,-9.62830812092158,True,0.9908189165342156,0.0
0.3468580018406085,-19.648010544415655,False,1.1036966913622523,100.0
0.21609612302227116,-16.01741077503575,False,1.025078142327847,100.0
0.30394748047706016,29.62398098478159,False,1.4927047915809564,100.0
0.0023910320006268414,6.600058841210732,False,1.0677983407066902,100.0
0.0031840109772762106,17.83413763186065,False,1.1805860472490362,100.0
0.07097860219835068,-14.327761098363434,True,0.9557306359372768,0.0
0.1990853710972898,-14.931568744852042,False,1.0203434847544697,100.0
0.1110703328879019,-15.021577274665667,True,0.9453882136739075,8.680861340870649e-05
0.4197362158420382,-28.56390188644037,False,1.0985409018724968,100.0
0.2762994196002526,-26.257033982599594,True,0.9915813370989204,22.35111915518364
0.38170432125190457,-24.283398468750047,False,1.0973414895054852,100.0
0.01397997705212395,16.443193943871307,False,1.1743560845313499,100.0
0.0003592043257704114,6.217983479597528,False,1.062450567940648,100.0
0.11766878261679818,-8.51282318992893,False,1.0115027169901947,100.0
0.2914233492108752,-16.38706913205398,False,1.084293957751949,100.0
0.07412053261463866,0.8098213419079308,False,1.0655517833852806,100.0
0.009467309833350207,4.84564942796694,False,1.0556472681063052,100.0
0.12062091790912707,-19.0003078313889,True,0.9239185827730653,0.0
0.09648220060935357,-17.07718321401599,True,0.9392469231227667,0.0
0.02560898929909745,-2.655969137196827,True,0.9938120887879184,0.0
0.09670457764624861,-17.567928097298857,True,0.938809068664413,0.0
0.05303225845104318,2.044951531853606,False,1.061305348193727,100.0
0.11013607731649289,-7.407185637895061,False,1.015752365071467,100.0
0.027858263357867265,-24.066501560570437,True,0.980134850888922,0.0
0.28743210288521676,-16.929158714888526,False,1.0765642691003512,100.0
0.0012985821948181902,19.29805732848253,False,1.1938888963688576,100.0
0.12224828146858258,-6.668866520588075,False,1.0324072293652258,100.0
0.00011541987177649251,27.298416976303486,False,1.2730615799025056,100.0
0.026029322150757178,-6.187180356250032,True,0.984576787701188,0.0
0.01886733146634216,27.455213290728423,False,1.2871794926636366,100.0
0.569707004941145,16.993456297207317,False,1.5522721241979125,100.0
0.7467596405939596,24.183920626862765,False,1.7156219529082999,100.0
0.09359947379843972,-6.1351549930625495,False,1.0144406079232626,100.0
0.00638069704553613,21.17396036091811,False,1.2161564030652003,100.0
0.008756149635054878,9.187468791298372,False,1.0983551525791433,100.0
0.025852158598223873,-20.97657994712797,True,0.9821374008812443,0.0
0.02103331436868936,7.2558534611737,False,1.088291226570027,100.0
0.024048024551653543,-6.618794935318409,True,0.9856686890753896,0.0
0.3718084737371412,-23.234993590048695,False,1.0968965794225711,100.0
0.0262740034825,-1.8527393442566122,False,1.0022632601448198,2.3509956781165853
0.00028145350125693036,27.278447523739914,False,1.2729732584526816,100.0
0.5284176106041054,15.114253772705737,False,1.5109948692393815,100.0
0.022530639953847194,-3.0072717585829842,True,0.9878955442005465,0.0
0.16624519953189185,-25.085151449385812,True,0.9029488983559337,1.4785821011997768e-06
0.08142017785473901,-10.693242906242709,True,0.9611774063915307,2.6878925840634338e-05
0.19775728868195103,-22.17090688349687,True,0.9563056015892234,3.3591708704400425
0.4717134623869475,8.946523851645566,False,1.4239433107842976,100.0
0.1386791272607727,-11.333441232705582,False,1.0025807284877346,27.05591121810349
0.15784093975479566,17.105898753861453,False,1.28145905720009,100.0
0.1272159651166472,24.15266052688733,False,1.3274246549170643,100.0
0.11911528754738523,2.027197293322047,False,1.1115623607219578,100.0
0.457333865141313,6.125055781249728,False,1.3913509112223372,100.0
0.0005411757618524178,25.05781602660921,False,1.2509453261473304,100.0
0.16085927928613797,-11.743763183004106,False,1.0171063303629773,100.0
0.05664110652932534,-27.441905398053,True,0.959012765086937,0.0
0.017997523899946882,-9.011944637738452,True,0.9889632001939588,0.0
0.00899788730377361,-4.810633938955732,True,0.9946805562148715,0.0
0.2065915044048062,-21.007828070730103,True,0.9740069558378037,7.430853289322181
0.003572635900047293,8.88551457279565,False,1.0915048767430975,100.0
0.32294209470182783,-26.222114717728793,False,1.0326480156297821,100.0
0.19037236710039912,-23.435793618220004,True,0.9388954096441513,1.251220126709418
0.03871716584886602,-20.54760354130395,True,0.9736195620652582,0.0
0.04436222713165025,20.882470787756866,False,1.2394985857988474,100.0
0.28879496038097974,-19.170712042400268,False,1.0593664430031404,100.0
0.01156789174559157,16.77943457387793,False,1.1759922906984366,100.0
0.022049048148524913,-2.8223695363837606,True,0.9893397692076197,0.0
0.016314546925451243,10.985344100664896,False,1.1217960367313495,100.0
0.033431338702360605,13.381903256925789,False,1.1579292925745313,100.0
0.017438139035530646,-1.254725354100099,False,1.0012068129840828,0.0
0.0006160735704043121,12.338006266103427,False,1.1238280191046779,100.0
0.13878363547850583,18.845748796449904,False,1.2847646648039435,100.0
0.020980375880568766,10.122729668208876,False,1.1166575063288726,100.0
0.01757298218762777,17.53517198438604,False,1.1877485514638177,100.0
0.18451069679077625,-19.839163594133872,True,0.9649863096368813,3.783508298386473
0.11501532900017956,23.74205284475346,False,1.315325083113511,100.0
0.00417215628157564,18.54218295566936,False,1.1883515797507118,100.0
0.006190633461714619,2.611125680998697,False,1.0308794784406157,100.0
0.039259472928403046,-9.598981396206064,True,0.9761369492359057,0.0
0.165286892158212,14.078978118506193,False,1.2582846520170012,100.0
0.8270470720854628,23.538552693103014,False,1.7571196329514531,100.0
0.302557292927223,-25.74223173899383,False,1.0186521039610075,100.0
0.0003452464264003217,29.176639315308435,False,1.2919957383843843,100.0
0.6492076336136359,6.573675437987518,False,1.5223584225865883,100.0
0.0004277540889063877,28.698743438879298,False,1.2872722758818373,100.0
0.009169812416274882,5.696124706417322,False,1.0638903193022557,100.0
0.14727603614794121,12.819258083605703,False,1.2337975341283869,100.0
0.007703803328919365,2.154797371054599,False,1.027497995975621,100.0
0.08267082121448185,-6.064060870895695,False,1.0063320704030363,40.78039701197342
0.2500999083619049,-15.376630514222311,False,1.0587697308649877,100.0
0.12632936023184668,-17.10753861521092,True,0.9391987930393157,0.0018344917825485751
0.013673327880140331,20.278436342314514,False,1.2122900183498446,100.0
0.0023314401160708935,29.861412555238473,False,1.300157334802216,100.0
0.5926651553925432,22.291887811804408,False,1.608950323372959,100.0
0.027710586833674573,21.041730427461694,False,1.2295841023782053,100.0
0.046631190349685735,-5.251931272431477,True,0.9851603468488049,0.011539484429756719
0.020203859386542473,-1.8089312257814285,True,0.9979003620045304,0.0
0.02301951425141528,-21.459184384966115,True,0.9839796127848379,0.0
0.012950310109904264,6.719561910101497,False,1.076918786199714,100.0
0.000306760124526929,19.368793708966017,False,1.193902439573745,100.0
0.25730535739930976,29.37327449288115,False,1.4609759166186111,100.0
0.0005823379746152177,27.643319011981134,False,1.2768230535837122,100.0
0.05534856814368328,-3.9812446212606964,False,1.004504219475857,14.024099657446953
0.1259165140405203,-7.026189073292862,False,1.032020085718427,100.0
0.05841537474202995,-7.916524416033486,True,0.9688548597965415,0.0
0.0005843416173034078,26.954754169106238,False,1.2699401279304008,100.0
0.00016163270122601837,2.5856424463829626,False,1.0259809885249909,0.0
0.028348573319292934,-16.133044826669583,True,0.9814215663789474,0.0
0.0075318647377863885,13.639723932303497,False,1.1418308876607994,100.0
0.00028652792473089653,16.628698695212535,False,1.166490367100016,100.0
0.0033127583050642975,15.901306613799257,False,1.1613735138032732,100.0
0.0005745658805049613,-0.6308438427035448,True,0.9996724758852804,0.0
0.007141580868116091,16.977425837476247,False,1.1748313517507907,100.0
0.0004911602799968358,25.892003899655023,False,1.2592518349088064,100.0
0.08630738989255486,-29.452040129331618,True,0.9376251654046419,0.0
0.0030267884834973566,10.297107406229244,False,1.1051975886309386,100.0
0.00024293121633587366,0.5321928468268702,False,1.0055115778901,0.0
0.024235963615362684,-15.997763803261915,True,0.9840923626397198,0.0
0.135876203086175,-15.079928567701575,True,0.9659152660929065,1.1742370475229524
0.08102557637832493,-4.98807385331736,False,1.0152961179210898,100.0
0.024015637787069638,-26.347246378648766,True,0.9823991486840115,0.0
0.0009059997767318234,8.4688414625304,False,1.0853621414158172,100.0
0.04323320720496102,-15.626777899399872,True,0.9721166926350377,0.0
0.9017727437317967,2.776781706606343,False,1.6546439218838072,100.0
0.16917247939606375,-20.618640737157946,True,0.9447890470097583,0.8110365877244785
0.013811468983018178,10.215699674140282,False,1.11231424103982,100.0
0.042932406263568305,-22.136309428017384,True,0.9703428630153974,0.0
0.005421260270992843,4.466716321062783,False,1.0487954654660747,100.0
0.025202064076195126,-3.4770203603008625,True,0.9854614035822477,0.0
0.013450186422886711,-0.724072075968273,False,1.0033346289361749,0.0
0.47099138064182494,-27.377449789218726,False,1.1495966055969555,100.0
0.04354781971478529,28.52937383351768,False,1.3142282751123133,100.0
0.0007642604656242481,13.129888431579218,False,1.131852082649673,100.0
0.21510109103463082,-11.324851000198155,False,1.06509527464258,100.0
0.08582373751263234,-7.993957321407727,True,0.9904879640508348,2.5266505304018416
0.1365416215806306,-29.989172073155725,True,0.9046357273437302,0.0
0.2868641340097517,-24.36289535826811,False,1.015904835449382,100.0
0.008158161273228335,-3.828141952481694,True,0.9952219777594806,0.0
0.2309803502988944,-14.060726445019423,False,1.054282411181784,100.0
0.1080765861608362,-20.753196925650464,True,0.9299279984020957,0.0
0.10550315782431374,-15.5736213194231,True,0.9354981602053052,0.0
0.0019214009254476542,-0.22851844855939163,True,0.9992219201659366,0.0
0.0960067240108666,-14.434530401700643,True,0.941137269264847,0.0
0.009030532053214467,29.5451100662089,False,1.3014352673365341,100.0
0.2040041861892393,-23.340390825290093,True,0.9517885970058543,3.1927016885280324
0.005501794662319956,18.335027454757295,False,1.187217735422917,100.0
0.00016212549381721685,6.785920343726033,False,1.06798098322551,100.0
0.36821798169542946,-25.010529545922623,False,1.0805847723447413,100.0
0.012271129959823525,-1.3900188254000838,True,0.9957904093107777,0.0
0.11942088433819735,7.140961584559321,False,1.1601262553297824,100.0
0.031225807408269753,7.377172669400466,False,1.0970948411653847,100.0
0.18901295457547707,-18.805753843527196,True,0.9779047183742317,6.954510825316396
0.015454329895111347,8.520083212236422,False,1.096678481604558,100.0
0.2984622533957466,-24.769157240854206,False,1.022734119446121,100.0
0.0014501344949885964,-0.4890189885636538,True,0.9991750252634498,0.0
0.06053567752725416,-15.259945444218605,True,0.9615897694374032,0.0
0.2576680321685543,-21.04367820868851,False,1.0177068471294866,100.0
0.520063182114926,20.44482030797952,False,1.5491172282297623,100.0
0.002273907710912572,5.507109607994991,False,1.0567921053323797,100.0
0.12173921351870799,-17.395676527342236,True,0.9325931380723006,9.509599774304434e-08
0.000948324819123605,2.476855895668372,False,1.0254998537469489,69.54884951746145
0.31930931486540265,8.622319815016361,False,1.316926127287906,100.0
0.11242302498816764,2.362886121664488,False,1.1096595469691315,100.0
0.07721837900257568,-17.936622810530032,True,0.950239458140535,0.0
0.006584125421582084,-0.5366154091346473,True,0.9998068756469694,0.0
0.004419699507836902,15.084529132034426,False,1.154008608794496,100.0
0.05962636405881339,-5.414701815547222,True,0.9940369705685752,1.8002715477506204
0.0053194962713203715,9.333906868327382,False,1.0972735714683284,100.0
0.10468880266912833,-27.279866332065286,True,0.9271304592798346,0.0
0.005626953179193468,24.88963044007125,False,1.2527159774435717,100.0
0.004333323572358292,8.41033648757518,False,1.087326132062198,100.0
0.038773252998795776,-11.723624120691717,True,0.9759056550163927,0.0
0.15722622185084437,2.349470476020059,False,1.1433484639472589,100.0
0.5457684807095898,11.034725885147154,False,1.4895794903928212,100.0
0.29766001173022466,19.636107465759714,False,1.3990873967909985,100.0
0.25971741525794584,-16.540053230262536,False,1.0569108671928928,100.0
0.04613342027162342,-15.062921189309339,True,0.9704817944645044,0.0
0.007533133551287677,-12.58327080916613,True,0.9951716468118881,0.0
0.11810624542550326,-16.440986028882044,True,0.9382577136280998,1.6439666516987472e-05
0.010630721501654075,1.5599118327537695,False,1.023838787180171,100.0
0.3059511744408201,-20.77240334899119,False,1.060828126192396,100.0
0.0014859820161926115,13.456711915541746,False,1.1356406814420075,100.0
0.003752139023483887,18.115700322777258,False,1.183798022949682,100.0
0.5884843866549729,17.925404120945586,False,1.5714429821684974,100.0
0.29149077666746454,-18.80302531776537,False,1.0646062396637128,100.0
0.0011038447317190305,1.1267124878931334,False,1.0121255783514282,0.0
0.4542392058638831,7.4534191841921995,False,1.4000245382946856,100.0
0.07932111069178674,-5.820105672714803,False,1.005970427629102,38.11990908661227
0.3020707529205005,-25.855050610227565,False,1.0173464971819166,100.0
0.7516675653237064,25.393370197271203,False,1.7277743968782884,100.0
0.004702128389015678,-0.9859609577940418,True,0.9973174784975637,0.0
0.15089429104483318,-23.313359829251937,True,0.9047322192258763,0.0
0.010230368268677055,-3.694345656422584,True,0.9940248445380702,0.0
0.04072556605681575,-12.462157153154642,True,0.974534720039933,0.0
0.01103503019062585,7.135741504242731,False,1.07962303723409,100.0
0.2428871456424666,24.211716834807767,False,1.404428189975053,100.0
0.3938057211191343,-27.374308556486092,False,1.084956825068037,100.0
0.0009110935724747156,-0.004066957420974404,False,1.000672995861259,0.0
0.09297563906340557,-7.658230392937583,True,0.9994916123352279,8.299687661442356
0.04291593614792837,-25.879906430390285,True,0.9691436800127462,0.0
0.29970381109546407,-26.080727063207625,False,1.0135168778875183,100.0
0.0007336369759789865,29.112807209961474,False,1.2916155672522447,100.0
0.7331632442037477,25.536665601096644,False,1.7181503618185983,100.0
0.009695627917514814,-3.7367889828735947,True,0.9943326808620289,0.0
0.0047997254904477,9.33327196588062,False,1.0968829155713902,100.0
0.014389171237503967,18.985035188083238,False,1.1999233347262435,100.0
0.0001751650676639561,17.1059784813945,False,1.171183792638653,100.0
0.08471225548349796,-18.425514241197973,True,0.9454367743934594,0.0
0.277831300507595,-21.92763610857864,False,1.027707032700613,100.0
0.21163712057139658,-20.080988591499715,True,0.9863149490832842,12.233373888428067
0.18328595043623847,6.5901392095121025,False,1.2017430194794618,100.0
0.06999154961151383,13.80775713822208,False,1.1882981322053154,100.0
0.03901333476504484,-12.612553976558228,True,0.975537729298261,0.0
0.1386212994059602,11.548755915672913,False,1.2156848203869728,100.0
0.02121318815679031,-13.364403575124435,True,0.9864243314922286,0.0
0.18243932340903551,28.918376583161475,False,1.408827282182821,100.0
0.004521678499854571,3.2621550846769694,False,1.036090635763689,100.0
0.02196433702839021,19.51915322585409,False,1.2105149355462683,100.0
0.5259162545655713,4.002957528937188,False,1.4211592058015132,100.0
0.09942863700892417,-11.704257994235107,True,0.9665963124034195,0.12109111019238394
0.04311989972580744,-11.372653730686245,True,0.9733831150042113,0.0
0.1784748138604241,-11.044553435748245,False,1.0378279153009016,100.0
0.05723229901216776,-16.63703650912619,True,0.963075185149412,0.0
0.0008568036032503735,5.149192623298745,False,1.0521418697374545,100.0
0.015815972004671913,-8.071661133688153,True,0.9903793707686568,0.0
0.006006972047700733,10.400880746985088,False,1.1084240185201908,100.0
0.012841142912975372,-11.179437130327472,True,0.9919185707661247,0.0
0.0002948668393782964,3.9021475574466535,False,1.0392468724459165,100.0
0.06452835374881072,-3.462406987536216,False,1.0168290875405275,100.0
0.019713530249925722,15.898860256786811,False,1.173019694243755,100.0
0.01664271459841861,25.879323223111022,False,1.2700241456573778,100.0
0.15014330423362587,-24.511032057448432,True,0.9020277439686999,0.0
0.21755258957819013,-14.668449525173502,False,1.0379674354422719,100.0
0.08849976330423837,-25.506956180216868,True,0.9387816714171985,0.0
0.025903860614598553,-4.082166271099631,True,0.9849725767247355,0.0
0.028207818469898983,-14.719422779825473,True,0.9817827413821929,0.0
0.002433375309150169,24.165743866225213,False,1.2433158685020305,100.0
0.2882154779941683,-27.098521109401023,True,0.9954471884320312,26.274788894570577
0.6082192608942807,23.70567761535372,False,1.6297436872370983,100.0
0.0005656675541692564,5.13248293565092,False,1.0517539782542897,100.0
0.01379691631098591,-4.267760454685224,True,0.9919146056071427,0.0
0.35774120197373904,-22.288362656543047,False,1.0923337901401153,100.0
0.03705328968952328,2.2786428711725435,False,1.0513240179137107,100.0
0.0803570469956061,27.538016490293536,False,1.3288942280641338,100.0
0.00045567151899219215,24.012713815581783,False,1.2404379847095446,100.0
0.013447047308579053,-23.81005334639005,True,0.9903357466053159,0.0
0.14656260745063399,-22.422737051373424,True,0.9087963768082862,0.0
0.0027493854618864397,23.439682969872933,False,1.2362777383522674,100.0
0.11578709682290479,-10.544200252175145,True,0.9910138730292047,5.118163927032993
0.9818591528438843,28.495567606857833,False,1.8799318687741502,100.0
0.24739963857878652,-24.326246839398785,True,0.9817663103914477,14.070996656090973
0.0006309658668225318,15.73662379348849,False,1.1578163136927393,100.0
0.5972558513981431,1.789093489810078,False,1.4523860480351984,100.0
0.39551761944089,-25.06241152950525,False,1.1031738196342449,100.0
0.05595252004984767,-4.089825782805786,False,1.003932100520168,12.2543551821102
0.1442312453259045,-15.633058958650958,True,0.9679590978559344,1.7969859307466862
0.12703774442000798,-12.19873645174961,True,0.9849740612293516,3.9361956838841916
0.020391084969285826,-17.028633152365842,True,0.9864330899466831,0.0
0.044636947205861845,-16.04714142055812,True,0.9711144604307564,0.0
0.7651048600181137,22.404553665489296,False,1.712734436451868,100.0
0.07252156510329955,-26.045555958198236,True,0.9489238069487332,0.0
0.10513678750392504,-6.232520877551522,False,1.0227798039066782,100.0
0.0027616952463633154,18.324455948362015,False,1.185186349867114,100.0
0.24466504634711594,-17.11637555941592,False,1.0395443630644583,100.0
0.31748135954630113,29.555389191989306,False,1.500576891012233,100.0
0.18290907935029513,-11.425465448265712,False,1.0380376158040832,100.0
0.2085584214464272,-26.745910762544895,True,0.9270367819482863,1.231446160745886
0.0006025716611625907,2.2598202384869523,False,1.0230635119494893,0.0
0.02402829896018713,-23.76186423012548,True,0.9828735087250833,0.0
0.021237963032303974,1.7622005088715724,False,1.0340502964043716,100.0
0.13015498409357915,-23.648434399871228,True,0.9145025335147487,0.0
0.15648646937432592,-26.6315180800002,True,0.8961487317235454,0.0
0.0035241109279438277,24.276874086081804,False,1.2451689712730567,100.0
0.06660848233252613,12.437792601020504,False,1.1725569144109456,100.0
0.4818295278288926,22.732717697878925,False,1.544199936814017,100.0
0.00432728031506091,26.86980762875929,False,1.271605852587541,100.0
0.032020426935425735,17.70064856269262,False,1.1995519509084867,100.0
0.0824554901925706,-20.60190656953689,True,0.945582485073728,0.0
0.1421446294616292,22.494343646895665,False,1.3216440224999766,100.0
0.3218982069879125,-20.246688365191464,False,1.078342683780267,100.0
0.1381180657996403,-29.86309697538886,True,0.9037852263059378,0.0
0.0019013371602657546,14.392487805190505,False,1.1452912448199621,100.0
0.023704245908069795,-5.023047744227558,True,0.9860966866439363,0.0
0.0021912206493345182,12.951774209213461,False,1.131105280778549,100.0
0.04282195823742521,-11.669531253207225,True,0.9734807771791578,0.0
0.43321556947612117,3.1963680256466844,False,1.350967377208093,100.0
0.0025072876822508938,-5.646747674842349,True,0.9984984406298445,0.0
0.00038869266799028955,13.544160800610172,False,1.1357223041436035,100.0
0.004612864425822617,20.876914637487317,False,1.2119676905985048,100.0
0.002749226594709925,5.579473211560732,False,1.0578745098686575,100.0
0.03182770678264463,-7.160965348180362,True,0.9810301376194528,0.0
0.0869366288968617,-14.409554349579473,True,0.946358009162306,0.0
0.14502236162715498,-21.895684947432308,True,0.9121415683347426,0.0
0.0008949681538731293,4.746755695713929,False,1.0481481153569308,100.0
0.04298790964986933,-16.18805683929199,True,0.9721074591228057,0.0
0.4391611915056097,-25.208210215805597,False,1.138380492852952,100.0
0.24153657691277142,-28.993851679508495,True,0.9384608676023934,4.075706662007361
0.00153406912811846,4.338174811521377,False,1.044551165001449,100.0
0.4171586246598482,27.894418646303514,False,1.5479737603627315,100.0
0.09320387596765939,-8.015622233694366,True,0.9962900447985898,5.7914529319986086
0.16091497843549651,-15.647650142773326,True,0.9819586557615166,5.754613360846683
0.000978879245516828,2.1069528244286317,False,1.0218261286031747,0.0
0.010846321547687098,-5.666319353810586,True,0.9935400343836758,0.0
0.05770964237094957,-4.752824327965762,True,0.9989078010870222,4.312119570035722
0.12796067555672203,-28.55889091782659,True,0.9113615410112534,0.0
0.17239841771212544,10.100844210068423,False,1.2262952636874025,100.0
0.06520162627172835,-5.449204205444115,True,0.9981860744738223,4.4498206151111
0.0005142043078798657,3.8795242130020853,False,1.0391883500963703,100.0
0.018760284771681478,0.6210840065266261,False,1.0208298619114433,100.0
0.0002416044563926482,16.21950927882697,False,1.1623669751482961,100.0
0.0035599365200064373,27.784108474779487,False,1.2802221896240218,100.0
0.026691732519494395,-29.149647277904577,True,0.9798740308746954,0.0
0.20677194343250818,-20.06095249169474,True,0.9822959819498398,10.06404849880731
0.08272429828341696,7.412257901633261,False,1.1356614110119851,100.0
0.10684719728173955,-26.675579953981746,True,0.9262268595945994,0.0
0.00016327511028381802,11.468636781365092,False,1.1148056847117571,100.0
0.0026199606150635888,7.280251654343445,False,1.0747643635878013,100.0
0.000962576911662323,-1.4167077010323155,True,0.9994470957987154,0.0
0.023855829358208416,-11.977448492737988,True,0.9849790658019859,0.0
0.00022201511048055281,18.05300560383236,False,1.1806864163757678,100.0
0.016682312164774515,19.816552932323688,False,1.2097895071367433,100.0
0.22004759307108865,-23.92516750377125,True,0.9610103603739444,5.686853719502505
0.14014389500256674,-19.8324104446191,True,0.9263992393940634,0.00010060084707497197
0.280854236094999,29.09586433575066,False,1.47336927034191,100.0
0.024652600626388715,-9.472538747085999,True,0.9848808444636398,0.0
0.10316589889656014,-6.214344268235543,False,1.0213704128920271,100.0
0.2320937725746272,-12.25144995268736,False,1.0707971526741002,100.0
0.2786714027140139,-19.89260342270266,False,1.04498688878069,100.0
0.01150586913597053,-29.65327180256093,True,0.9911773957759804,0.0
0.00013470534886073402,5.6113789207606075,False,1.0562156910023754,100.0
0.29928800575127323,-18.303436837430485,False,1.0751363988710883,100.0
0.15017785891382196,-13.851561707754684,True,0.989143665749359,7.406111189715592
0.000161282296709739,4.500195232555228,False,1.045124786598194,100.0
0.33281138297911367,-25.056399581520843,False,1.050093829142472,100.0
0.43560953089781235,-26.899987338153718,False,1.1235397898009947,100.0
0.004524655475303094,-2.1464099114957627,True,0.9973881668972313,0.0
0.036681486610440066,-22.79124246906319,True,0.9743653087355902,0.0
0.013958262544384014,5.019867179153337,False,1.0607860413549997,100.0
0.19654646009737992,-10.371534002521905,False,1.0584965260823447,100.0
0.004223636915504451,3.411435363742548,False,1.0373518526179737,100.0
0.020154601324975572,15.42564156018637,False,1.1686388588508418,100.0
0.00021430105017845042,9.161733403783444,False,1.0917760528018023,100.0
0.8829937582449485,19.61603400116605,False,1.7603806653497376,100.0
0.11062390708755121,-7.063643910363851,False,1.0193711514145567,100.0
0.24863994233608427,5.8131260883891755,False,1.242100166334432,100.0
0.3757325316035859,0.48386481957284744,False,1.2879868346019137,100.0
0.30945546867048424,23.226929298957614,False,1.4388322815563035,100.0
0.0017198699510117567,13.838104407088935,False,1.1396208843038669,100.0
0.0003493627999012225,23.53712914568829,False,1.2356102139802545,100.0
0.9582266047653816,28.5274992628788,False,1.8673113497962226,100.0
0.06589384271743115,-11.044158728359292,True,0.9601124749387709,0.0
0.22028460519442733,-11.84880123947599,False,1.0647170833795965,100.0
0.011735651624554084,24.135934934306675,False,1.2493537417186487,100.0
0.08299317112135798,-10.02067024142982,True,0.9688809731634144,0.011556716542648893
0.13672233203555081,10.376243744909367,False,1.2032739937221426,100.0
0.001640717921752986,-0.8422702446661994,True,0.9990634136985252,0.0
0.03867302214868127,-2.8659231765622266,False,1.0021179101219408,6.709676494876793
0.00014029314786330387,-23.24446310281446,True,0.9998988099858144,0.0
0.0002891378159675193,20.85496252131201,False,1.208750194437128,100.0
0.1467975540437695,25.459102293720946,False,1.3528790611020791,100.0
0.02695982937094231,-6.728134886155882,True,0.9839478888043408,0.0
0.1569025059150236,-16.717830422995632,True,0.9689392988241371,2.6348324744386975
0.008220472873442207,23.727704806214717,False,1.2428902340342758,100.0
0.04268204123751848,-15.467909791183551,True,0.9725066769130977,0.0
0.28990860918284267,16.1075494222494,False,1.3624879064019741,100.0
0.1189067719619839,-18.492396938655094,True,0.9252924412259558,0.0
0.5566195986227238,14.237508821288095,False,1.5220024740863127,100.0
0.00012759323356221594,26.6211253512177,False,1.2662971259452167,100.0
0.11941955188722744,-21.546967414193364,True,0.9226059562652972,0.0
0.05809043290599058,13.588962306159061,False,1.1776597910052804,100.0
0.0008586517822847573,-4.282333767771743,True,0.9994922823989605,0.0
0.18506923341368534,23.965406496999222,False,1.3641283755680496,100.0
0.09763586536102842,12.880464945654403,False,1.1990787940928807,100.0
0.07151657270394385,-12.998839945127457,True,0.9560152010105173,0.0
0.0035180667957760473,10.38181486994187,False,1.1064046915162402,100.0
0.11082300662488674,-22.638898135810486,True,0.9268797720271313,0.0
0.0005623404986600315,17.588201965011997,False,1.176279063891534,100.0
0.012611437088681468,15.573536811550085,False,1.1647321948300606,100.0
0.021160942909977616,-8.248586947685666,True,0.9871525246389792,0.0
0.05234665412075084,4.432278306233478,False,1.0840619110196947,100.0
0.0005771640533387203,18.681809886496758,False,1.1872231817189516,100.0
0.01502396508699737,-16.364489668931427,True,0.9900352917691486,0.0
0.21658964125107735,18.548194636260227,False,1.3350022870526381,100.0
0.00111509879495723,12.641983275877926,False,1.1272292055586866,100.0
0.012091936636734366,23.394787304943698,False,1.2422168576473704,100.0
0.06891148109093906,-26.9128966707478,True,0.9508786408918121,0.0
0.7527156899317543,25.398650688112966,False,1.7284216658904115,100.0
0.07782853528304055,-29.564142727626873,True,0.9433110825136871,0.0
0.7770311683694453,3.45859703494655,False,1.581619640643146,100.0
0.04824833736348928,5.895459865343383,False,1.0952693646000078,100.0
0.0015741181158948553,25.337065206601928,False,1.2544370049543099,100.0
0.10439053489359118,11.493646468716342,False,1.1906298631233887,100.0
0.2712075964452115,-20.70765631512206,False,1.0320065088582897,100.0
0.38790643182437184,-26.968397442540606,False,1.0828741545405298,100.0
0.0001701429527882535,-0.1516205748304067,True,0.9999034502877591,0.0
0.03868785046182356,-24.823104768057128,True,0.9724103830762618,0.0
0.3310957212115014,-18.3462200645529,False,1.100993427903333,100.0
0.16437106271165988,-23.249502784626408,True,0.9173604701306112,0.006267252067937434
0.004481506016500224,-22.713817914702155,True,0.9967960576942421,0.0
0.0010084179943126335,-17.127258273779887,True,0.9993189940706411,0.0
0.011552554633271307,-18.601187462918283,True,0.9921352941052395,0.0
0.28633520639271887,15.268991261885795,False,1.3526110455153582,100.0
0.0009608838686575854,17.328967931980223,False,1.1739690660809436,100.0
0.000345340318380138,4.63221352694746,False,1.0465849347238358,100.0
0.4363784340173234,-27.082951032381647,False,1.122902186120693,100.0
0.06050202680612612,-12.41867262749237,True,0.9627157724834436,0.0
0.03733562641384075,1.4343465904126056,False,1.0432503355228733,100.0
0.35302620099496085,-25.912837257055735,False,1.0609101128553133,100.0
0.0009854579815216482,22.389693262196445,False,1.2245749301014404,100.0
0.20861100137733474,7.898734494151029,False,1.2320413055812798,100.0
0.22668905247683008,19.310967577912443,False,1.3488134307057007,100.0
0.2743570820787621,-19.160468913276343,False,1.0473600519258004,100.0
0.00044513641085679287,6.020004133206861,False,1.0605359403812182,100.0
0.043936514111863334,-26.827773669565843,True,0.9681103887612781,0.0
0.4440651757929895,-29.703097251136995,False,1.111295479345362,100.0
0.9254007071089266,23.492497948525596,False,1.8125047554092775,100.0
0.03367322810676548,-10.368899954481016,True,0.9792894287239079,0.0
0.027430013383447138,11.513729514976447,False,1.1351401946741957,100.0
0.00267207718867726,27.53235322283549,False,1.2771131912300961,100.0
0.11194701244050043,-14.246218268294895,True,0.9533401952455368,0.011141572224304674
0.12591615288785235,-25.24459127157328,True,0.9156240407737224,0.0
0.003509692066808285,10.476050708092146,False,1.1073394823995122,100.0
0.002563977157348682,26.092347003841056,False,1.2626534895366945,100.0
0.011319311984646141,-4.96111872895359,True,0.9933085542200231,0.0
0.32353866317778657,-17.923947096999598,False,1.0981611080503717,100.0
0.0002357526075635294,25.134549266463928,False,1.2515053808407735,100.0
0.00010612923695993137,4.02518327988485,False,1.0403328979019981,100.0
0.05930669232281857,-19.16605563019258,True,0.9607735237378059,0.0
0.22557453860794555,-29.688630034892945,True,0.9181890823329746,1.4403956586895195
0.2120589338781112,-11.547840548781139,False,1.0606767061179279,100.0
0.0009904290393703368,13.457594243813496,False,1.1352915074579084,100.0
0.00044684108959675977,23.74851641013374,False,1.2377904092666052,100.0
0.016554103042336815,10.474310950452647,False,1.116896796577644,100.0
0.012376242884060706,3.6998734617318334,False,1.0464633311220377,100.0
0.1306116119908183,-6.656029990282278,False,1.039224454222826,100.0
0.005179430198806762,25.46496015788302,False,1.25815510444537,100.0
0.21651611779896185,-11.35306223153544,False,1.0659933893881015,100.0
0.08455596630056435,0.9050124820205028,False,1.0744988230695034,100.0
0.00021002226312934365,24.199081611967557,False,1.242133950274139,100.0
0.13949232796009453,-28.72513888129671,True,0.904091146335329,0.0
0.3294352887734361,-23.97479599559409,False,1.0555318226251629,100.0
0.0028752976945234025,25.93094203879091,False,1.2612510769098726,100.0
0.06949579727667181,22.78694077342341,False,1.2753481550400807,100.0
0.00022717662044030557,22.468423195418247,False,1.22484047288953,100.0
0.05759148303341282,-24.867234179493657,True,0.9594889041388841,0.0
0.15092045676012716,-10.299549322360079,False,1.0220874193625988,100.0
0.2976765371746038,-21.3046158980888,False,1.0495980889689878,100.0
0.0005180409317072178,10.83809971199004,False,1.1087609384129165,100.0
0.0002186847378092359,3.000171401436795,False,1.03016981169832,40.116613747769094
0.00025036865675689686,14.425652361830778,False,1.1444364333156964,100.0
0.0020857115986606754,-18.304821819845845,True,0.998574912049311,0.0
0.08175470888360323,24.18581685685632,False,1.2972503854707407,100.0
0.4845906557052069,21.28845130347122,False,1.5338618238767088,100.0
0.00019170498160264466,8.735147332814556,False,1.087493813460197,100.0
0.05094017184769222,-11.854490238668827,True,0.9685752414219666,0.0
0.18243733257265338,-12.288216502289995,False,1.0299519713761247,100.0
0.26778079773674773,-26.45988977585922,True,0.9824315275597484,16.60468565959907
0.09814212635446426,-29.597569990465843,True,0.9296185329659821,0.0
0.12672048095693372,-12.513861877297192,True,0.9817998555963737,3.0921377310399567
0.08855416030209902,22.17866293149399,False,1.2823923424178543,100.0
0.027080917596696813,-0.08943969590784207,False,1.0202917222588774,100.0
0.06137467642270543,-14.470371811067773,True,0.9613968888019329,0.0
0.22092518719259688,-13.656819159598793,False,1.0495186109115966,100.0
0.06643294225126627,-5.844394593083077,True,0.9953664753376563,2.869555095251841
0.2061716566430776,-12.725325421562548,False,1.0455499305227511,100.0
0.35037848729979654,-20.399302492795755,False,1.1007571370764884,100.0
0.00045378996997438165,-0.16588056622319414,True,0.9997425032915876,0.0
0.28253360954960344,-20.2437388623207,False,1.0453787789139337,100.0
0.00036148442529554734,-20.538120356549403,True,0.9997467623808778,0.0
0.04247962815983733,-14.876132636065018,True,0.9728007862954273,0.0
0.0639103471637571,26.46144943415002,False,1.307465599940678,100.0
0.005701749834082342,24.74873643845605,False,1.2513606314949965,100.0
0.00038714661996637446,23.89192842633291,False,1.239183553376932,100.0
0.16224230455789804,-24.934176101396858,True,0.9006462803186809,7.860379014346108e-12
0.0016326354462206415,1.1975285956975945,False,1.0132443651428422,0.0
0.0049825476419054415,0.20967445117311456,False,1.0059932336196773,0.0
0.09170495637635895,-6.2853383846867175,False,1.0114920195486539,100.0
0.014286689652402698,-13.116912931352655,True,0.9908357180261348,0.0
0.0005426261819785579,0.9961052011266673,False,1.010383413128035,0.0
0.06063118536160249,-27.347721278802524,True,0.9563030103432186,0.0
0.28945583533191976,9.283824697606512,False,1.3018215960528032,100.0
0.05025852247348656,20.446915051873155,False,1.2392863013013753,100.0
0.33777677835422926,16.815644835529547,False,1.400801104737298,100.0
0.0003082726810227719,15.839562162910397,False,1.1586153951956069,100.0
0.0011116851940243192,18.49167466883666,False,1.1856977636385675,100.0
0.057307710330183996,7.16656380716401,False,1.114442589605081,100.0
0.0017766326250079404,10.269535711542417,False,1.1040025705243526,100.0
0.022490932614071226,-1.465739801886535,False,1.0030998981302786,0.6418296902185538
0.25779788972314055,-24.129669230998118,True,0.9924850446811714,20.7253912012062
0.25062380870430967,-17.746951464364447,False,1.0392130002531346,100.0
0.0003866505581903654,23.949337191093868,False,1.2397572230530114,100.0
0.017268517740928177,-17.396208159930886,True,0.9884402175789995,0.0
0.0968881329185713,-9.346561235530977,True,0.9867113177143128,2.255049054510594
0.13280638057542457,-11.810359931444541,True,0.9933429239208065,7.825457602688224
0.00010209910527915246,-0.5625894563172871,True,0.9999418210932765,0.0
0.004996180217137743,-0.694755721616815,True,0.997158583959594,0.0
0.12460557294421135,10.524958779709422,False,1.1959567215891802,100.0
0.004241033637910032,4.541642027222814,False,1.0486447501949028,100.0
0.4442165489597404,-27.758316378561418,False,1.1247579312235982,100.0
0.13101811790171966,-16.610196982279902,True,0.9477826994195804,0.04828855886027661
0.04859533725387668,-25.491257976326963,True,0.9653539056151758,0.0
0.45239678223748025,-29.13802315256436,False,1.122162554335574,100.0
0.0016120389812440486,14.49300644875585,False,1.146087899443956,100.0
0.00082895620292876,8.57801935690582,False,1.0863962346631417,100.0
0.2278165517766068,-13.326141931918162,False,1.0580266389251742,100.0
0.021578339022939895,3.273716750782768,False,1.0492720043490162,100.0
0.00380094288767157,24.998577178185357,False,1.252564778280794,100.0
0.00751212944469187,2.203909967078573,False,1.0278393770994125,100.0
0.15659977421695473,-17.665290558595103,True,0.9601752675512023,1.532070989528278
0.001100559404528259,29.53208380943549,False,1.2960505841740964,100.0
0.03040011414487007,12.123066180862871,False,1.143317428831402,100.0
0.0002906385952236702,0.032891045594077184,False,1.0005565251949728,0.0
0.17872032057604764,-13.567822195758946,False,1.0154751790543086,100.0
0.006777719370587537,1.282981802253623,False,1.0180936286008682,99.38909755505239
0.00010531461827231822,18.73532476775398,False,1.1874271436062802,100.0
0.15529828722007544,-10.835022851525956,False,1.0207872801264875,100.0
0.09193707700069875,-11.667604128657814,True,0.9606936163033131,0.0034637725496278193
0.0034085780889203054,29.106883125323527,False,1.2933334498960491,100.0
0.012304141054422619,-5.077939350723792,True,0.9927226514789055,0.0
0.25775013010716225,-24.515862481483417,True,0.9892954711747801,18.80798131636223
0.10362636130696867,-20.928142727639507,True,0.9324640747439468,0.0
0.1603883773069432,-20.130997796592325,True,0.9414323634311539,0.3756164972840148
0.03688256214034966,-3.877750291730898,True,0.9907749478970966,0.05692029690838041
0.028612476340922934,-4.898923093327962,True,0.9832951596745443,0.0
0.00139546567639624,13.062001031433098,False,1.131630444518053,100.0
0.31583786102332073,-21.297203741015277,False,1.0649638159558275,100.0
0.0009567450002837904,13.807392405824892,False,1.1387637881875488,100.0
0.21819721233624148,24.068005924687583,False,1.3869280835732651,100.0
0.05343694906094693,-4.665191483465058,True,0.9963353381696136,2.259619900500942
0.046474534443637645,15.280469686402462,False,1.1859342282562322,100.0
0.323208459861113,-20.38588577075096,False,1.0783332880542198,100.0
0.03639758723026747,24.839768576549588,False,1.2730578895370324,100.0
0.3840500995282761,0.9976712842645199,False,1.2982059534911128,100.0
0.7901858747072261,8.650050341007784,False,1.6264533670656363,100.0
0.34845628150807145,-20.8638301703042,False,1.0955696640994046,100.0
0.05718784674147741,22.37122560286585,False,1.2629046809924311,100.0
0.02042274675135546,-25.86024962597468,True,0.98507124729754,0.0
0.03825039617480007,-9.590521120214635,True,0.9767358214002614,0.0
0.4339495973784526,-27.572256983490707,False,1.1174554812777453,100.0
0.233149208370266,-25.204801911035553,True,0.9619358058563302,6.940750387057482
0.06721868056896162,-11.454069277911053,True,0.9591790635327799,0.0
0.00037470712547206313,18.953334664859767,False,1.1897959507601916,100.0
0.09091975742706827,-9.143582864083964,True,0.9837356320205528,1.3035283977041567
0.0014986606769749385,11.690119227539377,False,1.1179948814143428,100.0
0.2577906977694626,-27.15065527480068,True,0.9679974981751664,10.657891891632953
0.002345183604438644,6.676613366399906,False,1.0685286094452493,100.0
0.1326092123464771,-18.961042343094427,True,0.9277128301486925,1.4177061524733858e-06
0.09213542102072296,7.544591550760934,False,1.1438808198429276,100.0
0.14995386703607436,6.0902210843132565,False,1.1727091907025236,100.0
0.044460832700987524,-20.208114879981053,True,0.9699417527784062,0.0
0.2178364146507613,-11.859364546051392,False,1.0626387280108058,100.0
0.0013744658807404789,0.5995674067726746,False,1.007068141041862,0.0
0.12222039093421394,-24.156961582658717,True,0.9187911703074125,0.0
0.25012531441387975,12.689838484229426,False,1.3047010728699562,100.0
0.018899057795709304,-4.543672497462225,True,0.988932286413988,0.0
0.000536366124469029,15.334398907419633,False,1.1537274465643887,100.0
0.1936650582873112,-13.312726898968403,False,1.0300997268933914,100.0
0.010225013575603762,8.59031940855018,False,1.0934966582173495,100.0
0.1281771102906968,-17.580749929312773,True,0.9364588537609018,0.0005892782535710239
0.00046844517345353073,28.886047856922815,False,1.289172119366022,100.0
0.12217023983398645,12.28697890877865,False,1.2109250298513001,100.0
0.2895897618352645,24.5840606858671,False,1.438149097268518,100.0
0.07604259381941311,-20.21180466609482,True,0.9497784874092119,0.0
0.0006014239223484664,-3.1642123779547937,True,0.9996483210889524,0.0
0.026764877006532278,-5.415670973117329,True,0.9842722140944733,0.0
0.2646393259871886,-18.85996542848177,False,1.0416804697020983,100.0
0.0006780078319940048,14.31155230592993,False,1.143603024297875,100.0
0.09637891139508822,-16.743764653572494,True,0.939514677194832,0.0
0.1909014544966398,-15.73985464315452,False,1.0064001429679863,100.0
0.21033079194536866,11.36120614169819,False,1.2648327893610896,100.0
0.016512390732465784,-1.4019076646975464,True,0.9990180530423171,0.0
0.003558878913794137,3.996227159628212,False,1.0426805298883854,100.0
0.12790766569545725,-6.8619412492819265,False,1.0351454809647038,100.0
0.09917273919268997,22.137658072898617,False,1.289207782205852,100.0
0.09038856433429479,-8.527427898203516,True,0.9891429885288352,2.4507843693089004
0.0006970520456638501,28.79948354777723,False,1.288458756875807,100.0
0.07475715165371809,-18.521833548425576,True,0.9514434879561133,0.0
0.0004848576396716661,1.6789719314044937,False,1.017165496678344,0.0
0.00019068964790971868,4.683345100468152,False,1.046978519487538,100.0
0.0003740153976399337,2.2070431219531983,False,1.0223593477987434,0.0
0.06897441042839893,17.236458021125173,False,1.220921527956162,100.0
0.16823547123481383,-17.29971479177826,True,0.9734047757635023,4.182980523560564
0.3009528617343517,-28.14136537307003,True,0.9985951563191449,30.362279660313174
0.39419262483571493,16.70053589575977,False,1.437094806599932,100.0
0.08571941633960717,-21.598318376083334,True,0.9429760217062799,0.0
0.20134821674434747,-14.933646856621001,False,1.0222094825631156,100.0
0.09201554638487255,20.281850444893365,False,1.2664179397234958,100.0
0.0018171527092719721,29.325719589403448,False,1.294463288404516,100.0
0.0911514578559828,19.865991446015826,False,1.261807799346558,100.0
0.0041179308704007,13.042751731284113,False,1.1334090333062354,100.0
0.009650036155899475,26.346175073465417,False,1.2699613256628857,100.0
0.00040504263880925846,21.091125405205545,False,1.2111918672452984,100.0
0.47170694583946177,8.904218063363587,False,1.4235957738286513,100.0
0.000236096917677092,10.548273831884956,False,1.1056561906171123,100.0
0.31634353001626775,-17.280091863120028,False,1.097432639244302,100.0
0.04095821071152458,-15.537907148374332,True,0.9735650083797135,0.0
0.0044305488868905145,3.5593976552983477,False,1.0389869304481143,100.0
0.00015204740919993773,28.006532439671673,False,1.2801669316188276,100.0
0.2561535871974697,-24.90171391575644,True,0.9847521047413103,16.38490685950158
0.08783475392315203,-11.26034827418513,True,0.961126764095043,0.0013993061369621529
0.27918827835844884,-25.947557474244427,True,0.9965881025850519,26.176173634826583
0.268403502910206,-26.976167988198938,True,0.9788553664625492,15.281136287778029
0.000528512621916806,28.169001706356404,False,1.2820428997600177,100.0
0.0001601005430026023,21.541447132768127,False,1.2155251244493976,100.0
0.2251553152279583,15.927265485835434,False,1.3168287946294452,100.0
0.01723256081524442,-11.935965178703118,True,0.989103335657994,0.0
0.138339467916964,-13.504408795277673,True,0.9823992096293108,4.078239067778511
0.6970889368471771,-0.0028277061764043765,False,1.5056949158516435,100.0
0.17424606192427558,-15.964784600474465,True,0.9903875619937011,10.352017071012165
0.005751105865891537,13.20732440901088,False,1.1362328889926319,100.0
0.10703172548943349,21.60052025200445,False,1.2893754460313473,100.0
0.09317709741595916,7.628502310270861,False,1.1454534007691137,100.0
0.07208284011543532,-20.448413360387466,True,0.9521343496107271,0.0
0.005809553754458718,-0.6141430017511595,True,0.9984255426164779,0.0
0.046859515277007005,-9.746082171579275,True,0.9716267696346683,0.0
0.18008230295839206,-13.749600239940804,False,1.01498588237388,100.0
0.009413783796935147,2.5889936022737885,False,1.033140163060977,100.0
0.00012380851775522245,14.453785439960939,False,1.1446268072965955,100.0
0.0012229674777557548,2.741315584069987,False,1.0283546714592653,100.0
0.051213446512303605,-21.681037931433977,True,0.9650084301937966,0.0
0.0021582739103199514,15.944904355699627,False,1.16098662947231,100.0
0.2750548916356708,-15.155954624438268,False,1.081090989497613,100.0
0.023984683711161102,2.728340610032518,False,1.0457213010084616,100.0
0.15242278612263266,-10.604487022093792,False,1.0205336299470151,100.0
0.1636803300792062,-15.85439725540198,True,0.982442714290454,6.134445581445691
0.00024107868832860834,11.024982442467333,False,1.1104264484645021,100.0
0.20926681292434282,-27.464836180984094,True,0.9216535536163901,0.947725409400002
0.00042721997347605167,14.99096122130252,False,1.150215628208329,100.0
0.004256627398286584,3.212566689364742,False,1.0353924610634646,100.0
0.06139651082699242,-29.888840091370213,True,0.9545476327791864,0.0
0.016046597847648756,21.82779472222626,False,1.2293396053150458,100.0
0.053611816904548845,-24.345507025323094,True,0.9623851265573192,0.0
0.012192216653284819,11.303419533258584,False,1.1219452733745041,100.0
0.0005795118629174638,23.444001651747016,False,1.2348365213740757,100.0
0.22809008785010376,-24.90559372583872,True,0.9599288267333338,6.158417595010701
0.25530926812208704,25.508006801955034,False,1.4243565761050936,100.0
0.4897370687032061,3.2953668618179606,False,1.3909175416048454,100.0
0.0068824319836550294,0.44652997627208535,False,1.0098387623513136,0.0
0.1020058345039998,-16.95928622140638,True,0.9361084828759614,0.0
0.20690047385041851,-24.246275527229933,True,0.9466489779922002,2.7618338894888073
0.000257023870169242,28.61383407285252,False,1.2863095687072115,100.0
0.05802592110179339,-27.377200984511123,True,0.9580841528864057,0.0
0.23749315127937076,-23.98943515993584,True,0.9758437301140995,10.868495371020416
0.10628259633148451,-9.94616762351773,True,0.9887834226963157,3.508907647122439
0.41612335066353734,-24.783554834161357,False,1.1223663681919265,100.0
0.23613492285228438,-16.89339755087496,False,1.0343093486438262,100.0
0.2139623296341743,12.80567105389369,False,1.2805766730319652,100.0
0.02631859691912584,-5.562697993448921,True,0.9845067130164636,0.0
0.040800177538226276,-4.1443844650934665,True,0.9912958802371699,0.2091560215288668
0.0008102998516667646,-0.26328735718538354,True,0.9995398679594595,0.0
0.07049652404380409,-12.239663230054887,True,0.9569456456565555,0.0
0.0009377694437791133,22.451662577371103,False,1.2251616038556759,100.0
0.04144000040897282,26.43003252371347,False,1.2921362001110654,100.0
0.189785631797757,-22.45911001448141,True,0.9468077150806087,1.85989625196461
0.2810293767747963,-24.988732177226833,False,1.0058402400469262,100.0
0.3032508082770659,25.92191647259027,False,1.4589575354664435,100.0
0.0812401578877191,-22.10532282805017,True,0.9454836921498906,0.0
0.44814277593175,12.413466721617937,False,1.4366395190508667,100.0
0.007235315846697325,12.65719976314243,False,1.131821022174348,100.0
0.05661362656485911,-4.1012901820474,False,1.0043482588934154,13.498502248267052
0.08044718033900561,-17.49443225233294,True,0.9485186137215948,0.0
0.5644079614690688,19.69841138938061,False,1.5706784696880183,100.0
0.5674817211603259,27.15706812620983,False,1.6332828073903038,100.0
0.0009789863289039137,13.168862265471269,False,1.132397080197441,100.0
0.16477123147512374,-11.329737416346116,False,1.024061395596783,100.0
0.08077406624420808,24.42098222379751,False,1.2988744339069587,100.0
0.275401701846176,-28.47162390976215,True,0.9732404257422861,13.95929047140363
0.06874970234026173,-25.88982136295974,True,0.9515212493066434,0.0
0.0010968157056462135,9.087966675865069,False,1.0916923112734827,100.0
0.1689198009241444,-13.913918448799908,False,1.0042330898438052,51.05724175424031
0.05342332274690592,-3.71779727430226,False,1.0055291205302255,18.26721105615445
0.00018087100650944376,20.838058753840933,False,1.208506066472196,100.0
0.014885409331341679,-3.770359892927363,True,0.9913268283804587,0.0
0.0003625448927015939,1.4597009780161798,False,1.0148783814051996,0.0
0.09803644056191359,-23.960224666312214,True,0.9337699407912902,0.0
0.0002461611198558466,9.978018124057144,False,1.0999616279166993,100.0
0.36754612192939234,18.71939059689344,False,1.4369974455067025,100.0
0.26560337151153035,-21.90052067924192,False,1.017457420472008,100.0
0.2916009110447395,7.674702668197256,False,1.2892097842945875,100.0
0.0006121252673733528,8.523673614765656,False,1.0856917910824553,100.0
0.011195322706026785,-1.6740036285937485,True,0.9935969696836063,0.0
0.20882689669037757,-21.63553239609366,True,0.9705767640321558,6.7430414291464125
0.005747637744156698,-6.420292031976366,True,0.9965383144182687,0.0
0.040759381408490516,-2.126722532583443,False,1.0110091449372525,98.06065149156957
0.0002864023187313039,-0.6783339327612552,True,0.9998366307459574,0.0
0.0009072592681205748,15.368710892189945,False,1.1543355842702523,100.0
0.5169522367267504,6.489372134406857,False,1.4346164089414069,100.0
0.006712358963736104,-12.357860052531862,True,0.9957053156398523,0.0
0.03176297097428089,-20.856103538705856,True,0.9781759573755953,0.0
0.11560270344872838,-10.033561920368609,True,0.9956240391693432,7.518457136335521
0.057722642538068615,2.0353237249323044,False,1.064809497536471,100.0
0.004720473407368101,18.56383712332525,False,1.1889526446453553,100.0
0.00140817926927415,16.07764139539765,False,1.1617789324248058,100.0
0.00019059925625138034,23.160653707058728,False,1.2317371440156035,100.0
0.011612561764166257,-7.864731470967843,True,0.9929306452841926,0.0
0.4488636835999638,16.553853648607458,False,1.4715394831684392,100.0
0.07100559063307488,-26.952123543751327,True,0.9494458687040277,0.0
0.9561362898781766,24.78567418660011,False,1.838970306774723,100.0
0.00016890051857356824,15.221088571847979,False,1.1523317150006829,100.0
0.5520896726504666,2.6325685574417577,False,1.4283056944105883,100.0
0.4686187212236199,-27.904526893553637,False,1.1440612958882632,100.0
0.342365577474511,-24.18792889202494,False,1.06488963833329,100.0
0.16771987922782405,-26.967603816407923,True,0.8893027976484026,0.0
0.1429396580999389,-22.025712853900462,True,0.9091235090777076,0.0
0.14739721564548536,3.598236348620773,False,1.1475813656753195,100.0
0.002158513902255818,12.67932171675664,False,1.128359491202602,100.0
0.1302920645753059,-8.003007535854639,False,1.0264687461175694,100.0
0.015725782234169882,17.302329786464135,False,1.1841326397888794,100.0
0.007706654013788855,-11.320706376040473,True,0.9951253168520319,0.0
0.0005778255161956135,0.7500701266953733,False,1.0079511601109563,0.0
0.13245089378373776,-12.828225930218366,True,0.9836812914690028,3.9780590096962776
0.0002045935651197538,14.24521011892319,False,1.1425992676021757,100.0
0.03037415185040507,-23.905595730703148,True,0.9784183307049309,0.0
0.08691777133153104,17.966928210775123,False,1.2405292565327104,100.0
0.03095591966440144,0.2903213126055917,False,1.0270556745516213,100.0
0.0112573217288407,-7.333467865775333,True,0.9931823457951667,0.0
0.00014058605383133183,4.675870412203501,False,1.0468656611775973,100.0
0.00014537979324261486,9.654668718843034,False,1.0966540505551905,100.0
0.0036714156421610807,21.31438317074214,False,1.2156837942522725,100.0
0.04365618266067077,-2.227196082677981,False,1.0123134661927695,100.0
0.1511973883033939,-16.34250209294858,True,0.9674578414256634,2.1041560427188077
0.31145912345682203,-20.17080936435378,False,1.0702412929093807,100.0
0.09430636539385928,-10.702519756594743,True,0.9717792221085201,0.24167491713582567
0.1401650937956956,-18.604619585312246,True,0.9375217438196353,0.014210673225667492
0.0005508673415322369,5.695641564015212,False,1.0573729115168566,100.0
0.1477603524682264,-20.986864430993027,True,0.9227082992726513,0.0001892466735986531
0.2029880842543452,-14.868358506105498,False,1.0241453500019735,100.0
0.0033144256941112773,-1.3814423963732168,True,0.9980998688609495,0.0
0.15387601522354602,15.489049947530184,False,1.2635216890936805,100.0
0.0010463630380095877,1.1872640829555792,False,1.0126860833031621,0.0
0.09162493885035457,-8.30323007746496,True,0.9922781517924173,3.604989828167371
0.0007754683834958953,-0.9489199120579457,True,0.9995566017998496,0.0
0.04289456942571701,12.358812972890277,False,1.1546828642854945,100.0
0.013463352740781307,-3.046176070572539,True,0.9922049000714985,0.0
0.030195806467940633,-14.44940974718375,True,0.9805811879131994,0.0
0.7224170752410541,7.0632447179166675,False,1.572756107186778,100.0
0.00020062153593023593,3.4907168907118944,False,1.0350609146638508,100.0
0.037113459283597376,-4.662967976455377,True,0.9832629000072446,0.0
0.0002417661632711207,6.590054903264559,False,1.0660823630094884,100.0
0.19200746343046335,1.4073331923953525,False,1.1608198324792705,100.0
0.10855635579416634,-7.989669457694518,False,1.0090048992747414,100.0
0.23078714003461806,-12.222826136746757,False,1.0699853891002054,100.0
0.0011477700217240512,10.969160345508286,False,1.1105327276369057,100.0
0.02443956619528393,-1.6629080311037647,False,1.0026887062738863,1.673723177407771
0.09265653981412121,-8.54597998003041,True,0.9908193620457377,3.144237529660998
0.3434526668115697,-29.175557405683495,False,1.0282681239707916,100.0
0.0007463825563295718,24.61888931592484,False,1.246696434828282,100.0
0.07820144278979327,-17.067330776098153,True,0.9500937072647949,0.0
0.3184883092288626,21.633175956237324,False,1.430519889304352,100.0
0.00022763814900935358,23.498560042389045,False,1.2351413106218392,100.0
0.0018927471381848164,24.04470582632416,False,1.2417378959435275,100.0
0.010271729166097428,24.778911376436938,False,1.2547635291000285,100.0
0.01789555276960939,-1.250783056779028,False,1.0016062048599328,0.0
0.16101960651289673,-20.14640089751355,True,0.941846737346566,0.41072537105162343
0.0003680806358913476,14.937618633612786,False,1.1496399208188708,100.0
0.24920586252646576,-13.66304207531384,False,1.0725898070176874,100.0
0.037848797472169994,10.775029157841473,False,1.1354485176387619,100.0
0.11924207379581597,-9.314539362509642,False,1.0053073121834344,44.55367984879395
0.10789271676588358,6.007833136627994,False,1.1408537578975897,100.0
0.007377446673689956,-1.391354909330886,True,0.9957816786991093,0.0
0.0023341768006857515,12.700814601966165,False,1.1287016584917575,100.0
0.04801021627454663,-11.415377578136592,True,0.9704541524651377,0.0
0.06397313911958512,-13.230274706484195,True,0.9603465221993606,0.0
0.5618318927539248,23.830278770590056,False,1.6026252612272556,100.0
0.17752798834872255,-9.750771447435078,False,1.0486724999085415,100.0
0.023714536391577976,2.60415029025809,False,1.0442861513681219,100.0
0.028585652417778995,-12.889074989000882,True,0.9818911301108255,0.0
0.008645703406330713,12.834388181013978,False,1.134609182926535,100.0
0.2719941760896248,3.3046360467003666,False,1.2368648578518295,100.0
0.052748218811455916,-4.213667567985475,False,1.0001715605139807,5.065966116281739
0.10915675037842415,4.684579399750405,False,1.1292159152986427,100.0
0.013230665723563165,28.173710023208898,False,1.2905630857975985,100.0
0.003788326058556319,5.058555614832642,False,1.0534602879660189,100.0
0.0010979386080837803,20.669617945177365,False,1.2074585131478437,100.0
0.12904283937189356,11.759784818408555,False,1.2108342254505808,100.0
0.16193677404531662,-17.36969476798948,True,0.9673967265027057,2.708664485961787
0.00011686742713464005,28.88162230545865,False,1.2888939746430765,100.0
0.4797853467260633,21.502158292180198,False,1.5326264266838672,100.0
0.12088875816829484,-7.207332733269148,False,1.0262907132489003,100.0
0.1969231455267153,22.036553415269175,False,1.3540258456717145,100.0
0.11514618535806456,26.538952934354448,False,1.342255229710453,100.0
0.25765028973478654,-20.563430015966887,False,1.0216621682615892,100.0
0.03693563067926955,15.040621005779002,False,1.1767893681993908,100.0
0.014306415724902903,27.808090291893272,False,1.287641590455901,100.0
0.19005037226389018,-9.894286882128075,False,1.0574987897389465,100.0
0.0470442181039406,14.06796914372164,False,1.1744429887570207,100.0
0.2847317885299194,-28.197008736845213,True,0.9837411242805909,19.202505224374434
0.115025026291791,-7.428533105801172,False,1.0194984846976793,100.0
0.07815076521483738,5.006451342144139,False,1.1090694451862013,100.0
0.0505974186720268,-15.50568146237251,True,0.9675812046082459,0.0
0.23001460829147116,-25.04679663057623,True,0.9604629975917688,6.407106001743523
0.00010996104313958159,22.284168355661983,False,1.222917383798612,100.0
0.3417648191891044,5.356752038840803,False,1.3046481809682844,100.0
0.00034803647441718314,16.315023422480728,False,1.1633977017532975,100.0
0.21063561010118148,6.669615232672413,False,1.222332813270517,100.0
0.026163237860966884,-1.713557742316862,False,1.0035489040720864,3.8277889026317347
0.012656749992801634,3.5201182385898733,False,1.0448908420918201,100.0
0.002932129230666762,17.502374946136996,False,1.1770946463591163,100.0
0.06942808389638638,-22.784018214253766,True,0.9526560354604265,0.0
0.01280581999492924,-6.951196578283724,True,0.9922829806777451,0.0
0.09804463553122778,5.573935448966701,False,1.129393470753768,100.0
0.007516695932457845,0.7671446156548605,False,1.0135279370848513,9.806205817676904
0.03050595049970504,14.476305127717467,False,1.1666325432564948,100.0
0.27198752902867745,-16.5757468971957,False,1.0667551683677365,100.0
0.0006015279911356932,21.940500237182036,False,1.219819853036338,100.0
0.03218800690567499,-7.475556760503956,True,0.9807588393485713,0.0
0.0010792043532473015,2.768731860268069,False,1.028518022805703,100.0
0.055487022950993656,26.743805002539453,False,1.304610802367887,100.0
0.08878028074504436,-8.318674701503543,True,0.9898113801628337,2.532373009011457
0.0006747840795430149,0.22872883032931668,False,1.0028150753260696,0.0
0.0029828775413027067,17.311300307380044,False,1.1752219476358146,100.0
0.17518121758152946,-9.119187744709514,False,1.0524643177933282,100.0
0.14448448262940508,-10.386120159914128,False,1.0160364092471637,100.0
0.006528262892075312,-6.754920469166844,True,0.9960568268889003,0.0
0.14962946512570907,-29.20535651778087,True,0.8974400737047376,0.0
0.08047483957863835,-15.528782283877732,True,0.9495350398721836,0.0
0.19592501090772643,-10.809510264638003,False,1.0541074257664012,100.0
0.004216192485728118,22.1233333359989,False,1.2241375468220848,100.0
0.0005486930440956522,19.344454510600087,False,1.1938282638946693,100.0
0.49608176547220073,0.4653500100958077,False,1.3730915240261845,100.0
0.0015395794036381994,-3.3033141295301576,True,0.9990990458197145,0.0
0.050852428568070006,-14.0852358940361,True,0.9678992157145415,0.0
0.10523562434987391,-7.587351937275759,False,1.010097207022165,100.0
0.001500326081617949,-0.1498941620793417,True,0.9996773226034109,0.0
0.003378161636606277,26.378719830477735,False,1.266063090484369,100.0
0.04807862863568304,28.007759198959192,False,1.3120968410014777,100.0
0.06537294995563471,-9.972262952259808,True,0.9608415520694292,0.0
0.0031133349817491947,10.277995732112913,False,1.1050703771504389,100.0
0.05411365647651167,-20.04863311782836,True,0.963736346373296,0.0
0.37836676312575057,-25.4633846563223,False,1.0858035130812187,100.0
0.14298047158786373,26.81944472169637,False,1.3632867391857553,100.0
0.0004800321270783204,28.03520716486714,False,1.28067280389759,100.0
0.1413638560920121,-22.113113005751725,True,0.9093873537865164,0.0
0.0006526076990726654,15.40406174001145,False,1.1545069931147427,100.0
0.024689020750646384,9.579958741256753,False,1.1140102961901668,100.0
0.14254956571783078,3.903506911945925,False,1.1468085868731275,100.0
0.00043614190514162417,13.988464992879685,False,1.1401988210153486,100.0
0.14071488340759877,-15.354276156122964,True,0.9675119789041143,1.5685694113798831
0.03451585967150596,-21.04934612596712,True,0.9762837329557457,0.0
0.4305372558871351,-28.836325063412836,False,1.1057972725444518,100.0
0.06870275778736672,-16.23334003971622,True,0.9562279896643111,0.0
0.005252369138231212,29.180300325151087,False,1.2952908730334887,100.0
0.08374065882359918,-6.656287018421363,False,1.0015425775758617,11.72382035588786
0.03750651093830168,-25.914695959567332,True,0.9729133621423274,0.0
0.19558744006480425,-11.46251604532323,False,1.0480440898504289,100.0
0.34367938005140225,-29.94064349551281,False,1.022810319547279,100.0
0.009558174439460993,-3.640365144125653,True,0.994417940693106,0.0
0.7278049901364032,5.82170089659116,False,1.5671883851393602,100.0
0.10194557555563255,-18.465344030033773,True,0.9351478727512028,0.0
0.022003895660931125,-26.402794851700655,True,0.9838397674860941,0.0
0.1961988764850423,8.053747734958144,False,1.2245218011284615,100.0
0.035282912174084594,22.088173006303855,False,1.2451372612548175,100.0
0.00022757086078289837,24.73691150203271,False,1.2475237739788918,100.0
0.08085851252436187,-7.177767130282007,True,0.9942334582880548,3.5496552669168624
0.048270751639723955,6.220589534732973,False,1.0984663494445808,100.0
0.05845734013417611,-15.185332357474861,True,0.9628811744047394,0.0
0.008668883250725276,-0.47204523524691666,False,1.0020867547064516,0.0
0.08734159117134468,-15.947177372627728,True,0.9452692617341802,0.0
0.016488647811693857,-0.8719208523986453,False,1.0042547695862514,0.0
0.011407246571566446,10.034413180510825,False,1.1087434828516536,100.0
0.0024797252347726726,28.534568203443158,False,1.286998073960818,100.0
0.025273404674616983,18.332408374903096,False,1.2010660253774053,100.0
0.00010036941902640949,20.009389941256472,False,1.200163841491894,100.0
0.23698189348972654,-26.871711710513107,True,0.9516238287564228,5.492349395932239
0.00029263670961192785,26.327957046020153,False,1.2634768152061624,100.0
0.0002892259479307571,23.651434724695527,False,1.2367120254571013,100.0
0.4175133242378363,0.31568896200586494,False,1.3165485812101407,100.0
0.0006677211436896035,23.578793896249458,False,1.2362444708936746,100.0
0.3760038724073769,20.061952648757448,False,1.4541333685278757,100.0
0.000905213625616748,26.82541811309973,False,1.2688627337520662,100.0
0.2416523910501384,9.07381955028766,False,1.2662594509827676,100.0
0.0004676047359767771,21.726469990096383,False,1.2175875589451532,100.0
0.0545478222860738,8.454459904666578,False,1.124959655561536,100.0
0.034716504713378345,-3.33076709261875,True,0.994413355763194,0.3671250383741498
0.02434974130409706,-1.888894108886781,False,1.000386209733519,0.08306722916218146
0.21278361003759175,-12.428571529391142,False,1.0535537637599874,100.0
0.215848200723516,-18.29539040147712,False,1.0052364711514874,89.42528207900328
0.000603754747494694,23.922083799376644,False,1.2396328942372172,100.0
0.8504301498061475,2.3775564561643208,False,1.6202690336567767,100.0
0.006519086428735851,-8.128101908933381,True,0.996006639985171,0.0
0.03904429573260541,18.494403814381386,False,1.2123021769464435,100.0
0.05414671956590974,-20.02148885208176,True,0.9637254360818076,0.0
0.019139320292237694,-22.70152080121253,True,0.986463817550453,0.0
0.2740092065812673,-24.613327398981248,False,1.002722638529111,60.26327964402576
0.0019011767421483197,7.27103255657174,False,1.0741340871813847,100.0
0.2665912605519996,-28.299057643682954,True,0.9666982160645902,11.130340812965578
0.27667675029906125,-18.81073115757353,False,1.0521783715050514,100.0
0.00029244702712255397,7.2731160102716785,False,1.0729501894912679,100.0
0.07728223161292465,19.681286675087563,False,1.2504635194406766,100.0
0.0010215071057672284,23.705503949333277,False,1.237752979592277,100.0
0.22263366493347564,16.11265077344926,False,1.3167951001521467,100.0
0.015396991464443451,-6.74506041715772,True,0.9907574739417006,0.0
0.0006822013481770003,19.04125366832269,False,1.1908904025093776,100.0
0.0344895138456103,-3.4583141194010807,True,0.992980252541699,0.141604906665993
0.01823284443858358,-18.352994588435894,True,0.9876794410339615,0.0
0.0013222264301394717,16.188258219741286,False,1.1628233366520442,100.0
0.15851601198284093,-19.924045837773708,True,0.9416402323270712,0.33503533736003455
0.010446140377401669,5.953746488043265,False,1.0674180281845078,100.0
0.11806143855342012,-6.174121582649526,False,1.0336784844055864,100.0
0.015834953966690584,-5.9340085229883215,True,0.9905754735374657,0.0
0.11829055519359565,-12.83622567585676,True,0.9717758220374655,1.0229101422098763
0.2247504929046616,-26.42009468770643,True,0.9443613491335874,3.6053045313545695
0.0070576258003718605,27.76692103695614,False,1.282389057111692,100.0
0.04281794541587211,-2.2121764549785112,False,1.011798397778786,100.0
0.38994114366760274,10.950016079876072,False,1.3854143882243668,100.0
0.05982533557552991,-7.506610980251338,True,0.9739690488811299,0.0
0.30180161951072876,-27.95807954674177,False,1.000763269697498,39.54024806427863
0.00015019228438561217,18.54252601088593,False,1.1855307555876846,100.0
0.0002471672249703506,19.491711215303255,False,1.195089830003152,100.0
0.05807506041906639,-7.868069095775688,True,0.9690450366449911,0.0
0.30461988316909944,20.227687031280723,False,1.4089489134662252,100.0
0.0010640801540454162,16.837994320363187,False,1.169134325794552,100.0
0.15979338150783445,-25.32432896844209,True,0.8956491889127522,0.0
0.24847797781348882,-15.584033703292093,False,1.055675783679955,100.0
0.0008834737048242817,6.149002670604801,False,1.0621561567949718,100.0
0.037554118616002,4.250543222471563,False,1.071077333814751,100.0
0.3470089578287447,16.68349791046174,False,1.4057849823733786,100.0
0.0065058108107988386,-1.7136829092456125,True,0.9962658327263005,0.0
0.01817140949736911,-1.6210869105198285,True,0.9981548259733295,0.0
0.2062054868562116,-17.076606565007268,False,1.0075988714812614,100.0
0.0001428049035672844,19.19509061778401,False,1.1920508578090088,100.0
0.0006997452869649377,25.29025484887633,False,1.2533767194973684,100.0
0.014596516949163175,-0.8303008499376041,False,1.0031805882326619,0.0
0.008935712958926024,-12.851345067493188,True,0.9942623371800883,0.0
0.35066105632968425,-21.06330270515193,False,1.0958544494329907,100.0
0.4072282336897781,-26.099168616755748,False,1.105475482081606,100.0
0.008786141545597138,9.405277628062436,False,1.1005471263987194,100.0
0.09229387874780443,-19.438162441094534,True,0.9402648580874333,0.0
0.06149314324480102,3.188223797711956,False,1.0788909727559854,100.0
0.13238145286796926,-9.632731808508815,False,1.013080024238149,100.0
0.06231907429463777,-3.619505463162305,False,1.0135565843357357,100.0
0.2474433684878899,-20.122627056296242,False,1.0166301286711499,100.0
0.008544686772972949,27.980364526879676,False,1.2855111682549296,100.0
0.9657179239019871,0.8892899668959622,False,1.6813416022152803,100.0
0.04048501864325467,29.31991998150123,False,1.3199971089802733,100.0
0.02488481430586291,-28.01493006125403,True,0.9814415939266021,0.0
0.09229652016941435,8.705333378688344,False,1.1551379870508058,100.0
0.0008183654483037952,9.47654648908454,False,1.0953704332827252,100.0
0.01562395475819771,-7.27916145248053,True,0.9905715239317616,0.0
0.049553903164418704,-14.548201103349957,True,0.9685394909731972,0.0
0.021897182236236212,-15.744687723293104,True,0.9856414426256693,0.0
0.31496431473561703,-20.427561801502193,False,1.0711254630557756,100.0
0.021707425453048844,29.195188117350433,False,1.3063490759040928,100.0
0.5629878845923795,22.561949568987195,False,1.5929974938684224,100.0
0.005548803909686341,6.232532663759585,False,1.0665056778730888,100.0
0.11230285629975903,-23.902298036939694,True,0.925005804406869,0.0
0.1395219806451616,-16.243545971423142,True,0.958401673726223,0.6903746876089745
0.020857934900730186,4.613219694738298,False,1.0619847753271094,100.0
0.0053506375718627795,6.547322922917708,False,1.0694967166051454,100.0
0.002708795168962162,16.08112733512975,False,1.1627395289864562,100.0
0.10939656162515869,-15.961769189671378,True,0.9352212564722082,0.0
0.0007853336607089455,6.74421622247948,False,1.0680321852284054,100.0
0.13817234480100135,-10.082421880857517,False,1.0136631795208952,100.0
0.018615024010247477,5.534845628431171,False,1.0694194405774835,100.0
0.024501072709821672,-1.635297945343229,False,1.003009874511329,2.0254541036511586
0.026721013421449332,16.112917882458355,False,1.180115985334528,100.0
0.3427617642955502,-22.4498088740492,False,1.0785679657972689,100.0
0.08202588986209651,-6.447110194505218,False,1.0021548857162679,13.522100867992037
0.40939017860285665,28.929840646957807,False,1.5521589416244372,100.0
0.1458386118847174,-16.092768461812863,True,0.9651544380138385,1.548875232746072
0.002093897204392109,20.01575396125719,False,1.201616419323167,100.0
0.13106106891275623,5.176943788362642,False,1.150191061527517,100.0
0.07505454793584303,-4.91246033987419,False,1.0112483791740654,100.0
0.007095831592463393,22.50270407113463,False,1.2299040439222342,100.0
0.14255297574859843,-17.195767900666524,True,0.9523475788267545,0.42499646645799416
0.15089924518802672,23.5977897678277,False,1.3379637133817328,100.0
0.029339027875162904,1.585110314711816,False,1.0385581582886847,100.0
0.20327968321681855,-13.841096061814802,False,1.0333840782028685,100.0
0.08802405037241848,-7.690564739886689,True,0.9951636097065435,4.643109104045151
0.001130582834531615,12.889607281328388,False,1.129715526880487,100.0
0.20886080308080726,14.493825241134147,False,1.2924838405243992,100.0
0.07106391689031882,-14.257664936892535,True,0.955712043621315,0.0
0.7083995452537771,10.697191631363253,False,1.590622493342519,100.0
0.4652137983859459,24.064005871165264,False,1.5450359647584635,100.0
0.6487865642909452,4.586639910764006,False,1.507314399314239,100.0
0.028433548526688467,6.556707674991387,False,1.0869132669369377,100.0
0.041179022962667,-2.40808790974436,False,1.008586590920586,48.47021015298589
0.00990869151697722,17.574458869624628,False,1.182736817505352,100.0
0.013366875915861607,2.2526778177635904,False,1.0328404111663199,100.0
0.27572768203203746,-18.546228250412387,False,1.0535604190189416,100.0
0.00022795458930252138,27.365293259172127,False,1.2738057643477572,100.0
0.0023889196992506454,22.725179330941423,False,1.2288923059537558,100.0
0.020253499870031125,-1.6181043726185216,True,0.999828034712205,0.0
0.02186587601153825,11.929799569447844,False,1.1352114019888797,100.0
0.2108257403856391,-29.43519877506114,True,0.9066705602204642,0.3346623031551754
0.05668183011578742,-23.956260829941417,True,0.9604870858835218,0.0
0.15256844902439243,-13.395970253329416,True,0.9952736777900292,11.005639558543923
0.165491157591033,-22.558945848307758,True,0.9244367658066277,0.026263542140858576
0.014788858634477967,-4.0840397966899395,True,0.9913552056281254,0.0
0.4960106234387284,13.881451056448952,False,1.4800946247179791,100.0
0.04912096259280605,-9.298521040068646,True,0.970439727310308,0.0
0.11912713136214252,-6.897801960673728,False,1.027764934224779,100.0
0.35334185057194445,-28.177335874168314,False,1.0443022777701476,100.0
0.14362426719877538,-26.97372928330779,True,0.9033625539632565,0.0
0.4080886992366699,-28.431221637290147,False,1.0895718948946753,100.0
0.02107068399727441,24.483655951693436,False,1.2591546245833827,100.0
0.0019405282394749622,0.8138668620302667,False,1.009650710116844,0.0
0.16720587533848186,-11.665728009958439,False,1.023026262453552,100.0
0.00027685529880148036,29.76892523927178,False,1.2978726177791207,100.0
0.08578111264642219,-7.431411744436392,True,0.995807791443754,4.801745007717373
0.0037699759732842445,17.68017876908234,False,1.1794616918020573,100.0
0.3487305571102998,-20.28515831772005,False,1.100282401983395,100.0
0.01586460060920284,-4.374280968427634,True,0.9907059824926295,0.0
0.00823205248508557,28.974449943081048,False,1.2952156101519148,100.0
0.015273651462092558,6.74988836481203,False,1.0789625410694232,100.0
0.0007734143049847636,17.321841463245136,False,1.1737652804906122,100.0
0.1181871197293111,-7.357080835722144,False,1.0227166479309562,100.0
0.005396253065102094,28.090129082658088,False,1.2845045529214347,100.0
0.0490634662757438,29.53276486088005,False,1.3277484083537077,100.0
0.11055531419646676,-17.837767401323426,True,0.9305706223953563,0.0
0.2875783361380136,-17.762789679130602,False,1.0698474938090086,100.0
0.24385292859954097,-20.754423471180488,False,1.008286146341183,100.0
0.0021533425003433127,4.301047147712232,False,1.0446522653678079,100.0
0.03502949511351346,1.1802870358095099,False,1.0389721598097377,100.0
0.043535112658859725,-0.05383342799886748,False,1.033472042786736,100.0
0.0004608995544506726,28.836888831131283,False,1.2886755858004164,100.0
0.0006182902593534424,18.536291994564593,False,1.1857972099217777,100.0
0.3741361647536319,-22.47702393367216,False,1.1045383222405978,100.0
0.1521117966909411,8.736056737563075,False,1.1989887998298379,100.0
0.02844604288323874,-5.947076897885037,True,0.9832137037399122,0.0
0.01591547717317138,-0.8878123461082374,False,1.0036466372571204,0.0
0.7905841738243568,29.13362885811425,False,1.7788220041879892,100.0
0.00021568913548464735,24.517014546433174,False,1.2453168977586204,100.0
0.00030303450742474907,7.901297072614604,False,1.079239082836687,100.0
0.3785892280204091,-24.72958350625914,False,1.0914193250819726,100.0
0.01230709888074152,21.462923263011874,False,1.2231317828178132,100.0
0.07165757583840054,-25.568009256699277,True,0.9497555093740896,0.0
0.00039299652523166746,17.888706793864074,False,1.179164092383291,100.0
0.1792780990142978,-23.352194372048707,True,0.9297555347732613,0.36581564142585954
0.010027114095361656,-14.339849708246138,True,0.993465874609612,0.0
0.32486169382549385,-19.503518382621884,False,1.0866866631488739,100.0
0.9489501725400201,26.377013476555348,False,1.8465360583011394,100.0
0.0006560017540875744,17.946702332303097,False,1.1799292861331696,100.0
0.28235917388788856,-25.830590454674628,False,1.0003025584398852,32.10551622253299
0.00031197530591090965,16.994352905647993,False,1.1701645252851893,100.0
0.021684071381832242,-6.918670811679007,True,0.9870168689829684,0.0
0.24567734593981233,12.165227718170534,False,1.2968880734572925,100.0
0.04277489694859818,15.810534598291518,False,1.1885157317510495,100.0
0.05906470032895706,-8.760752704542515,True,0.9648954479759826,0.0
0.6481476186330193,5.4158828274670014,False,1.513048489617104,100.0
0.12660738835952365,-10.579857275143613,True,0.9995895555508382,11.79303101823741
0.05074008062564555,-6.5508234158855885,True,0.9758396128638142,0.0
0.6392423954802944,11.095485652873244,False,1.5501039117539368,100.0
0.061778328389901445,-5.671515126809663,True,0.9932855196064002,1.7036938306650873
0.0011971853333472148,12.535114100960953,False,1.1262206199265858,100.0
0.01605509646327673,-4.339137385071709,True,0.9905989427774402,0.0
0.16883647495208676,-17.551145886240334,True,0.9716808092763379,3.8903778218774665
0.00018943178981281248,18.77296511975836,False,1.1878625415315829,100.0
0.0002439857527801142,17.749229866784674,False,1.1776644180759548,100.0
0.0007373486165748906,18.513004062511804,False,1.1856480193301902,100.0
0.1022143484222178,20.784109437645427,False,1.2782426446030806,100.0
0.009834383924887362,19.072091975619678,False,1.1976042654311192,100.0
0.0018769075299094982,0.8356126312798544,False,1.0098183999743098,0.0
0.1135139416087694,-17.81909262574871,True,0.9288835405397844,0.0
0.00011863576087910597,11.939521850044073,False,1.1194816802166037,100.0
0.1902603392667528,-26.801983025995224,True,0.9099425725401258,0.041572708564685534
0.3055222925505392,29.169085384082244,False,1.489595410964342,100.0
0.20407864088948904,-17.961729981968507,True,0.9981199105896698,18.71367362974887
0.0001514718969372202,-4.956975123418378,True,0.9999097763062313,0.0
0.1697610779889417,-14.338077632503518,False,1.0011354097513188,22.630910307330065
0.4214768442328821,-26.86280256624871,False,1.1119811764642318,100.0
0.08633379325999656,-8.321903694375688,True,0.9877841058410584,1.8365367338470495
0.4633572765711925,11.145605520173717,False,1.4362951215076623,100.0
0.036479291034569004,-23.505784597145322,True,0.9743075568460908,0.0
0.2817879225798072,-22.67614309487812,False,1.0250440222276211,100.0
0.00020529417288337457,8.945803098626705,False,1.0896102720342273,100.0
0.026500049808227576,-3.8158766036405076,True,0.9846740567610872,0.0
0.02860970141272291,-5.734729062188194,True,0.9831552379754611,0.0
0.07572287388678677,-11.16594907884322,True,0.9544267506049526,0.0
0.01803415889559979,17.666312973985704,False,1.18937574133851,100.0
0.0009660831045122392,3.4872664692115904,False,1.035612998378369,100.0
0.15238368161754998,20.774217914787947,False,1.3122725134045492,100.0
0.4526587982448156,-28.757745866500287,False,1.1249685674974566,100.0
0.001891520447766149,9.425575527306279,False,1.0956543614519234,100.0
0.3040377718336603,21.94713758314981,False,1.4238905404420281,100.0
0.02060325253751284,-1.173753299517955,False,1.0045008842030683,1.200123839211864
0.09603271237304334,-7.221988374462299,False,1.006100832111028,54.80125238941807
0.05832354338885781,23.063681682746108,False,1.2704580284727243,100.0
0.05683978369138088,-11.638203678878554,True,0.965160077410299,0.0
0.11003641765801599,-16.652748801529988,True,0.9317021326629265,0.0
0.05563091360304445,-8.392161431176127,True,0.9669797343321488,0.0
0.3612340333966352,-20.943746510023388,False,1.1055190180764896,100.0
0.16250274111478497,-16.78084955332936,True,0.9731472063301022,3.7339889977131335
0.003186794824742685,20.3431152965835,False,1.2056474156819734,100.0
0.38701299787943994,-24.824459524418423,False,1.0977921695758954,100.0
0.0003538065582163598,11.612953623512908,False,1.1163878703801429,100.0
0.2072297939379785,25.78214754666736,False,1.3956221552692192,100.0
0.039618660412884234,-24.231515298472814,True,0.9719445889083596,0.0
0.00017131666909042965,28.788784545450874,False,1.288001875183864,100.0
0.0007565396616509303,5.375346646777217,False,1.0543265690001975,100.0
0.006746685887567809,16.516324759600735,False,1.1699530143991188,100.0
0.00014003180450608056,0.928638000045467,False,1.0093954252320443,0.0
0.2232323450515426,25.571203208279904,False,1.404104153414016,100.0
0.19842679474124159,-21.518928696408032,True,0.9625049125013989,4.344227543699386
0.04995106846533132,-0.0461295416085008,False,1.0385407906710278,100.0
0.009900100979664133,-25.539516773900043,True,0.9927321610284887,0.0
0.3209261324865989,-26.21809954047719,False,1.0309300853402874,100.0
0.0661890274130036,-13.288105692201274,True,0.95901413050681,0.0
0.001446850622673946,12.353759653370503,False,1.1245894712902043,100.0
0.0005678000996683257,26.20941967162399,False,1.2624771354657018,100.0
0.07930066068898038,-7.776573084167637,True,0.9872479475146059,1.3092575536795659
0.00019220989855545152,19.020171708462954,False,1.190336375362559,100.0
0.4236394089455705,-27.120451986870435,False,1.1119754928340655,100.0
0.004727326809431957,17.436302806007376,False,1.1777026422032641,100.0
0.12654064254528247,-18.523051083499773,True,0.9264206941260761,0.0
0.042345713790000086,-2.9163242472349395,False,1.0045386538191368,14.816209579122997
0.047600417339916344,-4.82438005427565,True,0.9901062409564396,0.30310181107697787
0.04617866580930832,-17.543358541650356,True,0.9696805127585534,0.0
0.08231384207723152,20.08801588828038,False,1.2578764117301264,100.0
0.15746098294211167,-22.14930293825227,True,0.9209273950250967,0.0042966876871108894
0.04832814339915896,14.140118735692056,False,1.1760685973256186,100.0
0.002164251691547815,12.835624089445048,False,1.1299252800959858,100.0
0.020145157812046777,-25.18914860421051,True,0.9853774190299105,0.0
0.004185886436689288,9.042794403239377,False,1.0935295118923891,100.0
0.000746534660091119,21.24639056988274,False,1.2129806635958071,100.0
0.20075672405196193,-15.369793030279837,False,1.017898770436172,100.0
0.37237142244622756,-27.001835093476515,False,1.0693779564505346,100.0
0.1516339071508794,29.94803648802222,False,1.3986638449804447,100.0
0.22518147781416245,-12.32716364796594,False,1.0645313355321926,100.0
0.3483028928627117,-28.419214789949535,False,1.0381230761516196,100.0
0.19584814650006124,-29.932950564842454,True,0.8886225842670032,0.0005781520609593471
0.00020140311313155134,12.528872028793728,False,1.125435007982265,100.0
0.0005055619426124088,2.901312585243197,False,1.0294019702395467,100.0
0.009149746888387697,18.606743612479406,False,1.1924881047290825,100.0
0.005449736372711747,1.7828090362250428,False,1.0220476381049315,100.0
0.0018720158591862058,18.29560159273771,False,1.184272544721406,100.0
0.003133473940572214,-2.6017420495624037,True,0.9981812029153937,0.0
0.004137255894100753,27.071278380278216,False,1.273490034283487,100.0
0.02463833833396806,-14.409311858984136,True,0.9840988313145749,0.0
0.14614992182354947,-16.929278360544274,True,0.9578451480860892,0.8862271389735277
0.08130311960424015,-18.68713003208814,True,0.947357153137454,0.0
0.028013497265584022,-27.51691967668261,True,0.97926933159492,0.0
0.11028501723352241,23.381141102543204,False,1.3086823214040935,100.0
0.812175975035537,22.01600833535697,False,1.7371820557964701,100.0
0.2078158053879748,-13.605833660008045,False,1.0391849859858227,100.0
0.00032935835560306894,12.24783925950014,False,1.122718002078348,100.0
0.21583331877398185,-25.03428317892507,True,0.9479492166330159,3.481014955617967
0.02784027726958056,6.730221815499888,False,1.088182141780167,100.0
0.008006167773459728,3.0483763062571185,False,1.0366328970160374,100.0
0.0012103011342675316,22.29310934876068,False,1.2237641970950173,100.0
0.027914575496179882,-16.019567544231112,True,0.9817219926803891,0.0
0.30027789146737577,24.142321829154476,False,1.4410836000058556,100.0
0.0033234225490442844,21.42168787232437,False,1.2165148306238822,100.0
0.11106016612419464,-10.638144847642593,True,0.9862386985124054,3.108445381226632
0.31285638312970027,-21.424040710422716,False,1.0614524604539086,100.0
0.0002358414584511792,23.02391724553378,False,1.2304008973205895,100.0
0.21288332331027018,-13.277720447371465,False,1.046217074085534,100.0
0.08265827961867445,10.512825661912622,False,1.1655082242531967,100.0
0.019803440873533192,-25.95407770630075,True,0.9855026396332496,0.0
0.2183391292869605,28.525273274323986,False,1.428276612503736,100.0
0.06938034939261166,-8.088460535283616,True,0.9761655822732048,0.019190831577242662
0.05653468030738066,-5.58132400511758,True,0.9899347207621294,0.6339150939721261
0.10623799581103442,-19.10227232159995,True,0.9321907622039152,0.0
0.062961370758187,-4.695869890649867,False,1.0036629174132117,15.886213914857873
0.025836126881047285,26.397839183817467,False,1.2813553335953416,100.0
0.1799601439633047,-29.113200519922163,True,0.8807546475222432,0.0
0.0010049672669783653,28.991524425632747,False,1.2905834334089155,100.0
0.7500260755454531,8.810815859277746,False,1.60274116629634,100.0
0.5549531285368586,11.751556576089826,False,1.501207395578584,100.0
0.3412339073601618,-22.854735783201185,False,1.0741630729874145,100.0
0.006911199230076857,2.220530538585521,False,1.0275412522865985,100.0
0.09872783574101494,-5.033609612321182,False,1.0289859366172884,100.0
0.0596610718080886,27.410226865939023,False,1.3139223989860165,100.0
0.11329894516035485,-10.579470645974965,True,0.9886337995334207,4.00738493173125
0.08440201860756116,-7.515596986205836,True,0.9938864496344644,3.690166037959308
0.03546544152230197,-2.4906700630398255,False,1.003255213849032,8.375759148134133
0.07313792409981604,7.7433306422997745,False,1.1317742865736349,100.0
0.00012848473603201268,17.566862345047063,False,1.1757593541915599,100.0
0.00044488866810520067,15.950069427083648,False,1.1598176664465787,100.0
0.05104693990720115,-2.7710464892235436,False,1.0128512215824985,100.0
0.012651397993473128,22.185033963344083,False,1.2305570397373822,100.0
0.022043761488250543,-22.877213841919005,True,0.9844135158108616,0.0
0.25486450443268144,-29.306320937757565,True,0.9480784875118462,6.394381512539704
0.0038438588558509664,4.198733795214139,False,1.0449195603119945,100.0
0.13029351309492915,13.757929507662588,False,1.2306451707585628,100.0
0.0004683420444727658,17.958938120935123,False,1.1799193884482984,100.0
0.2615583611120688,-15.262719089347392,False,1.0691506506495168,100.0
0.2801312212316462,20.69758890252239,False,1.3970075149629977,100.0
0.0003874533905893687,9.38887998471089,False,1.094175376020046,100.0
0.0001050160347154358,21.037071286089073,False,1.2104434903748142,100.0
0.10072070749280719,-29.133233130632135,True,0.9282730231883234,0.0
0.02119739764326037,-2.0662762262848062,True,0.9961401242201979,0.0
0.33820019920409566,-23.069826005393033,False,1.069948393518721,100.0
0.2682356540927918,-19.052191411164607,False,1.0431117148003641,100.0
0.001546429805773289,6.623240379557075,False,1.067395025307322,100.0
0.061324404437085527,-13.158037889185472,True,0.9619440480612653,0.0
0.3658132771220219,-20.837684686673494,False,1.1101057811865966,100.0
0.0009353059219998505,7.033467929535689,False,1.0710361542438034,100.0
0.02034488164527991,13.13621212788788,False,1.1460685031316733,100.0
0.09479743795326406,-16.512807250007047,True,0.9405785654894815,0.0
0.13673454328376936,-12.443254520378243,True,0.9907845090481673,6.901438328384324
0.0403637685292443,10.593106800415036,False,1.1354956216518297,100.0
0.09852269238035198,-10.174668281983891,True,0.9802443155120992,1.153442550700623
0.0001259579322898882,29.31641034158769,False,1.2932477187320348,100.0
0.12095779558890404,-19.55273533972499,True,0.9232923267714055,0.0
0.2952407923805061,-18.268831954931635,False,1.0720651874864358,100.0
0.1365473565106622,-12.080785151128875,True,0.9939563420572569,8.551346826127325
0.09442107712356794,-12.2732044137029,True,0.9570555007302208,0.001050358009724306
0.485960911174256,3.2848345074767593,False,1.3882379491753387,100.0
0.0028793986664267576,29.101076665864873,False,1.292923931073564,100.0
0.00765831713936051,24.29547323402643,False,1.2481687374146293,100.0
0.0055194842650573015,18.067024599901664,False,1.184555819571902,100.0
0.10908928261132718,-12.216938396256648,True,0.969850258441822,0.5166895078601685
0.031043561712329026,-3.4961566349657467,True,0.9898603505080682,0.0
0.1538327596237359,-14.410390274469613,True,0.9871437908109512,6.916192975309121
0.001917753695072692,11.129255297919748,False,1.1126965765451413,100.0
0.08524290463334304,-13.866306488520607,True,0.947629378548789,0.0
0.08132163343098515,-4.819277264128246,False,1.017147081344705,100.0
0.27328095894833887,20.82430387775493,False,1.3936237875550903,100.0
0.0005103565008776663,1.7161372327591202,False,1.0175568190260256,0.0
0.17057246588952749,-9.51991899382437,False,1.0451302283139372,100.0
0.014521669975527807,-2.4159932395907937,True,0.9916512149383013,0.0
0.003002740232397414,27.777126581922133,False,1.2797798322324032,100.0
0.10706286490467405,-20.691402577774223,True,0.9305763697754945,0.0
0.0008724088413107947,3.3816728698193472,False,1.0344857177325915,100.0
0.03262360556322925,28.778873483991262,False,1.3094546678200325,100.0
0.014527654669996578,17.257304830582832,False,1.1828393688643442,100.0
0.007639012496988821,-4.187138139178927,True,0.995508175856897,0.0
0.06324317586453129,19.13426851044192,False,1.2354244086521315,100.0
0.03227921477345885,14.902581859918648,False,1.172108361576273,100.0
0.0028648547539283603,26.578168697033767,False,1.2677098477464732,100.0
0.0005535376840689433,29.333346216528106,False,1.293700877728796,100.0
0.11828483222300253,-21.108312166854247,True,0.923621920644764,0.0
0.503883760731875,-29.931224705332575,False,1.1598071060906954,100.0
0.2636412495242168,-16.965270984030052,False,1.056605741483071,100.0
0.00017835443735374974,0.7696209008168644,False,1.0078352362734921,0.0
0.0026320497942028775,8.42237906561897,False,1.0861813717207969,100.0
0.35917597409739327,-28.715374821211462,False,1.045410107054728,100.0
0.14825012391370182,-10.626185990827441,False,1.0169214739801258,100.0
0.2113271963626237,-21.25021257372667,True,0.9760435810531766,8.428144406975836
0.01827024666827933,21.71107053804353,False,1.2297111053515348,100.0
0.1385268908190046,-18.925143285687923,True,0.933194538368491,0.003735420601058692
0.011674435737558499,2.547849354930378,False,1.0344707415183572,100.0
0.019839869413391036,-1.3315844472368852,False,1.0023376937456272,0.0
0.013427584410225396,21.60960027782553,False,1.2253646920587624,100.0
0.20334009758008864,-26.73898185471374,True,0.9223662576900907,0.7629359319172302
0.00023803879766262067,26.44438506724714,False,1.264604199416309,100.0
0.18905771474139135,-21.635105609788802,True,0.9533042187513291,2.471748679230479
0.012379090501911326,10.543147167372915,False,1.1145188909030985,100.0
0.0032180711220876324,20.05355423050795,False,1.2027770408521465,100.0
0.07471645775855605,-11.56421641542773,True,0.9548178356219396,0.0
0.19297516072683607,-11.743580034909328,False,1.0434233083761026,100.0
0.17615315803102163,-13.373110675227334,False,1.015084310351849,100.0
0.19732949883790557,-13.32112230404767,False,1.033046758020145,100.0
0.04209372594085589,-17.508705349188332,True,0.9722902989086744,0.0
0.1889606172623142,-10.708127982952348,False,1.0493617465620693,100.0
0.0002646837245721072,1.147829193920014,False,1.0116841188572485,0.0
0.19940631315974325,-14.860964438810143,False,1.0212298521650907,100.0
0.00025333617568756226,18.463199828918547,False,1.1848100180124983,100.0
0.312915396763399,-17.811320798570957,False,1.0903486411631624,100.0
0.03039252774596812,-7.617863481793602,True,0.9817831394586742,0.0
0.07855352073624083,2.349044502454646,False,1.08377460378205,100.0
0.01425010849802267,28.71730033071797,False,1.29665213560495,100.0
0.0001281481405949968,22.62870356717415,False,1.2263750955769486,100.0
0.14681060755210606,-8.061467858822734,False,1.039245453802116,100.0
0.2513756792812295,-29.02452677357551,True,0.9471636848868049,5.962582975937236
0.7507203014885633,28.94935190379735,False,1.7547679887535907,100.0
0.00045922705042042016,21.84259075645003,False,1.2187427866323708,100.0
0.00024633888665493017,1.0053565315245052,False,1.0102452993679871,0.0
0.0008037505695958803,5.577250988914763,False,1.0563806295172322,100.0
0.006625570459398928,10.761425691023788,False,1.1124737738313186,100.0
0.0003497809997737403,7.5635262597281425,False,1.075896778603602,100.0
0.004806758224331223,-17.780562574957344,True,0.9967402425966688,0.0
0.010602167017008803,20.691811638699818,False,1.2142739154531894,100.0
0.00023114569675836485,13.467880058737286,False,1.134845797327696,100.0
0.6999502687811888,18.22799656350294,False,1.64218332512934,100.0
0.0021897694808663535,16.89100651116034,False,1.1704619380319403,100.0
0.04073421057809655,17.822493419065488,False,1.2068687388584545,100.0
0.0790883724107968,-17.774064810100853,True,0.9491904811528871,0.0
0.10861871644616249,-15.708571270100652,True,0.9369084583259123,0.0
0.011667374315232877,-0.7826578453784379,False,1.001351593895975,0.0
0.006695575916275562,18.64237759098515,False,1.1911221448560585,100.0
0.019036098000006458,15.715388307757316,False,1.170717282974742,100.0
0.0006052258658318049,23.181548651394287,False,1.2322301564750082,100.0
0.09175400069055922,-4.700378476993102,False,1.0265956664058702,100.0
0.00024843254899613076,15.358463287668087,False,1.1537622211704075,100.0
0.004254363095038954,7.046520190126714,False,1.0736550082410241,100.0
0.42098081088543,5.257700653697761,False,1.3592731285299087,100.0
0.7543983133699629,14.233591110730146,False,1.6451127376915433,100.0
0.004133963483149685,12.345176026306596,False,1.126456806006238,100.0
0.01172365755725831,5.606997418708758,False,1.0649320927718604,100.0
0.0005771387358223588,16.76272558076581,False,1.1680366031611635,100.0
0.328651814181791,-29.12332904752394,False,1.0156210762006699,100.0
0.040057824770153974,-10.642114066414855,True,0.9754044683495664,0.0
0.0004538349902555909,19.286747601689925,False,1.1931849587049497,100.0
0.17151120976033377,27.134267560896305,False,1.3849528083756446,100.0
0.18161311946615424,5.864517945209009,False,1.1938530484805905,100.0
0.06051032999220095,-28.729353275384998,True,0.955731893589288,0.0
0.03739070487066189,27.111173113733372,False,1.2961471678886671,100.0
0.02531819529079456,-9.207539032008036,True,0.9845219243478436,0.0
0.9853892638927403,23.598703218130268,False,1.8466304526067157,100.0
0.0006267336422565418,-0.1208032621684616,True,0.9996445701843466,0.0
0.12119334694249276,-7.423430675251701,False,1.024519782943772,100.0
0.6277882399977827,13.141560251582625,False,1.5585623056044755,100.0
0.0006929325956258148,4.834875909700827,False,1.048875407920593,100.0
0.0022886896393347145,19.533065883070563,False,1.1969293945800459,100.0
0.42035639462520014,-23.998665439839332,False,1.131526592436389,100.0
0.07286396374996455,23.841389703413128,False,1.2879052459568803,100.0
0.0002376731895062546,19.20360478688069,False,1.1922023907298045,100.0
0.4091877970211394,-27.713068134465455,False,1.095594341674137,100.0
0.03322961914230146,-3.645044244303026,True,0.9901412841743219,0.0
0.673840431790154,13.675169074017418,False,1.5914644085087768,100.0
0.00011512206527746165,1.5903916904309021,False,1.0159931913577815,0.0
0.11488928316063327,19.155134996988075,False,1.271300240846042,100.0
0.010902501274035959,-2.078835997319807,True,0.9937378379998101,0.0
0.0019225497466297634,8.667922223674395,False,1.0881071107263278,100.0
0.0077868380487366206,7.638250200172195,False,1.0821989367456208,100.0
0.016869468924085845,15.92729752234986,False,1.1712802610645785,100.0
0.0013075736889920574,10.246269436190154,False,1.1034249427399798,100.0
0.7753938180660699,1.9234163277248548,False,1.569900524394291,100.0
0.010306733609153775,-1.8849003022086492,True,0.9940891711397962,0.0
0.0120136351303206,-2.4088051983372942,True,0.9930819153702075,0.0
0.29323226189560425,-20.008157871572863,False,1.056289770845575,100.0
0.0032507770549586312,12.013727811764284,False,1.1225049470068647,100.0
0.11905799811524874,-20.660369945338253,True,0.923522138580496,0.0
0.1565876836530077,-11.366042683891308,False,1.0170191157436177,100.0
0.041024889333742806,-3.106342742622626,False,1.0016312175264894,6.1001532541098635
0.00027941609320948516,14.604457919414735,False,1.1462451598311023,100.0
0.0175566650101937,16.018924649031092,False,1.172678712631693,100.0
0.0004314326193382868,20.021774128535874,False,1.2005183568749946,100.0
0.039326624656109095,10.835492322867424,False,1.1371215282934637,100.0
0.02000795574559385,20.606463618964405,False,1.219943519765205,100.0
0.1359550036165687,-8.193132401234958,False,1.0292815045472365,100.0
0.09186166682858522,20.535405809131944,False,1.2687613682859835,100.0
0.0023801843841102055,26.415631430871464,False,1.2657596668835567,100.0
0.13812863655528576,-8.451650186098675,False,1.028651307684297,100.0
0.3124516763018944,-25.243516212979685,False,1.0311242772770994,100.0
0.04945958434494985,27.174301643441467,False,1.3048193438376818,100.0
0.0024221888853582212,19.479292342255818,False,1.1964853903075567,100.0
0.0015204595133487299,8.004405195491408,False,1.081177773455896,100.0
0.48246505498032227,27.73680007090269,False,1.5867158017470127,100.0
0.06220433669815499,-10.117438910970819,True,0.9626007635929517,0.0
0.16611328362483568,2.9154636851549185,False,1.155238819316358,100.0
0.02683377744357484,-5.390988324130536,True,0.9842364038246021,0.0
0.06530664694736074,-20.40155184690745,True,0.9564359027627953,0.0
0.019951918124060275,12.457507480997677,False,1.1390536632410653,100.0
0.0793863215904536,-11.41045571206963,True,0.9526552062940246,0.0
0.24754092983774678,-29.239870371980977,True,0.941946957134318,4.954337358763805
0.6156996752732495,11.065773578137637,False,1.5348922384218886,100.0
0.01777396511403816,-1.233105879000771,False,1.0016856007341168,0.0
0.0035111232236504216,16.33776406848601,False,1.1658733464242257,100.0
0.00021046567770136967,11.93029661930278,False,1.1194563607219312,100.0
0.2211696036869323,-24.897078628660285,True,0.9538518589661023,4.63285398145179
0.07371139789667526,6.301817228696976,False,1.1182564075789883,100.0
0.049340494909770646,29.543954965792956,False,1.328040855629304,100.0
0.041073019972375946,-3.0834401206100566,False,1.0018935609122912,6.606638416878385
0.23755881394827985,13.012199907605094,False,1.2988885047607202,100.0
0.023715191136486877,-7.085042390579993,True,0.98579666482988,0.0
0.0695091022396554,-7.891042954911377,True,0.9781673563146007,0.06779310178752773
0.00010230144909033116,20.480889158674515,False,1.2048799994500226,100.0
0.04862277325685585,-5.897299116946787,True,0.9804809238743448,0.0
0.15514083904792098,16.537089576039826,False,1.2742484335407342,100.0
0.07617128624367804,-18.2764554869109,True,0.9507026232661409,0.0
0.0024136696997989196,20.095923207062256,False,1.2026401445652364,100.0
0.000467401024333886,27.675209923810208,False,1.27706496625277,100.0
0.0025022343199505265,-0.7658647036740582,True,0.9985735422304493,0.0
0.00019276683526874306,5.982816550294871,False,1.0599736620161901,100.0
0.1099591148541833,-19.334065072920747,True,0.9298443788309737,0.0
0.00021402353573339556,11.111707665335224,False,1.1112738007421308,100.0
0.0004035935853021113,16.898555779770106,False,1.1692716036000466,100.0
0.26339411035227933,-22.248702775420305,False,1.0127091901078462,100.0
0.06941345769203798,-7.393519991227162,True,0.9828702198802555,0.31449861384607036
0.001906605647507842,-0.22868774699144367,True,0.9992086251826854,0.0
0.06732607565051715,-4.806621106957024,False,1.006085764522482,38.0898574662867
0.00023019396241362648,23.447824371213336,False,1.2346357441106786,100.0
0.02757401527666647,-8.705444830374649,True,0.9832555354982828,0.0
0.029070479017514094,-3.071708874834375,True,0.9924656364448687,0.0
0.044023989897523895,-4.1749698780010185,True,0.9935755259392343,0.6851215331130645
0.5683695064384469,19.22189759473485,False,1.5693014385972945,100.0
0.032025146774638046,2.032982843250039,False,1.04504163417349,100.0
0.020095987383248203,-11.693121241031484,True,0.9873501086671697,0.0
0.017809271178384628,0.2791585587807752,False,1.016700609598551,100.0
0.009945340354746018,11.344182857915435,False,1.1207100955246754,100.0
0.04252999420790778,-2.83688396118621,False,1.0054616408602588,19.54300819295307
0.04503050317387264,7.5119437651701375,False,1.108693360430077,100.0
0.004599064707455926,-11.124854149497573,True,0.9970905400381216,0.0
0.02020492991313032,29.744318675709053,False,1.3108081866608186,100.0
0.01988157285614122,-4.843937889068549,True,0.988329379371471,0.0
0.0004243526507598268,13.760067469519555,False,1.1379067481490894,100.0
0.18562537831298925,-23.081392842279442,True,0.937744633414101,0.9680495616150697
0.01667425233823969,-21.415756853730493,True,0.9883471808877581,0.0
0.03744683644658102,-21.665751375540623,True,0.9741566732783935,0.0
0.00023334396740040103,16.682999498017658,False,1.166995575574928,100.0
0.11455185319131002,24.670370173351046,False,1.323920996474071,100.0
0.00014119712646144093,5.401791103330574,False,1.054124859435872,100.0
0.13098960067676652,-12.99003365575021,True,0.9809729572967117,3.1943073640316344
0.0115184409509021,4.9909885018392615,False,1.0586496217323718,100.0
0.00011216198206809336,22.020938244543615,False,1.2202867057526023,100.0
0.002869705474071506,3.054799689320916,False,1.0327527384413222,100.0
0.3156449706353044,-24.99960350572528,False,1.035776568467002,100.0
0.059380664941173576,-15.970484425241473,True,0.9620127027505941,0.0
0.04313890103081025,8.089235275791054,False,1.1129502701090606,100.0
0.03982593815566493,13.418195075577216,False,1.162884924409056,100.0
0.19506712000359508,-18.564401375128305,True,0.9851991410352702,10.054537065742576
0.09850664005879532,-12.398514203555987,True,0.9592984563297894,0.007445454767407433
0.2416532751045356,-17.52114375040096,False,1.0336025736331034,100.0
0.00016584212012956984,3.3477372659067868,False,1.0336045779007872,100.0
0.25972801510541443,-20.607597411397116,False,1.0230668434190933,100.0
0.018608126515239836,-1.0081395436916978,False,1.004570963811202,0.3200563482053109
0.8794121102735437,21.22376434404307,False,1.7700010392376526,100.0
0.004167401778333763,21.787801781400887,False,1.220753754203822,100.0
0.006098365112101442,22.958455990725056,False,1.23376620261214,100.0
0.04086061841945448,1.3035056759777888,False,1.0446890631860521,100.0
0.0048399929750232405,-1.1184896210691377,True,0.9972354139748043,0.0
0.9965546751133086,26.132571804041795,False,1.8708683276742866,100.0
0.2780438530214556,20.186954214857145,False,1.3910369833310017,100.0
0.11925477320698026,-15.756463274550052,True,0.945560807900884,0.004223870031538901
0.3784924394895451,-27.772530550741198,False,1.068990793679216,100.0
0.362498411087499,-20.00235141087503,False,1.113792544220294,100.0
0.4303106681579375,-24.760010004811996,False,1.1342663973273508,100.0
0.007624921911758838,-2.3225770221382156,True,0.9955999546684255,0.0
0.7327686104531517,5.942166208282643,False,1.5712028458426324,100.0
0.007121924857622738,20.683805737860595,False,1.211780645639156,100.0
0.0010033542664165374,1.8677121921304192,False,1.019453800925235,0.0
0.04505269759415263,-3.508146538378753,False,1.0009072937102177,5.269149401783646
0.03860747483664932,11.98119039473999,False,1.1478680992916475,100.0
0.008837283860990221,13.266851039079107,False,1.1390568393506333,100.0
0.002055219418926935,15.816574160615168,False,1.159630964688657,100.0
0.2169601952111905,21.337919518757737,False,1.360922101397223,100.0
0.007946908151709186,-0.8404801171795953,True,0.997850566782736,0.0
0.005723819866759566,28.12365805651895,False,1.2850578308677947,100.0
0.18941449573089664,-18.80395041102244,True,0.9782651551074922,7.094252759199549
0.026861095781357446,-8.533989345324976,True,0.9837088976870457,0.0
0.03579125348313718,-12.116841954300629,True,0.9776212464245342,0.0
0.0814625184579707,-6.383172145468585,False,1.0023111704561343,14.034579717086437
0.03790071253373231,22.129148166015156,False,1.247336065347334,100.0
0.013938233174740348,17.902338706636378,False,1.1888387698159746,100.0
0.015494692248431443,-6.103309336810419,True,0.9907599581288773,0.0
0.0018854586099745104,17.458997306360423,False,1.1759220404034691,100.0
0.09775998090093709,-24.256750423106546,True,0.9337364228152576,0.0
0.17161004062824917,-11.117424530288883,False,1.0315712864418085,100.0
0.344230874985125,15.071557179611347,False,1.3899191349075655,100.0
0.2957361145066507,12.800229044453879,False,1.337151386938154,100.0
0.05762705797056223,-7.545239694544055,True,0.9718018610877719,0.0
0.004113969600541713,21.45664252303201,False,1.2174103116382264,100.0
0.0001381463834036592,16.114338822541526,False,1.1612417263992583,100.0
0.36157682834066635,-26.872351737824737,False,1.0610810837840101,100.0
0.2644822659506763,-26.546482385090002,True,0.9788124513976734,14.795684453554747
0.04506888762107753,-5.78305994964402,True,0.978721429806188,0.0
0.18675252334007908,-23.3224531536467,True,0.9366592632439639,0.9498807062834125
0.24245200797880703,18.84246374538251,False,1.355133361748365,100.0
0.013386911680786458,1.2133447735673606,False,1.022530100860955,100.0
0.07031642759005528,-7.980731300628122,True,0.9779652006705415,0.07201769805198488
0.02201468053194235,13.82717056855872,False,1.1541211065033763,100.0
0.1393369384653684,4.226096019655486,False,1.1474280010987588,100.0
0.05600550843895483,-16.491369358217387,True,0.9638890639567274,0.0
0.07294216990811071,-12.051239012636369,True,0.9556153970354385,0.0
0.036953352052947225,-14.542807319431983,True,0.9763271489267101,0.0
0.12867754071017298,-8.84566172668741,False,1.0173489350027256,100.0
0.0005871974586476429,20.734256234536495,False,1.2077501449746058,100.0
0.00012368148157063197,26.695308811981498,False,1.2670362961573804,100.0
0.004229339261698128,-7.459541120036629,True,0.9974228755488987,0.0
0.0006153718484366105,17.032928656099173,False,1.1707651005938873,100.0
0.02360599692481502,20.097069403005115,False,1.2173862112532008,100.0
0.0007560773111893335,10.778424783962912,False,1.1083389525521545,100.0
0.00551144227980325,-7.7060063089644615,True,0.9966361197384638,0.0
0.13934348045512687,-15.008005469988428,True,0.9695067797941743,1.7428410065614575
0.4374411627164574,15.38873308092461,False,1.4543539526244909,100.0
0.10670508763237642,8.439587460594922,False,1.1631411355304235,100.0
0.022963998442878754,-18.151576719267126,True,0.9845681621486343,0.0
0.05235737245252845,-4.3423345265597675,True,0.9986085640248081,3.561344198354388
0.0033451019412874964,-3.1141045714763678,True,0.9980485844646112,0.0
0.2886941761311536,2.6442571352089175,False,1.2432609856255894,100.0
0.16273115212769862,-21.266726765073543,True,0.9334074401529604,0.13928979324679958
0.18334242880932633,-10.941572914951653,False,1.0427139166495263,100.0
0.0007299505528095739,27.531710594696065,False,1.27580606684492,100.0
0.20179273165541659,-29.299907382593492,True,0.8994438010241341,0.037366763255963775
0.08389651348707187,11.304538764639446,False,1.1740440438880122,100.0
0.004566403636600636,21.038201961146385,False,1.2135456265417068,100.0
0.06308295744306362,-4.378459651030873,False,1.0068273242511614,39.532832234535476
0.00014631587779508526,10.238352019027928,False,1.1024912077570446,100.0
0.0005330217847867833,-1.5361249965776658,True,0.999693376345806,0.0
0.09782358631525245,-29.85834584110882,True,0.9296330410176289,0.0
0.000969038534293153,16.206009548737605,False,1.1627495076606387,100.0
0.02090697602415749,27.511084566580465,False,1.289097262332005,100.0
0.08092947434833553,-18.738444308301005,True,0.947556597757087,0.0
0.1473479088763875,-22.543053941379583,True,0.9084221346259481,0.0
0.05701005764953405,-22.68779218482779,True,0.9607999593887483,0.0
0.0002636188963755465,13.831681845032897,False,1.1385068843412238,100.0
0.05355291846263955,-9.985483992221859,True,0.9676479592511269,0.0
0.00039325159138264924,20.66367100494871,False,1.2069097787744327,100.0
0.20077223555308504,-29.169574486976295,True,0.8995899554412207,0.03412768190218518
0.08091069550043606,8.101803388399858,False,1.1409704171482957,100.0
0.055410507590181776,-21.872646343341103,True,0.9621821963084265,0.0
0.017227601042508724,8.134806627513576,False,1.094170319972117,100.0
0.11998804287999708,-7.525474768912307,False,1.022595965849414,100.0
0.016178659477256104,-1.479871578622177,True,0.9979816621269505,0.0
0.0029050821872323904,8.119072580471794,False,1.083355214623904,100.0
0.5585829559029513,18.26239431223496,False,1.5554733992208694,100.0
0.1497002555420103,-17.593370430895558,True,0.9548942665416715,0.7954736755388492
0.09747957513467148,-22.687324735420674,True,0.9349916641484545,0.0
0.008006333559011373,-14.685707787608584,True,0.994756303784408,0.0
0.02134807925928746,-3.7026253700350473,True,0.9876243025945619,0.0
0.01987732165041494,14.681322788035388,False,1.1610572791003937,100.0
0.26703132852514627,-29.889772230518023,True,0.9545103721754126,8.541292087982466
0.4259264446463471,-25.180484903533532,False,1.127643825960496,100.0
0.017031231866619066,17.680117818357964,False,1.1888067293187354,100.0
0.0004488361209109137,4.076658348300796,False,1.0411093036457078,100.0
0.1093912295246721,25.541158594932377,False,1.3288472025673683,100.0
0.1907053748820223,-19.457292698558067,True,0.9736729753768554,5.983456733018833
0.03262054975696209,-5.603005311868586,True,0.9808721698506637,0.0
0.015174307574381343,1.9930737926402173,False,1.0316565207317647,100.0
0.015354189130535432,-4.167201175394609,True,0.9910206639006738,0.0
0.2065212641184904,-17.146660534059606,False,1.007257564988799,100.0
0.040758239701046674,12.821046952913107,False,1.1576832469974523,100.0
0.012976024150939182,-22.424341482039267,True,0.9908087208446257,0.0
0.3287649620446422,26.197304114116243,False,1.4776849894145168,100.0
0.30219439302729717,-19.138443497131185,False,1.0707978498717337,100.0
0.13039782514441023,-23.763281225529433,True,0.9142571073227758,0.0
0.0750590482977269,21.880963811257118,False,1.27031440247682,100.0
0.04803538264817243,12.95632594869916,False,1.1642532141595776,100.0
0.019906904319123772,-4.1568437285923885,True,0.9883954632059574,0.0
0.0040952902471662386,27.454865822665987,False,1.2772923508413137,100.0
0.004800771935415092,-4.659193063522483,True,0.9971580789249485,0.0
0.12498868525397931,-18.94546248109863,True,0.9214668266984651,0.0
0.05077427945998801,-20.310586605538532,True,0.9657959289315166,0.0
0.004515743263691878,11.580473012752613,False,1.1191016393065807,100.0
0.0473949054437035,-7.969470920013531,True,0.9718263417556918,0.0
0.3950948239644583,-24.470920559864553,False,1.1071498508241835,100.0
0.04658567260762078,0.516082775305108,False,1.0414145730956277,100.0
0.016290700817176335,-4.44000561489484,True,0.990452796308189,0.0
0.18796760233255175,-14.00888243250914,False,1.0192293725853174,100.0
0.060101980580132,-23.11374228435804,True,0.9585829116845532,0.0
0.0821773141428274,19.879506567280053,False,1.2557614334258294,100.0
0.13489519738087627,4.4481971213027265,False,1.1461982515283924,100.0
0.09720254045710837,20.689669264826804,False,1.27390681775749,100.0
0.005257115610975987,2.6460662419146814,False,1.0305092306072765,100.0
0.0009080554266089401,5.9823667646891465,False,1.0605090193109559,100.0
0.2681045449244994,-22.077744286806805,False,1.018155090887507,100.0
0.05582550352924277,-7.018786092698441,True,0.9754310033423911,0.0
0.028325726790951265,-11.463567960400766,True,0.9823147756408916,0.0
0.018792225985887336,0.707933981287244,False,1.021715162063327,100.0
0.29662020293647995,-24.694110539144557,False,1.0217309609425558,100.0
0.0681407134015921,-10.801374185969145,True,0.9589198086391338,0.0
0.0019389609282420327,4.666753477222628,False,1.048142593123191,100.0
0.0003908116003587909,4.829428301541938,False,1.0485913268851685,100.0
0.3315060062201843,15.30902941516851,False,1.3834514371914555,100.0
0.0011224486719569402,5.075415239065457,False,1.0516059729629046,100.0
0.9764601432930256,14.761942726381974,False,1.7797616491970658,100.0
0.0013925166710938397,2.012783397055962,False,1.02120475007329,0.0
0.036931233657575446,-17.26190870831807,True,0.9756603890836498,0.0
0.00016903762159604607,6.383903685476696,False,1.0639663153520316,100.0
0.5167276278096258,16.608110775132005,False,1.5156339926893054,100.0
0.0006848003535351689,18.23671945498228,False,1.1828489857077502,100.0
0.0001277547272562758,14.61969099097034,False,1.1462886125389675,100.0
0.0011275653529914799,12.708209194184505,False,1.1279002037677563,100.0
