n,theta_rad,group_delay_samples
1,0.0001,0.8660253372003758
1,0.0006236527177179184,0.8660251957882827
1,0.0011473054354358368,0.8660247942270987
1,0.0016709581531537553,0.8660241551924184
1,0.0021946108708716734,0.8660232786854682
1,0.002718263588589592,0.866022164707932
1,0.0032419163063075102,0.8660208132619469
1,0.0037655690240254286,0.8660192243501057
1,0.0042892217417433475,0.8660173979754595
1,0.004812874459461266,0.8660153341415153
1,0.005336527177179184,0.8660130328522313
1,0.005860179894897103,0.8660104941120279
1,0.006383832612615021,0.8660077179257781
1,0.0069074853303329395,0.8660047042988044
1,0.007431138048050858,0.8660014532368949
1,0.007954790765768775,0.8659979647462936
1,0.008478443483486694,0.8659942388336894
1,0.009002096201204613,0.8659902755062401
1,0.00952574891892253,0.8659860747715404
1,0.010049401636640448,0.8659816366376631
1,0.010573054354358367,0.8659769611131267
1,0.011096707072076287,0.8659720482068991
1,0.011620359789794204,0.8659668979284074
1,0.012144012507512122,0.8659615102875335
1,0.012667665225230041,0.8659558852946247
1,0.01319131794294796,0.8659500229604795
1,0.013714970660665878,0.8659439232963297
1,0.014238623378383795,0.8659375863138834
1,0.014762276096101715,0.8659310120253121
1,0.015285928813819634,0.8659242004432262
1,0.01580958153153755,0.8659171515806925
1,0.01633323424925547,0.8659098654512345
1,0.016856886966973388,0.8659023420688357
1,0.017380539684691308,0.8658945814479289
1,0.017904192402409227,0.8658865836034035
1,0.018427845120127143,0.8658783485505914
1,0.018951497837845062,0.8658698763053003
1,0.01947515055556298,0.8658611668837999
1,0.019998803273280897,0.8658522203027736
1,0.020522455990998816,0.8658430365793919
1,0.021046108708716735,0.8658336157312654
1,0.021569761426434655,0.8658239577764597
1,0.022093414144152574,0.8658140627335236
1,0.02261706686187049,0.8658039306214036
1,0.02314071957958841,0.8657935614595402
1,0.02366437229730633,0.8657829552678358
1,0.024188025015024244,0.8657721120666189
1,0.024711677732742163,0.8657610318766693
1,0.025235330450460083,0.8657497147192608
1,0.025758983168178002,0.8657381606160683
1,0.02628263588589592,0.8657263695892539
1,0.026806288603613837,0.865714341661441
1,0.027329941321331756,0.8657020768556478
1,0.027853594039049676,0.8656895751954217
1,0.02837724675676759,0.8656768367047292
1,0.02890089947448551,0.8656638614079704
1,0.02942455219220343,0.8656506493300249
1,0.02994820490992135,0.865637200496213
1,0.03047185762763927,0.8656235149323095
1,0.030995510345357184,0.8656095926645513
1,0.031519163063075104,0.8655954337196015
1,0.03204281578079302,0.8655810381246134
1,0.03256646849851094,0.865566405907181
1,0.03309012121622886,0.8655515370952962
1,0.03361377393394678,0.8655364317174339
1,0.0341374266516647,0.8655210898026375
1,0.03466107936938262,0.8655055113802135
1,0.03518473208710054,0.8654896964800081
1,0.03570838480481846,0.8654736451323615
1,0.03623203752253637,0.8654573573679372
1,0.03675569024025429,0.8654408332180061
1,0.03727934295797221,0.8654240727141698
1,0.03780299567569013,0.8654070758885304
1,0.03832664839340805,0.8653898427736699
1,0.038850301111125966,0.8653723734025505
1,0.039373953828843886,0.8653546678086315
1,0.0398976065465618,0.8653367260257809
1,0.04042125926427972,0.865318548088382
1,0.040944911981997636,0.8653001340312301
1,0.041468564699715556,0.8652814838895324
1,0.041992217417433475,0.865262597699008
1,0.042515870135151394,0.8652434754958307
1,0.043039522852869314,0.8652241173165578
1,0.04356317557058723,0.8652045231982228
1,0.04408682828830515,0.8651846931783425
1,0.044610481006023064,0.8651646272948241
1,0.045134133723740984,0.865144325586094
1,0.0456577864414589,0.8651237880909406
1,0.04618143915917682,0.8651030148486782
1,0.04670509187689474,0.8650820058990476
1,0.04722874459461266,0.8650607612821872
1,0.04775239731233058,0.8650392810387402
1,0.04827605003004849,0.8650175652098042
1,0.04879970274776641,0.8649956138368537
1,0.04932335546548433,0.8649734269618818
1,0.04984700818320225,0.8649510046273008
1,0.05037066090092017,0.8649283468759421
1,0.05089431361863809,0.864905453751156
1,0.05141796633635601,0.8648823252966622
1,0.05194161905407393,0.8648589615566422
1,0.05246527177179185,0.8648353625757679
1,0.05298892448950976,0.8648115283991231
1,0.05351257720722768,0.864787459072204
1,0.0540362299249456,0.8647631546410537
1,0.05455988264266352,0.8647386151520493
1,0.055083535360381436,0.8647138406520298
1,0.055607188078099355,0.8646888311883671
1,0.056130840795817274,0.8646635868087742
1,0.05665449351353519,0.8646381075614471
1,0.057178146231253106,0.864612393495058
1,0.057701798948971025,0.86458644465867
1,0.058225451666688945,0.8645602611018219
1,0.058749104384406864,0.8645338428744509
1,0.05927275710212478,0.8645071900269983
1,0.0597964098198427,0.8644803026103176
1,0.06032006253756062,0.8644531806757314
1,0.06084371525527854,0.8644258242749672
1,0.06136736797299645,0.8643982334601361
1,0.06189102069071437,0.8643704082839179
1,0.06241467340843229,0.8643423487994042
1,0.0629383261261502,0.8643140550600563
1,0.06346197884386813,0.86428552711984
1,0.06398563156158604,0.8642567650331188
1,0.06450928427930397,0.8642277688547324
1,0.06503293699702188,0.8641985386399611
1,0.06555658971473981,0.8641690744444759
1,0.06608024243245772,0.8641393763244665
1,0.06660389515017565,0.8641094443364565
1,0.06712754786789356,0.8640792785375027
1,0.06765120058561147,0.8640488789850878
1,0.0681748533033294,0.8640182457370642
1,0.06869850602104731,0.8639873788517889
1,0.06922215873876524,0.8639562783880805
1,0.06974581145648315,0.8639249444050989
1,0.07026946417420107,0.8638933769624586
1,0.07079311689191899,0.8638615761203425
1,0.07131676960963691,0.8638295419392108
1,0.07184042232735482,0.8637972744800209
1,0.07236407504507274,0.8637647738042062
1,0.07288772776279066,0.8637320399735842
1,0.07341138048050858,0.8636990730503769
1,0.0739350331982265,0.8636658730973323
1,0.07445868591594441,0.8636324401776108
1,0.07498233863366234,0.8635987743547062
1,0.07550599135138025,0.863564875692667
1,0.07602964406909817,0.8635307442559821
1,0.07655329678681609,0.8634963801094457
1,0.077076949504534,0.8634617833184279
1,0.07760060222225193,0.8634269539485828
1,0.07812425493996984,0.8633918920661472
1,0.07864790765768777,0.8633565977377771
1,0.07917156037540568,0.8633210710304269
1,0.07969521309312359,0.863285312011584
1,0.08021886581084152,0.8632493207491336
1,0.08074251852855943,0.8632130973114016
1,0.08126617124627736,0.8631766417672111
1,0.08178982396399527,0.8631399541857263
1,0.0823134766817132,0.8631030346365662
1,0.08283712939943111,0.8630658831897762
1,0.08336078211714903,0.8630284999158704
1,0.08388443483486695,0.8629908848857184
1,0.08440808755258486,0.8629530381706871
1,0.08493174027030279,0.862914959842584
1,0.0854553929880207,0.8628766499735008
1,0.08597904570573862,0.8628381086361401
1,0.08650269842345654,0.8627993359036026
1,0.08702635114117446,0.8627603318492874
1,0.08755000385889238,0.862721096547105
1,0.0880736565766103,0.8626816300714495
1,0.08859730929432821,0.8626419324970129
1,0.08912096201204613,0.8626020038990276
1,0.08964461472976405,0.8625618443530954
1,0.09016826744748196,0.8625214539352299
1,0.09069192016519989,0.8624808327219853
1,0.0912155728829178,0.8624399807901284
1,0.09173922560063573,0.8623988982169806
1,0.09226287831835364,0.8623575850804173
1,0.09278653103607155,0.8623160414584703
1,0.09331018375378948,0.8622742674297115
1,0.09383383647150739,0.8622322630731958
1,0.09435748918922532,0.8621900284683335
1,0.09488114190694323,0.862147563695018
1,0.09540479462466116,0.8621048688334696
1,0.09592844734237907,0.8620619439643775
1,0.09645210006009698,0.8620187891688573
1,0.09697575277781491,0.8619754045284083
1,0.09749940549553282,0.8619317901250838
1,0.09802305821325075,0.8618879460412074
1,0.09854671093096866,0.8618438723594721
1,0.09907036364868659,0.861799569163253
1,0.0995940163664045,0.861755036536124
1,0.10011766908412242,0.8617102745620997
1,0.10064132180184034,0.8616652833255927
1,0.10116497451955825,0.8616200629115411
1,0.10168862723727617,0.8615746134053666
1,0.10221227995499409,0.8615289348925899
1,0.10273593267271201,0.8614830274594283
1,0.10325958539042993,0.8614368911924686
1,0.10378323810814785,0.8613905261785391
1,0.10430689082586576,0.861343932505136
1,0.10483054354358369,0.861297110260125
1,0.1053541962613016,0.8612500595315851
1,0.10587784897901951,0.8612027804081208
1,0.10640150169673744,0.8611552729788343
1,0.10692515441445535,0.8611075373331261
1,0.10744880713217328,0.8610595735608655
1,0.10797245984989119,0.8610113817524052
1,0.10849611256760912,0.8609629619983679
1,0.10901976528532703,0.8609143143898308
1,0.10954341800304494,0.8608654390183119
1,0.11006707072076287,0.860816335975727
1,0.11059072343848078,0.8607670053544041
1,0.11111437615619871,0.8607174472470547
1,0.11163802887391662,0.8606676617469589
1,0.11216168159163455,0.8606176489474677
1,0.11268533430935246,0.8605674089426429
1,0.11320898702707037,0.8605169418269014
1,0.1137326397447883,0.8604662476949585
1,0.11425629246250621,0.8604153266419701
1,0.11477994518022414,0.8603641787635752
1,0.11530359789794205,0.8603128041558108
1,0.11582725061565997,0.8602612029150549
1,0.11635090333337789,0.8602093751380693
1,0.11687455605109581,0.8601573209220561
1,0.11739820876881372,0.8601050403647292
1,0.11792186148653164,0.8600525335640299
1,0.11844551420424956,0.8599998006184109
1,0.11896916692196748,0.8599468416267229
1,0.1194928196396854,0.8598936566881008
1,0.12001647235740331,0.8598402459023475
1,0.12054012507512124,0.8597866093693654
1,0.12106377779283915,0.859732747189554
1,0.12158743051055708,0.859678659463853
1,0.12211108322827499,0.8596243462935149
1,0.1226347359459929,0.859569807780133
1,0.12315838866371083,0.8595150440256845
1,0.12368204138142874,0.8594600551327432
1,0.12420569409914667,0.8594048412039967
1,0.12472934681686458,0.8593494023427155
1,0.1252529995345825,0.8592937386526387
1,0.1257766522523004,0.8592378502376903
1,0.12630030497001832,0.859181737202249
1,0.12682395768773624,0.8591253996511483
1,0.12734761040545417,0.8590688376897475
1,0.12787126312317207,0.8590120514236048
1,0.12839491584089,0.8589550409585485
1,0.12891856855860792,0.8588978064011741
1,0.12944222127632585,0.8588403478582478
1,0.12996587399404375,0.8587826654368769
1,0.13048952671176167,0.8587247592446232
1,0.1310131794294796,0.8586666293895462
1,0.1315368321471975,0.858608275980032
1,0.13206048486491542,0.8585496991246941
1,0.13258413758263335,0.8584908989327715
1,0.13310779030035128,0.8584318755137446
1,0.13363144301806917,0.8583726289776905
1,0.1341550957357871,0.8583131594347719
1,0.13467874845350503,0.8582534669956488
1,0.13520240117122292,0.8581935517715635
1,0.13572605388894085,0.858133413873901
1,0.13624970660665878,0.8580730534145005
1,0.1367733593243767,0.8580124705057273
1,0.1372970120420946,0.8579516652601882
1,0.13782066475981253,0.8578906377907742
1,0.13834431747753045,0.8578293882109875
1,0.13886797019524835,0.8577679166346854
1,0.13939162291296628,0.8577062231759527
1,0.1399152756306842,0.857644307949414
1,0.14043892834840213,0.8575821710699643
1,0.14096258106612003,0.8575198126529529
1,0.14148623378383796,0.8574572328141414
1,0.14200988650155588,0.8573944316694906
1,0.1425335392192738,0.8573314093355151
1,0.1430571919369917,0.8572681659291845
1,0.14358084465470963,0.8572047015676674
1,0.14410449737242756,0.8571410163684874
1,0.14462815009014546,0.8570771104497794
1,0.14515180280786338,0.8570129839297778
1,0.1456754555255813,0.8569486369272425
1,0.14619910824329924,0.8568840695615307
1,0.14672276096101713,0.8568192819518003
1,0.14724641367873506,0.8567542742181331
1,0.147770066396453,0.8566890464808665
1,0.14829371911417089,0.8566235988602955
1,0.1488173718318888,0.8565579314777381
1,0.14934102454960674,0.8564920444545123
1,0.14986467726732466,0.8564259379122205
1,0.15038832998504256,0.8563596119731613
1,0.1509119827027605,0.8562930667597186
1,0.15143563542047841,0.8562263023948304
1,0.1519592881381963,0.8561593190017618
1,0.15248294085591424,0.8560921167040476
1,0.15300659357363217,0.8560246956256066
1,0.1535302462913501,0.8559570558909542
1,0.154053899009068,0.8558891976247764
1,0.15457755172678592,0.8558211209520152
1,0.15510120444450384,0.8557528259982661
1,0.15562485716222174,0.8556843128893235
1,0.15614850987993967,0.8556155817514366
1,0.1566721625976576,0.8555466327111105
1,0.15719581531537552,0.8554774658951203
1,0.15771946803309342,0.8554080814310225
1,0.15824312075081134,0.8553384794463454
1,0.15876677346852927,0.8552686600690436
1,0.15929042618624717,0.8551986234276114
1,0.1598140789039651,0.8551283696506573
1,0.16033773162168302,0.8550578988674715
1,0.16086138433940095,0.8549872112073444
1,0.16138503705711885,0.8549163068003054
1,0.16190868977483677,0.85484518577627
1,0.1624323424925547,0.8547738482660634
1,0.16295599521027263,0.8547022944004254
1,0.16347964792799052,0.8546305243106076
1,0.16400330064570845,0.8545585381284582
1,0.16452695336342638,0.8544863359857118
1,0.16505060608114427,0.8544139180148136
1,0.1655742587988622,0.8543412843485214
1,0.16609791151658013,0.8542684351197067
1,0.16662156423429805,0.8541953704620084
1,0.16714521695201595,0.8541220905090938
1,0.16766886966973388,0.8540485953949428
1,0.1681925223874518,0.8539748852542459
1,0.1687161751051697,0.8539009602216936
1,0.16923982782288763,0.8538268204324879
1,0.16976348054060555,0.8537524660222857
1,0.17028713325832348,0.8536778971268006
1,0.17081078597604138,0.8536031138823716
1,0.1713344386937593,0.8535281164255366
1,0.17185809141147723,0.8534529048931745
1,0.17238174412919513,0.8533774794226758
1,0.17290539684691306,0.8533018401515733
1,0.17342904956463098,0.8532259872179395
1,0.1739527022823489,0.853149920759904
1,0.1744763550000668,0.8530736409163922
1,0.17500000771778473,0.852997147826386
1,0.17552366043550266,0.8529204416290384
1,0.17604731315322059,0.8528435224642124
1,0.17657096587093848,0.8527663904719702
1,0.1770946185886564,0.8526890457926015
1,0.17761827130637434,0.8526114885669358
1,0.17814192402409224,0.8525337189360584
1,0.17866557674181016,0.8524557370412822
1,0.1791892294595281,0.8523775430245166
1,0.17971288217724601,0.8522991370277282
1,0.1802365348949639,0.8522205191933665
1,0.18076018761268184,0.8521416896642791
1,0.18128384033039976,0.8520626485835692
1,0.18180749304811766,0.8519833960948233
1,0.1823311457658356,0.8519039323415143
1,0.18285479848355352,0.8518242574679391
1,0.18337845120127144,0.8517443716187358
1,0.18390210391898934,0.8516642749384289
1,0.18442575663670727,0.8515839675722816
1,0.1849494093544252,0.85150344966587
1,0.1854730620721431,0.85142272136477
1,0.18599671478986102,0.851341782815183
1,0.18652036750757894,0.8512606341636797
1,0.18704402022529687,0.8511792755570582
1,0.18756767294301477,0.8510977071424293
1,0.1880913256607327,0.8510159290670742
1,0.18861497837845062,0.8509339414790418
1,0.18913863109616852,0.8508517445262669
1,0.18966228381388645,0.8507693383573098
1,0.19018593653160437,0.8506867231209014
1,0.1907095892493223,0.8506038989660851
1,0.1912332419670402,0.850520866042416
1,0.19175689468475812,0.8504376244995058
1,0.19228054740247605,0.8503541744875918
1,0.19280420012019395,0.8502705161569963
1,0.19332785283791187,0.8501866496583546
1,0.1938515055556298,0.8501025751428699
1,0.19437515827334773,0.8500182927618027
1,0.19489881099106562,0.8499338026669818
1,0.19542246370878355,0.8498491050103212
1,0.19594611642650148,0.8497641999441328
1,0.1964697691442194,0.8496790876211264
1,0.1969934218619373,0.8495937681942678
1,0.19751707457965523,0.8495082418168636
1,0.19804072729737315,0.8494225086425615
1,0.19856438001509105,0.8493365688250378
1,0.19908803273280898,0.849250422518935
1,0.1996116854505269,0.8491640698786682
1,0.20013533816824483,0.8490775110589652
1,0.20065899088596273,0.8489907462150654
1,0.20118264360368066,0.8489037755025777
1,0.20170629632139858,0.8488165990773098
1,0.20222994903911648,0.8487292170954106
1,0.2027536017568344,0.8486416297132564
1,0.20327725447455233,0.8485538370874792
1,0.20380090719227026,0.8484658393752227
1,0.20432455990998816,0.848377636734142
1,0.20484821262770608,0.8482892293217503
1,0.205371865345424,0.8482006172957313
1,0.2058955180631419,0.8481118008146495
1,0.20641917078085983,0.8480227800372973
1,0.20694282349857776,0.8479335551223812
1,0.2074664762162957,0.8478441262290062
1,0.20799012893401359,0.8477544935168737
1,0.2085137816517315,0.8476646571458559
1,0.20903743436944944,0.8475746172759102
1,0.20956108708716736,0.8474843740674771
1,0.21008473980488526,0.8473939276816225
1,0.2106083925226032,0.8473032782790426
1,0.21113204524032111,0.8472124260210876
1,0.211655697958039,0.847121371069619
1,0.21217935067575694,0.8470301135863849
1,0.21270300339347487,0.84693865373373
1,0.2132266561111928,0.8468469916741981
1,0.2137503088289107,0.846755127570475
1,0.21427396154662862,0.8466630615859003
1,0.21479761426434654,0.8465707938839273
1,0.21532126698206444,0.8464783246279808
1,0.21584491969978237,0.8463856539823666
1,0.2163685724175003,0.8462927821113055
1,0.21689222513521822,0.846199709179416
1,0.21741587785293612,0.8461064353515724
1,0.21793953057065404,0.84601296079299
1,0.21846318328837197,0.8459192856692255
1,0.21898683600608987,0.8458254101459772
1,0.2195104887238078,0.8457313343891997
1,0.22003414144152572,0.8456370585654724
1,0.22055779415924365,0.8455425828413468
1,0.22108144687696155,0.8454479073837433
1,0.22160509959467947,0.8453530323598386
1,0.2221287523123974,0.8452579579371502
1,0.2226524050301153,0.8451626842836504
1,0.22317605774783322,0.8450672115671978
1,0.22369971046555115,0.8449715399562194
1,0.22422336318326908,0.8448756696193414
1,0.22474701590098697,0.8447796007256443
1,0.2252706686187049,0.8446833334441237
1,0.22579432133642283,0.8445868679443151
1,0.22631797405414072,0.8444902043961235
1,0.22684162677185865,0.8443933429695392
1,0.22736527948957658,0.8442962838349501
1,0.2278889322072945,0.8441990271627446
1,0.2284125849250124,0.8441015731240782
1,0.22893623764273033,0.8440039218899074
1,0.22945989036044825,0.8439060736318993
1,0.22998354307816618,0.8438080285216074
1,0.23050719579588408,0.8437097867310399
1,0.231030848513602,0.8436113484326313
1,0.23155450123131993,0.8435127137987593
1,0.23207815394903783,0.8434138830020856
1,0.23260180666675576,0.8433148562160966
1,0.23312545938447368,0.843215633613994
1,0.2336491121021916,0.8431162153692355
1,0.2341727648199095,0.8430166016559326
1,0.23469641753762743,0.8429167926481682
1,0.23522007025534536,0.8428167885203379
1,0.23574372297306326,0.8427165894472921
1,0.23626737569078118,0.8426161956039948
1,0.2367910284084991,0.8425156071655806
1,0.23731468112621704,0.8424148243075251
1,0.23783833384393493,0.8423138472057587
1,0.23836198656165286,0.8422126760362687
1,0.2388856392793708,0.8421113109752412
1,0.23940929199708869,0.8420097521994023
1,0.2399329447148066,0.8419079998855352
1,0.24045659743252454,0.8418060542106787
1,0.24098025015024246,0.8417039153523262
1,0.24150390286796036,0.8416015834878863
1,0.2420275555856783,0.8414990587952218
1,0.24255120830339622,0.8413963414527359
1,0.24307486102111414,0.8412934316386611
1,0.24359851373883204,0.8411903295314858
1,0.24412216645654997,0.841087035310295
1,0.2446458191742679,0.8409835491543163
1,0.2451694718919858,0.8408798712428052
1,0.24569312460970372,0.8407760017555006
1,0.24621677732742164,0.8406719408721415
1,0.24674043004513957,0.840567688773092
1,0.24726408276285747,0.8404632456390004
1,0.2477877354805754,0.8403586116500605
1,0.24831138819829332,0.8402537869875744
1,0.24883504091601122,0.8401487718325029
1,0.24935869363372914,0.8400435663662051
1,0.24988234635144707,0.8399381707706937
1,0.250405999069165,0.83983258522764
1,0.2509296517868829,0.8397268099193695
1,0.2514533045046008,0.8396208450280085
1,0.2519769572223187,0.8395146907364506
1,0.25250060994003665,0.8394083472276748
1,0.2530242626577546,0.83930181468466
1,0.2535479153754725,0.8391950932908685
1,0.2540715680931904,0.8390881832299613
1,0.25459522081090835,0.8389810846857984
1,0.2551188735286263,0.8388737978424388
1,0.25564252624634415,0.8387663228843394
1,0.2561661789640621,0.8386586599960708
1,0.25668983168178,0.838550809362431
1,0.2572134843994979,0.8384427711685021
1,0.25773713711721585,0.8383345455996221
1,0.2582607898349338,0.8382261328413847
1,0.2587844425526517,0.8381175330796395
1,0.2593080952703696,0.8380087465001793
1,0.2598317479880875,0.8378997732892515
1,0.26035540070580543,0.8377906136337572
1,0.26087905342352335,0.8376812677201428
1,0.2614027061412413,0.8375717357351959
1,0.2619263588589592,0.8374620178663577
1,0.26245001157667713,0.8373521143010692
1,0.262973664294395,0.8372420252267716
1,0.26349731701211293,0.8371317508314462
1,0.26402096972983086,0.8370212913032731
1,0.2645446224475488,0.8369106468304892
1,0.2650682751652667,0.8367998176017011
1,0.26559192788298464,0.8366888038056857
1,0.26611558060070256,0.8365776056315042
1,0.26663923331842043,0.8364662232682747
1,0.26716288603613836,0.8363546569054847
1,0.2676865387538563,0.8362429067330197
1,0.2682101914715742,0.8361309729405377
1,0.26873384418929214,0.8360188557182084
1,0.26925749690701006,0.8359065552566278
1,0.269781149624728,0.8357940717461076
1,0.27030480234244586,0.835681405377386
1,0.2708284550601638,0.8355685563416557
1,0.2713521077778817,0.8354555248302233
1,0.27187576049559964,0.835342311034367
1,0.27239941321331756,0.8352289151456489
1,0.2729230659310355,0.8351153373561147
1,0.2734467186487534,0.8350015778579802
1,0.2739703713664713,0.8348876368432343
1,0.2744940240841892,0.8347735145045192
1,0.27501767680190714,0.8346592110346762
1,0.27554132951962507,0.8345447266266603
1,0.276064982237343,0.8344300614734834
1,0.2765886349550609,0.8343152157684699
1,0.27711228767277885,0.8342001897055127
1,0.2776359403904967,0.8340849834781352
1,0.27815959310821464,0.8339695972803156
1,0.27868324582593257,0.8338540313063163
1,0.2792068985436505,0.8337382857506839
1,0.2797305512613684,0.8336223608078512
1,0.28025420397908635,0.8335062566726492
1,0.2807778566968043,0.8333899735403065
1,0.28130150941452214,0.8332735116056824
1,0.28182516213224007,0.8331568710645456
1,0.282348814849958,0.8330400521124091
1,0.2828724675676759,0.8329230549449562
1,0.28339612028539385,0.8328058797585243
1,0.2839197730031118,0.8326885267491662
1,0.2844434257208297,0.832570996113418
1,0.2849670784385476,0.8324532880477022
1,0.2854907311562655,0.8323354027491234
1,0.2860143838739834,0.8322173404145587
1,0.28653803659170135,0.8320991012411696
1,0.2870616893094193,0.8319806854264868
1,0.2875853420271372,0.8318620931681551
1,0.28810899474485513,0.8317433246639325
1,0.28863264746257306,0.8316243801116627
1,0.2891563001802909,0.8315052597099282
1,0.28967995289800885,0.8313859636567713
1,0.2902036056157268,0.8312664921507462
1,0.2907272583334447,0.8311468453910038
1,0.29125091105116263,0.8310270235760697
1,0.29177456376888056,0.8309070269052938
1,0.2922982164865985,0.8307868555781113
1,0.29282186920431635,0.8306665097938151
1,0.2933455219220343,0.8305459897522383
1,0.2938691746397522,0.8304252956532423
1,0.29439282735747013,0.8303044276969445
1,0.29491648007518806,0.8301833860834336
1,0.295440132792906,0.8300621710133953
1,0.2959637855106239,0.8299407826874017
1,0.2964874382283418,0.8298192213061668
1,0.2970110909460597,0.8296974870707459
1,0.29753474366377763,0.8295755801822793
1,0.29805839638149556,0.8294535008421349
1,0.2985820490992135,0.8293312492518794
1,0.2991057018169314,0.8292088256130796
1,0.29962935453464934,0.8290862301278707
1,0.3001530072523672,0.8289634629981038
1,0.30067665997008514,0.8288405244259422
1,0.30120031268780306,0.8287174146141751
1,0.301723965405521,0.8285941337650229
1,0.3022476181232389,0.8284706820813312
1,0.30277127084095684,0.8283470597659743
1,0.30329492355867477,0.8282232670223095
1,0.30381857627639264,0.8280993040534383
1,0.30434222899411056,0.8279751710627181
1,0.3048658817118285,0.8278508682540178
1,0.3053895344295464,0.8277263958308936
1,0.30591318714726434,0.8276017539974134
1,0.30643683986498227,0.8274769429576168
1,0.3069604925827002,0.8273519629158272
1,0.30748414530041807,0.8272268140765107
1,0.308007798018136,0.8271014966443033
1,0.3085314507358539,0.8269760108239268
1,0.30905510345357184,0.8268503568203869
1,0.30957875617128977,0.8267245348387462
1,0.3101024088890077,0.8265985450842379
1,0.3106260616067256,0.8264723877625499
1,0.3111497143244435,0.8263460630789723
1,0.3116733670421614,0.8262195712393918
1,0.31219701975987935,0.8260929124495533
1,0.3127206724775973,0.8259660869156846
1,0.3132443251953152,0.8258390948441843
1,0.3137679779130331,0.8257119364411949
1,0.31429163063075105,0.8255846119132286
1,0.3148152833484689,0.8254571214670818
1,0.31533893606618685,0.8253294653096077
1,0.3158625887839048,0.8252016436478584
1,0.3163862415016227,0.8250736566889145
1,0.3169098942193406,0.8249455046399703
1,0.31743354693705855,0.824817187708561
1,0.3179571996547765,0.8246887061025063
1,0.31848085237249435,0.824560060029512
1,0.3190045050902123,0.824431249697227
1,0.3195281578079302,0.8243022753139257
1,0.32005181052564813,0.824173137087655
1,0.32057546324336605,0.8240438352269166
1,0.321099115961084,0.8239143699402689
1,0.3216227686788019,0.8237847414363273
1,0.32214642139651983,0.8236549499236503
1,0.3226700741142377,0.8235249956114217
1,0.32319372683195563,0.8233948787086547
1,0.32371737954967356,0.8232645994243626
1,0.3242410322673915,0.8231341579682976
1,0.3247646849851094,0.8230035545497003
1,0.32528833770282733,0.8228727893782661
1,0.32581199042054526,0.822741862663861
1,0.32633564313826313,0.8226107746164075
1,0.32685929585598106,0.822479525445658
1,0.327382948573699,0.8223481153621606
1,0.3279066012914169,0.8222165445762926
1,0.32843025400913484,0.822084813298261
1,0.32895390672685276,0.8219529217386139
1,0.3294775594445707,0.821820870108354
1,0.33000121216228856,0.8216886586182568
1,0.3305248648800065,0.8215562874793818
1,0.3310485175977244,0.8214237569027318
1,0.33157217031544234,0.8212910670997644
1,0.33209582303316026,0.8211582182816528
1,0.3326194757508782,0.8210252106599683
1,0.3331431284685961,0.820892044446623
1,0.333666781186314,0.8207587198530177
1,0.3341904339040319,0.8206252370914058
1,0.33471408662174984,0.820491596373472
1,0.33523773933946777,0.820357797911754
1,0.3357613920571857,0.8202238419183914
1,0.3362850447749036,0.8200897286055806
1,0.33680869749262154,0.8199554581863708
1,0.3373323502103394,0.8198210308729017
1,0.33785600292805734,0.8196864468782223
1,0.33837965564577527,0.8195517064150977
1,0.3389033083634932,0.8194168096966905
1,0.3394269610812111,0.8192817569361637
1,0.33995061379892905,0.8191465483466231
1,0.340474266516647,0.8190111841415728
1,0.34099791923436484,0.8188756645345165
1,0.34152157195208277,0.8187399897391288
1,0.3420452246698007,0.8186041599689133
1,0.3425688773875186,0.8184681754377721
1,0.34309253010523655,0.8183320363598909
1,0.3436161828229545,0.8181957429491149
1,0.3441398355406724,0.8180592954198573
1,0.34466348825839027,0.8179226939863611
1,0.3451871409761082,0.8177859388629258
1,0.3457107936938261,0.8176490302640786
1,0.34623444641154405,0.8175119684044603
1,0.346758099129262,0.8173747534989388
1,0.3472817518469799,0.8172373857621551
1,0.34780540456469783,0.8170998654094319
1,0.3483290572824157,0.8169621926555237
1,0.3488527100001336,0.8168243677156966
1,0.34937636271785155,0.816686390805387
1,0.3499000154355695,0.8165482621395199
1,0.3504236681532874,0.8164099819342141
1,0.35094732087100533,0.8162715504047924
1,0.35147097358872326,0.8161329677667482
1,0.3519946263064412,0.8159942342360864
1,0.35251827902415905,0.815855350028869
1,0.353041931741877,0.8157163153607598
1,0.3535655844595949,0.8155771304479913
1,0.35408923717731283,0.8154377955067957
1,0.35461288989503076,0.8152983107535761
1,0.3551365426127487,0.8151586764045646
1,0.3556601953304666,0.8150188926762212
1,0.3561838480481845,0.8148789597853465
1,0.3567075007659024,0.8147388779485709
1,0.35723115348362033,0.8145986473826952
1,0.35775480620133826,0.8144582683042927
1,0.3582784589190562,0.8143177409306759
1,0.3588021116367741,0.8141770654788161
1,0.35932576435449204,0.8140362421657414
1,0.3598494170722099,0.8138952712088781
1,0.36037306978992784,0.8137541528255952
1,0.36089672250764576,0.8136128872330914
1,0.3614203752253637,0.8134714746490204
1,0.3619440279430816,0.8133299152911491
1,0.36246768066079954,0.8131882093766762
1,0.36299133337851747,0.8130463571238238
1,0.36351498609623534,0.8129043587505862
1,0.36403863881395326,0.8127622144743327
1,0.3645622915316712,0.8126199245134558
1,0.3650859442493891,0.8124774890860067
1,0.36560959696710704,0.8123349084103211
1,0.36613324968482497,0.8121921827046208
1,0.3666569024025429,0.812049312187014
1,0.36718055512026077,0.8119062970762343
1,0.3677042078379787,0.8117631375909014
1,0.3682278605556966,0.8116198339492939
1,0.36875151327341454,0.8114763863702592
1,0.36927516599113247,0.8113327950725875
1,0.3697988187088504,0.8111890602750123
1,0.3703224714265683,0.8110451821964944
1,0.3708461241442862,0.8109011610561652
1,0.3713697768620041,0.8107569970729287
1,0.37189342957972205,0.8106126904658026
1,0.37241708229743997,0.8104682414542594
1,0.3729407350151579,0.8103236502577715
1,0.3734643877328758,0.8101789170952429
1,0.37398804045059375,0.8100340421860892
1,0.3745116931683116,0.8098890257502944
1,0.37503534588602955,0.8097438680071036
1,0.3755589986037475,0.809598569176103
1,0.3760826513214654,0.8094531294772196
1,0.3766063040391833,0.8093075491300397
1,0.37712995675690125,0.8091618283544335
1,0.3776536094746192,0.8090159673706694
1,0.37817726219233705,0.8088699663982197
1,0.378700914910055,0.8087238256572391
1,0.3792245676277729,0.8085775453681663
1,0.37974822034549083,0.8084311257508148
1,0.38027187306320875,0.8082845670256802
1,0.3807955257809267,0.8081378694129739
1,0.3813191784986446,0.8079910331327937
1,0.3818428312163625,0.8078440584059763
1,0.3823664839340804,0.8076969454529035
1,0.38289013665179833,0.8075496944937299
1,0.38341378936951626,0.8074023057495197
1,0.3839374420872342,0.8072547794407683
1,0.3844610948049521,0.807107115788142
1,0.38498474752267003,0.8069593150127048
1,0.3855084002403879,0.806811377334725
1,0.38603205295810583,0.8066633029755508
1,0.38655570567582376,0.8065150921559052
1,0.3870793583935417,0.8063667450969092
1,0.3876030111112596,0.8062182620196268
1,0.38812666382897754,0.8060696431447809
1,0.38865031654669546,0.8059208886939473
1,0.3891739692644134,0.8057719988883036
1,0.38969762198213126,0.8056229739489709
1,0.3902212746998492,0.8054738140972972
1,0.3907449274175671,0.8053245195545742
1,0.39126858013528504,0.80517509054215
1,0.39179223285300296,0.8050255272817708
1,0.3923158855707209,0.8048758299945007
1,0.3928395382884388,0.8047259989019722
1,0.3933631910061567,0.8045760342262156
1,0.3938868437238746,0.8044259361884656
1,0.39441049644159254,0.8042757050102978
1,0.39493414915931047,0.8041253409136289
1,0.3954578018770284,0.8039748441203187
1,0.3959814545947463,0.803824214851943
1,0.39650510731246424,0.8036734533304752
1,0.3970287600301821,0.8035225597776616
1,0.39755241274790004,0.8033715344156462
1,0.39807606546561797,0.8032203774661753
1,0.3985997181833359,0.8030690891513927
1,0.3991233709010538,0.8029176696936133
1,0.39964702361877175,0.8027661193140716
1,0.4001706763364897,0.8026144382355938
1,0.40069432905420754,0.8024626266801533
1,0.40121798177192547,0.8023106848700081
1,0.4017416344896434,0.8021586130273022
1,0.4022652872073613,0.8020064113742364
1,0.40278893992507925,0.8018540801332392
1,0.4033125926427972,0.8017016195263977
1,0.4038362453605151,0.8015490297761403
1,0.40435989807823297,0.801396311104952
1,0.4048835507959509,0.8012434637354886
1,0.4054072035136688,0.8010904878895531
1,0.40593085623138675,0.8009373837900853
1,0.4064545089491047,0.8007841516595704
1,0.4069781616668226,0.8006307917204936
1,0.40750181438454053,0.8004773041953399
1,0.4080254671022584,0.8003236893064241
1,0.4085491198199763,0.8001699472769133
1,0.40907277253769425,0.8000160783290085
1,0.4095964252554122,0.7998620826856495
1,0.4101200779731301,0.7997079605694353
1,0.41064373069084803,0.7995537122030214
1,0.41116738340856596,0.7993993378091773
1,0.4116910361262838,0.799244837610388
1,0.41221468884400175,0.7990902118298777
1,0.4127383415617197,0.7989354606901884
1,0.4132619942794376,0.7987805844140325
1,0.41378564699715553,0.7986255832242932
1,0.41430929971487346,0.7984704573441377
1,0.4148329524325914,0.7983152069961648
1,0.41535660515030925,0.798159832403087
1,0.4158802578680272,0.7980043337881852
1,0.4164039105857451,0.7978487113740584
1,0.41692756330346303,0.7976929653837601
1,0.41745121602118096,0.7975370960404007
1,0.4179748687388989,0.7973811035665221
1,0.4184985214566168,0.7972249881855191
1,0.41902217417433474,0.797068750120161
1,0.4195458268920526,0.7969123895935013
1,0.42006947960977054,0.79675590682848
1,0.42059313232748846,0.7965993020480937
1,0.4211167850452064,0.7964425754757372
1,0.4216404377629243,0.7962857273340092
1,0.42216409048064224,0.7961287578459633
1,0.42268774319836017,0.7959716672349373
1,0.42321139591607804,0.7958144557238711
1,0.42373504863379596,0.7956571235357046
1,0.4242587013515139,0.7954996708936619
1,0.4247823540692318,0.7953420980206829
1,0.42530600678694974,0.7951844051401054
1,0.42582965950466767,0.795026592474926
1,0.4263533122223856,0.7948686602479711
1,0.42687696494010346,0.7947106086825215
1,0.4274006176578214,0.7945524380018014
1,0.4279242703755393,0.7943941484288075
1,0.42844792309325724,0.7942357401867639
1,0.42897157581097517,0.7940772134983831
1,0.4294952285286931,0.7939185685868324
1,0.430018881246411,0.7937598056758475
1,0.4305425339641289,0.7936009249880271
1,0.4310661866818468,0.7934419267462545
1,0.43158983939956475,0.7932828111740946
1,0.43211349211728267,0.7931235784942601
1,0.4326371448350006,0.7929642289299181
1,0.4331607975527185,0.7928047627045771
1,0.43368445027043645,0.7926451800408358
1,0.4342081029881543,0.792485481161691
1,0.43473175570587225,0.7923256662904805
1,0.4352554084235902,0.7921657356502578
1,0.4357790611413081,0.7920056894638492
1,0.436302713859026,0.7918455279545356
1,0.43682636657674395,0.7916852513453136
1,0.4373500192944619,0.791524859858896
1,0.43787367201217975,0.7913643537186204
1,0.4383973247298977,0.7912037331475403
1,0.4389209774476156,0.7910429983685958
1,0.4394446301653335,0.7908821496043288
1,0.43996828288305145,0.7907211870779634
1,0.4404919356007694,0.7905601110126099
1,0.4410155883184873,0.7903989216312084
1,0.4415392410362052,0.7902376191567555
1,0.4420628937539231,0.7900762038116795
1,0.44258654647164103,0.7899146758189772
1,0.44311019918935896,0.7897530354019295
1,0.4436338519070769,0.7895912827830784
1,0.4441575046247948,0.7894294181853638
1,0.44468115734251273,0.7892674418317824
1,0.4452048100602306,0.7891053539447057
1,0.44572846277794853,0.7889431547471872
1,0.44625211549566646,0.7887808444618258
1,0.4467757682133844,0.7886184233113909
1,0.4472994209311023,0.7884558915188222
1,0.44782307364882024,0.7882932493067187
1,0.44834672636653816,0.7881304968975655
1,0.44887037908425603,0.787967634514132
1,0.44939403180197396,0.7878046623790169
1,0.4499176845196919,0.787641580714876
1,0.4504413372374098,0.7874783897444217
1,0.45096498995512774,0.7873150896898551
1,0.45148864267284566,0.7871516807737748
1,0.4520122953905636,0.7869881632188935
1,0.45253594810828146,0.7868245372476395
1,0.4530596008259994,0.7866608030822135
1,0.4535832535437173,0.7864969609452146
1,0.45410690626143524,0.7863330110590709
1,0.45463055897915317,0.7861689536460403
1,0.4551542116968711,0.7860047889284374
1,0.455677864414589,0.7858405171286336
1,0.45620151713230694,0.7856761384689435
1,0.4567251698500248,0.7855116531712838
1,0.45724882256774274,0.785347061458026
1,0.45777247528546067,0.7851823635513142
1,0.4582961280031786,0.7850175596736335
1,0.4588197807208965,0.7848526500465596
1,0.45934343343861445,0.7846876348922933
1,0.45986708615633237,0.7845225144330925
1,0.46039073887405024,0.7843572888906465
1,0.46091439159176817,0.7841919584869288
1,0.4614380443094861,0.7840265234440835
1,0.461961697027204,0.7838609839836863
1,0.46248534974492195,0.7836953403277676
1,0.4630090024626399,0.7835295926983008
1,0.4635326551803578,0.7833637413166912
1,0.46405630789807567,0.7831977864046848
1,0.4645799606157936,0.7830317281842554
1,0.4651036133335115,0.7828655668766942
1,0.46562726605122945,0.7826993027035769
1,0.4661509187689474,0.7825329358868203
1,0.4666745714866653,0.7823664666478862
1,0.46719822420438323,0.7821998952077251
1,0.4677218769221011,0.78203322178814
1,0.468245529639819,0.7818664466107066
1,0.46876918235753695,0.7816995698962614
1,0.4692928350752549,0.7815325918664371
1,0.4698164877929728,0.7813655127423544
1,0.47034014051069073,0.7811983327453049
1,0.47086379322840866,0.7810310520963526
1,0.4713874459461265,0.780863671016391
1,0.47191109866384445,0.7806961897264841
1,0.4724347513815624,0.7805286084479803
1,0.4729584040992803,0.7803609274018868
1,0.47348205681699823,0.7801931468085854
1,0.47400570953471616,0.7800252668890266
1,0.4745293622524341,0.7798572878641608
1,0.47505301497015195,0.779689209954995
1,0.4755766676878699,0.7795210333819682
1,0.4761003204055878,0.7793527583653486
1,0.47662397312330573,0.7791843851261433
1,0.47714762584102366,0.7790159138847912
1,0.4776712785587416,0.778847344861731
1,0.4781949312764595,0.7786786782774584
1,0.4787185839941774,0.7785099143521848
1,0.4792422367118953,0.778341053306292
1,0.47976588942961323,0.7781720953601052
1,0.48028954214733116,0.7780030407336653
1,0.4808131948650491,0.77783388964707
1,0.481336847582767,0.777664642320758
1,0.48186050030048494,0.7774952989743156
1,0.4823841530182028,0.7773258598278403
1,0.48290780573592074,0.7771563251012594
1,0.48343145845363866,0.7769866950143296
1,0.4839551111713566,0.7768169697869212
1,0.4844787638890745,0.7766471496386771
1,0.48500241660679244,0.7764772347892404
1,0.48552606932451037,0.7763072254581402
1,0.4860497220422283,0.7761371218651902
1,0.48657337475994616,0.7759669242294649
1,0.4870970274776641,0.7757966327704935
1,0.487620680195382,0.7756262477075211
1,0.48814433291309994,0.7754557692601338
1,0.48866798563081787,0.7752851976472357
1,0.4891916383485358,0.7751145330878444
1,0.4897152910662537,0.7749437758014892
1,0.4902389437839716,0.7747729260067331
1,0.4907625965016895,0.7746019839223663
1,0.49128624921940744,0.7744309497678046
1,0.49180990193712537,0.7742598237616107
1,0.4923335546548433,0.7740886061222909
1,0.4928572073725612,0.7739172970686354
1,0.49338086009027915,0.7737458968192641
1,0.493904512807997,0.7735744055925124
1,0.49442816552571495,0.773402823607114
1,0.4949518182434329,0.7732311510811201
1,0.4954754709611508,0.7730593882329231
1,0.4959991236788687,0.7728875352809723
1,0.49652277639658665,0.7727155924432054
1,0.4970464291143046,0.7725435599374464
1,0.49757008183202245,0.7723714379819171
1,0.4980937345497404,0.7721992267948963
1,0.4986173872674583,0.7720269265936963
1,0.4991410399851762,0.771854537596198
1,0.49966469270289415,0.7716820600201686
1,0.5001883454206121,0.7715094940832046
1,0.50071199813833,0.7713368400029594
1,0.5012356508560479,0.7711640979966319
1,0.5017593035737659,0.7709912682817048
1,0.5022829562914838,0.7708183510756044
1,0.5028066090092016,0.7706453465956429
1,0.5033302617269195,0.7704722550584506
1,0.5038539144446375,0.7702990766812263
1,0.5043775671623554,0.7701258116815097
1,0.5049012198800733,0.7699524602758174
1,0.5054248725977912,0.7697790226808365
1,0.5059485253155092,0.7696054991130836
1,0.5064721780332271,0.7694318897898142
1,0.506995830750945,0.7692581949274881
1,0.5075194834686629,0.7690844147421672
1,0.5080431361863809,0.7689105494504247
1,0.5085667889040988,0.7687365992686068
1,0.5090904416218167,0.7685625644128891
1,0.5096140943395346,0.7683884450995606
1,0.5101377470572526,0.7682142415446265
1,0.5106613997749704,0.7680399539639211
1,0.5111850524926883,0.7678655825733358
1,0.5117087052104062,0.7676911275887051
1,0.5122323579281242,0.7675165892258065
1,0.5127560106458421,0.7673419677000197
1,0.51327966336356,0.7671672632270656
1,0.5138033160812779,0.7669924760226081
1,0.5143269687989959,0.7668176063014585
1,0.5148506215167138,0.7666426542788827
1,0.5153742742344317,0.7664676201704879
1,0.5158979269521496,0.7662925041914264
1,0.5164215796698676,0.7661173065560547
1,0.5169452323875855,0.765942027479241
1,0.5174688851053034,0.7657666671764787
1,0.5179925378230212,0.7655912258622948
1,0.5185161905407392,0.7654157037506479
1,0.5190398432584571,0.7652401010566905
1,0.519563495976175,0.7650644179943242
1,0.5200871486938929,0.7648886547783604
1,0.5206108014116109,0.7647128116229283
1,0.5211344541293288,0.7645368887418158
1,0.5216581068470467,0.7643608863493796
1,0.5221817595647646,0.7641848046592372
1,0.5227054122824826,0.7640086438855747
1,0.5232290650002005,0.7638324042420663
1,0.5237527177179184,0.7636560859419887
1,0.5242763704356364,0.7634796891991869
1,0.5248000231533543,0.763303214227335
1,0.5253236758710721,0.7631266612393119
1,0.52584732858879,0.7629500304482804
1,0.526370981306508,0.762773322067801
1,0.5268946340242259,0.7625965363108094
1,0.5274182867419438,0.762419673389843
1,0.5279419394596617,0.7622427335183488
1,0.5284655921773797,0.7620657169087508
1,0.5289892448950976,0.7618886237733591
1,0.5295128976128155,0.7617114543252228
1,0.5300365503305334,0.7615342087765384
1,0.5305602030482514,0.7613568873393319
1,0.5310838557659693,0.7611794902263114
1,0.5316075084836872,0.7610020176494459
1,0.5321311612014051,0.7608244698205908
1,0.532654813919123,0.7606468469517154
1,0.5331784666368409,0.7604691492544475
1,0.5337021193545588,0.7602913769405859
1,0.5342257720722767,0.7601135302217585
1,0.5347494247899947,0.7599356093094798
1,0.5352730775077126,0.759757614414923
1,0.5357967302254305,0.7595795457494319
1,0.5363203829431484,0.7594014035240662
1,0.5368440356608664,0.7592231879498286
1,0.5373676883785843,0.7590448992378924
1,0.5378913410963022,0.7588665375989194
1,0.5384149938140201,0.7586881032436281
1,0.5389386465317381,0.7585095963824529
1,0.539462299249456,0.7583310172257143
1,0.5399859519671739,0.7581523659841878
1,0.5405096046848917,0.7579736428684214
1,0.5410332574026097,0.7577948480877126
1,0.5415569101203276,0.7576159818522683
1,0.5420805628380455,0.7574370443722955
1,0.5426042155557634,0.7572580358578307
1,0.5431278682734814,0.7570789565179439
1,0.5436515209911993,0.756899806562501
1,0.5441751737089172,0.7567205862008564
1,0.5446988264266351,0.7565412956424211
1,0.5452224791443531,0.7563619350966633
1,0.545746131862071,0.7561825047721982
1,0.5462697845797889,0.7560030048782664
1,0.5467934372975068,0.7558234356237676
1,0.5473170900152248,0.755643797217374
1,0.5478407427329426,0.7554640898678144
1,0.5483643954506605,0.755284313783477
1,0.5488880481683784,0.7551044691728066
1,0.5494117008860964,0.7549245562441342
1,0.5499353536038143,0.7547445752056774
1,0.5504590063215322,0.7545645262652556
1,0.5509826590392501,0.7543844096309726
1,0.5515063117569681,0.7542042255104775
1,0.552029964474686,0.754023974111476
1,0.5525536171924039,0.7538436556416741
1,0.5530772699101218,0.7536632703084933
1,0.5536009226278398,0.7534828183190712
1,0.5541245753455577,0.7533022998807155
1,0.5546482280632756,0.7531217152004501
1,0.5551718807809934,0.7529410644850714
1,0.5556955334987114,0.7527603479416598
1,0.5562191862164293,0.7525795657768981
1,0.5567428389341472,0.7523987181971279
1,0.5572664916518651,0.7522178054089181
1,0.5577901443695831,0.7520368276185536
1,0.558313797087301,0.7518557850324328
1,0.5588374498050189,0.751674677856613
1,0.5593611025227369,0.7514935062964128
1,0.5598847552404548,0.7513122705581736
1,0.5604084079581727,0.7511309708476688
1,0.5609320606758906,0.7509496073703303
1,0.5614557133936086,0.7507681803315336
1,0.5619793661113265,0.7505866899365969
1,0.5625030188290443,0.750405136390782
1,0.5630266715467622,0.7502235198988956
1,0.5635503242644802,0.7500418406661424
1,0.5640739769821981,0.749860098897102
1,0.564597629699916,0.7496782947965244
1,0.5651212824176339,0.7494964285689889
1,0.5656449351353519,0.7493145004187909
1,0.5661685878530698,0.7491325105502256
1,0.5666922405707877,0.7489504591675313
1,0.5672158932885056,0.7487683464744919
1,0.5677395460062236,0.7485861726749476
1,0.5682631987239415,0.7484039379729097
1,0.5687868514416594,0.7482216425719912
1,0.5693105041593773,0.748039286675521
1,0.5698341568770953,0.7478568704864301
1,0.5703578095948131,0.7476743942086728
1,0.570881462312531,0.7474918580450662
1,0.5714051150302489,0.7473092621981436
1,0.5719287677479669,0.7471266068710065
1,0.5724524204656848,0.7469438922664153
1,0.5729760731834027,0.74676111858696
1,0.5734997259011206,0.7465782860347758
1,0.5740233786188386,0.7463953948121684
1,0.5745470313365565,0.746212445121273
1,0.5750706840542744,0.7460294371638838
1,0.5755943367719923,0.7458463711424201
1,0.5761179894897103,0.7456632472582214
1,0.5766416422074282,0.7454800657127407
1,0.5771652949251461,0.7452968267073743
1,0.5776889476428639,0.7451135304436889
1,0.5782126003605819,0.7449301771229102
1,0.5787362530782998,0.7447467669458092
1,0.5792599057960177,0.7445633001130432
1,0.5797835585137356,0.7443797768257241
1,0.5803072112314536,0.7441961972843387
1,0.5808308639491715,0.7440125616892601
1,0.5813545166668894,0.7438288702410887
1,0.5818781693846073,0.7436451231395722
1,0.5824018221023253,0.7434613205849132
1,0.5829254748200432,0.7432774627773142
1,0.5834491275377611,0.7430935499161251
1,0.583972780255479,0.7429095822009231
1,0.584496432973197,0.7427255598313991
1,0.5850200856909148,0.7425414830067893
1,0.5855437384086327,0.7423573519261026
1,0.5860673911263506,0.7421731667884615
1,0.5865910438440686,0.741988927793102
1,0.5871146965617865,0.7418046351383509
1,0.5876383492795044,0.7416202890227623
1,0.5881620019972224,0.7414358896452313
1,0.5886856547149403,0.7412514372036298
1,0.5892093074326582,0.7410669318962277
1,0.5897329601503761,0.7408823739210106
1,0.590256612868094,0.740697763476021
1,0.590780265585812,0.7405131007587897
1,0.5913039183035299,0.7403283859669045
1,0.5918275710212478,0.7401436192980668
1,0.5923512237389656,0.739958800949239
1,0.5928748764566836,0.739773931117611
1,0.5933985291744015,0.7395890100002589
1,0.5939221818921194,0.7394040377938609
1,0.5944458346098374,0.7392190146952657
1,0.5949694873275553,0.739033940901038
1,0.5954931400452732,0.7388488166074012
1,0.5960167927629911,0.7386636420107493
1,0.5965404454807091,0.7384784173070784
1,0.597064098198427,0.7382931426923847
1,0.5975877509161449,0.7381078183624368
1,0.5981114036338628,0.7379224445126056
1,0.5986350563515808,0.7377370213387735
1,0.5991587090692987,0.7375515490362545
1,0.5996823617870165,0.7373660277999079
1,0.6002060145047344,0.7371804578249908
1,0.6007296672224524,0.7369948393067034
1,0.6012533199401703,0.7368091724390524
1,0.6017769726578882,0.7366234574170107
1,0.6023006253756061,0.7364376944350965
1,0.6028242780933241,0.7362518836873733
1,0.603347930811042,0.7360660253681317
1,0.6038715835287599,0.7358801196710374
1,0.6043952362464778,0.7356941667902106
1,0.6049188889641958,0.7355081669194306
1,0.6054425416819137,0.7353221202517943
1,0.6059661943996316,0.7351360269805127
1,0.6064898471173495,0.7349498872992513
1,0.6070134998350675,0.7347637014012207
1,0.6075371525527853,0.7345774694786655
1,0.6080608052705032,0.7343911917243986
1,0.6085844579882211,0.7342048683313465
1,0.6091081107059391,0.7340184994918673
1,0.609631763423657,0.7338320853979781
1,0.6101554161413749,0.7336456262416959
1,0.6106790688590928,0.7334591222153222
1,0.6112027215768108,0.7332725735105328
1,0.6117263742945287,0.7330859803188332
1,0.6122500270122466,0.7328993428316153
1,0.6127736797299645,0.7327126612403845
1,0.6132973324476825,0.7325259357360778
1,0.6138209851654004,0.7323391665099734
1,0.6143446378831183,0.732152353752781
1,0.6148682906008361,0.7319654976549259
1,0.6153919433185541,0.7317785984072316
1,0.615915596036272,0.7315916561999529
1,0.6164392487539899,0.7314046712232312
1,0.6169629014717078,0.7312176436672644
1,0.6174865541894258,0.7310305737214549
1,0.6180102069071437,0.7308434615760575
1,0.6185338596248616,0.7306563074205883
1,0.6190575123425796,0.7304691114441653
1,0.6195811650602975,0.7302818738359065
1,0.6201048177780154,0.7300945947851005
1,0.6206284704957333,0.7299072744806949
1,0.6211521232134513,0.7297199131114667
1,0.6216757759311692,0.729532510865738
1,0.622199428648887,0.7293450679321154
1,0.6227230813666049,0.7291575844988643
1,0.6232467340843229,0.7289700607540226
1,0.6237703868020408,0.7287824968854579
1,0.6242940395197587,0.7285948930809241
1,0.6248176922374766,0.7284072495282317
1,0.6253413449551946,0.7282195664144524
1,0.6258649976729125,0.7280318439271127
1,0.6263886503906304,0.7278440822532843
1,0.6269123031083483,0.7276562815799252
1,0.6274359558260663,0.7274684420938229
1,0.6279596085437842,0.7272805639814806
1,0.6284832612615021,0.7270926474294015
1,0.62900691397922,0.7269046926237479
1,0.6295305666969379,0.7267166997507388
1,0.6300542194146558,0.7265286689965365
1,0.6305778721323737,0.7263406005466777
1,0.6311015248500916,0.7261524945864721
1,0.6316251775678096,0.7259643513020251
1,0.6321488302855275,0.725776170878305
1,0.6326724830032454,0.72558795350011
1,0.6331961357209633,0.7253996993530336
1,0.6337197884386813,0.7252114086211918
1,0.6342434411563992,0.7250230814897805
1,0.6347670938741171,0.7248347181430859
1,0.635290746591835,0.7246463187647691
1,0.635814399309553,0.7244578835396851
1,0.6363380520272709,0.7242694126515516
1,0.6368617047449887,0.7240809062840299
1,0.6373853574627066,0.7238923646208377
1,0.6379090101804246,0.7237037878454089
1,0.6384326628981425,0.7235151761405518
1,0.6389563156158604,0.723326529690155
1,0.6394799683335783,0.7231378486767426
1,0.6400036210512963,0.7229491332828388
1,0.6405272737690142,0.7227603836914227
1,0.6410509264867321,0.7225716000843363
1,0.64157457920445,0.7223827826444449
1,0.642098231922168,0.7221939315537043
1,0.6426218846398859,0.7220050469936723
1,0.6431455373576038,0.7218161291464753
1,0.6436691900753218,0.7216271781932164
1,0.6441928427930397,0.7214381943153967
1,0.6447164955107575,0.7212491776948013
1,0.6452401482284754,0.721060128511624
1,0.6457638009461933,0.7208710469472521
1,0.6462874536639113,0.7206819331823908
1,0.6468111063816292,0.7204927873972338
1,0.6473347590993471,0.7203036097723725
1,0.647858411817065,0.7201144004877165
1,0.648382064534783,0.7199251597236866
1,0.6489057172525009,0.7197358876598514
1,0.6494293699702188,0.7195465844757223
1,0.6499530226879368,0.7193572503512655
1,0.6504766754056547,0.7191678854653105
1,0.6510003281233726,0.7189784899970846
1,0.6515239808410905,0.7187890641255308
1,0.6520476335588083,0.7185996080297627
1,0.6525712862765263,0.7184101218880414
1,0.6530949389942442,0.7182206058788552
1,0.6536185917119621,0.7180310601806923
1,0.65414224442968,0.7178414849711316
1,0.654665897147398,0.7176518804286616
1,0.6551895498651159,0.7174622467306335
1,0.6557132025828338,0.7172725840546832
1,0.6562368553005518,0.7170828925782757
1,0.6567605080182697,0.7168931724785352
1,0.6572841607359876,0.7167034239327563
1,0.6578078134537055,0.7165136471171536
1,0.6583314661714235,0.7163238422090217
1,0.6588551188891414,0.7161340093847457
1,0.6593787716068592,0.7159441488204266
1,0.6599024243245771,0.715754260692222
1,0.6604260770422951,0.715564345176233
1,0.660949729760013,0.7153744024485604
1,0.6614733824777309,0.715184432684282
1,0.6619970351954488,0.714994436058646
1,0.6625206879131668,0.7148044127477533
1,0.6630443406308847,0.7146143629261132
1,0.6635679933486026,0.7144242867686899
1,0.6640916460663205,0.7142341844502198
1,0.6646152987840385,0.7140440561453261
1,0.6651389515017564,0.7138539020284043
1,0.6656626042194743,0.7136637222732816
1,0.6661862569371922,0.7134735170546946
1,0.6667099096549101,0.7132832865456749
1,0.667233562372628,0.7130930309201631
1,0.6677572150903459,0.7129027503519865
1,0.6682808678080638,0.7127124450140627
1,0.6688045205257818,0.7125221150795369
1,0.6693281732434997,0.7123317607213266
1,0.6698518259612176,0.7121413821123497
1,0.6703754786789355,0.7119509794250689
1,0.6708991313966535,0.7117605528316062
1,0.6714227841143714,0.7115701025045382
1,0.6719464368320893,0.7113796286162142
1,0.6724700895498072,0.7111891313377328
1,0.6729937422675252,0.7109986108408748
1,0.6735173949852431,0.7108080672976484
1,0.674041047702961,0.7106175008789251
1,0.6745647004206788,0.7104269117563717
1,0.6750883531383968,0.710236300100064
1,0.6756120058561147,0.7100456660812142
1,0.6761356585738326,0.7098550098708074
1,0.6766593112915505,0.7096643316384643
1,0.6771829640092685,0.7094736315547152
1,0.6777066167269864,0.709282909790204
1,0.6782302694447043,0.7090921665139831
1,0.6787539221624223,0.7089014018959006
1,0.6792775748801402,0.7087106161056909
1,0.6798012275978581,0.7085198093122926
1,0.680324880315576,0.7083289816850993
1,0.680848533033294,0.7081381333929357
1,0.6813721857510119,0.707947264604968
1,0.6818958384687297,0.7077563754892253
1,0.6824194911864476,0.7075654662140778
1,0.6829431439041656,0.7073745369483504
1,0.6834667966218835,0.7071835878592765
1,0.6839904493396014,0.7069926191152263
1,0.6845141020573193,0.7068016308842289
1,0.6850377547750373,0.7066106233328355
1,0.6855614074927552,0.706419596628507
1,0.6860850602104731,0.7062285509388175
1,0.686608712928191,0.7060374864305459
1,0.687132365645909,0.7058464032703569
1,0.6876560183636269,0.705655301624688
1,0.6881796710813448,0.7054641816599769
1,0.6887033237990627,0.7052730435426611
1,0.6892269765167806,0.7050818874386096
1,0.6897506292344985,0.7048907135135778
1,0.6902742819522164,0.7046995219327528
1,0.6907979346699343,0.7045083128622309
1,0.6913215873876523,0.7043170864671993
1,0.6918452401053702,0.7041258429125037
1,0.6923688928230881,0.7039345823631038
1,0.692892545540806,0.7037433049837318
1,0.693416198258524,0.7035520109390063
1,0.6939398509762419,0.7033607003932048
1,0.6944635036939598,0.7031693735102635
1,0.6949871564116777,0.7029780304540054
1,0.6955108091293957,0.7027866713889352
1,0.6960344618471136,0.702595296478421
1,0.6965581145648314,0.7024039058851486
1,0.6970817672825493,0.7022124997729406
1,0.6976054200002673,0.7020210783050516
1,0.6981290727179852,0.7018296416439398
1,0.6986527254357031,0.7016381899520638
1,0.699176378153421,0.7014467233923369
1,0.699700030871139,0.7012552421271039
1,0.7002236835888569,0.7010637463179137
1,0.7007473363065748,0.7008722361271111
1,0.7012709890242927,0.7006807117164726
1,0.7017946417420107,0.7004891732470924
1,0.7023182944597286,0.7002976208808604
1,0.7028419471774465,0.7001060547787574
1,0.7033655998951645,0.6999144751015365
1,0.7038892526128824,0.6997228820102919
1,0.7044129053306002,0.6995312756652083
1,0.7049365580483181,0.6993396562271528
1,0.705460210766036,0.6991480238564236
1,0.705983863483754,0.6989563787124098
1,0.7065075162014719,0.6987647209556371
1,0.7070311689191898,0.6985730507454946
1,0.7075548216369077,0.6983813682411437
1,0.7080784743546257,0.6981896736026556
1,0.7086021270723436,0.697997966988396
1,0.7091257797900615,0.6978062485575265
1,0.7096494325077795,0.6976145184692086
1,0.7101730852254974,0.6974227768812398
1,0.7106967379432153,0.6972310239520993
1,0.7112203906609332,0.6970392598401531
1,0.711744043378651,0.6968474847036532
1,0.712267696096369,0.6966556987002832
1,0.7127913488140869,0.6964639019870447
1,0.7133150015318048,0.6962720947217349
1,0.7138386542495228,0.6960802770616965
1,0.7143623069672407,0.6958884491637036
1,0.7148859596849586,0.6956966111849852
1,0.7154096124026765,0.6955047632819742
1,0.7159332651203945,0.6953129056107628
1,0.7164569178381124,0.6951210383278976
1,0.7169805705558303,0.6949291615896982
1,0.7175042232735482,0.6947372755521428
1,0.7180278759912662,0.6945453803703003
1,0.7185515287089841,0.6943534762000354
1,0.7190751814267019,0.6941615631968716
1,0.7195988341444198,0.6939696415155368
1,0.7201224868621378,0.693777711311327
1,0.7206461395798557,0.6935857727386292
1,0.7211697922975736,0.6933938259525121
1,0.7216934450152915,0.6932018711069077
1,0.7222170977330095,0.6930099083563164
1,0.7227407504507274,0.6928179378545565
1,0.7232644031684453,0.6926259597553326
1,0.7237880558861632,0.6924339742125767
1,0.7243117086038812,0.6922419813795386
1,0.7248353613215991,0.6920499814093546
1,0.725359014039317,0.691857974455047
1,0.7258826667570349,0.6916659606697522
1,0.7264063194747528,0.6914739402058103
1,0.7269299721924707,0.6912819132160166
1,0.7274536249101886,0.6910898798527114
1,0.7279772776279065,0.690897840267553
1,0.7285009303456245,0.6907057946124269
1,0.7290245830633424,0.6905137430395598
1,0.7295482357810603,0.690321685700269
1,0.7300718884987782,0.6901296227458715
1,0.7305955412164962,0.6899375543273436
1,0.7311191939342141,0.689745480595434
1,0.731642846651932,0.6895534017015734
1,0.73216649936965,0.689361317796056
1,0.7326901520873679,0.6891692290290621
1,0.7332138048050858,0.6889771355508856
1,0.7337374575228036,0.6887850375118205
1,0.7342611102405215,0.688592935061024
1,0.7347847629582395,0.6884008283484491
1,0.7353084156759574,0.6882087175240486
1,0.7358320683936753,0.6880166027362975
1,0.7363557211113932,0.6878244841341257
1,0.7368793738291112,0.6876323618672586
1,0.7374030265468291,0.6874402360840577
1,0.737926679264547,0.6872481069324294
1,0.738450331982265,0.6870559745609626
1,0.7389739846999829,0.6868638391179047
1,0.7394976374177008,0.6866717007512761
1,0.7400212901354187,0.6864795596081876
1,0.7405449428531367,0.6862874158367731
1,0.7410685955708546,0.686095269584257
1,0.7415922482885724,0.6859031209974091
1,0.7421159010062903,0.6857109702235675
1,0.7426395537240083,0.6855188174090472
1,0.7431632064417262,0.6853266627006178
1,0.7436868591594441,0.6851345062449354
1,0.744210511877162,0.6849423481878603
1,0.74473416459488,0.6847501886753662
1,0.7452578173125979,0.6845580278534271
1,0.7457814700303158,0.6843658658674485
1,0.7463051227480337,0.6841737028629495
1,0.7468287754657517,0.683981538985222
1,0.7473524281834696,0.6837893743788754
1,0.7478760809011875,0.6835972091893154
1,0.7483997336189054,0.6834050435609242
1,0.7489233863366233,0.6832128776381978
1,0.7494470390543412,0.6830207115654048
1,0.7499706917720591,0.6828285454862453
1,0.750494344489777,0.682636379545329
1,0.751017997207495,0.6824442138855602
1,0.7515416499252129,0.6822520486509802
1,0.7520653026429308,0.6820598839849481
1,0.7525889553606487,0.6818677200296861
1,0.7531126080783667,0.681675556929008
1,0.7536362607960846,0.6814833948257046
1,0.7541599135138025,0.6812912338617707
1,0.7546835662315204,0.6810990741801106
1,0.7552072189492384,0.6809069159219234
1,0.7557308716669563,0.6807147592298861
1,0.7562545243846741,0.6805226042461072
1,0.756778177102392,0.6803304511111037
1,0.75730182982011,0.6801382999673251
1,0.7578254825378279,0.6799461509554021
1,0.7583491352555458,0.6797540042164201
1,0.7588727879732637,0.6795618598911233
1,0.7593964406909817,0.6793697181201424
1,0.7599200934086996,0.6791775790443353
1,0.7604437461264175,0.6789854428030822
1,0.7609673988441354,0.6787933095368999
1,0.7614910515618534,0.678601179386078
1,0.7620147042795713,0.6784090524896556
1,0.7625383569972892,0.67821692898724
1,0.7630620097150072,0.6780248090180976
1,0.763585662432725,0.6778326927213811
1,0.7641093151504429,0.6776405802357885
1,0.7646329678681608,0.6774484717002451
1,0.7651566205858787,0.6772563672533352
1,0.7656802733035967,0.6770642670334155
1,0.7662039260213146,0.6768721711781609
1,0.7667275787390325,0.6766800798258146
1,0.7672512314567504,0.6764879931139376
1,0.7677748841744684,0.6762959111802047
1,0.7682985368921863,0.676103834162177
1,0.7688221896099042,0.6759117621966197
1,0.7693458423276222,0.6757196954208666
1,0.7698694950453401,0.6755276339715692
1,0.770393147763058,0.6753355779849244
1,0.7709168004807758,0.6751435275980384
1,0.7714404531984937,0.6749514829466534
1,0.7719641059162117,0.6747594441667388
1,0.7724877586339296,0.6745674113942641
1,0.7730114113516475,0.6743753847649714
1,0.7735350640693655,0.674183364414148
1,0.7740587167870834,0.6739913504770811
1,0.7745823695048013,0.6737993430888309
1,0.7751060222225192,0.6736073423841162
1,0.7756296749402372,0.673415348497997
1,0.7761533276579551,0.6732233615647374
1,0.776676980375673,0.6730313817182605
1,0.7772006330933909,0.6728394090931715
1,0.7777242858111089,0.6726474438230525
1,0.7782479385288268,0.672455486042054
1,0.7787715912465446,0.6722635358833031
1,0.7792952439642625,0.6720715934799273
1,0.7798188966819805,0.6718796589657359
1,0.7803425493996984,0.6716877324730604
1,0.7808662021174163,0.6714958141352554
1,0.7813898548351342,0.6713039040844251
1,0.7819135075528522,0.6711120024526736
1,0.7824371602705701,0.6709201093729007
1,0.782960812988288,0.6707282249768696
1,0.7834844657060059,0.6705363493962295
1,0.7840081184237239,0.6703444827624025
1,0.7845317711414418,0.6701526252071517
1,0.7850554238591597,0.6699607768617852
1,0.7855790765768776,0.6697689378570431
1,0.7861027292945955,0.6695771083240061
1,0.7866263820123134,0.6693852883928457
1,0.7871500347300313,0.6691934781945292
1,0.7876736874477492,0.6690016778595691
1,0.7881973401654672,0.6688098875172273
1,0.7887209928831851,0.6686181072979025
1,0.789244645600903,0.6684263373314252
1,0.7897682983186209,0.6682345777470573
1,0.7902919510363389,0.6680428286737197
1,0.7908156037540568,0.6678510902413564
1,0.7913392564717747,0.6676593625788882
1,0.7918629091894926,0.6674676458140993
1,0.7923865619072106,0.6672759400761379
1,0.7929102146249285,0.6670842454936974
1,0.7934338673426463,0.6668925621945618
1,0.7939575200603642,0.6667008903066289
1,0.7944811727780822,0.6665092299580238
1,0.7950048254958001,0.6663175812760755
1,0.795528478213518,0.6661259443883409
1,0.796052130931236,0.6659343194218081
1,0.7965757836489539,0.6657427065038064
1,0.7970994363666718,0.6655511057612102
1,0.7976230890843897,0.6653595173203257
1,0.7981467418021077,0.6651679413078
1,0.7986703945198256,0.6649763778499391
1,0.7991940472375435,0.6647848270728218
1,0.7997176999552614,0.6645932891024131
1,0.8002413526729794,0.6644017640639959
1,0.8007650053906972,0.6642102520838762
1,0.8012886581084151,0.6640187532865411
1,0.801812310826133,0.6638272677973873
1,0.802335963543851,0.6636357957415839
1,0.8028596162615689,0.6634443372437318
1,0.8033832689792868,0.6632528924283179
1,0.8039069216970047,0.6630614614198294
1,0.8044305744147227,0.6628700443427533
1,0.8049542271324406,0.6626786413203263
1,0.8054778798501585,0.6624872524766943
1,0.8060015325678764,0.6622958779356622
1,0.8065251852855944,0.6621045178205804
1,0.8070488380033123,0.6619131722549128
1,0.8075724907210302,0.6617218413608725
1,0.8080961434387481,0.6615305252620374
1,0.808619796156466,0.661339224080848
1,0.8091434488741839,0.6611479379399725
1,0.8096671015919018,0.6609566669617379
1,0.8101907543096197,0.6607654112676755
1,0.8107144070273377,0.660574170980226
1,0.8112380597450556,0.6603829462209205
1,0.8117617124627735,0.6601917371114041
1,0.8122853651804914,0.6600005437732079
1,0.8128090178982094,0.6598093663267264
1,0.8133326706159273,0.6596182048936043
1,0.8138563233336452,0.6594270595945773
1,0.8143799760513631,0.6592359305496984
1,0.8149036287690811,0.6590448178802717
1,0.815427281486799,0.6588537217058956
1,0.8159509342045168,0.6586626421467372
1,0.8164745869222347,0.6584715793220539
1,0.8169982396399527,0.6582805333526949
1,0.8175218923576706,0.6580895043571218
1,0.8180455450753885,0.6578984924545921
1,0.8185691977931064,0.6577074977651591
1,0.8190928505108244,0.6575165204069435
1,0.8196165032285423,0.657325560498748
1,0.8201401559462602,0.657134618159148
1,0.8206638086639781,0.6569436935063777
1,0.8211874613816961,0.6567527866586715
1,0.821711114099414,0.6565618977340364
1,0.8222347668171319,0.6563710268501382
1,0.8227584195348498,0.656180174124529
1,0.8232820722525677,0.6559893396748748
1,0.8238057249702856,0.6557985236178183
1,0.8243293776880035,0.6556077260712527
1,0.8248530304057214,0.6554169471512523
1,0.8253766831234394,0.6552261869745735
1,0.8259003358411573,0.6550354456578589
1,0.8264239885588752,0.6548447233170691
1,0.8269476412765931,0.6546540200689606
1,0.8274712939943111,0.6544633360289254
1,0.827994946712029,0.654272671312583
1,0.8285185994297469,0.6540820260356668
1,0.8290422521474649,0.653891400313455
1,0.8295659048651828,0.6537007942608852
1,0.8300895575829007,0.6535102079933495
1,0.8306132103006185,0.6533196416260125
1,0.8311368630183364,0.6531290952718791
1,0.8316605157360544,0.6529385690465688
1,0.8321841684537723,0.6527480630643367
1,0.8327078211714902,0.6525575774387562
1,0.8332314738892082,0.6523671122839687
1,0.8337551266069261,0.6521766677133201
1,0.834278779324644,0.6519862438404971
1,0.8348024320423619,0.6517958407789592
1,0.8353260847600799,0.6516054586414839
1,0.8358497374777978,0.6514150975410757
1,0.8363733901955157,0.6512247575903984
1,0.8368970429132336,0.651034438902343
1,0.8374206956309516,0.6508441415890047
1,0.8379443483486695,0.6506538657624787
1,0.8384680010663873,0.650463611534633
1,0.8389916537841052,0.6502733790177899
1,0.8395153065018232,0.6500831683232491
1,0.8400389592195411,0.6498929795623098
1,0.840562611937259,0.6497028128461579
1,0.8410862646549769,0.6495126682864338
1,0.8416099173726949,0.6493225459937548
1,0.8421335700904128,0.6491324460782835
1,0.8426572228081307,0.6489423686510918
1,0.8431808755258486,0.6487523138223423
1,0.8437045282435666,0.648562281702084
1,0.8442281809612845,0.6483722724005929
1,0.8447518336790024,0.6481822860274633
1,0.8452754863967203,0.6479923226921755
1,0.8457991391144382,0.6478023825039827
1,0.8463227918321561,0.6476124655723652
1,0.846846444549874,0.6474225720068034
1,0.8473700972675919,0.6472327019151862
1,0.8478937499853099,0.647042855406653
1,0.8484174027030278,0.6468530325895472
1,0.8489410554207457,0.6466632335725535
1,0.8494647081384636,0.6464734584636744
1,0.8499883608561816,0.6462837073706851
1,0.8505120135738995,0.6460939804010195
1,0.8510356662916174,0.6459042776626802
1,0.8515593190093353,0.6457145992633286
1,0.8520829717270533,0.6455249453093757
1,0.8526066244447712,0.6453353159082553
1,0.853130277162489,0.6451457111674017
1,0.8536539298802069,0.6449561311924299
1,0.8541775825979249,0.6447665760899781
1,0.8547012353156428,0.6445770459667983
1,0.8552248880333607,0.644387540929074
1,0.8557485407510786,0.6441980610820792
1,0.8562721934687966,0.6440086065322248
1,0.8567958461865145,0.6438191773847848
1,0.8573194989042324,0.6436297737450332
1,0.8578431516219504,0.6434403957183576
1,0.8583668043396683,0.6432510434096912
1,0.8588904570573862,0.643061716923512
1,0.8594141097751041,0.6428724163648667
1,0.859937762492822,0.6426831418386882
1,0.8604614152105399,0.6424938934485454
1,0.8609850679282578,0.6423046712982341
1,0.8615087206459757,0.6421154754925738
1,0.8620323733636936,0.6419263061352467
1,0.8625560260814116,0.6417371633289122
1,0.8630796787991295,0.6415480471774799
1,0.8636033315168474,0.6413589577846324
1,0.8641269842345654,0.6411698952530287
1,0.8646506369522833,0.6409808596851008
1,0.8651742896700012,0.6407918511837352
1,0.8656979423877191,0.6406028698517048
1,0.8662215951054371,0.6404139157911004
1,0.866745247823155,0.6402249891040128
1,0.8672689005408729,0.6400360898926465
1,0.8677925532585907,0.6398472182585238
1,0.8683162059763087,0.6396583743029396
1,0.8688398586940266,0.6394695581278711
1,0.8693635114117445,0.6392807698341585
1,0.8698871641294624,0.6390920095228694
1,0.8704108168471804,0.638903277294844
1,0.8709344695648983,0.6387145732511499
1,0.8714581222826162,0.6385258974919452
1,0.8719817750003341,0.6383372501173881
1,0.8725054277180521,0.6381486312279776
1,0.87302908043577,0.6379600409233035
1,0.8735527331534879,0.6377714793037512
1,0.8740763858712058,0.6375829464686831
1,0.8746000385889238,0.6373944425168929
1,0.8751236913066417,0.6372059675481978
1,0.8756473440243595,0.6370175216617326
1,0.8761709967420774,0.636829104956405
1,0.8766946494597954,0.6366407175310087
1,0.8772183021775133,0.6364523594833145
1,0.8777419548952312,0.6362640309124572
1,0.8782656076129491,0.636075731916776
1,0.8787892603306671,0.6358874625933595
1,0.879312913048385,0.6356992230406604
1,0.8798365657661029,0.6355110133564494
1,0.8803602184838208,0.6353228336379289
1,0.8808838712015388,0.6351346839821872
1,0.8814075239192567,0.6349465644869952
1,0.8819311766369746,0.6347584752491002
1,0.8824548293546925,0.6345704163644541
1,0.8829784820724104,0.6343823879304864
1,0.8835021347901283,0.6341943900437172
1,0.8840257875078462,0.6340064227997573
1,0.8845494402255641,0.6338184862947855
1,0.8850730929432821,0.6336305806250948
1,0.885596745661,0.633442705886182
1,0.8861203983787179,0.6332548621734304
1,0.8866440510964358,0.6330670495824506
1,0.8871677038141538,0.6328792682082849
1,0.8876913565318717,0.6326915181458617
1,0.8882150092495896,0.6325037994899958
1,0.8887386619673076,0.6323161123353884
1,0.8892623146850255,0.6321284567767407
1,0.8897859674027434,0.6319408329081853
1,0.8903096201204612,0.6317532408235138
1,0.8908332728381791,0.6315656806172001
1,0.8913569255558971,0.6313781523826947
1,0.891880578273615,0.6311906562136755
1,0.8924042309913329,0.6310031922037069
1,0.8929278837090509,0.6308157604458984
1,0.8934515364267688,0.6306283610334731
1,0.8939751891444867,0.6304409940591995
1,0.8944988418622046,0.6302536596157324
1,0.8950224945799226,0.6300663577956129
1,0.8955461472976405,0.6298790886913821
1,0.8960698000153584,0.629691852395581
1,0.8965934527330763,0.6295046489996139
1,0.8971171054507943,0.6293174785953397
1,0.8976407581685121,0.6291303412750722
1,0.89816441088623,0.6289432371297607
1,0.8986880636039479,0.6287561662508097
1,0.8992117163216659,0.6285691287295094
1,0.8997353690393838,0.6283821246572643
1,0.9002590217571017,0.6281951541242279
1,0.9007826744748196,0.6280082172211223
1,0.9013063271925376,0.6278213140390108
1,0.9018299799102555,0.6276344446675921
1,0.9023536326279734,0.62744760919702
1,0.9028772853456913,0.6272608077176756
1,0.9034009380634093,0.6270740403191439
1,0.9039245907811272,0.6268873070910104
1,0.9044482434988451,0.626700608122519
1,0.9049718962165629,0.6265139435031415
1,0.9054955489342809,0.6263273133223493
1,0.9060192016519988,0.6261407176685907
1,0.9065428543697167,0.6259541566304279
1,0.9070665070874346,0.6257676302968775
1,0.9075901598051526,0.6255811387565018
1,0.9081138125228705,0.6253946820971805
1,0.9086374652405884,0.6252082604067937
1,0.9091611179583063,0.6250218737736759
1,0.9096847706760243,0.6248355222857072
1,0.9102084233937422,0.6246492060300852
1,0.9107320761114601,0.6244629250941216
1,0.911255728829178,0.6242766795654688
1,0.911779381546896,0.6240904695307563
1,0.9123030342646139,0.6239042950768408
1,0.9128266869823317,0.6237181562910337
1,0.9133503397000496,0.6235320532591686
1,0.9138739924177676,0.6233459860681023
1,0.9143976451354855,0.6231599548041231
1,0.9149212978532034,0.6229739595527235
1,0.9154449505709213,0.6227880003999644
1,0.9159686032886393,0.6226020774320205
1,0.9164922560063572,0.622416190733702
1,0.9170159087240751,0.6222303403908427
1,0.917539561441793,0.6220445264887076
1,0.918063214159511,0.6218587491118797
1,0.9185868668772289,0.6216730083453967
1,0.9191105195949468,0.6214873042742965
1,0.9196341723126648,0.6213016369829347
1,0.9201578250303826,0.6211160065553258
1,0.9206814777481005,0.6209304130755982
1,0.9212051304658184,0.6207448566286757
1,0.9217287831835363,0.62055933729755
1,0.9222524359012543,0.6203738551657807
1,0.9227760886189722,0.6201884103177235
1,0.9232997413366901,0.6200030028361425
1,0.923823394054408,0.6198176328041427
1,0.924347046772126,0.6196323003051702
1,0.9248706994898439,0.6194470054219892
1,0.9253943522075618,0.619261748236795
1,0.9259180049252798,0.6190765288324656
1,0.9264416576429977,0.6188913472917648
1,0.9269653103607156,0.6187062036959787
1,0.9274889630784334,0.6185210981274167
1,0.9280126157961514,0.6183360306687291
1,0.9285362685138693,0.6181510014007472
1,0.9290599212315872,0.6179660104052118
1,0.9295835739493051,0.6177810577634091
1,0.9301072266670231,0.6175961435566251
1,0.930630879384741,0.6174112678661459
1,0.9311545321024589,0.6172264307725754
1,0.9316781848201768,0.6170416323562904
1,0.9322018375378948,0.6168568726981221
1,0.9327254902556127,0.6166721518789018
1,0.9332491429733306,0.6164874699780967
1,0.9337727956910485,0.6163028270758559
1,0.9342964484087665,0.6161182232527835
1,0.9348201011264843,0.6159336585875508
1,0.9353437538442022,0.6157491331601932
1,0.9358674065619201,0.6155646470506326
1,0.9363910592796381,0.6153802003375404
1,0.936914711997356,0.6151957930993603
1,0.9374383647150739,0.6150114254161281
1,0.9379620174327918,0.6148270973659464
1,0.9384856701505098,0.614642809027373
1,0.9390093228682277,0.6144585604794202
1,0.9395329755859456,0.6142743517996223
1,0.9400566283036635,0.614090183066196
1,0.9405802810213815,0.6139060543573578
1,0.9411039337390994,0.6137219657506421
1,0.9416275864568173,0.6135379173235833
1,0.9421512391745352,0.6133539091538296
1,0.9426748918922531,0.6131699413183469
1,0.943198544609971,0.6129860138946697
1,0.9437221973276889,0.6128021269595365
1,0.9442458500454068,0.6126182805895724
1,0.9447695027631248,0.6124344748617432
1,0.9452931554808427,0.6122507098519918
1,0.9458168081985606,0.6120669856369432
1,0.9463404609162785,0.6118833022932222
1,0.9468641136339965,0.6116996598958622
1,0.9473877663517144,0.6115160585213744
1,0.9479114190694323,0.6113324982453605
1,0.9484350717871503,0.6111489791428539
1,0.9489587245048682,0.6109655012897974
1,0.9494823772225861,0.6107820647608833
1,0.9500060299403039,0.6105986696315995
1,0.9505296826580218,0.6104153159760699
1,0.9510533353757398,0.6102320038695552
1,0.9515769880934577,0.6100487333868614
1,0.9521006408111756,0.6098655046018848
1,0.9526242935288936,0.6096823175889767
1,0.9531479462466115,0.6094991724222609
1,0.9536715989643294,0.6093160691756339
1,0.9541952516820473,0.6091330079227646
1,0.9547189043997653,0.6089499887370948
1,0.9552425571174832,0.6087670116927484
1,0.9557662098352011,0.6085840768625985
1,0.956289862552919,0.6084011843189501
1,0.956813515270637,0.6082183341359269
1,0.9573371679883548,0.6080355263859474
1,0.9578608207060727,0.6078527611416575
1,0.9583844734237906,0.6076700384752485
1,0.9589081261415086,0.6074873584593661
1,0.9594317788592265,0.6073047211664289
1,0.9599554315769444,0.6071221266680595
1,0.9604790842946623,0.6069395750358808
1,0.9610027370123803,0.6067570663420838
1,0.9615263897300982,0.6065746006582913
1,0.9620500424478161,0.6063921780554438
1,0.962573695165534,0.6062097986047092
1,0.963097347883252,0.6060274623778241
1,0.9636210006009699,0.6058451694456153
1,0.9641446533186878,0.6056629198776591
1,0.9646683060364056,0.605480713746033
1,0.9651919587541236,0.6052985511208817
1,0.9657156114718415,0.605116432072009
1,0.9662392641895594,0.6049343566696734
1,0.9667629169072773,0.6047523249837923
1,0.9672865696249953,0.6045703370848514
1,0.9678102223427132,0.6043883930421998
1,0.9683338750604311,0.6042064929249591
1,0.968857527778149,0.6040246368028193
1,0.969381180495867,0.6038428247450156
1,0.9699048332135849,0.6036610568207834
1,0.9704284859313028,0.6034793330985622
1,0.9709521386490207,0.6032976536470187
1,0.9714757913667387,0.6031160185358431
1,0.9719994440844566,0.6029344278325652
1,0.9725230968021744,0.602752881605511
1,0.9730467495198923,0.6025713799232335
1,0.9735704022376103,0.6023899228529217
1,0.9740940549553282,0.6022085104634698
1,0.9746177076730461,0.6020271428221804
1,0.975141360390764,0.6018458199959014
1,0.975665013108482,0.6016645420530722
1,0.9761886658261999,0.6014833090603133
1,0.9767123185439178,0.6013021210845864
1,0.9772359712616357,0.6011209781933076
1,0.9777596239793537,0.6009398804528701
1,0.9782832766970716,0.6007588279301217
1,0.9788069294147895,0.6005778206914556
1,0.9793305821325075,0.6003968588029238
1,0.9798542348502253,0.6002159423312605
1,0.9803778875679432,0.600035071341722
1,0.9809015402856611,0.5998542459010423
1,0.981425193003379,0.5996734660745915
1,0.981948845721097,0.5994927319273984
1,0.9824724984388149,0.599312043525515
1,0.9829961511565328,0.5991314009341977
1,0.9835198038742508,0.5989508042182479
1,0.9840434565919687,0.5987702534428081
1,0.9845671093096866,0.5985897486724525
1,0.9850907620274045,0.5984092899720963
1,0.9856144147451225,0.5982288774066546
1,0.9861380674628404,0.5980485110395648
1,0.9866617201805583,0.5978681909355146
1,0.9871853728982761,0.5976879171589644
1,0.987709025615994,0.5975076897731242
1,0.988232678333712,0.5973275088419996
1,0.9887563310514299,0.5971473744295963
1,0.9892799837691478,0.5969672865992379
1,0.9898036364868658,0.5967872454137932
1,0.9903272892045837,0.5966072509368132
1,0.9908509419223016,0.5964273032315077
1,0.9913745946400195,0.5962474023605182
1,0.9918982473577375,0.5960675483862587
1,0.9924219000754554,0.5958877413720529
1,0.9929455527931733,0.5957079813797463
1,0.9934692055108912,0.5955282684718668
1,0.9939928582286092,0.595348602710601
1,0.994516510946327,0.5951689841579082
1,0.9950401636640449,0.5949894128755204
1,0.9955638163817628,0.5948098889251696
1,0.9960874690994808,0.5946304123685877
1,0.9966111218171987,0.5944509832671656
1,0.9971347745349166,0.5942716016819531
1,0.9976584272526345,0.5940922676743412
1,0.9981820799703525,0.5939129813051522
1,0.9987057326880704,0.5937337426354361
1,0.9992293854057883,0.5935545517256742
1,0.9997530381235062,0.5933754086361205
1,1.0002766908412242,0.5931963134277112
1,1.000800343558942,0.5930172661603592
1,1.00132399627666,0.5928382668946597
1,1.001847648994378,0.5926593156901845
1,1.0023713017120959,0.5924804126063918
1,1.0028949544298138,0.5923015577033084
1,1.0034186071475317,0.5921227510408471
1,1.0039422598652497,0.5919439926780115
1,1.0044659125829676,0.5917652826740323
1,1.0049895653006855,0.591586621087913
1,1.0055132180184032,0.591408007979112
1,1.0060368707361211,0.5912294434058367
1,1.006560523453839,0.5910509274269771
1,1.007084176171557,0.5908724601013091
1,1.007607828889275,0.5906940414869268
1,1.0081314816069928,0.5905156716421516
1,1.0086551343247108,0.5903373506250773
1,1.0091787870424287,0.590159078493798
1,1.0097024397601466,0.5899808553058392
1,1.0102260924778645,0.5898026811190675
1,1.0107497451955825,0.5896245559911222
1,1.0112733979133004,0.5894464799793013
1,1.0117970506310183,0.5892684531406758
1,1.0123207033487363,0.5890904755323163
1,1.0128443560664542,0.5889125472114074
1,1.013368008784172,0.5887346682350199
1,1.01389166150189,0.588556838659656
1,1.014415314219608,0.5883790585414772
1,1.0149389669373259,0.5882013279372131
1,1.0154626196550438,0.5880236469031388
1,1.0159862723727617,0.5878460154953018
1,1.0165099250904797,0.5876684337696361
1,1.0170335778081976,0.5874909017820755
1,1.0175572305259155,0.5873134195885541
1,1.0180808832436334,0.5871359872440962
1,1.0186045359613514,0.5869586048042947
1,1.0191281886790693,0.5867812723248562
1,1.0196518413967872,0.5866039898606914
1,1.0201754941145051,0.5864267574665973
1,1.0206991468322228,0.5862495751975985
1,1.0212227995499408,0.5860724431083781
1,1.0217464522676587,0.585895361253506
1,1.0222701049853766,0.5857183296876656
1,1.0227937577030946,0.5855413484650853
1,1.0233174104208125,0.5853644176398802
1,1.0238410631385304,0.5851875372658242
1,1.0243647158562483,0.5850107073970321
1,1.0248883685739663,0.5848339280873915
1,1.0254120212916842,0.5846571993906764
1,1.025935674009402,0.5844805213599784
1,1.02645932672712,0.5843038940488441
1,1.026982979444838,0.5841273175103652
1,1.0275066321625559,0.5839507917977471
1,1.0280302848802738,0.5837743169640817
1,1.0285539375979917,0.5835978930617784
1,1.0290775903157097,0.5834215201440429
1,1.0296012430334276,0.583245198263171
1,1.0301248957511455,0.5830689274710039
1,1.0306485484688634,0.5828927078202923
1,1.0311722011865814,0.5827165393635596
1,1.0316958539042993,0.5825404221521921
1,1.0322195066220172,0.5823643562383722
1,1.0327431593397352,0.5821883416736
1,1.033266812057453,0.5820123785097167
1,1.033790464775171,0.5818364667982223
1,1.034314117492889,0.5816606065897076
1,1.0348377702106069,0.5814847979361275
1,1.0353614229283246,0.5813090408887547
1,1.0358850756460425,0.5811333354974977
1,1.0364087283637604,0.580957681813743
1,1.0369323810814783,0.5807820798883085
1,1.0374560337991963,0.580606529771444
1,1.0379796865169142,0.5804310315132852
1,1.0385033392346321,0.5802555851646503
1,1.03902699195235,0.5800801907757887
1,1.039550644670068,0.5799048483956994
1,1.040074297387786,0.5797295580745185
1,1.0405979501055038,0.5795543198629503
1,1.0411216028232217,0.5793791338096526
1,1.0416452555409397,0.5792039999640792
1,1.0421689082586576,0.5790289183760251
1,1.0426925609763755,0.5788538890943755
1,1.0432162136940935,0.5786789121682432
1,1.0437398664118114,0.5785039876463998
1,1.0442635191295293,0.578329115577958
1,1.0447871718472472,0.5781542960112347
1,1.0453108245649652,0.5779795289950016
1,1.045834477282683,0.577804814577803
1,1.046358130000401,0.5776301528076146
1,1.046881782718119,0.5774555437326399
1,1.0474054354358369,0.577280987400627
1,1.0479290881535548,0.5771064838601205
1,1.0484527408712727,0.5769320331583003
1,1.0489763935889906,0.5767576353426875
1,1.0495000463067086,0.576583290461258
1,1.0500236990244265,0.5764089985613055
1,1.0505473517421442,0.5762347596901236
1,1.0510710044598621,0.576060573893983
1,1.05159465717758,0.5758864412206322
1,1.052118309895298,0.5757123617170237
1,1.052641962613016,0.5755383354295418
1,1.0531656153307338,0.5753643624046845
1,1.0536892680484518,0.575190442689177
1,1.0542129207661697,0.5750165763290624
1,1.0547365734838876,0.5748427633703841
1,1.0552602262016055,0.5746690038597535
1,1.0557838789193235,0.5744952978433275
1,1.0563075316370414,0.5743216453660125
1,1.0568311843547593,0.5741480464739652
1,1.0573548370724772,0.5739745012128878
1,1.0578784897901952,0.573801009627914
1,1.058402142507913,0.5736275717642911
1,1.058925795225631,0.5734541876676076
1,1.059449447943349,0.5732808573829971
1,1.0599731006610669,0.57310758095457
1,1.0604967533787848,0.572934358427915
1,1.0610204060965027,0.572761189847597
1,1.0615440588142206,0.5725880752574994
1,1.0620677115319386,0.5724150147026421
1,1.0625913642496565,0.5722420082274766
1,1.0631150169673744,0.5720690558758861
1,1.0636386696850924,0.571896157691981
1,1.0641623224028103,0.5717233137194171
1,1.0646859751205282,0.5715505240018501
1,1.065209627838246,0.571377788583959
1,1.0657332805559638,0.5712051075084901
1,1.0662569332736818,0.5710324808189853
1,1.0667805859913997,0.5708599085584183
1,1.0673042387091176,0.5706873907703311
1,1.0678278914268355,0.5705149274980386
1,1.0683515441445535,0.5703425187841731
1,1.0688751968622714,0.5701701646710262
1,1.0693988495799893,0.5699978652020263
1,1.0699225022977072,0.569825620419806
1,1.0704461550154252,0.5696534303660883
1,1.070969807733143,0.5694812950833921
1,1.071493460450861,0.5693092146142362
1,1.072017113168579,0.5691371890002301
1,1.0725407658862969,0.568965218283779
1,1.0730644186040148,0.5687933025066059
1,1.0735880713217327,0.5686214417098654
1,1.0741117240394507,0.5684496359356217
1,1.0746353767571686,0.5682778852253705
1,1.0751590294748865,0.568106189620039
1,1.0756826821926044,0.567934549161123
1,1.0762063349103224,0.5677629638900044
1,1.0767299876280403,0.5675914338469283
1,1.0772536403457582,0.5674199590729359
1,1.0777772930634761,0.5672485396094089
1,1.078300945781194,0.5670771754961379
1,1.078824598498912,0.5669058667735953
1,1.07934825121663,0.5667346134828222
1,1.0798719039343478,0.5665634156634951
1,1.0803955566520655,0.566392273355973
1,1.0809192093697835,0.5662211866000462
1,1.0814428620875014,0.5660501554357324
1,1.0819665148052193,0.5658791799028222
1,1.0824901675229373,0.5657082600408785
1,1.0830138202406552,0.5655373958892369
1,1.083537472958373,0.5653665874876879
1,1.084061125676091,0.565195834875226
1,1.084584778393809,0.5650251380908458
1,1.0851084311115269,0.5648544971739966
1,1.0856320838292448,0.5646839121634457
1,1.0861557365469627,0.564513383098074
1,1.0866793892646807,0.5643429100163075
1,1.0872030419823986,0.5641724929567999
1,1.0877266947001165,0.5640021319579773
1,1.0882503474178344,0.5638318270582658
1,1.0887740001355524,0.5636615782958643
1,1.0892976528532703,0.563491385708744
1,1.0898213055709882,0.5633212493352175
1,1.0903449582887061,0.5631511692130289
1,1.090868611006424,0.5629811453793536
1,1.091392263724142,0.5628111778723905
1,1.09191591644186,0.5626412667296563
1,1.0924395691595779,0.5624714119882128
1,1.0929632218772958,0.5623016136855767
1,1.0934868745950137,0.56213187185881
1,1.0940105273127316,0.5619621865452018
1,1.0945341800304496,0.5617925577810183
1,1.0950578327481673,0.5616229856037762
1,1.0955814854658852,0.5614534700498552
1,1.0961051381836031,0.5612840111559763
1,1.096628790901321,0.5611146089584054
1,1.097152443619039,0.5609452634937497
1,1.097676096336757,0.5607759747980481
1,1.0981997490544748,0.5606067429072255
1,1.0987234017721927,0.560437567857548
1,1.0992470544899107,0.5602684496847132
1,1.0997707072076286,0.5600993884251011
1,1.1002943599253465,0.5599303841138408
1,1.1008180126430644,0.5597614367860615
1,1.1013416653607824,0.5595925464782567
1,1.1018653180785003,0.559423713225101
1,1.1023889707962182,0.5592549370614961
1,1.1029126235139362,0.5590862180231397
1,1.103436276231654,0.5589175561448201
1,1.103959928949372,0.5587489514613253
1,1.10448358166709,0.5585804040073299
1,1.1050072343848079,0.558411913817622
1,1.1055308871025258,0.5582434809267625
1,1.1060545398202437,0.5580751053691984
1,1.1065781925379616,0.5579067871789221
1,1.1071018452556796,0.557738526390267
1,1.1076254979733975,0.5575703230376803
1,1.1081491506911154,0.5574021771545858
1,1.1086728034088333,0.557234088774976
1,1.1091964561265513,0.5570660579329569
1,1.1097201088442692,0.5568980846617251
1,1.110243761561987,0.5567301689950455
1,1.1107674142797048,0.5565623109661146
1,1.1112910669974227,0.5563945106084702
1,1.1118147197151407,0.5562267679550814
1,1.1123383724328586,0.5560590830390311
1,1.1128620251505765,0.5558914558935157
1,1.1133856778682945,0.5557238865513909
1,1.1139093305860124,0.5555563750450574
1,1.1144329833037303,0.5553889214074843
1,1.1149566360214482,0.5552215256709587
1,1.1154802887391662,0.5550541878681088
1,1.116003941456884,0.5548869080312215
1,1.116527594174602,0.554719686192243
1,1.11705124689232,0.5545525223834602
1,1.1175748996100379,0.5543854166368192
1,1.1180985523277558,0.5542183689842659
1,1.1186222050454737,0.5540513794574053
1,1.1191458577631916,0.5538844480880698
1,1.1196695104809096,0.5537175749078642
1,1.1201931631986275,0.5535507599477114
1,1.1207168159163454,0.5533840032394437
1,1.1212404686340633,0.5532173048142113
1,1.1217641213517813,0.5530506647028233
1,1.1222877740694992,0.5528840829368846
1,1.1228114267872171,0.5527175595468634
1,1.123335079504935,0.5525510945634551
1,1.123858732222653,0.5523846880174688
1,1.124382384940371,0.5522183399393725
1,1.1249060376580886,0.5520520503602029
1,1.1254296903758065,0.5518858193095184
1,1.1259533430935245,0.5517196468181282
1,1.1264769958112424,0.5515535329158183
1,1.1270006485289603,0.5513874776330567
1,1.1275243012466782,0.551221480999402
1,1.1280479539643962,0.5510555430449813
1,1.128571606682114,0.5508896637994667
1,1.129095259399832,0.5507238432919621
1,1.12961891211755,0.5505580815523672
1,1.1301425648352679,0.5503923786103542
1,1.1306662175529858,0.5502267344952543
1,1.1311898702707037,0.5500611492357166
1,1.1317135229884216,0.5498956228610723
1,1.1322371757061396,0.5497301554004252
1,1.1327608284238575,0.5495647468826519
1,1.1332844811415754,0.5493993973366287
1,1.1338081338592934,0.54923410679055
1,1.1343317865770113,0.5490688752734059
1,1.1348554392947292,0.5489037028138455
1,1.1353790920124471,0.5487385894397221
1,1.135902744730165,0.5485735351797985
1,1.136426397447883,0.5484085400618142
1,1.136950050165601,0.5482436041138499
1,1.1374737028833188,0.5480787273643273
1,1.1379973556010368,0.5479139098407586
1,1.1385210083187547,0.5477491515706561
1,1.1390446610364726,0.5475844525823277
1,1.1395683137541905,0.5474198129024899
1,1.1400919664719082,0.5472552325589959
1,1.1406156191896262,0.5470907115794716
1,1.141139271907344,0.5469262499906336
1,1.141662924625062,0.5467618478199938
1,1.14218657734278,0.5465975050946099
1,1.1427102300604979,0.5464332218408572
1,1.1432338827782158,0.5462689980860205
1,1.1437575354959337,0.5461048338570436
1,1.1442811882136517,0.5459407291800744
1,1.1448048409313696,0.5457766840818294
1,1.1453284936490875,0.5456126985885703
1,1.1458521463668054,0.5454487727270134
1,1.1463757990845234,0.5452849065231931
1,1.1468994518022413,0.5451211000030298
1,1.1474231045199592,0.5449573531926717
1,1.1479467572376771,0.5447936661182666
1,1.148470409955395,0.5446300388055079
1,1.148994062673113,0.5444664712800886
1,1.149517715390831,0.5443029635673611
1,1.1500413681085488,0.5441395156929048
1,1.1505650208262668,0.5439761276827539
1,1.1510886735439847,0.5438127995618061
1,1.1516123262617026,0.5436495313551859
1,1.1521359789794205,0.5434863230882456
1,1.1526596316971385,0.543323174785769
1,1.1531832844148564,0.5431600864726533
1,1.1537069371325743,0.5429970581742509
1,1.1542305898502923,0.5428340899148907
1,1.15475424256801,0.5426711817193564
1,1.1552778952857279,0.5425083336117495
1,1.1558015480034458,0.5423455456170814
1,1.1563252007211637,0.5421828177596808
1,1.1568488534388817,0.5420201500633084
1,1.1573725061565996,0.5418575425522931
1,1.1578961588743175,0.5416949952511914
1,1.1584198115920354,0.5415325081833089
1,1.1589434643097534,0.5413700813726336
1,1.1594671170274713,0.5412077148432672
1,1.1599907697451892,0.5410454086186292
1,1.1605144224629071,0.5408831627223663
1,1.161038075180625,0.540720977177898
1,1.161561727898343,0.5405588520084166
1,1.162085380616061,0.5403967872374551
1,1.1626090333337789,0.5402347828882057
1,1.1631326860514968,0.5400728389837468
1,1.1636563387692147,0.5399109555469295
1,1.1641799914869326,0.5397491326006048
1,1.1647036442046506,0.5395873701679648
1,1.1652272969223685,0.5394256682712921
1,1.1657509496400864,0.5392640269334379
1,1.1662746023578043,0.5391024461767984
1,1.1667982550755223,0.5389409260235425
1,1.1673219077932402,0.5387794664969761
1,1.1678455605109581,0.5386180676184722
1,1.168369213228676,0.5384567294099725
1,1.168892865946394,0.5382954518939869
1,1.1694165186641117,0.5381342350926843
1,1.1699401713818296,0.5379730790275516
1,1.1704638240995475,0.5378119837204167
1,1.1709874768172654,0.5376509491929937
1,1.1715111295349834,0.5374899754668832
1,1.1720347822527013,0.5373290625632308
1,1.1725584349704192,0.5371682105042055
1,1.1730820876881372,0.5370074193104983
1,1.173605740405855,0.5368466890030277
1,1.174129393123573,0.5366860196038488
1,1.174653045841291,0.5365254111334252
1,1.1751766985590089,0.5363648636124481
1,1.1757003512767268,0.5362043770621767
1,1.1762240039944447,0.5360439515033022
1,1.1767476567121626,0.5358835869564018
1,1.1772713094298806,0.5357232834419392
1,1.1777949621475985,0.535563040980719
1,1.1783186148653164,0.5354028595927502
1,1.1788422675830343,0.5352427392981554
1,1.1793659203007523,0.5350826801178528
1,1.1798895730184702,0.534922682071624
1,1.1804132257361881,0.5347627451791368
1,1.180936878453906,0.5346028694607412
1,1.181460531171624,0.534443054936105
1,1.181984183889342,0.5342833016247823
1,1.1825078366070598,0.5341236095467821
1,1.1830314893247778,0.533963978721431
1,1.1835551420424957,0.5338044091685106
1,1.1840787947602136,0.5336449009070066
1,1.1846024474779313,0.5334854539564731
1,1.1851261001956492,0.5333260683363505
1,1.1856497529133672,0.5331667440650563
1,1.186173405631085,0.5330074811620307
1,1.186697058348803,0.5328482796463732
1,1.187220711066521,0.5326891395367284
1,1.1877443637842389,0.5325300608517409
1,1.1882680165019568,0.5323710436103966
1,1.1887916692196747,0.5322120878311125
1,1.1893153219373926,0.5320531935321924
1,1.1898389746551106,0.5318943607325082
1,1.1903626273728285,0.5317355894501361
1,1.1908862800905464,0.5315768797031524
1,1.1914099328082643,0.5314182315099742
1,1.1919335855259823,0.5312596448885643
1,1.1924572382437002,0.5311011198564302
1,1.1929808909614181,0.530942656432444
1,1.193504543679136,0.5307842546335451
1,1.194028196396854,0.5306259144776959
1,1.194551849114572,0.5304676359830864
1,1.1950755018322898,0.5303094191660875
1,1.1955991545500078,0.5301512640450028
1,1.1961228072677257,0.5299931706371126
1,1.1966464599854436,0.52983513895947
1,1.1971701127031615,0.5296771690293554
1,1.1976937654208795,0.5295192608639354
1,1.1982174181385974,0.5293614144803769
1,1.1987410708563153,0.5292036298950507
1,1.199264723574033,0.5290459071255782
1,1.199788376291751,0.5288882461878757
1,1.2003120290094689,0.5287306470992235
1,1.2008356817271868,0.5285731098762199
1,1.2013593344449047,0.5284156345350084
1,1.2018829871626227,0.5282582210921873
1,1.2024066398803406,0.5281008695642413
1,1.2029302925980585,0.5279435799674275
1,1.2034539453157764,0.5277863523174346
1,1.2039775980334944,0.5276291866309748
1,1.2045012507512123,0.5274720829238504
1,1.2050249034689302,0.5273150412115228
1,1.2055485561866481,0.5271580615104767
1,1.206072208904366,0.5270011438360598
1,1.206595861622084,0.5268442882040745
1,1.207119514339802,0.5266874946303233
1,1.2076431670575198,0.5265307631299265
1,1.2081668197752378,0.526374093718232
1,1.2086904724929557,0.526217486411042
1,1.2092141252106736,0.5260609412233634
1,1.2097377779283915,0.5259044581702028
1,1.2102614306461095,0.5257480372670216
1,1.2107850833638274,0.525591678528599
1,1.2113087360815453,0.5254353819696007
1,1.2118323887992632,0.525279147605147
1,1.2123560415169812,0.5251229754502447
1,1.212879694234699,0.5249668655191044
1,1.213403346952417,0.5248108178265056
1,1.213926999670135,0.5246548323870002
1,1.2144506523878527,0.5244989092150263
1,1.2149743051055706,0.5243430483246811
1,1.2154979578232885,0.5241872497306304
1,1.2160216105410064,0.5240315134468574
1,1.2165452632587244,0.5238758394873457
1,1.2170689159764423,0.5237202278663062
1,1.2175925686941602,0.5235646785978361
1,1.2181162214118781,0.5234091916955776
1,1.218639874129596,0.523253767172946
1,1.219163526847314,0.5230984050442657
1,1.219687179565032,0.5229431053230655
1,1.2202108322827498,0.5227878680224194
1,1.2207344850004678,0.5226326931563108
1,1.2212581377181857,0.5224775807380411
1,1.2217817904359036,0.5223225307806842
1,1.2223054431536216,0.5221675432975417
1,1.2228290958713395,0.5220126183016873
1,1.2233527485890574,0.5218577558065363
1,1.2238764013067753,0.5217029558249351
1,1.2244000540244933,0.5215482183692757
1,1.2249237067422112,0.5213935434528594
1,1.225447359459929,0.5212389310887602
1,1.225971012177647,0.5210843812891426
1,1.226494664895365,0.5209298940666258
1,1.2270183176130829,0.5207754694340565
1,1.2275419703308008,0.5206211074034854
1,1.2280656230485187,0.5204668079873045
1,1.2285892757662367,0.5203125711982466
1,1.2291129284839544,0.5201583970480215
1,1.2296365812016723,0.520004285549021
1,1.2301602339193902,0.519850236713296
1,1.2306838866371081,0.5196962505526699
1,1.231207539354826,0.5195423270790798
1,1.231731192072544,0.5193884663043491
1,1.232254844790262,0.5192346682403013
1,1.2327784975079799,0.5190809328986461
1,1.2333021502256978,0.5189272602908659
1,1.2338258029434157,0.5187736504283293
1,1.2343494556611336,0.5186201033228599
1,1.2348731083788516,0.5184666189853715
1,1.2353967610965695,0.5183131974275739
1,1.2359204138142874,0.5181598386604946
1,1.2364440665320053,0.5180065426951614
1,1.2369677192497233,0.5178533095426019
1,1.2374913719674412,0.5177001392139573
1,1.2380150246851591,0.5175470317202553
1,1.238538677402877,0.5173939870720687
1,1.239062330120595,0.5172410052801979
1,1.239585982838313,0.5170880863555567
1,1.2401096355560308,0.5169352303084906
1,1.2406332882737487,0.5167824371495726
1,1.2411569409914667,0.5166297068894892
1,1.2416805937091846,0.5164770395383584
1,1.2422042464269025,0.5163244351065259
1,1.2427278991446205,0.5161718936041098
1,1.2432515518623384,0.5160194150417965
1,1.2437752045800563,0.5158669994290221
1,1.244298857297774,0.5157146467763596
1,1.244822510015492,0.5155623570933585
1,1.2453461627332099,0.5154101303901371
1,1.2458698154509278,0.5152579666763586
1,1.2463934681686457,0.5151058659615728
1,1.2469171208863636,0.5149538282555568
1,1.2474407736040816,0.5148018535682013
1,1.2479644263217995,0.5146499419088286
1,1.2484880790395174,0.5144980932866474
1,1.2490117317572353,0.51434630771098
1,1.2495353844749533,0.5141945851914898
1,1.2500590371926712,0.5140429257371579
1,1.2505826899103891,0.5138913293570795
1,1.251106342628107,0.5137397960605767
1,1.251629995345825,0.5135883258561762
1,1.252153648063543,0.5134369187534276
1,1.2526773007812608,0.5132855747607437
1,1.2532009534989788,0.513134293886992
1,1.2537246062166967,0.5129830761409266
1,1.2542482589344146,0.5128319215310739
1,1.2547719116521325,0.5126808300661878
1,1.2552955643698505,0.5125298017545674
1,1.2558192170875684,0.5123788366049666
1,1.2563428698052863,0.5122279346252299
1,1.2568665225230042,0.5120770958242247
1,1.2573901752407222,0.5119263202096818
1,1.25791382795844,0.5117756077899003
1,1.258437480676158,0.511624958573293
1,1.2589611333938757,0.5114743725673634
1,1.2594847861115936,0.5113238497801831
1,1.2600084388293116,0.5111733902198239
1,1.2605320915470295,0.5110229938937891
1,1.2610557442647474,0.5108726608099232
1,1.2615793969824654,0.5107223909761842
1,1.2621030497001833,0.5105721843997344
1,1.2626267024179012,0.5104220410881908
1,1.2631503551356191,0.5102719610490567
1,1.263674007853337,0.5101219442897218
1,1.264197660571055,0.5099719908175757
1,1.264721313288773,0.5098221006397807
1,1.2652449660064908,0.5096722737633854
1,1.2657686187242088,0.5095225101955521
1,1.2662922714419267,0.5093728099435566
1,1.2668159241596446,0.5092231730141066
1,1.2673395768773625,0.5090735994141369
1,1.2678632295950805,0.5089240891506961
1,1.2683868823127984,0.5087746422304917
1,1.2689105350305163,0.5086252586597766
1,1.2694341877482342,0.5084759384455992
1,1.2699578404659522,0.5083266815945535
1,1.27048149318367,0.5081774881127785
1,1.271005145901388,0.5080283580070954
1,1.271528798619106,0.5078792912838708
1,1.2720524513368239,0.5077302879491299
1,1.2725761040545418,0.5075813480091256
1,1.2730997567722597,0.5074324714702243
1,1.2736234094899774,0.5072836583383378
1,1.2741470622076954,0.5071349086194914
1,1.2746707149254133,0.506986222319938
1,1.2751943676431312,0.5068375994453618
1,1.2757180203608491,0.5066890400015609
1,1.276241673078567,0.5065405439939923
1,1.276765325796285,0.5063921114289087
1,1.277288978514003,0.5062437423118809
1,1.2778126312317208,0.506095436648252
1,1.2783362839494388,0.505947194443479
1,1.2788599366671567,0.5057990157031327
1,1.2793835893848746,0.5056509004325562
1,1.2799072421025925,0.5055028486369793
1,1.2804308948203105,0.5053548603219724
1,1.2809545475380284,0.5052069354923105
1,1.2814782002557463,0.5050590741531096
1,1.2820018529734643,0.5049112763099401
1,1.2825255056911822,0.5047635419671224
1,1.2830491584089,0.5046158711298858
1,1.283572811126618,0.504468263803119
1,1.284096463844336,0.5043207199914832
1,1.2846201165620539,0.5041732397000942
1,1.2851437692797718,0.5040258229330448
1,1.2856674219974897,0.5038784696949961
1,1.2861910747152077,0.5037311799909503
1,1.2867147274329256,0.5035839538252276
1,1.2872383801506435,0.5034367912019206
1,1.2877620328683614,0.5032896921254633
1,1.2882856855860794,0.5031426566004029
1,1.288809338303797,0.5029956846311734
1,1.289332991021515,0.5028487762210716
1,1.289856643739233,0.502701931374645
1,1.2903802964569508,0.5025551500961001
1,1.2909039491746688,0.5024084323894158
1,1.2914276018923867,0.5022617782582302
1,1.2919512546101046,0.5021151877066359
1,1.2924749073278226,0.5019686607380436
1,1.2929985600455405,0.5018221973566597
1,1.2935222127632584,0.5016757975658948
1,1.2940458654809763,0.5015294613691594
1,1.2945695181986943,0.5013831887704328
1,1.2950931709164122,0.5012369797727843
1,1.29561682363413,0.5010908343798519
1,1.296140476351848,0.5009447525950463
1,1.296664129069566,0.5007987344213234
1,1.2971877817872839,0.5006527798620937
1,1.2977114345050018,0.5005068889208815
1,1.2982350872227197,0.5003610616004153
1,1.2987587399404377,0.5002152979034236
1,1.2992823926581556,0.5000695978334306
1,1.2998060453758735,0.49992396139339235
1,1.3003296980935914,0.49977838858615087
1,1.3008533508113094,0.49963287941397994
1,1.3013770035290273,0.49948743387960803
1,1.3019006562467452,0.49934205198678683
1,1.3024243089644632,0.4991967337373353
1,1.302947961682181,0.4990514791337546
1,1.3034716143998988,0.49890628817877314
1,1.3039952671176167,0.4987611608748921
1,1.3045189198353346,0.49861609722461253
1,1.3050425725530526,0.4984710972296398
1,1.3055662252707705,0.4983261608927023
1,1.3060898779884884,0.49818128821641494
1,1.3066135307062063,0.4980364792021419
1,1.3071371834239243,0.4978917338523843
1,1.3076608361416422,0.49774705216918846
1,1.3081844888593601,0.49760243415425975
1,1.308708141577078,0.4974578798097582
1,1.309231794294796,0.49731338913761647
1,1.309755447012514,0.49716896213953987
1,1.3102790997302318,0.49702459881700634
1,1.3108027524479497,0.4968802991720622
1,1.3113264051656677,0.49673606320629915
1,1.3118500578833856,0.49659189092130873
1,1.3123737106011035,0.49644778231811415
1,1.3128973633188215,0.4963037373986481
1,1.3134210160365394,0.49615975616461583
1,1.3139446687542573,0.4960158386165858
1,1.3144683214719752,0.495871984756036
1,1.3149919741896932,0.49572819458467166
1,1.315515626907411,0.4955844681032886
1,1.316039279625129,0.49544080531268264
1,1.316562932342847,0.49529720621467277
1,1.3170865850605649,0.4951536708100548
1,1.3176102377782828,0.49501019909916977
1,1.3181338904960007,0.49486679108326825
1,1.3186575432137184,0.4947234467634871
1,1.3191811959314363,0.4945801661401674
1,1.3197048486491543,0.49443694921444603
1,1.3202285013668722,0.4942937959865503
1,1.3207521540845901,0.49415070645693504
1,1.321275806802308,0.49400768062696443
1,1.321799459520026,0.4938647184964111
1,1.322323112237744,0.49372182006584353
1,1.3228467649554618,0.49357898533617117
1,1.3233704176731798,0.4934362143069393
1,1.3238940703908977,0.4932935069787163
1,1.3244177231086156,0.493150863351957
1,1.3249413758263335,0.49300828342666136
1,1.3254650285440515,0.49286576720294306
1,1.3259886812617694,0.4927233146808021
1,1.3265123339794873,0.4925809258600111
1,1.3270359866972052,0.49243860074102486
1,1.3275596394149232,0.49229633932350225
1,1.328083292132641,0.49215414160698856
1,1.328606944850359,0.49201200759182484
1,1.329130597568077,0.49186993727744266
1,1.3296542502857949,0.49172793066338727
1,1.3301779030035128,0.4915859877494313
1,1.3307015557212307,0.4914441085350063
1,1.3312252084389486,0.49130229301988493
1,1.3317488611566666,0.49116054120338504
1,1.3322725138743845,0.4910188530849382
1,1.3327961665921024,0.4908772286636349
1,1.3333198193098201,0.49073566793913415
1,1.333843472027538,0.49059417091064006
1,1.334367124745256,0.4904527375771295
1,1.334890777462974,0.4903113679379203
1,1.3354144301806918,0.4901700619922167
1,1.3359380828984098,0.49002881973842705
1,1.3364617356161277,0.4898876411764377
1,1.3369853883338456,0.489746526304657
1,1.3375090410515635,0.4896054751217207
1,1.3380326937692815,0.48946448762683303
1,1.3385563464869994,0.4893235638189708
1,1.3390799992047173,0.4891827036965424
1,1.3396036519224352,0.48904190725806984
1,1.3401273046401532,0.4889011745024163
1,1.340650957357871,0.48876050542844496
1,1.341174610075589,0.488619900033882
1,1.341698262793307,0.4884793583175906
1,1.3422219155110249,0.4883388802782065
1,1.3427455682287428,0.4881984659139107
1,1.3432692209464607,0.488058115223339
1,1.3437928736641787,0.4879178282039902
1,1.3443165263818966,0.4877776048543865
1,1.3448401790996145,0.48763744517304985
1,1.3453638318173324,0.4874973491577066
1,1.3458874845350504,0.4873573168066514
1,1.3464111372527683,0.4872173481178379
1,1.3469347899704862,0.48707744308910605
1,1.3474584426882041,0.4869376017182958
1,1.347982095405922,0.4867978240033608
1,1.3485057481236398,0.48665810994248204
1,1.3490294008413577,0.48651845953293105
1,1.3495530535590756,0.4863788727723204
1,1.3500767062767935,0.4862393496587174
1,1.3506003589945115,0.4860998901895073
1,1.3511240117122294,0.4859604943620752
1,1.3516476644299473,0.4858211621742612
1,1.3521713171476653,0.48568189362356406
1,1.3526949698653832,0.48554268870725537
1,1.353218622583101,0.48540354742237923
1,1.353742275300819,0.48526446976666193
1,1.354265928018537,0.485125455737375
1,1.3547895807362549,0.48498650533133514
1,1.3553132334539728,0.4848476185460413
1,1.3558368861716907,0.4847087953785376
1,1.3563605388894087,0.4845700358258682
1,1.3568841916071266,0.48443133988507725
1,1.3574078443248445,0.48429270755332254
1,1.3579314970425624,0.4841541388271935
1,1.3584551497602804,0.4840156337033932
1,1.3589788024779983,0.4838771921793068
1,1.3595024551957162,0.4837388142514101
1,1.3600261079134341,0.48360049991663345
1,1.360549760631152,0.48346224917145264
1,1.36107341334887,0.4833240620125707
1,1.361597066066588,0.4831859384365771
1,1.3621207187843059,0.4830478784397201
1,1.3626443715020238,0.48290988201881646
1,1.3631680242197415,0.482771949170683
1,1.3636916769374594,0.4826340798909996
1,1.3642153296551773,0.48249627417646934
1,1.3647389823728953,0.48235853202322687
1,1.3652626350906132,0.48222085342797527
1,1.3657862878083311,0.48208323838650813
1,1.366309940526049,0.4819456868947327
1,1.366833593243767,0.4818081989495795
1,1.367357245961485,0.48167077454661467
1,1.3678808986792028,0.4815334136818592
1,1.3684045513969207,0.4813961163511067
1,1.3689282041146387,0.48125888255049176
1,1.3694518568323566,0.48112171227660383
1,1.3699755095500745,0.480984605524327
1,1.3704991622677924,0.4808475622895685
1,1.3710228149855104,0.4807105825682356
1,1.3715464677032283,0.48057366635623566
1,1.3720701204209462,0.4804368136491348
1,1.3725937731386642,0.480300024442613
1,1.373117425856382,0.48016329873189534
1,1.3736410785741,0.48002663651254807
1,1.374164731291818,0.4798900377807058
1,1.3746883840095359,0.47975350253102533
1,1.3752120367272538,0.4796170307591865
1,1.3757356894449717,0.47948062246052814
1,1.3762593421626896,0.4793442776306165
1,1.3767829948804076,0.47920799626433563
1,1.3773066475981255,0.4790717783569107
1,1.3778303003158434,0.4789356239037943
1,1.3783539530335611,0.4787995328999841
1,1.378877605751279,0.4786635053402506
1,1.379401258468997,0.47852754122004626
1,1.379924911186715,0.4783916405344826
1,1.3804485639044328,0.4782558032778752
1,1.3809722166221507,0.478120029445563
1,1.3814958693398687,0.4779843190323163
1,1.3820195220575866,0.4778486720330193
1,1.3825431747753045,0.4777130884426697
1,1.3830668274930225,0.4775775682553558
1,1.3835904802107404,0.4774421114661891
1,1.3841141329284583,0.47730671807005365
1,1.3846377856461762,0.47717138806103776
1,1.3851614383638942,0.47703612143379814
1,1.385685091081612,0.4769009181833326
1,1.38620874379933,0.476765778303502
1,1.386732396517048,0.47663070178884936
1,1.3872560492347659,0.47649568863414515
1,1.3877797019524838,0.47636073883336394
1,1.3883033546702017,0.47622585238093507
1,1.3888270073879196,0.4760910292711742
1,1.3893506601056376,0.475956269498397
1,1.3898743128233555,0.47582157305646433
1,1.3903979655410734,0.4756869399395782
1,1.3909216182587913,0.475552370142168
1,1.3914452709765093,0.4754178636577535
1,1.3919689236942272,0.4752834204807641
1,1.3924925764119451,0.475149040604947
1,1.3930162291296628,0.47501472402473155
1,1.3935398818473808,0.4748804707329555
1,1.3940635345650987,0.4747462807243892
1,1.3945871872828166,0.4746121539925525
1,1.3951108400005345,0.47447809053107903
1,1.3956344927182525,0.474344090334057
1,1.3961581454359704,0.4742101533945515
1,1.3966817981536883,0.4740762797066509
1,1.3972054508714062,0.47394246926398864
1,1.3977291035891242,0.4738087220600846
1,1.398252756306842,0.4736750380881176
1,1.39877640902456,0.4735414173416075
1,1.399300061742278,0.4734078598145288
1,1.3998237144599959,0.4732743654999467
1,1.4003473671777138,0.4731409343908126
1,1.4008710198954317,0.4730075664809874
1,1.4013946726131497,0.47287426176387726
1,1.4019183253308676,0.4727410202322062
1,1.4024419780485855,0.47260784187926674
1,1.4029656307663034,0.47247472669835133
1,1.4034892834840214,0.47234167468275245
1,1.4040129362017393,0.47220868582519415
1,1.4045365889194572,0.47207576011862784
1,1.4050602416371751,0.47194289755668706
1,1.405583894354893,0.47181009813186847
1,1.406107547072611,0.47167736183678244
1,1.406631199790329,0.4715446886649488
1,1.4071548525080468,0.47141207860897794
1,1.4076785052257648,0.4712795316612528
1,1.4082021579434825,0.47114704781540695
1,1.4087258106612004,0.4710146270633686
1,1.4092494633789183,0.4708822693980892
1,1.4097731160966362,0.47074997481217906
1,1.4102967688143542,0.47061774329847594
1,1.410820421532072,0.4704855748493628
1,1.41134407424979,0.4703534694572227
1,1.411867726967508,0.47022142711477954
1,1.4123913796852259,0.4700894478144164
1,1.4129150324029438,0.46995753154862996
1,1.4134386851206617,0.46982567830968947
1,1.4139623378383797,0.46969388808986423
1,1.4144859905560976,0.46956216088153724
1,1.4150096432738155,0.46943049667709147
1,1.4155332959915334,0.46929889546856884
1,1.4160569487092514,0.46916735724835235
1,1.4165806014269693,0.4690358820083702
1,1.4171042541446872,0.46890446974066435
1,1.4176279068624051,0.46877312043784514
1,1.418151559580123,0.46864183409149973
1,1.418675212297841,0.46851061069378375
1,1.419198865015559,0.4683794502366254
1,1.4197225177332768,0.4682483527117256
1,1.4202461704509948,0.4681173181114673
1,1.4207698231687127,0.46798634642721026
1,1.4212934758864306,0.46785543765111015
1,1.4218171286041486,0.4677245917748678
1,1.4223407813218665,0.4675938087901841
1,1.4228644340395842,0.4674630886889872
1,1.423388086757302,0.46733243146229597
1,1.42391173947502,0.4672018371024933
1,1.424435392192738,0.467071305600939
1,1.4249590449104559,0.4669408369489929
1,1.4254826976281738,0.46681043113835585
1,1.4260063503458917,0.4666800881607287
1,1.4265300030636097,0.46654980800735757
1,1.4270536557813276,0.4664195906691475
1,1.4275773084990455,0.4662894361383678
1,1.4281009612167634,0.4661593444062646
1,1.4286246139344814,0.46602931546340187
1,1.4291482666521993,0.46589934930182153
1,1.4296719193699172,0.46576944591242864
1,1.4301955720876351,0.4656396052864693
1,1.430719224805353,0.46550982741518965
1,1.431242877523071,0.4653801122897221
1,1.431766530240789,0.46525045990119906
1,1.4322901829585069,0.4651208702405256
1,1.4328138356762248,0.46499134329894787
1,1.4333374883939427,0.4648618790672572
1,1.4338611411116606,0.4647324775364723
1,1.4343847938293786,0.4646031386977256
1,1.4349084465470965,0.46447386254169487
1,1.4354320992648144,0.4643446490592851
1,1.4359557519825323,0.4642154982414013
1,1.4364794047002503,0.4640864100788349
1,1.4370030574179682,0.46395738456214985
1,1.437526710135686,0.4638284216825923
1,1.4380503628534038,0.4636995214302715
1,1.4385740155711217,0.46357068379597877
1,1.4390976682888397,0.4634419087706192
1,1.4396213210065576,0.4633131963446431
1,1.4401449737242755,0.46318454650838703
1,1.4406686264419934,0.4630559592526424
1,1.4411922791597114,0.4629274345676322
1,1.4417159318774293,0.4627989724439203
1,1.4422395845951472,0.46267057287252555
1,1.4427632373128652,0.4625422358432161
1,1.443286890030583,0.46241396134610113
1,1.443810542748301,0.4622857493720858
1,1.444334195466019,0.46215759991139294
1,1.4448578481837369,0.4620295129536771
1,1.4453815009014548,0.46190148848995705
1,1.4459051536191727,0.4617735265102283
1,1.4464288063368906,0.46164562700414535
1,1.4469524590546086,0.4615177899623859
1,1.4474761117723265,0.4613900153748318
1,1.4479997644900444,0.4612623032318197
1,1.4485234172077623,0.4611346535228904
1,1.4490470699254803,0.4610070662384942
1,1.4495707226431982,0.46087954136839926
1,1.4500943753609161,0.4607520789021464
1,1.450618028078634,0.46062467883052705
1,1.451141680796352,0.46049734114285457
1,1.45166533351407,0.46037006582889717
1,1.4521889862317878,0.4602428528787641
1,1.4527126389495055,0.46011570228222354
1,1.4532362916672235,0.4599886140285889
1,1.4537599443849414,0.4598615881078558
1,1.4542835971026593,0.45973462451013347
1,1.4548072498203772,0.45960772322428056
1,1.4553309025380952,0.45948088424052
1,1.455854555255813,0.459354107548279
1,1.456378207973531,0.4592273931367572
1,1.456901860691249,0.4591007409960639
1,1.4574255134089669,0.45897415111539885
1,1.4579491661266848,0.45884762348418917
1,1.4584728188444027,0.45872115809208935
1,1.4589964715621206,0.45859475492841284
1,1.4595201242798386,0.458468413982132
1,1.4600437769975565,0.45834213524290135
1,1.4605674297152744,0.45821591870037537
1,1.4610910824329923,0.4580897643436401
1,1.4616147351507103,0.457963672161668
1,1.4621383878684282,0.45783764214365874
1,1.4626620405861461,0.45771167427926684
1,1.463185693303864,0.4575857685572373
1,1.463709346021582,0.4574599249669973
1,1.4642329987393,0.4573341434975191
1,1.4647566514570178,0.4572084241377752
1,1.4652803041747358,0.45708276687707894
1,1.4658039568924537,0.4569571717038343
1,1.4663276096101716,0.4568316386080369
1,1.4668512623278895,0.4567061675777495
1,1.4673749150456072,0.4565807586019446
1,1.4678985677633252,0.4564554116702766
1,1.468422220481043,0.4563301267710358
1,1.468945873198761,0.4562049038929672
1,1.469469525916479,0.45607974302527055
1,1.4699931786341969,0.4559546441564635
1,1.4705168313519148,0.4558296072749499
1,1.4710404840696327,0.4557046323703844
1,1.4715641367873507,0.45557971943105713
1,1.4720877895050686,0.455454868445031
1,1.4726114422227865,0.45533007940139214
1,1.4731350949405044,0.4552053522887718
1,1.4736587476582224,0.45508068709614236
1,1.4741824003759403,0.45495608381133934
1,1.4747060530936582,0.4548315424233351
1,1.4752297058113761,0.454707062920761
1,1.475753358529094,0.4545826452915662
1,1.476277011246812,0.45445828952438205
1,1.47680066396453,0.4543339956073851
1,1.4773243166822478,0.45420976352977505
1,1.4778479693999658,0.45408559327938747
1,1.4783716221176837,0.4539614848442852
1,1.4788952748354016,0.45383743821298594
1,1.4794189275531195,0.45371345337400726
1,1.4799425802708375,0.45358953031541205
1,1.4804662329885554,0.4534656690250358
1,1.4809898857062733,0.4533418694915099
1,1.4815135384239912,0.4532181317031245
1,1.4820371911417092,0.4530944556478289
1,1.4825608438594269,0.4529708413136859
1,1.4830844965771448,0.4528472886884174
1,1.4836081492948627,0.45272379776065463
1,1.4841318020125807,0.45260036851834684
1,1.4846554547302986,0.45247700094921584
1,1.4851791074480165,0.4523536950415519
1,1.4857027601657344,0.4522304507830768
1,1.4862264128834524,0.45210726816151237
1,1.4867500656011703,0.4519841471651489
1,1.4872737183188882,0.4518610877815945
1,1.4877973710366061,0.4517380899989121
1,1.488321023754324,0.4516151538048234
1,1.488844676472042,0.4514922791869367
1,1.48936832918976,0.45136946613308737
1,1.4898919819074778,0.45124671463133836
1,1.4904156346251958,0.45112402466884305
1,1.4909392873429137,0.4510013962336643
1,1.4914629400606316,0.45087882931363765
1,1.4919865927783496,0.45075632389591647
1,1.4925102454960675,0.4506338799682226
1,1.4930338982137854,0.4505114975181641
1,1.4935575509315033,0.4503891765335766
1,1.4940812036492213,0.45026691700184074
1,1.4946048563669392,0.4501447189099963
1,1.495128509084657,0.45002258224587877
1,1.495652161802375,0.44990050699743733
1,1.496175814520093,0.44977849315125695
1,1.4966994672378109,0.44965654069494576
1,1.4972231199555286,0.44953464961633927
1,1.4977467726732465,0.4494128199022498
1,1.4982704253909644,0.4492910515402855
1,1.4987940781086824,0.4491693445178271
1,1.4993177308264003,0.449047698822028
1,1.4998413835441182,0.44892611443981423
1,1.5003650362618361,0.4488045913586802
1,1.500888688979554,0.44868312956623413
1,1.501412341697272,0.44856172904928826
1,1.50193599441499,0.44844038979454126
1,1.5024596471327079,0.4483191117894876
1,1.5029832998504258,0.44819789502173535
1,1.5035069525681437,0.44807673947764215
1,1.5040306052858616,0.44795564514470243
1,1.5045542580035796,0.4478346120099559
1,1.5050779107212975,0.4477136400598738
1,1.5056015634390154,0.4475927292818369
1,1.5061252161567333,0.44747187966277124
1,1.5066488688744513,0.4473510911897165
1,1.5071725215921692,0.4472303638493713
1,1.5076961743098871,0.44710969762832065
1,1.508219827027605,0.4469890925141726
1,1.508743479745323,0.4468685484936259
1,1.509267132463041,0.4467480655533791
1,1.5097907851807588,0.4466276436795624
1,1.5103144378984767,0.44650728285955665
1,1.5108380906161947,0.4463869830802878
1,1.5113617433339126,0.44626674432799973
1,1.5118853960516305,0.44614656658984586
1,1.5124090487693482,0.44602644985241113
1,1.5129327014870662,0.44590639410171207
1,1.513456354204784,0.4457863993251294
1,1.513980006922502,0.44566646550924816
1,1.51450365964022,0.4455465926399711
1,1.5150273123579379,0.4454267807045653
1,1.5155509650756558,0.44530702968893365
1,1.5160746177933737,0.4451873395800021
1,1.5165982705110916,0.4450677103649241
1,1.5171219232288096,0.44494814202869293
1,1.5176455759465275,0.4448286345585757
1,1.5181692286642454,0.4447091879411573
1,1.5186928813819633,0.44458980216268174
1,1.5192165340996813,0.44447047720916544
1,1.5197401868173992,0.44435121306730707
1,1.5202638395351171,0.4442320097235779
1,1.520787492252835,0.44411286716388076
1,1.521311144970553,0.4439937853749143
1,1.521834797688271,0.44387476434246764
1,1.5223584504059888,0.44375580405312576
1,1.5228821031237068,0.4436369044932462
1,1.5234057558414247,0.44351806564873186
1,1.5239294085591426,0.4433992875058266
1,1.5244530612768605,0.44328057005077426
1,1.5249767139945785,0.44316191326947774
1,1.5255003667122964,0.4430433171484083
1,1.5260240194300143,0.4429247816735824
1,1.5265476721477322,0.44280630683067557
1,1.52707132486545,0.4426878926062727
1,1.5275949775831679,0.44256953898593565
1,1.5281186303008858,0.4424512459561356
1,1.5286422830186037,0.44233301350243437
1,1.5291659357363216,0.44221484161096214
1,1.5296895884540396,0.4420967302681902
1,1.5302132411717575,0.44197867945911185
1,1.5307368938894754,0.44186068916974364
1,1.5312605466071934,0.44174275938644314
1,1.5317841993249113,0.4416248900951132
1,1.5323078520426292,0.4415070812816566
1,1.5328315047603471,0.44138933293106675
1,1.533355157478065,0.44127164502992855
1,1.533878810195783,0.4411540175639175
1,1.534402462913501,0.44103645051825424
1,1.5349261156312188,0.4409189438794101
1,1.5354497683489368,0.4408014976327195
1,1.5359734210666547,0.4406841117638578
1,1.5364970737843726,0.44056678625850054
1,1.5370207265020905,0.44044952110255053
1,1.5375443792198085,0.44033231628156955
1,1.5380680319375264,0.440215171780892
1,1.5385916846552443,0.4400980875860796
1,1.5391153373729622,0.43998106368303525
1,1.5396389900906802,0.43986410005743437
1,1.540162642808398,0.439747196694384
1,1.540686295526116,0.43963035357978697
1,1.541209948243834,0.4395135706986366
1,1.5417336009615517,0.43939684803706314
1,1.5422572536792696,0.4392801855797188
1,1.5427809063969875,0.43916358331284755
1,1.5433045591147054,0.43904704122144267
1,1.5438282118324234,0.4389305592912933
1,1.5443518645501413,0.4388141375070518
1,1.5448755172678592,0.4386977758545072
1,1.5453991699855771,0.43858147431910766
1,1.545922822703295,0.4384652328859602
1,1.546446475421013,0.43834905154051285
1,1.546970128138731,0.43823293026821375
1,1.5474937808564488,0.43811686905382885
1,1.5480174335741668,0.43800086788269255
1,1.5485410862918847,0.43788492674082136
1,1.5490647390096026,0.4377690456124128
1,1.5495883917273205,0.43765322448325605
1,1.5501120444450385,0.43753746333823074
1,1.5506356971627564,0.4374217621624439
1,1.5511593498804743,0.43730612094168464
1,1.5516830025981923,0.43719053966015053
1,1.5522066553159102,0.43707501830328965
1,1.552730308033628,0.4369595568565501
1,1.553253960751346,0.4368441553044704
1,1.553777613469064,0.4367288136324987
1,1.5543012661867819,0.4366135318252873
1,1.5548249189044998,0.43649830986794314
1,1.5553485716222177,0.436383147745687
1,1.5558722243399357,0.4362680454433985
1,1.5563958770576536,0.43615300294595727
1,1.5569195297753713,0.4360380202383567
1,1.5574431824930892,0.43592309730513534
1,1.5579668352108071,0.4358082341315139
1,1.558490487928525,0.43569343070294053
1,1.559014140646243,0.4355786870032716
1,1.559537793363961,0.43546400301761423
1,1.5600614460816788,0.4353493787316438
1,1.5605850987993968,0.43523481412898946
1,1.5611087515171147,0.43512030919498557
1,1.5616324042348326,0.4350058639145118
1,1.5621560569525506,0.4348914782721067
1,1.5626797096702685,0.43477715225265
1,1.5632033623879864,0.43466288584079393
1,1.5637270151057043,0.43454867902119076
1,1.5642506678234223,0.43443453177860647
1,1.5647743205411402,0.4343204440979207
1,1.565297973258858,0.43420641596355836
1,1.565821625976576,0.43409244736005803
1,1.566345278694294,0.4339785382718446
1,1.566868931412012,0.43386468868413886
1,1.5673925841297298,0.43375089858125193
1,1.5679162368474477,0.43363716794772245
1,1.5684398895651657,0.4335234967682027
1,1.5689635422828836,0.43340988502689015
1,1.5694871950006015,0.4332963327088919
1,1.5700108477183194,0.4331828397979507
1,1.5705345004360374,0.43306940627917356
1,1.5710581531537553,0.4329560321370991
1,1.571581805871473,0.4328427173554701
1,1.572105458589191,0.43272946191939354
1,1.5726291113069089,0.4326162658131807
1,1.5731527640246268,0.432503129020688
1,1.5736764167423447,0.43239005152724985
1,1.5742000694600626,0.4322770333168364
1,1.5747237221777806,0.43216407437341786
1,1.5752473748954985,0.43205117468176013
1,1.5757710276132164,0.4319383342258334
1,1.5762946803309343,0.4318255529901762
1,1.5768183330486523,0.4317128309595546
1,1.5773419857663702,0.43160016811737023
1,1.5778656384840881,0.4314875644482754
1,1.578389291201806,0.4313750199368087
1,1.578912943919524,0.4312625345668266
1,1.579436596637242,0.431150108322754
1,1.5799602493549598,0.4310377411883337
1,1.5804839020726777,0.43092543314844534
1,1.5810075547903957,0.43081318418705905
1,1.5815312075081136,0.43070099428780395
1,1.5820548602258315,0.4305888634353323
1,1.5825785129435495,0.43047679161395536
1,1.5831021656612674,0.43036477880741586
1,1.5836258183789853,0.4302528249994566
1,1.5841494710967032,0.4301409301747299
1,1.5846731238144212,0.4300290943175469
1,1.585196776532139,0.42991731741142303
1,1.585720429249857,0.4298055994403285
1,1.586244081967575,0.42969394038857445
1,1.5867677346852926,0.4295823402402448
1,1.5872913874030106,0.4294707989786275
1,1.5878150401207285,0.42935931658871596
1,1.5883386928384464,0.4292478930543666
1,1.5888623455561643,0.4291365283588675
1,1.5893859982738823,0.4290252224860751
1,1.5899096509916002,0.42891397542030063
1,1.5904333037093181,0.4288027871458553
1,1.590956956427036,0.4286916576461408
1,1.591480609144754,0.4285805869046726
1,1.592004261862472,0.42846957490610293
1,1.5925279145801898,0.42835862163371985
1,1.5930515672979078,0.4282477270717209
1,1.5935752200156257,0.4281368912038488
1,1.5940988727333436,0.428026114013619
1,1.5946225254510615,0.42791539548522906
1,1.5951461781687795,0.42780473560196697
1,1.5956698308864974,0.4276941343479166
1,1.5961934836042153,0.4275835917069344
1,1.5967171363219332,0.42747310766253577
1,1.5972407890396512,0.4273626821985772
1,1.597764441757369,0.4272523152985741
1,1.598288094475087,0.42714200694626925
1,1.598811747192805,0.42703175712597385
1,1.5993353999105229,0.4269215658205212
1,1.5998590526282408,0.4268114330134267
1,1.6003827053459587,0.42670135868934267
1,1.6009063580636766,0.42659134283110234
1,1.6014300107813944,0.4264813854226759
1,1.6019536634991123,0.42637148644735134
1,1.6024773162168302,0.4262616458889852
1,1.6030009689345481,0.42615186373075176
1,1.603524621652266,0.4260421399568486
1,1.604048274369984,0.4259324745507911
1,1.604571927087702,0.4258228674950715
1,1.6050955798054198,0.42571331877445573
1,1.6056192325231378,0.4256038283721182
1,1.6061428852408557,0.4254943962711195
1,1.6066665379585736,0.4253850224550888
1,1.6071901906762915,0.42527570690776884
1,1.6077138433940095,0.425166449612675
1,1.6082374961117274,0.425057250552868
1,1.6087611488294453,0.4249481097120906
1,1.6092848015471632,0.4248390270735172
1,1.6098084542648812,0.4247300026205494
1,1.610332106982599,0.4246210363371574
1,1.610855759700317,0.42451212820617457
1,1.611379412418035,0.42440327821100254
1,1.6119030651357529,0.4242944863348157
1,1.6124267178534708,0.4241857525613568
1,1.6129503705711887,0.4240770768743687
1,1.6134740232889067,0.42396845925622983
1,1.6139976760066246,0.4238598996904557
1,1.6145213287243425,0.42375139816101637
1,1.6150449814420604,0.42364295465040414
1,1.6155686341597784,0.42353456914236176
1,1.6160922868774963,0.4234262416201773
1,1.616615939595214,0.4233179720664566
1,1.617139592312932,0.4232097604651699
1,1.6176632450306498,0.4231016067994915
1,1.6181868977483678,0.4229935110520273
1,1.6187105504660857,0.4228854732068612
1,1.6192342031838036,0.4227774932465991
1,1.6197578559015215,0.4226695711543016
1,1.6202815086192395,0.42256170691348416
1,1.6208051613369574,0.42245390050720744
1,1.6213288140546753,0.4223461519186458
1,1.6218524667723933,0.42223846113085983
1,1.6223761194901112,0.42213082812725133
1,1.622899772207829,0.4220232528903125
1,1.623423424925547,0.42191573540344507
1,1.623947077643265,0.4218082756502781
1,1.6244707303609829,0.4217008736131902
1,1.6249943830787008,0.42159352927546934
1,1.6255180357964187,0.4214862426200625
1,1.6260416885141367,0.42137901363025776
1,1.6265653412318546,0.42127184228911574
1,1.6270889939495725,0.42116472857935605
1,1.6276126466672904,0.42105767248403936
1,1.6281362993850084,0.4209506739864537
1,1.6286599521027263,0.42084373306943235
1,1.6291836048204442,0.42073684971558123
1,1.6297072575381621,0.4206300239086431
1,1.63023091025588,0.4205232556309966
1,1.630754562973598,0.42041654486570224
1,1.6312782156913157,0.42030989159593446
1,1.6318018684090336,0.4202032958039581
1,1.6323255211267516,0.4200967574736296
1,1.6328491738444695,0.41999027658744126
1,1.6333728265621874,0.41988385312788523
1,1.6338964792799053,0.41977748707836327
1,1.6344201319976233,0.4196711784213676
1,1.6349437847153412,0.41956492714007254
1,1.6354674374330591,0.4194587332174251
1,1.635991090150777,0.4193525966359175
1,1.636514742868495,0.4192465173784967
1,1.637038395586213,0.4191404954281097
1,1.6375620483039308,0.4190345307677035
1,1.6380857010216487,0.41892862337954284
1,1.6386093537393667,0.4188227732465748
1,1.6391330064570846,0.41871698035220106
1,1.6396566591748025,0.4186112446786865
1,1.6401803118925204,0.4185055662087507
1,1.6407039646102384,0.41839994492511323
1,1.6412276173279563,0.41829438081049375
1,1.6417512700456742,0.4181888738485213
1,1.6422749227633922,0.4180834240207787
1,1.64279857548111,0.41797803130998545
1,1.643322228198828,0.4178726956999981
1,1.643845880916546,0.4177674171723993
1,1.6443695336342639,0.41766219571036345
1,1.6448931863519818,0.4175570312963828
1,1.6454168390696997,0.4174519239127221
1,1.6459404917874176,0.41734687354323796
1,1.6464641445051353,0.4172418801697404
1,1.6469877972228533,0.41713694377494903
1,1.6475114499405712,0.4170320643411287
1,1.6480351026582891,0.4169272418516812
1,1.648558755376007,0.41682247628887126
1,1.649082408093725,0.4167177676349638
1,1.649606060811443,0.4166131158733606
1,1.6501297135291608,0.41650852098587166
1,1.6506533662468788,0.41640398295498926
1,1.6511770189645967,0.4162995017643425
1,1.6517006716823146,0.4161950773952867
1,1.6522243244000325,0.4160907098309963
1,1.6527479771177505,0.4159863990539634
1,1.6532716298354684,0.41588214504645293
1,1.6537952825531863,0.41577794779163924
1,1.6543189352709042,0.41567380727110503
1,1.6548425879886222,0.41556972346825205
1,1.65536624070634,0.4154656963648904
1,1.655889893424058,0.4153617259435123
1,1.656413546141776,0.4152578121872921
1,1.6569371988594939,0.41515395507826724
1,1.6574608515772118,0.41505015459893
1,1.6579845042949297,0.4149464107313179
1,1.6585081570126476,0.4148427234586052
1,1.6590318097303656,0.41473909276305676
1,1.6595554624480835,0.4146355186267101
1,1.6600791151658014,0.41453200103205745
1,1.6606027678835193,0.4144285399618184
1,1.661126420601237,0.4143251353987125
1,1.661650073318955,0.41422178732386783
1,1.662173726036673,0.4141184957211408
1,1.6626973787543908,0.4140152605723415
1,1.6632210314721088,0.4139120818592801
1,1.6637446841898267,0.4138089595649035
1,1.6642683369075446,0.4137058936714766
1,1.6647919896252625,0.413602884161719
1,1.6653156423429805,0.4134999310172134
1,1.6658392950606984,0.4133970342206794
1,1.6663629477784163,0.41329419375483667
1,1.6668866004961342,0.4131914096012679
1,1.6674102532138522,0.41308868174292
1,1.66793390593157,0.4129860101616032
1,1.668457558649288,0.4128833948398096
1,1.668981211367006,0.4127808357598042
1,1.6695048640847239,0.4126783329038517
1,1.6700285168024418,0.4125758862544444
1,1.6705521695201597,0.4124734957936198
1,1.6710758222378777,0.4123711615038701
1,1.6715994749555956,0.4122688833672328
1,1.6721231276733135,0.4121666613659727
1,1.6726467803910314,0.4120644954821273
1,1.6731704331087494,0.4119623856981889
1,1.6736940858264673,0.411860331996877
1,1.6742177385441852,0.41175833435931963
1,1.6747413912619031,0.4116563927682364
1,1.675265043979621,0.4115545072063469
1,1.675788696697339,0.4114526776550065
1,1.6763123494150567,0.41135090409693476
1,1.6768360021327746,0.4112491865139418
1,1.6773596548504925,0.4111475248885199
1,1.6778833075682105,0.4110459192024791
1,1.6784069602859284,0.41094436943853907
1,1.6789306130036463,0.4108428755787372
1,1.6794542657213642,0.4107414376046563
1,1.6799779184390822,0.4106400554985612
1,1.6805015711568,0.41053872924339885
1,1.681025223874518,0.4104374588205246
1,1.681548876592236,0.4103362442122034
1,1.6820725293099539,0.4102350854007
1,1.6825961820276718,0.4101339823678245
1,1.6831198347453897,0.4100329350958418
1,1.6836434874631077,0.4099319435667894
1,1.6841671401808256,0.4098310077631595
1,1.6846907928985435,0.4097301276667622
1,1.6852144456162614,0.4096293032594076
1,1.6857380983339794,0.4095285345233606
1,1.6862617510516973,0.4094278214406586
1,1.6867854037694152,0.4093271639935665
1,1.6873090564871331,0.4092265621638944
1,1.687832709204851,0.4091260159336798
1,1.688356361922569,0.40902552528518754
1,1.688880014640287,0.4089250902002277
1,1.6894036673580048,0.40882471066061044
1,1.6899273200757228,0.4087243866490553
1,1.6904509727934407,0.40862411814714505
1,1.6909746255111584,0.40852390513691716
1,1.6914982782288763,0.40842374760018174
1,1.6920219309465943,0.40832364551920364
1,1.6925455836643122,0.40822359887579296
1,1.69306923638203,0.40812360765221456
1,1.693592889099748,0.40802367183005117
1,1.694116541817466,0.4079237913911129
1,1.6946401945351839,0.40782396631811935
1,1.6951638472529018,0.407724196593108
1,1.6956874999706197,0.4076244821972068
1,1.6962111526883377,0.4075248231126807
1,1.6967348054060556,0.4074252193213397
1,1.6972584581237735,0.4073256708054487
1,1.6977821108414914,0.40722617754704515
1,1.6983057635592094,0.40712673952771183
1,1.6988294162769273,0.40702735672903145
1,1.6993530689946452,0.4069280291337236
1,1.6998767217123631,0.4068287567235984
1,1.700400374430081,0.4067295394795565
1,1.700924027147799,0.40663037738454477
1,1.701447679865517,0.4065312704206008
1,1.7019713325832349,0.40643221856907985
1,1.7024949853009528,0.4063332218115647
1,1.7030186380186707,0.40623428013032026
1,1.7035422907363886,0.4061353935076113
1,1.7040659434541066,0.4060365619247932
1,1.7045895961718245,0.4059377853634487
1,1.7051132488895424,0.40583906380607004
1,1.7056369016072601,0.40574039723492206
1,1.706160554324978,0.405641785630678
1,1.706684207042696,0.40554322897583006
1,1.707207859760414,0.405444727251961
1,1.7077315124781318,0.4053462804411083
1,1.7082551651958497,0.40524788852553684
1,1.7087788179135677,0.4051495514861472
1,1.7093024706312856,0.4050512693049768
1,1.7098261233490035,0.404953041964518
1,1.7103497760667215,0.40485486944612603
1,1.7108734287844394,0.4047567517316111
1,1.7113970815021573,0.4046586888027832
1,1.7119207342198752,0.4045606806412252
1,1.7124443869375932,0.40446272722920185
1,1.712968039655311,0.4043648285485233
1,1.713491692373029,0.40426698458009014
1,1.714015345090747,0.40416919530684936
1,1.7145389978084649,0.40407146070970157
1,1.7150626505261828,0.40397378077045687
1,1.7155863032439007,0.40387615547206224
1,1.7161099559616186,0.40377858479473616
1,1.7166336086793366,0.40368106872097087
1,1.7171572613970545,0.40358360723280384
1,1.7176809141147724,0.40348620031136306
1,1.7182045668324903,0.403388847938686
1,1.7187282195502083,0.4032915500965828
1,1.7192518722679262,0.40319430676663615
1,1.7197755249856441,0.4030971179304288
1,1.720299177703362,0.4029999835699982
1,1.7208228304210798,0.4029029036673819
1,1.7213464831387977,0.40280587820370783
1,1.7218701358565156,0.4027089071607861
1,1.7223937885742335,0.40261199052019947
1,1.7229174412919515,0.40251512826444014
1,1.7234410940096694,0.4024183203744087
1,1.7239647467273873,0.40232156683191533
1,1.7244883994451052,0.4022248676192248
1,1.7250120521628232,0.4021282227172378
1,1.725535704880541,0.4020316321084465
1,1.726059357598259,0.4019350957737515
1,1.726583010315977,0.401838613694963
1,1.7271066630336949,0.4017421858548005
1,1.7276303157514128,0.4016458122334825
1,1.7281539684691307,0.40154949281372865
1,1.7286776211868486,0.4014532275768943
1,1.7292012739045666,0.40135701650433475
1,1.7297249266222845,0.40126085957808755
1,1.7302485793400024,0.401164756779508
1,1.7307722320577204,0.40106870809063366
1,1.7312958847754383,0.4009727134930472
1,1.7318195374931562,0.40087677296833135
1,1.7323431902108741,0.4007808864976141
1,1.732866842928592,0.40068505406316035
1,1.73339049564631,0.40058927564678015
1,1.733914148364028,0.4004935512296015
1,1.7344378010817458,0.4003978807934345
1,1.7349614537994638,0.40030226431986193
1,1.7354851065171815,0.4002067017909212
1,1.7360087592348994,0.400111193187513
1,1.7365324119526173,0.4000157384916747
1,1.7370560646703352,0.39992033768476176
1,1.7375797173880532,0.399824990749039
1,1.738103370105771,0.3997296976660891
1,1.738627022823489,0.39963445841635803
1,1.739150675541207,0.39953927298211056
1,1.7396743282589249,0.39944414134583894
1,1.7401979809766428,0.39934906348798904
1,1.7407216336943607,0.39925403939037096
1,1.7412452864120787,0.3991590690347948
1,1.7417689391297966,0.3990641524030707
1,1.7422925918475145,0.39896928947678134
1,1.7428162445652324,0.3988744802366
1,1.7433398972829504,0.3987797246650189
1,1.7438635500006683,0.3986850227438481
1,1.7443872027183862,0.3985903744537609
1,1.7449108554361041,0.39849577977634
1,1.745434508153822,0.3984012386940776
1,1.74595816087154,0.39830675118832914
1,1.746481813589258,0.39821231724022255
1,1.7470054663069758,0.39811793683134056
1,1.7475291190246938,0.3980236099434933
1,1.7480527717424117,0.39792933655826346
1,1.7485764244601296,0.39783511665700644
1,1.7491000771778475,0.39774095022153233
1,1.7496237298955655,0.3976468372331965
1,1.7501473826132834,0.39755277767358166
1,1.750671035331001,0.39745877152427056
1,1.751194688048719,0.39736481876661855
1,1.751718340766437,0.39727091938243575
1,1.7522419934841549,0.3971770733533049
1,1.7527656462018728,0.39708328066080867
1,1.7532892989195907,0.39698954128652986
1,1.7538129516373087,0.3968958552115964
1,1.7543366043550266,0.39680222241736374
1,1.7548602570727445,0.39670864288586927
1,1.7553839097904624,0.3966151165989231
1,1.7559075625081804,0.39652164353788066
1,1.7564312152258983,0.3964282236836425
1,1.7569548679436162,0.39633485701801874
1,1.7574785206613341,0.3962415435228195
1,1.758002173379052,0.39614828317962747
1,1.75852582609677,0.3960550759700254
1,1.759049478814488,0.39596192187514134
1,1.7595731315322058,0.3958688208763306
1,1.7600967842499238,0.3957757729554032
1,1.7606204369676417,0.3956827780941694
1,1.7611440896853596,0.3955898362735297
1,1.7616677424030776,0.39549694747552167
1,1.7621913951207955,0.39540411168195533
1,1.7627150478385134,0.39531132887282183
1,1.7632387005562313,0.39521859903106815
1,1.7637623532739493,0.395125922138277
1,1.7642860059916672,0.39503329817512167
1,1.764809658709385,0.3949407271234122
1,1.7653333114271028,0.394848208964504
1,1.7658569641448207,0.3947557436799798
1,1.7663806168625387,0.3946633312521044
1,1.7669042695802566,0.39457097166109634
1,1.7674279222979745,0.39447866488922045
1,1.7679515750156924,0.3943864109178321
1,1.7684752277334104,0.39429420972828666
1,1.7689988804511283,0.3942020613026216
1,1.7695225331688462,0.3941099656215101
1,1.7700461858865641,0.3940179226667624
1,1.770569838604282,0.3939259324201885
1,1.771093491322,0.39383399486291637
1,1.771617144039718,0.3937421099765288
1,1.7721407967574359,0.39365027774238115
1,1.7726644494751538,0.3935584981422835
1,1.7731881021928717,0.3934667711575912
1,1.7737117549105896,0.39337509676965965
1,1.7742354076283076,0.39328347495984417
1,1.7747590603460255,0.3931919057099549
1,1.7752827130637434,0.3931003890015745
1,1.7758063657814613,0.3930089248156037
1,1.7763300184991793,0.3929175131336251
1,1.7768536712168972,0.39282615393790365
1,1.7773773239346151,0.39273484720933993
1,1.777900976652333,0.3926435929290619
1,1.778424629370051,0.3925523910793345
1,1.778948282087769,0.3924612416406035
1,1.7794719348054868,0.3923701445953611
1,1.7799955875232047,0.39227909992450805
1,1.7805192402409225,0.3921881076100817
1,1.7810428929586404,0.392097167632528
1,1.7815665456763583,0.3920062799743391
1,1.7820901983940762,0.3919154446164157
1,1.7826138511117942,0.39182466154034046
1,1.783137503829512,0.3917339307281509
1,1.78366115654723,0.39164325216006546
1,1.784184809264948,0.39155262581834904
1,1.7847084619826659,0.39146205168481174
1,1.7852321147003838,0.39137152974035416
1,1.7857557674181017,0.3912810599667864
1,1.7862794201358196,0.3911906423450091
1,1.7868030728535376,0.3911002768570597
1,1.7873267255712555,0.39100996348406625
1,1.7878503782889734,0.3909197022076114
1,1.7883740310066913,0.3908294930097327
1,1.7888976837244093,0.39073933587087595
1,1.7894213364421272,0.3906492307726239
1,1.7899449891598451,0.39055917769724147
1,1.790468641877563,0.39046917662608394
1,1.790992294595281,0.3903792275395972
1,1.791515947312999,0.3902893304200461
1,1.7920396000307168,0.39019948524924075
1,1.7925632527484348,0.3901096920078544
1,1.7930869054661527,0.39001995067746975
1,1.7936105581838706,0.38993026123966956
1,1.7941342109015885,0.3898406236764913
1,1.7946578636193065,0.3897510379686082
1,1.7951815163370242,0.3896615040980578
1,1.795705169054742,0.3895720220457406
1,1.79622882177246,0.3894825917934668
1,1.796752474490178,0.38939321332281907
1,1.7972761272078959,0.3893038866144707
1,1.7977997799256138,0.38921461165114124
1,1.7983234326433317,0.38912538841350397
1,1.7988470853610496,0.38903621688268686
1,1.7993707380787676,0.3889470970414095
1,1.7998943907964855,0.3888580288698904
1,1.8004180435142034,0.3887690123497123
1,1.8009416962319214,0.3886800474633674
1,1.8014653489496393,0.3885911341915289
1,1.8019890016673572,0.3885022725153249
1,1.8025126543850751,0.38841346241702013
1,1.803036307102793,0.38832470387797
1,1.803559959820511,0.3882359968790752
1,1.804083612538229,0.3881473414021457
1,1.8046072652559468,0.3880587374287643
1,1.8051309179736648,0.38797018494005897
1,1.8056545706913827,0.38788168391761246
1,1.8061782234091006,0.38779323434346225
1,1.8067018761268185,0.38770483619828155
1,1.8072255288445365,0.3876164894638805
1,1.8077491815622544,0.3875281941220692
1,1.8082728342799723,0.38743995015352084
1,1.8087964869976902,0.38735175754027296
1,1.8093201397154082,0.3872636162636809
1,1.8098437924331259,0.38717552630555474
1,1.8103674451508438,0.3870874876463404
1,1.8108910978685617,0.3869995002687574
1,1.8114147505862797,0.38691156415347905
1,1.8119384033039976,0.3868236792823154
1,1.8124620560217155,0.38673584563684926
1,1.8129857087394334,0.38664806319820855
1,1.8135093614571514,0.386560331947976
1,1.8140330141748693,0.3864726518677344
1,1.8145566668925872,0.38638502293883903
1,1.8150803196103051,0.3862974451428727
1,1.815603972328023,0.38620991846141806
1,1.816127625045741,0.38612244287560316
1,1.816651277763459,0.3860350183672381
1,1.8171749304811768,0.38594764491813294
1,1.8176985831988948,0.38586032250896096
1,1.8182222359166127,0.38577305112153226
1,1.8187458886343306,0.38568583073765694
1,1.8192695413520485,0.3855986613382356
1,1.8197931940697665,0.3855115429057605
1,1.8203168467874844,0.38542447542090486
1,1.8208404995052023,0.3853374588643419
1,1.8213641522229203,0.38525049321947336
1,1.8218878049406382,0.38516357846697247
1,1.822411457658356,0.38507671458773984
1,1.822935110376074,0.38498990156404034
1,1.823458763093792,0.38490313937700193
1,1.8239824158115099,0.38481642800820737
1,1.8245060685292278,0.384729767439012
1,1.8250297212469455,0.38464315765168067
1,1.8255533739646634,0.3845565986268866
1,1.8260770266823814,0.3844700903462126
1,1.8266006794000993,0.38438363279101395
1,1.8271243321178172,0.38429722594332816
1,1.8276479848355351,0.38421086978473795
1,1.828171637553253,0.3841245642965987
1,1.828695290270971,0.3840383094595836
1,1.829218942988689,0.38395210525618495
1,1.8297425957064068,0.38386595166775805
1,1.8302662484241248,0.38377984867588566
1,1.8307899011418427,0.3836937962621505
1,1.8313135538595606,0.3836077944072258
1,1.8318372065772786,0.3835218430931491
1,1.8323608592949965,0.38343594230195777
1,1.8328845120127144,0.3833500920147799
1,1.8334081647304323,0.3832642922127434
1,1.8339318174481503,0.3831785428778858
1,1.8344554701658682,0.38309284399201715
1,1.8349791228835861,0.3830071955360381
1,1.835502775601304,0.38292159749153143
1,1.836026428319022,0.38283604984030717
1,1.83655008103674,0.3827505525639481
1,1.8370737337544578,0.38266510564358214
1,1.8375973864721757,0.3825797090607921
1,1.8381210391898937,0.38249436279807014
1,1.8386446919076116,0.38240906683608955
1,1.8391683446253295,0.3823238211557509
1,1.8396919973430472,0.382238625740456
1,1.8402156500607652,0.3821534805701958
1,1.840739302778483,0.3820683856267806
1,1.841262955496201,0.3819833408924751
1,1.841786608213919,0.38189834634818
1,1.8423102609316369,0.3818134019759327
1,1.8428339136493548,0.3817285077566339
1,1.8433575663670727,0.3816436636720937
1,1.8438812190847906,0.3815588697043495
1,1.8444048718025086,0.3814741258349841
1,1.8449285245202265,0.3813894320444433
1,1.8454521772379444,0.38130478831499204
1,1.8459758299556623,0.3812201946291225
1,1.8464994826733803,0.38113565096705315
1,1.8470231353910982,0.3810511573108215
1,1.8475467881088161,0.38096671364223766
1,1.848070440826534,0.3808823199424296
1,1.848594093544252,0.38079797619320743
1,1.84911774626197,0.380713682376836
1,1.8496413989796878,0.38062943847398856
1,1.8501650516974057,0.3805452444662478
1,1.8506887044151237,0.38046110033587865
1,1.8512123571328416,0.38037700606378166
1,1.8517360098505595,0.3802929616322217
1,1.8522596625682775,0.38020896702255413
1,1.8527833152859954,0.3801250222154522
1,1.8533069680037133,0.38004112719386285
1,1.8538306207214312,0.37995728193936884
1,1.8543542734391492,0.37987348643218866
1,1.8548779261568669,0.379789740655724
1,1.8554015788745848,0.37970604458996604
1,1.8559252315923027,0.3796223982178617
1,1.8564488843100206,0.3795388015203116
1,1.8569725370277386,0.3794552544788985
1,1.8574961897454565,0.3793717570752051
1,1.8580198424631744,0.3792883092912689
1,1.8585434951808923,0.3792049111086726
1,1.8590671478986103,0.3791215625087716
1,1.8595908006163282,0.37903826347360337
1,1.8601144533340461,0.3789550139842959
1,1.860638106051764,0.3788718140228866
1,1.861161758769482,0.37878866357050356
1,1.8616854114872,0.37870556260963895
1,1.8622090642049178,0.37862251112142076
1,1.8627327169226358,0.37853950908720435
1,1.8632563696403537,0.3784565564890272
1,1.8637800223580716,0.37837365330847206
1,1.8643036750757895,0.37829079952780376
1,1.8648273277935075,0.37820799512769554
1,1.8653509805112254,0.3781252400901849
1,1.8658746332289433,0.37804253439685453
1,1.8663982859466612,0.3779598780295146
1,1.8669219386643792,0.3778772709702025
1,1.867445591382097,0.37779471319981894
1,1.867969244099815,0.3777122047008561
1,1.868492896817533,0.3776297454546693
1,1.8690165495352509,0.3775473354423866
1,1.8695402022529686,0.3774649746465002
1,1.8700638549706865,0.37738266304836543
1,1.8705875076884044,0.3773004006297924
1,1.8711111604061224,0.37721818737190915
1,1.8716348131238403,0.3771360232569805
1,1.8721584658415582,0.3770539082670439
1,1.8726821185592761,0.37697184238322734
1,1.873205771276994,0.37688982558756834
1,1.873729423994712,0.37680785786142224
1,1.87425307671243,0.37672593918659913
1,1.8747767294301478,0.37664406954490914
1,1.8753003821478658,0.376562248917935
1,1.8758240348655837,0.3764804772881689
1,1.8763476875833016,0.3763987546365115
1,1.8768713403010195,0.3763170809445455
1,1.8773949930187375,0.37623545619499055
1,1.8779186457364554,0.37615388036829245
1,1.8784422984541733,0.37607235344694345
1,1.8789659511718912,0.3759908754132084
1,1.8794896038896092,0.37590944624776057
1,1.880013256607327,0.37582806593309215
1,1.880536909325045,0.3757467344507859
1,1.881060562042763,0.37566545178196975
1,1.8815842147604809,0.37558421790959073
1,1.8821078674781988,0.37550303281454944
1,1.8826315201959167,0.3754218964784286
1,1.8831551729136347,0.3753408088841752
1,1.8836788256313526,0.3752597700122351
1,1.8842024783490705,0.37517877984487313
1,1.8847261310667882,0.3750978383650363
1,1.8852497837845061,0.3750169455524883
1,1.885773436502224,0.3749361013899488
1,1.886297089219942,0.37485530585945526
1,1.88682074193766,0.3747745589425904
1,1.8873443946553778,0.3746938606211643
1,1.8878680473730958,0.37461321087721444
1,1.8883917000908137,0.37453260969186886
1,1.8889153528085316,0.37445205704761975
1,1.8894390055262495,0.37437155292582247
1,1.8899626582439675,0.3742910973087419
1,1.8904863109616854,0.3742106901781881
1,1.8910099636794033,0.37413033151528907
1,1.8915336163971213,0.3740500213023097
1,1.8920572691148392,0.37396975952174216
1,1.892580921832557,0.3738895461544871
1,1.893104574550275,0.3738093811823546
1,1.893628227267993,0.3737292645880643
1,1.8941518799857109,0.3736491963527442
1,1.8946755327034288,0.3735691764584317
1,1.8951991854211467,0.3734892048871643
1,1.8957228381388647,0.3734092816205248
1,1.8962464908565826,0.3733294066403232
1,1.8967701435743005,0.37324957992882446
1,1.8972937962920184,0.37316980146761125
1,1.8978174490097364,0.3730900712384937
1,1.8983411017274543,0.373010389223964
1,1.8988647544451722,0.3729307554049228
1,1.89938840716289,0.37285116976386234
1,1.8999120598806079,0.37277163228282006
1,1.9004357125983258,0.37269214294292397
1,1.9009593653160437,0.37261270172689365
1,1.9014830180337616,0.37253330861608447
1,1.9020066707514796,0.37245396359298866
1,1.9025303234691975,0.37237466663918894
1,1.9030539761869154,0.37229541773649544
1,1.9035776289046333,0.37221621686671824
1,1.9041012816223513,0.37213706401189484
1,1.9046249343400692,0.3720579591547448
1,1.9051485870577871,0.3719789022763962
1,1.905672239775505,0.3718998933582043
1,1.906195892493223,0.3718209323828887
1,1.906719545210941,0.37174201933248696
1,1.9072431979286588,0.37166315418880913
1,1.9077668506463767,0.3715843369338927
1,1.9082905033640947,0.3715055675495478
1,1.9088141560818126,0.3714268460171297
1,1.9093378087995305,0.3713481723198129
1,1.9098614615172484,0.37126954643918
1,1.9103851142349664,0.37119096835613163
1,1.9109087669526843,0.37111243805406957
1,1.9114324196704022,0.37103395551434915
1,1.9119560723881202,0.3709555207185531
1,1.912479725105838,0.37087713364985575
1,1.913003377823556,0.3707987942893851
1,1.913527030541274,0.3707205026189513
1,1.9140506832589919,0.37064225862127387
1,1.9145743359767096,0.3705640622779356
1,1.9150979886944275,0.3704859135702918
1,1.9156216414121454,0.37040781248197163
1,1.9161452941298633,0.3703297589936483
1,1.9166689468475813,0.370251753087814
1,1.9171925995652992,0.37017379474650625
1,1.9177162522830171,0.37009588395153514
1,1.918239905000735,0.37001802068516554
1,1.918763557718453,0.3699402049294349
1,1.919287210436171,0.3698624366668355
1,1.9198108631538888,0.36978471587872264
1,1.9203345158716068,0.3697070425464517
1,1.9208581685893247,0.3696294166536518
1,1.9213818213070426,0.369551838182133
1,1.9219054740247605,0.3694743071130233
1,1.9224291267424785,0.3693968234292697
1,1.9229527794601964,0.3693193871126823
1,1.9234764321779143,0.3692419981448438
1,1.9240000848956322,0.3691646565082465
1,1.9245237376133502,0.3690873621856099
1,1.925047390331068,0.36901011515783466
1,1.925571043048786,0.36893291540786777
1,1.926094695766504,0.36885576291797406
1,1.9266183484842219,0.36877865766905416
1,1.9271420012019398,0.36870159964473714
1,1.9276656539196577,0.3686245888263784
1,1.9281893066373756,0.36854762519533324
1,1.9287129593550936,0.3684707087352308
1,1.9292366120728113,0.3683938394278812
1,1.9297602647905292,0.36831701725441235
1,1.9302839175082471,0.36824024219822604
1,1.930807570225965,0.36816351424022287
1,1.931331222943683,0.36808683336357717
1,1.931854875661401,0.36801019955032643
1,1.9323785283791188,0.3679336127820534
1,1.9329021810968368,0.36785707304125026
1,1.9334258338145547,0.3677805803101819
1,1.9339494865322726,0.3677041345711132
1,1.9344731392499905,0.3676277358056268
1,1.9349967919677085,0.36755138399689713
1,1.9355204446854264,0.3674750791262795
1,1.9360440974031443,0.3673988211762662
1,1.9365677501208622,0.3673226101293494
1,1.9370914028385802,0.36724644596711187
1,1.937615055556298,0.36717032867227317
1,1.938138708274016,0.36709425822664343
1,1.938662360991734,0.3670182346124875
1,1.9391860137094519,0.36694225781275236
1,1.9397096664271698,0.36686632780879336
1,1.9402333191448877,0.3667904445833301
1,1.9407569718626057,0.3667146081188548
1,1.9412806245803236,0.3666388183964955
1,1.9418042772980415,0.3665630753996538
1,1.9423279300157594,0.36648737911013995
1,1.9428515827334774,0.36641172950999135
1,1.9433752354511953,0.366336126582155
1,1.9438988881689132,0.3662605703079862
1,1.944422540886631,0.366185060670432
1,1.9449461936043488,0.3661095976517572
1,1.9454698463220668,0.3660341812342267
1,1.9459934990397847,0.36595881139987796
1,1.9465171517575026,0.36588348813074845
1,1.9470408044752205,0.36580821140955777
1,1.9475644571929385,0.3657329812192529
1,1.9480881099106564,0.36565779754096184
1,1.9486117626283743,0.3655826603571768
1,1.9491354153460922,0.3655075696512995
1,1.9496590680638102,0.3654325254046853
1,1.950182720781528,0.36535752759959905
1,1.950706373499246,0.36528257621876037
1,1.951230026216964,0.3652076712444341
1,1.9517536789346819,0.3651328126595672
1,1.9522773316523998,0.36505800044551506
1,1.9528009843701177,0.36498323458431514
1,1.9533246370878357,0.3649085150598239
1,1.9538482898055536,0.36483384185407886
1,1.9543719425232715,0.36475921494843533
1,1.9548955952409894,0.36468463432561293
1,1.9554192479587074,0.36461009996855864
1,1.9559429006764253,0.3645356118595373
1,1.9564665533941432,0.3644611699805864
1,1.9569902061118611,0.36438677431442557
1,1.957513858829579,0.36431242484309223
1,1.958037511547297,0.36423812154907864
1,1.958561164265015,0.36416386441555915
1,1.9590848169827326,0.36408965342434385
1,1.9596084697004506,0.36401548855747023
1,1.9601321224181685,0.3639413697978853
1,1.9606557751358864,0.3638672971280812
1,1.9611794278536043,0.36379327053032284
1,1.9617030805713223,0.36371928998710246
1,1.9622267332890402,0.3636453554806849
1,1.962750386006758,0.3635714669937897
1,1.963274038724476,0.36349762450936396
1,1.963797691442194,0.36342382800853557
1,1.9643213441599119,0.36335007747493364
1,1.9648449968776298,0.3632763728910504
1,1.9653686495953477,0.36320271423824124
1,1.9658923023130657,0.36312910150058997
1,1.9664159550307836,0.3630555346596793
1,1.9669396077485015,0.36298201369777416
1,1.9674632604662194,0.36290853859782146
1,1.9679869131839374,0.36283510934231344
1,1.9685105659016553,0.36276172591374234
1,1.9690342186193732,0.36268838829482775
1,1.9695578713370911,0.3626150964678345
1,1.970081524054809,0.3625418504150275
1,1.970605176772527,0.36246865011980844
1,1.971128829490245,0.3623954955639874
1,1.9716524822079629,0.36232238673028405
1,1.9721761349256808,0.3622493236014179
1,1.9726997876433987,0.3621763061598813
1,1.9732234403611166,0.36210333438816633
1,1.9737470930788343,0.36203040826922006
1,1.9742707457965523,0.36195752778507995
1,1.9747943985142702,0.36188469291892034
1,1.9753180512319881,0.3618119036530061
1,1.975841703949706,0.36173915996937467
1,1.976365356667424,0.3616664618516552
1,1.976889009385142,0.36159380928233986
1,1.9774126621028598,0.3615212022432388
1,1.9779363148205777,0.36144864071775373
1,1.9784599675382957,0.3613761246883769
1,1.9789836202560136,0.3613036541373731
1,1.9795072729737315,0.36123122904768934
1,1.9800309256914495,0.36115884940204523
1,1.9805545784091674,0.3610865151831604
1,1.9810782311268853,0.36101422637307223
1,1.9816018838446032,0.36094198295495517
1,1.9821255365623212,0.36086978491175614
1,1.982649189280039,0.3607976322259674
1,1.983172841997757,0.36072552487985377
1,1.983696494715475,0.36065346285613487
1,1.9842201474331929,0.36058144613798504
1,1.9847438001509108,0.3605094747078965
1,1.9852674528686287,0.36043754854881627
1,1.9857911055863466,0.3603656676432365
1,1.9863147583040646,0.36029383197410425
1,1.9868384110217825,0.36022204152322956
1,1.9873620637395004,0.3601502962737868
1,1.9878857164572183,0.3600785962098598
1,1.9884093691749363,0.3600069413123492
1,1.988933021892654,0.3599353315651115
1,1.989456674610372,0.35986376695041145
1,1.9899803273280898,0.3597922474509687
1,1.9905039800458078,0.35972077304973027
1,1.9910276327635257,0.3596493437296431
1,1.9915512854812436,0.3595779594736541
1,1.9920749381989615,0.35950662026380087
1,1.9925985909166795,0.3594353260832577
1,1.9931222436343974,0.3593640769149715
1,1.9936458963521153,0.359292872741662
1,1.9941695490698332,0.35922171354650345
1,1.9946932017875512,0.35915059931176074
1,1.995216854505269,0.35907953002038084
1,1.995740507222987,0.35900850565531073
1,1.996264159940705,0.3589375261990426
1,1.9967878126584229,0.3588665916347509
1,1.9973114653761408,0.35879570194538246
1,1.9978351180938587,0.35872485711411173
1,1.9983587708115766,0.35865405712320353
1,1.9988824235292946,0.3585833019551501
1,1.9994060762470125,0.3585125915938079
1,1.9999297289647304,0.35844192602166913
1,2.0004533816824486,0.3583713052209987
1,2.0009770344001665,0.3583007291758804
1,2.0015006871178844,0.35823019786835175
1,2.0020243398356024,0.35815971128181445
1,2.0025479925533203,0.35808926939853336
1,2.003071645271038,0.3580188722021376
1,2.003595297988756,0.35794851967489194
1,2.004118950706474,0.3578782118001982
1,2.004642603424192,0.3578079485610033
1,2.00516625614191,0.3577377299402542
1,2.005689908859628,0.35766755592067057
1,2.0062135615773458,0.3575974264851993
1,2.0067372142950637,0.3575273416172422
1,2.0072608670127816,0.35745730129906406
1,2.0077845197304995,0.3573873055140666
1,2.0083081724482175,0.35731735424519684
1,2.0088318251659354,0.3572474474756291
1,2.0093554778836533,0.35717758518808296
1,2.0098791306013712,0.3571077673655054
1,2.010402783319089,0.3570379939912982
1,2.0109264360368067,0.3569682650484083
1,2.0114500887545246,0.3568985805191005
1,2.0119737414722425,0.35682894038700397
1,2.0124973941899604,0.35675934463574777
1,2.0130210469076784,0.35668979324759675
1,2.0135446996253963,0.35662028620504316
1,2.014068352343114,0.3565508234921708
1,2.014592005060832,0.35648140509238146
1,2.01511565777855,0.35641203098771257
1,2.015639310496268,0.3563427011611111
1,2.016162963213986,0.35627341559643355
1,2.016686615931704,0.35620417427685425
1,2.0172102686494218,0.3561349771850928
1,2.0177339213671397,0.3560658243036414
1,2.0182575740848576,0.35599671561658397
1,2.0187812268025755,0.3559276511070948
1,2.0193048795202935,0.35585863075721136
1,2.0198285322380114,0.3557896545510175
1,2.0203521849557293,0.35572072247146025
1,2.0208758376734473,0.35565183450125915
1,2.021399490391165,0.3555829906240433
1,2.021923143108883,0.3555141908227597
1,2.022446795826601,0.3554454350805827
1,2.022970448544319,0.3553767233806866
1,2.023494101262037,0.35530805570647317
1,2.024017753979755,0.3552394320404346
1,2.0245414066974727,0.3551708523664274
1,2.0250650594151907,0.35510231666762593
1,2.0255887121329086,0.3550338249269771
1,2.0261123648506265,0.3549653771276553
1,2.0266360175683444,0.35489697325283487
1,2.0271596702860624,0.3548286132863723
1,2.0276833230037803,0.35476029721053237
1,2.028206975721498,0.3546920250087169
1,2.028730628439216,0.35462379666500965
1,2.029254281156934,0.3545556121621303
1,2.029777933874652,0.35448747148302573
1,2.03030158659237,0.3544193746113251
1,2.030825239310088,0.35435132153020277
1,2.0313488920278058,0.3542833122230604
1,2.0318725447455237,0.35421534667261767
1,2.0323961974632416,0.354147424862731
1,2.0329198501809596,0.3540795467768021
1,2.0334435028986775,0.35401171239777796
1,2.0339671556163954,0.3539439217090603
1,2.0344908083341133,0.3538761746938235
1,2.0350144610518313,0.3538084713354692
1,2.035538113769549,0.3537408116176266
1,2.036061766487267,0.35367319552369736
1,2.036585419204985,0.3536056230361737
1,2.037109071922703,0.35353809413891213
1,2.037632724640421,0.3534706088155417
1,2.038156377358139,0.3534031670494642
1,2.0386800300758567,0.3533357688236265
1,2.0392036827935747,0.35326841412097565
1,2.0397273355112926,0.3532011029255955
1,2.0402509882290105,0.35313383522066033
1,2.040774640946728,0.3530666109907088
1,2.041298293664446,0.352999430217551
1,2.041821946382164,0.3529322928845886
1,2.042345599099882,0.3528651989759055
1,2.0428692518175997,0.3527981484753582
1,2.0433929045353176,0.3527311413654388
1,2.0439165572530356,0.35266417762977653
1,2.0444402099707535,0.3525972572520004
1,2.0449638626884714,0.35253038021596694
1,2.0454875154061893,0.3524635465046231
1,2.0460111681239073,0.35239675610137056
1,2.046534820841625,0.35233000898983846
1,2.047058473559343,0.3522633051536559
1,2.047582126277061,0.35219664457622457
1,2.048105778994779,0.35213002724049147
1,2.048629431712497,0.3520634531309952
1,2.049153084430215,0.3519969222304553
1,2.0496767371479327,0.35193043452250095
1,2.0502003898656507,0.35186398999098856
1,2.0507240425833686,0.35179758861931987
1,2.0512476953010865,0.3517312303908966
1,2.0517713480188045,0.35166491528912047
1,2.0522950007365224,0.3515986432976206
1,2.0528186534542403,0.3515324144002534
1,2.0533423061719582,0.351466228580648
1,2.053865958889676,0.3514000858217514
1,2.054389611607394,0.35133398610764743
1,2.054913264325112,0.3512679294217378
1,2.05543691704283,0.3512019157474242
1,2.055960569760548,0.35113594506879053
1,2.056484222478266,0.35107001736946586
1,2.0570078751959837,0.35100413263239716
1,2.0575315279137016,0.3509382908416683
1,2.0580551806314196,0.35087249198068093
1,2.0585788333491375,0.3508067360332916
1,2.0591024860668554,0.35074102298312937
1,2.0596261387845733,0.35067535281382334
1,2.0601497915022913,0.3506097255090026
1,2.060673444220009,0.3505441410520689
1,2.061197096937727,0.3504785994273334
1,2.061720749655445,0.3504131006179705
1,2.062244402373163,0.3503476446073819
1,2.062768055090881,0.3502822313798788
1,2.063291707808599,0.3502168609193177
1,2.0638153605263168,0.35015153320864556
1,2.0643390132440347,0.35008624823194623
1,2.0648626659617526,0.3500210059726214
1,2.0653863186794705,0.34995580641498236
1,2.0659099713971885,0.3498906495428855
1,2.0664336241149064,0.3498255353395052
1,2.0669572768326243,0.3497604637884706
1,2.0674809295503422,0.3496954348736381
1,2.06800458226806,0.3496304485795463
1,2.068528234985778,0.3495655048891422
1,2.069051887703496,0.3495006037865096
1,2.069575540421214,0.34943574525527765
1,2.070099193138932,0.3493709292795302
1,2.0706228458566494,0.34930615584289626
1,2.0711464985743673,0.34924142492855026
1,2.071670151292085,0.34917673652125814
1,2.072193804009803,0.34911209060487636
1,2.072717456727521,0.34904748716280665
1,2.073241109445239,0.3489829261786781
1,2.073764762162957,0.3489184076361198
1,2.074288414880675,0.34885393151989774
1,2.0748120675983928,0.34878949781386837
1,2.0753357203161107,0.3487251065007513
1,2.0758593730338286,0.3486607575655398
1,2.0763830257515465,0.3485964509916357
1,2.0769066784692645,0.34853218676266806
1,2.0774303311869824,0.3484679648634028
1,2.0779539839047003,0.3484037852772417
1,2.0784776366224182,0.34833964798735906
1,2.079001289340136,0.34827555297852086
1,2.079524942057854,0.3482115002345836
1,2.080048594775572,0.34814748973963106
1,2.08057224749329,0.34808352147751975
1,2.081095900211008,0.348019595431424
1,2.081619552928726,0.34795571158588245
1,2.0821432056464437,0.34789186992520627
1,2.0826668583641617,0.3478280704332519
1,2.0831905110818796,0.3477643130936485
1,2.0837141637995975,0.34770059789025254
1,2.0842378165173154,0.3476369248073752
1,2.0847614692350334,0.3475732938288729
1,2.0852851219527513,0.3475097049388296
1,2.085808774670469,0.3474461581220112
1,2.086332427388187,0.3473826533611373
1,2.086856080105905,0.3473191906402917
1,2.087379732823623,0.34725576994446783
1,2.087903385541341,0.34719239125706736
1,2.088427038259059,0.3471290545624015
1,2.0889506909767768,0.3470657598447815
1,2.0894743436944947,0.3470025070878364
1,2.0899979964122126,0.3469392962756501
1,2.0905216491299305,0.34687612739230644
1,2.0910453018476485,0.34681300042166185
1,2.0915689545653664,0.34674991534825494
1,2.0920926072830843,0.3466868721566243
1,2.0926162600008023,0.34662387083017165
1,2.09313991271852,0.3465609113525261
1,2.093663565436238,0.3464979937089083
1,2.094187218153956,0.3464351178831748
1,2.094710870871674,0.34637228385918206
1,2.095234523589392,0.3463094916210139
1,2.09575817630711,0.3462467411527541
1,2.0962818290248277,0.3461840324393961
1,2.0968054817425457,0.3461213654641142
1,2.0973291344602636,0.346058740211447
1,2.0978527871779815,0.34599615666616046
1,2.0983764398956994,0.3459336148114289
1,2.0989000926134174,0.34587111463201836
1,2.0994237453311353,0.3458086561120126
1,2.099947398048853,0.3457462392354955
1,2.1004710507665707,0.3456838639876878
1,2.1009947034842886,0.3456215303508543
1,2.1015183562020066,0.3455592383113526
1,2.1020420089197245,0.3454969878521297
1,2.1025656616374424,0.34543477895749675
1,2.1030893143551603,0.34537261161244714
1,2.1036129670728783,0.3453104858001552
1,2.104136619790596,0.3452484015058417
1,2.104660272508314,0.3451863587140451
1,2.105183925226032,0.3451243574077125
1,2.10570757794375,0.3450623975720646
1,2.106231230661468,0.34500047919186727
1,2.106754883379186,0.34493860225029493
1,2.1072785360969037,0.34487676673211354
1,2.1078021888146217,0.34481497262208904
1,2.1083258415323396,0.3447532199040779
1,2.1088494942500575,0.34469150856261876
1,2.1093731469677754,0.34462983858225016
1,2.1098967996854934,0.3445682099468286
1,2.1104204524032113,0.3445066226406652
1,2.1109441051209292,0.3444450766492082
1,2.111467757838647,0.34438357195563185
1,2.111991410556365,0.3443221085449295
1,2.112515063274083,0.3442606864014124
1,2.113038715991801,0.34419930550916433
1,2.113562368709519,0.34413796585340606
1,2.114086021427237,0.3440766674175393
1,2.1146096741449547,0.3440154101870121
1,2.1151333268626726,0.3439541941454536
1,2.1156569795803906,0.34389301927740235
1,2.1161806322981085,0.3438318855678517
1,2.1167042850158264,0.34377079300088553
1,2.1172279377335443,0.34370974156058764
1,2.1177515904512623,0.34364873123217876
1,2.11827524316898,0.34358776200042485
1,2.118798895886698,0.3435268338482729
1,2.119322548604416,0.3434659467613983
1,2.119846201322134,0.3434051007243397
1,2.120369854039852,0.34334429572118097
1,2.12089350675757,0.3432835317369154
1,2.1214171594752878,0.34322280875562683
1,2.1219408121930057,0.3431621267616265
1,2.1224644649107236,0.3431014857401351
1,2.1229881176284415,0.34304088567546387
1,2.1235117703461595,0.342980326551924
1,2.1240354230638774,0.3429198083549636
1,2.1245590757815953,0.342859331067757
1,2.1250827284993132,0.34279889467529756
1,2.125606381217031,0.3427384991634881
1,2.126130033934749,0.34267814451550294
1,2.126653686652467,0.34261783071633545
1,2.127177339370185,0.3425575577507516
1,2.127700992087903,0.34249732560306256
1,2.128224644805621,0.3424371342584891
1,2.1287482975233387,0.34237698370088765
1,2.1292719502410566,0.3423168739157063
1,2.1297956029587746,0.34225680488748367
1,2.130319255676492,0.3421967765998488
1,2.13084290839421,0.3421367890384772
1,2.131366561111928,0.34207684218790746
1,2.131890213829646,0.3420169360329055
1,2.1324138665473638,0.3419570705582373
1,2.1329375192650817,0.34189724574775937
1,2.1334611719827996,0.34183746158691974
1,2.1339848247005175,0.3417777180604844
1,2.1345084774182355,0.34171801515299194
1,2.1350321301359534,0.3416583528492083
1,2.1355557828536713,0.3415987311338995
1,2.1360794355713892,0.34153914999160406
1,2.136603088289107,0.34147960940731537
1,2.137126741006825,0.34142010936602674
1,2.137650393724543,0.341360649851822
1,2.138174046442261,0.3413012308501493
1,2.138697699159979,0.34124185234554716
1,2.139221351877697,0.3411825143225542
1,2.1397450045954147,0.3411232167663911
1,2.1402686573131326,0.3410639596620513
1,2.1407923100308506,0.3410047429936185
1,2.1413159627485685,0.3409455667463135
1,2.1418396154662864,0.3408864309051296
1,2.1423632681840044,0.3408273354548328
1,2.1428869209017223,0.340768280380189
1,2.14341057361944,0.3407092656657369
1,2.143934226337158,0.34065029129715185
1,2.144457879054876,0.3405913572587451
1,2.144981531772594,0.34053246353528266
1,2.145505184490312,0.3404736101119852
1,2.14602883720803,0.340414796973846
1,2.1465524899257478,0.3403560241054038
1,2.1470761426434657,0.34029729149187915
1,2.1475997953611836,0.3402385991182655
1,2.1481234480789015,0.3401799469686466
1,2.1486471007966195,0.34012133502938013
1,2.1491707535143374,0.3400627632845499
1,2.1496944062320553,0.34000423171846705
1,2.1502180589497732,0.3399457403177166
1,2.150741711667491,0.3398872890659277
1,2.151265364385209,0.3398288779487757
1,2.151789017102927,0.339770506951254
1,2.152312669820645,0.33971217605790116
1,2.152836322538363,0.3396538852539379
1,2.153359975256081,0.33959563452458497
1,2.1538836279737987,0.3395374238546083
1,2.1544072806915167,0.3394792532287738
1,2.1549309334092346,0.3394211226329844
1,2.1554545861269525,0.33936303205155127
1,2.1559782388446704,0.3393049814696951
1,2.1565018915623884,0.33924697087263667
1,2.1570255442801063,0.33918900024536924
1,2.157549196997824,0.33913106957311356
1,2.158072849715542,0.3390731788404082
1,2.15859650243326,0.3390153280327013
1,2.159120155150978,0.33895751713544087
1,2.159643807868696,0.33889974613316554
1,2.1601674605864134,0.3388420150113234
1,2.1606911133041313,0.3387843237551351
1,2.1612147660218493,0.3387266723493667
1,2.161738418739567,0.33866906077946624
1,2.162262071457285,0.33861148903042704
1,2.162785724175003,0.3385539570874698
1,2.163309376892721,0.3384964649358153
1,2.163833029610439,0.33843901256045683
1,2.164356682328157,0.3383815999466151
1,2.1648803350458747,0.3383242270795108
1,2.1654039877635927,0.3382668939445921
1,2.1659276404813106,0.3382096005270796
1,2.1664512931990285,0.33815234681173933
1,2.1669749459167464,0.338095132783792
1,2.1674985986344644,0.33803795842891304
1,2.1680222513521823,0.3379808237323232
1,2.1685459040699,0.3379237286787884
1,2.169069556787618,0.33786667325375674
1,2.169593209505336,0.3378096574429037
1,2.170116862223054,0.33775268123144997
1,2.170640514940772,0.33769574460393414
1,2.17116416765849,0.3376388475460317
1,2.171687820376208,0.3375819900436454
1,2.1722114730939257,0.33752517208131394
1,2.1727351258116436,0.33746839364448533
1,2.1732587785293616,0.3374116547186077
1,2.1737824312470795,0.33735495528912907
1,2.1743060839647974,0.3372982953414976
1,2.1748297366825153,0.33724167486070655
1,2.1753533894002333,0.3371850938322041
1,2.175877042117951,0.33712855224121085
1,2.176400694835669,0.337072050073175
1,2.176924347553387,0.3370155873139993
1,2.177448000271105,0.3369591639484497
1,2.177971652988823,0.336902779961747
1,2.178495305706541,0.33684643534002134
1,2.1790189584242587,0.33679013006849345
1,2.1795426111419767,0.3367338641319293
1,2.1800662638596946,0.33667763751645907
1,2.1805899165774125,0.33662145020753087
1,2.1811135692951304,0.33656530218991065
1,2.1816372220128484,0.336509193449956
1,2.1821608747305663,0.33645312397266025
1,2.1826845274482842,0.33639709374301674
1,2.183208180166002,0.3363411027471557
1,2.18373183288372,0.33628515097052514
1,2.184255485601438,0.3362292383985732
1,2.184779138319156,0.3361733650165206
1,2.185302791036874,0.33611753080981543
1,2.185826443754592,0.33606173576458787
1,2.1863500964723097,0.3360059798660586
1,2.1868737491900276,0.3359502630996758
1,2.1873974019077456,0.33589458545088746
1,2.1879210546254635,0.3358389469051417
1,2.1884447073431814,0.33578334744856875
1,2.1889683600608993,0.3357277870661619
1,2.1894920127786173,0.3356722657440514
1,2.1900156654963348,0.33561678346723056
1,2.1905393182140527,0.33556134022137485
1,2.1910629709317706,0.3355059359923871
1,2.1915866236494885,0.33545057076594276
1,2.1921102763672065,0.3353952445274899
1,2.1926339290849244,0.3353399572624767
1,2.1931575818026423,0.33528470895657847
1,2.1936812345203602,0.33522949959547077
1,2.194204887238078,0.3351743291652838
1,2.194728539955796,0.33511919765101084
1,2.195252192673514,0.3350641050383274
1,2.195775845391232,0.33500905131359104
1,2.19629949810895,0.3349540364620225
1,2.196823150826668,0.33489906046952456
1,2.1973468035443857,0.3348441233208632
1,2.1978704562621036,0.3347892250028508
1,2.1983941089798216,0.33473436550116276
1,2.1989177616975395,0.33467954480079243
1,2.1994414144152574,0.3346247628880974
1,2.1999650671329753,0.3345700197487531
1,2.2004887198506933,0.3345153153679803
1,2.201012372568411,0.33446064973190914
1,2.201536025286129,0.33440602282666987
1,2.202059678003847,0.3343514346372558
1,2.202583330721565,0.3342968851502519
1,2.203106983439283,0.33424237435110626
1,2.203630636157001,0.33418790222526695
1,2.2041542888747188,0.33413346875909156
1,2.2046779415924367,0.33407907393802816
1,2.2052015943101546,0.3340247177477522
1,2.2057252470278725,0.3339704001748487
1,2.2062488997455905,0.3339161212045383
1,2.2067725524633084,0.33386188082272383
1,2.2072962051810263,0.33380767901530817
1,2.2078198578987442,0.33375351576796675
1,2.208343510616462,0.3336993910672845
1,2.20886716333418,0.33364530489825484
1,2.209390816051898,0.33359125724746264
1,2.209914468769616,0.3335372481005834
1,2.210438121487334,0.33348327744306516
1,2.210961774205052,0.3334293452617203
1,2.2114854269227697,0.33337545154154213
1,2.2120090796404877,0.33332159626888824
1,2.2125327323582056,0.33326777942966146
1,2.2130563850759235,0.333214001009992
1,2.2135800377936414,0.33316026099578266
1,2.2141036905113594,0.33310655937270894
1,2.2146273432290773,0.3330528961273558
1,2.215150995946795,0.3329992712447165
1,2.215674648664513,0.3329456847113761
1,2.216198301382231,0.3328921365136921
1,2.216721954099949,0.33283862663688524
1,2.217245606817667,0.3327851550673131
1,2.217769259535385,0.33273172179156063
1,2.2182929122531028,0.3326783267950759
1,2.2188165649708207,0.3326249700635344
1,2.2193402176885386,0.3325716515835211
1,2.219863870406256,0.3325183713413935
1,2.220387523123974,0.33246512932259975
1,2.220911175841692,0.33241192551327003
1,2.22143482855941,0.33235875989953456
1,2.221958481277128,0.3323056324679783
1,2.2224821339948457,0.3322525432040493
1,2.2230057867125637,0.3321994920945599
1,2.2235294394302816,0.3321464791249582
1,2.2240530921479995,0.33209350428114703
1,2.2245767448657174,0.3320405675501661
1,2.2251003975834354,0.33198766891746345
1,2.2256240503011533,0.3319348083693967
1,2.226147703018871,0.33188198589232343
1,2.226671355736589,0.33182920147214645
1,2.227195008454307,0.33177645509522335
1,2.227718661172025,0.33172374674768434
1,2.228242313889743,0.33167107641543225
1,2.228765966607461,0.33161844408505203
1,2.2292896193251788,0.33156584974290126
1,2.2298132720428967,0.33151329337420066
1,2.2303369247606146,0.3314607749659899
1,2.2308605774783326,0.33140829450508136
1,2.2313842301960505,0.33135585197646833
1,2.2319078829137684,0.33130344736696316
1,2.2324315356314863,0.3312510806629234
1,2.2329551883492043,0.3311987518504793
1,2.233478841066922,0.3311464609159884
1,2.23400249378464,0.33109420784558097
1,2.234526146502358,0.3310419926256145
1,2.235049799220076,0.33098981524244664
1,2.235573451937794,0.33093767568243493
1,2.236097104655512,0.3308855739317096
1,2.2366207573732297,0.3308335099764008
1,2.2371444100909477,0.3307814838037757
1,2.2376680628086656,0.3307294953992823
1,2.2381917155263835,0.33067754474927824
1,2.2387153682441014,0.3306256318408032
1,2.2392390209618194,0.3305737566593052
1,2.2397626736795373,0.33052191919182405
1,2.2402863263972552,0.33047011942471727
1,2.240809979114973,0.33041835734411507
1,2.241333631832691,0.3303666329368298
1,2.241857284550409,0.33031494618853685
1,2.242380937268127,0.3302632970860486
1,2.242904589985845,0.3302116856161774
1,2.243428242703563,0.3301601117645987
1,2.2439518954212807,0.33010857551857953
1,2.2444755481389986,0.3300570768642501
1,2.2449992008567166,0.3300056157875133
1,2.2455228535744345,0.3299541922751814
1,2.2460465062921524,0.32990280631429414
1,2.2465701590098703,0.3298514578909817
1,2.2470938117275883,0.3298001469913743
1,2.247617464445306,0.32974887360205685
1,2.248141117163024,0.3296976377100691
1,2.248664769880742,0.32964643930154125
1,2.24918842259846,0.32959527836305824
1,2.2497120753161775,0.32954415488120503
1,2.2502357280338954,0.3294930688421118
1,2.2507593807516133,0.3294420202328183
1,2.2512830334693312,0.3293910090396821
1,2.251806686187049,0.32934003524974287
1,2.252330338904767,0.3292890988491308
1,2.252853991622485,0.3292381998239762
1,2.253377644340203,0.32918733816177337
1,2.253901297057921,0.3291365138486526
1,2.254424949775639,0.32908572687119886
1,2.2549486024933567,0.32903497721622443
1,2.2554722552110746,0.3289842648703143
1,2.2559959079287926,0.32893358982028076
1,2.2565195606465105,0.32888295205225404
1,2.2570432133642284,0.3288323515528191
1,2.2575668660819463,0.328781788309243
1,2.2580905187996643,0.3287312623085654
1,2.258614171517382,0.32868077353668923
1,2.2591378242351,0.328630321979972
1,2.259661476952818,0.3285799076254534
1,2.260185129670536,0.32852953046040057
1,2.260708782388254,0.328479190471171
1,2.261232435105972,0.32842888764434974
1,2.2617560878236898,0.3283786219669764
1,2.2622797405414077,0.3283283934251813
1,2.2628033932591256,0.328278202006004
1,2.2633270459768435,0.3282280476964843
1,2.2638506986945615,0.32817793048343447
1,2.2643743514122794,0.3281278503532121
1,2.2648980041299973,0.3280778072926296
1,2.2654216568477152,0.32802780128872655
1,2.265945309565433,0.32797783232808797
1,2.266468962283151,0.32792790039775355
1,2.266992615000869,0.3278780054845356
1,2.267516267718587,0.3278281475750191
1,2.268039920436305,0.32777832665624373
1,2.268563573154023,0.3277285427145671
1,2.2690872258717407,0.3276787957374836
1,2.2696108785894586,0.3276290857115782
1,2.2701345313071766,0.32757941262343593
1,2.2706581840248945,0.3275297764610059
1,2.2711818367426124,0.3274801772099636
1,2.2717054894603304,0.3274306148571213
1,2.2722291421780483,0.3273810893906557
1,2.272752794895766,0.3273316007964695
1,2.273276447613484,0.3272821490613751
1,2.273800100331202,0.3272327341728669
1,2.27432375304892,0.3271833561177573
1,2.274847405766638,0.3271340148830859
1,2.275371058484356,0.327084710454983
1,2.2758947112020738,0.32703544282139774
1,2.2764183639197917,0.32698621196914246
1,2.2769420166375096,0.32693701788457474
1,2.2774656693552275,0.3268878605554164
1,2.2779893220729455,0.32683873996802504
1,2.2785129747906634,0.3267896561098951
1,2.2790366275083813,0.3267406089676115
1,2.279560280226099,0.3266915985286687
1,2.2800839329438167,0.32664262477987904
1,2.2806075856615347,0.32659368770828223
1,2.2811312383792526,0.3265447873004632
1,2.2816548910969705,0.3264959235441438
1,2.2821785438146884,0.3264470964263637
1,2.2827021965324064,0.3263983059337079
1,2.2832258492501243,0.32634955205389815
1,2.283749501967842,0.3263008347732921
1,2.28427315468556,0.32625215407915675
1,2.284796807403278,0.3262035099589866
1,2.285320460120996,0.32615490239982137
1,2.285844112838714,0.3261063313889281
1,2.286367765556432,0.32605779691266434
1,2.2868914182741498,0.3260092989585246
1,2.2874150709918677,0.32596083751423066
1,2.2879387237095856,0.3259124125663675
1,2.2884623764273035,0.32586402410220217
1,2.2889860291450215,0.3258156721087744
1,2.2895096818627394,0.3257673565735786
1,2.2900333345804573,0.32571907748388185
1,2.2905569872981753,0.3256708348264965
1,2.291080640015893,0.32562262858846225
1,2.291604292733611,0.3255744587575009
1,2.292127945451329,0.3255263253206522
1,2.292651598169047,0.3254782282654105
1,2.293175250886765,0.3254301675785882
1,2.293698903604483,0.32538214324722503
1,2.2942225563222007,0.3253341552592701
1,2.2947462090399187,0.3252862036017632
1,2.2952698617576366,0.32523828826174395
1,2.2957935144753545,0.32519040922670683
1,2.2963171671930724,0.3251425664839189
1,2.2968408199107904,0.3250947600206473
1,2.2973644726285083,0.325046989824159
1,2.297888125346226,0.3249992558817212
1,2.298411778063944,0.32495155818060084
1,2.298935430781662,0.32490389670829245
1,2.29945908349938,0.32485627145251783
1,2.299982736217098,0.32480868239963456
1,2.300506388934816,0.3247611295380466
1,2.3010300416525338,0.3247136128547936
1,2.3015536943702517,0.3246661323369153
1,2.3020773470879696,0.3246186879719062
1,2.3026009998056876,0.32457127974703326
1,2.3031246525234055,0.3245239076507005
1,2.3036483052411234,0.32447657166926547
1,2.3041719579588413,0.3244292717897679
1,2.3046956106765593,0.3243820080010664
1,2.305219263394277,0.3243347802895187
1,2.305742916111995,0.32428758864284646
1,2.306266568829713,0.32424043304899897
1,2.306790221547431,0.3241933134941064
1,2.307313874265149,0.32414622996702747
1,2.307837526982867,0.3240991824550292
1,2.3083611797005847,0.324052170944924
1,2.3088848324183022,0.324005195424661
1,2.30940848513602,0.3239582558815073
1,2.309932137853738,0.32391135230363943
1,2.310455790571456,0.323864484677415
1,2.310979443289174,0.32381765299146537
1,2.311503096006892,0.32377085723305754
1,2.31202674872461,0.3237240973890039
1,2.3125504014423277,0.3236773734477083
1,2.3130740541600456,0.3236306853964379
1,2.3135977068777636,0.3235840332229145
1,2.3141213595954815,0.3235374169144052
1,2.3146450123131994,0.3234908364588591
1,2.3151686650309173,0.32344429184399814
1,2.3156923177486353,0.3233977830564072
1,2.316215970466353,0.32335131008449025
1,2.316739623184071,0.32330487291642385
1,2.317263275901789,0.3232584715392477
1,2.317786928619507,0.3232121059397741
1,2.318310581337225,0.3231657761068618
1,2.318834234054943,0.3231194820282326
1,2.3193578867726607,0.3230732236904714
1,2.3198815394903787,0.3230270010822096
1,2.3204051922080966,0.3229808141909416
1,2.3209288449258145,0.3229346630037071
1,2.3214524976435325,0.3228885475091374
1,2.3219761503612504,0.3228424676942723
1,2.3224998030789683,0.3227964235472882
1,2.3230234557966862,0.32275041505590707
1,2.323547108514404,0.32270444220716854
1,2.324070761232122,0.32265850498947657
1,2.32459441394984,0.3226126033903256
1,2.325118066667558,0.3225667373978922
1,2.325641719385276,0.32252090699967084
1,2.326165372102994,0.32247511218292857
1,2.3266890248207117,0.32242935293606934
1,2.3272126775384296,0.3223836292472697
1,2.3277363302561476,0.322337941103342
1,2.3282599829738655,0.32229228849246283
1,2.3287836356915834,0.3222466714028087
1,2.3293072884093013,0.32220108982164675
1,2.3298309411270193,0.3221555437371535
1,2.330354593844737,0.32211003313796027
1,2.330878246562455,0.32206455801042466
1,2.331401899280173,0.32201911834272323
1,2.331925551997891,0.32197371412371467
1,2.332449204715609,0.3219283453402113
1,2.332972857433327,0.32188301198084446
1,2.3334965101510448,0.3218377140335633
1,2.3340201628687627,0.32179245148563496
1,2.3345438155864806,0.32174722432523595
1,2.3350674683041985,0.3217020325400881
1,2.3355911210219165,0.321656876118368
1,2.3361147737396344,0.32161175504825223
1,2.3366384264573523,0.32156666931768996
1,2.3371620791750702,0.32152161891417563
1,2.337685731892788,0.32147660382588583
1,2.338209384610506,0.3214316240409971
1,2.3387330373282236,0.3213866795467766
1,2.3392566900459415,0.32134177033231026
1,2.3397803427636594,0.32129689638486525
1,2.3403039954813774,0.3212520576926181
1,2.3408276481990953,0.3212072542437454
1,2.341351300916813,0.3211624860257416
1,2.341874953634531,0.321117753027238
1,2.342398606352249,0.3210730552361838
1,2.342922259069967,0.3210283926405282
1,2.343445911787685,0.32098376522844774
1,2.343969564505403,0.32093917298720953
1,2.3444932172231208,0.3208946159058996
1,2.3450168699408387,0.32085009397223985
1,2.3455405226585566,0.3208056071748615
1,2.3460641753762745,0.32076115550125905
1,2.3465878280939925,0.32071673893892694
1,2.3471114808117104,0.3206723574771786
1,2.3476351335294283,0.32062801110373584
1,2.3481587862471462,0.3205836998065479
1,2.348682438964864,0.3205394235737913
1,2.349206091682582,0.32049518239409736
1,2.3497297444003,0.32045097625496055
1,2.350253397118018,0.32040680514455744
1,2.350777049835736,0.32036266905220145
1,2.351300702553454,0.3203185679647049
1,2.3518243552711717,0.3202745018704718
1,2.3523480079888897,0.32023047075836075
1,2.3528716607066076,0.320186474616321
1,2.3533953134243255,0.3201425134325291
1,2.3539189661420434,0.3200985871949342
1,2.3544426188597614,0.3200546958926225
1,2.3549662715774793,0.3200108395128609
1,2.355489924295197,0.3199670180438261
1,2.356013577012915,0.3199232314748315
1,2.356537229730633,0.3198794797935989
1,2.357060882448351,0.3198357629885322
1,2.357584535166069,0.3197920810475807
1,2.358108187883787,0.3197484339593757
1,2.3586318406015048,0.3197048217120937
1,2.3591554933192227,0.31966124429345655
1,2.3596791460369406,0.31961770169323245
1,2.3602027987546585,0.31957419389891584
1,2.3607264514723765,0.31953072089800116
1,2.3612501041900944,0.319487282680484
1,2.3617737569078123,0.3194438792340861
1,2.3622974096255303,0.31940051054630203
1,2.362821062343248,0.3193571766066725
1,2.363344715060966,0.3193138774029194
1,2.363868367778684,0.31927061292390135
1,2.364392020496402,0.319227383157795
1,2.36491567321412,0.3191841880927768
1,2.365439325931838,0.3191410277177056
1,2.3659629786495557,0.31909790202075783
1,2.3664866313672737,0.3190548109903375
1,2.3670102840849916,0.31901175461462117
1,2.3675339368027095,0.31896873288314964
1,2.3680575895204274,0.31892574578341737
1,2.368581242238145,0.3188827933038283
1,2.369104894955863,0.3188398754334685
1,2.3696285476735808,0.3187969921605145
1,2.3701522003912987,0.3187541434731429
1,2.3706758531090166,0.31871132935998503
1,2.3711995058267346,0.3186685498103543
1,2.3717231585444525,0.31862580481219993
1,2.3722468112621704,0.31858309435392584
1,2.3727704639798883,0.318540418423936
1,2.3732941166976063,0.3184977770108617
1,2.373817769415324,0.318455170103789
1,2.374341422133042,0.3184125976906671
1,2.37486507485076,0.31837005976012733
1,2.375388727568478,0.3183275563014831
1,2.375912380286196,0.3182850873026837
1,2.376436033003914,0.3182426527521329
1,2.3769596857216317,0.31820025263868956
1,2.3774833384393497,0.3181578869512123
1,2.3780069911570676,0.3181155556783324
1,2.3785306438747855,0.31807325880822646
1,2.3790542965925034,0.31803099632929843
1,2.3795779493102214,0.3179887682313165
1,2.3801016020279393,0.3179465745026846
1,2.3806252547456572,0.3179044151306698
1,2.381148907463375,0.31786229010549505
1,2.381672560181093,0.3178201994155643
1,2.382196212898811,0.31777814304905405
1,2.382719865616529,0.31773612099482307
1,2.383243518334247,0.31769413324173
1,2.383767171051965,0.3176521797786336
1,2.3842908237696827,0.31761026059439246
1,2.3848144764874006,0.31756837567695584
1,2.3853381292051186,0.31752652501563716
1,2.3858617819228365,0.3174847085992951
1,2.3863854346405544,0.317442926416561
1,2.3869090873582723,0.3174011784560662
1,2.3874327400759903,0.31735946470621457
1,2.387956392793708,0.3173177851572291
1,2.388480045511426,0.31727613979614944
1,2.389003698229144,0.3172345286127438
1,2.389527350946862,0.3171929515958709
1,2.39005100366458,0.31715140873416203
1,2.390574656382298,0.3171099000162485
1,2.3910983091000158,0.31706842543053426
1,2.3916219618177337,0.31702698496724224
1,2.3921456145354516,0.316985578614549
1,2.3926692672531695,0.3169442063608585
1,2.3931929199708875,0.3169028681954842
1,2.3937165726886054,0.3168615641075121
1,2.3942402254063233,0.3168202940853462
1,2.3947638781240412,0.31677905811761775
1,2.395287530841759,0.316737856194095
1,2.395811183559477,0.3166966883036366
1,2.396334836277195,0.31665555443464655
1,2.396858488994913,0.3166144545759835
1,2.397382141712631,0.3165733887171882
1,2.397905794430349,0.31653235684689207
1,2.3984294471480663,0.31649135895327163
1,2.398953099865784,0.3164503950267772
1,2.399476752583502,0.3164094650564948
1,2.40000040530122,0.3163685690292368
1,2.400524058018938,0.31632770693545353
1,2.401047710736656,0.31628687876468575
1,2.401571363454374,0.3162460845048827
1,2.4020950161720918,0.31620532414535774
1,2.4026186688898097,0.3161645976754244
1,2.4031423216075276,0.3161239050837139
1,2.4036659743252455,0.3160832463602219
1,2.4041896270429635,0.3160426214928975
1,2.4047132797606814,0.31600203047082687
1,2.4052369324783993,0.3159614732840055
1,2.4057605851961172,0.31592094992060993
1,2.406284237913835,0.31588046036995365
1,2.406807890631553,0.3158400046211227
1,2.407331543349271,0.31579958266365793
1,2.407855196066989,0.3157591944861906
1,2.408378848784707,0.31571884007826156
1,2.408902501502425,0.31567851942895686
1,2.4094261542201427,0.31563823252645307
1,2.4099498069378607,0.3155979793609731
1,2.4104734596555786,0.3155577599211483
1,2.4109971123732965,0.3155175741965195
1,2.4115207650910144,0.31547742217640007
1,2.4120444178087324,0.31543730384942137
1,2.4125680705264503,0.31539721920466945
1,2.413091723244168,0.3153571682312304
1,2.413615375961886,0.31531715091978185
1,2.414139028679604,0.3152771672585004
1,2.414662681397322,0.3152372172360174
1,2.41518633411504,0.3151973008418736
1,2.415709986832758,0.31515741806606457
1,2.4162336395504758,0.31511756889790377
1,2.4167572922681937,0.3150777533253404
1,2.4172809449859116,0.3150379713381426
1,2.4178045977036295,0.31499822292653334
1,2.4183282504213475,0.3149585080786892
1,2.4188519031390654,0.3149188267846057
1,2.4193755558567833,0.31487917903336893
1,2.4198992085745012,0.3148395648136102
1,2.420422861292219,0.3147999841157798
1,2.420946514009937,0.3147604369282817
1,2.421470166727655,0.3147209232408841
1,2.421993819445373,0.3146814430433551
1,2.422517472163091,0.3146419963243261
1,2.423041124880809,0.3146025830731105
1,2.4235647775985267,0.3145632032797039
1,2.4240884303162447,0.3145238569331923
1,2.4246120830339626,0.3144845440224344
1,2.4251357357516805,0.3144452645376532
1,2.4256593884693984,0.3144060184679347
1,2.4261830411871164,0.3143668058021376
1,2.4267066939048343,0.3143276265309396
1,2.427230346622552,0.3142884806427446
1,2.42775399934027,0.3142493681268661
1,2.4282776520579876,0.314210288973527
1,2.4288013047757055,0.31417124317181333
1,2.4293249574934235,0.3141322307110386
1,2.4298486102111414,0.3140932515807435
1,2.4303722629288593,0.314054305770469
1,2.4308959156465773,0.3140153932697558
1,2.431419568364295,0.31397651406814475
1,2.431943221082013,0.3139376681549493
1,2.432466873799731,0.3138988555197102
1,2.432990526517449,0.3138600761519683
1,2.433514179235167,0.3138213300414918
1,2.434037831952885,0.3137826171773668
1,2.4345614846706027,0.31374393754936136
1,2.4350851373883207,0.3137052911470164
1,2.4356087901060386,0.3136666779598727
1,2.4361324428237565,0.31362809797815316
1,2.4366560955414744,0.3135895511902618
1,2.4371797482591924,0.31355103758619407
1,2.4377034009769103,0.31351255715640036
1,2.438227053694628,0.3134741098892846
1,2.438750706412346,0.3134356957750697
1,2.439274359130064,0.3133973148030691
1,2.439798011847782,0.3133589669637331
1,2.4403216645655,0.31332065224592043
1,2.440845317283218,0.3132823706387171
1,2.441368970000936,0.3132441221330282
1,2.4418926227186537,0.3132059067179398
1,2.4424162754363716,0.3131677243836748
1,2.4429399281540896,0.3131295751190919
1,2.4434635808718075,0.3130914589139593
1,2.4439872335895254,0.3130533757584999
1,2.4445108863072433,0.3130153256417998
1,2.4450345390249613,0.3129773085543093
1,2.445558191742679,0.3129393244851144
1,2.446081844460397,0.3129013734239834
1,2.446605497178115,0.3128634553613665
1,2.447129149895833,0.3128255702865772
1,2.447652802613551,0.3127877181891563
1,2.448176455331269,0.3127498990586446
1,2.4487001080489867,0.3127121128854924
1,2.4492237607667047,0.3126743596594679
1,2.4497474134844226,0.31263663936965713
1,2.4502710662021405,0.31259895200651044
1,2.4507947189198585,0.31256129755934126
1,2.4513183716375764,0.3125236760183725
1,2.4518420243552943,0.31248608737337236
1,2.4523656770730122,0.312448531614109
1,2.45288932979073,0.31241100873035066
1,2.453412982508448,0.3123735187114107
1,2.453936635226166,0.312336061548649
1,2.454460287943884,0.3122986372309242
1,2.454983940661602,0.3122612457480045
1,2.45550759337932,0.3122238870896581
1,2.4560312460970377,0.31218656124633526
1,2.4565548988147556,0.31214926820803157
1,2.4570785515324736,0.3121120079636057
1,2.4576022042501915,0.3120747805044175
1,2.458125856967909,0.312037585819553
1,2.458649509685627,0.312000423898553
1,2.459173162403345,0.31196329473232254
1,2.4596968151210628,0.31192619831040247
1,2.4602204678387807,0.31188913462256096
1,2.4607441205564986,0.3118521036585662
1,2.4612677732742165,0.31181510540909585
1,2.4617914259919345,0.3117781398639181
1,2.4623150787096524,0.31174120701280117
1,2.4628387314273703,0.3117043068457406
1,2.4633623841450882,0.3116674393527319
1,2.463886036862806,0.3116306045242254
1,2.464409689580524,0.31159380234998935
1,2.464933342298242,0.31155703281979186
1,2.46545699501596,0.3115202959236285
1,2.465980647733678,0.3114835916519496
1,2.466504300451396,0.31144691999452334
1,2.4670279531691137,0.31141028094248213
1,2.4675516058868316,0.31137367448468467
1,2.4680752586045496,0.3113371006104444
1,2.4685989113222675,0.31130055931157585
1,2.4691225640399854,0.31126405057761986
1,2.4696462167577033,0.3112275743990267
1,2.4701698694754213,0.3111911307653372
1,2.470693522193139,0.31115471966654695
1,2.471217174910857,0.3111183410931062
1,2.471740827628575,0.31108199503501055
1,2.472264480346293,0.3110456814827103
1,2.472788133064011,0.31100940042620095
1,2.473311785781729,0.3109731518559329
1,2.4738354384994468,0.3109369357619016
1,2.4743590912171647,0.310900752133648
1,2.4748827439348826,0.31086460096184965
1,2.4754063966526005,0.31082848223741166
1,2.4759300493703185,0.3107923959494201
1,2.4764537020880364,0.31075634208878
1,2.4769773548057543,0.31072032064616906
1,2.4775010075234722,0.3106843316099912
1,2.47802466024119,0.310648374972061
1,2.478548312958908,0.3106124507228287
1,2.479071965676626,0.31057655885160784
1,2.479595618394344,0.310540699349076
1,2.480119271112062,0.3105048722054562
1,2.48064292382978,0.31046907741119867
1,2.4811665765474977,0.310433314956299
1,2.4816902292652157,0.3103975848312075
1,2.4822138819829336,0.31036188702660183
1,2.4827375347006515,0.3103262215324776
1,2.4832611874183694,0.3102905883388303
1,2.4837848401360874,0.310254987436565
1,2.4843084928538053,0.3102194188154499
1,2.484832145571523,0.3101838824661627
1,2.485355798289241,0.31014837837938103
1,2.485879451006959,0.31011290654532786
1,2.486403103724677,0.31007746695399874
1,2.486926756442395,0.3100420595962987
1,2.487450409160113,0.310006684461996
1,2.4879740618778303,0.30997134154199557
1,2.4884977145955482,0.30993603082652044
1,2.489021367313266,0.3099007523060209
1,2.489545020030984,0.30986550597117457
1,2.490068672748702,0.3098302918117497
1,2.49059232546642,0.3097951098191061
1,2.491115978184138,0.3097599599827845
1,2.491639630901856,0.30972484229369
1,2.4921632836195737,0.30968975674295507
1,2.4926869363372917,0.30965470332012046
1,2.4932105890550096,0.3096196820158639
1,2.4937342417727275,0.30958469282040824
1,2.4942578944904454,0.309549735724886
1,2.4947815472081634,0.3095148107197474
1,2.4953051999258813,0.3094799177954428
1,2.495828852643599,0.3094450569419678
1,2.496352505361317,0.30941022815022734
1,2.496876158079035,0.30937543141135393
1,2.497399810796753,0.30934066671511573
1,2.497923463514471,0.3093059340524178
1,2.498447116232189,0.30927123341348306
1,2.4989707689499068,0.3092365647892166
1,2.4994944216676247,0.3092019281705234
1,2.5000180743853426,0.3091673235471717
1,2.5005417271030606,0.3091327509105213
1,2.5010653798207785,0.3090982102507951
1,2.5015890325384964,0.3090637015586708
1,2.5021126852562143,0.30902922482505346
1,2.5026363379739323,0.30899478003993863
1,2.50315999069165,0.3089603671946861
1,2.503683643409368,0.3089259862797462
1,2.504207296127086,0.3088916372857966
1,2.504730948844804,0.30885732020283285
1,2.505254601562522,0.30882303502221475
1,2.50577825428024,0.30878878173507474
1,2.5063019069979577,0.30875456033140836
1,2.5068255597156757,0.3087203708016659
1,2.5073492124333936,0.30868621313720723
1,2.5078728651511115,0.30865208732893734
1,2.5083965178688294,0.30861799336662443
1,2.5089201705865474,0.3085839312416283
1,2.5094438233042653,0.3085499009450814
1,2.5099674760219832,0.3085159024672066
1,2.510491128739701,0.3084819357984543
1,2.511014781457419,0.30844800092972946
1,2.511538434175137,0.3084140978526193
1,2.512062086892855,0.3083802265578015
1,2.512585739610573,0.30834638703481687
1,2.513109392328291,0.30831257927547995
1,2.5136330450460087,0.30827880327092316
1,2.5141566977637266,0.3082450590111421
1,2.5146803504814446,0.3082113464874965
1,2.5152040031991625,0.3081776656904367
1,2.5157276559168804,0.3081440166106404
1,2.5162513086345983,0.3081103992399221
1,2.5167749613523163,0.3080768135685048
1,2.517298614070034,0.3080432595872935
1,2.5178222667877517,0.3080097372867385
1,2.5183459195054696,0.30797624665842704
1,2.5188695722231875,0.3079427876934915
1,2.5193932249409055,0.30790936038238215
1,2.5199168776586234,0.30787596471554934
1,2.5204405303763413,0.3078426006843529
1,2.5209641830940592,0.3078092682796978
1,2.521487835811777,0.3077759674927165
1,2.522011488529495,0.3077426983143141
1,2.522535141247213,0.30770946073516825
1,2.523058793964931,0.3076762547468661
1,2.523582446682649,0.3076430803396306
1,2.524106099400367,0.3076099375039121
1,2.5246297521180847,0.30757682623243454
1,2.5251534048358026,0.30754374651542093
1,2.5256770575535206,0.30751069834354894
1,2.5262007102712385,0.30747768170817835
1,2.5267243629889564,0.3074446965997595
1,2.5272480157066743,0.3074117430101069
1,2.5277716684243923,0.30737882092967084
1,2.52829532114211,0.3073459303495838
1,2.528818973859828,0.3073130712616603
1,2.529342626577546,0.30728024365635065
1,2.529866279295264,0.3072474475236504
1,2.530389932012982,0.30721468285673836
1,2.5309135847307,0.3071819496460648
1,2.5314372374484178,0.30714924788139797
1,2.5319608901661357,0.3071165775547797
1,2.5324845428838536,0.30708393865802464
1,2.5330081956015715,0.307051331181583
1,2.5335318483192895,0.3070187551156778
1,2.5340555010370074,0.30698621045326036
1,2.5345791537547253,0.3069536971843263
1,2.5351028064724432,0.30692121530000804
1,2.535626459190161,0.3068887647923475
1,2.536150111907879,0.3068563456515676
1,2.536673764625597,0.30682395786925554
1,2.537197417343315,0.30679160143631634
1,2.537721070061033,0.3067592763441098
1,2.538244722778751,0.30672698258422315
1,2.5387683754964687,0.30669472014710664
1,2.5392920282141866,0.3066624890245748
1,2.5398156809319046,0.3066302892082149
1,2.5403393336496225,0.30659812068847714
1,2.5408629863673404,0.30656598345694874
1,2.5413866390850584,0.3065338775043074
1,2.5419102918027763,0.306501802822595
1,2.542433944520494,0.30646975940317134
1,2.542957597238212,0.30643774723671413
1,2.54348124995593,0.30640576631458316
1,2.544004902673648,0.3063738166283656
1,2.544528555391366,0.3063418981701034
1,2.545052208109084,0.3063100109291099
1,2.5455758608268018,0.3062781548978819
1,2.5460995135445197,0.30624633006846125
1,2.5466231662622376,0.30621453643129826
1,2.547146818979955,0.30618277397775273
1,2.547670471697673,0.3061510426987297
1,2.548194124415391,0.3061193425869533
1,2.548717777133109,0.30608767363332845
1,2.549241429850827,0.3060560358276234
1,2.5497650825685447,0.30602442916324435
1,2.5502887352862627,0.3059928536317784
1,2.5508123880039806,0.30596130922253906
1,2.5513360407216985,0.30592979592802294
1,2.5518596934394164,0.305898313740272
1,2.5523833461571344,0.305866862650646
1,2.5529069988748523,0.30583544264982265
1,2.55343065159257,0.3058040537289344
1,2.553954304310288,0.30577269588025047
1,2.554477957028006,0.30574136909581284
1,2.555001609745724,0.3057100733653897
1,2.555525262463442,0.3056788086814777
1,2.55604891518116,0.3056475750363461
1,2.5565725678988778,0.3056163724202179
1,2.5570962206165957,0.3055852008246802
1,2.5576198733343136,0.30555406024132026
1,2.5581435260520315,0.30552295066217994
1,2.5586671787697495,0.3054918720790738
1,2.5591908314874674,0.3054608244826795
1,2.5597144842051853,0.3054298078643569
1,2.5602381369229033,0.30539882221637527
1,2.560761789640621,0.305367867529867
1,2.561285442358339,0.30533694379687404
1,2.561809095076057,0.30530605100898356
1,2.562332747793775,0.305275189157328
1,2.562856400511493,0.3052443582332671
1,2.563380053229211,0.3052135582286155
1,2.5639037059469287,0.30518278913564245
1,2.5644273586646467,0.30515205094570774
1,2.5649510113823646,0.3051213436492617
1,2.5654746641000825,0.3050906672394831
1,2.5659983168178004,0.3050600217079591
1,2.5665219695355184,0.30502940704491266
1,2.5670456222532363,0.3049988232432952
1,2.567569274970954,0.3049682702944665
1,2.568092927688672,0.30493774818978636
1,2.56861658040639,0.30490725692106935
1,2.569140233124108,0.30487679648035737
1,2.569663885841826,0.30484636685901023
1,2.570187538559544,0.3048159680486151
1,2.5707111912772618,0.3047856000412139
1,2.5712348439949797,0.3047552628283938
1,2.5717584967126976,0.30472495640219677
1,2.5722821494304156,0.30469468075375516
1,2.5728058021481335,0.30466443587511094
1,2.5733294548658514,0.30463422175785126
1,2.5738531075835693,0.30460403839424544
1,2.5743767603012873,0.304573885776108
1,2.574900413019005,0.304543763894344
1,2.575424065736723,0.30451367274122276
1,2.575947718454441,0.3044836123087862
1,2.576471371172159,0.3044535825888488
1,2.5769950238898764,0.3044235835723157
1,2.5775186766075944,0.30439361525213826
1,2.5780423293253123,0.30436367762013106
1,2.5785659820430302,0.30433377066697176
1,2.579089634760748,0.3043038943856118
1,2.579613287478466,0.3042740487678657
1,2.580136940196184,0.3042442338046385
1,2.580660592913902,0.30421444948910903
1,2.58118424563162,0.3041846958121823
1,2.581707898349338,0.30415497276567294
1,2.5822315510670557,0.3041252803423049
1,2.5827552037847736,0.3040956185336654
1,2.5832788565024916,0.30406598733111423
1,2.5838025092202095,0.3040363867269207
1,2.5843261619379274,0.3040068167138088
1,2.5848498146556453,0.303977277282911
1,2.5853734673733633,0.3039477684258145
1,2.585897120091081,0.3039182901345612
1,2.586420772808799,0.30388884240232983
1,2.586944425526517,0.3038594252200255
1,2.587468078244235,0.3038300385794628
1,2.587991730961953,0.30380068247359304
1,2.588515383679671,0.30377135689332135
1,2.5890390363973887,0.3037420618311444
1,2.5895626891151067,0.3037127972793314
1,2.5900863418328246,0.30368356322946966
1,2.5906099945505425,0.30365435967382837
1,2.5911336472682605,0.30362518660467686
1,2.5916572999859784,0.3035960440133749
1,2.5921809527036963,0.30356693189241923
1,2.5927046054214142,0.3035378502338517
1,2.593228258139132,0.3035087990297143
1,2.59375191085685,0.30347977827204886
1,2.594275563574568,0.30345078795289737
1,2.594799216292286,0.3034218280645291
1,2.595322869010004,0.303392898598986
1,2.595846521727722,0.3033639995478552
1,2.5963701744454397,0.3033351309036334
1,2.5968938271631576,0.3033062926594994
1,2.5974174798808756,0.3032774848063582
1,2.5979411325985935,0.30324870733625175
1,2.5984647853163114,0.30321996024167674
1,2.5989884380340293,0.30319124351490245
1,2.5995120907517473,0.3031625571481982
1,2.600035743469465,0.3031339011329237
1,2.600559396187183,0.3031052754620305
1,2.601083048904901,0.3030766801282425
1,2.601606701622619,0.3030481151229196
1,2.602130354340337,0.30301958043787636
1,2.602654007058055,0.3029910760656094
1,2.6031776597757728,0.3029626019990701
1,2.6037013124934907,0.3029341582300731
1,2.6042249652112086,0.30290574475066023
1,2.6047486179289265,0.30287736155332823
1,2.6052722706466445,0.302849008630119
1,2.6057959233643624,0.3028206859735292
1,2.6063195760820803,0.30279239357537335
1,2.606843228799798,0.3027641314286029
1,2.6073668815175157,0.30273589952480506
1,2.6078905342352336,0.30270769785647644
1,2.6084141869529516,0.3026795264165685
1,2.6089378396706695,0.3026513851968957
1,2.6094614923883874,0.3026232741895001
1,2.6099851451061054,0.3025951933871056
1,2.6105087978238233,0.302567142782209
1,2.611032450541541,0.30253912236639735
1,2.611556103259259,0.3025111321323948
1,2.612079755976977,0.3024831720731527
1,2.612603408694695,0.3024552421802582
1,2.613127061412413,0.3024273424459807
1,2.613650714130131,0.30239947286372626
1,2.6141743668478488,0.3023716334253095
1,2.6146980195655667,0.3023438241225449
1,2.6152216722832846,0.3023160449488387
1,2.6157453250010025,0.30228829589600537
1,2.6162689777187205,0.30226057695631425
1,2.6167926304364384,0.3022328881231715
1,2.6173162831541563,0.3022052293881643
1,2.6178399358718742,0.3021776007431072
1,2.618363588589592,0.3021500021816337
1,2.61888724130731,0.30212243369646785
1,2.619410894025028,0.30209489527942424
1,2.619934546742746,0.3020673869223174
1,2.620458199460464,0.3020399086183261
1,2.620981852178182,0.3020124603608565
1,2.6215055048958997,0.3019850421408137
1,2.6220291576136177,0.30195765395092167
1,2.6225528103313356,0.30193029578526875
1,2.6230764630490535,0.30190296763498736
1,2.6236001157667714,0.3018756694930289
1,2.6241237684844894,0.30184840135189006
1,2.6246474212022073,0.30182116320338537
1,2.625171073919925,0.30179395504137574
1,2.625694726637643,0.3017667768579031
1,2.626218379355361,0.301739628644782
1,2.626742032073079,0.30171251039564595
1,2.627265684790797,0.301685422103219
1,2.627789337508515,0.30165836375931576
1,2.6283129902262328,0.3016313353566602
1,2.6288366429439507,0.30160433688820376
1,2.6293602956616686,0.3015773683466705
1,2.6298839483793865,0.30155042972432966
1,2.6304076010971045,0.30152352101367796
1,2.6309312538148224,0.30149664220743944
1,2.6314549065325403,0.30146979329902024
1,2.6319785592502583,0.30144297428068967
1,2.632502211967976,0.30141618514426227
1,2.633025864685694,0.30138942588359896
1,2.633549517403412,0.30136269649096903
1,2.63407317012113,0.30133599695886915
1,2.634596822838848,0.30130932728002335
1,2.635120475556566,0.3012826874469283
1,2.6356441282742837,0.30125607745344496
1,2.6361677809920017,0.3012294972916152
1,2.636691433709719,0.30120294695325356
1,2.637215086427437,0.30117642643244835
1,2.637738739145155,0.30114993572169624
1,2.638262391862873,0.30112347481281176
1,2.638786044580591,0.30109704369942847
1,2.6393096972983088,0.30107064237472514
1,2.6398333500160267,0.3010442708305163
1,2.6403570027337446,0.30101792905975344
1,2.6408806554514626,0.30099161705607
1,2.6414043081691805,0.3009653348112806
1,2.6419279608868984,0.30093908231856403
1,2.6424516136046163,0.3009128595713264
1,2.6429752663223343,0.3008866665616097
1,2.643498919040052,0.30086050328213787
1,2.64402257175777,0.30083436972631716
1,2.644546224475488,0.30080826588709897
1,2.645069877193206,0.3007821917567526
1,2.645593529910924,0.30075614732868416
1,2.646117182628642,0.3007301325960725
1,2.6466408353463597,0.3007041475511869
1,2.6471644880640777,0.30067819218629666
1,2.6476881407817956,0.30065226649526267
1,2.6482117934995135,0.3006263704712637
1,2.6487354462172314,0.3006005041067965
1,2.6492590989349494,0.3005746673948124
1,2.6497827516526673,0.30054886032758077
1,2.6503064043703852,0.3005230828987351
1,2.650830057088103,0.3004973351019089
1,2.651353709805821,0.3004716169286894
1,2.651877362523539,0.3004459283727101
1,2.652401015241257,0.3004202694273772
1,2.652924667958975,0.30039464008518735
1,2.653448320676693,0.30036904033909195
1,2.6539719733944107,0.3003434701815877
1,2.6544956261121286,0.30031792960676285
1,2.6550192788298466,0.30029241860734146
1,2.6555429315475645,0.3002669371760476
1,2.6560665842652824,0.3002414853058326
1,2.6565902369830003,0.30021606298987535
1,2.6571138897007183,0.3001906702213546
1,2.657637542418436,0.3001653069934491
1,2.658161195136154,0.3001399732993377
1,2.658684847853872,0.30011466913083495
1,2.65920850057159,0.30008939448248384
1,2.659732153289308,0.3000641493472358
1,2.660255806007026,0.3000389337175875
1,2.6607794587247438,0.3000137475869451
1,2.6613031114424617,0.29998859094803265
1,2.6618267641601796,0.29996346379493843
1,2.6623504168778975,0.29993836611993174
1,2.6628740695956155,0.29991329791550925
1,2.6633977223133334,0.29988825917644135
1,2.6639213750310513,0.2998632498952247
1,2.6644450277487692,0.2998382700648108
1,2.664968680466487,0.29981331967883307
1,2.665492333184205,0.29978839872978824
1,2.666015985901923,0.2997635072106277
1,2.6665396386196405,0.29973864511566717
1,2.6670632913373584,0.29971381243808537
1,2.6675869440550763,0.299689009170379
1,2.6681105967727943,0.2996642353052721
1,2.668634249490512,0.29963949083685293
1,2.66915790220823,0.2996147757585277
1,2.669681554925948,0.29959009006324777
1,2.670205207643666,0.2995654337439646
1,2.670728860361384,0.29954080679408435
1,2.671252513079102,0.29951620920724054
1,2.6717761657968198,0.2994916409761572
1,2.6722998185145377,0.2994671020946953
1,2.6728234712322556,0.2994425925555788
1,2.6733471239499735,0.2994181123524413
1,2.6738707766676915,0.2993936614791437
1,2.6743944293854094,0.29936923992750053
1,2.6749180821031273,0.2993448476916001
1,2.6754417348208452,0.29932048476553064
1,2.675965387538563,0.29929615114178887
1,2.676489040256281,0.29927184681378094
1,2.677012692973999,0.2992475717751404
1,2.677536345691717,0.2992233260192734
1,2.678059998409435,0.29919910953867657
1,2.678583651127153,0.299174922327893
1,2.6791073038448707,0.29915076438010146
1,2.6796309565625887,0.29912663568757125
1,2.6801546092803066,0.2991025362448454
1,2.6806782619980245,0.29907846604533006
1,2.6812019147157424,0.29905442508220403
1,2.6817255674334604,0.2990304133486461
1,2.6822492201511783,0.2990064308382898
1,2.682772872868896,0.2989824775445413
1,2.683296525586614,0.29895855346103417
1,2.683820178304332,0.29893465858071977
1,2.68434383102205,0.29891079289745903
1,2.684867483739768,0.2988869564048855
1,2.685391136457486,0.29886314909617795
1,2.6859147891752038,0.29883937096496993
1,2.6864384418929217,0.29881562200421286
1,2.6869620946106396,0.29879190220844976
1,2.6874857473283575,0.29876821157063205
1,2.6880094000460755,0.2987445500841659
1,2.6885330527637934,0.29872091774245746
1,2.6890567054815113,0.29869731453936765
1,2.6895803581992292,0.29867374046853
1,2.690104010916947,0.29865019552380545
1,2.690627663634665,0.2986266796972359
1,2.691151316352383,0.29860319298336435
1,2.691674969070101,0.2985797353771886
1,2.692198621787819,0.29855630686984114
1,2.692722274505537,0.29853290745654704
1,2.6932459272232547,0.298509537129803
1,2.6937695799409727,0.29848619588392467
1,2.6942932326586906,0.29846288371277296
1,2.6948168853764085,0.29843960060884456
1,2.6953405380941264,0.2984163465666825
1,2.6958641908118444,0.29839312157992026
1,2.696387843529562,0.2983699256424188
1,2.6969114962472798,0.2983467587466748
1,2.6974351489649977,0.2983236208874587
1,2.6979588016827156,0.2983005120584039
1,2.6984824544004336,0.2982774322526893
1,2.6990061071181515,0.2982543814637211
1,2.6995297598358694,0.2982313596858148
1,2.7000534125535873,0.29820836691305885
1,2.7005770652713053,0.29818540313794983
1,2.701100717989023,0.29816246835457605
1,2.701624370706741,0.29813956255816265
1,2.702148023424459,0.29811668574075156
1,2.702671676142177,0.29809383789574895
1,2.703195328859895,0.29807101901837996
1,2.703718981577613,0.29804822910205075
1,2.7042426342953307,0.29802546813994013
1,2.7047662870130487,0.298002736125909
1,2.7052899397307666,0.2979800330535909
1,2.7058135924484845,0.29795735891752884
1,2.7063372451662024,0.2979347137113564
1,2.7068608978839204,0.2979120974284797
1,2.7073845506016383,0.2978895100623049
1,2.707908203319356,0.29786695160760246
1,2.708431856037074,0.29784442205823325
1,2.708955508754792,0.2978219214069213
1,2.70947916147251,0.2977994496482097
1,2.710002814190228,0.2977770067759593
1,2.710526466907946,0.2977545927842584
1,2.711050119625664,0.2977322076665132
1,2.7115737723433817,0.29770985141658457
1,2.7120974250610996,0.2976875240287882
1,2.7126210777788176,0.29766522549675756
1,2.7131447304965355,0.2976429558143536
1,2.7136683832142534,0.2976207149754373
1,2.7141920359319713,0.2975985029743242
1,2.7147156886496893,0.2975763198041932
1,2.715239341367407,0.29755416545958724
1,2.715762994085125,0.297532039934822
1,2.716286646802843,0.29750994322216684
1,2.716810299520561,0.29748787531752896
1,2.717333952238279,0.2974658362138598
1,2.717857604955997,0.2974438259050203
1,2.7183812576737147,0.2974218443857808
1,2.7189049103914327,0.2973998916493201
1,2.7194285631091506,0.29737796768995395
1,2.7199522158268685,0.2973560725013158
1,2.7204758685445865,0.2973342060779487
1,2.7209995212623044,0.29731236841394093
1,2.7215231739800223,0.29729055950269867
1,2.7220468266977402,0.2972687793383102
1,2.722570479415458,0.2972470279155459
1,2.723094132133176,0.29722530522826673
1,2.723617784850894,0.2972036112698788
1,2.724141437568612,0.2971819460349252
1,2.72466509028633,0.29716030951749417
1,2.725188743004048,0.2971387017109919
1,2.7257123957217657,0.2971171226106435
1,2.726236048439483,0.29709557221008254
1,2.726759701157201,0.29707405050226043
1,2.727283353874919,0.2970525574828571
1,2.727807006592637,0.297031093145506
1,2.728330659310355,0.2970096574847503
1,2.728854312028073,0.2969882504935413
1,2.7293779647457908,0.2969668721668768
1,2.7299016174635087,0.2969455224995272
1,2.7304252701812266,0.29692420148307974
1,2.7309489228989445,0.29690290911503325
1,2.7314725756166625,0.29688164538765704
1,2.7319962283343804,0.29686041029458465
1,2.7325198810520983,0.2968392038319507
1,2.7330435337698162,0.29681802599293405
1,2.733567186487534,0.29679687677116817
1,2.734090839205252,0.2967757561614235
1,2.73461449192297,0.29675466415801566
1,2.735138144640688,0.2967336007545782
1,2.735661797358406,0.2967125659467911
1,2.736185450076124,0.29669155972737826
1,2.7367091027938417,0.29667058209065544
1,2.7372327555115596,0.29664963303184777
1,2.7377564082292776,0.29662871254481615
1,2.7382800609469955,0.2966078206234215
1,2.7388037136647134,0.2965869572619795
1,2.7393273663824314,0.29656612245548786
1,2.7398510191001493,0.2965453161980349
1,2.740374671817867,0.29652453848370897
1,2.740898324535585,0.2965037893063709
1,2.741421977253303,0.2964830686607911
1,2.741945629971021,0.2964623765410579
1,2.742469282688739,0.29644171294216903
1,2.742992935406457,0.29642107785775806
1,2.7435165881241748,0.296400471282368
1,2.7440402408418927,0.29637989321122404
1,2.7445638935596106,0.29635934363750494
1,2.7450875462773285,0.29633882255552635
1,2.7456111989950465,0.2963183299598313
1,2.7461348517127644,0.29629786584587237
1,2.7466585044304823,0.29627743020728303
1,2.7471821571482002,0.2962570230381516
1,2.747705809865918,0.2962366443332485
1,2.748229462583636,0.29621629408666195
1,2.748753115301354,0.2961959722931624
1,2.749276768019072,0.2961756789475203
1,2.74980042073679,0.29615541404359647
1,2.750324073454508,0.29613517757638874
1,2.7508477261722257,0.2961149695393033
1,2.7513713788899437,0.2960947899275652
1,2.7518950316076616,0.296074638735945
1,2.7524186843253795,0.2960545159578487
1,2.7529423370430974,0.2960344215891837
1,2.7534659897608154,0.2960143556233561
1,2.7539896424785333,0.2959943180553637
1,2.754513295196251,0.29597430888020426
1,2.755036947913969,0.2959543280910566
1,2.755560600631687,0.29593437568314584
1,2.7560842533494045,0.2959144516514698
1,2.7566079060671225,0.29589455598988934
1,2.7571315587848404,0.2958746886931749
1,2.7576552115025583,0.2958548497558695
1,2.7581788642202762,0.29583503917297094
1,2.758702516937994,0.2958152569383401
1,2.759226169655712,0.2957955030467474
1,2.75974982237343,0.295775777493418
1,2.760273475091148,0.2957560802722128
1,2.760797127808866,0.29573641137812956
1,2.761320780526584,0.2957167708052566
1,2.7618444332443017,0.2956971585485917
1,2.7623680859620197,0.29567757460358735
1,2.7628917386797376,0.2956580189638771
1,2.7634153913974555,0.29563849162354927
1,2.7639390441151734,0.29561899257805635
1,2.7644626968328914,0.2955995218223961
1,2.7649863495506093,0.29558007935088426
1,2.765510002268327,0.29556066515829116
1,2.766033654986045,0.2955412792387051
1,2.766557307703763,0.29552192158735124
1,2.767080960421481,0.295502592199
1,2.767604613139199,0.295483291067967
1,2.768128265856917,0.2954640181897048
1,2.7686519185746348,0.2954447735583017
1,2.7691755712923527,0.29542555716830066
1,2.7696992240100706,0.2954063690146995
1,2.7702228767277886,0.2953872090922687
1,2.7707465294455065,0.2953680773960059
1,2.7712701821632244,0.2953489739204542
1,2.7717938348809423,0.29532989866061143
1,2.7723174875986603,0.29531085161102055
1,2.772841140316378,0.29529183276599724
1,2.773364793034096,0.29527284212099403
1,2.773888445751814,0.2952538796700992
1,2.774412098469532,0.29523494540899264
1,2.77493575118725,0.2952160393328995
1,2.775459403904968,0.2951971614354534
1,2.7759830566226857,0.29517831171119724
1,2.7765067093404037,0.2951594901560384
1,2.7770303620581216,0.29514069676497456
1,2.7775540147758395,0.2951219315318667
1,2.7780776674935574,0.29510319445216737
1,2.7786013202112754,0.2950844855206469
1,2.7791249729289933,0.2950658047318484
1,2.7796486256467112,0.29504715208099697
1,2.780172278364429,0.29502852756331777
1,2.780695931082147,0.29500993117335383
1,2.781219583799865,0.2949913629056482
1,2.781743236517583,0.294972822755426
1,2.782266889235301,0.29495431071791245
1,2.782790541953019,0.29493582678719577
1,2.7833141946707367,0.29491737095895587
1,2.7838378473884546,0.29489894322887267
1,2.7843615001061726,0.29488054359080706
1,2.7848851528238905,0.2948621720390747
1,2.7854088055416084,0.29484382856912816
1,2.785932458259326,0.29482551317710204
1,2.786456110977044,0.29480722585708463
1,2.7869797636947617,0.29478896660452847
1,2.7875034164124797,0.29477073541352183
1,2.7880270691301976,0.2947525322792899
1,2.7885507218479155,0.2947343571975125
1,2.7890743745656335,0.2947162101625054
1,2.7895980272833514,0.2946980911699484
1,2.7901216800010693,0.29468000021529406
1,2.7906453327187872,0.29466193729126644
1,2.791168985436505,0.29464390239513705
1,2.791692638154223,0.2946258955225858
1,2.792216290871941,0.2946079166661093
1,2.792739943589659,0.29458996582184227
1,2.793263596307377,0.2945720429854646
1,2.793787249025095,0.2945541481522014
1,2.7943109017428127,0.2945362813165957
1,2.7948345544605306,0.29451844247341796
1,2.7953582071782486,0.2945006316181207
1,2.7958818598959665,0.2944828487461564
1,2.7964055126136844,0.29446509385229547
1,2.7969291653314023,0.29444736693221785
1,2.7974528180491203,0.2944296679800118
1,2.797976470766838,0.29441199699112985
1,2.798500123484556,0.2943943539614793
1,2.799023776202274,0.2943767388858305
1,2.799547428919992,0.294359151759636
1,2.80007108163771,0.29434159257766623
1,2.800594734355428,0.29432406133491895
1,2.8011183870731458,0.2943065580266193
1,2.8016420397908637,0.29428908264821985
1,2.8021656925085816,0.29427163519540045
1,2.8026893452262995,0.2942542156624768
1,2.8032129979440175,0.29423682404512874
1,2.8037366506617354,0.294219460339491
1,2.8042603033794533,0.2942021245385149
1,2.8047839560971712,0.2941848166390173
1,2.805307608814889,0.29416753663736017
1,2.805831261532607,0.2941502845267223
1,2.806354914250325,0.2941330603023289
1,2.806878566968043,0.29411586396099665
1,2.807402219685761,0.294098695497496
1,2.807925872403479,0.29408155490637
1,2.8084495251211967,0.29406444218375327
1,2.8089731778389146,0.29404735732509835
1,2.8094968305566326,0.294030300325403
1,2.8100204832743505,0.29401327117943765
1,2.8105441359920684,0.2939962698826548
1,2.8110677887097864,0.29397929643096177
1,2.8115914414275043,0.29396235081958366
1,2.812115094145222,0.293945433043973
1,2.81263874686294,0.2939285430995824
1,2.813162399580658,0.29391168098095477
1,2.813686052298376,0.2938948466837701
1,2.814209705016094,0.29387804020439035
1,2.814733357733812,0.29386126153690384
1,2.8152570104515298,0.29384451067721784
1,2.8157806631692472,0.293827787621467
1,2.816304315886965,0.2938110923646491
1,2.816827968604683,0.29379442490130714
1,2.817351621322401,0.29377778522712106
1,2.817875274040119,0.29376117333777074
1,2.818398926757837,0.29374458923007296
1,2.818922579475555,0.293728032898116
1,2.8194462321932727,0.29371150433667026
1,2.8199698849109907,0.29369500354232514
1,2.8204935376287086,0.29367853051053316
1,2.8210171903464265,0.29366208523674686
1,2.8215408430641444,0.29364566771550926
1,2.8220644957818624,0.29362927794340976
1,2.8225881484995803,0.29361291591635563
1,2.823111801217298,0.29359658162843516
1,2.823635453935016,0.2935802750755556
1,2.824159106652734,0.29356399625407903
1,2.824682759370452,0.2935477451585484
1,2.82520641208817,0.29353152178509845
1,2.825730064805888,0.2935153261296364
1,2.8262537175236058,0.2934991581862505
1,2.8267773702413237,0.2934830179524397
1,2.8273010229590416,0.293466905422747
1,2.8278246756767595,0.29345082059262495
1,2.8283483283944775,0.29343476345843555
1,2.8288719811121954,0.2934187340144945
1,2.8293956338299133,0.29340273225693636
1,2.8299192865476313,0.29338675818212323
1,2.830442939265349,0.29337081178528024
1,2.830966591983067,0.29335489306140516
1,2.831490244700785,0.2933390020070874
1,2.832013897418503,0.29332313861732473
1,2.832537550136221,0.29330730288779705
1,2.833061202853939,0.2932914948148664
1,2.8335848555716567,0.2932757143935305
1,2.8341085082893747,0.29325996161855983
1,2.8346321610070926,0.29324423648745324
1,2.8351558137248105,0.2932285389954359
1,2.8356794664425284,0.29321286913750555
1,2.8362031191602464,0.29319722691025163
1,2.8367267718779643,0.29318161230821715
1,2.837250424595682,0.29316602532776415
1,2.8377740773134,0.2931504659657094
1,2.838297730031118,0.2931349342152316
1,2.838821382748836,0.29311943007405716
1,2.839345035466554,0.29310395353832064
1,2.839868688184272,0.29308850460211033
1,2.8403923409019898,0.293073083262243
1,2.8409159936197077,0.29305768951371647
1,2.8414396463374256,0.2930423233531201
1,2.8419632990551436,0.29302698477636113
1,2.8424869517728615,0.29301167377889215
1,2.8430106044905794,0.2929963903559383
1,2.8435342572082973,0.29298113450386154
1,2.8440579099260153,0.2929659062187966
1,2.844581562643733,0.29295070549551383
1,2.8451052153614507,0.2929355323310574
1,2.8456288680791686,0.2929203867213346
1,2.8461525207968865,0.2929052686608884
1,2.8466761735146044,0.29289017814630824
1,2.8471998262323224,0.2928751151744109
1,2.8477234789500403,0.2928600797388299
1,2.8482471316677582,0.2928450718368367
1,2.848770784385476,0.29283009146479344
1,2.849294437103194,0.29281513861747044
1,2.849818089820912,0.29280021329213923
1,2.85034174253863,0.2927853154837976
1,2.850865395256348,0.2927704451876707
1,2.851389047974066,0.2927556024005753
1,2.8519127006917837,0.29274078711864604
1,2.8524363534095016,0.2927259993375628
1,2.8529600061272196,0.2927112390527782
1,2.8534836588449375,0.2926965062608815
1,2.8540073115626554,0.29268180095800744
1,2.8545309642803733,0.2926671231398359
1,2.8550546169980913,0.292652472801592
1,2.855578269715809,0.29263784994031994
1,2.856101922433527,0.2926232545514722
1,2.856625575151245,0.29260868663118345
1,2.857149227868963,0.2925941461755883
1,2.857672880586681,0.292579633179912
1,2.858196533304399,0.29256514764233543
1,2.8587201860221167,0.29255068955603747
1,2.8592438387398347,0.29253625891874435
1,2.8597674914575526,0.2925218557268181
1,2.8602911441752705,0.292507479974347
1,2.8608147968929885,0.2924931316595121
1,2.8613384496107064,0.29247881077844795
1,2.8618621023284243,0.29246451732569767
1,2.8623857550461422,0.2924502512971685
1,2.86290940776386,0.292436012690132
1,2.863433060481578,0.2924218015007227
1,2.863956713199296,0.2924076177250754
1,2.864480365917014,0.29239346135773303
1,2.865004018634732,0.2923793323964219
1,2.86552767135245,0.29236523083773136
1,2.8660513240701677,0.2923511566762045
1,2.8665749767878856,0.2923371099082033
1,2.8670986295056036,0.2923230905307719
1,2.8676222822233215,0.29230909853913545
1,2.8681459349410394,0.2922951339305655
1,2.8686695876587573,0.29228119670074193
1,2.8691932403764753,0.29226728684511727
1,2.869716893094193,0.29225340436073566
1,2.870240545811911,0.2922395492441865
1,2.870764198529629,0.29222572149046755
1,2.871287851247347,0.2922119210954861
1,2.871811503965065,0.2921981480569684
1,2.872335156682783,0.2921844023712765
1,2.8728588094005008,0.2921706840331808
1,2.8733824621182187,0.29215699303949805
1,2.8739061148359366,0.29214332938681764
1,2.8744297675536545,0.29212969307036474
1,2.874953420271372,0.2921160840885477
1,2.87547707298909,0.2921025024354549
1,2.876000725706808,0.29208894810813035
1,2.876524378424526,0.29207542110316354
1,2.8770480311422437,0.2920619214162343
1,2.8775716838599616,0.2920484490448416
1,2.8780953365776796,0.29203500398330107
1,2.8786189892953975,0.2920215862297937
1,2.8791426420131154,0.29200819577999937
1,2.8796662947308334,0.29199483262937065
1,2.8801899474485513,0.29198149677608853
1,2.880713600166269,0.29196818821492343
1,2.881237252883987,0.29195490694246473
1,2.881760905601705,0.2919416529555292
1,2.882284558319423,0.2919284262509336
1,2.882808211037141,0.2919152268243579
1,2.883331863754859,0.2919020546714819
1,2.8838555164725768,0.29188890978957716
1,2.8843791691902947,0.2918757921756878
1,2.8849028219080126,0.29186270182481167
1,2.8854264746257305,0.2918496387342202
1,2.8859501273434485,0.2918366029000481
1,2.8864737800611664,0.29182359431865734
1,2.8869974327788843,0.2918106129870921
1,2.8875210854966022,0.2917976589008049
1,2.88804473821432,0.29178473205706723
1,2.888568390932038,0.2917718324517864
1,2.889092043649756,0.29175896008246127
1,2.889615696367474,0.291746114944317
1,2.890139349085192,0.291733297033943
1,2.89066300180291,0.29172050634815605
1,2.8911866545206277,0.2917077428828634
1,2.8917103072383457,0.29169500663601866
1,2.8922339599560636,0.29168229760443865
1,2.8927576126737815,0.2916696157822116
1,2.8932812653914994,0.29165696116638173
1,2.8938049181092174,0.29164433375558474
1,2.8943285708269353,0.2916317335441363
1,2.894852223544653,0.29161916052999004
1,2.895375876262371,0.2916066147092806
1,2.895899528980089,0.29159409607746056
1,2.896423181697807,0.2915816046331656
1,2.896946834415525,0.29156914037093884
1,2.897470487133243,0.29155670328873384
1,2.8979941398509608,0.2915442933835948
1,2.8985177925686787,0.2915319106500647
1,2.8990414452863966,0.29151955508609717
1,2.8995650980041145,0.29150722668828166
1,2.9000887507218325,0.2914949254534349
1,2.9006124034395504,0.29148265137723683
1,2.9011360561572683,0.2914704044571863
1,2.9016597088749863,0.29145818469055484
1,2.902183361592704,0.29144599207143074
1,2.902707014310422,0.2914338265986771
1,2.90323066702814,0.2914216882695655
1,2.903754319745858,0.2914095770786389
1,2.904277972463576,0.2913974930229415
1,2.9048016251812934,0.291385436101109
1,2.9053252778990113,0.2913734063083666
1,2.905848930616729,0.2913614036406216
1,2.906372583334447,0.2913494280960549
1,2.906896236052165,0.2913374796703465
1,2.907419888769883,0.29132555836145
1,2.907943541487601,0.2913136641652727
1,2.908467194205319,0.29130179707863135
1,2.9089908469230368,0.29128995709788796
1,2.9095144996407547,0.2912781442200867
1,2.9100381523584726,0.29126635844340854
1,2.9105618050761906,0.29125459976239654
1,2.9110854577939085,0.2912428681736401
1,2.9116091105116264,0.29123116367645707
1,2.9121327632293443,0.2912194862665274
1,2.9126564159470623,0.2912078359397583
1,2.91318006866478,0.2911962126927392
1,2.913703721382498,0.2911846165241059
1,2.914227374100216,0.2911730474297656
1,2.914751026817934,0.29116150540517083
1,2.915274679535652,0.2911499904498669
1,2.91579833225337,0.29113850255862417
1,2.9163219849710877,0.2911270417284868
1,2.9168456376888057,0.2911156079569537
1,2.9173692904065236,0.29110420124175107
1,2.9178929431242415,0.29109282157787675
1,2.9184165958419594,0.2910814689619201
1,2.9189402485596774,0.29107014339319903
1,2.9194639012773953,0.2910588448673934
1,2.9199875539951132,0.2910475733806379
1,2.920511206712831,0.2910363289306588
1,2.921034859430549,0.2910251115135907
1,2.921558512148267,0.2910139211276146
1,2.922082164865985,0.2910027577695473
1,2.922605817583703,0.29099162143506874
1,2.923129470301421,0.29098051212235987
1,2.9236531230191387,0.290969429827328
1,2.9241767757368566,0.29095837454769935
1,2.9247004284545746,0.290947346279836
1,2.9252240811722925,0.29093634502146415
1,2.9257477338900104,0.2909253707694006
1,2.9262713866077283,0.2909144235202348
1,2.9267950393254463,0.2909035032716929
1,2.927318692043164,0.2908926100192275
1,2.927842344760882,0.2908817437610196
1,2.9283659974786,0.29087090449479547
1,2.928889650196318,0.29086009221578024
1,2.929413302914036,0.2908493069223823
1,2.929936955631754,0.2908385486116458
1,2.9304606083494718,0.2908278172797054
1,2.9309842610671897,0.29081711292406
1,2.9315079137849076,0.2908064355415263
1,2.9320315665026255,0.29079578513028537
1,2.9325552192203435,0.2907851616860171
1,2.9330788719380614,0.2907745652066751
1,2.9336025246557793,0.29076399568953093
1,2.9341261773734972,0.29075345313026446
1,2.9346498300912147,0.2907429375272841
1,2.9351734828089326,0.29073244887763394
1,2.9356971355266506,0.29072198717858555
1,2.9362207882443685,0.29071155242559144
1,2.9367444409620864,0.29070114461819685
1,2.9372680936798043,0.29069076375253644
1,2.9377917463975223,0.29068040982497223
1,2.93831539911524,0.29067008283345785
1,2.938839051832958,0.29065978277412796
1,2.939362704550676,0.2906495096465278
1,2.939886357268394,0.2906392634470194
1,2.940410009986112,0.29062904417060054
1,2.94093366270383,0.29061885181590696
1,2.9414573154215478,0.29060868638157444
1,2.9419809681392657,0.29059854786260075
1,2.9425046208569836,0.29058843625693953
1,2.9430282735747015,0.2905783515627718
1,2.9435519262924195,0.29056829377623217
1,2.9440755790101374,0.2905582628943648
1,2.9445992317278553,0.29054825891535074
1,2.9451228844455732,0.2905382818362341
1,2.945646537163291,0.29052833165383163
1,2.946170189881009,0.29051840836541487
1,2.946693842598727,0.2905085119687101
1,2.947217495316445,0.2904986424609888
1,2.947741148034163,0.29048879983974984
1,2.948264800751881,0.2904789841022648
1,2.9487884534695987,0.2904691952444409
1,2.9493121061873167,0.2904594332640045
1,2.9498357589050346,0.29044969815913646
1,2.9503594116227525,0.29043998992824527
1,2.9508830643404704,0.2904303085676929
1,2.9514067170581884,0.29042065407270456
1,2.9519303697759063,0.2904110264425981
1,2.952454022493624,0.2904014256755545
1,2.952977675211342,0.2903918517686179
1,2.95350132792906,0.29038230471701354
1,2.954024980646778,0.2903727845191497
1,2.954548633364496,0.29036329117411697
1,2.955072286082214,0.29035382467782256
1,2.9555959387999318,0.29034438502731064
1,2.9561195915176497,0.2903349722218991
1,2.9566432442353676,0.2903255862570404
1,2.9571668969530855,0.2903162271297788
1,2.9576905496708035,0.29030689483943206
1,2.9582142023885214,0.29029758938327177
1,2.9587378551062393,0.29028831075765993
1,2.9592615078239572,0.2902790589600954
1,2.959785160541675,0.2902698339883045
1,2.960308813259393,0.29026063584046824
1,2.960832465977111,0.2902514645138581
1,2.961356118694829,0.2902423200039266
1,2.961879771412547,0.29023320231067373
1,2.962403424130265,0.29022411143137106
1,2.9629270768479827,0.29021504736260795
1,2.9634507295657007,0.2902060101012012
1,2.9639743822834186,0.2901969996464686
1,2.964498035001136,0.29018801599522703
1,2.965021687718854,0.2901790591442932
1,2.965545340436572,0.29017012909184814
1,2.96606899315429,0.2901612258363002
1,2.9665926458720078,0.2901523493737841
1,2.9671162985897257,0.2901434997029355
1,2.9676399513074436,0.2901346768201165
1,2.9681636040251616,0.2901258807235081
1,2.9686872567428795,0.290117111411746
1,2.9692109094605974,0.2901083688793733
1,2.9697345621783153,0.2900996531279816
1,2.9702582148960333,0.290090964152796
1,2.970781867613751,0.2900823019517702
1,2.971305520331469,0.29007366652331257
1,2.971829173049187,0.29006505786355774
1,2.972352825766905,0.2900564759718236
1,2.972876478484623,0.2900479208444722
1,2.973400131202341,0.29003939247991184
1,2.9739237839200587,0.2900308908756415
1,2.9744474366377767,0.29002241602779577
1,2.9749710893554946,0.2900139679361473
1,2.9754947420732125,0.29000554659842237
1,2.9760183947909304,0.28999715201189247
1,2.9765420475086484,0.28998878417360174
1,2.9770657002263663,0.28998044308059434
1,2.9775893529440842,0.2899721287317334
1,2.978113005661802,0.2899638411254273
1,2.97863665837952,0.28995558025872015
1,2.979160311097238,0.28994734612865614
1,2.979683963814956,0.28993913873341626
1,2.980207616532674,0.2899309580711815
1,2.980731269250392,0.2899228041385413
1,2.9812549219681097,0.2899146769350409
1,2.9817785746858276,0.28990657645840656
1,2.9823022274035456,0.2898985027038634
1,2.9828258801212635,0.2898904556718662
1,2.9833495328389814,0.2898824353590044
1,2.9838731855566993,0.2898744417618673
1,2.9843968382744173,0.28986647488113704
1,2.984920490992135,0.28985853471340306
1,2.985444143709853,0.28985062125525474
1,2.985967796427571,0.28984273450600995
1,2.986491449145289,0.28983487446271283
1,2.987015101863007,0.2898270411235444
1,2.987538754580725,0.2898192344864583
1,2.9880624072984427,0.2898114545500903
1,2.9885860600161607,0.28980370131080235
1,2.9891097127338786,0.28979597476586605
1,2.9896333654515965,0.28978827491550874
1,2.9901570181693145,0.2897806017565472
1,2.9906806708870324,0.28977295528602554
1,2.9912043236047503,0.2897653355028069
1,2.9917279763224682,0.2897577424055271
1,2.992251629040186,0.2897501759905481
1,2.992775281757904,0.28974263625650565
1,2.993298934475622,0.28973512320089867
1,2.99382258719334,0.28972763682190816
1,2.9943462399110574,0.2897201771190794
1,2.9948698926287753,0.28971274408695535
1,2.9953935453464933,0.28970533772599083
1,2.995917198064211,0.2896979580345942
1,2.996440850781929,0.28969060500912747
1,2.996964503499647,0.2896832786482264
1,2.997488156217365,0.28967597894893515
1,2.998011808935083,0.28966870591170846
1,2.998535461652801,0.28966145953199884
1,2.9990591143705188,0.28965423980866944
1,2.9995827670882367,0.2896470467405834
1,3.0001064198059546,0.2896398803247848
1,3.0006300725236725,0.2896327405601369
1,3.0011537252413905,0.2896256274430016
1,3.0016773779591084,0.28961854097315154
1,3.0022010306768263,0.28961148114899515
1,3.0027246833945442,0.2896044479671218
1,3.003248336112262,0.28959744142457566
1,3.00377198882998,0.2895904615231757
1,3.004295641547698,0.2895835082583744
1,3.004819294265416,0.2895765816265339
1,3.005342946983134,0.2895696816308373
1,3.005866599700852,0.2895628082665098
1,3.0063902524185697,0.2895559615303682
1,3.0069139051362876,0.28954914142036614
1,3.0074375578540056,0.2895423479378678
1,3.0079612105717235,0.2895355810805995
1,3.0084848632894414,0.2895288408437864
1,3.0090085160071594,0.28952212722720105
1,3.0095321687248773,0.2895154402285698
1,3.010055821442595,0.2895087798469831
1,3.010579474160313,0.28950214608062197
1,3.011103126878031,0.2894955389260758
1,3.011626779595749,0.28948895838266253
1,3.012150432313467,0.2894824044485631
1,3.012674085031185,0.28947587712264067
1,3.0131977377489028,0.2894693764023941
1,3.0137213904666207,0.28946290228509497
1,3.0142450431843386,0.2894564547707432
1,3.0147686959020565,0.28945003385592827
1,3.0152923486197745,0.28944363953951324
1,3.0158160013374924,0.28943727182149814
1,3.0163396540552103,0.2894309306966534
1,3.0168633067729282,0.28942461616657056
1,3.017386959490646,0.28941832822806646
1,3.017910612208364,0.2894120668765936
1,3.018434264926082,0.2894058321164721
1,3.0189579176438,0.28939962394315444
1,3.019481570361518,0.28939344235323006
1,3.020005223079236,0.2893872873451073
1,3.0205288757969537,0.2893811589190136
1,3.0210525285146717,0.28937505707472155
1,3.0215761812323896,0.2893689818074563
1,3.0220998339501075,0.2893629331147167
1,3.0226234866678254,0.2893569109978671
1,3.0231471393855434,0.28935091545463365
1,3.0236707921032613,0.2893449464825153
1,3.0241944448209788,0.28933900407969304
1,3.0247180975386967,0.28933308824480264
1,3.0252417502564146,0.2893271989762525
1,3.0257654029741325,0.2893213362729057
1,3.0262890556918505,0.2893155001343075
1,3.0268127084095684,0.2893096905565926
1,3.0273363611272863,0.289303907537942
1,3.0278600138450043,0.2892981510781283
1,3.028383666562722,0.28929242117578724
1,3.02890731928044,0.2892867178286451
1,3.029430971998158,0.28928104103488295
1,3.029954624715876,0.2892753907926817
1,3.030478277433594,0.2892697671022688
1,3.031001930151312,0.2892641699606884
1,3.0315255828690297,0.2892585993679404
1,3.0320492355867477,0.28925305532015955
1,3.0325728883044656,0.28924753781529944
1,3.0330965410221835,0.28924204685699806
1,3.0336201937399014,0.28923658243797945
1,3.0341438464576194,0.2892311445591531
1,3.0346674991753373,0.2892257332182453
1,3.035191151893055,0.2892203484145739
1,3.035714804610773,0.2892149901490484
1,3.036238457328491,0.28920965841416546
1,3.036762110046209,0.28920435321197147
1,3.037285762763927,0.2891990745449675
1,3.037809415481645,0.2891938224054229
1,3.0383330681993628,0.289188596791746
1,3.0388567209170807,0.2891833977089391
1,3.0393803736347986,0.2891782251499535
1,3.0399040263525166,0.28917307911410717
1,3.0404276790702345,0.2891679596011727
1,3.0409513317879524,0.2891628666109227
1,3.0414749845056703,0.28915780013903714
1,3.0419986372233883,0.2891527601848338
1,3.042522289941106,0.289147746749677
1,3.043045942658824,0.28914275982992876
1,3.043569595376542,0.28913779942377005
1,3.04409324809426,0.28913286552983664
1,3.044616900811978,0.28912795814949277
1,3.045140553529696,0.2891230772779636
1,3.0456642062474137,0.2891182229157039
1,3.0461878589651317,0.28911339506157674
1,3.0467115116828496,0.2891085937126263
1,3.0472351644005675,0.28910381886908
1,3.0477588171182854,0.2890990705295735
1,3.0482824698360034,0.28909434869092365
1,3.0488061225537213,0.28908965335472203
1,3.0493297752714392,0.2890849845186949
1,3.049853427989157,0.28908034217874956
1,3.050377080706875,0.28907572633784184
1,3.050900733424593,0.2890711369939254
1,3.051424386142311,0.2890665741442717
1,3.051948038860029,0.2890620377856976
1,3.052471691577747,0.28905752792002204
1,3.0529953442954647,0.28905304454792713
1,3.0535189970131826,0.2890485876623643
1,3.0540426497309,0.28904415726606203
1,3.054566302448618,0.2890397533590203
1,3.055089955166336,0.28903537593532747
1,3.055613607884054,0.2890310249979393
1,3.056137260601772,0.2890267005454916
1,3.0566609133194897,0.2890224025725274
1,3.0571845660372077,0.28901813108154784
1,3.0577082187549256,0.28901388607346234
1,3.0582318714726435,0.2890096675403129
1,3.0587555241903615,0.2890054754884659
1,3.0592791769080794,0.2890013099126918
1,3.0598028296257973,0.28899717080912524
1,3.0603264823435152,0.28899305818254106
1,3.060850135061233,0.28898897203043816
1,3.061373787778951,0.2889849123489512
1,3.061897440496669,0.2889808791376254
1,3.062421093214387,0.28897687239918923
1,3.062944745932105,0.28897289212659416
1,3.063468398649823,0.2889689383239329
1,3.0639920513675407,0.2889650109877948
1,3.0645157040852586,0.28896111011385983
1,3.0650393568029766,0.2889572357057659
1,3.0655630095206945,0.2889533877632857
1,3.0660866622384124,0.288949566281417
1,3.0666103149561303,0.28894577125993237
1,3.0671339676738483,0.2889420027020151
1,3.067657620391566,0.28893826060243555
1,3.068181273109284,0.28893454496119375
1,3.068704925827002,0.2889308557757886
1,3.06922857854472,0.2889271930466748
1,3.069752231262438,0.28892355677248815
1,3.070275883980156,0.28891994695322865
1,3.0707995366978738,0.28891636358730466
1,3.0713231894155917,0.28891280667176034
1,3.0718468421333096,0.28890927621046103
1,3.0723704948510275,0.2889057721984045
1,3.0728941475687455,0.2889022946328623
1,3.0734178002864634,0.2888988435202009
1,3.0739414530041813,0.28889541885337167
1,3.0744651057218992,0.2888920206319199
1,3.074988758439617,0.2888886488578919
1,3.075512411157335,0.2888853035246939
1,3.076036063875053,0.28888198463914705
1,3.076559716592771,0.2888786921967039
1,3.077083369310489,0.28887542619281703
1,3.077607022028207,0.28887218663271597
1,3.0781306747459247,0.2888689735098069
1,3.0786543274636426,0.2888657868286373
1,3.0791779801813606,0.28886262658579653
1,3.0797016328990785,0.2888594927774193
1,3.0802252856167964,0.2888563854082804
1,3.0807489383345144,0.28885330447678825
1,3.0812725910522323,0.28885024997930486
1,3.08179624376995,0.28884722191037326
1,3.082319896487668,0.2888442202827264
1,3.082843549205386,0.2888412450843134
1,3.0833672019231035,0.2888382963158165
1,3.0838908546408215,0.2888353739804188
1,3.0844145073585394,0.2888324780712992
1,3.0849381600762573,0.2888296085936872
1,3.0854618127939752,0.2888267655466734
1,3.085985465511693,0.2888239489263924
1,3.086509118229411,0.28882115872988834
1,3.087032770947129,0.2888183949617087
1,3.087556423664847,0.2888156576216261
1,3.088080076382565,0.2888129467037288
1,3.088603729100283,0.28881026220801687
1,3.0891273818180007,0.288807604136764
1,3.0896510345357187,0.2888049724895154
1,3.0901746872534366,0.2888023672610416
1,3.0906983399711545,0.2887997884545257
1,3.0912219926888724,0.28879723606928565
1,3.0917456454065904,0.2887947101030477
1,3.0922692981243083,0.28879221055672133
1,3.092792950842026,0.2887897374266686
1,3.093316603559744,0.28878729071698217
1,3.093840256277462,0.28878487042015877
1,3.09436390899518,0.28878247653824474
1,3.094887561712898,0.2887801090787434
1,3.095411214430616,0.2887777680309682
1,3.0959348671483338,0.2887754533953739
1,3.0964585198660517,0.28877316517582585
1,3.0969821725837696,0.2887709033675492
1,3.0975058253014875,0.2887686679723629
1,3.0980294780192055,0.2887664589909491
1,3.0985531307369234,0.2887642764180782
1,3.0990767834546413,0.2887621202557966
1,3.0996004361723593,0.28875999050592327
1,3.100124088890077,0.288757887159818
1,3.100647741607795,0.28875581022271035
1,3.101171394325513,0.2887537597005121
1,3.101695047043231,0.28875173558503775
1,3.102218699760949,0.28874973787446834
1,3.102742352478667,0.28874776657130496
1,3.1032660051963847,0.28874582167100016
1,3.1037896579141027,0.28874390317582765
1,3.1043133106318206,0.2887420110887433
1,3.1048369633495385,0.28874014540519966
1,3.1053606160672564,0.28873830612792517
1,3.1058842687849744,0.288736493252145
1,3.1064079215026923,0.28873470677376645
1,3.10693157422041,0.2887329467039308
1,3.107455226938128,0.2887312130378632
1,3.107978879655846,0.28872950577147094
1,3.108502532373564,0.28872782489929705
1,3.109026185091282,0.28872617043498394
1,3.109549837809,0.2887245423735294
1,3.1100734905267178,0.2887229407058385
1,3.1105971432444357,0.28872136543645865
1,3.1111207959621536,0.28871981657016477
1,3.1116444486798716,0.28871829410218197
1,3.1121681013975895,0.2887167980236427
1,3.1126917541153074,0.2887153283536463
1,3.113215406833025,0.2887138850790052
1,3.113739059550743,0.2887124681947171
1,3.1142627122684607,0.2887110777057842
1,3.1147863649861787,0.2887097136188004
1,3.1153100177038966,0.2887083759349025
1,3.1158336704216145,0.2887070646331722
1,3.1163573231393324,0.2887057797252055
1,3.1168809758570504,0.2887045212182784
1,3.1174046285747683,0.2887032891023864
1,3.1179282812924862,0.2887020833841234
1,3.118451934010204,0.288700904059624
1,3.118975586727922,0.2886997511250229
1,3.11949923944564,0.2886986245807748
1,3.120022892163358,0.288697524436202
1,3.120546544881076,0.28869645067948113
1,3.121070197598794,0.2886954033131133
1,3.1215938503165117,0.2886943823398269
1,3.1221175030342296,0.28869338775439246
1,3.1226411557519476,0.28869241957454506
1,3.1231648084696655,0.28869147777322723
1,3.1236884611873834,0.28869056235248536
1,3.1242121139051013,0.28868967333983164
1,3.1247357666228193,0.2886888107143477
1,3.125259419340537,0.28868797448035366
1,3.125783072058255,0.28868716462284283
1,3.126306724775973,0.2886863811643252
1,3.126830377493691,0.2886856240988891
1,3.127354030211409,0.2886848934140289
1,3.127877682929127,0.2886841891217955
1,3.1284013356468447,0.2886835112069548
1,3.1289249883645627,0.28868285969679164
1,3.1294486410822806,0.2886822345751625
1,3.1299722937999985,0.2886816358359283
1,3.1304959465177165,0.2886810634856829
1,3.1310195992354344,0.28868051751737767
1,3.1315432519531523,0.2886799979373791
1,3.1320669046708702,0.28867950475432735
1,3.132590557388588,0.2886790379461672
1,3.133114210106306,0.2886785975206294
1,3.133637862824024,0.2886781835038619
1,3.134161515541742,0.28867779587312725
1,3.13468516825946,0.2886774346202401
1,3.135208820977178,0.28867709972928424
1,3.1357324736948957,0.2886767912632422
1,3.1362561264126136,0.28867650918664367
1,3.1367797791303316,0.28867625343400505
1,3.1373034318480495,0.28867602413743043
1,3.1378270845657674,0.28867582122416025
1,3.1383507372834853,0.2886756446432628
1,3.1388743900012033,0.288675494492054
1,3.139398042718921,0.28867537070141225
1,3.139921695436639,0.28867527333272847
1,3.140445348154357,0.2886752022991459
1,3.140969000872075,0.2886751571077184
1,3.141492653589793,0.28867514090499324
2,0.0001,1.2247450597197758
2,0.0006236527177179184,1.224745459693734
2,0.0011473054354358368,1.2247465954812384
2,0.0016709581531537553,1.224748402947419
2,0.0021946108708716734,1.2247508820910336
2,0.002718263588589592,1.2247540329103828
2,0.0032419163063075102,1.2247578554033076
2,0.0037655690240254286,1.224762349567189
2,0.0042892217417433475,1.224767515398944
2,0.004812874459461266,1.2247733528950278
2,0.005336527177179184,1.224779862051439
2,0.005860179894897103,1.2247870428637153
2,0.006383832612615021,1.2247948953269328
2,0.0069074853303329395,1.2248034194356938
2,0.007431138048050858,1.2248126151841596
2,0.007954790765768775,1.224822482566033
2,0.008478443483486694,1.2248330215745202
2,0.009002096201204613,1.224844232202397
2,0.00952574891892253,1.2248561144419714
2,0.010049401636640448,1.2248686682850831
2,0.010573054354358367,1.2248818937231167
2,0.011096707072076287,1.2248957907469897
2,0.011620359789794204,1.2249103593471506
2,0.012144012507512122,1.2249255995135861
2,0.012667665225230041,1.2249415112358548
2,0.01319131794294796,1.224958094503
2,0.013714970660665878,1.2249753493035982
2,0.014238623378383795,1.2249932756258062
2,0.014762276096101715,1.2250118734573228
2,0.015285928813819634,1.225031142785319
2,0.01580958153153755,1.2250510835965578
2,0.01633323424925547,1.225071695877297
2,0.016856886966973388,1.2250929796133505
2,0.017380539684691308,1.2251149347900707
2,0.017904192402409227,1.2251375613923265
2,0.018427845120127143,1.2251608594045216
2,0.018951497837845062,1.2251848288106189
2,0.01947515055556298,1.2252094695940947
2,0.019998803273280897,1.2252347817379245
2,0.020522455990998816,1.225260765224668
2,0.021046108708716735,1.2252874200363806
2,0.021569761426434655,1.2253147461546554
2,0.022093414144152574,1.225342743560656
2,0.02261706686187049,1.225371412234999
2,0.02314071957958841,1.2254007521579027
2,0.02366437229730633,1.2254307633090562
2,0.024188025015024244,1.225461445667694
2,0.024711677732742163,1.2254927992126383
2,0.025235330450460083,1.2255248239221075
2,0.025758983168178002,1.2255575197739539
2,0.02628263588589592,1.2255908867455894
2,0.026806288603613837,1.2256249248138111
2,0.027329941321331756,1.2256596339550256
2,0.027853594039049676,1.2256950141451775
2,0.02837724675676759,1.2257310653596676
2,0.02890089947448551,1.225767787573517
2,0.02942455219220343,1.2258051807612134
2,0.02994820490992135,1.2258432448967085
2,0.03047185762763927,1.2258819799535345
2,0.030995510345357184,1.225921385904833
2,0.031519163063075104,1.2259614627230704
2,0.03204281578079302,1.2260022103803863
2,0.03256646849851094,1.226043628848366
2,0.03309012121622886,1.2260857180981333
2,0.03361377393394678,1.2261284781003141
2,0.0341374266516647,1.2261719088250658
2,0.03466107936938262,1.2262160102420978
2,0.03518473208710054,1.2262607823205443
2,0.03570838480481846,1.2263062250291341
2,0.03623203752253637,1.2263523383360493
2,0.03675569024025429,1.2263991222089814
2,0.03727934295797221,1.22644657661521
2,0.03780299567569013,1.2264947015214602
2,0.03832664839340805,1.226543496893953
2,0.038850301111125966,1.2265929626984615
2,0.039373953828843886,1.2266430989002686
2,0.0398976065465618,1.2266939054641384
2,0.04042125926427972,1.226745382354288
2,0.040944911981997636,1.2267975295345792
2,0.041468564699715556,1.2268503469682486
2,0.041992217417433475,1.2269038346180707
2,0.042515870135151394,1.2269579924463443
2,0.043039522852869314,1.2270128204148776
2,0.04356317557058723,1.2270683184849744
2,0.04408682828830515,1.2271244866173632
2,0.044610481006023064,1.2271813247723244
2,0.045134133723740984,1.2272388329096913
2,0.0456577864414589,1.2272970109886998
2,0.04618143915917682,1.2273558589681244
2,0.04670509187689474,1.2274153768062845
2,0.04722874459461266,1.2274755644608746
2,0.04775239731233058,1.227536421889198
2,0.04827605003004849,1.2275979490479045
2,0.04879970274776641,1.2276601458932106
2,0.04932335546548433,1.2277230123809701
2,0.04984700818320225,1.2277865484663195
2,0.05037066090092017,1.2278507541038977
2,0.05089431361863809,1.2279156292479385
2,0.05141796633635601,1.2279811738520934
2,0.05194161905407393,1.2280473878694664
2,0.05246527177179185,1.228114271252764
2,0.05298892448950976,1.2281818239539248
2,0.05351257720722768,1.2282500459246322
2,0.0540362299249456,1.2283189371159864
2,0.05455988264266352,1.2283884974784698
2,0.055083535360381436,1.2284587269621312
2,0.055607188078099355,1.2285296255163445
2,0.056130840795817274,1.228601193090114
2,0.05665449351353519,1.228673429631968
2,0.057178146231253106,1.228746335089724
2,0.057701798948971025,1.2288199094106886
2,0.058225451666688945,1.228894152541784
2,0.058749104384406864,1.2289690644293074
2,0.05927275710212478,1.2290446450189876
2,0.0597964098198427,1.2291208942559706
2,0.06032006253756062,1.2291978120851468
2,0.06084371525527854,1.2292753984505538
2,0.06136736797299645,1.229353653295675
2,0.06189102069071437,1.2294325765638234
2,0.06241467340843229,1.229512168197445
2,0.0629383261261502,1.2295924281383463
2,0.06346197884386813,1.2296733563281208
2,0.06398563156158604,1.2297549527075944
2,0.06450928427930397,1.229837217217181
2,0.06503293699702188,1.2299201497966834
2,0.06555658971473981,1.2300037503851797
2,0.06608024243245772,1.230088018921407
2,0.06660389515017565,1.2301729553435337
2,0.06712754786789356,1.2302585595891458
2,0.06765120058561147,1.230344831595204
2,0.0681748533033294,1.2304317712981145
2,0.06869850602104731,1.230519378633801
2,0.06922215873876524,1.2306076535376889
2,0.06974581145648315,1.2306965959443517
2,0.07026946417420107,1.2307862057880499
2,0.07079311689191899,1.2308764830025751
2,0.07131676960963691,1.23096742752071
2,0.07184042232735482,1.2310590392751095
2,0.07236407504507274,1.2311513181976323
2,0.07288772776279066,1.231244264219626
2,0.07341138048050858,1.2313378772718693
2,0.0739350331982265,1.2314321572844875
2,0.07445868591594441,1.2315271041871796
2,0.07498233863366234,1.2316227179088202
2,0.07550599135138025,1.2317189983780423
2,0.07602964406909817,1.2318159455225839
2,0.07655329678681609,1.2319135592695716
2,0.077076949504534,1.2320118395460327
2,0.07760060222225193,1.2321107862777723
2,0.07812425493996984,1.2322103993903255
2,0.07864790765768777,1.2323106788087728
2,0.07917156037540568,1.2324116244572707
2,0.07969521309312359,1.232513236259507
2,0.08021886581084152,1.2326155141386437
2,0.08074251852855943,1.2327184580172457
2,0.08126617124627736,1.2328220678171675
2,0.08178982396399527,1.232926343459738
2,0.0823134766817132,1.2330312848655751
2,0.08283712939943111,1.2331368919549988
2,0.08336078211714903,1.2332431646472486
2,0.08388443483486695,1.233350102861138
2,0.08440808755258486,1.2334577065151535
2,0.08493174027030279,1.233565975526858
2,0.0854553929880207,1.23367490981326
2,0.08597904570573862,1.2337845092907145
2,0.08650269842345654,1.233894773875079
2,0.08702635114117446,1.234005703481344
2,0.08755000385889238,1.2341172980242874
2,0.0880736565766103,1.2342295574176774
2,0.08859730929432821,1.2343424815747142
2,0.08912096201204613,1.234456070408143
2,0.08964461472976405,1.2345703238298995
2,0.09016826744748196,1.2346852417514071
2,0.09069192016519989,1.2348008240834787
2,0.0912155728829178,1.2349170707359747
2,0.09173922560063573,1.2350339816184714
2,0.09226287831835364,1.2351515566398206
2,0.09278653103607155,1.2352697957082057
2,0.09331018375378948,1.2353886987309721
2,0.09383383647150739,1.235508265614925
2,0.09435748918922532,1.2356284962666564
2,0.09488114190694323,1.235749390591323
2,0.09540479462466116,1.235870948493968
2,0.09592844734237907,1.235993169878924
2,0.09645210006009698,1.2361160546495
2,0.09697575277781491,1.2362396027088067
2,0.09749940549553282,1.236363813959045
2,0.09802305821325075,1.2364886883017618
2,0.09854671093096866,1.2366142256378225
2,0.09907036364868659,1.2367404258674668
2,0.0995940163664045,1.2368672888903376
2,0.10011766908412242,1.2369948146052394
2,0.10064132180184034,1.237123002910451
2,0.10116497451955825,1.237251853703242
2,0.10168862723727617,1.2373813668806406
2,0.10221227995499409,1.237511542338737
2,0.10273593267271201,1.2376423799729537
2,0.10325958539042993,1.237773879678187
2,0.10378323810814785,1.237906041348353
2,0.10430689082586576,1.2380388648768843
2,0.10483054354358369,1.238172350156276
2,0.1053541962613016,1.238306497078753
2,0.10587784897901951,1.2384413055355452
2,0.10640150169673744,1.2385767754169024
2,0.10692515441445535,1.2387129066130882
2,0.10744880713217328,1.2388496990130164
2,0.10797245984989119,1.2389871525050893
2,0.10849611256760912,1.239125266977112
2,0.10901976528532703,1.2392640423159662
2,0.10954341800304494,1.2394034784080077
2,0.11006707072076287,1.2395435751387538
2,0.11059072343848078,1.2396843323930398
2,0.11111437615619871,1.2398257500549335
2,0.11163802887391662,1.2399678280077069
2,0.11216168159163455,1.2401105661339784
2,0.11268533430935246,1.2402539643158548
2,0.11320898702707037,1.240398022434448
2,0.1137326397447883,1.2405427403698468
2,0.11425629246250621,1.2406881180019411
2,0.11477994518022414,1.2408341552096545
2,0.11530359789794205,1.240980851871086
2,0.11582725061565997,1.2411282078636532
2,0.11635090333337789,1.2412762230640908
2,0.11687455605109581,1.241424897348196
2,0.11739820876881372,1.2415742305909987
2,0.11792186148653164,1.2417242226671306
2,0.11844551420424956,1.241874873450172
2,0.11896916692196748,1.2420261828127082
2,0.1194928196396854,1.24217815062687
2,0.12001647235740331,1.2423307767641631
2,0.12054012507512124,1.242484061094956
2,0.12106377779283915,1.2426380034889348
2,0.12158743051055708,1.242792603815218
2,0.12211108322827499,1.242947861941758
2,0.1226347359459929,1.2431037777359961
2,0.12315838866371083,1.2432603510645492
2,0.12368204138142874,1.243417581793267
2,0.12420569409914667,1.2435754697871175
2,0.12472934681686458,1.2437340149102454
2,0.1252529995345825,1.2438932170260273
2,0.1257766522523004,1.2440530759969874
2,0.12630030497001832,1.2442135916850532
2,0.12682395768773624,1.2443747639511855
2,0.12734761040545417,1.2445365926555212
2,0.12787126312317207,1.2446990776572875
2,0.12839491584089,1.2448622188149159
2,0.12891856855860792,1.2450260159864115
2,0.12944222127632585,1.2451904690283584
2,0.12996587399404375,1.245355577796829
2,0.13048952671176167,1.2455213421472138
2,0.1310131794294796,1.2456877619336808
2,0.1315368321471975,1.2458548370096878
2,0.13206048486491542,1.2460225672282093
2,0.13258413758263335,1.2461909524409691
2,0.13310779030035128,1.2463599924987534
2,0.13363144301806917,1.2465296872518934
2,0.1341550957357871,1.2467000365495835
2,0.13467874845350503,1.2468710402404213
2,0.13520240117122292,1.2470426981719243
2,0.13572605388894085,1.247215010190473
2,0.13624970660665878,1.247387976142278
2,0.1367733593243767,1.2475615958722983
2,0.1372970120420946,1.247735869224357
2,0.13782066475981253,1.247910796041765
2,0.13834431747753045,1.2480863761670946
2,0.13886797019524835,1.2482626094417526
2,0.13939162291296628,1.2484394957059806
2,0.1399152756306842,1.248617034799679
2,0.14043892834840213,1.248795226561782
2,0.14096258106612003,1.2489740708298598
2,0.14148623378383796,1.2491535674412546
2,0.14200988650155588,1.2493337162319165
2,0.1425335392192738,1.249514517036772
2,0.1430571919369917,1.249695969690407
2,0.14358084465470963,1.2498780740260713
2,0.14410449737242756,1.2500608298763893
2,0.14462815009014546,1.2502442370726499
2,0.14515180280786338,1.250428295445488
2,0.1456754555255813,1.2506130048247996
2,0.14619910824329924,1.2507983650391736
2,0.14672276096101713,1.2509843759165165
2,0.14724641367873506,1.2511710372835694
2,0.147770066396453,1.2513583489662778
2,0.14829371911417089,1.2515463107898483
2,0.1488173718318888,1.2517349225781516
2,0.14934102454960674,1.2519241841544044
2,0.14986467726732466,1.2521140953406302
2,0.15038832998504256,1.25230465595817
2,0.1509119827027605,1.2524958658273704
2,0.15143563542047841,1.2526877247670711
2,0.1519592881381963,1.252880232595885
2,0.15248294085591424,1.2530733891312025
2,0.15300659357363217,1.2532671941893057
2,0.1535302462913501,1.2534616475854534
2,0.154053899009068,1.2536567491341941
2,0.15457755172678592,1.2538524986489392
2,0.15510120444450384,1.2540488959419918
2,0.15562485716222174,1.2542459408248021
2,0.15614850987993967,1.2544436331080817
2,0.1566721625976576,1.2546419726010072
2,0.15719581531537552,1.2548409591118457
2,0.15771946803309342,1.2550405924483243
2,0.15824312075081134,1.255240872417005
2,0.15876677346852927,1.255441798823
2,0.15929042618624717,1.2556433714705975
2,0.1598140789039651,1.2558455901634318
2,0.16033773162168302,1.2560484547037447
2,0.16086138433940095,1.2562519648926127
2,0.16138503705711885,1.2564561205307427
2,0.16190868977483677,1.2566609214172502
2,0.1624323424925547,1.2568663673501703
2,0.16295599521027263,1.2570724581266006
2,0.16347964792799052,1.2572791935428143
2,0.16400330064570845,1.2574865733938339
2,0.16452695336342638,1.2576945974736304
2,0.16505060608114427,1.2579032655752656
2,0.1655742587988622,1.2581125774904933
2,0.16609791151658013,1.258322533009931
2,0.16662156423429805,1.2585331319237412
2,0.16714521695201595,1.2587443740202389
2,0.16766886966973388,1.2589562590871708
2,0.1681925223874518,1.2591687869109762
2,0.1687161751051697,1.2593819572769007
2,0.16923982782288763,1.2595957699695361
2,0.16976348054060555,1.2598102247721954
2,0.17028713325832348,1.260025321466543
2,0.17081078597604138,1.260241059833902
2,0.1713344386937593,1.260457439654374
2,0.17185809141147723,1.2606744607063547
2,0.17238174412919513,1.260892122767757
2,0.17290539684691306,1.2611104256151577
2,0.17342904956463098,1.2613293690239686
2,0.1739527022823489,1.2615489527684645
2,0.1744763550000668,1.2617691766218968
2,0.17500000771778473,1.2619900403562099
2,0.17552366043550266,1.2622115437425805
2,0.17604731315322059,1.2624336865506507
2,0.17657096587093848,1.2626564685488972
2,0.1770946185886564,1.2628798895049442
2,0.17761827130637434,1.2631039491849378
2,0.17814192402409224,1.2633286473542285
2,0.17866557674181016,1.263553983776859
2,0.1791892294595281,1.2637799582156504
2,0.17971288217724601,1.2640065704320023
2,0.1802365348949639,1.2642338201863197
2,0.18076018761268184,1.2644617072383255
2,0.18128384033039976,1.2646902313460942
2,0.18180749304811766,1.2649193922662505
2,0.1823311457658356,1.2651491897545952
2,0.18285479848355352,1.2653796235657637
2,0.18337845120127144,1.2656106934530271
2,0.18390210391898934,1.2658423991684344
2,0.18442575663670727,1.2660747404630968
2,0.1849494093544252,1.2663077170866757
2,0.1854730620721431,1.2665413287874117
2,0.18599671478986102,1.266775575312721
2,0.18652036750757894,1.2670104564085989
2,0.18704402022529687,1.2672459718199605
2,0.18756767294301477,1.2674821212903566
2,0.1880913256607327,1.2677189045618036
2,0.18861497837845062,1.2679563213756921
2,0.18913863109616852,1.2681943714717079
2,0.18966228381388645,1.2684330545885132
2,0.19018593653160437,1.2686723704631788
2,0.1907095892493223,1.2689123188318376
2,0.1912332419670402,1.2691528994296561
2,0.19175689468475812,1.2693941119898682
2,0.19228054740247605,1.2696359562444286
2,0.19280420012019395,1.2698784319245249
2,0.19332785283791187,1.2701215387599234
2,0.1938515055556298,1.2703652764787137
2,0.19437515827334773,1.27060964480836
2,0.19489881099106562,1.2708546434743369
2,0.19542246370878355,1.2711002722011813
2,0.19594611642650148,1.2713465307122078
2,0.1964697691442194,1.2715934187290827
2,0.1969934218619373,1.2718409359723637
2,0.19751707457965523,1.272089082161358
2,0.19804072729737315,1.272337857014037
2,0.19856438001509105,1.2725872602466382
2,0.19908803273280898,1.2728372915746888
2,0.1996116854505269,1.2730879507119255
2,0.20013533816824483,1.2733392373709194
2,0.20065899088596273,1.2735911512629627
2,0.20118264360368066,1.2738436920977563
2,0.20170629632139858,1.274096859583949
2,0.20222994903911648,1.274350653428229
2,0.2027536017568344,1.274605073336403
2,0.20327725447455233,1.274860119013539
2,0.20380090719227026,1.2751157901620331
2,0.20432455990998816,1.2753720864835145
2,0.20484821262770608,1.275629007678475
2,0.205371865345424,1.27588655344519
2,0.2058955180631419,1.2761447234816785
2,0.20641917078085983,1.2764035174838
2,0.20694282349857776,1.2766629351460779
2,0.2074664762162957,1.2769229761616714
2,0.20799012893401359,1.277183640222546
2,0.2085137816517315,1.277444927019161
2,0.20903743436944944,1.2777068362400712
2,0.20956108708716736,1.2779693675731778
2,0.21008473980488526,1.2782325207044778
2,0.2106083925226032,1.2784962953185186
2,0.21113204524032111,1.2787606910983982
2,0.211655697958039,1.2790257077260492
2,0.21217935067575694,1.2792913448817274
2,0.21270300339347487,1.279557602244239
2,0.2132266561111928,1.2798244794911398
2,0.2137503088289107,1.2800919762980527
2,0.21427396154662862,1.2803600923394924
2,0.21479761426434654,1.280628827288183
2,0.21532126698206444,1.2808981808159388
2,0.21584491969978237,1.2811681525926986
2,0.2163685724175003,1.2814387422866957
2,0.21689222513521822,1.2817099495650837
2,0.21741587785293612,1.2819817740932535
2,0.21793953057065404,1.282254215535204
2,0.21846318328837197,1.2825272735533417
2,0.21898683600608987,1.282800947808596
2,0.2195104887238078,1.2830752379601904
2,0.22003414144152572,1.2833501436663823
2,0.22055779415924365,1.2836256645832123
2,0.22108144687696155,1.2839018003656406
2,0.22160509959467947,1.2841785506668089
2,0.2221287523123974,1.2844559151382668
2,0.2226524050301153,1.2847338934304844
2,0.22317605774783322,1.2850124851917712
2,0.22369971046555115,1.2852916900691866
2,0.22422336318326908,1.2855715077080845
2,0.22474701590098697,1.285851937752625
2,0.2252706686187049,1.2861329798449788
2,0.22579432133642283,1.286414633625668
2,0.22631797405414072,1.2866968987339646
2,0.22684162677185865,1.286979774807321
2,0.22736527948957658,1.2872632614815984
2,0.2278889322072945,1.2875473583910662
2,0.2284125849250124,1.2878320651686863
2,0.22893623764273033,1.2881173814450904
2,0.22945989036044825,1.288403306850057
2,0.22998354307816618,1.2886898410112053
2,0.23050719579588408,1.2889769835547327
2,0.231030848513602,1.2892647341054158
2,0.23155450123131993,1.2895530922858143
2,0.23207815394903783,1.2898420577172374
2,0.23260180666675576,1.29013163001963
2,0.23312545938447368,1.290421808810379
2,0.2336491121021916,1.2907125937061892
2,0.2341727648199095,1.2910039843214918
2,0.23469641753762743,1.2912959802688988
2,0.23522007025534536,1.2915885811601697
2,0.23574372297306326,1.2918817866045629
2,0.23626737569078118,1.2921755962100292
2,0.2367910284084991,1.2924700095824733
2,0.23731468112621704,1.2927650263264923
2,0.23783833384393493,1.2930606460451486
2,0.23836198656165286,1.2933568683390035
2,0.2388856392793708,1.2936536928074247
2,0.23940929199708869,1.293951119048245
2,0.2399329447148066,1.2942491466569663
2,0.24045659743252454,1.294547775228068
2,0.24098025015024246,1.294847004353926
2,0.24150390286796036,1.2951468336248126
2,0.2420275555856783,1.2954472626294091
2,0.24255120830339622,1.2957482909555438
2,0.24307486102111414,1.2960499181883165
2,0.24359851373883204,1.2963521439108945
2,0.24412216645654997,1.296654967705308
2,0.2446458191742679,1.2969583891517686
2,0.2451694718919858,1.2972624078284412
2,0.24569312460970372,1.297567023311501
2,0.24621677732742164,1.2978722351759302
2,0.24674043004513957,1.2981780429943228
2,0.24726408276285747,1.2984844463377385
2,0.2477877354805754,1.2987914447755315
2,0.24831138819829332,1.2990990378750666
2,0.24883504091601122,1.2994072252017759
2,0.24935869363372914,1.2997160063194428
2,0.24988234635144707,1.300025380790089
2,0.250405999069165,1.300335348173462
2,0.2509296517868829,1.3006459080282298
2,0.2514533045046008,1.3009570599106155
2,0.2519769572223187,1.30126880337491
2,0.25250060994003665,1.3015811379736988
2,0.2530242626577546,1.3018940632580893
2,0.2535479153754725,1.302207578776688
2,0.2540715680931904,1.302521684076396
2,0.25459522081090835,1.3028363787025796
2,0.2551188735286263,1.3031516621986725
2,0.25564252624634415,1.3034675341054935
2,0.2561661789640621,1.3037839939624973
2,0.25668983168178,1.304101041307547
2,0.2572134843994979,1.3044186756758904
2,0.25773713711721585,1.304736896601355
2,0.2582607898349338,1.3050557036154942
2,0.2587844425526517,1.3053750962482695
2,0.2593080952703696,1.305695074027767
2,0.2598317479880875,1.3060156364796285
2,0.26035540070580543,1.306336783127449
2,0.26087905342352335,1.3066585134939146
2,0.2614027061412413,1.3069808270985845
2,0.2619263588589592,1.3073037234595404
2,0.26245001157667713,1.307627202093272
2,0.262973664294395,1.3079512625135408
2,0.26349731701211293,1.3082759042325733
2,0.26402096972983086,1.3086011267604363
2,0.2645446224475488,1.3089269296052635
2,0.2650682751652667,1.3092533122732561
2,0.26559192788298464,1.309580274268285
2,0.26611558060070256,1.30990781509297
2,0.26663923331842043,1.310235934247089
2,0.26716288603613836,1.310564631228317
2,0.2676865387538563,1.3108939055332485
2,0.2682101914715742,1.3112237566555223
2,0.26873384418929214,1.3115541840871288
2,0.26925749690701006,1.3118851873181256
2,0.269781149624728,1.3122167658358421
2,0.27030480234244586,1.312548919126641
2,0.2708284550601638,1.3128816466738726
2,0.2713521077778817,1.3132149479588406
2,0.27187576049559964,1.3135488224619394
2,0.27239941321331756,1.3138832696598683
2,0.2729230659310355,1.3142182890276786
2,0.2734467186487534,1.3145538800392274
2,0.2739703713664713,1.3148900421659278
2,0.2744940240841892,1.3152267748761801
2,0.27501767680190714,1.3155640776366795
2,0.27554132951962507,1.3159019499128704
2,0.276064982237343,1.3162403911671277
2,0.2765886349550609,1.3165794008596663
2,0.27711228767277885,1.3169189784492232
2,0.2776359403904967,1.317259123392148
2,0.27815959310821464,1.3175998351420048
2,0.27868324582593257,1.3179411131506527
2,0.2792068985436505,1.3182829568684156
2,0.2797305512613684,1.3186253657425482
2,0.28025420397908635,1.3189683392180882
2,0.2807778566968043,1.3193118767389933
2,0.28130150941452214,1.3196559777457537
2,0.28182516213224007,1.3200006416768701
2,0.282348814849958,1.3203458679693085
2,0.2828724675676759,1.3206916560574768
2,0.28339612028539385,1.3210380053737936
2,0.2839197730031118,1.3213849153477781
2,0.2844434257208297,1.3217323854070742
2,0.2849670784385476,1.3220804149777905
2,0.2854907311562655,1.3224290034825685
2,0.2860143838739834,1.3227781503422875
2,0.28653803659170135,1.3231278549761214
2,0.2870616893094193,1.323478116800402
2,0.2875853420271372,1.3238289352298693
2,0.28810899474485513,1.3241803096755689
2,0.28863264746257306,1.324532239547466
2,0.2891563001802909,1.324884724253252
2,0.28967995289800885,1.3252377631977765
2,0.2902036056157268,1.3255913557837289
2,0.2907272583334447,1.3259455014118657
2,0.29125091105116263,1.3263001994800447
2,0.29177456376888056,1.326655449384532
2,0.2922982164865985,1.3270112505186944
2,0.29282186920431635,1.327367602273739
2,0.2933455219220343,1.3277245040384855
2,0.2938691746397522,1.3280819551992522
2,0.29439282735747013,1.328439955140766
2,0.29491648007518806,1.328798503244684
2,0.295440132792906,1.3291575988903332
2,0.2959637855106239,1.3295172414549938
2,0.2964874382283418,1.3298774303131609
2,0.2970110909460597,1.3302381648371124
2,0.29753474366377763,1.330599444397592
2,0.29805839638149556,1.3309612683615342
2,0.2985820490992135,1.3313236360943392
2,0.2991057018169314,1.3316865469586219
2,0.29962935453464934,1.3320500003148936
2,0.3001530072523672,1.332413995521165
2,0.30067665997008514,1.3327785319327745
2,0.30120031268780306,1.3331436089030717
2,0.301723965405521,1.333509225782791
2,0.3022476181232389,1.3338753819198246
2,0.30277127084095684,1.3342420766601322
2,0.30329492355867477,1.3346093093474565
2,0.30381857627639264,1.334977079321959
2,0.30434222899411056,1.3353453859223805
2,0.3048658817118285,1.3357142284849033
2,0.3053895344295464,1.3360836063425268
2,0.30591318714726434,1.3364535188266018
2,0.30643683986498227,1.3368239652653529
2,0.3069604925827002,1.3371949449847875
2,0.30748414530041807,1.3375664573087533
2,0.308007798018136,1.3379385015576872
2,0.3085314507358539,1.3383110770503777
2,0.30905510345357184,1.3386841831024299
2,0.30957875617128977,1.3390578190275164
2,0.3101024088890077,1.3394319841365245
2,0.3106260616067256,1.3398066777375561
2,0.3111497143244435,1.3401818991364394
2,0.3116733670421614,1.3405576476365013
2,0.31219701975987935,1.340933922538511
2,0.3127206724775973,1.3413107231401682
2,0.3132443251953152,1.3416880487371259
2,0.3137679779130331,1.3420658986223089
2,0.31429163063075105,1.3424442720862544
2,0.3148152833484689,1.3428231684163734
2,0.31533893606618685,1.3432025868980872
2,0.3158625887839048,1.3435825268138615
2,0.3163862415016227,1.3439629874434331
2,0.3169098942193406,1.3443439680638676
2,0.31743354693705855,1.3447254679508092
2,0.3179571996547765,1.3451074863757526
2,0.31848085237249435,1.3454900226073505
2,0.3190045050902123,1.3458730759134596
2,0.3195281578079302,1.3462566455580145
2,0.32005181052564813,1.3466407308018802
2,0.32057546324336605,1.3470253309044438
2,0.321099115961084,1.3474104451215112
2,0.3216227686788019,1.3477960727062737
2,0.32214642139651983,1.3481822129101602
2,0.3226700741142377,1.3485688649807912
2,0.32319372683195563,1.348956028163684
2,0.32371737954967356,1.349343701701116
2,0.3242410322673915,1.3497318848337159
2,0.3247646849851094,1.3501205767983038
2,0.32528833770282733,1.3505097768290852
2,0.32581199042054526,1.3508994841585604
2,0.32633564313826313,1.3512896980155347
2,0.32685929585598106,1.351680417626028
2,0.327382948573699,1.3520716422138435
2,0.3279066012914169,1.3524633709998852
2,0.32843025400913484,1.3528556032019878
2,0.32895390672685276,1.3532483380355984
2,0.3294775594445707,1.3536415747129809
2,0.33000121216228856,1.3540353124440685
2,0.3305248648800065,1.3544295504361799
2,0.3310485175977244,1.354824287892825
2,0.33157217031544234,1.3552195240155243
2,0.33209582303316026,1.3556152580031835
2,0.3326194757508782,1.3560114890509567
2,0.3331431284685961,1.3564082163522357
2,0.333666781186314,1.3568054390972861
2,0.3341904339040319,1.3572031564727354
2,0.33471408662174984,1.3576013676632783
2,0.33523773933946777,1.3580000718507108
2,0.3357613920571857,1.3583992682135886
2,0.3362850447749036,1.3587989559278526
2,0.33680869749262154,1.3591991341664311
2,0.3373323502103394,1.3595998020997513
2,0.33785600292805734,1.3600009588947728
2,0.33837965564577527,1.3604026037161816
2,0.3389033083634932,1.3608047357250825
2,0.3394269610812111,1.3612073540801362
2,0.33995061379892905,1.3616104579376156
2,0.340474266516647,1.3620140464498718
2,0.34099791923436484,1.3624181187667546
2,0.34152157195208277,1.3628226740353284
2,0.3420452246698007,1.3632277113996452
2,0.3425688773875186,1.3636332300008576
2,0.34309253010523655,1.3640392289772763
2,0.3436161828229545,1.3644457074636875
2,0.3441398355406724,1.364852664592945
2,0.34466348825839027,1.3652600994938098
2,0.3451871409761082,1.3656680112928825
2,0.3457107936938261,1.3660763991140357
2,0.34623444641154405,1.3664852620768784
2,0.346758099129262,1.3668945992990302
2,0.3472817518469799,1.3673044098952687
2,0.34780540456469783,1.3677146929769037
2,0.3483290572824157,1.3681254476522327
2,0.3488527100001336,1.368536673026881
2,0.34937636271785155,1.3689483682031778
2,0.3499000154355695,1.369360532280325
2,0.3504236681532874,1.3697731643549105
2,0.35094732087100533,1.370186263520452
2,0.35147097358872326,1.3705998288670003
2,0.3519946263064412,1.3710138594817067
2,0.35251827902415905,1.371428354449165
2,0.353041931741877,1.3718433128503307
2,0.3535655844595949,1.3722587337628624
2,0.35408923717731283,1.3726746162623158
2,0.35461288989503076,1.3730909594208356
2,0.3551365426127487,1.373507762306474
2,0.3556601953304666,1.3739250239855778
2,0.3561838480481845,1.3743427435206286
2,0.3567075007659024,1.3747609199712088
2,0.35723115348362033,1.3751795523940586
2,0.35775480620133826,1.3755986398419395
2,0.3582784589190562,1.376018181365282
2,0.3588021116367741,1.3764381760117317
2,0.35932576435449204,1.376858622824841
2,0.3598494170722099,1.3772795208451498
2,0.36037306978992784,1.3777008691109245
2,0.36089672250764576,1.3781226666562247
2,0.3614203752253637,1.3785449125124387
2,0.3619440279430816,1.3789676057083398
2,0.36246768066079954,1.3793907452683243
2,0.36299133337851747,1.3798143302146855
2,0.36351498609623534,1.3802383595661922
2,0.36403863881395326,1.3806628323376913
2,0.3645622915316712,1.381087747541983
2,0.3650859442493891,1.3815131041882864
2,0.36560959696710704,1.3819389012823535
2,0.36613324968482497,1.382365137827037
2,0.3666569024025429,1.3827918128214947
2,0.36718055512026077,1.3832189252620424
2,0.3677042078379787,1.3836464741420968
2,0.3682278605556966,1.3840744584510958
2,0.36875151327341454,1.3845028771754073
2,0.36927516599113247,1.3849317292986711
2,0.3697988187088504,1.3853610138011732
2,0.3703224714265683,1.3857907296591065
2,0.3708461241442862,1.3862208758462202
2,0.3713697768620041,1.3866514513331367
2,0.37189342957972205,1.3870824550863858
2,0.37241708229743997,1.387513886069712
2,0.3729407350151579,1.3879457432438471
2,0.3734643877328758,1.3883780255656575
2,0.37398804045059375,1.3888107319888263
2,0.3745116931683116,1.3892438614639104
2,0.37503534588602955,1.3896774129385676
2,0.3755589986037475,1.3901113853560787
2,0.3760826513214654,1.3905457776572803
2,0.3766063040391833,1.3909805887795414
2,0.37712995675690125,1.3914158176562523
2,0.3776536094746192,1.3918514632183587
2,0.37817726219233705,1.3922875243931117
2,0.378700914910055,1.3927240001042378
2,0.3792245676277729,1.3931608892720533
2,0.37974822034549083,1.3935981908139752
2,0.38027187306320875,1.3940359036435552
2,0.3807955257809267,1.3944740266712188
2,0.3813191784986446,1.3949125588042648
2,0.3818428312163625,1.3953514989455016
2,0.3823664839340804,1.3957908459960322
2,0.38289013665179833,1.3962305988525259
2,0.38341378936951626,1.3966707564077296
2,0.3839374420872342,1.3971113175522305
2,0.3844610948049521,1.3975522811729775
2,0.38498474752267003,1.3979936461522584
2,0.3855084002403879,1.398435411370258
2,0.38603205295810583,1.3988775757035796
2,0.38655570567582376,1.39932013802445
2,0.3870793583935417,1.3997630972026514
2,0.3876030111112596,1.4002064521045554
2,0.38812666382897754,1.400650201592157
2,0.38865031654669546,1.4010943445243242
2,0.3891739692644134,1.4015388797574815
2,0.38969762198213126,1.401983806143221
2,0.3902212746998492,1.402429122530009
2,0.3907449274175671,1.4028748277636964
2,0.39126858013528504,1.4033209206854735
2,0.39179223285300296,1.4037674001335176
2,0.3923158855707209,1.4042142649429366
2,0.3928395382884388,1.4046615139446885
2,0.3933631910061567,1.4051091459662644
2,0.3938868437238746,1.4055571598321421
2,0.39441049644159254,1.4060055543628778
2,0.39493414915931047,1.406454328375787
2,0.3954578018770284,1.4069034806843774
2,0.3959814545947463,1.4073530100984044
2,0.39650510731246424,1.4078029154247247
2,0.3970287600301821,1.4082531954664432
2,0.39755241274790004,1.4087038490229702
2,0.39807606546561797,1.4091548748899072
2,0.3985997181833359,1.4096062718597295
2,0.3991233709010538,1.4100580387215018
2,0.39964702361877175,1.410510174259798
2,0.4001706763364897,1.4109626772566912
2,0.40069432905420754,1.4114155464904456
2,0.40121798177192547,1.4118687807347214
2,0.4017416344896434,1.4123223787613028
2,0.4022652872073613,1.4127763393368582
2,0.40278893992507925,1.4132306612251568
2,0.4033125926427972,1.4136853431861596
2,0.4038362453605151,1.414140383976644
2,0.40435989807823297,1.4145957823494086
2,0.4048835507959509,1.415051537053273
2,0.4054072035136688,1.4155076468341576
2,0.40593085623138675,1.415964110434004
2,0.4064545089491047,1.4164209265913996
2,0.4069781616668226,1.416878094040726
2,0.40750181438454053,1.4173356115126126
2,0.4080254671022584,1.4177934777350174
2,0.4085491198199763,1.418251691431749
2,0.40907277253769425,1.4187102513225227
2,0.4095964252554122,1.4191691561238713
2,0.4101200779731301,1.419628404548746
2,0.41064373069084803,1.4200879953060621
2,0.41116738340856596,1.420547927101211
2,0.4116910361262838,1.4210081986362866
2,0.41221468884400175,1.4214688086085516
2,0.4127383415617197,1.4219297557129948
2,0.4132619942794376,1.422391038640285
2,0.41378564699715553,1.4228526560767136
2,0.41430929971487346,1.4233146067060147
2,0.4148329524325914,1.4237768892078293
2,0.41535660515030925,1.4242395022580467
2,0.4158802578680272,1.4247024445286343
2,0.4164039105857451,1.4251657146875232
2,0.41692756330346303,1.4256293113998026
2,0.41745121602118096,1.4260932333265828
2,0.4179748687388989,1.426557479124881
2,0.4184985214566168,1.4270220474477355
2,0.41902217417433474,1.42748693694557
2,0.4195458268920526,1.4279521462642606
2,0.42006947960977054,1.4284176740451358
2,0.42059313232748846,1.4288835189275915
2,0.4211167850452064,1.4293496795462488
2,0.4216404377629243,1.4298161545315224
2,0.42216409048064224,1.4302829425110986
2,0.42268774319836017,1.4307500421080022
2,0.42321139591607804,1.4312174519421887
2,0.42373504863379596,1.4316851706292937
2,0.4242587013515139,1.4321531967813144
2,0.4247823540692318,1.4326215290066102
2,0.42530600678694974,1.433090165909448
2,0.42582965950466767,1.4335591060911383
2,0.4263533122223856,1.4340283481481038
2,0.42687696494010346,1.4344978906731285
2,0.4274006176578214,1.4349677322559273
2,0.4279242703755393,1.435437871481895
2,0.42844792309325724,1.4359083069325607
2,0.42897157581097517,1.4363790371858158
2,0.4294952285286931,1.4368500608159138
2,0.430018881246411,1.4373213763923331
2,0.4305425339641289,1.437792982482165
2,0.4310661866818468,1.4382648776476117
2,0.43158983939956475,1.438737060447238
2,0.43211349211728267,1.4392095294359706
2,0.4326371448350006,1.4396822831649843
2,0.4331607975527185,1.440155320181134
2,0.43368445027043645,1.4406286390282048
2,0.4342081029881543,1.4411022382450938
2,0.43473175570587225,1.441576116367628
2,0.4352554084235902,1.4420502719276556
2,0.4357790611413081,1.4425247034528184
2,0.436302713859026,1.4429994094672338
2,0.43682636657674395,1.443474388491154
2,0.4373500192944619,1.4439496390402837
2,0.43787367201217975,1.4444251596273716
2,0.4383973247298977,1.4449009487615285
2,0.4389209774476156,1.445377004946863
2,0.4394446301653335,1.4458533266837321
2,0.43996828288305145,1.4463299124689684
2,0.4404919356007694,1.4468067607962212
2,0.4410155883184873,1.447283870154365
2,0.4415392410362052,1.447761239028182
2,0.4420628937539231,1.4482388658992704
2,0.44258654647164103,1.4487167492446815
2,0.44311019918935896,1.4491948875379421
2,0.4436338519070769,1.4496732792491684
2,0.4441575046247948,1.4501519228433608
2,0.44468115734251273,1.4506308167823363
2,0.4452048100602306,1.451109959523933
2,0.44572846277794853,1.4515893495220098
2,0.44625211549566646,1.4520689852265605
2,0.4467757682133844,1.452548865083827
2,0.4472994209311023,1.453028987536186
2,0.44782307364882024,1.4535093510207844
2,0.44834672636653816,1.4539899539726093
2,0.44887037908425603,1.4544707948221003
2,0.44939403180197396,1.454951871995263
2,0.4499176845196919,1.4554331839144652
2,0.4504413372374098,1.455914728999005
2,0.45096498995512774,1.4563965056623829
2,0.45148864267284566,1.4568785123155976
2,0.4520122953905636,1.4573607473660104
2,0.45253594810828146,1.457843209215298
2,0.4530596008259994,1.4583258962625223
2,0.4535832535437173,1.4588088069029936
2,0.45410690626143524,1.4592919395273611
2,0.45463055897915317,1.4597752925220675
2,0.4551542116968711,1.460258864270486
2,0.455677864414589,1.4607426531516694
2,0.45620151713230694,1.4612266575401236
2,0.4567251698500248,1.4617108758072845
2,0.45724882256774274,1.4621953063203819
2,0.45777247528546067,1.462679947442325
2,0.4582961280031786,1.4631647975322721
2,0.4588197807208965,1.4636498549455155
2,0.45934343343861445,1.4641351180328002
2,0.45986708615633237,1.4646205851419154
2,0.46039073887405024,1.4651062546158755
2,0.46091439159176817,1.4655921247942842
2,0.4614380443094861,1.4660781940118568
2,0.461961697027204,1.4665644606001251
2,0.46248534974492195,1.4670509228868696
2,0.4630090024626399,1.4675375791947545
2,0.4635326551803578,1.468024427843602
2,0.46405630789807567,1.4685114671483461
2,0.4645799606157936,1.468998695421078
2,0.4651036133335115,1.4694861109691146
2,0.46562726605122945,1.4699737120949976
2,0.4661509187689474,1.4704614970988814
2,0.4666745714866653,1.470949464276373
2,0.46719822420438323,1.4714376119185317
2,0.4677218769221011,1.4719259383127792
2,0.468245529639819,1.4724144417427851
2,0.46876918235753695,1.4729031204882403
2,0.4692928350752549,1.4733919728241744
2,0.4698164877929728,1.4738809970222064
2,0.47034014051069073,1.4743701913498626
2,0.47086379322840866,1.4748595540708038
2,0.4713874459461265,1.47534908344403
2,0.47191109866384445,1.4758387777258122
2,0.4724347513815624,1.4763286351671923
2,0.4729584040992803,1.4768186540153465
2,0.47348205681699823,1.477308832514609
2,0.47400570953471616,1.4777991689036298
2,0.4745293622524341,1.4782896614185574
2,0.47505301497015195,1.4787803082909932
2,0.4755766676878699,1.4792711077474223
2,0.4761003204055878,1.4797620580121702
2,0.47662397312330573,1.4802531573053557
2,0.47714762584102366,1.4807444038414133
2,0.4776712785587416,1.4812357958318216
2,0.4781949312764595,1.4817273314847625
2,0.4787185839941774,1.482219009003643
2,0.4792422367118953,1.4827108265876632
2,0.47976588942961323,1.483202782432727
2,0.48028954214733116,1.4836948747301903
2,0.4808131948650491,1.484187101667544
2,0.481336847582767,1.4846794614281862
2,0.48186050030048494,1.4851719521916493
2,0.4823841530182028,1.4856645721341692
2,0.48290780573592074,1.486157319426411
2,0.48343145845363866,1.486650192236084
2,0.4839551111713566,1.487143188727373
2,0.4844787638890745,1.4876363070592333
2,0.48500241660679244,1.4881295453870962
2,0.48552606932451037,1.4886229018632093
2,0.4860497220422283,1.489116374634932
2,0.48657337475994616,1.4896099618453036
2,0.4870970274776641,1.4901036616344072
2,0.487620680195382,1.4905974721383473
2,0.48814433291309994,1.4910913914876573
2,0.48866798563081787,1.491585417810711
2,0.4891916383485358,1.4920795492314483
2,0.4897152910662537,1.4925737838690338
2,0.4902389437839716,1.4930681198392222
2,0.4907625965016895,1.4935625552536749
2,0.49128624921940744,1.4940570882204156
2,0.49180990193712537,1.4945517168429205
2,0.4923335546548433,1.4950464392214826
2,0.4928572073725612,1.4955412534512789
2,0.49338086009027915,1.4960361576248715
2,0.493904512807997,1.4965311498295932
2,0.49442816552571495,1.4970262281492523
2,0.4949518182434329,1.497521390664474
2,0.4954754709611508,1.4980166354506537
2,0.4959991236788687,1.4985119605801174
2,0.49652277639658665,1.4990073641206436
2,0.4970464291143046,1.499502844136714
2,0.49757008183202245,1.4999983986883763
2,0.4980937345497404,1.5004940258314718
2,0.4986173872674583,1.500989723618659
2,0.4991410399851762,1.5014854900979344
2,0.49966469270289415,1.501981323313771
2,0.5001883454206121,1.50247722130689
2,0.50071199813833,1.5029731821132373
2,0.5012356508560479,1.503469203765576
2,0.5017593035737659,1.5039652842924625
2,0.5022829562914838,1.504461421718588
2,0.5028066090092016,1.5049576140651197
2,0.5033302617269195,1.50545385934754
2,0.5038539144446375,1.5059501555798533
2,0.5043775671623554,1.506446500771176
2,0.5049012198800733,1.5069428929257356
2,0.5054248725977912,1.507439330045031
2,0.5059485253155092,1.5079358101264688
2,0.5064721780332271,1.5084323311629078
2,0.506995830750945,1.5089288911435688
2,0.5075194834686629,1.5094254880548306
2,0.5080431361863809,1.509922119877956
2,0.5085667889040988,1.5104187845901151
2,0.5090904416218167,1.5109154801650675
2,0.5096140943395346,1.5114122045736167
2,0.5101377470572526,1.5119089557811094
2,0.5106613997749704,1.5124057317494817
2,0.5111850524926883,1.5129025304376
2,0.5117087052104062,1.5133993497993288
2,0.5122323579281242,1.5138961877859174
2,0.5127560106458421,1.514393042343272
2,0.51327966336356,1.514889911414457
2,0.5138033160812779,1.515386792938557
2,0.5143269687989959,1.5158836848502233
2,0.5148506215167138,1.5163805850811514
2,0.5153742742344317,1.516877491558489
2,0.5158979269521496,1.51737440220586
2,0.5164215796698676,1.5178713149430223
2,0.5169452323875855,1.5183682276851869
2,0.5174688851053034,1.5188651383454044
2,0.5179925378230212,1.5193620448319507
2,0.5185161905407392,1.5198589450483269
2,0.5190398432584571,1.520355836895419
2,0.519563495976175,1.5208527182704756
2,0.5200871486938929,1.5213495870660836
2,0.5206108014116109,1.5218464411715331
2,0.5211344541293288,1.5223432784720217
2,0.5216581068470467,1.522840096849336
2,0.5221817595647646,1.5233368941815115
2,0.5227054122824826,1.523833668342263
2,0.5232290650002005,1.5243304172022363
2,0.5237527177179184,1.5248271386276429
2,0.5242763704356364,1.5253238304810566
2,0.5248000231533543,1.525820490621868
2,0.5253236758710721,1.5263171169052612
2,0.52584732858879,1.5268137071823276
2,0.526370981306508,1.5273102593013164
2,0.5268946340242259,1.527806771106043
2,0.5274182867419438,1.5283032404364576
2,0.5279419394596617,1.5287996651298954
2,0.5284655921773797,1.5292960430190305
2,0.5289892448950976,1.5297923719325581
2,0.5295128976128155,1.53028864969599
2,0.5300365503305334,1.5307848741314274
2,0.5305602030482514,1.5312810430568788
2,0.5310838557659693,1.531777154286715
2,0.5316075084836872,1.5322732056310997
2,0.5321311612014051,1.53276919489781
2,0.532654813919123,1.5332651198900749
2,0.5331784666368409,1.5337609784074857
2,0.5337021193545588,1.5342567682457684
2,0.5342257720722767,1.534752487197693
2,0.5347494247899947,1.5352481330523915
2,0.5352730775077126,1.5357437035943349
2,0.5357967302254305,1.5362391966053792
2,0.5363203829431484,1.536734609863629
2,0.5368440356608664,1.5372299411432095
2,0.5373676883785843,1.5377251882144947
2,0.5378913410963022,1.5382203488446748
2,0.5384149938140201,1.538715420797871
2,0.5389386465317381,1.5392104018339978
2,0.539462299249456,1.5397052897086496
2,0.5399859519671739,1.5402000821751471
2,0.5405096046848917,1.5406947769827184
2,0.5410332574026097,1.541189371877067
2,0.5415569101203276,1.5416838646006
2,0.5420805628380455,1.54217825289129
2,0.5426042155557634,1.5426725344844954
2,0.5431278682734814,1.5431667071122774
2,0.5436515209911993,1.5436607685029458
2,0.5441751737089172,1.5441547163798077
2,0.5446988264266351,1.544648548464579
2,0.5452224791443531,1.5451422624759061
2,0.545746131862071,1.5456358561265233
2,0.5462697845797889,1.5461293271273462
2,0.5467934372975068,1.546622673186448
2,0.5473170900152248,1.5471158920067865
2,0.5478407427329426,1.547608981289045
2,0.5483643954506605,1.5481019387299284
2,0.5488880481683784,1.5485947620230718
2,0.5494117008860964,1.5490874488583586
2,0.5499353536038143,1.54957999692283
2,0.5504590063215322,1.5500724038995486
2,0.5509826590392501,1.5505646674678246
2,0.5515063117569681,1.5510567853052635
2,0.552029964474686,1.5515487550844682
2,0.5525536171924039,1.5520405744748587
2,0.5530772699101218,1.5525322411433535
2,0.5536009226278398,1.5530237527528925
2,0.5541245753455577,1.553515106963573
2,0.5546482280632756,1.5540063014315137
2,0.5551718807809934,1.5544973338096497
2,0.5556955334987114,1.5549882017481877
2,0.5562191862164293,1.5554789028938103
2,0.5567428389341472,1.5559694348895619
2,0.5572664916518651,1.5564597953753037
2,0.5577901443695831,1.5569499819880548
2,0.558313797087301,1.5574399923615374
2,0.5588374498050189,1.557929824125722
2,0.5593611025227369,1.5584194749073959
2,0.5598847552404548,1.558908942330845
2,0.5604084079581727,1.5593982240168316
2,0.5609320606758906,1.5598873175823655
2,0.5614557133936086,1.560376220641615
2,0.5619793661113265,1.5608649308062468
2,0.5625030188290443,1.5613534456840625
2,0.5630266715467622,1.5618417628791121
2,0.5635503242644802,1.5623298799938539
2,0.5640739769821981,1.562817794626426
2,0.564597629699916,1.5633055043723516
2,0.5651212824176339,1.5637930068239712
2,0.5656449351353519,1.564280299570214
2,0.5661685878530698,1.5647673801973951
2,0.5666922405707877,1.5652542462884185
2,0.5672158932885056,1.5657408954235734
2,0.5677395460062236,1.566227325179966
2,0.5682631987239415,1.56671353313061
2,0.5687868514416594,1.5671995168469266
2,0.5693105041593773,1.567685273897041
2,0.5698341568770953,1.568170801845099
2,0.5703578095948131,1.5686560982538822
2,0.570881462312531,1.569141160682193
2,0.5714051150302489,1.5696259866853097
2,0.5719287677479669,1.5701105738166916
2,0.5724524204656848,1.5705949196263873
2,0.5729760731834027,1.5710790216616033
2,0.5734997259011206,1.5715628774664765
2,0.5740233786188386,1.5720464845820743
2,0.5745470313365565,1.5725298405471904
2,0.5750706840542744,1.5730129428976625
2,0.5755943367719923,1.5734957891662589
2,0.5761179894897103,1.5739783768822235
2,0.5766416422074282,1.5744607035726403
2,0.5771652949251461,1.5749427667622058
2,0.5776889476428639,1.575424563972092
2,0.5782126003605819,1.5759060927209703
2,0.5787362530782998,1.576387350525124
2,0.5792599057960177,1.576868334897199
2,0.5797835585137356,1.5773490433473398
2,0.5803072112314536,1.5778294733836447
2,0.5808308639491715,1.5783096225105737
2,0.5813545166668894,1.5787894882305409
2,0.5818781693846073,1.579269068043459
2,0.5824018221023253,1.5797483594452615
2,0.5829254748200432,1.5802273599302907
2,0.5834491275377611,1.5807060669908424
2,0.583972780255479,1.5811844781144373
2,0.584496432973197,1.5816625907882553
2,0.5850200856909148,1.5821404024961794
2,0.5855437384086327,1.582617910718227
2,0.5860673911263506,1.5830951129330515
2,0.5865910438440686,1.5835720066174872
2,0.5871146965617865,1.584048589243821
2,0.5876383492795044,1.584524858283089
2,0.5881620019972224,1.5850008112038267
2,0.5886856547149403,1.5854764454716133
2,0.5892093074326582,1.5859517585499816
2,0.5897329601503761,1.5864267478992815
2,0.590256612868094,1.5869014109781574
2,0.590780265585812,1.5873757452422979
2,0.5913039183035299,1.5878497481456861
2,0.5918275710212478,1.5883234171390086
2,0.5923512237389656,1.5887967496707915
2,0.5928748764566836,1.589269743187515
2,0.5933985291744015,1.5897423951336123
2,0.5939221818921194,1.5902147029496518
2,0.5944458346098374,1.5906866640755197
2,0.5949694873275553,1.5911582759482599
2,0.5954931400452732,1.5916295360021877
2,0.5960167927629911,1.5921004416697997
2,0.5965404454807091,1.5925709903812049
2,0.597064098198427,1.5930411795642385
2,0.5975877509161449,1.5935110066443485
2,0.5981114036338628,1.5939804690451638
2,0.5986350563515808,1.594449564187471
2,0.5991587090692987,1.5949182894910336
2,0.5996823617870165,1.5953866423723184
2,0.6002060145047344,1.5958546202455182
2,0.6007296672224524,1.59632222052403
2,0.6012533199401703,1.5967894406174992
2,0.6017769726578882,1.5972562779347754
2,0.6023006253756061,1.5977227298824346
2,0.6028242780933241,1.598188793863983
2,0.603347930811042,1.59865446728179
2,0.6038715835287599,1.5991197475365198
2,0.6043952362464778,1.599584632025767
2,0.6049188889641958,1.6000491181455345
2,0.6054425416819137,1.6005132032906886
2,0.6059661943996316,1.6009768848527983
2,0.6064898471173495,1.6014401602224098
2,0.6070134998350675,1.6019030267879089
2,0.6075371525527853,1.6023654819354078
2,0.6080608052705032,1.602827523049882
2,0.6085844579882211,1.6032891475140332
2,0.6091081107059391,1.6037503527087438
2,0.609631763423657,1.6042111360122817
2,0.6101554161413749,1.6046714948028011
2,0.6106790688590928,1.6051314264557277
2,0.6112027215768108,1.6055909283440997
2,0.6117263742945287,1.6060499978405005
2,0.6122500270122466,1.6065086323144442
2,0.6127736797299645,1.6069668291345351
2,0.6132973324476825,1.6074245856683547
2,0.6138209851654004,1.607881899279846
2,0.6143446378831183,1.6083387673329526
2,0.6148682906008361,1.608795187190026
2,0.6153919433185541,1.6092511562102345
2,0.615915596036272,1.609706671752292
2,0.6164392487539899,1.6101617311740029
2,0.6169629014717078,1.6106163318307836
2,0.6174865541894258,1.6110704710756636
2,0.6180102069071437,1.6115241462613312
2,0.6185338596248616,1.6119773547391105
2,0.6190575123425796,1.6124300938579381
2,0.6195811650602975,1.6128823609660685
2,0.6201048177780154,1.613334153410051
2,0.6206284704957333,1.6137854685343882
2,0.6211521232134513,1.6142363036833558
2,0.6216757759311692,1.6146866561994102
2,0.622199428648887,1.6151365234226205
2,0.6227230813666049,1.6155859026933967
2,0.6232467340843229,1.6160347913503301
2,0.6237703868020408,1.6164831867296243
2,0.6242940395197587,1.616931086167142
2,0.6248176922374766,1.6173784869977226
2,0.6253413449551946,1.6178253865547276
2,0.6258649976729125,1.6182717821694723
2,0.6263886503906304,1.618717671172817
2,0.6269123031083483,1.619163050895736
2,0.6274359558260663,1.6196079186659063
2,0.6279596085437842,1.6200522718100956
2,0.6284832612615021,1.620496107655299
2,0.62900691397922,1.620939423526579
2,0.6295305666969379,1.6213822167487706
2,0.6300542194146558,1.6218244846436392
2,0.6305778721323737,1.6222662245338597
2,0.6311015248500916,1.6227074337413114
2,0.6316251775678096,1.6231481095853724
2,0.6321488302855275,1.6235882493848521
2,0.6326724830032454,1.6240278504584467
2,0.6331961357209633,1.6244669101239424
2,0.6337197884386813,1.6249054256969657
2,0.6342434411563992,1.6253433944933704
2,0.6347670938741171,1.6257808138282144
2,0.635290746591835,1.6262176810150777
2,0.635814399309553,1.6266539933671993
2,0.6363380520272709,1.627089748196454
2,0.6368617047449887,1.6275249428152847
2,0.6373853574627066,1.6279595745342021
2,0.6379090101804246,1.6283936406631483
2,0.6384326628981425,1.6288271385116104
2,0.6389563156158604,1.6292600653889622
2,0.6394799683335783,1.6296924186027582
2,0.6400036210512963,1.6301241954606667
2,0.6405272737690142,1.6305553932701287
2,0.6410509264867321,1.6309860093369934
2,0.64157457920445,1.631416040967565
2,0.642098231922168,1.6318454854667834
2,0.6426218846398859,1.6322743401395883
2,0.6431455373576038,1.6327026022909195
2,0.6436691900753218,1.6331302692242389
2,0.6441928427930397,1.633557338242781
2,0.6447164955107575,1.6339838066504626
2,0.6452401482284754,1.6344096717490402
2,0.6457638009461933,1.6348349308415209
2,0.6462874536639113,1.6352595812298887
2,0.6468111063816292,1.6356836202155591
2,0.6473347590993471,1.6361070451001751
2,0.647858411817065,1.636529853185266
2,0.648382064534783,1.6369520417715648
2,0.6489057172525009,1.6373736081596917
2,0.6494293699702188,1.6377945496500388
2,0.6499530226879368,1.6382148635434532
2,0.6504766754056547,1.6386345471401
2,0.6510003281233726,1.6390535977399168
2,0.6515239808410905,1.6394720126435232
2,0.6520476335588083,1.6398897891501747
2,0.6525712862765263,1.6403069245603774
2,0.6530949389942442,1.6407234161741826
2,0.6536185917119621,1.6411392612915279
2,0.65414224442968,1.641554457211896
2,0.654665897147398,1.641969001235907
2,0.6551895498651159,1.6423828906638391
2,0.6557132025828338,1.6427961227954029
2,0.6562368553005518,1.6432086949316727
2,0.6567605080182697,1.6436206043729271
2,0.6572841607359876,1.644031848420127
2,0.6578078134537055,1.6444424243738922
2,0.6583314661714235,1.6448523295357518
2,0.6588551188891414,1.6452615612073487
2,0.6593787716068592,1.6456701166904395
2,0.6599024243245771,1.6460779932868945
2,0.6604260770422951,1.6464851882994935
2,0.660949729760013,1.64689169903113
2,0.6614733824777309,1.6472975227846973
2,0.6619970351954488,1.6477026568641122
2,0.6625206879131668,1.6481070985731776
2,0.6630443406308847,1.6485108452168333
2,0.6635679933486026,1.648913894100133
2,0.6640916460663205,1.6493162425284709
2,0.6646152987840385,1.649717887808265
2,0.6651389515017564,1.6501188272460467
2,0.6656626042194743,1.6505190581493707
2,0.6661862569371922,1.6509185778261326
2,0.6667099096549101,1.651317383585024
2,0.667233562372628,1.6517154727355319
2,0.6677572150903459,1.6521128425873712
2,0.6682808678080638,1.6525094904510524
2,0.6688045205257818,1.6529054136386776
2,0.6693281732434997,1.6533006094632583
2,0.6698518259612176,1.6536950752365556
2,0.6703754786789355,1.6540888082728316
2,0.6708991313966535,1.6544818058881674
2,0.6714227841143714,1.6548740653973937
2,0.6719464368320893,1.6552655841169326
2,0.6724700895498072,1.6556563593653664
2,0.6729937422675252,1.6560463884605952
2,0.6735173949852431,1.6564356687221107
2,0.674041047702961,1.656824197471792
2,0.6745647004206788,1.6572119720309502
2,0.6750883531383968,1.657598989721464
2,0.6756120058561147,1.657985247868396
2,0.6761356585738326,1.6583707437969224
2,0.6766593112915505,1.6587554748324465
2,0.6771829640092685,1.6591394383027591
2,0.6777066167269864,1.6595226315373566
2,0.6782302694447043,1.6599050518656213
2,0.6787539221624223,1.6602866966185275
2,0.6792775748801402,1.6606675631295502
2,0.6798012275978581,1.6610476487323922
2,0.680324880315576,1.6614269507615518
2,0.680848533033294,1.6618054665541422
2,0.6813721857510119,1.6621831934487545
2,0.6818958384687297,1.662560128784662
2,0.6824194911864476,1.6629362699031844
2,0.6829431439041656,1.663311614146778
2,0.6834667966218835,1.6636861588586953
2,0.6839904493396014,1.6640599013857127
2,0.6845141020573193,1.6644328390749479
2,0.6850377547750373,1.6648049692746554
2,0.6855614074927552,1.665176289336273
2,0.6860850602104731,1.6655467966115793
2,0.686608712928191,1.665916488454286
2,0.687132365645909,1.666285362220151
2,0.6876560183636269,1.6666534152672057
2,0.6881796710813448,1.6670206449542775
2,0.6887033237990627,1.6673870486420128
2,0.6892269765167806,1.6677526236939002
2,0.6897506292344985,1.6681173674744514
2,0.6902742819522164,1.6684812773504518
2,0.6907979346699343,1.668844350690847
2,0.6913215873876523,1.669206584865833
2,0.6918452401053702,1.6695679772479934
2,0.6923688928230881,1.6699285252121854
2,0.692892545540806,1.670288226134744
2,0.693416198258524,1.6706470773948467
2,0.6939398509762419,1.6710050763733761
2,0.6944635036939598,1.6713622204531475
2,0.6949871564116777,1.6717185070191363
2,0.6955108091293957,1.6720739334589325
2,0.6960344618471136,1.6724284971622865
2,0.6965581145648314,1.6727821955211084
2,0.6970817672825493,1.6731350259292412
2,0.6976054200002673,1.6734869857831427
2,0.6981290727179852,1.6738380724821127
2,0.6986527254357031,1.674188283426588
2,0.699176378153421,1.674537616020757
2,0.699700030871139,1.6748860676708546
2,0.7002236835888569,1.675233635784707
2,0.7007473363065748,1.6755803177733242
2,0.7012709890242927,1.675926111050785
2,0.7017946417420107,1.6762710130328742
2,0.7023182944597286,1.6766150211378772
2,0.7028419471774465,1.6769581327874903
2,0.7033655998951645,1.6773003454053423
2,0.7038892526128824,1.6776416564183592
2,0.7044129053306002,1.677982063255513
2,0.7049365580483181,1.6783215633482769
2,0.705460210766036,1.6786601541319897
2,0.705983863483754,1.6789978330442636
2,0.7065075162014719,1.679334597525326
2,0.7070311689191898,1.6796704450181323
2,0.7075548216369077,1.6800053729689353
2,0.7080784743546257,1.6803393788268295
2,0.7086021270723436,1.6806724600429561
2,0.7091257797900615,1.6810046140730037
2,0.7096494325077795,1.6813358383753894
2,0.7101730852254974,1.6816661304094396
2,0.7106967379432153,1.6819954876400516
2,0.7112203906609332,1.682323907534169
2,0.711744043378651,1.6826513875618048
2,0.712267696096369,1.6829779251964965
2,0.7127913488140869,1.6833035179143963
2,0.7133150015318048,1.683628163195067
2,0.7138386542495228,1.6839518585220503
2,0.7143623069672407,1.684274601381162
2,0.7148859596849586,1.6845963892619693
2,0.7154096124026765,1.6849172196569953
2,0.7159332651203945,1.6852370900622873
2,0.7164569178381124,1.6855559979782129
2,0.7169805705558303,1.6858739409068448
2,0.7175042232735482,1.6861909163549171
2,0.7180278759912662,1.6865069218322333
2,0.7185515287089841,1.6868219548522347
2,0.7190751814267019,1.6871360129322284
2,0.7195988341444198,1.6874490935915674
2,0.7201224868621378,1.6877611943552893
2,0.7206461395798557,1.68807231275116
2,0.7211697922975736,1.6883824463101291
2,0.7216934450152915,1.6886915925668973
2,0.7222170977330095,1.6889997490608266
2,0.7227407504507274,1.6893069133344625
2,0.7232644031684453,1.6896130829339882
2,0.7237880558861632,1.6899182554091112
2,0.7243117086038812,1.690222428313632
2,0.7248353613215991,1.6905255992057846
2,0.725359014039317,1.690827765647441
2,0.7258826667570349,1.6911289252038841
2,0.7264063194747528,1.6914290754444892
2,0.7269299721924707,1.6917282139430654
2,0.7274536249101886,1.6920263382771736
2,0.7279772776279065,1.6923234460282401
2,0.7285009303456245,1.6926195347822386
2,0.7290245830633424,1.692914602128667
2,0.7295482357810603,1.693208645661798
2,0.7300718884987782,1.6935016629796564
2,0.7305955412164962,1.6937936516840182
2,0.7311191939342141,1.694084609381548
2,0.731642846651932,1.6943745336839129
2,0.73216649936965,1.694663422205167
2,0.7326901520873679,1.6949512725650493
2,0.7332138048050858,1.6952380823871636
2,0.7337374575228036,1.6955238493001161
2,0.7342611102405215,1.695808570936265
2,0.7347847629582395,1.6960922449314921
2,0.7353084156759574,1.6963748689285012
2,0.7358320683936753,1.6966564405729514
2,0.7363557211113932,1.6969369575145947
2,0.7368793738291112,1.6972164174093223
2,0.7374030265468291,1.6974948179160947
2,0.737926679264547,1.697772156699557
2,0.738450331982265,1.6980484314281057
2,0.7389739846999829,1.6983236397752535
2,0.7394976374177008,1.6985977794197424
2,0.7400212901354187,1.6988708480444075
2,0.7405449428531367,1.699142843336631
2,0.7410685955708546,1.6994137629887973
2,0.7415922482885724,1.699683604698862
2,0.7421159010062903,1.6999523661688727
2,0.7426395537240083,1.7002200451055387
2,0.7431632064417262,1.7004866392207987
2,0.7436868591594441,1.7007521462323894
2,0.744210511877162,1.7010165638616854
2,0.74473416459488,1.7012798898352912
2,0.7452578173125979,1.701542121885609
2,0.7457814700303158,1.7018032577498161
2,0.7463051227480337,1.7020632951695234
2,0.7468287754657517,1.7023222318917988
2,0.7473524281834696,1.7025800656698493
2,0.7478760809011875,1.7028367942609748
2,0.7483997336189054,1.7030924154274771
2,0.7489233863366233,1.70334692693757
2,0.7494470390543412,1.7036003265648105
2,0.7499706917720591,1.7038526120875304
2,0.750494344489777,1.7041037812890636
2,0.751017997207495,1.7043538319597928
2,0.7515416499252129,1.704602761893625
2,0.7520653026429308,1.7048505688912883
2,0.7525889553606487,1.7050972507571487
2,0.7531126080783667,1.7053428053022799
2,0.7536362607960846,1.7055872303449178
2,0.7541599135138025,1.7058305237053446
2,0.7546835662315204,1.706072683211346
2,0.7552072189492384,1.7063137066962781
2,0.7557308716669563,1.706553591998727
2,0.7562545243846741,1.706792336963872
2,0.756778177102392,1.7070299394410995
2,0.75730182982011,1.707266397286503
2,0.7578254825378279,1.7075017083611783
2,0.7583491352555458,1.707735870532133
2,0.7588727879732637,1.7079688816734233
2,0.7593964406909817,1.7082007396641075
2,0.7599200934086996,1.7084314423877913
2,0.7604437461264175,1.7086609877351293
2,0.7609673988441354,1.7088893736033697
2,0.7614910515618534,1.709116597894763
2,0.7620147042795713,1.7093426585181533
2,0.7625383569972892,1.7095675533869326
2,0.7630620097150072,1.7097912804222233
2,0.763585662432725,1.7100138375499228
2,0.7641093151504429,1.7102352227027495
2,0.7646329678681608,1.710455433820016
2,0.7651566205858787,1.710674468846264
2,0.7656802733035967,1.7108923257321749
2,0.7662039260213146,1.7111090024341138
2,0.7667275787390325,1.711324496916177
2,0.7672512314567504,1.7115388071481448
2,0.7677748841744684,1.7117519311059368
2,0.7682985368921863,1.711963866771157
2,0.7688221896099042,1.7121746121317756
2,0.7693458423276222,1.7123841651841758
2,0.7698694950453401,1.7125925239283788
2,0.770393147763058,1.712799686371909
2,0.7709168004807758,1.713005650529567
2,0.7714404531984937,1.71321041442161
2,0.7719641059162117,1.7134139760742073
2,0.7724877586339296,1.713616333521486
2,0.7730114113516475,1.7138174848039398
2,0.7735350640693655,1.7140174279675193
2,0.7740587167870834,1.7142161610654512
2,0.7745823695048013,1.7144136821582379
2,0.7751060222225192,1.7146099893116116
2,0.7756296749402372,1.7148050805990351
2,0.7761533276579551,1.7149989541003379
2,0.776676980375673,1.7151916079021703
2,0.7772006330933909,1.7153830400984589
2,0.7777242858111089,1.7155732487881323
2,0.7782479385288268,1.7157622320785322
2,0.7787715912465446,1.7159499880845033
2,0.7792952439642625,1.7161365149258927
2,0.7798188966819805,1.716321810729596
2,0.7803425493996984,1.716505873630922
2,0.7808662021174163,1.7166887017717727
2,0.7813898548351342,1.7168702932997348
2,0.7819135075528522,1.7170506463705806
2,0.7824371602705701,1.7172297591459937
2,0.782960812988288,1.7174076297962984
2,0.7834844657060059,1.7175842564977302
2,0.7840081184237239,1.7177596374333461
2,0.7845317711414418,1.7179337707950708
2,0.7850554238591597,1.7181066547796036
2,0.7855790765768776,1.7182782875925113
2,0.7861027292945955,1.7184486674470918
2,0.7866263820123134,1.7186177925609627
2,0.7871500347300313,1.7187856611615189
2,0.7876736874477492,1.7189522714832037
2,0.7881973401654672,1.7191176217675093
2,0.7887209928831851,1.7192817102627487
2,0.789244645600903,1.7194445352245111
2,0.7897682983186209,1.7196060949165712
2,0.7902919510363389,1.719766387610207
2,0.7908156037540568,1.7199254115828353
2,0.7913392564717747,1.7200831651202861
2,0.7918629091894926,1.72023964651612
2,0.7923865619072106,1.7203948540700367
2,0.7929102146249285,1.720548786091058
2,0.7934338673426463,1.7207014408952546
2,0.7939575200603642,1.7208528168046087
2,0.7944811727780822,1.7210029121501975
2,0.7950048254958001,1.7211517252715112
2,0.795528478213518,1.7212992545141788
2,0.796052130931236,1.7214454982317875
2,0.7965757836489539,1.7215904547856553
2,0.7970994363666718,1.7217341225450582
2,0.7976230890843897,1.7218764998870029
2,0.7981467418021077,1.7220175851966815
2,0.7986703945198256,1.7221573768661074
2,0.7991940472375435,1.7222958732954794
2,0.7997176999552614,1.722433072892727
2,0.8002413526729794,1.7225689740739654
2,0.8007650053906972,1.7227035752639495
2,0.8012886581084151,1.7228368748926641
2,0.801812310826133,1.7229688714012354
2,0.802335963543851,1.7230995632362465
2,0.8028596162615689,1.7232289488533752
2,0.8033832689792868,1.7233570267169398
2,0.8039069216970047,1.7234837952985345
2,0.8044305744147227,1.7236092530763472
2,0.8049542271324406,1.723733398539025
2,0.8054778798501585,1.723856230182264
2,0.8060015325678764,1.7239777465097177
2,0.8065251852855944,1.724097946033453
2,0.8070488380033123,1.724216827273267
2,0.8075724907210302,1.7243343887575975
2,0.8080961434387481,1.7244506290226127
2,0.808619796156466,1.7245655466133485
2,0.8091434488741839,1.7246791400821166
2,0.8096671015919018,1.7247914079905513
2,0.8101907543096197,1.7249023489073352
2,0.8107144070273377,1.725011961410928
2,0.8112380597450556,1.725120244087293
2,0.8117617124627735,1.7252271955292144
2,0.8122853651804914,1.725332814340618
2,0.8128090178982094,1.7254370991331598
2,0.8133326706159273,1.7255400485248629
2,0.8138563233336452,1.725641661143527
2,0.8143799760513631,1.7257419356267292
2,0.8149036287690811,1.7258408706177306
2,0.815427281486799,1.7259384647702518
2,0.8159509342045168,1.7260347167461987
2,0.8164745869222347,1.7261296252154352
2,0.8169982396399527,1.7262231888569204
2,0.8175218923576706,1.7263154063573438
2,0.8180455450753885,1.7264062764129449
2,0.8185691977931064,1.7264957977276936
2,0.8190928505108244,1.7265839690151097
2,0.8196165032285423,1.7266707889968984
2,0.8201401559462602,1.7267562564024956
2,0.8206638086639781,1.726840369971569
2,0.8211874613816961,1.7269231284515172
2,0.821711114099414,1.7270045305981512
2,0.8222347668171319,1.7270845751775141
2,0.8227584195348498,1.727163260962925
2,0.8232820722525677,1.7272405867361158
2,0.8238057249702856,1.7273165512885953
2,0.8243293776880035,1.7273911534218769
2,0.8248530304057214,1.727464391943613
2,0.8253766831234394,1.7275362656710058
2,0.8259003358411573,1.7276067734317166
2,0.8264239885588752,1.727675914060228
2,0.8269476412765931,1.7277436864014817
2,0.8274712939943111,1.7278100893083774
2,0.827994946712029,1.7278751216431374
2,0.8285185994297469,1.727938782276624
2,0.8290422521474649,1.7280010700883395
2,0.8295659048651828,1.7280619839675637
2,0.8300895575829007,1.7281215228122164
2,0.8306132103006185,1.728179685529085
2,0.8311368630183364,1.7282364710347338
2,0.8316605157360544,1.7282918782532306
2,0.8321841684537723,1.7283459061175108
2,0.8327078211714902,1.7283985535721058
2,0.8332314738892082,1.7284498195692777
2,0.8337551266069261,1.7284997030690192
2,0.834278779324644,1.7285482030422372
2,0.8348024320423619,1.7285953184680238
2,0.8353260847600799,1.7286410483347936
2,0.8358497374777978,1.7286853916398286
2,0.8363733901955157,1.7287283473908701
2,0.8368970429132336,1.7287699146040723
2,0.8374206956309516,1.728810092302865
2,0.8379443483486695,1.7288488795227295
2,0.8384680010663873,1.7288862753075591
2,0.8389916537841052,1.7289222787092058
2,0.8395153065018232,1.7289568887906626
2,0.8400389592195411,1.7289901046224259
2,0.840562611937259,1.729021925285224
2,0.8410862646549769,1.7290523498693346
2,0.8416099173726949,1.7290813774739036
2,0.8421335700904128,1.729109007207171
2,0.8426572228081307,1.7291352381864726
2,0.8431808755258486,1.7291600695393754
2,0.8437045282435666,1.7291835004025415
2,0.8442281809612845,1.7292055299212734
2,0.8447518336790024,1.72922615725156
2,0.8452754863967203,1.7292453815578028
2,0.8457991391144382,1.7292632020134988
2,0.8463227918321561,1.7292796178023764
2,0.846846444549874,1.7292946281168042
2,0.8473700972675919,1.7293082321602924
2,0.8478937499853099,1.7293204291436268
2,0.8484174027030278,1.7293312182871432
2,0.8489410554207457,1.7293405988234554
2,0.8494647081384636,1.729348569991771
2,0.8499883608561816,1.7293551310413022
2,0.8505120135738995,1.729360281231493
2,0.8510356662916174,1.7293640198315643
2,0.8515593190093353,1.7293663461186952
2,0.8520829717270533,1.7293672593809788
2,0.8526066244447712,1.7293667589160577
2,0.853130277162489,1.7293648440304423
2,0.8536539298802069,1.7293615140401926
2,0.8541775825979249,1.7293567682713729
2,0.8547012353156428,1.7293506060598247
2,0.8552248880333607,1.7293430267502572
2,0.8557485407510786,1.7293340296978386
2,0.8562721934687966,1.729323614266832
2,0.8567958461865145,1.729311779830823
2,0.8573194989042324,1.7292985257731743
2,0.8578431516219504,1.7292838514883897
2,0.8583668043396683,1.729267756378249
2,0.8588904570573862,1.729250239854764
2,0.8594141097751041,1.7292313013415423
2,0.859937762492822,1.7292109402694678
2,0.8604614152105399,1.7291891560803379
2,0.8609850679282578,1.7291659482255
2,0.8615087206459757,1.729141316165851
2,0.8620323733636936,1.7291152593720653
2,0.8625560260814116,1.729087777324139
2,0.8630796787991295,1.729058869512528
2,0.8636033315168474,1.7290285354367825
2,0.8641269842345654,1.728996774606685
2,0.8646506369522833,1.7289635865411128
2,0.8651742896700012,1.7289289707689477
2,0.8656979423877191,1.7288929268295306
2,0.8662215951054371,1.7288554542712973
2,0.866745247823155,1.7288165526517787
2,0.8672689005408729,1.7287762215398743
2,0.8677925532585907,1.7287344605131238
2,0.8683162059763087,1.728691269158844
2,0.8688398586940266,1.728646647074811
2,0.8693635114117445,1.7286005938678954
2,0.8698871641294624,1.7285531091552002
2,0.8704108168471804,1.7285041925633777
2,0.8709344695648983,1.7284538437293122
2,0.8714581222826162,1.7284020622992102
2,0.8719817750003341,1.7283488479295102
2,0.8725054277180521,1.7282942002859727
2,0.87302908043577,1.7282381190445903
2,0.8735527331534879,1.728180603890678
2,0.8740763858712058,1.7281216545206917
2,0.8746000385889238,1.7280612706388183
2,0.8751236913066417,1.7279994519610682
2,0.8756473440243595,1.7279361982127739
2,0.8761709967420774,1.7278715091274535
2,0.8766946494597954,1.7278053844515853
2,0.8772183021775133,1.7277378239382415
2,0.8777419548952312,1.7276688273525451
2,0.8782656076129491,1.727598394469851
2,0.8787892603306671,1.7275265250727898
2,0.879312913048385,1.7274532189555885
2,0.8798365657661029,1.727378475922933
2,0.8803602184838208,1.7273022957883768
2,0.8808838712015388,1.727224678374796
2,0.8814075239192567,1.7271456235166625
2,0.8819311766369746,1.7270651310573157
2,0.8824548293546925,1.7269832008491903
2,0.8829784820724104,1.7268998327565441
2,0.8835021347901283,1.726815026652048
2,0.8840257875078462,1.7267287824176947
2,0.8845494402255641,1.7266410999470736
2,0.8850730929432821,1.7265519791433235
2,0.885596745661,1.7264614199189054
2,0.8861203983787179,1.7263694221951482
2,0.8866440510964358,1.7262759859047492
2,0.8871677038141538,1.7261811109906375
2,0.8876913565318717,1.72608479740461
2,0.8882150092495896,1.7259870451082406
2,0.8887386619673076,1.7258878540735623
2,0.8892623146850255,1.7257872242826124
2,0.8897859674027434,1.7256851557265236
2,0.8903096201204612,1.72558164840666
2,0.8908332728381791,1.725476702334845
2,0.8913569255558971,1.7253703175324517
2,0.891880578273615,1.7252624940299484
2,0.8924042309913329,1.7251532318684895
2,0.8929278837090509,1.7250425310992341
2,0.8934515364267688,1.7249303917826637
2,0.8939751891444867,1.7248168139894915
2,0.8944988418622046,1.7247017977999803
2,0.8950224945799226,1.7245853433039429
2,0.8955461472976405,1.7244674506025603
2,0.8960698000153584,1.7243481198058817
2,0.8965934527330763,1.7242273510328232
2,0.8971171054507943,1.7241051444134428
2,0.8976407581685121,1.7239815000880299
2,0.89816441088623,1.7238564182050595
2,0.8986880636039479,1.7237298989236933
2,0.8992117163216659,1.7236019424140068
2,0.8997353690393838,1.7234725488547156
2,0.9002590217571017,1.7233417184338577
2,0.9007826744748196,1.723209451350158
2,0.9013063271925376,1.7230757478127998
2,0.9018299799102555,1.7229406080398348
2,0.9023536326279734,1.7228040322584093
2,0.9028772853456913,1.7226660207070381
2,0.9034009380634093,1.7225265736333313
2,0.9039245907811272,1.7223856912944484
2,0.9044482434988451,1.722243373957781
2,0.9049718962165629,1.7220996219004974
2,0.9054955489342809,1.721954435409998
2,0.9060192016519988,1.721807814782096
2,0.9065428543697167,1.7216597603223818
2,0.9070665070874346,1.721510272347814
2,0.9075901598051526,1.7213593511849012
2,0.9081138125228705,1.721206997168565
2,0.9086374652405884,1.7210532106439587
2,0.9091611179583063,1.720897991965785
2,0.9096847706760243,1.720741341500343
2,0.9102084233937422,1.7205832596216624
2,0.9107320761114601,1.7204237467128678
2,0.911255728829178,1.720262803169362
2,0.911779381546896,1.7201004293942788
2,0.9123030342646139,1.7199366258009832
2,0.9128266869823317,1.7197713928123903
2,0.9133503397000496,1.7196047308614197
2,0.9138739924177676,1.7194366403903132
2,0.9143976451354855,1.7192671218517717
2,0.9149212978532034,1.7190961757071364
2,0.9154449505709213,1.7189238024275255
2,0.9159686032886393,1.7187500024942892
2,0.9164922560063572,1.7185747763978725
2,0.9170159087240751,1.7183981246389521
2,0.917539561441793,1.7182200477268452
2,0.918063214159511,1.7180405461815553
2,0.9185868668772289,1.7178596205319536
2,0.9191105195949468,1.717677271316461
2,0.9196341723126648,1.71749349908373
2,0.9201578250303826,1.7173083043915085
2,0.9206814777481005,1.7171216878066389
2,0.9212051304658184,1.716933649907105
2,0.9217287831835363,1.716744191278167
2,0.9222524359012543,1.7165533125157708
2,0.9227760886189722,1.7163610142263224
2,0.9232997413366901,1.71616729702464
2,0.923823394054408,1.7159721615350918
2,0.924347046772126,1.7157756083904587
2,0.9248706994898439,1.7155776382353451
2,0.9253943522075618,1.715378251723223
2,0.9259180049252798,1.7151774495148402
2,0.9264416576429977,1.7149752322825407
2,0.9269653103607156,1.7147716007077634
2,0.9274889630784334,1.714566555481042
2,0.9280126157961514,1.714360097302233
2,0.9285362685138693,1.7141522268809695
2,0.9290599212315872,1.7139429449355248
2,0.9295835739493051,1.7137322521937222
2,0.9301072266670231,1.7135201493940713
2,0.930630879384741,1.7133066372828125
2,0.9311545321024589,1.713091716615736
2,0.9316781848201768,1.712875388159091
2,0.9322018375378948,1.7126576526864028
2,0.9327254902556127,1.7124385109825653
2,0.9332491429733306,1.7122179638406578
2,0.9337727956910485,1.7119960120628548
2,0.9342964484087665,1.7117726564615623
2,0.9348201011264843,1.7115478978578267
2,0.9353437538442022,1.7113217370808798
2,0.9358674065619201,1.7110941749708672
2,0.9363910592796381,1.7108652123770298
2,0.936914711997356,1.710634850155202
2,0.9374383647150739,1.7104030891741786
2,0.9379620174327918,1.7101699303093483
2,0.9384856701505098,1.709935374445422
2,0.9390093228682277,1.7096994224777973
2,0.9395329755859456,1.7094620753096024
2,0.9400566283036635,1.7092233338526057
2,0.9405802810213815,1.7089831990283528
2,0.9411039337390994,1.7087416717688484
2,0.9416275864568173,1.7084987530129183
2,0.9421512391745352,1.708254443708256
2,0.9426748918922531,1.7080087448136965
2,0.943198544609971,1.7077616572960324
2,0.9437221973276889,1.7075131821306968
2,0.9442458500454068,1.7072633203015357
2,0.9447695027631248,1.7070120728028542
2,0.9452931554808427,1.7067594406371427
2,0.9458168081985606,1.7065054248153047
2,0.9463404609162785,1.7062500263580205
2,0.9468641136339965,1.7059932462943834
2,0.9473877663517144,1.7057350856618996
2,0.9479114190694323,1.7054755455076247
2,0.9484350717871503,1.705214626887937
2,0.9489587245048682,1.7049523308662629
2,0.9494823772225861,1.7046886585158063
2,0.9500060299403039,1.7044236109200028
2,0.9505296826580218,1.704157189167745
2,0.9510533353757398,1.7038893943595212
2,0.9515769880934577,1.7036202276033237
2,0.9521006408111756,1.7033496900160117
2,0.9526242935288936,1.7030777827233123
2,0.9531479462466115,1.7028045068598203
2,0.9536715989643294,1.7025298635674062
2,0.9541952516820473,1.7022538539981724
2,0.9547189043997653,1.7019764793121794
2,0.9552425571174832,1.7016977406776732
2,0.9557662098352011,1.7014176392726768
2,0.956289862552919,1.701136176282489
2,0.956813515270637,1.700853352901504
2,0.9573371679883548,1.700569170332301
2,0.9578608207060727,1.7002836297865542
2,0.9583844734237906,1.6999967324838963
2,0.9589081261415086,1.6997084796525996
2,0.9594317788592265,1.6994188725293498
2,0.9599554315769444,1.6991279123585628
2,0.9604790842946623,1.6988356003942044
2,0.9610027370123803,1.6985419378984261
2,0.9615263897300982,1.6982469261408824
2,0.9620500424478161,1.6979505664000953
2,0.962573695165534,1.6976528599632275
2,0.963097347883252,1.6973538081249444
2,0.9636210006009699,1.697053412188552
2,0.9641446533186878,1.6967516734659966
2,0.9646683060364056,1.6964485932767275
2,0.9651919587541236,1.6961441729486069
2,0.9657156114718415,1.6958384138181373
2,0.9662392641895594,1.6955313172300066
2,0.9667629169072773,1.695222884535724
2,0.9672865696249953,1.6949131170963483
2,0.9678102223427132,1.6946020162811237
2,0.9683338750604311,1.6942895834658884
2,0.968857527778149,1.6939758200358028
2,0.969381180495867,1.6936607273839854
2,0.9699048332135849,1.6933443069108307
2,0.9704284859313028,1.6930265600256007
2,0.9709521386490207,1.6927074881441513
2,0.9714757913667387,1.692387092691888
2,0.9719994440844566,1.6920653751017198
2,0.9725230968021744,1.6917423368136042
2,0.9730467495198923,1.691417979276821
2,0.9735704022376103,1.6910923039461068
2,0.9740940549553282,1.6907653122859756
2,0.9746177076730461,1.690437005769354
2,0.975141360390764,1.690107385875308
2,0.975665013108482,1.689776454090861
2,0.9761886658261999,1.6894442119109954
2,0.9767123185439178,1.6891106608391055
2,0.9772359712616357,1.6887758023854076
2,0.9777596239793537,1.6884396380683029
2,0.9782832766970716,1.6881021694136962
2,0.9788069294147895,1.6877633979545408
2,0.9793305821325075,1.6874233252319755
2,0.9798542348502253,1.687081952795097
2,0.9803778875679432,1.6867392821991416
2,0.9809015402856611,1.6863953150079851
2,0.981425193003379,1.6860500527939166
2,0.981948845721097,1.6857034971342273
2,0.9824724984388149,1.685355649615076
2,0.9829961511565328,1.6850065118303519
2,0.9835198038742508,1.684656085380766
2,0.9840434565919687,1.6843043718743047
2,0.9845671093096866,1.6839513729269129
2,0.9850907620274045,1.6835970901609016
2,0.9856144147451225,1.6832415252072224
2,0.9861380674628404,1.6828846797031929
2,0.9866617201805583,1.6825265552927249
2,0.9871853728982761,1.6821671536285976
2,0.987709025615994,1.6818064763692746
2,0.988232678333712,1.681444525181405
2,0.9887563310514299,1.681081301738459
2,0.9892799837691478,1.680716807720728
2,0.9898036364868658,1.6803510448160068
2,0.9903272892045837,1.6799840147186842
2,0.9908509419223016,1.6796157191313341
2,0.9913745946400195,1.6792461597617603
2,0.9918982473577375,1.6788753383259518
2,0.9924219000754554,1.678503256546719
2,0.9929455527931733,1.6781299161536936
2,0.9934692055108912,1.677755318883328
2,0.9939928582286092,1.6773794664788966
2,0.994516510946327,1.6770023606914037
2,0.9950401636640449,1.6766240032768565
2,0.9955638163817628,1.6762443959999018
2,0.9960874690994808,1.6758635406315534
2,0.9966111218171987,1.6754814389480543
2,0.9971347745349166,1.675098092734288
2,0.9976584272526345,1.6747135037817316
2,0.9981820799703525,1.6743276738870918
2,0.9987057326880704,1.6739406048545789
2,0.9992293854057883,1.6735522984949966
2,0.9997530381235062,1.6731627566261977
2,1.0002766908412242,1.672771981071719
2,1.000800343558942,1.6723799736621459
2,1.00132399627666,1.6719867362344303
2,1.001847648994378,1.6715922706318906
2,1.0023713017120959,1.671196578704894
2,1.0028949544298138,1.6707996623094914
2,1.0034186071475317,1.6704015233083283
2,1.0039422598652497,1.6700021635706435
2,1.0044659125829676,1.6696015849720425
2,1.0049895653006855,1.6691997893933603
2,1.0055132180184032,1.668796778724527
2,1.0060368707361211,1.6683925548579737
2,1.006560523453839,1.6679871196954537
2,1.007084176171557,1.6675804751434953
2,1.007607828889275,1.6671726231143111
2,1.0081314816069928,1.666763565528072
2,1.0086551343247108,1.6663533043088137
2,1.0091787870424287,1.6659418413885305
2,1.0097024397601466,1.6655291787051283
2,1.0102260924778645,1.6651153182003782
2,1.0107497451955825,1.6647002618246916
2,1.0112733979133004,1.6642840115339368
2,1.0117970506310183,1.663866569288757
2,1.0123207033487363,1.6634479370563895
2,1.0128443560664542,1.6630281168102101
2,1.013368008784172,1.6626071105285973
2,1.01389166150189,1.662184920196978
2,1.014415314219608,1.6617615478062362
2,1.0149389669373259,1.6613369953524852
2,1.0154626196550438,1.6609112648377504
2,1.0159862723727617,1.6604843582697413
2,1.0165099250904797,1.6600562776627612
2,1.0170335778081976,1.6596270250352063
2,1.0175572305259155,1.6591966024120666
2,1.0180808832436334,1.6587650118246984
2,1.0186045359613514,1.6583322553087783
2,1.0191281886790693,1.6578983349052123
2,1.0196518413967872,1.6574632526615005
2,1.0201754941145051,1.6570270106305998
2,1.0206991468322228,1.6565896108706966
2,1.0212227995499408,1.6561510554442975
2,1.0217464522676587,1.6557113464211852
2,1.0222701049853766,1.6552704858761444
2,1.0227937577030946,1.6548284758873706
2,1.0233174104208125,1.6543853185401076
2,1.0238410631385304,1.6539410159255112
2,1.0243647158562483,1.6534955701386025
2,1.0248883685739663,1.653048983279632
2,1.0254120212916842,1.6526012574545348
2,1.025935674009402,1.652152394775385
2,1.02645932672712,1.6517023973574396
2,1.026982979444838,1.6512512673214133
2,1.0275066321625559,1.650799006795296
2,1.0280302848802738,1.6503456179098066
2,1.0285539375979917,1.649891102800666
2,1.0290775903157097,1.6494354636104163
2,1.0296012430334276,1.648978702484328
2,1.0301248957511455,1.6485208215744933
2,1.0306485484688634,1.6480618230370965
2,1.0311722011865814,1.6476017090328696
2,1.0316958539042993,1.6471404817284565
2,1.0322195066220172,1.6466781432936841
2,1.0327431593397352,1.6462146959040638
2,1.033266812057453,1.6457501417407912
2,1.033790464775171,1.6452844829884725
2,1.034314117492889,1.6448177218358069
2,1.0348377702106069,1.6443498604783144
2,1.0353614229283246,1.643880901114926
2,1.0358850756460425,1.6434108459482104
2,1.0364087283637604,1.6429396971871029
2,1.0369323810814783,1.6424674570446314
2,1.0374560337991963,1.6419941277367798
2,1.0379796865169142,1.6415197114858984
2,1.0385033392346321,1.6410442105186576
2,1.03902699195235,1.6405676270646836
2,1.039550644670068,1.6400899633588324
2,1.040074297387786,1.6396112216411893
2,1.0405979501055038,1.6391314041545684
2,1.0411216028232217,1.6386505131472404
2,1.0416452555409397,1.638168550871569
2,1.0421689082586576,1.6376855195840108
2,1.0426925609763755,1.6372014215444324
2,1.0432162136940935,1.6367162590183852
2,1.0437398664118114,1.6362300342748313
2,1.0442635191295293,1.6357427495859156
2,1.0447871718472472,1.6352544072301498
2,1.0453108245649652,1.6347650094876371
2,1.045834477282683,1.6342745586437104
2,1.046358130000401,1.6337830569884773
2,1.046881782718119,1.6332905068147738
2,1.0474054354358369,1.6327969104190743
2,1.0479290881535548,1.6323022701030823
2,1.0484527408712727,1.6318065881719122
2,1.0489763935889906,1.6313098669336341
2,1.0495000463067086,1.6308121087008658
2,1.0500236990244265,1.630313315790545
2,1.0505473517421442,1.6298134905227926
2,1.0510710044598621,1.6293126352209129
2,1.05159465717758,1.6288107522123028
2,1.052118309895298,1.6283078438293614
2,1.052641962613016,1.6278039124060797
2,1.0531656153307338,1.627298960280541
2,1.0536892680484518,1.626792989795831
2,1.0542129207661697,1.6262860032966273
2,1.0547365734838876,1.6257780031321545
2,1.0552602262016055,1.6252689916552754
2,1.0557838789193235,1.624758971222036
2,1.0563075316370414,1.6242479441914384
2,1.0568311843547593,1.6237359129268043
2,1.0573548370724772,1.623222879793957
2,1.0578784897901952,1.6227088471623574
2,1.058402142507913,1.6221938174057868
2,1.058925795225631,1.6216777928991633
2,1.059449447943349,1.6211607760219522
2,1.0599731006610669,1.6206427691572571
2,1.0604967533787848,1.62012377469091
2,1.0610204060965027,1.6196037950114714
2,1.0615440588142206,1.6190828325104576
2,1.0620677115319386,1.618560889583705
2,1.0625913642496565,1.6180379686293236
2,1.0631150169673744,1.6175140720483796
2,1.0636386696850924,1.6169892022451222
2,1.0641623224028103,1.6164633616263018
2,1.0646859751205282,1.615936552602534
2,1.065209627838246,1.6154087775869357
2,1.0657332805559638,1.6148800389951248
2,1.0662569332736818,1.6143503392454477
2,1.0667805859913997,1.6138196807601162
2,1.0673042387091176,1.6132880659636157
2,1.0678278914268355,1.6127554972824782
2,1.0683515441445535,1.6122219771466462
2,1.0688751968622714,1.6116875079892452
2,1.0693988495799893,1.6111520922454474
2,1.0699225022977072,1.6106157323522439
2,1.0704461550154252,1.610078430751173
2,1.070969807733143,1.609540189884683
2,1.071493460450861,1.6090010121986325
2,1.072017113168579,1.608460900141381
2,1.0725407658862969,1.6079198561633348
2,1.0730644186040148,1.607377882717401
2,1.0735880713217327,1.6068349822594428
2,1.0741117240394507,1.6062911572473695
2,1.0746353767571686,1.6057464101413643
2,1.0751590294748865,1.605200743404339
2,1.0756826821926044,1.604654159501024
2,1.0762063349103224,1.6041066608995607
2,1.0767299876280403,1.6035582500680903
2,1.0772536403457582,1.6030089294788468
2,1.0777772930634761,1.6024587016063379
2,1.078300945781194,1.6019075689266629
2,1.078824598498912,1.6013555339175127
2,1.07934825121663,1.6008025990593069
2,1.0798719039343478,1.6002487668354206
2,1.0803955566520655,1.599694039729684
2,1.0809192093697835,1.5991384202282006
2,1.0814428620875014,1.598581910820485
2,1.0819665148052193,1.5980245139965064
2,1.0824901675229373,1.5974662322485074
2,1.0830138202406552,1.596907068071232
2,1.083537472958373,1.5963470239612434
2,1.084061125676091,1.5957861024160138
2,1.084584778393809,1.595224305935517
2,1.0851084311115269,1.5946616370215452
2,1.0856320838292448,1.5940980981772555
2,1.0861557365469627,1.593533691908533
2,1.0866793892646807,1.5929684207219452
2,1.0872030419823986,1.5924022871258785
2,1.0877266947001165,1.5918352936307656
2,1.0882503474178344,1.591267442748176
2,1.0887740001355524,1.590698736991726
2,1.0892976528532703,1.590129178876623
2,1.0898213055709882,1.5895587709192114
2,1.0903449582887061,1.5889875156372
2,1.090868611006424,1.5884154155507986
2,1.091392263724142,1.587842473180217
2,1.09191591644186,1.5872686910479388
2,1.0924395691595779,1.5866940716784939
2,1.0929632218772958,1.5861186175964122
2,1.0934868745950137,1.58554233132827
2,1.0940105273127316,1.5849652154017804
2,1.0945341800304496,1.5843872723453387
2,1.0950578327481673,1.5838085046907509
2,1.0955814854658852,1.5832289149684584
2,1.0961051381836031,1.5826485057118589
2,1.096628790901321,1.5820672794541224
2,1.097152443619039,1.581485238730238
2,1.097676096336757,1.5809023860772413
2,1.0981997490544748,1.580318724031713
2,1.0987234017721927,1.5797342551320526
2,1.0992470544899107,1.5791489819177968
2,1.0997707072076286,1.5785629069291645
2,1.1002943599253465,1.5779760327068288
2,1.1008180126430644,1.5773883617937372
2,1.1013416653607824,1.5767998967328367
2,1.1018653180785003,1.576210640067984
2,1.1023889707962182,1.5756205943446275
2,1.1029126235139362,1.575029762107988
2,1.103436276231654,1.5744381459046508
2,1.103959928949372,1.5738457482825652
2,1.10448358166709,1.5732525717889985
2,1.1050072343848079,1.572658618973037
2,1.1055308871025258,1.572063892384449
2,1.1060545398202437,1.5714683945732304
2,1.1065781925379616,1.5708721280902864
2,1.1071018452556796,1.570275095486977
2,1.1076254979733975,1.5696772993155719
2,1.1081491506911154,1.5690787421285677
2,1.1086728034088333,1.5684794264791435
2,1.1091964561265513,1.5678793549207057
2,1.1097201088442692,1.5672785300073429
2,1.110243761561987,1.5666769542949623
2,1.1107674142797048,1.566074630337198
2,1.1112910669974227,1.5654715606899572
2,1.1118147197151407,1.5648677479089201
2,1.1123383724328586,1.5642631945509038
2,1.1128620251505765,1.5636579031718156
2,1.1133856778682945,1.5630518763289274
2,1.1139093305860124,1.562445116579056
2,1.1144329833037303,1.5618376264794733
2,1.1149566360214482,1.561229408588133
2,1.1154802887391662,1.560620465462307
2,1.116003941456884,1.5600107996608585
2,1.116527594174602,1.559400413741514
2,1.11705124689232,1.5587893102617727
2,1.1175748996100379,1.5581774917802704
2,1.1180985523277558,1.5575649608563253
2,1.1186222050454737,1.5569517200478913
2,1.1191458577631916,1.556337771912922
2,1.1196695104809096,1.5557231190102812
2,1.1201931631986275,1.555107763898377
2,1.1207168159163454,1.5544917091358457
2,1.1212404686340633,1.553874957280641
2,1.1217641213517813,1.553257510890944
2,1.1222877740694992,1.552639372525391
2,1.1228114267872171,1.5520205447410262
2,1.123335079504935,1.551401030095576
2,1.123858732222653,1.5507808311476765
2,1.124382384940371,1.5501599504536898
2,1.1249060376580886,1.5495383905713425
2,1.1254296903758065,1.5489161540563146
2,1.1259533430935245,1.5482932434658778
2,1.1264769958112424,1.5476696613559398
2,1.1270006485289603,1.5470454102824078
2,1.1275243012466782,1.5464204928007348
2,1.1280479539643962,1.5457949114656913
2,1.128571606682114,1.5451686688318205
2,1.129095259399832,1.5445417674536657
2,1.12961891211755,1.5439142098841785
2,1.1301425648352679,1.5432859986769927
2,1.1306662175529858,1.5426571363848325
2,1.1311898702707037,1.54202762555974
2,1.1317135229884216,1.541397468752848
2,1.1322371757061396,1.5407666685155164
2,1.1327608284238575,1.5401352273979683
2,1.1332844811415754,1.5395031479495174
2,1.1338081338592934,1.5388704327197047
2,1.1343317865770113,1.5382370842564796
2,1.1348554392947292,1.5376031051077916
2,1.1353790920124471,1.5369684978204532
2,1.135902744730165,1.5363332649399126
2,1.136426397447883,1.5356974090123003
2,1.136950050165601,1.5350609325819278
2,1.1374737028833188,1.5344238381926516
2,1.1379973556010368,1.5337861283871916
2,1.1385210083187547,1.5331478057075856
2,1.1390446610364726,1.532508872695189
2,1.1395683137541905,1.5318693318895384
2,1.1400919664719082,1.5312291858301705
2,1.1406156191896262,1.5305884370559397
2,1.141139271907344,1.5299470881038815
2,1.141662924625062,1.5293051415101218
2,1.14218657734278,1.5286625998094223
2,1.1427102300604979,1.5280194655369996
2,1.1432338827782158,1.5273757412257964
2,1.1437575354959337,1.5267314294069365
2,1.1442811882136517,1.526086532612453
2,1.1448048409313696,1.525441053372333
2,1.1453284936490875,1.524794994214517
2,1.1458521463668054,1.524148357666263
2,1.1463757990845234,1.523501146254148
2,1.1468994518022413,1.522853362503838
2,1.1474231045199592,1.522205008938954
2,1.1479467572376771,1.5215560880815246
2,1.148470409955395,1.5209066024526692
2,1.148994062673113,1.52025655457237
2,1.149517715390831,1.5196059469599277
2,1.1500413681085488,1.5189547821319138
2,1.1505650208262668,1.5183030626049003
2,1.1510886735439847,1.517650790892958
2,1.1516123262617026,1.5169979695087932
2,1.1521359789794205,1.5163446009646577
2,1.1526596316971385,1.5156906877705296
2,1.1531832844148564,1.5150362324350226
2,1.1537069371325743,1.5143812374653862
2,1.1542305898502923,1.5137257053675057
2,1.15475424256801,1.5130696386456748
2,1.1552778952857279,1.5124130398014586
2,1.1558015480034458,1.5117559113371044
2,1.1563252007211637,1.5110982557519037
2,1.1568488534388817,1.5104400755426468
2,1.1573725061565996,1.5097813732065788
2,1.1578961588743175,1.5091221512382162
2,1.1584198115920354,1.5084624121295747
2,1.1589434643097534,1.5078021583722148
2,1.1594671170274713,1.507141392455651
2,1.1599907697451892,1.5064801168675785
2,1.1605144224629071,1.5058183340941014
2,1.161038075180625,1.505156046618822
2,1.161561727898343,1.5044932569246612
2,1.162085380616061,1.5038299674918107
2,1.1626090333337789,1.5031661807988712
2,1.1631326860514968,1.5025018993235335
2,1.1636563387692147,1.5018371255398506
2,1.1641799914869326,1.5011718619211933
2,1.1647036442046506,1.5005061109391136
2,1.1652272969223685,1.499839875062662
2,1.1657509496400864,1.4991731567592979
2,1.1662746023578043,1.4985059584942064
2,1.1667982550755223,1.4978382827305268
2,1.1673219077932402,1.4971701319300337
2,1.1678455605109581,1.4965015085522282
2,1.168369213228676,1.4958324150538829
2,1.168892865946394,1.4951628538906334
2,1.1694165186641117,1.4944928275160692
2,1.1699401713818296,1.4938223383803688
2,1.1704638240995475,1.4931513889334838
2,1.1709874768172654,1.4924799816215
2,1.1715111295349834,1.491808118889594
2,1.1720347822527013,1.4911358031802138
2,1.1725584349704192,1.4904630369339884
2,1.1730820876881372,1.4897898225888184
2,1.173605740405855,1.4891161625803306
2,1.174129393123573,1.4884420593432424
2,1.174653045841291,1.4877675153084056
2,1.1751766985590089,1.4870925329050806
2,1.1757003512767268,1.4864171145604814
2,1.1762240039944447,1.4857412626990936
2,1.1767476567121626,1.4850649797429014
2,1.1772713094298806,1.4843882681122977
2,1.1777949621475985,1.4837111302251742
2,1.1783186148653164,1.4830335684964666
2,1.1788422675830343,1.4823555853392918
2,1.1793659203007523,1.4816771831638107
2,1.1798895730184702,1.4809983643783653
2,1.1804132257361881,1.4803191313890238
2,1.180936878453906,1.4796394865982165
2,1.181460531171624,1.4789594324065547
2,1.181984183889342,1.4782789712132853
2,1.1825078366070598,1.47759810541379
2,1.1830314893247778,1.476916837401177
2,1.1835551420424957,1.4762351695658253
2,1.1840787947602136,1.4755531042962957
2,1.1846024474779313,1.4748706439791022
2,1.1851261001956492,1.4741877909955292
2,1.1856497529133672,1.4735045477277708
2,1.186173405631085,1.4728209165523367
2,1.186697058348803,1.472136899844827
2,1.187220711066521,1.4714524999787955
2,1.1877443637842389,1.4707677193227937
2,1.1882680165019568,1.4700825602446912
2,1.1887916692196747,1.4693970251096289
2,1.1893153219373926,1.4687111162788824
2,1.1898389746551106,1.4680248361121357
2,1.1903626273728285,1.4673381869649802
2,1.1908862800905464,1.4666511711920975
2,1.1914099328082643,1.4659637911443042
2,1.1919335855259823,1.4652760491694607
2,1.1924572382437002,1.464587947613154
2,1.1929808909614181,1.463899488818015
2,1.193504543679136,1.463210675124401
2,1.194028196396854,1.4625215088688037
2,1.194551849114572,1.461831992385214
2,1.1950755018322898,1.4611421280053492
2,1.1955991545500078,1.4604519180577427
2,1.1961228072677257,1.4597613648672905
2,1.1966464599854436,1.4590704707570694
2,1.1971701127031615,1.4583792380474279
2,1.1976937654208795,1.457687669054394
2,1.1982174181385974,1.4569957660921773
2,1.1987410708563153,1.456303531472031
2,1.199264723574033,1.4556109675015705
2,1.199788376291751,1.4549180764859102
2,1.2003120290094689,1.454224860727436
2,1.2008356817271868,1.4535313225246682
2,1.2013593344449047,1.4528374641738537
2,1.2018829871626227,1.4521432879682834
2,1.2024066398803406,1.4514487961978375
2,1.2029302925980585,1.450753991149213
2,1.2034539453157764,1.4500588751061514
2,1.2039775980334944,1.449363450349665
2,1.2045012507512123,1.4486677191580384
2,1.2050249034689302,1.447971683805008
2,1.2055485561866481,1.4472753465622645
2,1.206072208904366,1.4465787096980876
2,1.206595861622084,1.4458817754780284
2,1.207119514339802,1.4451845461642279
2,1.2076431670575198,1.4444870240151886
2,1.2081668197752378,1.4437892112869122
2,1.2086904724929557,1.4430911102317623
2,1.2092141252106736,1.4423927230996014
2,1.2097377779283915,1.4416940521361994
2,1.2102614306461095,1.4409950995841427
2,1.2107850833638274,1.4402958676837443
2,1.2113087360815453,1.4395963586714515
2,1.2118323887992632,1.438896574780074
2,1.2123560415169812,1.4381965182394651
2,1.212879694234699,1.4374961912769777
2,1.213403346952417,1.4367955961160987
2,1.213926999670135,1.4360947349753133
2,1.2144506523878527,1.435393610073561
2,1.2149743051055706,1.434692223623415
2,1.2154979578232885,1.4339905778338107
2,1.2160216105410064,1.4332886749130012
2,1.2165452632587244,1.4325865170649195
2,1.2170689159764423,1.431884106488269
2,1.2175925686941602,1.4311814453799343
2,1.2181162214118781,1.4304785359336165
2,1.218639874129596,1.4297753803398336
2,1.219163526847314,1.4290719807843288
2,1.219687179565032,1.4283683394505715
2,1.2202108322827498,1.4276644585181657
2,1.2207344850004678,1.4269603401628501
2,1.2212581377181857,1.4262559865580897
2,1.2217817904359036,1.4255513998737115
2,1.2223054431536216,1.424846582274995
2,1.2228290958713395,1.4241415359242637
2,1.2233527485890574,1.4234362629808857
2,1.2238764013067753,1.4227307655999084
2,1.2244000540244933,1.4220250459338786
2,1.2249237067422112,1.4213191061307953
2,1.225447359459929,1.4206129483357017
2,1.225971012177647,1.4199065746906854
2,1.226494664895365,1.4191999873330587
2,1.2270183176130829,1.4184931883969512
2,1.2275419703308008,1.4177861800133087
2,1.2280656230485187,1.4170789643101216
2,1.2285892757662367,1.4163715434101505
2,1.2291129284839544,1.4156639194338823
2,1.2296365812016723,1.4149560944972563
2,1.2301602339193902,1.4142480707143932
2,1.2306838866371081,1.4135398501937289
2,1.231207539354826,1.4128314350407436
2,1.231731192072544,1.4121228273581892
2,1.232254844790262,1.4114140292447246
2,1.2327784975079799,1.4107050427940067
2,1.2333021502256978,1.4099958700978732
2,1.2338258029434157,1.4092865132440693
2,1.2343494556611336,1.40857697431602
2,1.2348731083788516,1.4078672553941942
2,1.2353967610965695,1.407157358555196
2,1.2359204138142874,1.4064472858715362
2,1.2364440665320053,1.4057370394118607
2,1.2369677192497233,1.4050266212427687
2,1.2374913719674412,1.4043160334258573
2,1.2380150246851591,1.4036052780177215
2,1.238538677402877,1.402894357074274
2,1.239062330120595,1.4021832726452885
2,1.239585982838313,1.4014720267778102
2,1.2401096355560308,1.400760621515019
2,1.2406332882737487,1.4000490588955472
2,1.2411569409914667,1.3993373409557535
2,1.2416805937091846,1.398625469727449
2,1.2422042464269025,1.3979134472381247
2,1.2427278991446205,1.3972012755125434
2,1.2432515518623384,1.396488956571602
2,1.2437752045800563,1.3957764924305138
2,1.244298857297774,1.3950638851038093
2,1.244822510015492,1.3943511365998802
2,1.2453461627332099,1.3936382489234802
2,1.2458698154509278,1.392925224076862
2,1.2463934681686457,1.392212064057503
2,1.2469171208863636,1.391498770859016
2,1.2474407736040816,1.3907853464720574
2,1.2479644263217995,1.3900717928822814
2,1.2484880790395174,1.3893581120717045
2,1.2490117317572353,1.3886443060191596
2,1.2495353844749533,1.3879303766996145
2,1.2500590371926712,1.3872163260828074
2,1.2505826899103891,1.3865021561364301
2,1.251106342628107,1.385787868823627
2,1.251629995345825,1.3850734661023125
2,1.252153648063543,1.3843589499294922
2,1.2526773007812608,1.3836443222555772
2,1.2532009534989788,1.3829295850275685
2,1.2537246062166967,1.3822147401899656
2,1.2542482589344146,1.381499789681584
2,1.2547719116521325,1.380784735438283
2,1.2552955643698505,1.3800695793929663
2,1.2558192170875684,1.3793543234723984
2,1.2563428698052863,1.3786389696006154
2,1.2568665225230042,1.3779235196982427
2,1.2573901752407222,1.3772079756811308
2,1.25791382795844,1.3764923394612651
2,1.258437480676158,1.3757766129469928
2,1.2589611333938757,1.3750607980427958
2,1.2594847861115936,1.3743448966490632
2,1.2600084388293116,1.3736289106620916
2,1.2605320915470295,1.3729128419734025
2,1.2610557442647474,1.3721966924726985
2,1.2615793969824654,1.3714804640444527
2,1.2621030497001833,1.3707641585681358
2,1.2626267024179012,1.370047777920945
2,1.2631503551356191,1.3693313239755298
2,1.263674007853337,1.3686147986002197
2,1.264197660571055,1.3678982036597063
2,1.264721313288773,1.3671815410145882
2,1.2652449660064908,1.366464812520917
2,1.2657686187242088,1.3657480200320151
2,1.2662922714419267,1.3650311653964309
2,1.2668159241596446,1.3643142504579373
2,1.2673395768773625,1.3635972770584885
2,1.2678632295950805,1.362880247033445
2,1.2683868823127984,1.3621631622152108
2,1.2689105350305163,1.3614460244330076
2,1.2694341877482342,1.3607288355112814
2,1.2699578404659522,1.3600115972703861
2,1.27048149318367,1.3592943115263552
2,1.271005145901388,1.3585769800918115
2,1.271528798619106,1.3578596047755127
2,1.2720524513368239,1.3571421873814415
2,1.2725761040545418,1.3564247297092606
2,1.2730997567722597,1.355707233556359
2,1.2736234094899774,1.354989700714441
2,1.2741470622076954,1.3542721329711185
2,1.2746707149254133,1.3535545321108202
2,1.2751943676431312,1.3528368999141094
2,1.2757180203608491,1.3521192381567744
2,1.276241673078567,1.3514015486096014
2,1.276765325796285,1.350683833041785
2,1.277288978514003,1.3499660932163806
2,1.2778126312317208,1.349248330893488
2,1.2783362839494388,1.348530547828659
2,1.2788599366671567,1.3478127457731262
2,1.2793835893848746,1.3470949264744831
2,1.2799072421025925,1.3463770916766862
2,1.2804308948203105,1.3456592431184617
2,1.2809545475380284,1.3449413825348984
2,1.2814782002557463,1.344223511658356
2,1.2820018529734643,1.3435056322148284
2,1.2825255056911822,1.3427877459275805
2,1.2830491584089,1.3420698545151026
2,1.283572811126618,1.3413519596931565
2,1.284096463844336,1.3406340631722742
2,1.2846201165620539,1.3399161666584405
2,1.2851437692797718,1.3391982718549116
2,1.2856674219974897,1.338480380459714
2,1.2861910747152077,1.337762494168146
2,1.2867147274329256,1.3370446146693666
2,1.2872383801506435,1.3363267436493516
2,1.2877620328683614,1.3356088827913482
2,1.2882856855860794,1.3348910337724647
2,1.288809338303797,1.3341731982673082
2,1.289332991021515,1.3334553779448015
2,1.289856643739233,1.3327375744713663
2,1.2903802964569508,1.332019789508422
2,1.2909039491746688,1.3313020247132954
2,1.2914276018923867,1.3305842817387656
2,1.2919512546101046,1.3298665622348835
2,1.2924749073278226,1.329148867846925
2,1.2929985600455405,1.3284312002151637
2,1.2935222127632584,1.3277135609773723
2,1.2940458654809763,1.3269959517660936
2,1.2945695181986943,1.3262783742093234
2,1.2950931709164122,1.3255608299325559
2,1.29561682363413,1.324843320556056
2,1.296140476351848,1.3241258476957682
2,1.296664129069566,1.3234084129646817
2,1.2971877817872839,1.3226910179710103
2,1.2977114345050018,1.3219736643179658
2,1.2982350872227197,1.3212563536060316
2,1.2987587399404377,1.3205390874313707
2,1.2992823926581556,1.3198218673846895
2,1.2998060453758735,1.319104695054648
2,1.3003296980935914,1.318387572024676
2,1.3008533508113094,1.3176704998734294
2,1.3013770035290273,1.3169534801766076
2,1.3019006562467452,1.3162365145053627
2,1.3024243089644632,1.315519604426754
2,1.302947961682181,1.3148027515039757
2,1.3034716143998988,1.3140859572959016
2,1.3039952671176167,1.3133692233566308
2,1.3045189198353346,1.3126525512375338
2,1.3050425725530526,1.3119359424847516
2,1.3055662252707705,1.3112193986407874
2,1.3060898779884884,1.3105029212435966
2,1.3066135307062063,1.309786511827724
2,1.3071371834239243,1.3090701719238496
2,1.3076608361416422,1.308353903057423
2,1.3081844888593601,1.3076377067498015
2,1.308708141577078,1.306921584519614
2,1.309231794294796,1.306205537880487
2,1.309755447012514,1.3054895683412724
2,1.3102790997302318,1.3047736774080931
2,1.3108027524479497,1.3040578665822977
2,1.3113264051656677,1.3033421373613692
2,1.3118500578833856,1.3026264912380157
2,1.3123737106011035,1.3019109297015348
2,1.3128973633188215,1.3011954542373587
2,1.3134210160365394,1.3004800663256901
2,1.3139446687542573,1.2997647674440032
2,1.3144683214719752,1.2990495590647697
2,1.3149919741896932,1.298334442656369
2,1.315515626907411,1.2976194196837696
2,1.316039279625129,1.2969044916071653
2,1.316562932342847,1.2961896598835665
2,1.3170865850605649,1.2954749259647542
2,1.3176102377782828,1.294760291298644
2,1.3181338904960007,1.2940457573301956
2,1.3186575432137184,1.2933313254993664
2,1.3191811959314363,1.2926169972415664
2,1.3197048486491543,1.2919027739887952
2,1.3202285013668722,1.2911886571698687
2,1.3207521540845901,1.2904746482074643
2,1.321275806802308,1.2897607485217577
2,1.321799459520026,1.2890469595290597
2,1.322323112237744,1.288333282639769
2,1.3228467649554618,1.2876197192620111
2,1.3233704176731798,1.2869062707993635
2,1.3238940703908977,1.2861929386508564
2,1.3244177231086156,1.2854797242121094
2,1.3249413758263335,1.284766628874877
2,1.3254650285440515,1.2840536540259109
2,1.3259886812617694,1.2833408010483254
2,1.3265123339794873,1.2826280713213691
2,1.3270359866972052,1.2819154662206529
2,1.3275596394149232,1.2812029871165578
2,1.328083292132641,1.2804906353762817
2,1.328606944850359,1.2797784123631573
2,1.329130597568077,1.2790663194357421
2,1.3296542502857949,1.2783543579494108
2,1.3301779030035128,1.2776425292549902
2,1.3307015557212307,1.2769308346989874
2,1.3312252084389486,1.2762192756244986
2,1.3317488611566666,1.2755078533705273
2,1.3322725138743845,1.274796569271757
2,1.3327961665921024,1.2740854246587787
2,1.3333198193098201,1.2733744208589997
2,1.333843472027538,1.2726635591939157
2,1.334367124745256,1.2719528409838858
2,1.334890777462974,1.271242267542675
2,1.3354144301806918,1.2705318401813201
2,1.3359380828984098,1.2698215602069922
2,1.3364617356161277,1.2691114289220877
2,1.3369853883338456,1.2684014476249104
2,1.3375090410515635,1.267691617610808
2,1.3380326937692815,1.2669819401708082
2,1.3385563464869994,1.266272416591164
2,1.3390799992047173,1.2655630481549451
2,1.3396036519224352,1.2648538361413557
2,1.3401273046401532,1.2641447818250526
2,1.340650957357871,1.2634358864768274
2,1.341174610075589,1.262727151363606
2,1.341698262793307,1.2620185777484494
2,1.3422219155110249,1.2613101668905529
2,1.3427455682287428,1.260601920045474
2,1.3432692209464607,1.2598938384628582
2,1.3437928736641787,1.2591859233907599
2,1.3443165263818966,1.258478176073595
2,1.3448401790996145,1.2577705977489586
2,1.3453638318173324,1.2570631896521718
2,1.3458874845350504,1.2563559530160546
2,1.3464111372527683,1.2556488890670607
2,1.3469347899704862,1.2549419990282331
2,1.3474584426882041,1.2542352841207958
2,1.347982095405922,1.2535287455591515
2,1.3485057481236398,1.2528223845561115
2,1.3490294008413577,1.2521162023181205
2,1.3495530535590756,1.251410200050941
2,1.3500767062767935,1.2507043789530599
2,1.3506003589945115,1.2499987402211445
2,1.3511240117122294,1.2492932850484522
2,1.3516476644299473,1.2485880146221007
2,1.3521713171476653,1.2478829301264796
2,1.3526949698653832,1.2471780327432498
2,1.353218622583101,1.2464733236486154
2,1.353742275300819,1.2457688040151425
2,1.354265928018537,1.2450644750122137
2,1.3547895807362549,1.2443603378046646
2,1.3553132334539728,1.2436563935539198
2,1.3558368861716907,1.2429526434168565
2,1.3563605388894087,1.2422490885480784
2,1.3568841916071266,1.2415457300962771
2,1.3574078443248445,1.2408425692069613
2,1.3579314970425624,1.240139607023366
2,1.3584551497602804,1.2394368446823592
2,1.3589788024779983,1.2387342833192179
2,1.3595024551957162,1.2380319240642166
2,1.3600261079134341,1.2373297680435371
2,1.360549760631152,1.2366278163797233
2,1.36107341334887,1.2359260701923631
2,1.361597066066588,1.2352245305967244
2,1.3621207187843059,1.2345231987042098
2,1.3626443715020238,1.2338220756219016
2,1.3631680242197415,1.2331211624543812
2,1.3636916769374594,1.2324204603000908
2,1.3642153296551773,1.231719970255881
2,1.3647389823728953,1.2310196934154192
2,1.3652626350906132,1.230319630866461
2,1.3657862878083311,1.2296197836933516
2,1.366309940526049,1.228920152976798
2,1.366833593243767,1.2282207397952334
2,1.367357245961485,1.2275215452225439
2,1.3678808986792028,1.2268225703271582
2,1.3684045513969207,1.2261238161752317
2,1.3689282041146387,1.2254252838292814
2,1.3694518568323566,1.224726974348414
2,1.3699755095500745,1.2240288887867337
2,1.3704991622677924,1.2233310281958438
2,1.3710228149855104,1.2226333936223455
2,1.3715464677032283,1.2219359861105659
2,1.3720701204209462,1.22123880669983
2,1.3725937731386642,1.22054185642628
2,1.373117425856382,1.2198451363231015
2,1.3736410785741,1.2191486474180238
2,1.374164731291818,1.2184523907367293
2,1.3746883840095359,1.2177563673003533
2,1.3752120367272538,1.2170605781268478
2,1.3757356894449717,1.2163650242298445
2,1.3762593421626896,1.21566970661911
2,1.3767829948804076,1.2149746263025918
2,1.3773066475981255,1.2142797842830078
2,1.3778303003158434,1.2135851815580736
2,1.3783539530335611,1.2128908191241408
2,1.378877605751279,1.2121966979746048
2,1.379401258468997,1.2115028190967223
2,1.379924911186715,1.210809183474339
2,1.3804485639044328,1.2101157920901642
2,1.3809722166221507,1.2094226459200854
2,1.3814958693398687,1.208729745938399
2,1.3820195220575866,1.2080370931159905
2,1.3825431747753045,1.207344688418516
2,1.3830668274930225,1.2066525328091302
2,1.3835904802107404,1.2059606272468955
2,1.3841141329284583,1.2052689726883727
2,1.3846377856461762,1.2045775700848935
2,1.3851614383638942,1.2038864203843787
2,1.385685091081612,1.2031955245333847
2,1.38620874379933,1.2025048834723293
2,1.386732396517048,1.2018144981389014
2,1.3872560492347659,1.2011243694680616
2,1.3877797019524838,1.2004344983899955
2,1.3883033546702017,1.1997448858305688
2,1.3888270073879196,1.199055532714965
2,1.3893506601056376,1.1983664399635927
2,1.3898743128233555,1.197677608491631
2,1.3903979655410734,1.1969890392117577
2,1.3909216182587913,1.1963007330339224
2,1.3914452709765093,1.1956126908639817
2,1.3919689236942272,1.1949249136048365
2,1.3924925764119451,1.1942374021543856
2,1.3930162291296628,1.193550157408481
2,1.3935398818473808,1.1928631802588825
2,1.3940635345650987,1.1921764715943937
2,1.3945871872828166,1.1914900322983613
2,1.3951108400005345,1.1908038632527678
2,1.3956344927182525,1.1901179653364125
2,1.3961581454359704,1.1894323394224102
2,1.3966817981536883,1.1887469863829665
2,1.3972054508714062,1.1880619070839202
2,1.3977291035891242,1.1873771023906556
2,1.398252756306842,1.1866925731633273
2,1.39877640902456,1.1860083202582246
2,1.399300061742278,1.1853243445304997
2,1.3998237144599959,1.1846406468291661
2,1.4003473671777138,1.1839572280014181
2,1.4008710198954317,1.183274088890812
2,1.4013946726131497,1.1825912303370387
2,1.4019183253308676,1.1819086531763787
2,1.4024419780485855,1.181226358243066
2,1.4029656307663034,1.1805443463658776
2,1.4034892834840214,1.1798626183699525
2,1.4040129362017393,1.179181175081112
2,1.4045365889194572,1.1785000173179014
2,1.4050602416371751,1.1778191458950005
2,1.405583894354893,1.1771385616268617
2,1.406107547072611,1.1764582653224807
2,1.406631199790329,1.1757782577876696
2,1.4071548525080468,1.1750985398259672
2,1.4076785052257648,1.1744191122350003
2,1.4082021579434825,1.1737399758133051
2,1.4087258106612004,1.1730611313523696
2,1.4092494633789183,1.1723825796414076
2,1.4097731160966362,1.1717043214666774
2,1.4102967688143542,1.1710263576117086
2,1.410820421532072,1.1703486888550287
2,1.41134407424979,1.1696713159724368
2,1.411867726967508,1.1689942397383675
2,1.4123913796852259,1.1683174609206617
2,1.4129150324029438,1.1676409802864782
2,1.4134386851206617,1.1669647985997926
2,1.4139623378383797,1.166288916618214
2,1.4144859905560976,1.1656133350998061
2,1.4150096432738155,1.164938054797176
2,1.4155332959915334,1.1642630764602018
2,1.4160569487092514,1.1635884008364883
2,1.4165806014269693,1.1629140286684105
2,1.4171042541446872,1.1622399606958425
2,1.4176279068624051,1.1615661976570664
2,1.418151559580123,1.1608927402860445
2,1.418675212297841,1.1602195893117369
2,1.419198865015559,1.159546745462194
2,1.4197225177332768,1.1588742094620557
2,1.4202461704509948,1.1582019820316418
2,1.4207698231687127,1.1575300638894532
2,1.4212934758864306,1.1568584557487611
2,1.4218171286041486,1.1561871583214725
2,1.4223407813218665,1.155516172316993
2,1.4228644340395842,1.1548454984390446
2,1.423388086757302,1.154175137389302
2,1.42391173947502,1.1535050898680765
2,1.424435392192738,1.1528353565688576
2,1.4249590449104559,1.1521659381846803
2,1.4254826976281738,1.1514968354060784
2,1.4260063503458917,1.1508280489185836
2,1.4265300030636097,1.1501595794040895
2,1.4270536557813276,1.1494914275431256
2,1.4275773084990455,1.1488235940139475
2,1.4281009612167634,1.1481560794879897
2,1.4286246139344814,1.1474888846371414
2,1.4291482666521993,1.1468220101289717
2,1.4296719193699172,1.1461554566267296
2,1.4301955720876351,1.1454892247932094
2,1.430719224805353,1.144823315285521
2,1.431242877523071,1.1441577287598648
2,1.431766530240789,1.1434924658676664
2,1.4322901829585069,1.1428275272571682
2,1.4328138356762248,1.1421629135761577
2,1.4333374883939427,1.141498625467193
2,1.4338611411116606,1.1408346635694215
2,1.4343847938293786,1.140171028520399
2,1.4349084465470965,1.1395077209531337
2,1.4354320992648144,1.138844741498815
2,1.4359557519825323,1.1381820907865858
2,1.4364794047002503,1.1375197694399048
2,1.4370030574179682,1.1368577780810938
2,1.437526710135686,1.1361961173292912
2,1.4380503628534038,1.1355347877988606
2,1.4385740155711217,1.134873790104166
2,1.4390976682888397,1.1342131248552505
2,1.4396213210065576,1.1335527926582927
2,1.4401449737242755,1.132892794117879
2,1.4406686264419934,1.1322331298347308
2,1.4411922791597114,1.1315738004066134
2,1.4417159318774293,1.1309148064294732
2,1.4422395845951472,1.1302561484949365
2,1.4427632373128652,1.1295978271919012
2,1.443286890030583,1.1289398431076734
2,1.443810542748301,1.1282821968252392
2,1.444334195466019,1.1276248889250837
2,1.4448578481837369,1.1269679199856455
2,1.4453815009014548,1.1263112905799062
2,1.4459051536191727,1.1256550012803928
2,1.4464288063368906,1.124999052657813
2,1.4469524590546086,1.1243434452758265
2,1.4474761117723265,1.1236881796992293
2,1.4479997644900444,1.1230332564884975
2,1.4485234172077623,1.1223786761988777
2,1.4490470699254803,1.1217244393869805
2,1.4495707226431982,1.1210705466048694
2,1.4500943753609161,1.1204169984007422
2,1.450618028078634,1.1197637953202957
2,1.451141680796352,1.1191109379074078
2,1.45166533351407,1.1184584267034552
2,1.4521889862317878,1.1178062622443576
2,1.4527126389495055,1.1171544450653528
2,1.4532362916672235,1.1165029756991771
2,1.4537599443849414,1.1158518546756113
2,1.4542835971026593,1.1152010825198886
2,1.4548072498203772,1.1145506597556505
2,1.4553309025380952,1.1139005869047196
2,1.455854555255813,1.113250864484371
2,1.456378207973531,1.1126014930109704
2,1.456901860691249,1.111952472997018
2,1.4574255134089669,1.1113038049516035
2,1.4579491661266848,1.1106554893831344
2,1.4584728188444027,1.1100075267938792
2,1.4589964715621206,1.1093599176870157
2,1.4595201242798386,1.1087126625616293
2,1.4600437769975565,1.1080657619138492
2,1.4605674297152744,1.1074192162370764
2,1.4610910824329923,1.1067730260213011
2,1.4616147351507103,1.106127191756059
2,1.4621383878684282,1.1054817139256556
2,1.4626620405861461,1.1048365930137152
2,1.463185693303864,1.1041918294997686
2,1.463709346021582,1.1035474238613006
2,1.4642329987393,1.1029033765732947
2,1.4647566514570178,1.1022596881070967
2,1.4652803041747358,1.1016163589329153
2,1.4658039568924537,1.1009733895175486
2,1.4663276096101716,1.1003307803243842
2,1.4668512623278895,1.0996885318154455
2,1.4673749150456072,1.0990466444495723
2,1.4678985677633252,1.0984051186828765
2,1.468422220481043,1.0977639549691958
2,1.468945873198761,1.0971231537591848
2,1.469469525916479,1.0964827155016792
2,1.4699931786341969,1.0958426406427861
2,1.4705168313519148,1.0952029296249748
2,1.4710404840696327,1.0945635828888953
2,1.4715641367873507,1.093924600873379
2,1.4720877895050686,1.0932859840136189
2,1.4726114422227865,1.0926477327420798
2,1.4731350949405044,1.0920098474898623
2,1.4736587476582224,1.0913723286844288
2,1.4741824003759403,1.0907351767514228
2,1.4747060530936582,1.0900983921133047
2,1.4752297058113761,1.089461975190261
2,1.475753358529094,1.0888259263997497
2,1.476277011246812,1.0881902461565005
2,1.47680066396453,1.087554934875243
2,1.4773243166822478,1.0869199929657043
2,1.4778479693999658,1.0862854208330646
2,1.4783716221176837,1.0856512188843226
2,1.4788952748354016,1.0850173875228393
2,1.4794189275531195,1.0843839271469733
2,1.4799425802708375,1.0837508381559928
2,1.4804662329885554,1.0831181209446186
2,1.4809898857062733,1.0824857759052975
2,1.4815135384239912,1.0818538034286576
2,1.4820371911417092,1.081222203903053
2,1.4825608438594269,1.0805909777136549
2,1.4830844965771448,1.0799601252429056
2,1.4836081492948627,1.0793296468718836
2,1.4841318020125807,1.0786995429793933
2,1.4846554547302986,1.0780698139401466
2,1.4851791074480165,1.0774404601270362
2,1.4857027601657344,1.0768114819120456
2,1.4862264128834524,1.0761828796644295
2,1.4867500656011703,1.0755546537484406
2,1.4872737183188882,1.0749268045283316
2,1.4877973710366061,1.074299332366536
2,1.488321023754324,1.0736722376213947
2,1.488844676472042,1.0730455206498846
2,1.48936832918976,1.0724191818048894
2,1.4898919819074778,1.0717932214397479
2,1.4904156346251958,1.071167639903706
2,1.4909392873429137,1.0705424375432813
2,1.4914629400606316,1.0699176147045364
2,1.4919865927783496,1.0692931717298961
2,1.4925102454960675,1.0686691089581473
2,1.4930338982137854,1.0680454267285313
2,1.4935575509315033,1.0674221253766518
2,1.4940812036492213,1.0667992052344744
2,1.4946048563669392,1.066176666634874
2,1.495128509084657,1.0655545099057235
2,1.495652161802375,1.0649327353735316
2,1.496175814520093,1.0643113433611688
2,1.4966994672378109,1.0636903341919606
2,1.4972231199555286,1.0630697081865037
2,1.4977467726732465,1.0624494656590286
2,1.4982704253909644,1.0618296069274038
2,1.4987940781086824,1.0612101323026764
2,1.4993177308264003,1.060591042096803
2,1.4998413835441182,1.0599723366176477
2,1.5003650362618361,1.059354016169891
2,1.500888688979554,1.058736081060033
2,1.501412341697272,1.0581185315882067
2,1.50193599441499,1.0575013680536358
2,1.5024596471327079,1.0568845907546347
2,1.5029832998504258,1.0562681999849701
2,1.5035069525681437,1.0556521960388636
2,1.5040306052858616,1.0550365792059893
2,1.5045542580035796,1.0544213497746568
2,1.5050779107212975,1.0538065080322667
2,1.5056015634390154,1.0531920542625812
2,1.5061252161567333,1.052577988747089
2,1.5066488688744513,1.0519643117650048
2,1.5071725215921692,1.0513510235955437
2,1.5076961743098871,1.0507381245147371
2,1.508219827027605,1.0501256147936147
2,1.508743479745323,1.0495134947041151
2,1.509267132463041,1.0489017645168133
2,1.5097907851807588,1.0482904244972815
2,1.5103144378984767,1.0476794749110923
2,1.5108380906161947,1.0470689160210895
2,1.5113617433339126,1.0464587480873888
2,1.5118853960516305,1.0458489713687413
2,1.5124090487693482,1.0452395861216246
2,1.5129327014870662,1.0446305926006971
2,1.513456354204784,1.044021991057889
2,1.513980006922502,1.0434137817442206
2,1.51450365964022,1.0428059649075294
2,1.5150273123579379,1.042198540793379
2,1.5155509650756558,1.0415915096455137
2,1.5160746177933737,1.040984871706769
2,1.5165982705110916,1.0403786272181605
2,1.5171219232288096,1.0397727764157025
2,1.5176455759465275,1.0391673195358635
2,1.5181692286642454,1.038562256813293
2,1.5186928813819633,1.0379575884785481
2,1.5192165340996813,1.0373533147621856
2,1.5197401868173992,1.0367494358915792
2,1.5202638395351171,1.0361459520936478
2,1.520787492252835,1.035542863592127
2,1.521311144970553,1.0349401706071149
2,1.521834797688271,1.034337873360073
2,1.5223584504059888,1.0337359720692803
2,1.5228821031237068,1.0331344669489226
2,1.5234057558414247,1.0325333582131861
2,1.5239294085591426,1.031932646075802
2,1.5244530612768605,1.0313323307450446
2,1.5249767139945785,1.0307324124296429
2,1.5255003667122964,1.0301328913365069
2,1.5260240194300143,1.0295337676679992
2,1.5265476721477322,1.0289350416278467
2,1.52707132486545,1.028336713416138
2,1.5275949775831679,1.027738783229779
2,1.5281186303008858,1.0271412512684037
2,1.5286422830186037,1.0265441177239154
2,1.5291659357363216,1.025947382789127
2,1.5296895884540396,1.0253510466568514
2,1.5302132411717575,1.0247551095144445
2,1.5307368938894754,1.024159571547898
2,1.5312605466071934,1.0235644329445677
2,1.5317841993249113,1.0229696938863526
2,1.5323078520426292,1.022375354554697
2,1.5328315047603471,1.0217814151301354
2,1.533355157478065,1.0211878757900195
2,1.533878810195783,1.020594736708972
2,1.534402462913501,1.0200019980611614
2,1.5349261156312188,1.019409660020301
2,1.5354497683489368,1.0188177227551023
2,1.5359734210666547,1.018226186434731
2,1.5364970737843726,1.0176350512265344
2,1.5370207265020905,1.017044317293312
2,1.5375443792198085,1.0164539847987726
2,1.5380680319375264,1.015864053905716
2,1.5385916846552443,1.0152745247723942
2,1.5391153373729622,1.014685397555695
2,1.5396389900906802,1.0140966724129612
2,1.540162642808398,1.0135083494969876
2,1.540686295526116,1.01292042895966
2,1.541209948243834,1.012332910952864
2,1.5417336009615517,1.0117457956262115
2,1.5422572536792696,1.0111590831229478
2,1.5427809063969875,1.0105727735913206
2,1.5433045591147054,1.0099868671741206
2,1.5438282118324234,1.0094013640118646
2,1.5443518645501413,1.008816264246434
2,1.5448755172678592,1.0082315680147076
2,1.5453991699855771,1.0076472754531096
2,1.545922822703295,1.0070633866976095
2,1.546446475421013,1.006479901880084
2,1.546970128138731,1.0058968211319552
2,1.5474937808564488,1.0053141445837355
2,1.5480174335741668,1.0047318723622993
2,1.5485410862918847,1.0041500045940666
2,1.5490647390096026,1.0035685414045474
2,1.5495883917273205,1.0029874829156142
2,1.5501120444450385,1.0024068292486845
2,1.5506356971627564,1.0018265805233568
2,1.5511593498804743,1.0012467368574107
2,1.5516830025981923,1.0006672983668068
2,1.5522066553159102,1.000088265166596
2,1.552730308033628,0.9995096373691013
2,1.553253960751346,0.9989314150852806
2,1.553777613469064,0.9983535984256378
2,1.5543012661867819,0.9977761874979478
2,1.5548249189044998,0.9971991824077122
2,1.5553485716222177,0.9966225832595228
2,1.5558722243399357,0.9960463901575167
2,1.5563958770576536,0.9954706032031027
2,1.5569195297753713,0.994895222494506
2,1.5574431824930892,0.9943202481313165
2,1.5579668352108071,0.9937456802103952
2,1.558490487928525,0.993171518825875
2,1.559014140646243,0.9925977640709789
2,1.559537793363961,0.9920244160384755
2,1.5600614460816788,0.9914514748184047
2,1.5605850987993968,0.9908789404989875
2,1.5611087515171147,0.9903068131684449
2,1.5616324042348326,0.98973509291136
2,1.5621560569525506,0.9891637798109514
2,1.5626797096702685,0.9885928739508927
2,1.5632033623879864,0.9880223754130384
2,1.5637270151057043,0.9874522842746956
2,1.5642506678234223,0.9868826006145355
2,1.5647743205411402,0.9863133245094104
2,1.565297973258858,0.9857444560334443
2,1.565821625976576,0.9851759952598513
2,1.566345278694294,0.9846079422604817
2,1.566868931412012,0.9840402971049116
2,1.5673925841297298,0.9834730598631722
2,1.5679162368474477,0.982906230603021
2,1.5684398895651657,0.9823398093872129
2,1.5689635422828836,0.9817737962816864
2,1.5694871950006015,0.9812081913505608
2,1.5700108477183194,0.9806429946534081
2,1.5705345004360374,0.9800782062498001
2,1.5710581531537553,0.9795138261988541
2,1.571581805871473,0.9789498545578681
2,1.572105458589191,0.9783862913805024
2,1.5726291113069089,0.9778231367217813
2,1.5731527640246268,0.9772603906340009
2,1.5736764167423447,0.9766980531690024
2,1.5742000694600626,0.9761361243749889
2,1.5747237221777806,0.9755746043010731
2,1.5752473748954985,0.9750134929936394
2,1.5757710276132164,0.9744527904977076
2,1.5762946803309343,0.9738924968578431
2,1.5768183330486523,0.9733326121158825
2,1.5773419857663702,0.9727731363132079
2,1.5778656384840881,0.9722140694893824
2,1.578389291201806,0.9716554116821499
2,1.578912943919524,0.9710971629287997
2,1.579436596637242,0.9705393232652568
2,1.5799602493549598,0.9699818927247179
2,1.5804839020726777,0.9694248713403795
2,1.5810075547903957,0.9688682591436191
2,1.5815312075081136,0.9683120561639953
2,1.5820548602258315,0.9677562624301572
2,1.5825785129435495,0.9672008779693897
2,1.5831021656612674,0.9666459028071586
2,1.5836258183789853,0.9660913369689297
2,1.5841494710967032,0.9655371804769857
2,1.5846731238144212,0.9649834333526996
2,1.585196776532139,0.9644300956178995
2,1.585720429249857,0.9638771672907751
2,1.586244081967575,0.9633246483886069
2,1.5867677346852926,0.9627725389300394
2,1.5872913874030106,0.962220838927351
2,1.5878150401207285,0.9616695483960029
2,1.5883386928384464,0.9611186673496377
2,1.5888623455561643,0.9605681957968955
2,1.5893859982738823,0.9600181337491449
2,1.5899096509916002,0.9594684812150263
2,1.5904333037093181,0.958919238200906
2,1.590956956427036,0.95837040471406
2,1.591480609144754,0.957821980758581
2,1.592004261862472,0.9572739663385619
2,1.5925279145801898,0.956726361454912
2,1.5930515672979078,0.956179166109905
2,1.5935752200156257,0.9556323803030864
2,1.5940988727333436,0.9550860040321822
2,1.5946225254510615,0.9545400372944641
2,1.5951461781687795,0.9539944800853846
2,1.5956698308864974,0.9534493324022151
2,1.5961934836042153,0.952904594235406
2,1.5967171363219332,0.9523602655772265
2,1.5972407890396512,0.9518163464204008
2,1.597764441757369,0.9512728367540149
2,1.598288094475087,0.9507297365671548
2,1.598811747192805,0.9501870458457233
2,1.5993353999105229,0.9496447645756234
2,1.5998590526282408,0.9491028927427578
2,1.6003827053459587,0.9485614303316652
2,1.6009063580636766,0.9480203773227913
2,1.6014300107813944,0.9474797336988559
2,1.6019536634991123,0.9469394994389404
2,1.6024773162168302,0.9463996745230361
2,1.6030009689345481,0.9458602589279508
2,1.603524621652266,0.9453212526304924
2,1.604048274369984,0.9447826556056498
2,1.604571927087702,0.9442444678279571
2,1.6050955798054198,0.9437066892710391
2,1.6056192325231378,0.9431693199057918
2,1.6061428852408557,0.9426323597031114
2,1.6066665379585736,0.9420958086329847
2,1.6071901906762915,0.941559666664034
2,1.6077138433940095,0.9410239337626081
2,1.6082374961117274,0.9404886098950556
2,1.6087611488294453,0.9399536950268157
2,1.6092848015471632,0.9394191891210539
2,1.6098084542648812,0.9388850921409357
2,1.610332106982599,0.9383514040496266
2,1.610855759700317,0.9378181248052897
2,1.611379412418035,0.9372852543669978
2,1.6119030651357529,0.936752792695188
2,1.6124267178534708,0.9362207397462043
2,1.6129503705711887,0.9356890954754817
2,1.6134740232889067,0.9351578598389096
2,1.6139976760066246,0.9346270327901038
2,1.6145213287243425,0.9340966142804064
2,1.6150449814420604,0.9335666042629782
2,1.6155686341597784,0.9330370026887067
2,1.6160922868774963,0.9325078095075696
2,1.616615939595214,0.9319790246663615
2,1.617139592312932,0.9314506481127864
2,1.6176632450306498,0.9309226797945485
2,1.6181868977483678,0.9303951196557136
2,1.6187105504660857,0.9298679676412576
2,1.6192342031838036,0.9293412236943368
2,1.6197578559015215,0.9288148877567437
2,1.6202815086192395,0.9282889597684516
2,1.6208051613369574,0.9277634396717076
2,1.6213288140546753,0.9272383274060303
2,1.6218524667723933,0.9267136229063908
2,1.6223761194901112,0.9261893261113983
2,1.622899772207829,0.9256654369578428
2,1.623423424925547,0.9251419553793312
2,1.623947077643265,0.9246188813108347
2,1.6244707303609829,0.9240962146845959
2,1.6249943830787008,0.9235739554324027
2,1.6255180357964187,0.923052103486043
2,1.6260416885141367,0.9225306587745763
2,1.6265653412318546,0.9220096212275166
2,1.6270889939495725,0.9214889907725592
2,1.6276126466672904,0.9209687673364897
2,1.6281362993850084,0.920448950845639
2,1.6286599521027263,0.919929541224974
2,1.6291836048204442,0.9194105383976421
2,1.6297072575381621,0.9188919422877007
2,1.63023091025588,0.9183737528178426
2,1.630754562973598,0.9178559699066682
2,1.6312782156913157,0.9173385934782345
2,1.6318018684090336,0.9168216234488682
2,1.6323255211267516,0.9163050597367146
2,1.6328491738444695,0.9157889022599193
2,1.6333728265621874,0.9152731509352634
2,1.6338964792799053,0.914757805678164
2,1.6344201319976233,0.9142428664017643
2,1.6349437847153412,0.9137283330210266
2,1.6354674374330591,0.9132142054490942
2,1.635991090150777,0.9127004835963817
2,1.636514742868495,0.9121871673737587
2,1.637038395586213,0.91167425669164
2,1.6375620483039308,0.9111617514586214
2,1.6380857010216487,0.9106496515828439
2,1.6386093537393667,0.9101379569729033
2,1.6391330064570846,0.9096266675333027
2,1.6396566591748025,0.9091157831694545
2,1.6401803118925204,0.9086053037863167
2,1.6407039646102384,0.9080952292879374
2,1.6412276173279563,0.9075855595770008
2,1.6417512700456742,0.907076294554372
2,1.6422749227633922,0.906567434120916
2,1.64279857548111,0.9060589781788622
2,1.643322228198828,0.9055509266258923
2,1.643845880916546,0.9050432793592336
2,1.6443695336342639,0.9045360362783867
2,1.6448931863519818,0.90402919727876
2,1.6454168390696997,0.9035227622566708
2,1.6459404917874176,0.903016731106618
2,1.6464641445051353,0.9025111037231
2,1.6469877972228533,0.9020058799992512
2,1.6475114499405712,0.9015010598272966
2,1.6480351026582891,0.9009966430980967
2,1.648558755376007,0.9004926297038764
2,1.649082408093725,0.8999890195341322
2,1.649606060811443,0.8994858124765415
2,1.6501297135291608,0.8989830084206005
2,1.6506533662468788,0.8984806072535321
2,1.6511770189645967,0.8979786088616493
2,1.6517006716823146,0.8974770131308105
2,1.6522243244000325,0.8969758199459648
2,1.6527479771177505,0.8964750291920609
2,1.6532716298354684,0.8959746407513194
2,1.6537952825531863,0.8954746545064154
2,1.6543189352709042,0.8949750703400241
2,1.6548425879886222,0.8944758881330017
2,1.65536624070634,0.8939771077639307
2,1.655889893424058,0.8934787291136672
2,1.656413546141776,0.8929807520612485
2,1.6569371988594939,0.892483176483438
2,1.6574608515772118,0.891986002257454
2,1.6579845042949297,0.8914892292600598
2,1.6585081570126476,0.8909928573671095
2,1.6590318097303656,0.8904968864530929
2,1.6595554624480835,0.8900013163902258
2,1.6600791151658014,0.8895061470534529
2,1.6606027678835193,0.8890113783163542
2,1.661126420601237,0.8885170100488722
2,1.661650073318955,0.8880230421223132
2,1.662173726036673,0.8875294744079838
2,1.6626973787543908,0.887036306774462
2,1.6632210314721088,0.8865435390903258
2,1.6637446841898267,0.8860511712236985
2,1.6642683369075446,0.8855592030427033
2,1.6647919896252625,0.8850676344131898
2,1.6653156423429805,0.8845764652010075
2,1.6658392950606984,0.8840856952724607
2,1.6663629477784163,0.8835953244906705
2,1.6668866004961342,0.8831053527187578
2,1.6674102532138522,0.8826157798216627
2,1.66793390593157,0.8821266056606873
2,1.668457558649288,0.8816378300975884
2,1.668981211367006,0.8811494529927586
2,1.6695048640847239,0.8806614742061356
2,1.6700285168024418,0.8801738935990215
2,1.6705521695201597,0.8796867110286257
2,1.6710758222378777,0.8791999263526122
2,1.6715994749555956,0.8787135394309189
2,1.6721231276733135,0.8782275501180266
2,1.6726467803910314,0.8777419582697803
2,1.6731704331087494,0.8772567637429347
2,1.6736940858264673,0.8767719663924254
2,1.6742177385441852,0.8762875660713689
2,1.6747413912619031,0.8758035626319725
2,1.675265043979621,0.8753199559296263
2,1.675788696697339,0.8748367458151733
2,1.6763123494150567,0.8743539321399112
2,1.6768360021327746,0.873871514754228
2,1.6773596548504925,0.8733894935089666
2,1.6778833075682105,0.8729078682531508
2,1.6784069602859284,0.8724266388362594
2,1.6789306130036463,0.8719458051054971
2,1.6794542657213642,0.8714653669085237
2,1.6799779184390822,0.8709853240929988
2,1.6805015711568,0.8705056765052177
2,1.681025223874518,0.8700264239896569
2,1.681548876592236,0.869547566392157
2,1.6820725293099539,0.8690691035571945
2,1.6825961820276718,0.8685910353278814
2,1.6831198347453897,0.8681133615482395
2,1.6836434874631077,0.8676360820600166
2,1.6841671401808256,0.8671591967058703
2,1.6846907928985435,0.8666827053266388
2,1.6852144456162614,0.8662066077631607
2,1.6857380983339794,0.8657309038553649
2,1.6862617510516973,0.8652555934422708
2,1.6867854037694152,0.8647806763647168
2,1.6873090564871331,0.8643061524599034
2,1.687832709204851,0.8638320215641215
2,1.688356361922569,0.8633582835163907
2,1.688880014640287,0.8628849381530017
2,1.6894036673580048,0.8624119853093362
2,1.6899273200757228,0.8619394248207755
2,1.6904509727934407,0.8614672565231558
2,1.6909746255111584,0.8609954802491302
2,1.6914982782288763,0.8605240958345348
2,1.6920219309465943,0.8600531031102037
2,1.6925455836643122,0.8595825019092445
2,1.69306923638203,0.8591122920647649
2,1.693592889099748,0.8586424734080538
2,1.694116541817466,0.8581730457690355
2,1.6946401945351839,0.8577040089776347
2,1.6951638472529018,0.8572353628660494
2,1.6956874999706197,0.8567671072605663
2,1.6962111526883377,0.8562992419911097
2,1.6967348054060556,0.8558317668866948
2,1.6972584581237735,0.8553646817731533
2,1.6977821108414914,0.8548979864790454
2,1.6983057635592094,0.8544316808311123
2,1.6988294162769273,0.8539657646533669
2,1.6993530689946452,0.8535002377720957
2,1.6998767217123631,0.8530351000135852
2,1.700400374430081,0.8525703512013934
2,1.700924027147799,0.8521059911590783
2,1.701447679865517,0.8516420197097432
2,1.7019713325832349,0.8511784366769461
2,1.7024949853009528,0.850715241882881
2,1.7030186380186707,0.8502524351492866
2,1.7035422907363886,0.8497900162974474
2,1.7040659434541066,0.8493279851486477
2,1.7045895961718245,0.8488663415228075
2,1.7051132488895424,0.8484050852389373
2,1.7056369016072601,0.8479442161178667
2,1.706160554324978,0.8474837339781516
2,1.706684207042696,0.8470236386378929
2,1.707207859760414,0.8465639299142822
2,1.7077315124781318,0.8461046076254206
2,1.7082551651958497,0.8456456715880449
2,1.7087788179135677,0.8451871216184372
2,1.7093024706312856,0.8447289575328796
2,1.7098261233490035,0.8442711791467445
2,1.7103497760667215,0.8438137862740405
2,1.7108734287844394,0.8433567787310494
2,1.7113970815021573,0.842900156331325
2,1.7119207342198752,0.842443918886147
2,1.7124443869375932,0.8419880662113428
2,1.712968039655311,0.8415325981200112
2,1.713491692373029,0.8410775144216132
2,1.714015345090747,0.8406228149297021
2,1.7145389978084649,0.840168499455558
2,1.7150626505261828,0.839714567810006
2,1.7155863032439007,0.839261019802052
2,1.7161099559616186,0.8388078552429761
2,1.7166336086793366,0.8383550739431485
2,1.7171572613970545,0.8379026757097563
2,1.7176809141147724,0.8374506603518057
2,1.7182045668324903,0.8369990276778481
2,1.7187282195502083,0.8365477774968895
2,1.7192518722679262,0.8360969096138433
2,1.7197755249856441,0.835646423837261
2,1.720299177703362,0.8351963199738748
2,1.7208228304210798,0.8347465978281434
2,1.7213464831387977,0.8342972572067993
2,1.7218701358565156,0.8338482979156652
2,1.7223937885742335,0.8333997197582903
2,1.7229174412919515,0.8329515225386785
2,1.7234410940096694,0.8325037060626528
2,1.7239647467273873,0.8320562701328527
2,1.7244883994451052,0.8316092145519178
2,1.7250120521628232,0.8311625391229427
2,1.725535704880541,0.8307162436494764
2,1.726059357598259,0.8302703279323396
2,1.726583010315977,0.8298247917723529
2,1.7271066630336949,0.8293796349712466
2,1.7276303157514128,0.8289348573302959
2,1.7281539684691307,0.8284904586503217
2,1.7286776211868486,0.8280464387303255
2,1.7292012739045666,0.8276027973706732
2,1.7297249266222845,0.8271595343699119
2,1.7302485793400024,0.8267166495265883
2,1.7307722320577204,0.8262741426406137
2,1.7312958847754383,0.825832013508716
2,1.7318195374931562,0.8253902619285327
2,1.7323431902108741,0.8249488876986106
2,1.732866842928592,0.8245078906156778
2,1.73339049564631,0.8240672704755525
2,1.733914148364028,0.8236270270749628
2,1.7344378010817458,0.8231871602097272
2,1.7349614537994638,0.8227476696747544
2,1.7354851065171815,0.8223085552667726
2,1.7360087592348994,0.8218698167797811
2,1.7365324119526173,0.8214314540073246
2,1.7370560646703352,0.8209934667438574
2,1.7375797173880532,0.8205558547847431
2,1.738103370105771,0.8201186179217075
2,1.738627022823489,0.8196817559478404
2,1.739150675541207,0.8192452686566867
2,1.7396743282589249,0.8188091558404267
2,1.7401979809766428,0.8183734172907862
2,1.7407216336943607,0.8179380527994908
2,1.7412452864120787,0.8175030621578117
2,1.7417689391297966,0.8170684451574743
2,1.7422925918475145,0.8166342015883856
2,1.7428162445652324,0.8162003312413617
2,1.7433398972829504,0.8157668339067641
2,1.7438635500006683,0.8153337093731352
2,1.7443872027183862,0.8149009574303818
2,1.7449108554361041,0.8144685778679559
2,1.745434508153822,0.8140365704753094
2,1.74595816087154,0.8136049350396206
2,1.746481813589258,0.813173671349432
2,1.7470054663069758,0.8127427791923765
2,1.7475291190246938,0.8123122583560871
2,1.7480527717424117,0.8118821086286516
2,1.7485764244601296,0.811452329795884
2,1.7491000771778475,0.8110229216435982
2,1.7496237298955655,0.8105938839603368
2,1.7501473826132834,0.8101652165310043
2,1.750671035331001,0.8097369191409598
2,1.751194688048719,0.8093089915760174
2,1.751718340766437,0.8088814336210817
2,1.7522419934841549,0.8084542450606023
2,1.7527656462018728,0.8080274256803932
2,1.7532892989195907,0.80760097526354
2,1.7538129516373087,0.8071748935944925
2,1.7543366043550266,0.806749180456336
2,1.7548602570727445,0.806323835632611
2,1.7553839097904624,0.8058988589077671
2,1.7559075625081804,0.8054742500630709
2,1.7564312152258983,0.8050500088816079
2,1.7569548679436162,0.8046261351455541
2,1.7574785206613341,0.8042026286370856
2,1.758002173379052,0.8037794891374688
2,1.75852582609677,0.8033567164288797
2,1.759049478814488,0.8029343102930397
2,1.7595731315322058,0.8025122705093963
2,1.7600967842499238,0.802090596859216
2,1.7606204369676417,0.8016692891237653
2,1.7611440896853596,0.8012483470815823
2,1.7616677424030776,0.8008277705139335
2,1.7621913951207955,0.8004075592002664
2,1.7627150478385134,0.7999877129186643
2,1.7632387005562313,0.7995682314503938
2,1.7637623532739493,0.7991491145735381
2,1.7642860059916672,0.7987303620657258
2,1.764809658709385,0.7983119737064044
2,1.7653333114271028,0.797893949274112
2,1.7658569641448207,0.7974762885451128
2,1.7663806168625387,0.7970589912983996
2,1.7669042695802566,0.7966420573125106
2,1.7674279222979745,0.7962254863623457
2,1.7679515750156924,0.795809278224624
2,1.7684752277334104,0.7953934326783383
2,1.7689988804511283,0.7949779494997529
2,1.7695225331688462,0.794562828463313
2,1.7700461858865641,0.7941480693461926
2,1.770569838604282,0.7937336719242012
2,1.771093491322,0.7933196359731483
2,1.771617144039718,0.7929059612679339
2,1.7721407967574359,0.7924926475834582
2,1.7726644494751538,0.7920796946955306
2,1.7731881021928717,0.7916671023785966
2,1.7737117549105896,0.7912548704075562
2,1.7742354076283076,0.7908429985554903
2,1.7747590603460255,0.7904314865963897
2,1.7752827130637434,0.7900203343065186
2,1.7758063657814613,0.7896095414566844
2,1.7763300184991793,0.7891991078213323
2,1.7768536712168972,0.7887890331753624
2,1.7773773239346151,0.7883793172895821
2,1.777900976652333,0.7879699599379819
2,1.778424629370051,0.7875609608927334
2,1.778948282087769,0.7871523199260082
2,1.7794719348054868,0.7867440368108873
2,1.7799955875232047,0.7863361113195424
2,1.7805192402409225,0.7859285432227807
2,1.7810428929586404,0.7855213322927739
2,1.7815665456763583,0.7851144783016935
2,1.7820901983940762,0.7847079810194373
2,1.7826138511117942,0.7843018402177222
2,1.783137503829512,0.7838960556687198
2,1.78366115654723,0.7834906271414184
2,1.784184809264948,0.78308555440708
2,1.7847084619826659,0.7826808372365122
2,1.7852321147003838,0.782276475398703
2,1.7857557674181017,0.78187246866446
2,1.7862794201358196,0.7814688168032262
2,1.7868030728535376,0.7810655195853542
2,1.7873267255712555,0.7806625767811965
2,1.7878503782889734,0.7802599881579226
2,1.7883740310066913,0.7798577534849755
2,1.7888976837244093,0.7794558725331626
2,1.7894213364421272,0.7790543450691985
2,1.7899449891598451,0.7786531708625262
2,1.790468641877563,0.7782523496834983
2,1.790992294595281,0.7778518812974653
2,1.791515947312999,0.7774517654738702
2,1.7920396000307168,0.7770520019812466
2,1.7925632527484348,0.7766525905863091
2,1.7930869054661527,0.7762535310580461
2,1.7936105581838706,0.7758548231636269
2,1.7941342109015885,0.7754564666697661
2,1.7946578636193065,0.7750584613436331
2,1.7951815163370242,0.7746608069542162
2,1.795705169054742,0.7742635032664111
2,1.79622882177246,0.7738665500473871
2,1.796752474490178,0.7734699470643136
2,1.7972761272078959,0.7730736940829956
2,1.7977997799256138,0.7726777908715121
2,1.7983234326433317,0.7722822371943039
2,1.7988470853610496,0.7718870328176308
2,1.7993707380787676,0.7714921775082075
2,1.7998943907964855,0.7710976710313844
2,1.8004180435142034,0.7707035131534212
2,1.8009416962319214,0.7703097036396684
2,1.8014653489496393,0.7699162422545669
2,1.8019890016673572,0.7695231287643765
2,1.8025126543850751,0.7691303629344475
2,1.803036307102793,0.7687379445287661
2,1.803559959820511,0.7683458733131374
2,1.804083612538229,0.7679541490524571
2,1.8046072652559468,0.7675627715107112
2,1.8051309179736648,0.7671717404523406
2,1.8056545706913827,0.766781055642241
2,1.8061782234091006,0.7663907168448532
2,1.8067018761268185,0.7660007238241633
2,1.8072255288445365,0.7656110763446122
2,1.8077491815622544,0.7652217741697314
2,1.8082728342799723,0.7648328170621426
2,1.8087964869976902,0.7644442047871962
2,1.8093201397154082,0.7640559371084237
2,1.8098437924331259,0.7636680137893563
2,1.8103674451508438,0.7632804345926161
2,1.8108910978685617,0.7628931992817343
2,1.8114147505862797,0.7625063076202423
2,1.8119384033039976,0.762119759370762
2,1.8124620560217155,0.7617335542963701
2,1.8129857087394334,0.7613476921605979
2,1.8135093614571514,0.7609621727256126
2,1.8140330141748693,0.7605769957544908
2,1.8145566668925872,0.7601921610084901
2,1.8150803196103051,0.7598076682515966
2,1.815603972328023,0.7594235172464323
2,1.816127625045741,0.7590397077528905
2,1.816651277763459,0.7586562395358669
2,1.8171749304811768,0.7582731123566191
2,1.8176985831988948,0.7578903259768595
2,1.8182222359166127,0.7575078801583004
2,1.8187458886343306,0.7571257746621995
2,1.8192695413520485,0.756744009252543
2,1.8197931940697665,0.7563625836901338
2,1.8203168467874844,0.7559814977348651
2,1.8208404995052023,0.7556007511489042
2,1.8213641522229203,0.7552203436953278
2,1.8218878049406382,0.7548402751344838
2,1.822411457658356,0.7544605452267206
2,1.822935110376074,0.7540811537346599
2,1.823458763093792,0.7537021004186499
2,1.8239824158115099,0.7533233850390388
2,1.8245060685292278,0.7529450073584485
2,1.8250297212469455,0.752566967137227
2,1.8255533739646634,0.7521892641343584
2,1.8260770266823814,0.7518118981129192
2,1.8266006794000993,0.7514348688337122
2,1.8271243321178172,0.7510581760557216
2,1.8276479848355351,0.7506818195392952
2,1.828171637553253,0.7503057990461457
2,1.828695290270971,0.749930114336621
2,1.829218942988689,0.7495547651706147
2,1.8297425957064068,0.7491797513084748
2,1.8302662484241248,0.7488050725110043
2,1.8307899011418427,0.7484307285376417
2,1.8313135538595606,0.7480567191482805
2,1.8318372065772786,0.7476830441032689
2,1.8323608592949965,0.747309703162955
2,1.8328845120127144,0.7469366960872321
2,1.8334081647304323,0.7465640226359938
2,1.8339318174481503,0.7461916825691333
2,1.8344554701658682,0.7458196756451798
2,1.8349791228835861,0.745448001625391
2,1.835502775601304,0.7450766602692056
2,1.836026428319022,0.7447056513351527
2,1.83655008103674,0.7443349745840351
2,1.8370737337544578,0.7439646297752915
2,1.8375973864721757,0.7435946166688154
2,1.8381210391898937,0.7432249350222264
2,1.8386446919076116,0.7428555845958726
2,1.8391683446253295,0.7424865651491928
2,1.8396919973430472,0.7421178764425349
2,1.8402156500607652,0.7417495182344283
2,1.840739302778483,0.7413814902829472
2,1.841262955496201,0.7410137923488946
2,1.841786608213919,0.7406464241912545
2,1.8423102609316369,0.7402793855676464
2,1.8428339136493548,0.7399126762388732
2,1.8433575663670727,0.739546295963919
2,1.8438812190847906,0.7391802445004032
2,1.8444048718025086,0.7388145216095836
2,1.8449285245202265,0.7384491270481703
2,1.8454521772379444,0.738084060575602
2,1.8459758299556623,0.7377193219522269
2,1.8464994826733803,0.7373549109356645
2,1.8470231353910982,0.7369908272853536
2,1.8475467881088161,0.7366270707593685
2,1.848070440826534,0.7362636411176027
2,1.848594093544252,0.735900538117221
2,1.84911774626197,0.7355377615185716
2,1.8496413989796878,0.7351753110806385
2,1.8501650516974057,0.7348131865605865
2,1.8506887044151237,0.734451387718309
2,1.8512123571328416,0.7340899143118804
2,1.8517360098505595,0.7337287661002847
2,1.8522596625682775,0.7333679428429605
2,1.8527833152859954,0.7330074442966179
2,1.8533069680037133,0.7326472702216051
2,1.8538306207214312,0.7322874203759966
2,1.8543542734391492,0.7319278945174119
2,1.8548779261568669,0.7315686924061993
2,1.8554015788745848,0.7312098137999783
2,1.8559252315923027,0.7308512584590972
2,1.8564488843100206,0.7304930261389018
2,1.8569725370277386,0.7301351165988308
2,1.8574961897454565,0.7297775295992324
2,1.8580198424631744,0.7294202648977262
2,1.8585434951808923,0.7290633222532961
2,1.8590671478986103,0.728706701423107
2,1.8595908006163282,0.7283504021661429
2,1.8601144533340461,0.7279944242422971
2,1.860638106051764,0.7276387674082798
2,1.861161758769482,0.7272834314239844
2,1.8616854114872,0.7269284160483949
2,1.8622090642049178,0.7265737210382213
2,1.8627327169226358,0.7262193461524475
2,1.8632563696403537,0.7258652911509671
2,1.8637800223580716,0.7255115557913996
2,1.8643036750757895,0.7251581398318194
2,1.8648273277935075,0.72480504303212
2,1.8653509805112254,0.7244522651494663
2,1.8658746332289433,0.7240998059437516
2,1.8663982859466612,0.7237476651730503
2,1.8669219386643792,0.7233958425945275
2,1.867445591382097,0.7230443379698954
2,1.867969244099815,0.7226931510554095
2,1.868492896817533,0.7223422816091443
2,1.8690165495352509,0.7219917293914477
2,1.8695402022529686,0.7216414941617586
2,1.8700638549706865,0.7212915756758775
2,1.8705875076884044,0.7209419736946074
2,1.8711111604061224,0.7205926879764775
2,1.8716348131238403,0.7202437182800168
2,1.8721584658415582,0.7198950643632998
2,1.8726821185592761,0.7195467259853103
2,1.873205771276994,0.7191987029054872
2,1.873729423994712,0.7188509948828141
2,1.87425307671243,0.7185036016753656
2,1.8747767294301478,0.7181565230425804
2,1.8753003821478658,0.7178097587429875
2,1.8758240348655837,0.7174633085351161
2,1.8763476875833016,0.7171171721779501
2,1.8768713403010195,0.716771349431383
2,1.8773949930187375,0.7164258400539438
2,1.8779186457364554,0.7160806438037071
2,1.8784422984541733,0.7157357604414756
2,1.8789659511718912,0.7153911897257785
2,1.8794896038896092,0.7150469314151451
2,1.880013256607327,0.7147029852685591
2,1.880536909325045,0.7143593510450046
2,1.881060562042763,0.7140160285048296
2,1.8815842147604809,0.7136730174065633
2,1.8821078674781988,0.7133303175091896
2,1.8826315201959167,0.712987928572602
2,1.8831551729136347,0.7126458503557842
2,1.8836788256313526,0.7123040826186298
2,1.8842024783490705,0.7119626251201225
2,1.8847261310667882,0.7116214776197012
2,1.8852497837845061,0.7112806398763496
2,1.885773436502224,0.7109401116499612
2,1.886297089219942,0.7105998927008841
2,1.88682074193766,0.7102599827876475
2,1.8873443946553778,0.7099203816705995
2,1.8878680473730958,0.7095810891091787
2,1.8883917000908137,0.7092421048632787
2,1.8889153528085316,0.7089034286923379
2,1.8894390055262495,0.7085650603557951
2,1.8899626582439675,0.7082269996144532
2,1.8904863109616854,0.7078892462282056
2,1.8910099636794033,0.7075517999564909
2,1.8915336163971213,0.7072146605592025
2,1.8920572691148392,0.7068778277966885
2,1.892580921832557,0.7065413014283877
2,1.893104574550275,0.7062050812160123
2,1.893628227267993,0.7058691669185464
2,1.8941518799857109,0.705533558296338
2,1.8946755327034288,0.7051982551106448
2,1.8951991854211467,0.704863257119996
2,1.8957228381388647,0.7045285640861039
2,1.8962464908565826,0.7041941757693166
2,1.8967701435743005,0.7038600919299824
2,1.8972937962920184,0.7035263123289042
2,1.8978174490097364,0.7031928367259752
2,1.8983411017274543,0.702859664882908
2,1.8988647544451722,0.7025267965600506
2,1.89938840716289,0.7021942315182059
2,1.8999120598806079,0.7018619695172674
2,1.9004357125983258,0.701530010319857
2,1.9009593653160437,0.7011983536858679
2,1.9014830180337616,0.7008669993761032
2,1.9020066707514796,0.7005359471531847
2,1.9025303234691975,0.700205196776551
2,1.9030539761869154,0.6998747480074599
2,1.9035776289046333,0.6995446006094426
2,1.9041012816223513,0.6992147543414831
2,1.9046249343400692,0.698885208964839
2,1.9051485870577871,0.6985559642430417
2,1.905672239775505,0.6982270199359846
2,1.906195892493223,0.6978983758058348
2,1.906719545210941,0.6975700316147595
2,1.9072431979286588,0.6972419871235616
2,1.9077668506463767,0.6969142420944081
2,1.9082905033640947,0.6965867962894663
2,1.9088141560818126,0.6962596494699937
2,1.9093378087995305,0.6959328013986124
2,1.9098614615172484,0.6956062518374893
2,1.9103851142349664,0.6952800005483368
2,1.9109087669526843,0.6949540472942317
2,1.9114324196704022,0.6946283918364315
2,1.9119560723881202,0.6943030339375582
2,1.912479725105838,0.6939779733606883
2,1.913003377823556,0.6936532098675343
2,1.913527030541274,0.6933287432211728
2,1.9140506832589919,0.6930045731846803
2,1.9145743359767096,0.6926806995197694
2,1.9150979886944275,0.6923571219895166
2,1.9156216414121454,0.6920338403574533
2,1.9161452941298633,0.6917108543866561
2,1.9166689468475813,0.6913881638402017
2,1.9171925995652992,0.6910657684798025
2,1.9177162522830171,0.6907436680694445
2,1.918239905000735,0.690421862373114
2,1.918763557718453,0.6901003511543422
2,1.919287210436171,0.6897791341752963
2,1.9198108631538888,0.6894582111999625
2,1.9203345158716068,0.6891375819927816
2,1.9208581685893247,0.6888172463168303
2,1.9213818213070426,0.6884972039360946
2,1.9219054740247605,0.688177454614106
2,1.9224291267424785,0.68785799811576
2,1.9229527794601964,0.6875388342032238
2,1.9234764321779143,0.6872199626413931
2,1.9240000848956322,0.6869013831956181
2,1.9245237376133502,0.6865830956303398
2,1.925047390331068,0.6862650997086348
2,1.925571043048786,0.6859473951944892
2,1.926094695766504,0.6856299818546177
2,1.9266183484842219,0.685312859451642
2,1.9271420012019398,0.6849960277509126
2,1.9276656539196577,0.6846794865177799
2,1.9281893066373756,0.6843632355166847
2,1.9287129593550936,0.6840472745129773
2,1.9292366120728113,0.6837316032720082
2,1.9297602647905292,0.6834162215582182
2,1.9302839175082471,0.6831011291369578
2,1.930807570225965,0.6827863257735771
2,1.931331222943683,0.6824718112352457
2,1.931854875661401,0.6821575852845854
2,1.9323785283791188,0.681843647689675
2,1.9329021810968368,0.6815299982154102
2,1.9334258338145547,0.6812166366271413
2,1.9339494865322726,0.6809035626915829
2,1.9344731392499905,0.6805907761745402
2,1.9349967919677085,0.6802782768427278
2,1.9355204446854264,0.6799660644605865
2,1.9360440974031443,0.6796541387966499
2,1.9365677501208622,0.6793424996158137
2,1.9370914028385802,0.6790311466847925
2,1.937615055556298,0.6787200797712103
2,1.938138708274016,0.6784092986404175
2,1.938662360991734,0.6780988030609478
2,1.9391860137094519,0.677788592799061
2,1.9397096664271698,0.6774786676201074
2,1.9402333191448877,0.6771690272930755
2,1.9407569718626057,0.676859671586044
2,1.9412806245803236,0.6765506002629991
2,1.9418042772980415,0.6762418130942933
2,1.9423279300157594,0.6759333098470961
2,1.9428515827334774,0.6756250902872125
2,1.9433752354511953,0.6753171541849952
2,1.9438988881689132,0.6750095013067039
2,1.944422540886631,0.6747021314208723
2,1.9449461936043488,0.6743950442946698
2,1.9454698463220668,0.6740882396970846
2,1.9459934990397847,0.6737817173971052
2,1.9465171517575026,0.6734754771614462
2,1.9470408044752205,0.6731695187595506
2,1.9475644571929385,0.672863841959952
2,1.9480881099106564,0.6725584465307293
2,1.9486117626283743,0.6722533322413256
2,1.9491354153460922,0.6719484988611839
2,1.9496590680638102,0.6716439461588379
2,1.950182720781528,0.6713396739023665
2,1.950706373499246,0.6710356818625769
2,1.951230026216964,0.6707319698089123
2,1.9517536789346819,0.6704285375089967
2,1.9522773316523998,0.6701253847340922
2,1.9528009843701177,0.6698225112540968
2,1.9533246370878357,0.6695199168366344
2,1.9538482898055536,0.6692176012534219
2,1.9543719425232715,0.6689155642752667
2,1.9548955952409894,0.6686138056707023
2,1.9554192479587074,0.6683123252096266
2,1.9559429006764253,0.6680111226646659
2,1.9564665533941432,0.6677101978043538
2,1.9569902061118611,0.6674095503990429
2,1.957513858829579,0.6671091802222691
2,1.958037511547297,0.6668090870421111
2,1.958561164265015,0.6665092706289215
2,1.9590848169827326,0.666209730756691
2,1.9596084697004506,0.6659104671948626
2,1.9601321224181685,0.6656114797142436
2,1.9606557751358864,0.6653127680874604
2,1.9611794278536043,0.6650143320857751
2,1.9617030805713223,0.6647161714804497
2,1.9622267332890402,0.6644182860436558
2,1.962750386006758,0.6641206755466555
2,1.963274038724476,0.6638233397616204
2,1.963797691442194,0.6635262784616316
2,1.9643213441599119,0.6632294914179511
2,1.9648449968776298,0.6629329784032052
2,1.9653686495953477,0.6626367391900203
2,1.9658923023130657,0.6623407735510227
2,1.9664159550307836,0.6620450812588388
2,1.9669396077485015,0.6617496620860948
2,1.9674632604662194,0.6614545158063265
2,1.9679869131839374,0.6611596421921604
2,1.9685105659016553,0.6608650410162227
2,1.9690342186193732,0.6605707120534134
2,1.9695578713370911,0.6602766550768138
2,1.970081524054809,0.6599828698595047
2,1.970605176772527,0.6596893561750221
2,1.971128829490245,0.6593961137973565
2,1.9716524822079629,0.659103142501408
2,1.9721761349256808,0.6588104420598029
2,1.9726997876433987,0.6585180122474412
2,1.9732234403611166,0.6582258528383136
2,1.9737470930788343,0.6579339636082295
2,1.9742707457965523,0.6576423443307249
2,1.9747943985142702,0.657350994780245
2,1.9753180512319881,0.6570599147325993
2,1.975841703949706,0.6567691039617785
2,1.976365356667424,0.6564785622431373
2,1.976889009385142,0.6561882893520306
2,1.9774126621028598,0.6558982850651773
2,1.9779363148205777,0.6556085491561134
2,1.9784599675382957,0.6553190814001937
2,1.9789836202560136,0.6550298815750466
2,1.9795072729737315,0.6547409494551175
2,1.9800309256914495,0.6544522848175802
2,1.9805545784091674,0.6541638874382443
2,1.9810782311268853,0.6538757570924645
2,1.9816018838446032,0.6535878935569599
2,1.9821255365623212,0.6533002966089043
2,1.982649189280039,0.653012966024562
2,1.983172841997757,0.6527259015811069
2,1.983696494715475,0.6524391030548031
2,1.9842201474331929,0.6521525702237341
2,1.9847438001509108,0.6518663028637093
2,1.9852674528686287,0.651580300752812
2,1.9857911055863466,0.6512945636686709
2,1.9863147583040646,0.6510090913889144
2,1.9868384110217825,0.6507238836916258
2,1.9873620637395004,0.6504389403526147
2,1.9878857164572183,0.6501542611522382
2,1.9884093691749363,0.6498698458681247
2,1.988933021892654,0.6495856942779028
2,1.989456674610372,0.6493018061592011
2,1.9899803273280898,0.6490181812928313
2,1.9905039800458078,0.6487348194559672
2,1.9910276327635257,0.6484517204280564
2,1.9915512854812436,0.6481688839871822
2,1.9920749381989615,0.6478863099123373
2,1.9925985909166795,0.6476039979847883
2,1.9931222436343974,0.647321947981709
2,1.9936458963521153,0.6470401596825468
2,1.9941695490698332,0.6467586328690231
2,1.9946932017875512,0.6464773673192212
2,1.995216854505269,0.6461963628130434
2,1.995740507222987,0.6459156191308466
2,1.996264159940705,0.6456351360534427
2,1.9967878126584229,0.6453549133607339
2,1.9973114653761408,0.6450749508321678
2,1.9978351180938587,0.6447952482499204
2,1.9983587708115766,0.6445158053943487
2,1.9988824235292946,0.644236622045355
2,1.9994060762470125,0.6439576979842059
2,1.9999297289647304,0.643679032993532
2,2.0004533816824486,0.643400626852781
2,2.0009770344001665,0.6431224793445836
2,2.0015006871178844,0.642844590250661
2,2.0020243398356024,0.6425669593513703
2,2.0025479925533203,0.6422895864293423
2,2.003071645271038,0.6420124712672077
2,2.003595297988756,0.6417356136466879
2,2.004118950706474,0.641459013349504
2,2.004642603424192,0.6411826701582868
2,2.00516625614191,0.6409065838570314
2,2.005689908859628,0.6406307542270042
2,2.0062135615773458,0.6403551810499266
2,2.0067372142950637,0.6400798641116126
2,2.0072608670127816,0.639804803194238
2,2.0077845197304995,0.6395299980790696
2,2.0083081724482175,0.6392554485514665
2,2.0088318251659354,0.6389811543954238
2,2.0093554778836533,0.6387071153944817
2,2.0098791306013712,0.6384333313312709
2,2.010402783319089,0.6381598019902412
2,2.0109264360368067,0.6378865271562972
2,2.0114500887545246,0.6376135066125244
2,2.0119737414722425,0.6373407401447366
2,2.0124973941899604,0.6370682275373838
2,2.0130210469076784,0.6367959685744609
2,2.0135446996253963,0.6365239630395081
2,2.014068352343114,0.6362522107206132
2,2.014592005060832,0.635980711402226
2,2.01511565777855,0.635709464867432
2,2.015639310496268,0.6354384709038641
2,2.016162963213986,0.6351677292964268
2,2.016686615931704,0.6348972398309343
2,2.0172102686494218,0.6346270022936551
2,2.0177339213671397,0.6343570164704033
2,2.0182575740848576,0.6340872821465382
2,2.0187812268025755,0.633817799109238
2,2.0193048795202935,0.6335485671452261
2,2.0198285322380114,0.6332795860412261
2,2.0203521849557293,0.6330108555839615
2,2.0208758376734473,0.6327423755583368
2,2.021399490391165,0.6324741457547134
2,2.021923143108883,0.6322061659589053
2,2.022446795826601,0.6319384359571814
2,2.022970448544319,0.6316709555389934
2,2.023494101262037,0.6314037244906103
2,2.024017753979755,0.6311367426010293
2,2.0245414066974727,0.6308700096578832
2,2.0250650594151907,0.6306035254483504
2,2.0255887121329086,0.6303372897609734
2,2.0261123648506265,0.6300713023856588
2,2.0266360175683444,0.6298055631104944
2,2.0271596702860624,0.6295400717231132
2,2.0276833230037803,0.6292748280129672
2,2.028206975721498,0.6290098317685988
2,2.028730628439216,0.6287450827803696
2,2.029254281156934,0.6284805808377314
2,2.029777933874652,0.6282163257283173
2,2.03030158659237,0.6279523172433983
2,2.030825239310088,0.627688555172881
2,2.0313488920278058,0.6274250393057628
2,2.0318725447455237,0.6271617694328597
2,2.0323961974632416,0.6268987453436239
2,2.0329198501809596,0.6266359668288715
2,2.0334435028986775,0.6263734336798734
2,2.0339671556163954,0.6261111456865365
2,2.0344908083341133,0.6258491026396769
2,2.0350144610518313,0.6255873043310203
2,2.035538113769549,0.625325750551383
2,2.036061766487267,0.6250644410915811
2,2.036585419204985,0.6248033757437952
2,2.037109071922703,0.6245425542992962
2,2.037632724640421,0.6242819765498098
2,2.038156377358139,0.6240216422875164
2,2.0386800300758567,0.6237615513045967
2,2.0392036827935747,0.6235017033932309
2,2.0397273355112926,0.6232420983455995
2,2.0402509882290105,0.6229827359543378
2,2.040774640946728,0.6227236160125358
2,2.041298293664446,0.6224647383123738
2,2.041821946382164,0.6222061026478514
2,2.042345599099882,0.6219477088106942
2,2.0428692518175997,0.6216895565949017
2,2.0433929045353176,0.6214316457944733
2,2.0439165572530356,0.6211739762029538
2,2.0444402099707535,0.6209165476143426
2,2.0449638626884714,0.6206593598221843
2,2.0454875154061893,0.6204024126195691
2,2.0460111681239073,0.6201457058018605
2,2.046534820841625,0.6198892391644222
2,2.047058473559343,0.6196330124998894
2,2.047582126277061,0.6193770256040807
2,2.048105778994779,0.6191212782719049
2,2.048629431712497,0.6188657702978162
2,2.049153084430215,0.6186105014776331
2,2.0496767371479327,0.6183554716067192
2,2.0502003898656507,0.6181006804799836
2,2.0507240425833686,0.6178461278932446
2,2.0512476953010865,0.6175918136427754
2,2.0517713480188045,0.6173377375243945
2,2.0522950007365224,0.6170838993339203
2,2.0528186534542403,0.6168302988680807
2,2.0533423061719582,0.6165769359236037
2,2.053865958889676,0.6163238102967625
2,2.054389611607394,0.6160709217838303
2,2.054913264325112,0.6158182701815349
2,2.05543691704283,0.6155658552879686
2,2.055960569760548,0.6153136768998593
2,2.056484222478266,0.6150617348152991
2,2.0570078751959837,0.6148100288314708
2,2.0575315279137016,0.6145585587441929
2,2.0580551806314196,0.6143073243542858
2,2.0585788333491375,0.6140563254589324
2,2.0591024860668554,0.6138055618548606
2,2.0596261387845733,0.6135550333424362
2,2.0601497915022913,0.613304739718842
2,2.060673444220009,0.6130546807826249
2,2.061197096937727,0.6128048563341508
2,2.061720749655445,0.6125552661706024
2,2.062244402373163,0.6123059100918908
2,2.062768055090881,0.6120567878979273
2,2.063291707808599,0.6118078993872587
2,2.0638153605263168,0.6115592443593414
2,2.0643390132440347,0.6113108226149961
2,2.0648626659617526,0.6110626339536793
2,2.0653863186794705,0.6108146781743926
2,2.0659099713971885,0.6105669550793209
2,2.0664336241149064,0.6103194644688301
2,2.0669572768326243,0.6100722061414672
2,2.0674809295503422,0.6098251798985075
2,2.06800458226806,0.6095783855430454
2,2.068528234985778,0.6093318228740827
2,2.069051887703496,0.60908549169244
2,2.069575540421214,0.6088393918012116
2,2.070099193138932,0.6085935230012183
2,2.0706228458566494,0.6083478850946449
2,2.0711464985743673,0.6081024778809478
2,2.071670151292085,0.6078573011654953
2,2.072193804009803,0.6076123547486532
2,2.072717456727521,0.6073676384326063
2,2.073241109445239,0.607123152020904
2,2.073764762162957,0.6068788953148214
2,2.074288414880675,0.6066348681183626
2,2.0748120675983928,0.6063910702350768
2,2.0753357203161107,0.6061475014662392
2,2.0758593730338286,0.6059041616153991
2,2.0763830257515465,0.6056610504874698
2,2.0769066784692645,0.6054181678860004
2,2.0774303311869824,0.6051755136127213
2,2.0779539839047003,0.6049330874730003
2,2.0784776366224182,0.6046908892722058
2,2.079001289340136,0.6044489188120679
2,2.079524942057854,0.6042071758979546
2,2.080048594775572,0.6039656603356889
2,2.08057224749329,0.6037243719292746
2,2.081095900211008,0.6034833104827158
2,2.081619552928726,0.6032424758018351
2,2.0821432056464437,0.6030018676915461
2,2.0826668583641617,0.6027614859581263
2,2.0831905110818796,0.6025213304069439
2,2.0837141637995975,0.6022814008424575
2,2.0842378165173154,0.6020416970718543
2,2.0847614692350334,0.6018022189000476
2,2.0852851219527513,0.6015629661346793
2,2.085808774670469,0.601323938582027
2,2.086332427388187,0.6010851360470042
2,2.086856080105905,0.6008465583367979
2,2.087379732823623,0.6006082052599595
2,2.087903385541341,0.6003700766223119
2,2.088427038259059,0.6001321722301327
2,2.0889506909767768,0.5998944918928828
2,2.0894743436944947,0.5996570354159303
2,2.0899979964122126,0.5994198026073718
2,2.0905216491299305,0.5991827932762135
2,2.0910453018476485,0.5989460072300972
2,2.0915689545653664,0.5987094442766647
2,2.0920926072830843,0.5984731042240128
2,2.0926162600008023,0.5982369868816022
2,2.09313991271852,0.5980010920570749
2,2.093663565436238,0.5977654195598916
2,2.094187218153956,0.5975299691986038
2,2.094710870871674,0.5972947407826723
2,2.095234523589392,0.597059734121558
2,2.09575817630711,0.5968249490233575
2,2.0962818290248277,0.5965903852998053
2,2.0968054817425457,0.5963560427599077
2,2.0973291344602636,0.596121921212216
2,2.0978527871779815,0.5958880204680099
2,2.0983764398956994,0.5956543403385695
2,2.0989000926134174,0.5954208806329007
2,2.0994237453311353,0.5951876411613739
2,2.099947398048853,0.594954621735269
2,2.1004710507665707,0.5947218221663206
2,2.1009947034842886,0.5944892422639896
2,2.1015183562020066,0.59425688184092
2,2.1020420089197245,0.5940247407079369
2,2.1025656616374424,0.5937928186767749
2,2.1030893143551603,0.5935611155591687
2,2.1036129670728783,0.593329631166398
2,2.104136619790596,0.593098365311107
2,2.104660272508314,0.5928673178054851
2,2.105183925226032,0.5926364884621762
2,2.10570757794375,0.592405877092915
2,2.106231230661468,0.5921754835121646
2,2.106754883379186,0.5919453075307501
2,2.1072785360969037,0.5917153489617704
2,2.1078021888146217,0.5914856076201431
2,2.1083258415323396,0.591256083317603
2,2.1088494942500575,0.5910267758690679
2,2.1093731469677754,0.5907976850876366
2,2.1098967996854934,0.5905688107868627
2,2.1104204524032113,0.5903401527807546
2,2.1109441051209292,0.5901117108837752
2,2.111467757838647,0.589883484909933
2,2.111991410556365,0.5896554746741458
2,2.112515063274083,0.5894276799913314
2,2.113038715991801,0.5892001006750434
2,2.113562368709519,0.5889727365420185
2,2.114086021427237,0.5887455874071748
2,2.1146096741449547,0.5885186530845203
2,2.1151333268626726,0.5882919333894279
2,2.1156569795803906,0.5880654281390889
2,2.1161806322981085,0.587839137148876
2,2.1167042850158264,0.5876130602341618
2,2.1172279377335443,0.5873871972121378
2,2.1177515904512623,0.5871615478977219
2,2.11827524316898,0.5869361121081056
2,2.118798895886698,0.5867108896600257
2,2.119322548604416,0.5864858803702191
2,2.119846201322134,0.5862610840549678
2,2.120369854039852,0.5860365005323729
2,2.12089350675757,0.5858121296205354
2,2.1214171594752878,0.5855879711343732
2,2.1219408121930057,0.5853640248924421
2,2.1224644649107236,0.5851402907142074
2,2.1229881176284415,0.5849167684159511
2,2.1235117703461595,0.5846934578153196
2,2.1240354230638774,0.5844703587326876
2,2.1245590757815953,0.5842474709843373
2,2.1250827284993132,0.5840247943892791
2,2.125606381217031,0.583802328767888
2,2.126130033934749,0.5835800739373553
2,2.126653686652467,0.5833580297171466
2,2.127177339370185,0.5831361959262722
2,2.127700992087903,0.5829145723855618
2,2.128224644805621,0.5826931589135711
2,2.1287482975233387,0.5824719553293107
2,2.1292719502410566,0.5822509614545197
2,2.1297956029587746,0.5820301771072991
2,2.130319255676492,0.5818096021080237
2,2.13084290839421,0.581589236279342
2,2.131366561111928,0.5813690794389004
2,2.131890213829646,0.5811491314088926
2,2.1324138665473638,0.5809293920115124
2,2.1329375192650817,0.5807098610653156
2,2.1334611719827996,0.5804905383920413
2,2.1339848247005175,0.5802714238152475
2,2.1345084774182355,0.58005251715349
2,2.1350321301359534,0.5798338182294174
2,2.1355557828536713,0.5796153268661328
2,2.1360794355713892,0.5793970428844659
2,2.136603088289107,0.5791789661066105
2,2.137126741006825,0.5789610963556697
2,2.137650393724543,0.5787434334533827
2,2.138174046442261,0.5785259772223981
2,2.138697699159979,0.5783087274862737
2,2.139221351877697,0.578091684068113
2,2.1397450045954147,0.5778748467896548
2,2.1402686573131326,0.5776582154753669
2,2.1407923100308506,0.5774417899497166
2,2.1413159627485685,0.5772255700330788
2,2.1418396154662864,0.5770095555521948
2,2.1423632681840044,0.5767937463310773
2,2.1428869209017223,0.57657814219192
2,2.14341057361944,0.5763627429601001
2,2.143934226337158,0.5761475484605398
2,2.144457879054876,0.5759325585172519
2,2.144981531772594,0.5757177729547038
2,2.145505184490312,0.5755031915987274
2,2.14602883720803,0.5752888142742449
2,2.1465524899257478,0.5750746408057239
2,2.1470761426434657,0.5748606710194508
2,2.1475997953611836,0.5746469047412575
2,2.1481234480789015,0.5744333417956113
2,2.1486471007966195,0.5742199820092537
2,2.1491707535143374,0.5740068252080164
2,2.1496944062320553,0.5737938712190953
2,2.1502180589497732,0.573581119868777
2,2.150741711667491,0.573368570981529
2,2.151265364385209,0.5731562243863664
2,2.151789017102927,0.5729440799095755
2,2.152312669820645,0.5727321373783525
2,2.152836322538363,0.5725203966189838
2,2.153359975256081,0.5723088574595749
2,2.1538836279737987,0.5720975197282314
2,2.1544072806915167,0.5718863832512397
2,2.1549309334092346,0.5716754478580697
2,2.1554545861269525,0.5714647133759172
2,2.1559782388446704,0.5712541796328878
2,2.1565018915623884,0.5710438464575418
2,2.1570255442801063,0.5708337136784394
2,2.157549196997824,0.5706237811236861
2,2.158072849715542,0.5704140486232063
2,2.15859650243326,0.5702045160051057
2,2.159120155150978,0.5699951830993086
2,2.159643807868696,0.5697860497348302
2,2.1601674605864134,0.5695771157406853
2,2.1606911133041313,0.5693683809472532
2,2.1612147660218493,0.5691598451830941
2,2.161738418739567,0.5689515082794969
2,2.162262071457285,0.5687433700677502
2,2.162785724175003,0.56853543037505
2,2.163309376892721,0.5683276890331399
2,2.163833029610439,0.5681201458733085
2,2.164356682328157,0.5679128007263898
2,2.1648803350458747,0.5677056534232179
2,2.1654039877635927,0.5674987037937171
2,2.1659276404813106,0.5672919516700858
2,2.1664512931990285,0.5670853968845222
2,2.1669749459167464,0.5668790392674055
2,2.1674985986344644,0.5666728786504791
2,2.1680222513521823,0.5664669148663961
2,2.1685459040699,0.5662611477464452
2,2.169069556787618,0.5660555771237341
2,2.169593209505336,0.5658502028304611
2,2.170116862223054,0.5656450246983695
2,2.170640514940772,0.565440042561022
2,2.17116416765849,0.5652352562515262
2,2.171687820376208,0.5650306656020803
2,2.1722114730939257,0.5648262704462468
2,2.1727351258116436,0.5646220706175882
2,2.1732587785293616,0.5644180659487574
2,2.1737824312470795,0.5642142562746812
2,2.1743060839647974,0.5640106414284674
2,2.1748297366825153,0.5638072212436782
2,2.1753533894002333,0.56360399555615
2,2.175877042117951,0.5634009641989906
2,2.176400694835669,0.563198127006217
2,2.176924347553387,0.5629954838132107
2,2.177448000271105,0.5627930344548986
2,2.177971652988823,0.5625907787662072
2,2.178495305706541,0.5623887165816086
2,2.1790189584242587,0.5621868477373937
2,2.1795426111419767,0.5619851720680344
2,2.1800662638596946,0.5617836894098218
2,2.1805899165774125,0.5615823995981373
2,2.1811135692951304,0.5613813024683623
2,2.1816372220128484,0.5611803978586067
2,2.1821608747305663,0.5609796856028879
2,2.1826845274482842,0.5607791655379515
2,2.183208180166002,0.5605788375014527
2,2.18373183288372,0.5603787013296824
2,2.184255485601438,0.5601787568602958
2,2.184779138319156,0.559979003927765
2,2.185302791036874,0.5597794423711093
2,2.185826443754592,0.5595800720288935
2,2.1863500964723097,0.5593808927360442
2,2.1868737491900276,0.5591819043315809
2,2.1873974019077456,0.5589831066536135
2,2.1879210546254635,0.558784499540252
2,2.1884447073431814,0.5585860828282421
2,2.1889683600608993,0.5583878563566032
2,2.1894920127786173,0.5581898199648094
2,2.1900156654963348,0.5579919734905161
2,2.1905393182140527,0.5577943167727426
2,2.1910629709317706,0.5575968496505084
2,2.1915866236494885,0.5573995719623781
2,2.1921102763672065,0.5572024835482807
2,2.1926339290849244,0.5570055842472357
2,2.1931575818026423,0.5568088738991719
2,2.1936812345203602,0.5566123523440183
2,2.194204887238078,0.5564160194207943
2,2.194728539955796,0.5562198749698837
2,2.195252192673514,0.55602391883167
2,2.195775845391232,0.5558281508479013
2,2.19629949810895,0.5556325708571421
2,2.196823150826668,0.5554371786997763
2,2.1973468035443857,0.5552419742184611
2,2.1978704562621036,0.5550469572531256
2,2.1983941089798216,0.5548521276446081
2,2.1989177616975395,0.5546574852355661
2,2.1994414144152574,0.5544630298663833
2,2.1999650671329753,0.5542687613792623
2,2.2004887198506933,0.5540746796154963
2,2.201012372568411,0.5538807844172879
2,2.201536025286129,0.5536870756268399
2,2.202059678003847,0.5534935530854455
2,2.202583330721565,0.5533002166375809
2,2.203106983439283,0.5531070661240847
2,2.203630636157001,0.552914101388069
2,2.2041542888747188,0.5527213222735554
2,2.2046779415924367,0.5525287286213825
2,2.2052015943101546,0.5523363202760265
2,2.2057252470278725,0.5521440970824187
2,2.2062488997455905,0.5519520588813975
2,2.2067725524633084,0.5517602055178941
2,2.2072962051810263,0.55156853683593
2,2.2078198578987442,0.551377052677708
2,2.208343510616462,0.5511857528899782
2,2.20886716333418,0.550994637317217
2,2.209390816051898,0.5508037058011723
2,2.209914468769616,0.5506129581867754
2,2.210438121487334,0.5504223943216857
2,2.210961774205052,0.5502320140494703
2,2.2114854269227697,0.5500418172127866
2,2.2120090796404877,0.5498518036602036
2,2.2125327323582056,0.5496619732357431
2,2.2130563850759235,0.5494723257838814
2,2.2135800377936414,0.549282861152733
2,2.2141036905113594,0.5490935791863194
2,2.2146273432290773,0.5489044797313909
2,2.215150995946795,0.5487155626346976
2,2.215674648664513,0.5485268277411706
2,2.216198301382231,0.54833827489756
2,2.216721954099949,0.5481499039515256
2,2.217245606817667,0.547961714748908
2,2.217769259535385,0.547773707136912
2,2.2182929122531028,0.5475858809627425
2,2.2188165649708207,0.5473982360740592
2,2.2193402176885386,0.5472107723176123
2,2.219863870406256,0.547023489541516
2,2.220387523123974,0.5468363875929754
2,2.220911175841692,0.5466494663201047
2,2.22143482855941,0.5464627255710184
2,2.221958481277128,0.5462761651933761
2,2.2224821339948457,0.5460897850362016
2,2.2230057867125637,0.545903584948519
2,2.2235294394302816,0.5457175647779877
2,2.2240530921479995,0.5455317243736317
2,2.2245767448657174,0.5453460635835654
2,2.2251003975834354,0.5451605822577221
2,2.2256240503011533,0.5449752802469447
2,2.226147703018871,0.5447901573988929
2,2.226671355736589,0.5446052135621358
2,2.227195008454307,0.5444204485884256
2,2.227718661172025,0.5442358623272412
2,2.228242313889743,0.5440514546276063
2,2.228765966607461,0.5438672253412733
2,2.2292896193251788,0.5436831743172661
2,2.2298132720428967,0.543499301405518
2,2.2303369247606146,0.5433156064582363
2,2.2308605774783326,0.5431320893262637
2,2.2313842301960505,0.5429487498595336
2,2.2319078829137684,0.5427655879102531
2,2.2324315356314863,0.5425826033283556
2,2.2329551883492043,0.5423997959655935
2,2.233478841066922,0.5422171656746286
2,2.23400249378464,0.5420347123053944
2,2.234526146502358,0.5418524357119168
2,2.235049799220076,0.5416703357450388
2,2.235573451937794,0.5414884122560579
2,2.236097104655512,0.5413066650985456
2,2.2366207573732297,0.5411250941251637
2,2.2371444100909477,0.5409436991881194
2,2.2376680628086656,0.5407624801391648
2,2.2381917155263835,0.5405814368332358
2,2.2387153682441014,0.5404005691220846
2,2.2392390209618194,0.5402198768588278
2,2.2397626736795373,0.5400393598979463
2,2.2402863263972552,0.5398590180921019
2,2.240809979114973,0.5396788512953208
2,2.241333631832691,0.539498859361629
2,2.241857284550409,0.5393190421445979
2,2.242380937268127,0.5391393994977989
2,2.242904589985845,0.5389599312766222
2,2.243428242703563,0.5387806373360036
2,2.2439518954212807,0.5386015175295142
2,2.2444755481389986,0.5384225717120898
2,2.2449992008567166,0.5382437997377565
2,2.2455228535744345,0.5380652014632687
2,2.2460465062921524,0.5378867767435622
2,2.2465701590098703,0.537708525432663
2,2.2470938117275883,0.5375304473873257
2,2.247617464445306,0.5373525424629406
2,2.248141117163024,0.5371748105144434
2,2.248664769880742,0.5369972513990433
2,2.24918842259846,0.5368198649725855
2,2.2497120753161775,0.536642651090915
2,2.2502357280338954,0.5364656096103317
2,2.2507593807516133,0.536288740388045
2,2.2512830334693312,0.5361120432803546
2,2.251806686187049,0.5359355181440151
2,2.252330338904767,0.5357591648362359
2,2.252853991622485,0.5355829832142263
2,2.253377644340203,0.5354069731351956
2,2.253901297057921,0.5352311344563532
2,2.254424949775639,0.5350554670362726
2,2.2549486024933567,0.5348799707317085
2,2.2554722552110746,0.5347046454007796
2,2.2559959079287926,0.5345294909016047
2,2.2565195606465105,0.5343545070923028
2,2.2570432133642284,0.5341796938309926
2,2.2575668660819463,0.5340050509771572
2,2.2580905187996643,0.5338305783889155
2,2.258614171517382,0.5336562759243861
2,2.2591378242351,0.5334821434435071
2,2.259661476952818,0.5333081808043971
2,2.260185129670536,0.5331343878679036
2,2.260708782388254,0.5329607644921452
2,2.261232435105972,0.5327873105361505
2,2.2617560878236898,0.5326140258603118
2,2.2622797405414077,0.5324409103250218
2,2.2628033932591256,0.5322679637902183
2,2.2633270459768435,0.5320951861149297
2,2.2638506986945615,0.5319225771604579
2,2.2643743514122794,0.531750136786286
2,2.2648980041299973,0.5315778648532614
2,2.2654216568477152,0.5314057612231409
2,2.265945309565433,0.5312338257554075
2,2.266468962283151,0.5310620583127275
2,2.266992615000869,0.5308904587550387
2,2.267516267718587,0.5307190269436433
2,2.268039920436305,0.5305477627398432
2,2.268563573154023,0.5303766660053952
2,2.2690872258717407,0.5302057366029658
2,2.2696108785894586,0.5300349743934021
2,2.2701345313071766,0.5298643792393705
2,2.2706581840248945,0.5296939510030825
2,2.2711818367426124,0.5295236895462949
2,2.2717054894603304,0.5293535947312193
2,2.2722291421780483,0.5291836664218863
2,2.272752794895766,0.5290139044795978
2,2.273276447613484,0.5288443087679298
2,2.273800100331202,0.5286748791504579
2,2.27432375304892,0.5285056154898484
2,2.274847405766638,0.5283365176492225
2,2.275371058484356,0.5281675854921559
2,2.2758947112020738,0.5279988188826792
2,2.2764183639197917,0.5278302176843681
2,2.2769420166375096,0.527661781761708
2,2.2774656693552275,0.5274935109778198
2,2.2779893220729455,0.527325405197189
2,2.2785129747906634,0.5271574642843007
2,2.2790366275083813,0.5269896881031855
2,2.279560280226099,0.5268220765206024
2,2.2800839329438167,0.5266546293992178
2,2.2806075856615347,0.5264873466048812
2,2.2811312383792526,0.526320228001623
2,2.2816548910969705,0.5261532734557477
2,2.2821785438146884,0.5259864828326499
2,2.2827021965324064,0.5258198559977245
2,2.2832258492501243,0.5256533928163662
2,2.283749501967842,0.5254870931539699
2,2.28427315468556,0.5253209568772945
2,2.284796807403278,0.5251549838526444
2,2.285320460120996,0.524989173945869
2,2.285844112838714,0.5248235270228179
2,2.286367765556432,0.5246580429511596
2,2.2868914182741498,0.5244927215971984
2,2.2874150709918677,0.5243275628263291
2,2.2879387237095856,0.5241625665071297
2,2.2884623764273035,0.5239977325068139
2,2.2889860291450215,0.5238330606916861
2,2.2895096818627394,0.5236685509298695
2,2.2900333345804573,0.5235042030890327
2,2.2905569872981753,0.5233400170359346
2,2.291080640015893,0.5231759926386985
2,2.291604292733611,0.5230121297659025
2,2.292127945451329,0.5228484282847603
2,2.292651598169047,0.5226848880643047
2,2.293175250886765,0.5225215089731137
2,2.293698903604483,0.5223582908788558
2,2.2942225563222007,0.522195233650109
2,2.2947462090399187,0.5220323371568156
2,2.2952698617576366,0.5218696012680084
2,2.2957935144753545,0.5217070258518106
2,2.2963171671930724,0.5215446107768003
2,2.2968408199107904,0.5213823559133743
2,2.2973644726285083,0.5212202611319299
2,2.297888125346226,0.5210583263010449
2,2.298411778063944,0.5208965512906616
2,2.298935430781662,0.5207349359707223
2,2.29945908349938,0.5205734802111692
2,2.299982736217098,0.5204121838828542
2,2.300506388934816,0.5202510468561741
2,2.3010300416525338,0.5200900690006165
2,2.3015536943702517,0.5199292501879427
2,2.3020773470879696,0.5197685902876401
2,2.3026009998056876,0.5196080891714701
2,2.3031246525234055,0.5194477467121033
2,2.3036483052411234,0.5192875627781177
2,2.3041719579588413,0.5191275372417294
2,2.3046956106765593,0.5189676699751544
2,2.305219263394277,0.5188079608492444
2,2.305742916111995,0.5186484097362154
2,2.306266568829713,0.5184890165082834
2,2.306790221547431,0.5183297810367549
2,2.307313874265149,0.5181707031933911
2,2.307837526982867,0.5180117828517723
2,2.3083611797005847,0.5178530198845692
2,2.3088848324183022,0.5176944141639979
2,2.30940848513602,0.51753596556091
2,2.309932137853738,0.5173776739511595
2,2.310455790571456,0.5172195392065078
2,2.310979443289174,0.5170615611991707
2,2.311503096006892,0.5169037398040928
2,2.31202674872461,0.5167460748939448
2,2.3125504014423277,0.5165885663413974
2,2.3130740541600456,0.5164312140223046
2,2.3135977068777636,0.516274017809792
2,2.3141213595954815,0.5161169775765302
2,2.3146450123131994,0.5159600931983732
2,2.3151686650309173,0.5158033645479918
2,2.3156923177486353,0.5156467915003304
2,2.316215970466353,0.5154903739316978
2,2.316739623184071,0.5153341117152195
2,2.317263275901789,0.5151780047253851
2,2.317786928619507,0.5150220528371392
2,2.318310581337225,0.5148662559263357
2,2.318834234054943,0.5147106138688287
2,2.3193578867726607,0.514555126538653
2,2.3198815394903787,0.5143997938112079
2,2.3204051922080966,0.5142446155637117
2,2.3209288449258145,0.514089591670654
2,2.3214524976435325,0.5139347220087984
2,2.3219761503612504,0.513780006453544
2,2.3224998030789683,0.5136254448807449
2,2.3230234557966862,0.5134710371685287
2,2.323547108514404,0.5133167831909304
2,2.324070761232122,0.513162682825623
2,2.32459441394984,0.5130087359507343
2,2.325118066667558,0.5128549424416633
2,2.325641719385276,0.5127013021756284
2,2.326165372102994,0.512547815029393
2,2.3266890248207117,0.51239448088063
2,2.3272126775384296,0.512241299607922
2,2.3277363302561476,0.5120882710875776
2,2.3282599829738655,0.5119353951972698
2,2.3287836356915834,0.5117826718146716
2,2.3293072884093013,0.5116301008183655
2,2.3298309411270193,0.5114776820869338
2,2.330354593844737,0.5113254154971401
2,2.330878246562455,0.5111733009284762
2,2.331401899280173,0.5110213382595248
2,2.331925551997891,0.5108695273679587
2,2.332449204715609,0.5107178681332698
2,2.332972857433327,0.5105663604349502
2,2.3334965101510448,0.5104150041511275
2,2.3340201628687627,0.510263799160839
2,2.3345438155864806,0.5101127453440313
2,2.3350674683041985,0.5099618425797416
2,2.3355911210219165,0.5098110907479168
2,2.3361147737396344,0.5096604897285033
2,2.3366384264573523,0.5095100394009933
2,2.3371620791750702,0.5093597396448786
2,2.337685731892788,0.5092095903405607
2,2.338209384610506,0.5090595913693505
2,2.3387330373282236,0.5089097426102853
2,2.3392566900459415,0.5087600439437665
2,2.3397803427636594,0.5086104952524693
2,2.3403039954813774,0.5084610964154308
2,2.3408276481990953,0.5083118473135073
2,2.341351300916813,0.5081627478284645
2,2.341874953634531,0.5080137978411585
2,2.342398606352249,0.5078649972329004
2,2.342922259069967,0.5077163458854557
2,2.343445911787685,0.5075678436805902
2,2.343969564505403,0.50741949049916
2,2.3444932172231208,0.5072712862233857
2,2.3450168699408387,0.5071232307354876
2,2.3455405226585566,0.5069753239176862
2,2.3460641753762745,0.5068275656517471
2,2.3465878280939925,0.5066799558208004
2,2.3471114808117104,0.5065324943066116
2,2.3476351335294283,0.506385180991856
2,2.3481587862471462,0.5062380157596635
2,2.348682438964864,0.5060909984922546
2,2.349206091682582,0.5059441290750328
2,2.3497297444003,0.5057974073883997
2,2.350253397118018,0.50565083331594
2,2.350777049835736,0.5055044067430572
2,2.351300702553454,0.5053581275510624
2,2.3518243552711717,0.5052119956253591
2,2.3523480079888897,0.5050660108490774
2,2.3528716607066076,0.504920173105802
2,2.3533953134243255,0.5047744822800269
2,2.3539189661420434,0.5046289382562463
2,2.3544426188597614,0.5044835409184998
2,2.3549662715774793,0.5043382901508267
2,2.355489924295197,0.5041931858386306
2,2.356013577012915,0.5040482278664058
2,2.356537229730633,0.5039034161191012
2,2.357060882448351,0.5037587504812109
2,2.357584535166069,0.5036142308385934
2,2.358108187883787,0.5034698570757428
2,2.3586318406015048,0.5033256290785175
2,2.3591554933192227,0.5031815467323213
2,2.3596791460369406,0.5030376099230125
2,2.3602027987546585,0.5028938185364495
2,2.3607264514723765,0.5027501724580361
2,2.3612501041900944,0.5026066715736306
2,2.3617737569078123,0.5024633157709104
2,2.3622974096255303,0.5023201049348245
2,2.362821062343248,0.5021770389512312
2,2.363344715060966,0.5020341177082628
2,2.363868367778684,0.5018913410917776
2,2.364392020496402,0.5017487089885435
2,2.36491567321412,0.501606221286238
2,2.365439325931838,0.5014638778707194
2,2.3659629786495557,0.5013216786292105
2,2.3664866313672737,0.5011796234512076
2,2.3670102840849916,0.5010377122221144
2,2.3675339368027095,0.5008959448291534
2,2.3680575895204274,0.5007543211613665
2,2.368581242238145,0.5006128411059763
2,2.369104894955863,0.5004715045511148
2,2.3696285476735808,0.5003303113844595
2,2.3701522003912987,0.500189261495052
2,2.3706758531090166,0.5000483547710246
2,2.3711995058267346,0.4999075911005093
2,2.3717231585444525,0.49976697037209306
2,2.3722468112621704,0.49962649247436275
2,2.3727704639798883,0.4994861572968148
2,2.3732941166976063,0.49934596472712656
2,2.373817769415324,0.49920591465570396
2,2.374341422133042,0.4990660069720434
2,2.37486507485076,0.498926241564277
2,2.375388727568478,0.4987866183228107
2,2.375912380286196,0.49864713713668607
2,2.376436033003914,0.49850779789539956
2,2.3769596857216317,0.49836860049026654
2,2.3774833384393497,0.4982295448098739
2,2.3780069911570676,0.49809063074462756
2,2.3785306438747855,0.4979518581853881
2,2.3790542965925034,0.497813227021652
2,2.3795779493102214,0.49767473714382504
2,2.3801016020279393,0.4975363884432227
2,2.3806252547456572,0.497398180811615
2,2.381148907463375,0.49726011413758897
2,2.381672560181093,0.4971221883124599
2,2.382196212898811,0.4969844032293622
2,2.382719865616529,0.4968467587773375
2,2.383243518334247,0.4967092548490655
2,2.383767171051965,0.4965718913363162
2,2.3842908237696827,0.49643466812949555
2,2.3848144764874006,0.4962975851212832
2,2.3853381292051186,0.49616064220163025
2,2.3858617819228365,0.49602383926503535
2,2.3863854346405544,0.4958871762032686
2,2.3869090873582723,0.4957506529076454
2,2.3874327400759903,0.4956142692708454
2,2.387956392793708,0.4954780251846387
2,2.388480045511426,0.49534192054306914
2,2.389003698229144,0.49520595523745214
2,2.389527350946862,0.4950701291618316
2,2.39005100366458,0.49493444220888705
2,2.390574656382298,0.4947988942712982
2,2.3910983091000158,0.49466348524265413
2,2.3916219618177337,0.49452821501608923
2,2.3921456145354516,0.4943930834851926
2,2.3926692672531695,0.4942580905435534
2,2.3931929199708875,0.4941232360847607
2,2.3937165726886054,0.4939885200037679
2,2.3942402254063233,0.4938539421927999
2,2.3947638781240412,0.49371950254590047
2,2.395287530841759,0.4935852009593873
2,2.395811183559477,0.49345103732594
2,2.396334836277195,0.49331701154005714
2,2.396858488994913,0.49318312349669213
2,2.397382141712631,0.4930493730912531
2,2.397905794430349,0.4929157602177838
2,2.3984294471480663,0.492782284770783
2,2.398953099865784,0.4926489466456587
2,2.399476752583502,0.49251574573827384
2,2.40000040530122,0.49238268194312695
2,2.400524058018938,0.4922497551556262
2,2.401047710736656,0.49211696527208915
2,2.401571363454374,0.49198431218792393
2,2.4020950161720918,0.49185179579853866
2,2.4026186688898097,0.4917194159997962
2,2.4031423216075276,0.49158717268846885
2,2.4036659743252455,0.49145506576041953
2,2.4041896270429635,0.49132309511060157
2,2.4047132797606814,0.49119126063806107
2,2.4052369324783993,0.4910595622377514
2,2.4057605851961172,0.49092799980553536
2,2.406284237913835,0.4907965732395496
2,2.406807890631553,0.49066528243611174
2,2.407331543349271,0.49053412729153933
2,2.407855196066989,0.490403107703969
2,2.408378848784707,0.49027222357199207
2,2.408902501502425,0.49014147479010717
2,2.4094261542201427,0.4900108612569056
2,2.4099498069378607,0.48988038287052404
2,2.4104734596555786,0.4897500395281895
2,2.4109971123732965,0.4896198311284934
2,2.4115207650910144,0.48948975756775326
2,2.4120444178087324,0.48935981874546997
2,2.4125680705264503,0.48923001455932535
2,2.413091723244168,0.48910034490791077
2,2.413615375961886,0.48897080968981754
2,2.414139028679604,0.48884140880272753
2,2.414662681397322,0.48871214214614156
2,2.41518633411504,0.488583009618651
2,2.415709986832758,0.48845401111930187
2,2.4162336395504758,0.4883251465471403
2,2.4167572922681937,0.48819641580030293
2,2.4172809449859116,0.4880678187792
2,2.4178045977036295,0.48793935538333244
2,2.4183282504213475,0.48781102551083677
2,2.4188519031390654,0.4876828290625781
2,2.4193755558567833,0.48755476593896674
2,2.4198992085745012,0.4874268360390488
2,2.420422861292219,0.48729903926096085
2,2.420946514009937,0.48717137550693224
2,2.421470166727655,0.48704384467737327
2,2.421993819445373,0.48691644667133005
2,2.422517472163091,0.48678918139057714
2,2.423041124880809,0.48666204873507013
2,2.4235647775985267,0.4865350486047646
2,2.4240884303162447,0.48640818090098037
2,2.4246120830339626,0.48628144552503727
2,2.4251357357516805,0.4861548423778004
2,2.4256593884693984,0.48602837136013477
2,2.4261830411871164,0.485902032373815
2,2.4267066939048343,0.4857758253197062
2,2.427230346622552,0.48564975009912814
2,2.42775399934027,0.48552380661340067
2,2.4282776520579876,0.48539799476611734
2,2.4288013047757055,0.4852723144576885
2,2.4293249574934235,0.4851467655903434
2,2.4298486102111414,0.48502134806585673
2,2.4303722629288593,0.4848960617864577
2,2.4308959156465773,0.4847709066543757
2,2.431419568364295,0.4846458825722948
2,2.431943221082013,0.484520989444718
2,2.432466873799731,0.48439622717023667
2,2.432990526517449,0.48427159565426336
2,2.433514179235167,0.4841470947999369
2,2.434037831952885,0.4840227245085771
2,2.4345614846706027,0.48389848468514174
2,2.4350851373883207,0.4837743752309507
2,2.4356087901060386,0.48365039605050697
2,2.4361324428237565,0.48352654704740416
2,2.4366560955414744,0.4834028281247811
2,2.4371797482591924,0.483279239186686
2,2.4377034009769103,0.4831557801371673
2,2.438227053694628,0.483032450878909
2,2.438750706412346,0.48290925131732365
2,2.439274359130064,0.48278618135555007
2,2.439798011847782,0.48266324089763657
2,2.4403216645655,0.48254042984945045
2,2.440845317283218,0.48241774811458527
2,2.441368970000936,0.48229519559708933
2,2.4418926227186537,0.48217277220282995
2,2.4424162754363716,0.4820504778367649
2,2.4429399281540896,0.48192831240203304
2,2.4434635808718075,0.48180627580450164
2,2.4439872335895254,0.481684367950038
2,2.4445108863072433,0.4815625887445094
2,2.4450345390249613,0.48144093809150945
2,2.445558191742679,0.48131941589736016
2,2.446081844460397,0.4811980220674741
2,2.446605497178115,0.48107675650771853
2,2.447129149895833,0.4809556191248703
2,2.447652802613551,0.4808346098234324
2,2.448176455331269,0.4807137285101817
2,2.4487001080489867,0.48059297509144017
2,2.4492237607667047,0.48047234947307516
2,2.4497474134844226,0.48035185156186344
2,2.4502710662021405,0.48023148126412707
2,2.4507947189198585,0.48011123848664283
2,2.4513183716375764,0.4799911231366423
2,2.4518420243552943,0.47987113511953794
2,2.4523656770730122,0.4797512743430161
2,2.45288932979073,0.47963154071430836
2,2.453412982508448,0.4795119341406462
2,2.453936635226166,0.47939245453017065
2,2.454460287943884,0.47927310178874905
2,2.454983940661602,0.4791538758245224
2,2.45550759337932,0.47903477654563176
2,2.4560312460970377,0.4789158038597634
2,2.4565548988147556,0.4787969576736941
2,2.4570785515324736,0.47867823789556496
2,2.4576022042501915,0.4785596444339717
2,2.458125856967909,0.47844117719887436
2,2.458649509685627,0.47832283609523074
2,2.459173162403345,0.47820462103391037
2,2.4596968151210628,0.47808653192259953
2,2.4602204678387807,0.47796856866943926
2,2.4607441205564986,0.47785073118302535
2,2.4612677732742165,0.47773301937377255
2,2.4617914259919345,0.4776154331498219
2,2.4623150787096524,0.4774979724197692
2,2.4628387314273703,0.4773806370935745
2,2.4633623841450882,0.47726342707937874
2,2.463886036862806,0.4771463422875968
2,2.464409689580524,0.47702938262773387
2,2.464933342298242,0.47691254800975
2,2.46545699501596,0.47679583834224104
2,2.465980647733678,0.47667925353516694
2,2.466504300451396,0.4765627934989425
2,2.4670279531691137,0.47644645814398245
2,2.4675516058868316,0.4763302473802469
2,2.4680752586045496,0.476214161117241
2,2.4685989113222675,0.4760981992658344
2,2.4691225640399854,0.47598236173689656
2,2.4696462167577033,0.475866648441297
2,2.4701698694754213,0.4757510592894505
2,2.470693522193139,0.4756355941908623
2,2.471217174910857,0.4755202530573115
2,2.471740827628575,0.4754050358010318
2,2.472264480346293,0.47528994233243793
2,2.472788133064011,0.47517497256149
2,2.473311785781729,0.47506012640087647
2,2.4738354384994468,0.4749454037628311
2,2.4743590912171647,0.4748308045559497
2,2.4748827439348826,0.47471632869519453
2,2.4754063966526005,0.4746019760918898
2,2.4759300493703185,0.4744877466550861
2,2.4764537020880364,0.47437364030020035
2,2.4769773548057543,0.4742596569376474
2,2.4775010075234722,0.47414579647784194
2,2.47802466024119,0.4740320588375653
2,2.478548312958908,0.4739184439276869
2,2.479071965676626,0.47380495165725733
2,2.479595618394344,0.4736915819430578
2,2.480119271112062,0.4735783346968674
2,2.48064292382978,0.4734652098300103
2,2.4811665765474977,0.47335220725653926
2,2.4816902292652157,0.4732393268905071
2,2.4822138819829336,0.473126568643238
2,2.4827375347006515,0.47301393242878476
2,2.4832611874183694,0.4729014181612001
2,2.4837848401360874,0.4727890257531726
2,2.4843084928538053,0.47267675511875495
2,2.484832145571523,0.4725646061710904
2,2.485355798289241,0.47245257882423175
2,2.485879451006959,0.4723406729922317
2,2.486403103724677,0.4722288885895978
2,2.486926756442395,0.47211722552992796
2,2.487450409160113,0.4720056837277298
2,2.4879740618778303,0.4718942630966012
2,2.4884977145955482,0.4717829635515045
2,2.489021367313266,0.4716717850069472
2,2.489545020030984,0.47156072737789145
2,2.490068672748702,0.4714497905792996
2,2.49059232546642,0.47133897452522433
2,2.491115978184138,0.4712282791306279
2,2.491639630901856,0.4711177043113821
2,2.4921632836195737,0.47100724998244914
2,2.4926869363372917,0.47089691605879125
2,2.4932105890550096,0.4707867024553707
2,2.4937342417727275,0.47067660908851394
2,2.4942578944904454,0.470566635875457
2,2.4947815472081634,0.47045678272797886
2,2.4953051999258813,0.470347049564225
2,2.495828852643599,0.4702374363000672
2,2.496352505361317,0.47012794285046766
2,2.496876158079035,0.4700185691335719
2,2.497399810796753,0.4699093150643421
2,2.497923463514471,0.4698001805591048
2,2.498447116232189,0.4696911655337317
2,2.4989707689499068,0.46958226990500407
2,2.4994944216676247,0.4694734935910674
2,2.5000180743853426,0.4693648365073386
2,2.5005417271030606,0.4692562985701443
2,2.5010653798207785,0.4691478796980846
2,2.5015890325384964,0.46903957980612176
2,2.5021126852562143,0.4689313988124013
2,2.5026363379739323,0.46882333663643294
2,2.50315999069165,0.46871539319272415
2,2.503683643409368,0.4686075683980562
2,2.504207296127086,0.4684998621728482
2,2.504730948844804,0.4683922744325173
2,2.505254601562522,0.46828480509520887
2,2.50577825428024,0.46817745408043265
2,2.5063019069979577,0.46807022130542464
2,2.5068255597156757,0.4679631066865113
2,2.5073492124333936,0.46785611014274764
2,2.5078728651511115,0.4677492315950076
2,2.5083965178688294,0.4676424709582534
2,2.5089201705865474,0.4675358281510853
2,2.5094438233042653,0.4674293030939225
2,2.5099674760219832,0.4673228957053652
2,2.510491128739701,0.4672166059040137
2,2.511014781457419,0.4671104336080134
2,2.511538434175137,0.46700437873596456
2,2.512062086892855,0.4668984412082864
2,2.512585739610573,0.4667926209435791
2,2.513109392328291,0.46668691785998817
2,2.5136330450460087,0.46658133187929707
2,2.5141566977637266,0.46647586291965126
2,2.5146803504814446,0.46637051090010573
2,2.5152040031991625,0.4662652757415344
2,2.5157276559168804,0.46616015736344707
2,2.5162513086345983,0.46605515568489864
2,2.5167749613523163,0.46595027062630834
2,2.517298614070034,0.4658455021080954
2,2.5178222667877517,0.465740850050679
2,2.5183459195054696,0.4656363143735689
2,2.5188695722231875,0.4655318949980938
2,2.5193932249409055,0.4654275918442181
2,2.5199168776586234,0.4653234048319064
2,2.5204405303763413,0.46521933388248726
2,2.5209641830940592,0.4651153789172895
2,2.521487835811777,0.465011539857187
2,2.522011488529495,0.4649078166221443
2,2.522535141247213,0.46480420913303533
2,2.523058793964931,0.46470071731300777
2,2.523582446682649,0.46459734108157136
2,2.524106099400367,0.46449408036050954
2,2.5246297521180847,0.46439093507206053
2,2.5251534048358026,0.46428790513664353
2,2.5256770575535206,0.464184990477861
2,2.5262007102712385,0.4640821910156774
2,2.5267243629889564,0.46397950667187615
2,2.5272480157066743,0.46387693736915026
2,2.5277716684243923,0.46377448303019264
2,2.52829532114211,0.46367214357678677
2,2.528818973859828,0.46356991893026134
2,2.529342626577546,0.4634678090142188
2,2.529866279295264,0.4633658137504426
2,2.530389932012982,0.4632639330616257
2,2.5309135847307,0.4631621668704611
2,2.5314372374484178,0.4630605151000964
2,2.5319608901661357,0.4629589776723151
2,2.5324845428838536,0.46285755451162913
2,2.5330081956015715,0.4627562455411862
2,2.5335318483192895,0.46265505068140556
2,2.5340555010370074,0.4625539698577086
2,2.5345791537547253,0.4624530029941525
2,2.5351028064724432,0.46235215001297547
2,2.535626459190161,0.46225141083823473
2,2.536150111907879,0.4621507853926232
2,2.536673764625597,0.4620502736011076
2,2.537197417343315,0.46194987538683563
2,2.537721070061033,0.4618495906734097
2,2.538244722778751,0.461749419386706
2,2.5387683754964687,0.46164936144896274
2,2.5392920282141866,0.46154941678469186
2,2.5398156809319046,0.4614495853184053
2,2.5403393336496225,0.4613498669755245
2,2.5408629863673404,0.4612502616796519
2,2.5413866390850584,0.4611507693543899
2,2.5419102918027763,0.461051389926979
2,2.542433944520494,0.4609521233205669
2,2.542957597238212,0.460852969458756
2,2.54348124995593,0.46075392826833195
2,2.544004902673648,0.46065499967562573
2,2.544528555391366,0.46055618360378503
2,2.545052208109084,0.46045747997777653
2,2.5455758608268018,0.4603588887252954
2,2.5460995135445197,0.46026040976948934
2,2.5466231662622376,0.46016204303623454
2,2.547146818979955,0.4600637884536809
2,2.547670471697673,0.45996564594497613
2,2.548194124415391,0.45986761543554167
2,2.548717777133109,0.45976969685398217
2,2.549241429850827,0.45967189012435483
2,2.5497650825685447,0.45957419517253584
2,2.5502887352862627,0.45947661192712985
2,2.5508123880039806,0.45937914031310356
2,2.5513360407216985,0.4592817802549689
2,2.5518596934394164,0.4591845316817853
2,2.5523833461571344,0.4590873945198837
2,2.5529069988748523,0.45899036869468546
2,2.55343065159257,0.45889345413525007
2,2.553954304310288,0.45879665076608944
2,2.554477957028006,0.458699958514444
2,2.555001609745724,0.4586033773089184
2,2.555525262463442,0.4585069070762984
2,2.55604891518116,0.45841054774336953
2,2.5565725678988778,0.4583142992369176
2,2.5570962206165957,0.45821816148554717
2,2.5576198733343136,0.458122134416044
2,2.5581435260520315,0.45802621795746745
2,2.5586671787697495,0.4579304120361485
2,2.5591908314874674,0.45783471657887276
2,2.5597144842051853,0.4577391315165187
2,2.5602381369229033,0.4576436567754172
2,2.560761789640621,0.45754829228417293
2,2.561285442358339,0.45745303797002634
2,2.561809095076057,0.4573578937615821
2,2.562332747793775,0.4572628595888091
2,2.562856400511493,0.45716793537894773
2,2.563380053229211,0.4570731210596932
2,2.5639037059469287,0.4569784165614692
2,2.5644273586646467,0.4568838218124256
2,2.5649510113823646,0.45678933674025757
2,2.5654746641000825,0.456694961276753
2,2.5659983168178004,0.45660069534778813
2,2.5665219695355184,0.45650653888378656
2,2.5670456222532363,0.45641249181517196
2,2.567569274970954,0.4563185540696395
2,2.568092927688672,0.4562247255771581
2,2.56861658040639,0.45613100626678715
2,2.569140233124108,0.4560373960698598
2,2.569663885841826,0.455943894914526
2,2.570187538559544,0.4558505027302999
2,2.5707111912772618,0.4557572194480599
2,2.5712348439949797,0.4556640449968654
2,2.5717584967126976,0.4555709793075948
2,2.5722821494304156,0.45547802231021706
2,2.5728058021481335,0.45538517393515576
2,2.5733294548658514,0.4552924341119251
2,2.5738531075835693,0.4551998027714035
2,2.5743767603012873,0.45510727984492405
2,2.574900413019005,0.45501486526200097
2,2.575424065736723,0.4549225589530579
2,2.575947718454441,0.45483036085033746
2,2.576471371172159,0.45473827088426333
2,2.5769950238898764,0.4546462889848044
2,2.5775186766075944,0.4545544150837486
2,2.5780423293253123,0.4544626491128838
2,2.5785659820430302,0.4543709910017242
2,2.579089634760748,0.45427944068433135
2,2.579613287478466,0.45418799808931
2,2.580136940196184,0.45409666314890273
2,2.580660592913902,0.454005435795807
2,2.58118424563162,0.4539143159613559
2,2.581707898349338,0.4538233035768826
2,2.5822315510670557,0.453732398574175
2,2.5827552037847736,0.4536416008863853
2,2.5832788565024916,0.4535509104443918
2,2.5838025092202095,0.4534603271790729
2,2.5843261619379274,0.4533698510258546
2,2.5848498146556453,0.4532794819156152
2,2.5853734673733633,0.45318921977968785
2,2.585897120091081,0.4530990645516795
2,2.586420772808799,0.4530090161647422
2,2.586944425526517,0.45291907455066394
2,2.587468078244235,0.45282923964123256
2,2.587991730961953,0.45273951137187396
2,2.588515383679671,0.45264988967346653
2,2.5890390363973887,0.45256037448052666
2,2.5895626891151067,0.45247096572484224
2,2.5900863418328246,0.4523816633395654
2,2.5906099945505425,0.45229246726012207
2,2.5911336472682605,0.4522033774173906
2,2.5916572999859784,0.45211439374497786
2,2.5921809527036963,0.45202551617830977
2,2.5927046054214142,0.4519367446519027
2,2.593228258139132,0.45184807909572555
2,2.59375191085685,0.4517595194452042
2,2.594275563574568,0.45167106563667403
2,2.594799216292286,0.4515827176014682
2,2.595322869010004,0.4514944752736483
2,2.595846521727722,0.45140633858818546
2,2.5963701744454397,0.4513183074786866
2,2.5968938271631576,0.45123038188194187
2,2.5974174798808756,0.45114256173110334
2,2.5979411325985935,0.4510548469584137
2,2.5984647853163114,0.4509672375011178
2,2.5989884380340293,0.45087973329327724
2,2.5995120907517473,0.45079233426940846
2,2.600035743469465,0.45070504036448256
2,2.600559396187183,0.4506178515139254
2,2.601083048904901,0.45053076765270816
2,2.601606701622619,0.4504437887144377
2,2.602130354340337,0.45035691463726835
2,2.602654007058055,0.450270145354807
2,2.6031776597757728,0.45018348080202486
2,2.6037013124934907,0.45009692091571196
2,2.6042249652112086,0.45001046562992997
2,2.6047486179289265,0.449924114881469
2,2.6052722706466445,0.44983786860620967
2,2.6057959233643624,0.4497517267400326
2,2.6063195760820803,0.44966568921790895
2,2.606843228799798,0.44957975597617406
2,2.6073668815175157,0.44949392695161805
2,2.6078905342352336,0.44940820208012155
2,2.6084141869529516,0.44932258129711045
2,2.6089378396706695,0.4492370645407391
2,2.6094614923883874,0.44915165174643334
2,2.6099851451061054,0.4490663428496191
2,2.6105087978238233,0.44898113778890547
2,2.611032450541541,0.44889603650108256
2,2.611556103259259,0.44881103892066676
2,2.612079755976977,0.4487261449858124
2,2.612603408694695,0.4486413546346739
2,2.613127061412413,0.4485566678026771
2,2.613650714130131,0.44847208442797637
2,2.6141743668478488,0.44838760444690706
2,2.6146980195655667,0.4483032277971688
2,2.6152216722832846,0.4482189544164612
2,2.6157453250010025,0.4481347842420291
2,2.6162689777187205,0.44805071721111744
2,2.6167926304364384,0.44796675326279
2,2.6173162831541563,0.4478828923333822
2,2.6178399358718742,0.44779913436013885
2,2.618363588589592,0.4477154792825786
2,2.61888724130731,0.4476319270379463
2,2.619410894025028,0.44754847756394156
2,2.619934546742746,0.44746513079962824
2,2.620458199460464,0.4473818866831607
2,2.620981852178182,0.44729874515223855
2,2.6215055048958997,0.44721570614501616
2,2.6220291576136177,0.44713276960055737
2,2.6225528103313356,0.4470499354583808
2,2.6230764630490535,0.4469672036570955
2,2.6236001157667714,0.44688457413303695
2,2.6241237684844894,0.44680204682572366
2,2.6246474212022073,0.4467196216760385
2,2.625171073919925,0.44663729862213586
2,2.625694726637643,0.4465550776026248
2,2.626218379355361,0.44647295855611446
2,2.626742032073079,0.4463909414239424
2,2.627265684790797,0.4463090261447178
2,2.627789337508515,0.44622721265659493
2,2.6283129902262328,0.44614550089909244
2,2.6288366429439507,0.4460638908126384
2,2.6293602956616686,0.44598238233766097
2,2.6298839483793865,0.4459009754127692
2,2.6304076010971045,0.4458196699774817
2,2.6309312538148224,0.44573846597313604
2,2.6314549065325403,0.4456573633392509
2,2.6319785592502583,0.44557636201489004
2,2.632502211967976,0.44549546194093637
2,2.633025864685694,0.44541466305781796
2,2.633549517403412,0.4453339653059629
2,2.63407317012113,0.4452533686262541
2,2.634596822838848,0.44517287295730057
2,2.635120475556566,0.44509247824134945
2,2.6356441282742837,0.44501218441882884
2,2.6361677809920017,0.4449319914301668
2,2.636691433709719,0.444851899216701
2,2.637215086427437,0.44477190771794994
2,2.637738739145155,0.4446920168766155
2,2.638262391862873,0.4446122266335806
2,2.638786044580591,0.44453253692881844
2,2.6393096972983088,0.4444529477045762
2,2.6398333500160267,0.44437345890264623
2,2.6403570027337446,0.4442940704625471
2,2.6408806554514626,0.44421478232698064
2,2.6414043081691805,0.44413559443819395
2,2.6419279608868984,0.4440565067375246
2,2.6424516136046163,0.4439775191658555
2,2.6429752663223343,0.44389863166543364
2,2.643498919040052,0.4438198441775967
2,2.64402257175777,0.44374115664504643
2,2.644546224475488,0.44366256901048473
2,2.645069877193206,0.4435840812147944
2,2.645593529910924,0.44350569320158684
2,2.646117182628642,0.4434274049117448
2,2.6466408353463597,0.4433492162879702
2,2.6471644880640777,0.44327112727251006
2,2.6476881407817956,0.44319313780897573
2,2.6482117934995135,0.44311524784097855
2,2.6487354462172314,0.44303745730758237
2,2.6492590989349494,0.4429597661542175
2,2.6497827516526673,0.4428821743235858
2,2.6503064043703852,0.44280468175747956
2,2.650830057088103,0.44272728840041964
2,2.651353709805821,0.4426499941937436
2,2.651877362523539,0.4425727990837913
2,2.652401015241257,0.44249570301099084
2,2.652924667958975,0.44241870591940824
2,2.653448320676693,0.44234180775265486
2,2.6539719733944107,0.44226500845252303
2,2.6544956261121286,0.4421883079658073
2,2.6550192788298466,0.44211170623520957
2,2.6555429315475645,0.44203520320297685
2,2.6560665842652824,0.44195879881408473
2,2.6565902369830003,0.4418824930125993
2,2.6571138897007183,0.4418062857425866
2,2.657637542418436,0.44173017694674854
2,2.658161195136154,0.4416541665696059
2,2.658684847853872,0.44157825455749844
2,2.65920850057159,0.4415024408526733
2,2.659732153289308,0.4414267254001061
2,2.660255806007026,0.4413511081447723
2,2.6607794587247438,0.4412755890302833
2,2.6613031114424617,0.44120016800070516
2,2.6618267641601796,0.4411248450032872
2,2.6623504168778975,0.44104961998209546
2,2.6628740695956155,0.44097449287937707
2,2.6633977223133334,0.4408994636414718
2,2.6639213750310513,0.440824532215629
2,2.6644450277487692,0.44074969854409574
2,2.664968680466487,0.4406749625732118
2,2.665492333184205,0.44060032424931705
2,2.666015985901923,0.44052578351556804
2,2.6665396386196405,0.44045134031921407
2,2.6670632913373584,0.4403769946038665
2,2.6675869440550763,0.4403027463172293
2,2.6681105967727943,0.44022859540336867
2,2.668634249490512,0.4401545418081696
2,2.66915790220823,0.4400805854788814
2,2.669681554925948,0.44000672636047966
2,2.670205207643666,0.4399329643993042
2,2.670728860361384,0.43985929953942104
2,2.671252513079102,0.4397857317285343
2,2.6717761657968198,0.43971226091389326
2,2.6722998185145377,0.4396388870404735
2,2.6728234712322556,0.4395656100546148
2,2.6733471239499735,0.4394924299035665
2,2.6738707766676915,0.43941934653366843
2,2.6743944293854094,0.4393463598894414
2,2.6749180821031273,0.43927346991995364
2,2.6754417348208452,0.4392006765729093
2,2.675965387538563,0.4391279797914649
2,2.676489040256281,0.4390553795251435
2,2.677012692973999,0.4389828757216492
2,2.677536345691717,0.43891046832459324
2,2.678059998409435,0.4388381572844082
2,2.678583651127153,0.4387659425469792
2,2.6791073038448707,0.43869382406001023
2,2.6796309565625887,0.4386218017707506
2,2.6801546092803066,0.43854987562554015
2,2.6806782619980245,0.43847804557435666
2,2.6812019147157424,0.43840631156263044
2,2.6817255674334604,0.4383346735385203
2,2.6822492201511783,0.4382631314506398
2,2.682772872868896,0.4381916852453287
2,2.683296525586614,0.43812033487165536
2,2.683820178304332,0.4380490802782333
2,2.68434383102205,0.43797792141140235
2,2.684867483739768,0.4379068582202308
2,2.685391136457486,0.4378358906528774
2,2.6859147891752038,0.43776501865750106
2,2.6864384418929217,0.43769424218180575
2,2.6869620946106396,0.4376235611757693
2,2.6874857473283575,0.43755297558755046
2,2.6880094000460755,0.43748248536485335
2,2.6885330527637934,0.43741209045583673
2,2.6890567054815113,0.4373417908095689
2,2.6895803581992292,0.4372715863787562
2,2.690104010916947,0.4372014771074646
2,2.690627663634665,0.43713146294476246
2,2.691151316352383,0.43706154384244655
2,2.691674969070101,0.43699171974822093
2,2.692198621787819,0.43692199061069914
2,2.692722274505537,0.4368523563812232
2,2.6932459272232547,0.4367828170074972
2,2.6937695799409727,0.43671337243858943
2,2.6942932326586906,0.4366440226249324
2,2.6948168853764085,0.4365747675151397
2,2.6953405380941264,0.4365056070605533
2,2.6958641908118444,0.4364365412097868
2,2.696387843529562,0.436367569912818
2,2.6969114962472798,0.43629869311871516
2,2.6974351489649977,0.43622991077972983
2,2.6979588016827156,0.4361612228431113
2,2.6984824544004336,0.4360926292597469
2,2.6990061071181515,0.43602412998143336
2,2.6995297598358694,0.435955724957239
2,2.7000534125535873,0.43588741413668686
2,2.7005770652713053,0.43581919747111897
2,2.701100717989023,0.4357510749109679
2,2.701624370706741,0.43568304640621136
2,2.702148023424459,0.4356151119095557
2,2.702671676142177,0.4355472713691597
2,2.703195328859895,0.4354795247363654
2,2.703718981577613,0.4354118719629696
2,2.7042426342953307,0.43534431299804055
2,2.7047662870130487,0.43527684779610354
2,2.7052899397307666,0.4352094763057721
2,2.7058135924484845,0.4351421984765693
2,2.7063372451662024,0.4350750142625657
2,2.7068608978839204,0.4350079236141937
2,2.7073845506016383,0.4349409264809765
2,2.707908203319356,0.43487402281834875
2,2.708431856037074,0.4348072125753788
2,2.708955508754792,0.4347404957020444
2,2.70947916147251,0.43467387215332565
2,2.710002814190228,0.4346073418787455
2,2.710526466907946,0.4345409048305555
2,2.711050119625664,0.43447456096100723
2,2.7115737723433817,0.43440831022235216
2,2.7120974250610996,0.4343421525654776
2,2.7126210777788176,0.4342760879439993
2,2.7131447304965355,0.4342101163083498
2,2.7136683832142534,0.4341442376116902
2,2.7141920359319713,0.4340784518080909
2,2.7147156886496893,0.4340127588461655
2,2.715239341367407,0.43394715868089406
2,2.715762994085125,0.43388165126452805
2,2.716286646802843,0.43381623654886425
2,2.716810299520561,0.43375091448751846
2,2.717333952238279,0.4336856850336517
2,2.717857604955997,0.43362054813951545
2,2.7183812576737147,0.43355550375690655
2,2.7189049103914327,0.4334905518398955
2,2.7194285631091506,0.4334256923416433
2,2.7199522158268685,0.433360925215311
2,2.7204758685445865,0.43329625041360487
2,2.7209995212623044,0.43323166789014067
2,2.7215231739800223,0.43316717759807943
2,2.7220468266977402,0.43310277948921794
2,2.722570479415458,0.43303847352080993
2,2.723094132133176,0.4329742596446522
2,2.723617784850894,0.43291013781299625
2,2.724141437568612,0.4328461079803674
2,2.72466509028633,0.43278217010038134
2,2.725188743004048,0.4327183241284729
2,2.7257123957217657,0.4326545700173483
2,2.726236048439483,0.43259090772062336
2,2.726759701157201,0.43252733719191383
2,2.727283353874919,0.4324638583861997
2,2.727807006592637,0.4324004712580063
2,2.728330659310355,0.43233717576231356
2,2.728854312028073,0.4322739718509183
2,2.7293779647457908,0.4322108594801648
2,2.7299016174635087,0.4321478386045783
2,2.7304252701812266,0.4320849091773198
2,2.7309489228989445,0.43202207115473357
2,2.7314725756166625,0.43195932449089014
2,2.7319962283343804,0.43189666913895053
2,2.7325198810520983,0.4318341050561685
2,2.7330435337698162,0.431771632197524
2,2.733567186487534,0.4317092505157234
2,2.734090839205252,0.4316469599671109
2,2.73461449192297,0.4315847605066665
2,2.735138144640688,0.43152265208937024
2,2.735661797358406,0.4314606346720211
2,2.736185450076124,0.43139870820868964
2,2.7367091027938417,0.43133687265435583
2,2.7372327555115596,0.4312751279649092
2,2.7377564082292776,0.4312134740962392
2,2.7382800609469955,0.4311519110037807
2,2.7388037136647134,0.4310904386425136
2,2.7393273663824314,0.4310290569701465
2,2.7398510191001493,0.43096776594029507
2,2.740374671817867,0.43090656551066786
2,2.740898324535585,0.4308454556362449
2,2.741421977253303,0.4307844362724609
2,2.741945629971021,0.4307235073765696
2,2.742469282688739,0.43066266890400584
2,2.742992935406457,0.43060192081247806
2,2.7435165881241748,0.430541263057421
2,2.7440402408418927,0.4304806955942695
2,2.7445638935596106,0.4304202183798225
2,2.7450875462773285,0.4303598313713337
2,2.7456111989950465,0.4302995345256022
2,2.7461348517127644,0.430239327799427
2,2.7466585044304823,0.43017921114824276
2,2.7471821571482002,0.4301191845293033
2,2.747705809865918,0.4300592479012266
2,2.748229462583636,0.4299994012180832
2,2.748753115301354,0.42993964443894583
2,2.749276768019072,0.42987997752061347
2,2.74980042073679,0.4298204004189756
2,2.750324073454508,0.4297609130935598
2,2.7508477261722257,0.42970151549980073
2,2.7513713788899437,0.42964220759631644
2,2.7518950316076616,0.42958298933945116
2,2.7524186843253795,0.4295238606860039
2,2.7529423370430974,0.42946482159550214
2,2.7534659897608154,0.4294058720265639
2,2.7539896424785333,0.4293470119337144
2,2.754513295196251,0.42928824127466214
2,2.755036947913969,0.42922956001075363
2,2.755560600631687,0.42917096809787836
2,2.7560842533494045,0.42911246549419957
2,2.7566079060671225,0.429054052156971
2,2.7571315587848404,0.4289957280448107
2,2.7576552115025583,0.4289374931167913
2,2.7581788642202762,0.42887934733016664
2,2.758702516937994,0.4288212906440094
2,2.759226169655712,0.42876332301693765
2,2.75974982237343,0.42870544440529557
2,2.760273475091148,0.4286476547699749
2,2.760797127808866,0.4285899540700484
2,2.761320780526584,0.4285323422614056
2,2.7618444332443017,0.42847481930402864
2,2.7623680859620197,0.42841738515789984
2,2.7628917386797376,0.4283600397820919
2,2.7634153913974555,0.4283027831329491
2,2.7639390441151734,0.4282456151709084
2,2.7644626968328914,0.4281885358564068
2,2.7649863495506093,0.42813154514669804
2,2.765510002268327,0.4280746430022191
2,2.766033654986045,0.4280178293811332
2,2.766557307703763,0.4279611042434226
2,2.767080960421481,0.42790446754952427
2,2.767604613139199,0.4278479192580562
2,2.768128265856917,0.42779145932718166
2,2.7686519185746348,0.4277350877182471
2,2.7691755712923527,0.42767880439123473
2,2.7696992240100706,0.42762260930430784
2,2.7702228767277886,0.4275665024188129
2,2.7707465294455065,0.42751048369427735
2,2.7712701821632244,0.42745455308931923
2,2.7717938348809423,0.42739871056573975
2,2.7723174875986603,0.42734295608352113
2,2.772841140316378,0.42728728960219087
2,2.773364793034096,0.4272317110826407
2,2.773888445751814,0.4271762204834886
2,2.774412098469532,0.42712081776653577
2,2.77493575118725,0.427065502892674
2,2.775459403904968,0.4270102758214307
2,2.7759830566226857,0.42695513651278816
2,2.7765067093404037,0.4269000849294571
2,2.7770303620581216,0.42684512103096495
2,2.7775540147758395,0.42679024477683924
2,2.7780776674935574,0.42673545613024544
2,2.7786013202112754,0.42668075505116576
2,2.7791249729289933,0.4266261415000372
2,2.7796486256467112,0.4265716154372967
2,2.780172278364429,0.4265171768270193
2,2.780695931082147,0.4264628256278229
2,2.781219583799865,0.42640856179923503
2,2.781743236517583,0.4263543853076044
2,2.782266889235301,0.42630029611245845
2,2.782790541953019,0.42624629417196047
2,2.7833141946707367,0.42619237945064015
2,2.7838378473884546,0.42613855190893446
2,2.7843615001061726,0.4260848115100089
2,2.7848851528238905,0.4260311582147551
2,2.7854088055416084,0.4259775919836102
2,2.785932458259326,0.42592411278110376
2,2.786456110977044,0.4258707205663086
2,2.7869797636947617,0.42581741530329964
2,2.7875034164124797,0.4257641969525139
2,2.7880270691301976,0.4257110654771168
2,2.7885507218479155,0.4256580208393643
2,2.7890743745656335,0.4256050629996935
2,2.7895980272833514,0.4255521919230887
2,2.7901216800010693,0.4254994075731702
2,2.7906453327187872,0.42544670990673694
2,2.791168985436505,0.42539409888877344
2,2.791692638154223,0.4253415744847189
2,2.792216290871941,0.425289136653646
2,2.792739943589659,0.4252367853605392
2,2.793263596307377,0.42518452056674505
2,2.793787249025095,0.4251323422358837
2,2.7943109017428127,0.4250802503306659
2,2.7948345544605306,0.42502824481243806
2,2.7953582071782486,0.4249763256470942
2,2.7958818598959665,0.42492449279598077
2,2.7964055126136844,0.42487274622226323
2,2.7969291653314023,0.4248210858913808
2,2.7974528180491203,0.4247695117624062
2,2.797976470766838,0.4247180238007786
2,2.798500123484556,0.4246666219719373
2,2.799023776202274,0.4246153062367739
2,2.799547428919992,0.4245640765607277
2,2.80007108163771,0.42451293290514514
2,2.800594734355428,0.4244618752336464
2,2.8011183870731458,0.42441090351348976
2,2.8016420397908637,0.42436001770556686
2,2.8021656925085816,0.42430921777349795
2,2.8026893452262995,0.4242585036827222
2,2.8032129979440175,0.42420787539640514
2,2.8037366506617354,0.4241573328790764
2,2.8042603033794533,0.424106876094811
2,2.8047839560971712,0.4240565050067744
2,2.805307608814889,0.424006219579951
2,2.805831261532607,0.4239560197802348
2,2.806354914250325,0.42390590556897223
2,2.806878566968043,0.4238558769120573
2,2.807402219685761,0.4238059337753839
2,2.807925872403479,0.4237560761216628
2,2.8084495251211967,0.4237063039158784
2,2.8089731778389146,0.42365661712301517
2,2.8094968305566326,0.4236070157080576
2,2.8100204832743505,0.42355749963553535
2,2.8105441359920684,0.4235080688695234
2,2.8110677887097864,0.4234587233768252
2,2.8115914414275043,0.4234094631219705
2,2.812115094145222,0.42336028806903414
2,2.81263874686294,0.4233111981825459
2,2.813162399580658,0.42326219343021876
2,2.813686052298376,0.42321327377658235
2,2.814209705016094,0.4231644391848022
2,2.814733357733812,0.42311568962259116
2,2.8152570104515298,0.42306702505402427
2,2.8157806631692472,0.42301844544681444
2,2.816304315886965,0.42296995076503663
2,2.816827968604683,0.42292154097322054
2,2.817351621322401,0.42287321603816963
2,2.817875274040119,0.4228249759262326
2,2.818398926757837,0.42277682060330335
2,2.818922579475555,0.42272875003482113
2,2.8194462321932727,0.4226807641866799
2,2.8199698849109907,0.42263286302477354
2,2.8204935376287086,0.42258504651499607
2,2.8210171903464265,0.4225373146241509
2,2.8215408430641444,0.4224896673185867
2,2.8220644957818624,0.422442104563288
2,2.8225881484995803,0.42239462632733193
2,2.823111801217298,0.42234723257570295
2,2.823635453935016,0.422299923272476
2,2.824159106652734,0.42225269838718305
2,2.824682759370452,0.42220555788617276
2,2.82520641208817,0.4221585017353391
2,2.825730064805888,0.42211152990103074
2,2.8262537175236058,0.42206464235096064
2,2.8267773702413237,0.42201783905193224
2,2.8273010229590416,0.42197111997120373
2,2.8278246756767595,0.4219244850742143
2,2.8283483283944775,0.42187793432867693
2,2.8288719811121954,0.421831467703214
2,2.8293956338299133,0.42178508516281
2,2.8299192865476313,0.4217387866756326
2,2.830442939265349,0.4216925722103042
2,2.830966591983067,0.4216464417318093
2,2.831490244700785,0.42160039520877035
2,2.832013897418503,0.42155443260890024
2,2.832537550136221,0.42150855389900244
2,2.833061202853939,0.4214627590472446
2,2.8335848555716567,0.4214170480222492
2,2.8341085082893747,0.4213714207899102
2,2.8346321610070926,0.42132587731884996
2,2.8351558137248105,0.4212804175767815
2,2.8356794664425284,0.42123504153050817
2,2.8362031191602464,0.4211897491518357
2,2.8367267718779643,0.42114454040574856
2,2.837250424595682,0.4210994152585954
2,2.8377740773134,0.4210543736821819
2,2.838297730031118,0.42100941564376626
2,2.838821382748836,0.42096454111151616
2,2.839345035466554,0.4209197500535993
2,2.839868688184272,0.4208750424372738
2,2.8403923409019898,0.4208304182320717
2,2.8409159936197077,0.4207858774061606
2,2.8414396463374256,0.4207414199308914
2,2.8419632990551436,0.4206970457717034
2,2.8424869517728615,0.4206527548963095
2,2.8430106044905794,0.42060854727787955
2,2.8435342572082973,0.4205644228818528
2,2.8440579099260153,0.4205203816768517
2,2.844581562643733,0.42047642363468185
2,2.8451052153614507,0.42043254872214675
2,2.8456288680791686,0.42038875690923305
2,2.8461525207968865,0.4203450481654727
2,2.8466761735146044,0.42030142245812385
2,2.8471998262323224,0.42025787975944695
2,2.8477234789500403,0.4202144200367002
2,2.8482471316677582,0.42017104325759647
2,2.848770784385476,0.4201277493957605
2,2.849294437103194,0.4200845384193599
2,2.849818089820912,0.4200414102956529
2,2.85034174253863,0.4199983649968999
2,2.850865395256348,0.41995540249172336
2,2.851389047974066,0.4199125227496552
2,2.8519127006917837,0.41986972574159154
2,2.8524363534095016,0.4198270114375191
2,2.8529600061272196,0.4197843798046961
2,2.8534836588449375,0.41974183081447336
2,2.8540073115626554,0.4196993644395661
2,2.8545309642803733,0.4196569806476873
2,2.8550546169980913,0.41961467940973307
2,2.855578269715809,0.41957246069523535
2,2.856101922433527,0.41953032447463556
2,2.856625575151245,0.4194882707188299
2,2.857149227868963,0.4194462993968955
2,2.857672880586681,0.4194044104833665
2,2.858196533304399,0.4193626039445917
2,2.8587201860221167,0.41932087975055765
2,2.8592438387398347,0.41927923787579857
2,2.8597674914575526,0.41923767828848213
2,2.8602911441752705,0.41919620095995924
2,2.8608147968929885,0.4191548058615808
2,2.8613384496107064,0.4191134929646978
2,2.8618621023284243,0.41907226223929683
2,2.8623857550461422,0.41903111365581935
2,2.86290940776386,0.418990047186071
2,2.863433060481578,0.4189490628018575
2,2.863956713199296,0.41890816047498447
2,2.864480365917014,0.41886734017407434
2,2.865004018634732,0.41882660187047804
2,2.86552767135245,0.4187859455396392
2,2.8660513240701677,0.41874537115154453
2,2.8665749767878856,0.4187048786752712
2,2.8670986295056036,0.4186644680826248
2,2.8676222822233215,0.41862413934677534
2,2.8681459349410394,0.4185838924413474
2,2.8686695876587573,0.41854372733359924
2,2.8691932403764753,0.4185036439985197
2,2.869716893094193,0.4184636424074597
2,2.870240545811911,0.4184237225317702
2,2.870764198529629,0.4183838843432568
2,2.871287851247347,0.4183441278146347
2,2.871811503965065,0.4183044529190738
2,2.872335156682783,0.4182648596256513
2,2.8728588094005008,0.4182253479079918
2,2.8733824621182187,0.4181859177401748
2,2.8739061148359366,0.4181465690940058
2,2.8744297675536545,0.41810730193947165
2,2.874953420271372,0.4180681162520159
2,2.87547707298909,0.41802901200253473
2,2.876000725706808,0.4179899891637433
2,2.876524378424526,0.41795104770790203
2,2.8770480311422437,0.4179121876099998
2,2.8775716838599616,0.4178734088409328
2,2.8780953365776796,0.4178347113715972
2,2.8786189892953975,0.41779609517925564
2,2.8791426420131154,0.41775756023389476
2,2.8796662947308334,0.4177191065086845
2,2.8801899474485513,0.41768073397906846
2,2.880713600166269,0.4176424426154881
2,2.881237252883987,0.4176042323920228
2,2.881760905601705,0.417566103280933
2,2.882284558319423,0.41752805525948133
2,2.882808211037141,0.41749008829583545
2,2.883331863754859,0.417452202365439
2,2.8838555164725768,0.41741439744464515
2,2.8843791691902947,0.4173766735020763
2,2.8849028219080126,0.41733903051272137
2,2.8854264746257305,0.4173014684533882
2,2.8859501273434485,0.41726398729588254
2,2.8864737800611664,0.4172265870129195
2,2.8869974327788843,0.41718926757857844
2,2.8875210854966022,0.4171520289669388
2,2.88804473821432,0.4171148711529895
2,2.888568390932038,0.4170777941108099
2,2.889092043649756,0.41704079781356995
2,2.889615696367474,0.417003882235349
2,2.890139349085192,0.416967047351136
2,2.89066300180291,0.41693029313182706
2,2.8911866545206277,0.4168936195560491
2,2.8917103072383457,0.4168570265978815
2,2.8922339599560636,0.41682051423049415
2,2.8927576126737815,0.41678408242751175
2,2.8932812653914994,0.4167477311634684
2,2.8938049181092174,0.41671146041426255
2,2.8943285708269353,0.4166752701544283
2,2.894852223544653,0.4166391603594093
2,2.895375876262371,0.41660313100237545
2,2.895899528980089,0.41656718205740617
2,2.896423181697807,0.4165313135026736
2,2.896946834415525,0.41649552530998335
2,2.897470487133243,0.4164598174538696
2,2.8979941398509608,0.4164241899143235
2,2.8985177925686787,0.41638864266087694
2,2.8990414452863966,0.41635317567079255
2,2.8995650980041145,0.41631778892224247
2,2.9000887507218325,0.41628248238703236
2,2.9006124034395504,0.41624725603969637
2,2.9011360561572683,0.4162121098574971
2,2.9016597088749863,0.41617704381542353
2,2.902183361592704,0.416142057889374
2,2.902707014310422,0.4161071520557016
2,2.90323066702814,0.4160723262893953
2,2.903754319745858,0.4160375805658987
2,2.904277972463576,0.4160029148583817
2,2.9048016251812934,0.41596832914592596
2,2.9053252778990113,0.4159338234067036
2,2.905848930616729,0.41589939761252026
2,2.906372583334447,0.4158650517397291
2,2.906896236052165,0.415830785763319
2,2.907419888769883,0.4157965996632811
2,2.907943541487601,0.415762493415059
2,2.908467194205319,0.41572846699273214
2,2.9089908469230368,0.4156945203712894
2,2.9095144996407547,0.41566065352935766
2,2.9100381523584726,0.41562686644601854
2,2.9105618050761906,0.41559315909353245
2,2.9110854577939085,0.41555953144825253
2,2.9116091105116264,0.4155259834883509
2,2.9121327632293443,0.41549251519245445
2,2.9126564159470623,0.41545912653373307
2,2.91318006866478,0.4154258174903589
2,2.913703721382498,0.4153925880400493
2,2.914227374100216,0.41535943815551946
2,2.914751026817934,0.41532636781766996
2,2.915274679535652,0.4152933770060372
2,2.91579833225337,0.4152604656915173
2,2.9163219849710877,0.41522763385319195
2,2.9168456376888057,0.4151948814710522
2,2.9173692904065236,0.4151622085191775
2,2.9178929431242415,0.4151296149743757
2,2.9184165958419594,0.4150971008157285
2,2.9189402485596774,0.41506466602095315
2,2.9194639012773953,0.41503231056594814
2,2.9199875539951132,0.41500003442979505
2,2.920511206712831,0.4149678375893018
2,2.921034859430549,0.4149357200203667
2,2.921558512148267,0.4149036817034357
2,2.922082164865985,0.4148717226162262
2,2.922605817583703,0.41483984273418173
2,2.923129470301421,0.4148080420336555
2,2.9236531230191387,0.41477632049782187
2,2.9241767757368566,0.41474467810121496
2,2.9247004284545746,0.41471311482064266
2,2.9252240811722925,0.41468163063973407
2,2.9257477338900104,0.4146502255298401
2,2.9262713866077283,0.4146188994732256
2,2.9267950393254463,0.4145876524466985
2,2.927318692043164,0.4145564844270666
2,2.927842344760882,0.4145253953975043
2,2.9283659974786,0.4144943853316363
2,2.928889650196318,0.41446345420854414
2,2.929413302914036,0.41443260200730947
2,2.929936955631754,0.4144018287088329
2,2.9304606083494718,0.41437113428992234
2,2.9309842610671897,0.4143405187287499
2,2.9315079137849076,0.4143099820034877
2,2.9320315665026255,0.4142795240936721
2,2.9325552192203435,0.4142491449783847
2,2.9330788719380614,0.4142188446357977
2,2.9336025246557793,0.4141886230477212
2,2.9341261773734972,0.41415848018823453
2,2.9346498300912147,0.41412841604005735
2,2.9351734828089326,0.414098430582726
2,2.9356971355266506,0.4140685237921389
2,2.9362207882443685,0.41403869564783236
2,2.9367444409620864,0.4140089461329808
2,2.9372680936798043,0.41397927522530154
2,2.9377917463975223,0.413949682902512
2,2.93831539911524,0.4139201691427843
2,2.938839051832958,0.41389073392929276
2,2.939362704550676,0.41386137724111904
2,2.939886357268394,0.41383209905552576
2,2.940410009986112,0.41380289935386827
2,2.94093366270383,0.41377377811477345
2,2.9414573154215478,0.41374473531959666
2,2.9419809681392657,0.41371577094787426
2,2.9425046208569836,0.4136868849795974
2,2.9430282735747015,0.4136580773943024
2,2.9435519262924195,0.4136293481692519
2,2.9440755790101374,0.4136006972867108
2,2.9445992317278553,0.41357212472848914
2,2.9451228844455732,0.41354363047503284
2,2.945646537163291,0.4135152145036045
2,2.946170189881009,0.4134868767932858
2,2.946693842598727,0.41345861732997946
2,2.947217495316445,0.41343043609049346
2,2.947741148034163,0.41340233305663787
2,2.948264800751881,0.4133743082084038
2,2.9487884534695987,0.41334636152305393
2,2.9493121061873167,0.4133184929860363
2,2.9498357589050346,0.4132907025750683
2,2.9503594116227525,0.413262990273779
2,2.9508830643404704,0.41323535606215955
2,2.9514067170581884,0.4132077999174726
2,2.9519303697759063,0.4131803218233472
2,2.952454022493624,0.41315292176159346
2,2.952977675211342,0.41312559971356677
2,2.95350132792906,0.413098355656075
2,2.954024980646778,0.41307118957365674
2,2.954548633364496,0.4130441014490316
2,2.955072286082214,0.4130170912599169
2,2.9555959387999318,0.4129901589894871
2,2.9561195915176497,0.41296330461909747
2,2.9566432442353676,0.4129365281282844
2,2.9571668969530855,0.412909829500677
2,2.9576905496708035,0.4128832087171759
2,2.9582142023885214,0.4128566657582269
2,2.9587378551062393,0.4128302006060949
2,2.9592615078239572,0.4128038132448637
2,2.959785160541675,0.412777503653615
2,2.960308813259393,0.41275127181233984
2,2.960832465977111,0.41272511770648634
2,2.961356118694829,0.41269904131740986
2,2.961879771412547,0.41267304262555626
2,2.962403424130265,0.41264712161364514
2,2.9629270768479827,0.41262127826303185
2,2.9634507295657007,0.41259551255689075
2,2.9639743822834186,0.41256982447703194
2,2.964498035001136,0.4125442140057203
2,2.965021687718854,0.4125186811252206
2,2.965545340436572,0.41249322581643355
2,2.96606899315429,0.41246784806435244
2,2.9665926458720078,0.4124425478512421
2,2.9671162985897257,0.41241732515709373
2,2.9676399513074436,0.4123921799650816
2,2.9681636040251616,0.4123671122583801
2,2.9686872567428795,0.41234212202243725
2,2.9692109094605974,0.4123172092349705
2,2.9697345621783153,0.4122923738791542
2,2.9702582148960333,0.4122676159427101
2,2.970781867613751,0.4122429354074484
2,2.971305520331469,0.4122183322501769
2,2.971829173049187,0.41219380645952697
2,2.972352825766905,0.4121693580191277
2,2.972876478484623,0.4121449869071512
2,2.973400131202341,0.4121206931108645
2,2.9739237839200587,0.4120964766116231
2,2.9744474366377767,0.41207233739214644
2,2.9749710893554946,0.41204827544015643
2,2.9754947420732125,0.4120242907329157
2,2.9760183947909304,0.4120003832576913
2,2.9765420475086484,0.41197655299856706
2,2.9770657002263663,0.41195279993462464
2,2.9775893529440842,0.4119291240522216
2,2.978113005661802,0.4119055253354418
2,2.97863665837952,0.41188200376836903
2,2.979160311097238,0.41185855933463245
2,2.979683963814956,0.4118351920169516
2,2.980207616532674,0.4118119017975914
2,2.980731269250392,0.41178868866336416
2,2.9812549219681097,0.4117655525974442
2,2.9817785746858276,0.4117424935825511
2,2.9823022274035456,0.4117195116050425
2,2.9828258801212635,0.41169660664945695
2,2.9833495328389814,0.4116737786939666
2,2.9838731855566993,0.411651027730386
2,2.9843968382744173,0.4116283537405252
2,2.984920490992135,0.4116057567052849
2,2.985444143709853,0.4115832366132963
2,2.985967796427571,0.41156079344636964
2,2.986491449145289,0.4115384271908624
2,2.987015101863007,0.4115161378290395
2,2.987538754580725,0.41149392534771323
2,2.9880624072984427,0.41147178973324117
2,2.9885860600161607,0.4114497309674334
2,2.9891097127338786,0.41142774903346435
2,2.9896333654515965,0.41140584391905577
2,2.9901570181693145,0.411384015607382
2,2.9906806708870324,0.4113622640838912
2,2.9912043236047503,0.41134058933539563
2,2.9917279763224682,0.41131899134597916
2,2.992251629040186,0.4112974700997256
2,2.992775281757904,0.41127602558253784
2,2.993298934475622,0.4112546577766807
2,2.99382258719334,0.4112333666712402
2,2.9943462399110574,0.41121215225484775
2,2.9948698926287753,0.4111910145015827
2,2.9953935453464933,0.41116995340598805
2,2.995917198064211,0.4111489689512382
2,2.996440850781929,0.41112806112414546
2,2.996964503499647,0.4111072299119769
2,2.997488156217365,0.41108647529108566
2,2.998011808935083,0.4110657972541958
2,2.998535461652801,0.41104519578766485
2,2.9990591143705188,0.41102467087603145
2,2.9995827670882367,0.41100422250474367
2,3.0001064198059546,0.41098385065970433
2,3.0006300725236725,0.41096355532863527
2,3.0011537252413905,0.41094333649289183
2,3.0016773779591084,0.4109231941415601
2,3.0022010306768263,0.41090312826236186
2,3.0027246833945442,0.4108831388421095
2,3.003248336112262,0.4108632258621583
2,3.00377198882998,0.4108433893120491
2,3.004295641547698,0.41082362917632054
2,3.004819294265416,0.41080394544133014
2,3.005342946983134,0.41078433809843773
2,3.005866599700852,0.4107648071267249
2,3.0063902524185697,0.410745352516642
2,3.0069139051362876,0.4107259742563656
2,3.0074375578540056,0.4107066723299795
2,3.0079612105717235,0.41068744672475077
2,3.0084848632894414,0.41066829742612754
2,3.0090085160071594,0.41064922442319585
2,3.0095321687248773,0.4106302277023133
2,3.010055821442595,0.41061130725029216
2,3.010579474160313,0.41059246305349006
2,3.011103126878031,0.4105736950964456
2,3.011626779595749,0.4105550033723375
2,3.012150432313467,0.41053638786570446
2,3.012674085031185,0.41051784855881124
2,3.0131977377489028,0.4104993854443819
2,3.0137213904666207,0.4104809985119573
2,3.0142450431843386,0.41046268774289274
2,3.0147686959020565,0.4104444531230911
2,3.0152923486197745,0.41042629464527636
2,3.0158160013374924,0.4104082122989894
2,3.0163396540552103,0.410390206066495
2,3.0168633067729282,0.4103722759359698
2,3.017386959490646,0.4103544218987736
2,3.017910612208364,0.4103366439362617
2,3.018434264926082,0.4103189420434319
2,3.0189579176438,0.4103013162039133
2,3.019481570361518,0.41028376640542774
2,3.020005223079236,0.41026629263478753
2,3.0205288757969537,0.41024889488107874
2,3.0210525285146717,0.41023157314111813
2,3.0215761812323896,0.41021432739034935
2,3.0220998339501075,0.4101971576174037
2,3.0226234866678254,0.41018006381864325
2,3.0231471393855434,0.41016304597769704
2,3.0236707921032613,0.4101461040850154
2,3.0241944448209788,0.41012923812650115
2,3.0247180975386967,0.4101124480898761
2,3.0252417502564146,0.41009573396286214
2,3.0257654029741325,0.41007909573818324
2,3.0262890556918505,0.4100625334090182
2,3.0268127084095684,0.4100460469476275
2,3.0273363611272863,0.41002963635537526
2,3.0278600138450043,0.4100133016231666
2,3.028383666562722,0.4099970427273547
2,3.02890731928044,0.4099808596629373
2,3.029430971998158,0.4099647524285501
2,3.029954624715876,0.4099487209991821
2,3.030478277433594,0.40993276536528356
2,3.031001930151312,0.40991688552503547
2,3.0315255828690297,0.4099010814607027
2,3.0320492355867477,0.40988535316182606
2,3.0325728883044656,0.40986970061794636
2,3.0330965410221835,0.40985412382178765
2,3.0336201937399014,0.4098386227565243
2,3.0341438464576194,0.40982319741169704
2,3.0346674991753373,0.4098078477850322
2,3.035191151893055,0.4097925738624326
2,3.035714804610773,0.40977737562661787
2,3.036238457328491,0.40976225306985725
2,3.036762110046209,0.4097472061876033
2,3.037285762763927,0.40973223496666833
2,3.037809415481645,0.40971733939750266
2,3.0383330681993628,0.40970251946055214
2,3.0388567209170807,0.4096877751580905
2,3.0393803736347986,0.4096731064796586
2,3.0399040263525166,0.4096585134034285
2,3.0404276790702345,0.4096439959289455
2,3.0409513317879524,0.40962955404620516
2,3.0414749845056703,0.409615187743384
2,3.0419986372233883,0.4096008970063849
2,3.042522289941106,0.4095866818279319
2,3.043045942658824,0.409572542204387
2,3.043569595376542,0.40955847811983404
2,3.04409324809426,0.4095444895624496
2,3.044616900811978,0.40953057653086944
2,3.045140553529696,0.4095167390100869
2,3.0456642062474137,0.4095029769900975
2,3.0461878589651317,0.4094892904622611
2,3.0467115116828496,0.40947567941566376
2,3.0472351644005675,0.40946214384575796
2,3.0477588171182854,0.4094486837416298
2,3.0482824698360034,0.40943529908781784
2,3.0488061225537213,0.4094219898825031
2,3.0493297752714392,0.40940875611340743
2,3.049853427989157,0.4093955977728001
2,3.050377080706875,0.4093825148529504
2,3.050900733424593,0.4093695073397612
2,3.051424386142311,0.4093565752264112
2,3.051948038860029,0.4093437185069888
2,3.052471691577747,0.4093309371714895
2,3.0529953442954647,0.4093182312094541
2,3.0535189970131826,0.40930560061178767
2,3.0540426497309,0.40929304537030475
2,3.054566302448618,0.40928056547727465
2,3.055089955166336,0.4092681609245119
2,3.055613607884054,0.40925583170565005
2,3.056137260601772,0.40924357780795617
2,3.0566609133194897,0.40923139922097107
2,3.0571845660372077,0.4092192959415115
2,3.0577082187549256,0.4092072679609373
2,3.0582318714726435,0.409195315269244
2,3.0587555241903615,0.4091834378591557
2,3.0592791769080794,0.4091716357183941
2,3.0598028296257973,0.4091599088460498
2,3.0603264823435152,0.40914825722848036
2,3.060850135061233,0.40913668085795507
2,3.061373787778951,0.4091251797353834
2,3.061897440496669,0.4091137538412113
2,3.062421093214387,0.40910240316952695
2,3.062944745932105,0.4090911277171472
2,3.063468398649823,0.4090799274758865
2,3.0639920513675407,0.40906880243619526
2,3.0645157040852586,0.40905775258579524
2,3.0650393568029766,0.4090467779278697
2,3.0655630095206945,0.40903587844832145
2,3.0660866622384124,0.4090250541366913
2,3.0666103149561303,0.4090143049902508
2,3.0671339676738483,0.40900363099763126
2,3.067657620391566,0.40899303216156113
2,3.068181273109284,0.4089825084661243
2,3.068704925827002,0.40897205990131624
2,3.06922857854472,0.4089616864694108
2,3.069752231262438,0.4089513881513085
2,3.070275883980156,0.4089411649511021
2,3.0707995366978738,0.4089310168560587
2,3.0713231894155917,0.4089209438598118
2,3.0718468421333096,0.40891094596145194
2,3.0723704948510275,0.4089010231409702
2,3.0728941475687455,0.4088911754038236
2,3.0734178002864634,0.4088814027409171
2,3.0739414530041813,0.40887170514133686
2,3.0744651057218992,0.40886208259644263
2,3.074988758439617,0.4088525351048702
2,3.075512411157335,0.4088430626666195
2,3.076036063875053,0.408833665261227
2,3.076559716592771,0.40882434288778313
2,3.077083369310489,0.40881509554765216
2,3.077607022028207,0.40880592322037046
2,3.0781306747459247,0.40879682590411903
2,3.0786543274636426,0.40878780359935263
2,3.0791779801813606,0.4087788562987953
2,3.0797016328990785,0.4087699839906236
2,3.0802252856167964,0.4087611866689258
2,3.0807489383345144,0.4087524643314282
2,3.0812725910522323,0.40874381697494755
2,3.08179624376995,0.40873524458584143
2,3.082319896487668,0.40872674716138135
2,3.082843549205386,0.40871832469792935
2,3.0833672019231035,0.4087099771868452
2,3.0838908546408215,0.4087017046267647
2,3.0844145073585394,0.40869350700086216
2,3.0849381600762573,0.4086853843141398
2,3.0854618127939752,0.4086773365670524
2,3.085985465511693,0.4086693637418648
2,3.086509118229411,0.4086614658299368
2,3.087032770947129,0.40865364283217787
2,3.087556423664847,0.40864589475086177
2,3.088080076382565,0.4086382215714366
2,3.088603729100283,0.40863062329117383
2,3.0891273818180007,0.40862309990097856
2,3.0896510345357187,0.40861565139402956
2,3.0901746872534366,0.40860827777942177
2,3.0906983399711545,0.4086009790416938
2,3.0912219926888724,0.40859375517538865
2,3.0917456454065904,0.40858660617868736
2,3.0922692981243083,0.40857953204022124
2,3.092792950842026,0.4085725327608998
2,3.093316603559744,0.4085656083429967
2,3.093840256277462,0.4085587587678674
2,3.09436390899518,0.40855198403278337
2,3.094887561712898,0.4085452841427468
2,3.095411214430616,0.4085386590845701
2,3.0959348671483338,0.4085321088564342
2,3.0964585198660517,0.4085256334542464
2,3.0969821725837696,0.408519232877552
2,3.0975058253014875,0.4085129071127085
2,3.0980294780192055,0.4085066561642634
2,3.0985531307369234,0.408500480024486
2,3.0990767834546413,0.4084943786824624
2,3.0996004361723593,0.408488352148197
2,3.100124088890077,0.4084824004062284
2,3.100647741607795,0.4084765234497354
2,3.101171394325513,0.40847072129281514
2,3.101695047043231,0.4084649939159135
2,3.102218699760949,0.40845934130902606
2,3.102742352478667,0.4084537634867047
2,3.1032660051963847,0.40844826043348803
2,3.1037896579141027,0.4084428321489213
2,3.1043133106318206,0.4084374786311855
2,3.1048369633495385,0.4084321998716405
2,3.1053606160672564,0.40842699588029063
2,3.1058842687849744,0.4084218666316701
2,3.1064079215026923,0.4084168121194125
2,3.10693157422041,0.40841183236580036
2,3.107455226938128,0.40840692737310746
2,3.107978879655846,0.4084020971026803
2,3.108502532373564,0.4083973415663422
2,3.109026185091282,0.40839266077909997
2,3.109549837809,0.40838805469593353
2,3.1100734905267178,0.40838352336322714
2,3.1105971432444357,0.4083790667568792
2,3.1111207959621536,0.4083746848514238
2,3.1116444486798716,0.40837037767323636
2,3.1121681013975895,0.40836614520685544
2,3.1126917541153074,0.4083619874609212
2,3.113215406833025,0.4083579044149701
2,3.113739059550743,0.40835389607082107
2,3.1142627122684607,0.4083499624389333
2,3.1147863649861787,0.4083461035165783
2,3.1153100177038966,0.40834231928920417
2,3.1158336704216145,0.4083386097377115
2,3.1163573231393324,0.4083349748902947
2,3.1168809758570504,0.40833141473922296
2,3.1174046285747683,0.4083279292763109
2,3.1179282812924862,0.4083245184892803
2,3.118451934010204,0.40832118239404736
2,3.118975586727922,0.4083179209842456
2,3.11949923944564,0.40831473423077114
2,3.120022892163358,0.4083116221831915
2,3.120546544881076,0.40830858480103416
2,3.121070197598794,0.4083056220738399
2,3.1215938503165117,0.4083027340366243
2,3.1221175030342296,0.40829992065846454
2,3.1226411557519476,0.40829718195436726
2,3.1231648084696655,0.4082945179120543
2,3.1236884611873834,0.4082919285169737
2,3.1242121139051013,0.40828941381141703
2,3.1247357666228193,0.40828697376264245
2,3.125259419340537,0.4082846083306322
2,3.125783072058255,0.4082823175840531
2,3.126306724775973,0.40828010150062255
2,3.126830377493691,0.40827796004759875
2,3.127354030211409,0.4082758932631805
2,3.127877682929127,0.40827390112917783
2,3.1284013356468447,0.4082719836405886
2,3.1289249883645627,0.4082701408169669
2,3.1294486410822806,0.40826837261920446
2,3.1299722937999985,0.408266679051394
2,3.1304959465177165,0.4082650601321802
2,3.1310195992354344,0.408263515874296
2,3.1315432519531523,0.40826204626455365
2,3.1320669046708702,0.4082606512733946
2,3.132590557388588,0.4082593309303775
2,3.133114210106306,0.4082580852245883
2,3.133637862824024,0.4082569141842214
2,3.134161515541742,0.4082558177306055
2,3.13468516825946,0.40825479590967007
2,3.135208820977178,0.4082538487537022
2,3.1357324736948957,0.40825297622814105
2,3.1362561264126136,0.40825217839255856
2,3.1367797791303316,0.4082514550918859
2,3.1373034318480495,0.408250806495289
2,3.1378270845657674,0.40825023255683845
2,3.1383507372834853,0.4082497330723527
2,3.1388743900012033,0.4082493084060843
2,3.139398042718921,0.408248958396598
2,3.139921695436639,0.4082486827796856
2,3.140445348154357,0.4082484818522971
2,3.140969000872075,0.4082483555525869
2,3.141492653589793,0.4082483110010961
3,0.0001,1.7320509740291068
3,0.0006236527177179184,1.732051327560007
3,0.0011473054354358368,1.73205233146704
3,0.0016709581531537553,1.7320539290671344
3,0.0021946108708716734,1.7320561203666776
3,0.002718263588589592,1.7320589053744562
3,0.0032419163063075102,1.7320622841016133
3,0.0037655690240254286,1.7320662565616658
3,0.0042892217417433475,1.7320708227705257
3,0.004812874459461266,1.7320759827464807
3,0.005336527177179184,1.7320817365101755
3,0.005860179894897103,1.732088084084646
3,0.006383832612615021,1.7320950254953171
3,0.0069074853303329395,1.732102560769956
3,0.007431138048050858,1.7321106899387182
3,0.007954790765768775,1.7321194130341748
3,0.008478443483486694,1.7321287300912314
3,0.009002096201204613,1.732138641147177
3,0.00952574891892253,1.732149146241671
3,0.010049401636640448,1.7321602454167628
3,0.010573054354358367,1.7321719387169061
3,0.011096707072076287,1.7321842261888918
3,0.011620359789794204,1.7321971078818876
3,0.012144012507512122,1.732210583847408
3,0.012667665225230041,1.7322246541394506
3,0.01319131794294796,1.732239318814294
3,0.013714970660665878,1.732254577930597
3,0.014238623378383795,1.7322704315494626
3,0.014762276096101715,1.732286879734307
3,0.015285928813819634,1.732303922550912
3,0.01580958153153755,1.7323215600675184
3,0.01633323424925547,1.7323397923546686
3,0.016856886966973388,1.7323586194852965
3,0.017380539684691308,1.7323780415347656
3,0.017904192402409227,1.7323980585806602
3,0.018427845120127143,1.732418670703133
3,0.018951497837845062,1.7324398779846497
3,0.01947515055556298,1.7324616805099424
3,0.019998803273280897,1.7324840783663262
3,0.020522455990998816,1.7325070716433189
3,0.021046108708716735,1.7325306604327935
3,0.021569761426434655,1.7325548448291954
3,0.022093414144152574,1.732579624929187
3,0.02261706686187049,1.7326050008317821
3,0.02314071957958841,1.7326309726385247
3,0.02366437229730633,1.732657540453225
3,0.024188025015024244,1.7326847043820166
3,0.024711677732742163,1.732712464533563
3,0.025235330450460083,1.7327408210188082
3,0.025758983168178002,1.7327697739509844
3,0.02628263588589592,1.7327993234459456
3,0.026806288603613837,1.7328294696216986
3,0.027329941321331756,1.7328602125986308
3,0.027853594039049676,1.7328915524996944
3,0.02837724675676759,1.7329234894500374
3,0.02890089947448551,1.7329560235772519
3,0.02942455219220343,1.7329891550113459
3,0.02994820490992135,1.7330228838845159
3,0.03047185762763927,1.7330572103316086
3,0.030995510345357184,1.7330921344896169
3,0.031519163063075104,1.7331276564980271
3,0.03204281578079302,1.7331637764986993
3,0.03256646849851094,1.733200494635767
3,0.03309012121622886,1.7332378110559006
3,0.03361377393394678,1.7332757259079514
3,0.0341374266516647,1.7333142393433292
3,0.03466107936938262,1.7333533515157384
3,0.03518473208710054,1.733393062581193
3,0.03570838480481846,1.7334333726981725
3,0.03623203752253637,1.7334742820275153
3,0.03675569024025429,1.733515790732369
3,0.03727934295797221,1.7335578989783755
3,0.03780299567569013,1.7336006069334857
3,0.03832664839340805,1.7336439147679457
3,0.038850301111125966,1.7336878226545238
3,0.039373953828843886,1.7337323307682198
3,0.0398976065465618,1.7337774392864418
3,0.04042125926427972,1.733823148389149
3,0.040944911981997636,1.733869458258411
3,0.041468564699715556,1.7339163690787842
3,0.041992217417433475,1.733963881037269
3,0.042515870135151394,1.7340119943231542
3,0.043039522852869314,1.7340607091280305
3,0.04356317557058723,1.734110025646018
3,0.04408682828830515,1.7341599440735678
3,0.044610481006023064,1.73421046460939
3,0.045134133723740984,1.7342615874547676
3,0.0456577864414589,1.7343133128131427
3,0.04618143915917682,1.7343656408903882
3,0.04670509187689474,1.7344185718948353
3,0.04722874459461266,1.7344721060372308
3,0.04775239731233058,1.7345262435305955
3,0.04827605003004849,1.7345809845901101
3,0.04879970274776641,1.7346363294336982
3,0.04932335546548433,1.7346922782814858
3,0.04984700818320225,1.7347488313560149
3,0.05037066090092017,1.7348059888821439
3,0.05089431361863809,1.7348637510870049
3,0.05141796633635601,1.73492211820043
3,0.05194161905407393,1.7349810904542977
3,0.05246527177179185,1.7350406680830304
3,0.05298892448950976,1.7351008513232813
3,0.05351257720722768,1.7351616404140913
3,0.0540362299249456,1.73522303559713
3,0.05455988264266352,1.7352850371161423
3,0.055083535360381436,1.73534764521726
3,0.055607188078099355,1.7354108601492442
3,0.056130840795817274,1.7354746821629448
3,0.05665449351353519,1.7355391115115708
3,0.057178146231253106,1.7356041484509888
3,0.057701798948971025,1.7356697932391967
3,0.058225451666688945,1.735736046136708
3,0.058749104384406864,1.7358029074061392
3,0.05927275710212478,1.7358703773127644
3,0.0597964098198427,1.7359384561240887
3,0.06032006253756062,1.7360071441099763
3,0.06084371525527854,1.736076441542906
3,0.06136736797299645,1.736146348697261
3,0.06189102069071437,1.7362168658500394
3,0.06241467340843229,1.7362879932807544
3,0.0629383261261502,1.736359731271122
3,0.06346197884386813,1.7364320801052173
3,0.06398563156158604,1.7365050400695026
3,0.06450928427930397,1.736578611452856
3,0.06503293699702188,1.7366527945463872
3,0.06555658971473981,1.736727589643749
3,0.06608024243245772,1.7368029970410106
3,0.06660389515017565,1.7368790170361308
3,0.06712754786789356,1.7369556499299676
3,0.06765120058561147,1.7370328960256387
3,0.0681748533033294,1.7371107556284926
3,0.06869850602104731,1.737189229046166
3,0.06922215873876524,1.7372683165889384
3,0.06974581145648315,1.7373480185692642
3,0.07026946417420107,1.7374283353018711
3,0.07079311689191899,1.7375092671041443
3,0.07131676960963691,1.7375908142956575
3,0.07184042232735482,1.737672977198244
3,0.07236407504507274,1.7377557561362238
3,0.07288772776279066,1.7378391514365035
3,0.07341138048050858,1.737923163427979
3,0.0739350331982265,1.7380077924418487
3,0.07445868591594441,1.738093038812039
3,0.07498233863366234,1.7381789028746937
3,0.07550599135138025,1.7382653849685
3,0.07602964406909817,1.7383524854339356
3,0.07655329678681609,1.7384402046142071
3,0.077076949504534,1.7385285428552493
3,0.07760060222225193,1.7386175005047448
3,0.07812425493996984,1.7387070779130624
3,0.07864790765768777,1.7387972754328302
3,0.07917156037540568,1.7388880934190638
3,0.07969521309312359,1.7389795322291377
3,0.08021886581084152,1.739071592222757
3,0.08074251852855943,1.7391642737618156
3,0.08126617124627736,1.7392575772113332
3,0.08178982396399527,1.739351502937808
3,0.0823134766817132,1.7394460513100967
3,0.08283712939943111,1.7395412227000975
3,0.08336078211714903,1.739637017481698
3,0.08388443483486695,1.7397334360309173
3,0.08440808755258486,1.739830478726475
3,0.08493174027030279,1.7399281459495057
3,0.0854553929880207,1.740026438083163
3,0.08597904570573862,1.7401253555129301
3,0.08650269842345654,1.7402248986271331
3,0.08702635114117446,1.7403250678160873
3,0.08755000385889238,1.7404258634724101
3,0.0880736565766103,1.7405272859913055
3,0.08859730929432821,1.7406293357701657
3,0.08912096201204613,1.740732013208799
3,0.08964461472976405,1.7408353187094008
3,0.09016826744748196,1.7409392526764975
3,0.09069192016519989,1.7410438155168606
3,0.0912155728829178,1.7411490076397627
3,0.09173922560063573,1.741254829456949
3,0.09226287831835364,1.7413612813821828
3,0.09278653103607155,1.7414683638315012
3,0.09331018375378948,1.7415760772238116
3,0.09383383647150739,1.7416844219802385
3,0.09435748918922532,1.7417933985238676
3,0.09488114190694323,1.7419030072803992
3,0.09540479462466116,1.7420132486778925
3,0.09592844734237907,1.7421241231467945
3,0.09645210006009698,1.7422356311197973
3,0.09697575277781491,1.7423477730318666
3,0.09749940549553282,1.7424605493207537
3,0.09802305821325075,1.7425739604260002
3,0.09854671093096866,1.7426880067896775
3,0.09907036364868659,1.7428026888564148
3,0.0995940163664045,1.742918007072916
3,0.10011766908412242,1.7430339618884716
3,0.10064132180184034,1.7431505537545604
3,0.10116497451955825,1.7432677831250203
3,0.10168862723727617,1.7433856504559913
3,0.10221227995499409,1.7435041562061429
3,0.10273593267271201,1.7436233008363615
3,0.10325958539042993,1.743743084809978
3,0.10378323810814785,1.743863508592284
3,0.10430689082586576,1.7439845726515273
3,0.10483054354358369,1.7441062774578597
3,0.1053541962613016,1.744228623483849
3,0.10587784897901951,1.7443516112046211
3,0.10640150169673744,1.7444752410973479
3,0.10692515441445535,1.7445995136415888
3,0.10744880713217328,1.7447244293195183
3,0.10797245984989119,1.7448499886153002
3,0.10849611256760912,1.7449761920157698
3,0.10901976528532703,1.7451030400100365
3,0.10954341800304494,1.7452305330890852
3,0.11006707072076287,1.7453586717466294
3,0.11059072343848078,1.7454874564789407
3,0.11111437615619871,1.745616887784422
3,0.11163802887391662,1.7457469661635514
3,0.11216168159163455,1.7458776921195636
3,0.11268533430935246,1.7460090661575691
3,0.11320898702707037,1.7461410887853788
3,0.1137326397447883,1.7462737605131906
3,0.11425629246250621,1.7464070818531923
3,0.11477994518022414,1.7465410533202714
3,0.11530359789794205,1.7466756754313337
3,0.11582725061565997,1.7468109487058427
3,0.11635090333337789,1.746946873665479
3,0.11687455605109581,1.7470834508341682
3,0.11739820876881372,1.7472206807383657
3,0.11792186148653164,1.7473585639069142
3,0.11844551420424956,1.7474971008708167
3,0.11896916692196748,1.7476362921632074
3,0.1194928196396854,1.7477761383198356
3,0.12001647235740331,1.7479166398791222
3,0.12054012507512124,1.7480577973810512
3,0.12106377779283915,1.748199611368193
3,0.12158743051055708,1.7483420823860456
3,0.12211108322827499,1.7484852109814426
3,0.1226347359459929,1.7486289977041167
3,0.12315838866371083,1.7487734431065007
3,0.12368204138142874,1.7489185477423916
3,0.12420569409914667,1.7490643121685139
3,0.12472934681686458,1.749210736944093
3,0.1252529995345825,1.7493578226300883
3,0.1257766522523004,1.7495055697903013
3,0.12630030497001832,1.7496539789908354
3,0.12682395768773624,1.7498030507994997
3,0.12734761040545417,1.7499527857869452
3,0.12787126312317207,1.750103184526182
3,0.12839491584089,1.7502542475924088
3,0.12891856855860792,1.7504059755633534
3,0.12944222127632585,1.7505583690186484
3,0.12996587399404375,1.7507114285403134
3,0.13048952671176167,1.7508651547127556
3,0.1310131794294796,1.7510195481231108
3,0.1315368321471975,1.751174609360362
3,0.13206048486491542,1.7513303390157944
3,0.13258413758263335,1.7514867376833934
3,0.13310779030035128,1.7516438059587642
3,0.13363144301806917,1.7518015444406956
3,0.1341550957357871,1.7519599537296813
3,0.13467874845350503,1.7521190344285458
3,0.13520240117122292,1.7522787871429841
3,0.13572605388894085,1.7524392124800272
3,0.13624970660665878,1.7526003110498891
3,0.1367733593243767,1.7527620834649156
3,0.1372970120420946,1.7529245303394987
3,0.13782066475981253,1.7530876522903327
3,0.13834431747753045,1.7532514499365845
3,0.13886797019524835,1.7534159238998086
3,0.13939162291296628,1.7535810748034635
3,0.1399152756306842,1.7537469032740205
3,0.14043892834840213,1.7539134099396279
3,0.14096258106612003,1.754080595430679
3,0.14148623378383796,1.7542484603804098
3,0.14200988650155588,1.754417005424017
3,0.1425335392192738,1.7545862311987435
3,0.1430571919369917,1.7547561383447032
3,0.14358084465470963,1.7549267275042268
3,0.14410449737242756,1.7550979993212366
3,0.14462815009014546,1.755269954442781
3,0.14515180280786338,1.7554425935179268
3,0.1456754555255813,1.7556159171977583
3,0.14619910824329924,1.7557899261360888
3,0.14672276096101713,1.7559646209884647
3,0.14724641367873506,1.75614000241319
3,0.147770066396453,1.7563160710712111
3,0.14829371911417089,1.7564928276247826
3,0.1488173718318888,1.7566702727389725
3,0.14934102454960674,1.7568484070813781
3,0.14986467726732466,1.7570272313215582
3,0.15038832998504256,1.7572067461312884
3,0.1509119827027605,1.7573869521847314
3,0.15143563542047841,1.7575678501584377
3,0.1519592881381963,1.757749440731061
3,0.15248294085591424,1.757931724583841
3,0.15300659357363217,1.7581147024001496
3,0.1535302462913501,1.7582983748652623
3,0.154053899009068,1.7584827426671836
3,0.15457755172678592,1.7586678064961916
3,0.15510120444450384,1.7588535670445253
3,0.15562485716222174,1.759040025006982
3,0.15614850987993967,1.7592271810805187
3,0.1566721625976576,1.7594150359644232
3,0.15719581531537552,1.7596035903601432
3,0.15771946803309342,1.759792844971571
3,0.15824312075081134,1.7599828005047584
3,0.15876677346852927,1.760173457667804
3,0.15929042618624717,1.7603648171713644
3,0.1598140789039651,1.7605568797286537
3,0.16033773162168302,1.7607496460543075
3,0.16086138433940095,1.7609431168660308
3,0.16138503705711885,1.7611372928834044
3,0.16190868977483677,1.7613321748281692
3,0.1624323424925547,1.761527763424965
3,0.16295599521027263,1.7617240593999668
3,0.16347964792799052,1.7619210634812248
3,0.16400330064570845,1.762118776400655
3,0.16452695336342638,1.7623171988910258
3,0.16505060608114427,1.762516331687948
3,0.1655742587988622,1.762716175528908
3,0.16609791151658013,1.7629167311538936
3,0.16662156423429805,1.763117999305507
3,0.16714521695201595,1.7633199807276014
3,0.16766886966973388,1.763522676167156
3,0.1681925223874518,1.7637260863733104
3,0.1687161751051697,1.7639302120971365
3,0.16923982782288763,1.7641350540919234
3,0.16976348054060555,1.7643406131135748
3,0.17028713325832348,1.764546889920041
3,0.17081078597604138,1.7647538852712614
3,0.1713344386937593,1.764961599929734
3,0.17185809141147723,1.765170034660457
3,0.17238174412919513,1.7653791902296803
3,0.17290539684691306,1.7655890674067791
3,0.17342904956463098,1.765799666963403
3,0.1739527022823489,1.76601098967285
3,0.1744763550000668,1.7662230363111462
3,0.17500000771778473,1.7664358076558528
3,0.17552366043550266,1.7666493044876006
3,0.17604731315322059,1.7668635275889528
3,0.17657096587093848,1.7670784777447466
3,0.1770946185886564,1.767294155741581
3,0.17761827130637434,1.7675105623686136
3,0.17814192402409224,1.7677276984175023
3,0.17866557674181016,1.767945564681611
3,0.1791892294595281,1.7681641619570314
3,0.17971288217724601,1.7683834910418454
3,0.1802365348949639,1.76860355273584
3,0.18076018761268184,1.7688243478414734
3,0.18128384033039976,1.7690458771641602
3,0.18180749304811766,1.7692681415103948
3,0.1823311457658356,1.769491141689116
3,0.18285479848355352,1.7697148785117633
3,0.18337845120127144,1.7699393527914822
3,0.18390210391898934,1.7701645653447144
3,0.18442575663670727,1.7703905169888685
3,0.1849494093544252,1.7706172085440812
3,0.1854730620721431,1.7708446408329905
3,0.18599671478986102,1.771072814679826
3,0.18652036750757894,1.7713017309112047
3,0.18704402022529687,1.7715313903562446
3,0.18756767294301477,1.7717617938459398
3,0.1880913256607327,1.7719929422135579
3,0.18861497837845062,1.7722248362945834
3,0.18913863109616852,1.772457476926661
3,0.18966228381388645,1.7726908649496522
3,0.19018593653160437,1.772925001205408
3,0.1907095892493223,1.7731598865383944
3,0.1912332419670402,1.7733955217950097
3,0.19175689468475812,1.7736319078238125
3,0.19228054740247605,1.7738690454751236
3,0.19280420012019395,1.774106935602049
3,0.19332785283791187,1.774345579060082
3,0.1938515055556298,1.7745849767061372
3,0.19437515827334773,1.7748251293991757
3,0.19489881099106562,1.775066038001512
3,0.19542246370878355,1.7753077033769387
3,0.19594611642650148,1.7755501263907831
3,0.1964697691442194,1.775793307911215
3,0.1969934218619373,1.7760372488087341
3,0.19751707457965523,1.7762819499558873
3,0.19804072729737315,1.7765274122267556
3,0.19856438001509105,1.7767736364979783
3,0.19908803273280898,1.7770206236489798
3,0.1996116854505269,1.7772683745601512
3,0.20013533816824483,1.7775168901150096
3,0.20065899088596273,1.7777661711988912
3,0.20118264360368066,1.7780162186988377
3,0.20170629632139858,1.7782670335044486
3,0.20222994903911648,1.7785186165077107
3,0.2027536017568344,1.77877096860243
3,0.20327725447455233,1.7790240906845156
3,0.20380090719227026,1.779277983651923
3,0.20432455990998816,1.779532648405052
3,0.20484821262770608,1.7797880858462918
3,0.205371865345424,1.7800442968794528
3,0.2058955180631419,1.78030128241204
3,0.20641917078085983,1.7805590433526959
3,0.20694282349857776,1.7808175806116537
3,0.2074664762162957,1.7810768951023306
3,0.20799012893401359,1.7813369877396212
3,0.2085137816517315,1.7815978594406374
3,0.20903743436944944,1.7818595111252193
3,0.20956108708716736,1.7821219437142872
3,0.21008473980488526,1.7823851581310919
3,0.2106083925226032,1.7826491553012715
3,0.21113204524032111,1.782913936153193
3,0.211655697958039,1.7831795016163596
3,0.21217935067575694,1.783445852622151
3,0.21270300339347487,1.7837129901052435
3,0.2132266561111928,1.7839809150012798
3,0.2137503088289107,1.784249628248574
3,0.21427396154662862,1.7845191307873733
3,0.21479761426434654,1.7847894235598005
3,0.21532126698206444,1.7850605075104227
3,0.21584491969978237,1.7853323835856827
3,0.2163685724175003,1.7856050527341836
3,0.21689222513521822,1.7858785159066315
3,0.21741587785293612,1.7861527740556653
3,0.21793953057065404,1.7864278281359702
3,0.21846318328837197,1.78670367910388
3,0.21898683600608987,1.7869803279191387
3,0.2195104887238078,1.787257775542514
3,0.22003414144152572,1.7875360229365924
3,0.22055779415924365,1.7878150710666887
3,0.22108144687696155,1.7880949208998231
3,0.22160509959467947,1.7883755734050055
3,0.2221287523123974,1.7886570295538036
3,0.2226524050301153,1.7889392903193198
3,0.22317605774783322,1.7892223566761345
3,0.22369971046555115,1.789506229602523
3,0.22422336318326908,1.7897909100775564
3,0.22474701590098697,1.7900763990824657
3,0.2252706686187049,1.790362697600358
3,0.22579432133642283,1.790649806616841
3,0.22631797405414072,1.7909377271198537
3,0.22684162677185865,1.7912264600984145
3,0.22736527948957658,1.7915160065437021
3,0.2278889322072945,1.7918063674497375
3,0.2284125849250124,1.7920975438116216
3,0.22893623764273033,1.7923895366268994
3,0.22945989036044825,1.7926823468952193
3,0.22998354307816618,1.7929759756182762
3,0.23050719579588408,1.7932704237993562
3,0.231030848513602,1.7935656924435648
3,0.23155450123131993,1.793861782558622
3,0.23207815394903783,1.7941586951542376
3,0.23260180666675576,1.7944564312419402
3,0.23312545938447368,1.794754991834509
3,0.2336491121021916,1.7950543779476789
3,0.2341727648199095,1.7953545905992314
3,0.23469641753762743,1.7956556308077438
3,0.23522007025534536,1.7959574995950902
3,0.23574372297306326,1.7962601979846795
3,0.23626737569078118,1.7965637270009438
3,0.2367910284084991,1.796868087671612
3,0.23731468112621704,1.7971732810261756
3,0.23783833384393493,1.797479308094978
3,0.23836198656165286,1.7977861699113191
3,0.2388856392793708,1.7980938675106017
3,0.23940929199708869,1.7984024019293088
3,0.2399329447148066,1.7987117742059695
3,0.24045659743252454,1.7990219853822964
3,0.24098025015024246,1.7993330365003999
3,0.24150390286796036,1.7996449286048914
3,0.2420275555856783,1.7999576627425427
3,0.24255120830339622,1.8002712399614893
3,0.24307486102111414,1.8005856613123115
3,0.24359851373883204,1.8009009278476924
3,0.24412216645654997,1.801217040621225
3,0.2446458191742679,1.8015340006895144
3,0.2451694718919858,1.801851809110019
3,0.24569312460970372,1.8021704669431529
3,0.24621677732742164,1.8024899752505235
3,0.24674043004513957,1.8028103350952165
3,0.24726408276285747,1.8031315475439555
3,0.2477877354805754,1.8034536136634642
3,0.24831138819829332,1.8037765345229673
3,0.24883504091601122,1.80410031119402
3,0.24935869363372914,1.8044249447493712
3,0.24988234635144707,1.8047504362638165
3,0.250405999069165,1.8050767868145385
3,0.2509296517868829,1.805403997479857
3,0.2514533045046008,1.8057320693400243
3,0.2519769572223187,1.8060610034783053
3,0.25250060994003665,1.806390800977681
3,0.2530242626577546,1.8067214629246564
3,0.2535479153754725,1.807052990407442
3,0.2540715680931904,1.8073853845151007
3,0.25459522081090835,1.8077186463392536
3,0.2551188735286263,1.808052776973227
3,0.25564252624634415,1.8083877775120527
3,0.2561661789640621,1.8087236490532632
3,0.25668983168178,1.809060392694846
3,0.2572134843994979,1.8093980095371762
3,0.25773713711721585,1.8097365006833002
3,0.2582607898349338,1.8100758672373445
3,0.2587844425526517,1.8104161103045726
3,0.2593080952703696,1.8107572309928628
3,0.2598317479880875,1.811099230412026
3,0.26035540070580543,1.8114421096731235
3,0.26087905342352335,1.8117858698892064
3,0.2614027061412413,1.8121305121748605
3,0.2619263588589592,1.8124760376468316
3,0.26245001157667713,1.8128224474236845
3,0.262973664294395,1.8131697426248934
3,0.26349731701211293,1.8135179243724338
3,0.26402096972983086,1.8138669937899863
3,0.2645446224475488,1.8142169520027664
3,0.2650682751652667,1.8145678001378087
3,0.26559192788298464,1.8149195393238529
3,0.26611558060070256,1.8152721706912303
3,0.26663923331842043,1.8156256953719208
3,0.26716288603613836,1.8159801145004053
3,0.2676865387538563,1.8163354292119038
3,0.2682101914715742,1.8166916406433415
3,0.26873384418929214,1.8170487499344858
3,0.26925749690701006,1.8174067582254452
3,0.269781149624728,1.8177656666584312
3,0.27030480234244586,1.8181254763782704
3,0.2708284550601638,1.8184861885296755
3,0.2713521077778817,1.8188478042604856
3,0.27187576049559964,1.8192103247201317
3,0.27239941321331756,1.819573751058499
3,0.2729230659310355,1.819938084428486
3,0.2734467186487534,1.820303325984014
3,0.2739703713664713,1.8206694768804823
3,0.2744940240841892,1.821036538275564
3,0.27501767680190714,1.8214045113278985
3,0.27554132951962507,1.8217733971978873
3,0.276064982237343,1.822143197047808
3,0.2765886349550609,1.822513912041586
3,0.27711228767277885,1.822885543344512
3,0.2776359403904967,1.8232580921232397
3,0.27815959310821464,1.8236315595466976
3,0.27868324582593257,1.8240059467849505
3,0.2792068985436505,1.824381255009314
3,0.2797305512613684,1.824757485393775
3,0.28025420397908635,1.8251346391130596
3,0.2807778566968043,1.8255127173433152
3,0.28130150941452214,1.825891721262849
3,0.28182516213224007,1.826271652051048
3,0.282348814849958,1.8266525108887777
3,0.2828724675676759,1.8270342989592905
3,0.28339612028539385,1.827417017446237
3,0.2839197730031118,1.827800667535712
3,0.2844434257208297,1.8281852504150038
3,0.2849670784385476,1.8285707672722538
3,0.2854907311562655,1.828957219298104
3,0.2860143838739834,1.8293446076847886
3,0.28653803659170135,1.8297329336248822
3,0.2870616893094193,1.8301221983134042
3,0.2875853420271372,1.830512402946738
3,0.28810899474485513,1.830903548721949
3,0.28863264746257306,1.8312956368391156
3,0.2891563001802909,1.8316886684988276
3,0.28967995289800885,1.8320826449022434
3,0.2902036056157268,1.8324775672534201
3,0.2907272583334447,1.8328734367580068
3,0.29125091105116263,1.8332702546217092
3,0.29177456376888056,1.8336680220525636
3,0.2922982164865985,1.8340667402600843
3,0.29282186920431635,1.8344664104542403
3,0.2933455219220343,1.834867033847786
3,0.2938691746397522,1.8352686116544419
3,0.29439282735747013,1.8356711450890089
3,0.29491648007518806,1.836074635367254
3,0.295440132792906,1.8364790837069904
3,0.2959637855106239,1.8368844913277371
3,0.2964874382283418,1.8372908594495243
3,0.2970110909460597,1.8376981892942013
3,0.29753474366377763,1.8381064820850952
3,0.29805839638149556,1.8385157390462155
3,0.2985820490992135,1.8389259614037883
3,0.2991057018169314,1.8393371503848357
3,0.29962935453464934,1.8397493072180282
3,0.3001530072523672,1.8401624331326047
3,0.30067665997008514,1.840576529359737
3,0.30120031268780306,1.8409915971323585
3,0.301723965405521,1.8414076376838011
3,0.3022476181232389,1.8418246522487607
3,0.30277127084095684,1.842242642063411
3,0.30329492355867477,1.842661608365745
3,0.30381857627639264,1.8430815523944943
3,0.30434222899411056,1.843502475389073
3,0.3048658817118285,1.8439243785911685
3,0.3053895344295464,1.8443472632428666
3,0.30591318714726434,1.8447711305884695
3,0.30643683986498227,1.845195981872621
3,0.3069604925827002,1.84562181834076
3,0.30748414530041807,1.8460486412410546
3,0.308007798018136,1.8464764518219
3,0.3085314507358539,1.8469052513329416
3,0.30905510345357184,1.8473350410249623
3,0.30957875617128977,1.8477658221497677
3,0.3101024088890077,1.8481975959609827
3,0.3106260616067256,1.8486303637131414
3,0.3111497143244435,1.8490641266612329
3,0.3116733670421614,1.8494988860616104
3,0.31219701975987935,1.8499346431727872
3,0.3127206724775973,1.8503713992536177
3,0.3132443251953152,1.8508091555636383
3,0.3137679779130331,1.8512479133639772
3,0.31429163063075105,1.8516876739166719
3,0.3148152833484689,1.8521284384854653
3,0.31533893606618685,1.8525702083343276
3,0.3158625887839048,1.8530129847285934
3,0.3163862415016227,1.8534567689349615
3,0.3169098942193406,1.853901562220699
3,0.31743354693705855,1.854347365854096
3,0.3179571996547765,1.8547941811051487
3,0.31848085237249435,1.8552420092440798
3,0.3190045050902123,1.8556908515424766
3,0.3195281578079302,1.856140709273177
3,0.32005181052564813,1.856591583708905
3,0.32057546324336605,1.8570434761252272
3,0.321099115961084,1.8574963877970276
3,0.3216227686788019,1.8579503200003273
3,0.32214642139651983,1.8584052740135348
3,0.3226700741142377,1.8588612511141491
3,0.32319372683195563,1.8593182525817156
3,0.32371737954967356,1.859776279696348
3,0.3242410322673915,1.860235333739297
3,0.3247646849851094,1.8606954159920406
3,0.32528833770282733,1.8611565277374211
3,0.32581199042054526,1.8616186702599862
3,0.32633564313826313,1.8620818448439422
3,0.32685929585598106,1.862546052773837
3,0.327382948573699,1.8630112953368325
3,0.3279066012914169,1.8634775738202052
3,0.32843025400913484,1.863944889511913
3,0.32895390672685276,1.8644132437001417
3,0.3294775594445707,1.8648826376745546
3,0.33000121216228856,1.8653530727258385
3,0.3305248648800065,1.86582455014468
3,0.3310485175977244,1.8662970712235847
3,0.33157217031544234,1.8667706372547173
3,0.33209582303316026,1.8672452495319476
3,0.3326194757508782,1.867720909349373
3,0.3331431284685961,1.8681976180014317
3,0.333666781186314,1.8686753767838127
3,0.3341904339040319,1.8691541869927732
3,0.33471408662174984,1.869634049925935
3,0.33523773933946777,1.8701149668805783
3,0.3357613920571857,1.8705969391547796
3,0.3362850447749036,1.8710799680476384
3,0.33680869749262154,1.8715640548595047
3,0.3373323502103394,1.8720492008899328
3,0.33785600292805734,1.8725354074396137
3,0.33837965564577527,1.8730226758103754
3,0.3389033083634932,1.8735110073042733
3,0.3394269610812111,1.8740004032248407
3,0.33995061379892905,1.8744908648743603
3,0.340474266516647,1.8749823935568202
3,0.34099791923436484,1.8754749905767767
3,0.34152157195208277,1.8759686572391274
3,0.3420452246698007,1.8764633948495657
3,0.3425688773875186,1.8769592047135575
3,0.34309253010523655,1.8774560881381603
3,0.3436161828229545,1.8779540464298634
3,0.3441398355406724,1.8784530808960653
3,0.34466348825839027,1.878953192845188
3,0.3451871409761082,1.879454383585312
3,0.3457107936938261,1.8799566544252002
3,0.34623444641154405,1.880460006673843
3,0.346758099129262,1.8809644416414812
3,0.3472817518469799,1.8814699606376735
3,0.34780540456469783,1.8819765649730016
3,0.3483290572824157,1.8824842559580475
3,0.3488527100001336,1.8829930349043025
3,0.34937636271785155,1.883502903122917
3,0.3499000154355695,1.8840138619259506
3,0.3504236681532874,1.8845259126261453
3,0.35094732087100533,1.8850390565347652
3,0.35147097358872326,1.8855532949651206
3,0.3519946263064412,1.8860686292305218
3,0.35251827902415905,1.8865850606438244
3,0.353041931741877,1.8871025905192482
3,0.3535655844595949,1.8876212201697626
3,0.35408923717731283,1.8881409509097011
3,0.35461288989503076,1.888661784053511
3,0.3551365426127487,1.8891837209155256
3,0.3556601953304666,1.889706762810306
3,0.3561838480481845,1.8902309110520719
3,0.3567075007659024,1.8907561669570896
3,0.35723115348362033,1.8912825318393516
3,0.35775480620133826,1.8918100070138735
3,0.3582784589190562,1.8923385937964667
3,0.3588021116367741,1.8928682935027155
3,0.35932576435449204,1.8933991074478627
3,0.3598494170722099,1.893931036947265
3,0.36037306978992784,1.8944640833166204
3,0.36089672250764576,1.8949982478712855
3,0.3614203752253637,1.8955335319275264
3,0.3619440279430816,1.8960699368005862
3,0.36246768066079954,1.896607463805708
3,0.36299133337851747,1.8971461142596127
3,0.36351498609623534,1.8976858894767474
3,0.36403863881395326,1.8982267907732648
3,0.3645622915316712,1.8987688194641805
3,0.3650859442493891,1.8993119768648512
3,0.36560959696710704,1.899856264291202
3,0.36613324968482497,1.9004016830576802
3,0.3666569024025429,1.900948234479415
3,0.36718055512026077,1.9014959198710812
3,0.3677042078379787,1.9020447405480354
3,0.3682278605556966,1.902594697823929
3,0.36875151327341454,1.9031457930129818
3,0.36927516599113247,1.9036980274305506
3,0.3697988187088504,1.9042514023890362
3,0.3703224714265683,1.9048059192022038
3,0.3708461241442862,1.9053615791843868
3,0.3713697768620041,1.905918383647304
3,0.37189342957972205,1.906476333904152
3,0.37241708229743997,1.9070354312681275
3,0.3729407350151579,1.9075956770503808
3,0.3734643877328758,1.9081570725626307
3,0.37398804045059375,1.9087196191165958
3,0.3745116931683116,1.9092833180230855
3,0.37503534588602955,1.9098481705926815
3,0.3755589986037475,1.910414178135511
3,0.3760826513214654,1.9109813419613602
3,0.3766063040391833,1.911549663379219
3,0.37712995675690125,1.9121191436981917
3,0.3776536094746192,1.9126897842260178
3,0.37817726219233705,1.913261586271119
3,0.378700914910055,1.9138345511405532
3,0.3792245676277729,1.914408680140241
3,0.37974822034549083,1.914983974577467
3,0.38027187306320875,1.9155604357569018
3,0.3807955257809267,1.9161380649836701
3,0.3813191784986446,1.9167168635627831
3,0.3818428312163625,1.9172968327968647
3,0.3823664839340804,1.9178779739892207
3,0.38289013665179833,1.9184602884423612
3,0.38341378936951626,1.9190437774581142
3,0.3839374420872342,1.9196284423368297
3,0.3844610948049521,1.9202142843794263
3,0.38498474752267003,1.9208013048850034
3,0.3855084002403879,1.9213895051516374
3,0.38603205295810583,1.9219788864782004
3,0.38655570567582376,1.9225694501614043
3,0.3870793583935417,1.9231611974971656
3,0.3876030111112596,1.9237541297806047
3,0.38812666382897754,1.9243482483066146
3,0.38865031654669546,1.92494355436952
3,0.3891739692644134,1.9255400492610306
3,0.38969762198213126,1.9261377342730839
3,0.3902212746998492,1.9267366106967074
3,0.3907449274175671,1.927336679821451
3,0.39126858013528504,1.9279379429365235
3,0.39179223285300296,1.9285404013294283
3,0.3923158855707209,1.9291440562871003
3,0.3928395382884388,1.929748909095565
3,0.3933631910061567,1.9303549610389155
3,0.3938868437238746,1.9309622134006759
3,0.39441049644159254,1.9315706674640296
3,0.39493414915931047,1.93218032451
3,0.3954578018770284,1.9327911858183597
3,0.3959814545947463,1.9334032526678584
3,0.39650510731246424,1.9340165263373592
3,0.3970287600301821,1.9346310081027696
3,0.39755241274790004,1.9352466992389736
3,0.39807606546561797,1.9358636010199461
3,0.3985997181833359,1.936481714719207
3,0.3991233709010538,1.9371010416081162
3,0.39964702361877175,1.93772158295576
3,0.4001706763364897,1.9383433400315653
3,0.40069432905420754,1.9389663141025721
3,0.40121798177192547,1.9395905064352519
3,0.4017416344896434,1.940215918293461
3,0.4022652872073613,1.9408425509403742
3,0.40278893992507925,1.941470405637915
3,0.4033125926427972,1.9420994836455066
3,0.4038362453605151,1.942729786221662
3,0.40435989807823297,1.943361314624667
3,0.4048835507959509,1.9439940701093974
3,0.4054072035136688,1.944628053928568
3,0.40593085623138675,1.9452632673353492
3,0.4064545089491047,1.945899711580637
3,0.4069781616668226,1.9465373879129402
3,0.40750181438454053,1.9471762975794036
3,0.4080254671022584,1.9478164418256938
3,0.4085491198199763,1.9484578218956585
3,0.40907277253769425,1.949100439031099
3,0.4095964252554122,1.9497442944729073
3,0.4101200779731301,1.9503893894589055
3,0.41064373069084803,1.9510357252261201
3,0.41116738340856596,1.9516833030094176
3,0.4116910361262838,1.9523321240408222
3,0.41221468884400175,1.9529821895520172
3,0.4127383415617197,1.9536335007725256
3,0.4132619942794376,1.9542860589288011
3,0.41378564699715553,1.9549398652454784
3,0.41430929971487346,1.9555949209461687
3,0.4148329524325914,1.9562512272524373
3,0.41535660515030925,1.9569087853825522
3,0.4158802578680272,1.9575675965536448
3,0.4164039105857451,1.9582276619805725
3,0.41692756330346303,1.958888982876033
3,0.41745121602118096,1.9595515604504499
3,0.4179748687388989,1.9602153959119732
3,0.4184985214566168,1.9608804904668204
3,0.41902217417433474,1.9615468453190488
3,0.4195458268920526,1.9622144616697597
3,0.42006947960977054,1.9628833407183492
3,0.42059313232748846,1.96355348366194
3,0.4211167850452064,1.9642248916949256
3,0.4216404377629243,1.9648975660097676
3,0.42216409048064224,1.965571507796085
3,0.42268774319836017,1.9662467182411092
3,0.42321139591607804,1.9669231985296847
3,0.42373504863379596,1.9676009498441545
3,0.4242587013515139,1.9682799733648153
3,0.4247823540692318,1.9689602702685534
3,0.42530600678694974,1.9696418417304358
3,0.42582965950466767,1.9703246889222328
3,0.4263533122223856,1.9710088130135546
3,0.42687696494010346,1.9716942151713965
3,0.4274006176578214,1.9723808965595708
3,0.4279242703755393,1.973068858339957
3,0.42844792309325724,1.9737581016706827
3,0.42897157581097517,1.9744486277077158
3,0.4294952285286931,1.9751404376044093
3,0.430018881246411,1.9758335325111602
3,0.4305425339641289,1.9765279135748415
3,0.4310661866818468,1.9772235819394837
3,0.43158983939956475,1.9779205387477532
3,0.43211349211728267,1.9786187851379964
3,0.4326371448350006,1.9793183222445805
3,0.4331607975527185,1.9800191512011907
3,0.43368445027043645,1.9807212731369646
3,0.4342081029881543,1.9814246891783114
3,0.43473175570587225,1.9821294004490255
3,0.4352554084235902,1.9828354080682402
3,0.4357790611413081,1.983542713153497
3,0.436302713859026,1.984251316818586
3,0.43682636657674395,1.9849612201742275
3,0.4373500192944619,1.9856724243273902
3,0.43787367201217975,1.9863849303818597
3,0.4383973247298977,1.987098739438352
3,0.4389209774476156,1.9878138525941722
3,0.4394446301653335,1.988530270943329
3,0.43996828288305145,1.9892479955761928
3,0.4404919356007694,1.9899670275792687
3,0.4410155883184873,1.9906873680365607
3,0.4415392410362052,1.99140901802798
3,0.4420628937539231,1.9921319786292315
3,0.44258654647164103,1.9928562509134053
3,0.44311019918935896,1.9935818359497262
3,0.4436338519070769,1.9943087348038944
3,0.4441575046247948,1.9950369485376314
3,0.44468115734251273,1.995766478208452
3,0.4452048100602306,1.996497324870461
3,0.44572846277794853,1.9972294895751475
3,0.44625211549566646,1.9979629733685442
3,0.4467757682133844,1.9986977772936143
3,0.4472994209311023,1.9994339023887733
3,0.44782307364882024,2.0001713496892535
3,0.44834672636653816,2.000910120226081
3,0.44887037908425603,2.001650215026075
3,0.44939403180197396,2.0023916351121898
3,0.4499176845196919,2.003134381502832
3,0.4504413372374098,2.0038784552136804
3,0.45096498995512774,2.004623857254842
3,0.45148864267284566,2.005370588631763
3,0.4520122953905636,2.00611865034773
3,0.45253594810828146,2.006868043400914
3,0.4530596008259994,2.0076187687835727
3,0.4535832535437173,2.008370827486033
3,0.45410690626143524,2.009124220493163
3,0.45463055897915317,2.009878948784717
3,0.4551542116968711,2.0106350133374917
3,0.455677864414589,2.011392415122714
3,0.45620151713230694,2.0121511551077447
3,0.4567251698500248,2.012911234254716
3,0.45724882256774274,2.013672653521553
3,0.45777247528546067,2.0144354138620884
3,0.4582961280031786,2.0151995162243566
3,0.4588197807208965,2.015964961552754
3,0.45934343343861445,2.0167317507858797
3,0.45986708615633237,2.0174998848588075
3,0.46039073887405024,2.0182693647008136
3,0.46091439159176817,2.0190401912365132
3,0.4614380443094861,2.0198123653857465
3,0.461961697027204,2.0205858880632377
3,0.46248534974492195,2.021360760179732
3,0.4630090024626399,2.0221369826391538
3,0.4635326551803578,2.0229145563415614
3,0.46405630789807567,2.023693482182125
3,0.4645799606157936,2.0244737610504444
3,0.4651036133335115,2.0252553938304345
3,0.46562726605122945,2.0260383814013494
3,0.4661509187689474,2.026822724637327
3,0.4666745714866653,2.0276084244075037
3,0.46719822420438323,2.028395481574421
3,0.4677218769221011,2.0291838969965283
3,0.468245529639819,2.029973671526477
3,0.46876918235753695,2.030764806010666
3,0.4692928350752549,2.0315573012912864
3,0.4698164877929728,2.0323511582041647
3,0.47034014051069073,2.033146377579442
3,0.47086379322840866,2.0339429602424843
3,0.4713874459461265,2.0347409070117237
3,0.47191109866384445,2.0355402187011578
3,0.4724347513815624,2.036340896118645
3,0.4729584040992803,2.037142940064996
3,0.47348205681699823,2.0379463513372684
3,0.47400570953471616,2.0387511307251316
3,0.4745293622524341,2.0395572790126835
3,0.47505301497015195,2.040364796978679
3,0.4755766676878699,2.041173685394938
3,0.4761003204055878,2.041983945027596
3,0.47662397312330573,2.042795576636877
3,0.47714762584102366,2.043608580976411
3,0.4776712785587416,2.044422958794371
3,0.4781949312764595,2.0452387108318817
3,0.4787185839941774,2.0460558378239284
3,0.4792422367118953,2.046874340499926
3,0.47976588942961323,2.0476942195822403
3,0.48028954214733116,2.0485154757868713
3,0.4808131948650491,2.0493381098229975
3,0.481336847582767,2.0501621223943403
3,0.48186050030048494,2.0509875141973453
3,0.4823841530182028,2.051814285921523
3,0.48290780573592074,2.052642438250473
3,0.48343145845363866,2.053471971861086
3,0.4839551111713566,2.054302887422864
3,0.4844787638890745,2.055135185599056
3,0.48500241660679244,2.055968867045749
3,0.48552606932451037,2.0568039324120946
3,0.4860497220422283,2.0576403823415603
3,0.48657337475994616,2.058478217468519
3,0.4870970274776641,2.0593174384215445
3,0.487620680195382,2.060158045822277
3,0.48814433291309994,2.061000040285421
3,0.48866798563081787,2.061843422417269
3,0.4891916383485358,2.062688192817518
3,0.4897152910662537,2.063534352080069
3,0.4902389437839716,2.0643819007890443
3,0.4907625965016895,2.065230839522087
3,0.49128624921940744,2.066081168851042
3,0.49180990193712537,2.0669328893378633
3,0.4923335546548433,2.0677860015381384
3,0.4928572073725612,2.0686405060007473
3,0.49338086009027915,2.069496403265248
3,0.493904512807997,2.0703536938639218
3,0.49442816552571495,2.071212378323139
3,0.4949518182434329,2.0720724571588107
3,0.4954754709611508,2.072933930880822
3,0.4959991236788687,2.0737967999912144
3,0.49652277639658665,2.074661064982706
3,0.4970464291143046,2.07552672634165
3,0.49757008183202245,2.0763937845455303
3,0.4980937345497404,2.0772622400631917
3,0.4986173872674583,2.0781320933571124
3,0.4991410399851762,2.0790033448803342
3,0.49966469270289415,2.0798759950774866
3,0.5001883454206121,2.0807500443855815
3,0.50071199813833,2.081625493233105
3,0.5012356508560479,2.0825023420397883
3,0.5017593035737659,2.083380591217633
3,0.5022829562914838,2.0842602411697726
3,0.5028066090092016,2.0851412922905865
3,0.5033302617269195,2.086023744965928
3,0.5038539144446375,2.0869075995728963
3,0.5043775671623554,2.087792856480746
3,0.5049012198800733,2.0886795160494103
3,0.5054248725977912,2.089567578629044
3,0.5059485253155092,2.0904570445622994
3,0.5064721780332271,2.091347914182279
3,0.506995830750945,2.0922401878136725
3,0.5075194834686629,2.0931338657717333
3,0.5080431361863809,2.094028948361597
3,0.5085667889040988,2.0949254358810094
3,0.5090904416218167,2.0958233286174845
3,0.5096140943395346,2.0967226268497825
3,0.5101377470572526,2.0976233308472274
3,0.5106613997749704,2.0985254408692526
3,0.5111850524926883,2.099428957166083
3,0.5117087052104062,2.1003338799794165
3,0.5122323579281242,2.1012402095400375
3,0.5127560106458421,2.102147946069522
3,0.51327966336356,2.1030570897805774
3,0.5138033160812779,2.1039676408748846
3,0.5143269687989959,2.1048795995457112
3,0.5148506215167138,2.1057929659758656
3,0.5153742742344317,2.106707740337697
3,0.5158979269521496,2.107623922794346
3,0.5164215796698676,2.108541513498949
3,0.5169452323875855,2.1094605125945236
3,0.5174688851053034,2.1103809202134016
3,0.5179925378230212,2.111302736478251
3,0.5185161905407392,2.1122259615013945
3,0.5190398432584571,2.113150595385264
3,0.519563495976175,2.1140766382208085
3,0.5200871486938929,2.1150040900897693
3,0.5206108014116109,2.1159329510628595
3,0.5211344541293288,2.116863221199992
3,0.5216581068470467,2.1177949005510754
3,0.5221817595647646,2.1187279891547632
3,0.5227054122824826,2.119662487039818
3,0.5232290650002005,2.1205983942229523
3,0.5237527177179184,2.121535710710873
3,0.5242763704356364,2.1224744364998287
3,0.5248000231533543,2.1234145715737895
3,0.5253236758710721,2.1243561159070623
3,0.52584732858879,2.125299069461221
3,0.526370981306508,2.126243432188403
3,0.5268946340242259,2.127189204029264
3,0.5274182867419438,2.1281363849114996
3,0.5279419394596617,2.129084974753141
3,0.5284655921773797,2.1300349734608517
3,0.5289892448950976,2.1309863809283343
3,0.5295128976128155,2.1319391970391735
3,0.5300365503305334,2.132893421665017
3,0.5305602030482514,2.133849054665461
3,0.5310838557659693,2.1348060958887345
3,0.5316075084836872,2.135764545171128
3,0.5321311612014051,2.1367244023371086
3,0.532654813919123,2.137685667198866
3,0.5331784666368409,2.138648339557335
3,0.5337021193545588,2.1396124192006027
3,0.5342257720722767,2.140577905905502
3,0.5347494247899947,2.1415447994363603
3,0.5352730775077126,2.142513099544317
3,0.5357967302254305,2.14348280596937
3,0.5363203829431484,2.144453918438785
3,0.5368440356608664,2.145426436667208
3,0.5373676883785843,2.146400360356779
3,0.5378913410963022,2.1473756891971334
3,0.5384149938140201,2.1483524228657416
3,0.5389386465317381,2.1493305610267726
3,0.539462299249456,2.1503101033309804
3,0.5399859519671739,2.151291049417864
3,0.5405096046848917,2.152273398912712
3,0.5410332574026097,2.15325715142842
3,0.5415569101203276,2.15424230656447
3,0.5420805628380455,2.155228863907496
3,0.5426042155557634,2.1562168230311727
3,0.5431278682734814,2.15720618349485
3,0.5436515209911993,2.1581969448459404
3,0.5441751737089172,2.1591891066174185
3,0.5446988264266351,2.1601826683292984
3,0.5452224791443531,2.1611776294880656
3,0.545746131862071,2.162173989586222
3,0.5462697845797889,2.163171748102627
3,0.5467934372975068,2.164170904503294
3,0.5473170900152248,2.165171458238774
3,0.5478407427329426,2.166173408747113
3,0.5483643954506605,2.167176755452374
3,0.5488880481683784,2.1681814977631575
3,0.5494117008860964,2.1691876350751045
3,0.5499353536038143,2.170195166770668
3,0.5504590063215322,2.1712040922154756
3,0.5509826590392501,2.17221441076299
3,0.5515063117569681,2.1732261217518953
3,0.552029964474686,2.1742392245046176
3,0.5525536171924039,2.1752537183322147
3,0.5530772699101218,2.1762696025285777
3,0.5536009226278398,2.177286876373614
3,0.5541245753455577,2.1783055391331345
3,0.5546482280632756,2.1793255900571467
3,0.5551718807809934,2.180347028382016
3,0.5556955334987114,2.1813698533270554
3,0.5562191862164293,2.1823940640989576
3,0.5567428389341472,2.183419659887818
3,0.5572664916518651,2.1844466398683835
3,0.5577901443695831,2.185475003201418
3,0.558313797087301,2.1865047490313145
3,0.5588374498050189,2.1875358764875728
3,0.5593611025227369,2.1885683846830943
3,0.5598847552404548,2.1896022727163427
3,0.5604084079581727,2.190637539670888
3,0.5609320606758906,2.1916741846124523
3,0.5614557133936086,2.192712206592205
3,0.5619793661113265,2.193751604645513
3,0.5625030188290443,2.1947923777916003
3,0.5630266715467622,2.1958345250336606
3,0.5635503242644802,2.196878045358744
3,0.5640739769821981,2.1979229377378715
3,0.564597629699916,2.1989692011258057
3,0.5651212824176339,2.200016834461394
3,0.5656449351353519,2.2010658366659754
3,0.5661685878530698,2.202116206644405
3,0.5666922405707877,2.2031679432870988
3,0.5672158932885056,2.2042210454660562
3,0.5677395460062236,2.205275512036337
3,0.5682631987239415,2.2063313418370853
3,0.5687868514416594,2.2073885336903913
3,0.5693105041593773,2.2084470864009518
3,0.5698341568770953,2.2095069987570923
3,0.5703578095948131,2.2105682695305404
3,0.570881462312531,2.2116308974738104
3,0.5714051150302489,2.2126948813238414
3,0.5719287677479669,2.2137602198001787
3,0.5724524204656848,2.2148269116041774
3,0.5729760731834027,2.2158949554207084
3,0.5734997259011206,2.2169643499159974
3,0.5740233786188386,2.2180350937392177
3,0.5745470313365565,2.219107185521807
3,0.5750706840542744,2.2201806238772406
3,0.5755943367719923,2.2212554074023956
3,0.5761179894897103,2.222331534673458
3,0.5766416422074282,2.223409004250243
3,0.5771652949251461,2.224487814675058
3,0.5776889476428639,2.2255679644708835
3,0.5782126003605819,2.226649452142965
3,0.5787362530782998,2.227732276178358
3,0.5792599057960177,2.228816435045019
3,0.5797835585137356,2.229901927192259
3,0.5803072112314536,2.230988751051882
3,0.5808308639491715,2.232076905036365
3,0.5813545166668894,2.2331663875395407
3,0.5818781693846073,2.234257196935914
3,0.5824018221023253,2.235349331580892
3,0.5829254748200432,2.2364427898125996
3,0.5834491275377611,2.2375375699486995
3,0.583972780255479,2.2386336702872995
3,0.584496432973197,2.2397310891078632
3,0.5850200856909148,2.240829824670982
3,0.5855437384086327,2.241929875217238
3,0.5860673911263506,2.2430312389672054
3,0.5865910438440686,2.2441339141232675
3,0.5871146965617865,2.2452378988668897
3,0.5876383492795044,2.246343191360438
3,0.5881620019972224,2.247449789746952
3,0.5886856547149403,2.2485576921471875
3,0.5892093074326582,2.249666896665076
3,0.5897329601503761,2.25077740138272
3,0.590256612868094,2.2518892043617598
3,0.590780265585812,2.2530023036447346
3,0.5913039183035299,2.2541166972532665
3,0.5918275710212478,2.2552323831880585
3,0.5923512237389656,2.2563493594311694
3,0.5928748764566836,2.2574676239412383
3,0.5933985291744015,2.258587174658487
3,0.5939221818921194,2.2597080095017645
3,0.5944458346098374,2.260830126369001
3,0.5949694873275553,2.2619535231372083
3,0.5954931400452732,2.263078197662253
3,0.5960167927629911,2.26420414777931
3,0.5965404454807091,2.2653313713021817
3,0.597064098198427,2.266459866023297
3,0.5975877509161449,2.2675896297137115
3,0.5981114036338628,2.268720660123563
3,0.5986350563515808,2.269852954981161
3,0.5991587090692987,2.2709865119936694
3,0.5996823617870165,2.2721213288452873
3,0.6002060145047344,2.2732574031995227
3,0.6007296672224524,2.2743947326982834
3,0.6012533199401703,2.2755333149602848
3,0.6017769726578882,2.2766731475842334
3,0.6023006253756061,2.2778142281454166
3,0.6028242780933241,2.278956554195929
3,0.603347930811042,2.2801001232674025
3,0.6038715835287599,2.2812449328691855
3,0.6043952362464778,2.28239098048698
3,0.6049188889641958,2.28353826358466
3,0.6054425416819137,2.28468677960268
3,0.6059661943996316,2.285836525959894
3,0.6064898471173495,2.2869875000528737
3,0.6070134998350675,2.2881396992534064
3,0.6075371525527853,2.289293120911452
3,0.6080608052705032,2.2904477623537787
3,0.6085844579882211,2.291603620884416
3,0.6091081107059391,2.2927606937839755
3,0.609631763423657,2.2939189783094207
3,0.6101554161413749,2.2950784716945236
3,0.6106790688590928,2.2962391711500914
3,0.6112027215768108,2.297401073863284
3,0.6117263742945287,2.298564176996706
3,0.6122500270122466,2.2997284776897686
3,0.6127736797299645,2.300893973058237
3,0.6132973324476825,2.302060660194911
3,0.6138209851654004,2.3032285361671256
3,0.6143446378831183,2.3043975980178857
3,0.6148682906008361,2.305567842768369
3,0.6153919433185541,2.306739267413377
3,0.615915596036272,2.3079118689238385
3,0.6164392487539899,2.309085644247034
3,0.6169629014717078,2.310260590304779
3,0.6174865541894258,2.3114367039954686
3,0.6180102069071437,2.3126139821915785
3,0.6185338596248616,2.3137924217412547
3,0.6190575123425796,2.3149720194689962
3,0.6195811650602975,2.316152772172927
3,0.6201048177780154,2.317334676626615
3,0.6206284704957333,2.3185177295781614
3,0.6211521232134513,2.319701927751794
3,0.6216757759311692,2.3208872678458192
3,0.622199428648887,2.3220737465319417
3,0.6227230813666049,2.323261360458446
3,0.6232467340843229,2.3244501062470135
3,0.6237703868020408,2.3256399804936336
3,0.6242940395197587,2.326830979769511
3,0.6248176922374766,2.3280231006190206
3,0.6253413449551946,2.329216339561299
3,0.6258649976729125,2.330410693090016
3,0.6263886503906304,2.3316061576717857
3,0.6269123031083483,2.3328027297475273
3,0.6274359558260663,2.3340004057322403
3,0.6279596085437842,2.335199182014321
3,0.6284832612615021,2.336399054956246
3,0.62900691397922,2.3376000208936603
3,0.6295305666969379,2.338802076136062
3,0.6300542194146558,2.3400052169656647
3,0.6305778721323737,2.3412094396383054
3,0.6311015248500916,2.3424147403843563
3,0.6316251775678096,2.343621115405085
3,0.6321488302855275,2.3448285608756123
3,0.6326724830032454,2.3460370729453643
3,0.6331961357209633,2.3472466477353464
3,0.6337197884386813,2.3484572813390514
3,0.6342434411563992,2.3496689698240516
3,0.6347670938741171,2.350881709229725
3,0.635290746591835,2.352095495567937
3,0.635814399309553,2.3533103248228144
3,0.6363380520272709,2.3545261929516528
3,0.6368617047449887,2.3557430958840087
3,0.6373853574627066,2.356961029521244
3,0.6379090101804246,2.3581799897367546
3,0.6384326628981425,2.359399972375968
3,0.6389563156158604,2.360620973257255
3,0.6394799683335783,2.361842988169201
3,0.6400036210512963,2.3630660128744694
3,0.6405272737690142,2.3642900431057114
3,0.6410509264867321,2.3655150745667015
3,0.64157457920445,2.366741102935748
3,0.642098231922168,2.3679681238600097
3,0.6426218846398859,2.3691961329579954
3,0.6431455373576038,2.370425125821157
3,0.6436691900753218,2.3716550980111606
3,0.6441928427930397,2.3728860450607954
3,0.6447164955107575,2.374117962475111
3,0.6452401482284754,2.37535084572869
3,0.6457638009461933,2.376584690267464
3,0.6462874536639113,2.377819491509399
3,0.6468111063816292,2.379055244841311
3,0.6473347590993471,2.380291945621593
3,0.647858411817065,2.3815295891804453
3,0.648382064534783,2.382768170817144
3,0.6489057172525009,2.3840076858009525
3,0.6494293699702188,2.385248129373167
3,0.6499530226879368,2.386489496744616
3,0.6504766754056547,2.3877317830961147
3,0.6510003281233726,2.388974983578919
3,0.6515239808410905,2.390219093314272
3,0.6520476335588083,2.391464107394313
3,0.6525712862765263,2.3927100208784395
3,0.6530949389942442,2.393956828799219
3,0.6536185917119621,2.395204526157613
3,0.65414224442968,2.396453107923662
3,0.654665897147398,2.397702569037392
3,0.6551895498651159,2.3989529044085884
3,0.6557132025828338,2.400204108916796
3,0.6562368553005518,2.401456177410637
3,0.6567605080182697,2.40270910470781
3,0.6572841607359876,2.403962885595547
3,0.6578078134537055,2.4052175148299284
3,0.6583314661714235,2.406472987137022
3,0.6588551188891414,2.4077292972110627
3,0.6593787716068592,2.4089864397155907
3,0.6599024243245771,2.4102444092829955
3,0.6604260770422951,2.4115032005145167
3,0.660949729760013,2.4127628079797887
3,0.6614733824777309,2.414023226217978
3,0.6619970351954488,2.415284449735509
3,0.6625206879131668,2.4165464730087933
3,0.6630443406308847,2.4178092904821824
3,0.6635679933486026,2.4190728965675135
3,0.6640916460663205,2.4203372856461556
3,0.6646152987840385,2.421602452067873
3,0.6651389515017564,2.422868390149006
3,0.6656626042194743,2.424135094175881
3,0.6661862569371922,2.4254025584020837
3,0.6667099096549101,2.4266707770486846
3,0.667233562372628,2.4279397443058315
3,0.6677572150903459,2.429209454329566
3,0.6682808678080638,2.4304799012461444
3,0.6688045205257818,2.431751079148853
3,0.6693281732434997,2.4330229820971
3,0.6698518259612176,2.43429560411937
3,0.6703754786789355,2.4355689392114073
3,0.6708991313966535,2.436842981335758
3,0.6714227841143714,2.438117724424501
3,0.6719464368320893,2.4393931623740173
3,0.6724700895498072,2.4406692890499926
3,0.6729937422675252,2.4419460982846886
3,0.6735173949852431,2.443223583876943
3,0.674041047702961,2.4445017395946707
3,0.6745647004206788,2.445780559170771
3,0.6750883531383968,2.4470600363058566
3,0.6756120058561147,2.4483401646671155
3,0.6761356585738326,2.449620937889904
3,0.6766593112915505,2.450902349575017
3,0.6771829640092685,2.4521843932891443
3,0.6777066167269864,2.453467062568734
3,0.6782302694447043,2.454750350914537
3,0.6787539221624223,2.4560342517936533
3,0.6792775748801402,2.457318758640895
3,0.6798012275978581,2.4586038648569684
3,0.680324880315576,2.459889563808929
3,0.680848533033294,2.4611758488304076
3,0.6813721857510119,2.4624627132213845
3,0.6818958384687297,2.463750150248643
3,0.6824194911864476,2.465038153143041
3,0.6829431439041656,2.4663267151036052
3,0.6834667966218835,2.467615829294118
3,0.6839904493396014,2.4689054888469855
3,0.6845141020573193,2.470195686857778
3,0.6850377547750373,2.4714864163881884
3,0.6855614074927552,2.4727776704676216
3,0.6860850602104731,2.4740694420900127
3,0.686608712928191,2.4753617242151904
3,0.687132365645909,2.47665450976956
3,0.6876560183636269,2.477947791643601
3,0.6881796710813448,2.479241562694824
3,0.6887033237990627,2.4805358157468618
3,0.6892269765167806,2.4818305435871935
3,0.6897506292344985,2.4831257389691928
3,0.6902742819522164,2.4844213946134914
3,0.6907979346699343,2.4857175032043415
3,0.6913215873876523,2.487014057391434
3,0.6918452401053702,2.4883110497910366
3,0.6923688928230881,2.4896084729830363
3,0.692892545540806,2.4909063195148065
3,0.693416198258524,2.49220458189734
3,0.6939398509762419,2.493503252606615
3,0.6944635036939598,2.4948023240854127
3,0.6949871564116777,2.4961017887396793
3,0.6955108091293957,2.497401638942165
3,0.6960344618471136,2.4987018670294674
3,0.6965581145648314,2.500002465304078
3,0.6970817672825493,2.5013034260327913
3,0.6976054200002673,2.5026047414482946
3,0.6981290727179852,2.5039064037466687
3,0.6986527254357031,2.5052084050892063
3,0.699176378153421,2.506510737604458
3,0.699700030871139,2.5078133933839126
3,0.7002236835888569,2.509116364482452
3,0.7007473363065748,2.510419642922443
3,0.7012709890242927,2.5117232206894187
3,0.7017946417420107,2.5130270897336686
3,0.7023182944597286,2.5143312419718313
3,0.7028419471774465,2.5156356692830286
3,0.7033655998951645,2.516940363512049
3,0.7038892526128824,2.5182453164691196
3,0.7044129053306002,2.519550519926952
3,0.7049365580483181,2.5208559656241505
3,0.705460210766036,2.522161645264987
3,0.705983863483754,2.5234675505164432
3,0.7065075162014719,2.5247736730113957
3,0.7070311689191898,2.526080004346113
3,0.7075548216369077,2.5273865360816217
3,0.7080784743546257,2.5286932597437044
3,0.7086021270723436,2.530000166822674
3,0.7091257797900615,2.5313072487740556
3,0.7096494325077795,2.5326144970163114
3,0.7101730852254974,2.5339219029319793
3,0.7106967379432153,2.5352294578704004
3,0.7112203906609332,2.5365371531436267
3,0.711744043378651,2.5378449800282397
3,0.712267696096369,2.5391529297658053
3,0.7127913488140869,2.5404609935617373
3,0.7133150015318048,2.5417691625852967
3,0.7138386542495228,2.543077427971639
3,0.7143623069672407,2.544385780819084
3,0.7148859596849586,2.545694212190938
3,0.7154096124026765,2.547002713114807
3,0.7159332651203945,2.5483112745816925
3,0.7164569178381124,2.5496198875475784
3,0.7169805705558303,2.5509285429347983
3,0.7175042232735482,2.5522372316268047
3,0.7180278759912662,2.5535459444727167
3,0.7185515287089841,2.554854672287547
3,0.7190751814267019,2.5561634058474283
3,0.7195988341444198,2.5574721358950683
3,0.7201224868621378,2.5587808531386145
3,0.7206461395798557,2.5600895482486976
3,0.7211697922975736,2.561398211860478
3,0.7216934450152915,2.562706834573646
3,0.7222170977330095,2.5640154069535583
3,0.7227407504507274,2.5653239195289643
3,0.7232644031684453,2.566632362792916
3,0.7237880558861632,2.5679407272039043
3,0.7243117086038812,2.569249003182449
3,0.7248353613215991,2.570557181116328
3,0.725359014039317,2.5718652513580764
3,0.7258826667570349,2.5731732042222575
3,0.7264063194747528,2.5744810299897836
3,0.7269299721924707,2.5757887189054145
3,0.7274536249101886,2.577096261178667
3,0.7279772776279065,2.5784036469842704
3,0.7285009303456245,2.5797108664610278
3,0.7290245830633424,2.5810179097125
3,0.7295482357810603,2.5823247668070053
3,0.7300718884987782,2.5836314277771635
3,0.7305955412164962,2.584937882621716
3,0.7311191939342141,2.5862441213021157
3,0.731642846651932,2.58755013374639
3,0.73216649936965,2.58885590984778
3,0.7326901520873679,2.590161439462463
3,0.7332138048050858,2.591466712412739
3,0.7337374575228036,2.5927717184856647
3,0.7342611102405215,2.5940764474337357
3,0.7347847629582395,2.59538088897375
3,0.7353084156759574,2.5966850327879456
3,0.7358320683936753,2.5979888685246806
3,0.7363557211113932,2.599292385795934
3,0.7368793738291112,2.6005955741795788
3,0.7374030265468291,2.6018984232182447
3,0.737926679264547,2.6032009224209105
3,0.738450331982265,2.6045030612610844
3,0.7389739846999829,2.605804829178851
3,0.7394976374177008,2.607106215577687
3,0.7400212901354187,2.608407209828556
3,0.7405449428531367,2.6097078012671773
3,0.7410685955708546,2.6110079791944827
3,0.7415922482885724,2.61230773287798
3,0.7421159010062903,2.6136070515506162
3,0.7426395537240083,2.6149059244107775
3,0.7431632064417262,2.6162043406225166
3,0.7436868591594441,2.617502289317372
3,0.744210511877162,2.6187997595916386
3,0.74473416459488,2.620096740506824
3,0.7452578173125979,2.621393221091921
3,0.7457814700303158,2.622689190342726
3,0.7463051227480337,2.6239846372197917
3,0.7468287754657517,2.625279550649111
3,0.7473524281834696,2.626573919525754
3,0.7478760809011875,2.627867732710911
3,0.7483997336189054,2.6291609790303028
3,0.7489233863366233,2.6304536472773634
3,0.7494470390543412,2.63174572621233
3,0.7499706917720591,2.633037204561788
3,0.750494344489777,2.6343280710202635
3,0.751017997207495,2.635618314248859
3,0.7515416499252129,2.636907922874343
3,0.7520653026429308,2.638196885492789
3,0.7525889553606487,2.6394851906650274
3,0.7531126080783667,2.640772826920511
3,0.7536362607960846,2.642059782757542
3,0.7541599135138025,2.643346046638726
3,0.7546835662315204,2.644631606997109
3,0.7552072189492384,2.6459164522311767
3,0.7557308716669563,2.6472005707078097
3,0.7562545243846741,2.648483950764785
3,0.756778177102392,2.6497665807023623
3,0.75730182982011,2.651048448792608
3,0.7578254825378279,2.652329543273936
3,0.7583491352555458,2.6536098523545206
3,0.7588727879732637,2.654889364210703
3,0.7593964406909817,2.656168066985856
3,0.7599200934086996,2.657445948793338
3,0.7604437461264175,2.658722997714449
3,0.7609673988441354,2.6599992017993372
3,0.7614910515618534,2.6612745490676843
3,0.7620147042795713,2.6625490275077937
3,0.7625383569972892,2.663822625076591
3,0.7630620097150072,2.665095329700989
3,0.763585662432725,2.6663671292767503
3,0.7641093151504429,2.6676380116689415
3,0.7646329678681608,2.668907964713526
3,0.7651566205858787,2.6701769762148615
3,0.7656802733035967,2.671445033947748
3,0.7662039260213146,2.6727121256569717
3,0.7667275787390325,2.673978239057078
3,0.7672512314567504,2.675243361832827
3,0.7677748841744684,2.6765074816396464
3,0.7682985368921863,2.677770586104316
3,0.7688221896099042,2.67903266282201
3,0.7693458423276222,2.680293699360618
3,0.7698694950453401,2.6815536832591533
3,0.770393147763058,2.682812602025024
3,0.7709168004807758,2.684070443140399
3,0.7714404531984937,2.685327194056299
3,0.7719641059162117,2.686582842196003
3,0.7724877586339296,2.68783737495437
3,0.7730114113516475,2.689090779698745
3,0.7735350640693655,2.6903430437666884
3,0.7740587167870834,2.691594154468703
3,0.7745823695048013,2.6928440990893705
3,0.7751060222225192,2.6940928648825775
3,0.7756296749402372,2.6953404390760625
3,0.7761533276579551,2.6965868088709612
3,0.776676980375673,2.6978319614404427
3,0.7772006330933909,2.6990758839313003
3,0.7777242858111089,2.700318563462133
3,0.7782479385288268,2.70155998712562
3,0.7787715912465446,2.702800141989883
3,0.7792952439642625,2.7040390150934854
3,0.7798188966819805,2.705276593450435
3,0.7803425493996984,2.7065128640495004
3,0.7808662021174163,2.7077478138521656
3,0.7813898548351342,2.7089814297951307
3,0.7819135075528522,2.71021369878963
3,0.7824371602705701,2.7114446077202956
3,0.782960812988288,2.7126741434490214
3,0.7834844657060059,2.713902292811781
3,0.7840081184237239,2.7151290426179457
3,0.7845317711414418,2.716354379654831
3,0.7850554238591597,2.717578290684969
3,0.7855790765768776,2.718800762445426
3,0.7861027292945955,2.72002178165053
3,0.7866263820123134,2.7212413349900544
3,0.7871500347300313,2.7224594091303516
3,0.7876736874477492,2.7236759907152646
3,0.7881973401654672,2.7248910663638526
3,0.7887209928831851,2.726104622673347
3,0.789244645600903,2.727316646217332
3,0.7897682983186209,2.7285271235468826
3,0.7902919510363389,2.7297360411921545
3,0.7908156037540568,2.7309433856594296
3,0.7913392564717747,2.732149143433162
3,0.7918629091894926,2.733353300976887
3,0.7923865619072106,2.734555844730721
3,0.7929102146249285,2.7357567611159084
3,0.7934338673426463,2.7369560365311827
3,0.7939575200603642,2.7381536573536778
3,0.7944811727780822,2.7393496099418826
3,0.7950048254958001,2.7405438806313214
3,0.795528478213518,2.741736455739101
3,0.796052130931236,2.742927321560728
3,0.7965757836489539,2.7441164643737466
3,0.7970994363666718,2.7453038704350092
3,0.7976230890843897,2.746489525980678
3,0.7981467418021077,2.7476734172300894
3,0.7986703945198256,2.7488555303830253
3,0.7991940472375435,2.7500358516199412
3,0.7997176999552614,2.7512143671024205
3,0.8002413526729794,2.752391062975221
3,0.8007650053906972,2.7535659253644553
3,0.8012886581084151,2.7547389403782745
3,0.801812310826133,2.755910094107321
3,0.802335963543851,2.7570793726249576
3,0.8028596162615689,2.7582467619877207
3,0.8033832689792868,2.759412248236231
3,0.8039069216970047,2.760575817393601
3,0.8044305744147227,2.7617374554649814
3,0.8049542271324406,2.762897148443244
3,0.8054778798501585,2.7640548823032987
3,0.8060015325678764,2.765210643003911
3,0.8065251852855944,2.766364416489978
3,0.8070488380033123,2.767516188691161
3,0.8075724907210302,2.768665945521434
3,0.8080961434387481,2.769813672881355
3,0.808619796156466,2.7709593566571584
3,0.8091434488741839,2.772102982719616
3,0.8096671015919018,2.773244536928132
3,0.8101907543096197,2.7743840051277857
3,0.8107144070273377,2.775521373149104
3,0.8112380597450556,2.7766566268112456
3,0.8117617124627735,2.777789751921091
3,0.8122853651804914,2.7789207342725604
3,0.8128090178982094,2.7800495596466135
3,0.8133326706159273,2.7811762138132963
3,0.8138563233336452,2.7823006825317407
3,0.8143799760513631,2.7834229515492552
3,0.8149036287690811,2.784543006602007
3,0.815427281486799,2.7856608334157045
3,0.8159509342045168,2.7867764177053687
3,0.8164745869222347,2.7878897451764715
3,0.8169982396399527,2.789000801524935
3,0.8175218923576706,2.790109572436222
3,0.8180455450753885,2.791216043586701
3,0.8185691977931064,2.7923202006452357
3,0.8190928505108244,2.793422029270232
3,0.8196165032285423,2.794521515113047
3,0.8201401559462602,2.795618643816397
3,0.8206638086639781,2.7967134010145855
3,0.8211874613816961,2.7978057723360052
3,0.821711114099414,2.798895743401772
3,0.8222347668171319,2.7999832998248166
3,0.8227584195348498,2.8010684272123854
3,0.8232820722525677,2.8021511111655855
3,0.8238057249702856,2.8032313372796125
3,0.8243293776880035,2.804309091144205
3,0.8248530304057214,2.8053843583436446
3,0.8253766831234394,2.8064571244563012
3,0.8259003358411573,2.8075273750573615
3,0.8264239885588752,2.8085950957174646
3,0.8269476412765931,2.809660272002702
3,0.8274712939943111,2.810722889475528
3,0.827994946712029,2.811782933694758
3,0.8285185994297469,2.8128403902171613
3,0.8290422521474649,2.8138952445958694
3,0.8295659048651828,2.8149474823819673
3,0.8300895575829007,2.8159970891235844
3,0.8306132103006185,2.817044050369759
3,0.8311368630183364,2.81808835166521
3,0.8316605157360544,2.8191299785535193
3,0.8321841684537723,2.820168916579405
3,0.8327078211714902,2.821205151286904
3,0.8332314738892082,2.8222386682191427
3,0.8337551266069261,2.823269452919021
3,0.834278779324644,2.824297490930576
3,0.8348024320423619,2.825322767800344
3,0.8353260847600799,2.8263452690737267
3,0.8358497374777978,2.8273649802979435
3,0.8363733901955157,2.828381887024534
3,0.8368970429132336,2.829395974804129
3,0.8374206956309516,2.8304072291919056
3,0.8379443483486695,2.83141563574668
3,0.8384680010663873,2.83242118002795
3,0.8389916537841052,2.8334238476006703
3,0.8395153065018232,2.8344236240350256
3,0.8400389592195411,2.835420494903019
3,0.840562611937259,2.836414445782111
3,0.8410862646549769,2.837405462256129
3,0.8416099173726949,2.8383935299134464
3,0.8421335700904128,2.8393786343469856
3,0.8426572228081307,2.8403607611578536
3,0.8431808755258486,2.841339895952842
3,0.8437045282435666,2.842316024345564
3,0.8442281809612845,2.8432891319566806
3,0.8447518336790024,2.8442592044148114
3,0.8452754863967203,2.8452262273563065
3,0.8457991391144382,2.846190186425247
3,0.8463227918321561,2.847151067275263
3,0.846846444549874,2.8481088555693077
3,0.8473700972675919,2.8490635369785196
3,0.8478937499853099,2.8500150971840412
3,0.8484174027030278,2.850963521877702
3,0.8489410554207457,2.8519087967629275
3,0.8494647081384636,2.852850907551556
3,0.8499883608561816,2.853789839967021
3,0.8505120135738995,2.8547255797466278
3,0.8510356662916174,2.8556581126392757
3,0.8515593190093353,2.8565874244025053
3,0.8520829717270533,2.8575135008104553
3,0.8526066244447712,2.8584363276502245
3,0.853130277162489,2.8593558907198258
3,0.8536539298802069,2.860272175833643
3,0.8541775825979249,2.8611851688192473
3,0.8547012353156428,2.8620948555187624
3,0.8552248880333607,2.8630012217895455
3,0.8557485407510786,2.8639042535050976
3,0.8562721934687966,2.8648039365530167
3,0.8567958461865145,2.865700256837954
3,0.8573194989042324,2.8665932002816135
3,0.8578431516219504,2.8674827528220703
3,0.8583668043396683,2.8683689004144526
3,0.8588904570573862,2.869251629031851
3,0.8594141097751041,2.8701309246660003
3,0.859937762492822,2.871006773325689
3,0.8604614152105399,2.871879161040397
3,0.8609850679282578,2.8727480738571103
3,0.8615087206459757,2.873613497843735
3,0.8620323733636936,2.8744754190868207
3,0.8625560260814116,2.875333823694291
3,0.8630796787991295,2.876188697795669
3,0.8636033315168474,2.877040027540943
3,0.8641269842345654,2.8778877991003355
3,0.8646506369522833,2.8787319986663533
3,0.8651742896700012,2.879572612456286
3,0.8656979423877191,2.8804096267085697
3,0.8662215951054371,2.8812430276841496
3,0.866745247823155,2.8820728016683006
3,0.8672689005408729,2.8828989349697167
3,0.8677925532585907,2.8837214139223306
3,0.8683162059763087,2.8845402248846312
3,0.8688398586940266,2.8853553542382997
3,0.8693635114117445,2.886166788392984
3,0.8698871641294624,2.886974513784253
3,0.8704108168471804,2.8877785168710943
3,0.8709344695648983,2.8885787841427373
3,0.8714581222826162,2.8893753021141038
3,0.8719817750003341,2.8901680573260364
3,0.8725054277180521,2.8909570363493913
3,0.87302908043577,2.891742225782764
3,0.8735527331534879,2.8925236122531714
3,0.8740763858712058,2.8933011824174173
3,0.8746000385889238,2.894074922960044
3,0.8751236913066417,2.8948448205972
3,0.8756473440243595,2.8956108620750456
3,0.8761709967420774,2.896373034169528
3,0.8766946494597954,2.8971313236893366
3,0.8772183021775133,2.8978857174722634
3,0.8777419548952312,2.8986362023897527
3,0.8782656076129491,2.8993827653455355
3,0.8787892603306671,2.900125393274948
3,0.879312913048385,2.9008640731474316
3,0.8798365657661029,2.9015987919656254
3,0.8803602184838208,2.90232953676491
3,0.8808838712015388,2.9030562946163627
3,0.8814075239192567,2.9037790526258505
3,0.8819311766369746,2.904497797932663
3,0.8824548293546925,2.905212517713153
3,0.8829784820724104,2.9059231991793695
3,0.8835021347901283,2.9066298295786055
3,0.8840257875078462,2.907332396194988
3,0.8845494402255641,2.908030886351071
3,0.8850730929432821,2.908725287405332
3,0.885596745661,2.909415586755131
3,0.8861203983787179,2.9101017718355706
3,0.8866440510964358,2.9107838301185893
3,0.8871677038141538,2.911461749118871
3,0.8876913565318717,2.912135516389071
3,0.8882150092495896,2.912805119520044
3,0.8887386619673076,2.913470546143799
3,0.8892623146850255,2.914131783934181
3,0.8897859674027434,2.9147888206041443
3,0.8903096201204612,2.915441643909162
3,0.8908332728381791,2.916090241646998
3,0.8913569255558971,2.916734601655662
3,0.891880578273615,2.917374711817274
3,0.8924042309913329,2.918010560057155
3,0.8929278837090509,2.918642134343145
3,0.8934515364267688,2.919269422686739
3,0.8939751891444867,2.9198924131435433
3,0.8944988418622046,2.920511093815776
3,0.8950224945799226,2.921125452846354
3,0.8955461472976405,2.9217354784266263
3,0.8960698000153584,2.9223411587947794
3,0.8965934527330763,2.9229424822315195
3,0.8971171054507943,2.923539437065301
3,0.8976407581685121,2.9241320116730094
3,0.89816441088623,2.9247201944772314
3,0.8986880636039479,2.925303973947848
3,0.8992117163216659,2.9258833386040806
3,0.8997353690393838,2.926458277012216
3,0.9002590217571017,2.9270287777881094
3,0.9007826744748196,2.927594829596501
3,0.9013063271925376,2.928156421151243
3,0.9018299799102555,2.9287135412175758
3,0.9023536326279734,2.9292661786080316
3,0.9028772853456913,2.929814322188122
3,0.9034009380634093,2.930357960874744
3,0.9039245907811272,2.9308970836343633
3,0.9044482434988451,2.931431679485968
3,0.9049718962165629,2.9319617375012967
3,0.9054955489342809,2.932487246803703
3,0.9060192016519988,2.9330081965697445
3,0.9065428543697167,2.933524576028958
3,0.9070665070874346,2.93403637446454
3,0.9075901598051526,2.934543581214257
3,0.9081138125228705,2.9350461856699894
3,0.9086374652405884,2.9355441772772792
3,0.9091611179583063,2.9360375455369194
3,0.9096847706760243,2.9365262800070013
3,0.9102084233937422,2.937010370299504
3,0.9107320761114601,2.9374898060821124
3,0.911255728829178,2.937964577081175
3,0.911779381546896,2.9384346730780635
3,0.9123030342646139,2.9389000839114487
3,0.9128266869823317,2.939360799478891
3,0.9133503397000496,2.9398168097336566
3,0.9138739924177676,2.9402681046890393
3,0.9143976451354855,2.940714674415858
3,0.9149212978532034,2.9411565090456406
3,0.9154449505709213,2.941593598767213
3,0.9159686032886393,2.9420259338292
3,0.9164922560063572,2.942453504540026
3,0.9170159087240751,2.942876301269962
3,0.917539561441793,2.943294314449531
3,0.918063214159511,2.9437075345690573
3,0.9185868668772289,2.944115952180482
3,0.9191105195949468,2.94451955789782
3,0.9196341723126648,2.944918342397159
3,0.9201578250303826,2.945312296416205
3,0.9206814777481005,2.9457014107558734
3,0.9212051304658184,2.946085676280063
3,0.9217287831835363,2.9464650839154274
3,0.9222524359012543,2.9468396246529664
3,0.9227760886189722,2.9472092895464357
3,0.9232997413366901,2.947574069715529
3,0.923823394054408,2.947933956343377
3,0.924347046772126,2.9482889406763206
3,0.9248706994898439,2.9486390140298226
3,0.9253943522075618,2.9489841677827826
3,0.9259180049252798,2.9493243933779922
3,0.9264416576429977,2.9496596823271375
3,0.9269653103607156,2.9499900262078427
3,0.9274889630784334,2.9503154166632157
3,0.9280126157961514,2.9506358454045767
3,0.9285362685138693,2.950951304209866
3,0.9290599212315872,2.951261784925009
3,0.9295835739493051,2.951567279464143
3,0.9301072266670231,2.951867779807799
3,0.930630879384741,2.952163278006992
3,0.9311545321024589,2.952453766182771
3,0.9316781848201768,2.9527392365209835
3,0.9322018375378948,2.9530196812800114
3,0.9327254902556127,2.953295092787812
3,0.9332491429733306,2.9535654634401
3,0.9337727956910485,2.9538307857051223
3,0.9342964484087665,2.9540910521218393
3,0.9348201011264843,2.9543462552969686
3,0.9353437538442022,2.9545963879106694
3,0.9358674065619201,2.954841442713814
3,0.9363910592796381,2.955081412528898
3,0.936914711997356,2.9553162902509484
3,0.9374383647150739,2.9555460688454787
3,0.9379620174327918,2.955770741350534
3,0.9384856701505098,2.955990300877829
3,0.9390093228682277,2.956204740611838
3,0.9395329755859456,2.9564140538097945
3,0.9400566283036635,2.956618233801919
3,0.9405802810213815,2.9568172739918737
3,0.9411039337390994,2.957011167858809
3,0.9416275864568173,2.9571999089537258
3,0.9421512391745352,2.957383490901748
3,0.9426748918922531,2.957561907405534
3,0.943198544609971,2.9577351522418667
3,0.9437221973276889,2.957903219259606
3,0.9442458500454068,2.9580661023846915
3,0.9447695027631248,2.9582237956187782
3,0.9452931554808427,2.9583762930392368
3,0.9458168081985606,2.9585235887989256
3,0.9463404609162785,2.9586656771268736
3,0.9468641136339965,2.9588025523296437
3,0.9473877663517144,2.9589342087886052
3,0.9479114190694323,2.9590606409619795
3,0.9484350717871503,2.9591818433866592
3,0.9489587245048682,2.9592978106745704
3,0.9494823772225861,2.9594085375174473
3,0.9500060299403039,2.9595140186834215
3,0.9505296826580218,2.959614249017932
3,0.9510533353757398,2.959709223444179
3,0.9515769880934577,2.9597989369640345
3,0.9521006408111756,2.959883384659406
3,0.9526242935288936,2.9599625616883714
3,0.9531479462466115,2.960036463288361
3,0.9536715989643294,2.9601050847763872
3,0.9541952516820473,2.9601684215481328
3,0.9547189043997653,2.9602264690774973
3,0.9552425571174832,2.9602792229211445
3,0.9557662098352011,2.9603266787109987
3,0.956289862552919,2.960368832160839
3,0.956813515270637,2.960405679066298
3,0.9573371679883548,2.9604372152996348
3,0.9578608207060727,2.960463436815189
3,0.9583844734237906,2.960484339647337
3,0.9589081261415086,2.960499919911399
3,0.9594317788592265,2.9605101738034136
3,0.9599554315769444,2.9605150975987726
3,0.9604790842946623,2.960514687655632
3,0.9610027370123803,2.9605089404137743
3,0.9615263897300982,2.9604978523923364
3,0.9620500424478161,2.9604814201918543
3,0.962573695165534,2.960459640496083
3,0.963097347883252,2.960432510070177
3,0.9636210006009699,2.960400025759327
3,0.9641446533186878,2.9603621844917143
3,0.9646683060364056,2.9603189832794214
3,0.9651919587541236,2.9602704192127476
3,0.9657156114718415,2.9602164894681664
3,0.9662392641895594,2.9601571913010503
3,0.9667629169072773,2.9600925220518093
3,0.9672865696249953,2.960022479142026
3,0.9678102223427132,2.9599470600762743
3,0.9683338750604311,2.9598662624434837
3,0.968857527778149,2.959780083913074
3,0.969381180495867,2.959688522237684
3,0.9699048332135849,2.9595915752533983
3,0.9704284859313028,2.9594892408808846
3,0.9709521386490207,2.9593815171217557
3,0.9714757913667387,2.959268402062662
3,0.9719994440844566,2.959149893872336
3,0.9725230968021744,2.9590259908029566
3,0.9730467495198923,2.9588966911917396
3,0.9735704022376103,2.958761993458211
3,0.9740940549553282,2.9586218961044324
3,0.9746177076730461,2.958476397717959
3,0.975141360390764,2.9583254969707014
3,0.975665013108482,2.9581691926155145
3,0.9761886658261999,2.9580074834907464
3,0.9767123185439178,2.9578403685191006
3,0.9772359712616357,2.9576678467064994
3,0.9777596239793537,2.9574899171429934
3,0.9782832766970716,2.957306579001852
3,0.9788069294147895,2.957117831542746
3,0.9793305821325075,2.956923674106747
3,0.9798542348502253,2.9567241061190543
3,0.9803778875679432,2.9565191270908144
3,0.9809015402856611,2.956308736615938
3,0.981425193003379,2.9560929343747375
3,0.981948845721097,2.955871720128016
3,0.9824724984388149,2.955645093721614
3,0.9829961511565328,2.955413055088229
3,0.9835198038742508,2.9551756042433226
3,0.9840434565919687,2.954932741284665
3,0.9845671093096866,2.954684466396884
3,0.9850907620274045,2.9544307798469163
3,0.9856144147451225,2.9541716819858266
3,0.9861380674628404,2.953907173251082
3,0.9866617201805583,2.9536372541624587
3,0.9871853728982761,2.9533619253229517
3,0.987709025615994,2.953081187421958
3,0.988232678333712,2.952795041231184
3,0.9887563310514299,2.9525034876069185
3,0.9892799837691478,2.9522065274891247
3,0.9898036364868658,2.951904161902803
3,0.9903272892045837,2.951596391955718
3,0.9908509419223016,2.9512832188397624
3,0.9913745946400195,2.950964643831867
3,0.9918982473577375,2.950640668289907
3,0.9924219000754554,2.950311293658615
3,0.9929455527931733,2.9499765214650324
3,0.9934692055108912,2.949636353318965
3,0.9939928582286092,2.9492907909152564
3,0.994516510946327,2.948939836032423
3,0.9950401636640449,2.9485834905308366
3,0.9955638163817628,2.9482217563554514
3,0.9960874690994808,2.9478546355330764
3,0.9966111218171987,2.9474821301764678
3,0.9971347745349166,2.9471042424797815
3,0.9976584272526345,2.946720974719483
3,0.9981820799703525,2.946332329254801
3,0.9987057326880704,2.9459383085309128
3,0.9992293854057883,2.9455389150734845
3,0.9997530381235062,2.9451341514904925
3,1.0002766908412242,2.9447240204731315
3,1.000800343558942,2.944308524794451
3,1.00132399627666,2.9438876673116283
3,1.001847648994378,2.943461450963241
3,1.0023713017120959,2.9430298787688116
3,1.0028949544298138,2.9425929538319906
3,1.0034186071475317,2.942150679336919
3,1.0039422598652497,2.9417030585486827
3,1.0044659125829676,2.941250094816496
3,1.0049895653006855,2.9407917915705184
3,1.0055132180184032,2.940328152321399
3,1.0060368707361211,2.939859180660278
3,1.006560523453839,2.939384880261514
3,1.007084176171557,2.93890525488041
3,1.007607828889275,2.938420308352306
3,1.0081314816069928,2.937930044591667
3,1.0086551343247108,2.9374344675966313
3,1.0091787870424287,2.9369335814453734
3,1.0097024397601466,2.9364273902933746
3,1.0102260924778645,2.935915898379335
3,1.0107497451955825,2.935399110020626
3,1.0112733979133004,2.9348770296151088
3,1.0117970506310183,2.9343496616402263
3,1.0123207033487363,2.9338170106511825
3,1.0128443560664542,2.933279081285491
3,1.013368008784172,2.9327358782588817
3,1.01389166150189,2.932187406362118
3,1.014415314219608,2.9316336704700916
3,1.0149389669373259,2.9310746755354558
3,1.0154626196550438,2.930510426586352
3,1.0159862723727617,2.929940928731412
3,1.0165099250904797,2.9293661871565746
3,1.0170335778081976,2.928786207125995
3,1.0175572305259155,2.9282009939806812
3,1.0180808832436334,2.9276105531407666
3,1.0186045359613514,2.9270148901023276
3,1.0191281886790693,2.926414010438293
3,1.0196518413967872,2.925807919799354
3,1.0201754941145051,2.9251966239112335
3,1.0206991468322228,2.9245801285796915
3,1.0212227995499408,2.923958439681428
3,1.0217464522676587,2.9233315631727237
3,1.0222701049853766,2.922699505086257
3,1.0227937577030946,2.922062271527466
3,1.0233174104208125,2.9214198686781856
3,1.0238410631385304,2.9207723027961947
3,1.0243647158562483,2.92011958021385
3,1.0248883685739663,2.919461707336268
3,1.0254120212916842,2.9187986906463266
3,1.025935674009402,2.9181305366987544
3,1.02645932672712,2.9174572521210393
3,1.026982979444838,2.9167788436179762
3,1.0275066321625559,2.916095317964846
3,1.0280302848802738,2.9154066820101434
3,1.0285539375979917,2.9147129426773972
3,1.0290775903157097,2.914014106961531
3,1.0296012430334276,2.913310181928864
3,1.0301248957511455,2.9126011747193843
3,1.0306485484688634,2.9118870925444753
3,1.0311722011865814,2.911167942686461
3,1.0316958539042993,2.910443732501335
3,1.0322195066220172,2.909714469413302
3,1.0327431593397352,2.908980160917963
3,1.033266812057453,2.9082408145832233
3,1.033790464775171,2.9074964380452
3,1.034314117492889,2.9067470390118615
3,1.0348377702106069,2.905992625259387
3,1.0353614229283246,2.905233204634442
3,1.0358850756460425,2.9044687850514492
3,1.0364087283637604,2.903699374495318
3,1.0369323810814783,2.9029249810196234
3,1.0374560337991963,2.9021456127438796
3,1.0379796865169142,2.9013612778576316
3,1.0385033392346321,2.9005719846190914
3,1.03902699195235,2.899777741351045
3,1.039550644670068,2.8989785564440353
3,1.040074297387786,2.8981744383568184
3,1.0405979501055038,2.8973653956149974
3,1.0411216028232217,2.8965514368092045
3,1.0416452555409397,2.895732570594646
3,1.0421689082586576,2.8949088056942855
3,1.0426925609763755,2.894080150895661
3,1.0432162136940935,2.893246615051794
3,1.0437398664118114,2.8924082070807344
3,1.0442635191295293,2.8915649359610143
3,1.0447871718472472,2.8907168107393773
3,1.0453108245649652,2.8898638405266865
3,1.045834477282683,2.8890060344933772
3,1.046358130000401,2.8881434018758227
3,1.046881782718119,2.887275951972242
3,1.0474054354358369,2.886403694143155
3,1.0479290881535548,2.885526637811836
3,1.0484527408712727,2.8846447924620406
3,1.0489763935889906,2.883758167639371
3,1.0495000463067086,2.882866772951729
3,1.0500236990244265,2.881970618066589
3,1.0505473517421442,2.8810697127119056
3,1.0510710044598621,2.8801640666752064
3,1.05159465717758,2.8792536898049548
3,1.052118309895298,2.8783385920082765
3,1.052641962613016,2.877418783250505
3,1.0531656153307338,2.8764942735570003
3,1.0536892680484518,2.8755650730122397
3,1.0542129207661697,2.874631191755725
3,1.0547365734838876,2.8736926399865297
3,1.0552602262016055,2.8727494279614803
3,1.0557838789193235,2.8718015659942466
3,1.0563075316370414,2.870849064452159
3,1.0568311843547593,2.869891933762574
3,1.0573548370724772,2.868930184407418
3,1.0578784897901952,2.867963826922278
3,1.058402142507913,2.866992871901857
3,1.058925795225631,2.8660173299922462
3,1.059449447943349,2.8650372118945597
3,1.0599731006610669,2.8640525283640272
3,1.0604967533787848,2.8630632902113575
3,1.0610204060965027,2.862069508298646
3,1.0615440588142206,2.8610711935398285
3,1.0620677115319386,2.860068356906595
3,1.0625913642496565,2.859061009416564
3,1.0631150169673744,2.858049162141924
3,1.0636386696850924,2.857032826208524
3,1.0641623224028103,2.856012012789506
3,1.0646859751205282,2.8549867331103087
3,1.065209627838246,2.853956998449121
3,1.0657332805559638,2.8529228201296064
3,1.0662569332736818,2.851884209527725
3,1.0667805859913997,2.8508411780680945
3,1.0673042387091176,2.8497937372258093
3,1.0678278914268355,2.8487418985218937
3,1.0683515441445535,2.847685673525575
3,1.0688751968622714,2.8466250738565577
3,1.0693988495799893,2.8455601111800206
3,1.0699225022977072,2.844490797207527
3,1.0704461550154252,2.8434171436970246
3,1.070969807733143,2.842339162454664
3,1.071493460450861,2.841256865331161
3,1.072017113168579,2.8401702642213422
3,1.0725407658862969,2.8390793710677826
3,1.0730644186040148,2.8379841978558034
3,1.0735880713217327,2.8368847566157456
3,1.0741117240394507,2.835781059421606
3,1.0746353767571686,2.834673118388764
3,1.0751590294748865,2.833560945679892
3,1.0756826821926044,2.83244455349859
3,1.0762063349103224,2.8313239540880204
3,1.0767299876280403,2.830199159735912
3,1.0772536403457582,2.8290701827731937
3,1.0777772930634761,2.8279370355685387
3,1.078300945781194,2.8267997305315475
3,1.078824598498912,2.8256582801150216
3,1.07934825121663,2.824512696808597
3,1.0798719039343478,2.8233629931437463
3,1.0803955566520655,2.822209181688777
3,1.0809192093697835,2.821051275053833
3,1.0814428620875014,2.8198892858840736
3,1.0819665148052193,2.8187232268646767
3,1.0824901675229373,2.817553110719473
3,1.0830138202406552,2.8163789502059444
3,1.083537472958373,2.8152007581206817
3,1.084061125676091,2.8140185472971098
3,1.084584778393809,2.812832330602305
3,1.0851084311115269,2.811642120941997
3,1.0856320838292448,2.810447931255112
3,1.0861557365469627,2.8092497745151377
3,1.0866793892646807,2.808047663731486
3,1.0872030419823986,2.8068416119454014
3,1.0877266947001165,2.805631632233599
3,1.0882503474178344,2.8044177377064443
3,1.0887740001355524,2.8031999415043174
3,1.0892976528532703,2.8019782568021583
3,1.0898213055709882,2.8007526968071943
3,1.0903449582887061,2.799523274757121
3,1.090868611006424,2.7982900039214655
3,1.091392263724142,2.79705289759886
3,1.09191591644186,2.7958119691211323
3,1.0924395691595779,2.7945672318487595
3,1.0929632218772958,2.793318699171323
3,1.0934868745950137,2.792066384508871
3,1.0940105273127316,2.790810301307829
3,1.0945341800304496,2.789550463046453
3,1.0950578327481673,2.7882868832293752
3,1.0955814854658852,2.7870195753866938
3,1.0961051381836031,2.7857485530812482
3,1.096628790901321,2.784473829896342
3,1.097152443619039,2.783195419443473
3,1.097676096336757,2.781913335365516
3,1.0981997490544748,2.780627591324901
3,1.0987234017721927,2.7793382010104324
3,1.0992470544899107,2.778045178136381
3,1.0997707072076286,2.776748536442483
3,1.1002943599253465,2.7754482896921218
3,1.1008180126430644,2.7741444516709635
3,1.1013416653607824,2.7728370361887755
3,1.1018653180785003,2.771526057079427
3,1.1023889707962182,2.770211528197251
3,1.1029126235139362,2.7688934634188627
3,1.103436276231654,2.7675718766445243
3,1.103959928949372,2.7662467817940524
3,1.10448358166709,2.7649181928100006
3,1.1050072343848079,2.763586123652658
3,1.1055308871025258,2.7622505883036865
3,1.1060545398202437,2.760911600765212
3,1.1065781925379616,2.7595691750584592
3,1.1071018452556796,2.758223325223753
3,1.1076254979733975,2.7568740653196073
3,1.1081491506911154,2.7555214094227267
3,1.1086728034088333,2.7541653716275505
3,1.1091964561265513,2.7528059660453437
3,1.1097201088442692,2.751443206806016
3,1.110243761561987,2.7500771080563027
3,1.1107674142797048,2.7487076839570364
3,1.1112910669974227,2.7473349486854204
3,1.1118147197151407,2.7459589164359386
3,1.1123383724328586,2.7445796014180814
3,1.1128620251505765,2.743197017853163
3,1.1133856778682945,2.7418111799793223
3,1.1139093305860124,2.7404221020492514
3,1.1144329833037303,2.7390297983283745
3,1.1149566360214482,2.7376342830934846
3,1.1154802887391662,2.736235570637291
3,1.116003941456884,2.734833675263417
3,1.116527594174602,2.733428611288673
3,1.11705124689232,2.7320203930398748
3,1.1175748996100379,2.730609034855206
3,1.1180985523277558,2.7291945510860387
3,1.1186222050454737,2.7277769560937486
3,1.1191458577631916,2.7263562642478973
3,1.1196695104809096,2.72493248992987
3,1.1201931631986275,2.723505647530601
3,1.1207168159163454,2.722075751448301
3,1.1212404686340633,2.7206428160930045
3,1.1217641213517813,2.719206855880657
3,1.1222877740694992,2.717767885235844
3,1.1228114267872171,2.7163259185917923
3,1.123335079504935,2.7148809703876395
3,1.123858732222653,2.7134330550697996
3,1.124382384940371,2.7119821870928718
3,1.1249060376580886,2.710528380917367
3,1.1254296903758065,2.70907165100607
3,1.1259533430935245,2.707612011832225
3,1.1264769958112424,2.7061494778727138
3,1.1270006485289603,2.704684063606692
3,1.1275243012466782,2.7032157835210455
3,1.1280479539643962,2.7017446521058446
3,1.128571606682114,2.7002706838543418
3,1.129095259399832,2.6987938932638826
3,1.12961891211755,2.697314294833177
3,1.1301425648352679,2.6958319030677558
3,1.1306662175529858,2.6943467324708763
3,1.1311898702707037,2.6928587975498885
3,1.1317135229884216,2.6913681128157805
3,1.1322371757061396,2.689874692776357
3,1.1327608284238575,2.6883785519444245
3,1.1332844811415754,2.686879704832336
3,1.1338081338592934,2.6853781659515334
3,1.1343317865770113,2.6838739498161885
3,1.1348554392947292,2.6823670709386533
3,1.1353790920124471,2.6808575438285516
3,1.135902744730165,2.679345382996871
3,1.136426397447883,2.6778306029541454
3,1.136950050165601,2.6763132182077243
3,1.1374737028833188,2.6747932432622292
3,1.1379973556010368,2.673270692621827
3,1.1385210083187547,2.671745580787956
3,1.1390446610364726,2.670217922257052
3,1.1395683137541905,2.668687731524642
3,1.1400919664719082,2.66715502308125
3,1.1406156191896262,2.665619811414217
3,1.141139271907344,2.6640821110072466
3,1.141662924625062,2.6625419363367655
3,1.14218657734278,2.6609993018769273
3,1.1427102300604979,2.6594542220964286
3,1.1432338827782158,2.657906711459873
3,1.1437575354959337,2.656356784421405
3,1.1442811882136517,2.6548044554324406
3,1.1448048409313696,2.653249738939394
3,1.1453284936490875,2.651692649378674
3,1.1458521463668054,2.6501332011803242
3,1.1463757990845234,2.648571408769385
3,1.1468994518022413,2.6470072865613474
3,1.1474231045199592,2.645440848963972
3,1.1479467572376771,2.6438721103772878
3,1.148470409955395,2.64230108519223
3,1.148994062673113,2.6407277877915476
3,1.149517715390831,2.6391522325479855
3,1.1500413681085488,2.6375744338265577
3,1.1505650208262668,2.63599440598
3,1.1510886735439847,2.6344121633533177
3,1.1516123262617026,2.6328277202815116
3,1.1521359789794205,2.6312410910868493
3,1.1526596316971385,2.6296522900815944
3,1.1531832844148564,2.6280613315684604
3,1.1537069371325743,2.6264682298369735
3,1.1542305898502923,2.624872999165291
3,1.15475424256801,2.6232756538215654
3,1.1552778952857279,2.621676208057579
3,1.1558015480034458,2.620074676116019
3,1.1563252007211637,2.6184710722263844
3,1.1568488534388817,2.616865410604987
3,1.1573725061565996,2.615257705453587
3,1.1578961588743175,2.6136479709607556
3,1.1584198115920354,2.6120362213027875
3,1.1589434643097534,2.610422470640515
3,1.1594671170274713,2.6088067331202183
3,1.1599907697451892,2.6071890228740813
3,1.1605144224629071,2.6055693540197353
3,1.161038075180625,2.603947740658441
3,1.161561727898343,2.602324196876907
3,1.162085380616061,2.6006987367468355
3,1.1626090333337789,2.599071374322193
3,1.1631326860514968,2.5974421236414855
3,1.1636563387692147,2.595810998728666
3,1.1641799914869326,2.5941780135885892
3,1.1647036442046506,2.5925431822092833
3,1.1652272969223685,2.5909065185633153
3,1.1657509496400864,2.5892680366050627
3,1.1662746023578043,2.5876277502711673
3,1.1667982550755223,2.585985673479172
3,1.1673219077932402,2.5843418201302484
3,1.1678455605109581,2.5826962041069237
3,1.168369213228676,2.581048839272171
3,1.168892865946394,2.579399739472592
3,1.1694165186641117,2.5777489185311424
3,1.1699401713818296,2.576096390255316
3,1.1704638240995475,2.574442168433052
3,1.1709874768172654,2.5727862668304624
3,1.1715111295349834,2.5711286991950146
3,1.1720347822527013,2.569469479254167
3,1.1725584349704192,2.567808620714004
3,1.1730820876881372,2.566146137260148
3,1.173605740405855,2.564482042558666
3,1.174129393123573,2.562816350252888
3,1.174653045841291,2.561149073966135
3,1.1751766985590089,2.5594802272994457
3,1.1757003512767268,2.557809823832031
3,1.1762240039944447,2.5561378771221825
3,1.1767476567121626,2.554464400705001
3,1.1772713094298806,2.552789408094668
3,1.1777949621475985,2.551112912780809
3,1.1783186148653164,2.549434928231676
3,1.1788422675830343,2.5477554678932393
3,1.1793659203007523,2.546074545186457
3,1.1798895730184702,2.544392173510005
3,1.1804132257361881,2.542708366239367
3,1.180936878453906,2.5410231367259257
3,1.181460531171624,2.5393364982969615
3,1.181984183889342,2.537648464256563
3,1.1825078366070598,2.5359590478828977
3,1.1830314893247778,2.534268262430942
3,1.1835551420424957,2.5325761211315694
3,1.1840787947602136,2.5308826371883697
3,1.1846024474779313,2.5291878237821948
3,1.1851261001956492,2.5274916940688854
3,1.1856497529133672,2.5257942611774524
3,1.186173405631085,2.5240955382105312
3,1.186697058348803,2.5223955382484746
3,1.187220711066521,2.5206942743429863
3,1.1877443637842389,2.518991759520304
3,1.1882680165019568,2.5172880067802907
3,1.1887916692196747,2.515583029096433
3,1.1893153219373926,2.5138768394172075
3,1.1898389746551106,2.5121694506615313
3,1.1903626273728285,2.5104608757224014
3,1.1908862800905464,2.5087511274682583
3,1.1914099328082643,2.507040218737984
3,1.1919335855259823,2.505328162340902
3,1.1924572382437002,2.503614971063598
3,1.1929808909614181,2.5019006576626452
3,1.193504543679136,2.500185234865512
3,1.194028196396854,2.498468715373292
3,1.194551849114572,2.4967511118593393
3,1.1950755018322898,2.495032436967449
3,1.1955991545500078,2.4933127033132223
3,1.1961228072677257,2.491591923483611
3,1.1966464599854436,2.4898701100378275
3,1.1971701127031615,2.488147275506435
3,1.1976937654208795,2.4864234323881647
3,1.1982174181385974,2.484698593154917
3,1.1987410708563153,2.4829727702494893
3,1.199264723574033,2.4812459760860293
3,1.199788376291751,2.479518223044579
3,1.2003120290094689,2.4777895234806238
3,1.2008356817271868,2.4760598897182717
3,1.2013593344449047,2.4743293340502532
3,1.2018829871626227,2.4725978687406496
3,1.2024066398803406,2.4708655060239835
3,1.2029302925980585,2.4691322581029453
3,1.2034539453157764,2.4673981371483933
3,1.2039775980334944,2.4656631553043553
3,1.2045012507512123,2.463927324683482
3,1.2050249034689302,2.462190657364772
3,1.2055485561866481,2.460453165398121
3,1.206072208904366,2.4587148608029565
3,1.206595861622084,2.4569757555659635
3,1.207119514339802,2.455235861643814
3,1.2076431670575198,2.453495190963622
3,1.2081668197752378,2.4517537554170303
3,1.2086904724929557,2.4500115668652143
3,1.2092141252106736,2.4482686371407
3,1.2097377779283915,2.446524978040088
3,1.2102614306461095,2.444780601331331
3,1.2107850833638274,2.4430355187487294
3,1.2113087360815453,2.4412897419947512
3,1.2118323887992632,2.4395432827400327
3,1.2123560415169812,2.4377961526215586
3,1.212879694234699,2.4360483632472096
3,1.213403346952417,2.434299926188487
3,1.213926999670135,2.4325508529864237
3,1.2144506523878527,2.4308011551497657
3,1.2149743051055706,2.4290508441540624
3,1.2154979578232885,2.427299931440757
3,1.2160216105410064,2.425548428419461
3,1.2165452632587244,2.423796346468862
3,1.2170689159764423,2.4220436969299044
3,1.2175925686941602,2.4202904911144287
3,1.2181162214118781,2.4185367402997144
3,1.218639874129596,2.4167824557284803
3,1.219163526847314,2.415027648612522
3,1.219687179565032,2.413272330127711
3,1.2202108322827498,2.4115165114194497
3,1.2207344850004678,2.4097602035963064
3,1.2212581377181857,2.4080034177327434
3,1.2217817904359036,2.406246164874119
3,1.2223054431536216,2.404488456028048
3,1.2228290958713395,2.4027303021689477
3,1.2233527485890574,2.4009717142380396
3,1.2238764013067753,2.3992127031415293
3,1.2244000540244933,2.397453279752426
3,1.2249237067422112,2.395693454909633
3,1.225447359459929,2.3939332394174926
3,1.225971012177647,2.3921726440453313
3,1.226494664895365,2.3904116795306436
3,1.2270183176130829,2.3886503565727253
3,1.2275419703308008,2.3868886858394944
3,1.2280656230485187,2.385126677964763
3,1.2285892757662367,2.3833643435441445
3,1.2291129284839544,2.3816016931436934
3,1.2296365812016723,2.3798387372899015
3,1.2301602339193902,2.3780754864783376
3,1.2306838866371081,2.3763119511672812
3,1.231207539354826,2.3745481417831797
3,1.231731192072544,2.3727840687147363
3,1.232254844790262,2.3710197423156387
3,1.2327784975079799,2.369255172908197
3,1.2333021502256978,2.3674903707765225
3,1.2338258029434157,2.365725346171075
3,1.2343494556611336,2.3639601093072997
3,1.2348731083788516,2.362194670363351
3,1.2353967610965695,2.3604290394869167
3,1.2359204138142874,2.35866322678703
3,1.2364440665320053,2.3568972423372543
3,1.2369677192497233,2.355131096178866
3,1.2374913719674412,2.353364798315397
3,1.2380150246851591,2.3515983587162737
3,1.238538677402877,2.349831787314997
3,1.239062330120595,2.3480650940095984
3,1.239585982838313,2.3462982886644568
3,1.2401096355560308,2.344531381107572
3,1.2406332882737487,2.342764381131019
3,1.2411569409914667,2.3409972984909473
3,1.2416805937091846,2.339230142909855
3,1.2422042464269025,2.3374629240752256
3,1.2427278991446205,2.3356956516363425
3,1.2432515518623384,2.333928335208384
3,1.2437752045800563,2.332160984372422
3,1.244298857297774,2.330393608673603
3,1.244822510015492,2.328626217617966
3,1.2453461627332099,2.326858820680627
3,1.2458698154509278,2.3250914272994123
3,1.2463934681686457,2.323324046876678
3,1.2469171208863636,2.3215566887784007
3,1.2474407736040816,2.3197893623369055
3,1.2479644263217995,2.3180220768467734
3,1.2484880790395174,2.316254841568025
3,1.2490117317572353,2.314487665724755
3,1.2495353844749533,2.3127205585069532
3,1.2500590371926712,2.310953529068229
3,1.2505826899103891,2.3091865865239924
3,1.251106342628107,2.307419739956913
3,1.251629995345825,2.3056529984146437
3,1.252153648063543,2.3038863709075486
3,1.2526773007812608,2.302119866410976
3,1.2532009534989788,2.300353493863895
3,1.2537246062166967,2.298587262170713
3,1.2542482589344146,2.296821180199913
3,1.2547719116521325,2.295055256784508
3,1.2552955643698505,2.2932895007215848
3,1.2558192170875684,2.291523920772761
3,1.2563428698052863,2.2897585256650927
3,1.2568665225230042,2.287993324089257
3,1.2573901752407222,2.2862283246990955
3,1.25791382795844,2.28446353611389
3,1.258437480676158,2.282698966920634
3,1.2589611333938757,2.28093462566585
3,1.2594847861115936,2.279170520862408
3,1.2600084388293116,2.2774066609890724
3,1.2605320915470295,2.2756430544873183
3,1.2610557442647474,2.273879709763605
3,1.2615793969824654,2.2721166351902866
3,1.2621030497001833,2.270353839103336
3,1.2626267024179012,2.2685913298028026
3,1.2631503551356191,2.2668291155532643
3,1.263674007853337,2.265067204586103
3,1.264197660571055,2.2633056050949563
3,1.264721313288773,2.261544325239356
3,1.2652449660064908,2.2597833731438186
3,1.2657686187242088,2.2580227568960254
3,1.2662922714419267,2.2562624845504615
3,1.2668159241596446,2.254502564126142
3,1.2673395768773625,2.252743003604337
3,1.2678632295950805,2.2509838109349403
3,1.2683868823127984,2.2492249940310103
3,1.2689105350305163,2.247466560768771
3,1.2694341877482342,2.2457085189926147
3,1.2699578404659522,2.243950876510553
3,1.27048149318367,2.242193641094673
3,1.271005145901388,2.2404368204825005
3,1.271528798619106,2.238680422377911
3,1.2720524513368239,2.2369244544497633
3,1.2725761040545418,2.2351689243305373
3,1.2730997567722597,2.233413839617697
3,1.2736234094899774,2.231659207877783
3,1.2741470622076954,2.229905036638229
3,1.2746707149254133,2.2281513333923613
3,1.2751943676431312,2.22639810560122
3,1.2757180203608491,2.22464536068901
3,1.276241673078567,2.2228931060467403
3,1.276765325796285,2.221141349031768
3,1.277288978514003,2.219390096961888
3,1.2778126312317208,2.2176393571276094
3,1.2783362839494388,2.215889136781243
3,1.2788599366671567,2.214139443138265
3,1.2793835893848746,2.212390283384593
3,1.2799072421025925,2.21064166467022
3,1.2804308948203105,2.2088935941101226
3,1.2809545475380284,2.207146078785172
3,1.2814782002557463,2.2053991257430425
3,1.2820018529734643,2.2036527419959384
3,1.2825255056911822,2.201906934523322
3,1.2830491584089,2.2001617102700948
3,1.283572811126618,2.198417076147507
3,1.284096463844336,2.196673039032248
3,1.2846201165620539,2.1949296057687206
3,1.2851437692797718,2.193186783164947
3,1.2856674219974897,2.191444577997572
3,1.2861910747152077,2.18970299700959
3,1.2867147274329256,2.187962046906705
3,1.2872383801506435,2.1862217343655175
3,1.2877620328683614,2.1844820660285222
3,1.2882856855860794,2.182743048501834
3,1.288809338303797,2.1810046883610994
3,1.289332991021515,2.1792669921469496
3,1.289856643739233,2.1775299663663645
3,1.2903802964569508,2.1757936174949464
3,1.2909039491746688,2.174057951973282
3,1.2914276018923867,2.1723229762105802
3,1.2919512546101046,2.1705886965819445
3,1.2924749073278226,2.1688551194292813
3,1.2929985600455405,2.1671222510613006
3,1.2935222127632584,2.1653900977544254
3,1.2940458654809763,2.1636586657527914
3,1.2945695181986943,2.1619279612668834
3,1.2950931709164122,2.160197990473989
3,1.29561682363413,2.1584687595200194
3,1.296140476351848,2.1567402745185973
3,1.296664129069566,2.1550125415487855
3,1.2971877817872839,2.153285566658724
3,1.2977114345050018,2.1515593558629007
3,1.2982350872227197,2.1498339151457913
3,1.2987587399404377,2.1481092504577646
3,1.2992823926581556,2.1463853677173574
3,1.2998060453758735,2.144662272810365
3,1.3003296980935914,2.1429399715925683
3,1.3008533508113094,2.141218469885189
3,1.3013770035290273,2.139497773477615
3,1.3019006562467452,2.1377778881310405
3,1.3024243089644632,2.136058819570735
3,1.302947961682181,2.1343405734914995
3,1.3034716143998988,2.132623155557667
3,1.3039952671176167,2.130906571399919
3,1.3045189198353346,2.129190826618924
3,1.3050425725530526,2.127475926783063
3,1.3055662252707705,2.1257618774307048
3,1.3060898779884884,2.1240486840665653
3,1.3066135307062063,2.1223363521662577
3,1.3071371834239243,2.120624887174472
3,1.3076608361416422,2.118914294501792
3,1.3081844888593601,2.117204579530153
3,1.308708141577078,2.1154957476105665
3,1.309231794294796,2.1137878040622127
3,1.309755447012514,2.112080754174258
3,1.3102790997302318,2.1103746032049457
3,1.3108027524479497,2.1086693563811423
3,1.3113264051656677,2.1069650188997002
3,1.3118500578833856,2.105261595927459
3,1.3123737106011035,2.1035590925994256
3,1.3128973633188215,2.101857514020594
3,1.3134210160365394,2.100156865268218
3,1.3139446687542573,2.0984571513863557
3,1.3144683214719752,2.096758377387687
3,1.3149919741896932,2.0950605482594256
3,1.315515626907411,2.093363668955135
3,1.316039279625129,2.091667744399274
3,1.316562932342847,2.0899727794876526
3,1.3170865850605649,2.0882787790856128
3,1.3176102377782828,2.0865857480275736
3,1.3181338904960007,2.084893691119305
3,1.3186575432137184,2.0832026131383827
3,1.3191811959314363,2.08151251883055
3,1.3197048486491543,2.079823412913811
3,1.3202285013668722,2.078135300075246
3,1.3207521540845901,2.0764481849746517
3,1.321275806802308,2.0747620722422653
3,1.321799459520026,2.073076966478766
3,1.322323112237744,2.071392872254364
3,1.3228467649554618,2.0697097941133507
3,1.3233704176731798,2.0680277365695474
3,1.3238940703908977,2.066346704107218
3,1.3244177231086156,2.064666701184251
3,1.3249413758263335,2.0629877322276116
3,1.3254650285440515,2.0613098016365257
3,1.3259886812617694,2.059632913783844
3,1.3265123339794873,2.0579570730101295
3,1.3270359866972052,2.0562822836304804
3,1.3275596394149232,2.0546085499322544
3,1.328083292132641,2.0529358761718868
3,1.328606944850359,2.051264266579892
3,1.329130597568077,2.0495937253585907
3,1.3296542502857949,2.0479242566834728
3,1.3301779030035128,2.0462558646995603
3,1.3307015557212307,2.0445885535255
3,1.3312252084389486,2.042922327253109
3,1.3317488611566666,2.0412571899464638
3,1.3322725138743845,2.0395931456414473
3,1.3327961665921024,2.037930198346203
3,1.3333198193098201,2.0362683520434075
3,1.333843472027538,2.03460761068618
3,1.334367124745256,2.0329479782026283
3,1.334890777462974,2.03128945849312
3,1.3354144301806918,2.0296320554307385
3,1.3359380828984098,2.027975772861282
3,1.3364617356161277,2.0263206146046286
3,1.3369853883338456,2.0246665844538256
3,1.3375090410515635,2.0230136861750907
3,1.3380326937692815,2.021361923508266
3,1.3385563464869994,2.0197113001668185
3,1.3390799992047173,2.0180618198364755
3,1.3396036519224352,2.0164134861793173
3,1.3401273046401532,2.01476630282923
3,1.340650957357871,2.013120273394179
3,1.341174610075589,2.011475401457119
3,1.341698262793307,2.0098316905737192
3,1.3422219155110249,2.008189144275093
3,1.3427455682287428,2.006547766065978
3,1.3432692209464607,2.0049075594233727
3,1.3437928736641787,2.003268527803357
3,1.3443165263818966,2.0016306746329064
3,1.3448401790996145,1.999994003313077
3,1.3453638318173324,1.9983585172235507
3,1.3458874845350504,1.9967242197144515
3,1.3464111372527683,1.9950911141118013
3,1.3469347899704862,1.9934592037175207
3,1.3474584426882041,1.991828491808974
3,1.347982095405922,1.9901989816376044
3,1.3485057481236398,1.98857067642939
3,1.3490294008413577,1.9869435793866614
3,1.3495530535590756,1.9853176936871932
3,1.3500767062767935,1.983693022481475
3,1.3506003589945115,1.9820695689008971
3,1.3511240117122294,1.9804473360472912
3,1.3516476644299473,1.978826326998842
3,1.3521713171476653,1.9772065448137255
3,1.3526949698653832,1.9755879925214685
3,1.353218622583101,1.973970673128406
3,1.353742275300819,1.972354589618135
3,1.354265928018537,1.9707397449492419
3,1.3547895807362549,1.9691261420575756
3,1.3553132334539728,1.967513783853974
3,1.3558368861716907,1.9659026732265374
3,1.3563605388894087,1.9642928130392647
3,1.3568841916071266,1.9626842061325078
3,1.3574078443248445,1.9610768553247908
3,1.3579314970425624,1.959470763409172
3,1.3584551497602804,1.9578659331550625
3,1.3589788024779983,1.9562623673132293
3,1.3595024551957162,1.9546600686071542
3,1.3600261079134341,1.9530590397362175
3,1.360549760631152,1.9514592833811548
3,1.36107341334887,1.9498608021976906
3,1.361597066066588,1.9482635988188122
3,1.3621207187843059,1.9466676758547692
3,1.3626443715020238,1.9450730358930741
3,1.3631680242197415,1.9434796815016853
3,1.3636916769374594,1.9418876152203666
3,1.3642153296551773,1.9402968395716016
3,1.3647389823728953,1.938707357054227
3,1.3652626350906132,1.9371191701443422
3,1.3657862878083311,1.9355322812962186
3,1.366309940526049,1.9339466929427545
3,1.366833593243767,1.932362407493656
3,1.367357245961485,1.9307794273386207
3,1.3678808986792028,1.9291977548446084
3,1.3684045513969207,1.9276173923567512
3,1.3689282041146387,1.926038342198808
3,1.3694518568323566,1.9244606066736196
3,1.3699755095500745,1.922884188063108
3,1.3704991622677924,1.9213090886246391
3,1.3710228149855104,1.9197353105992079
3,1.3715464677032283,1.9181628562041624
3,1.3720701204209462,1.9165917276341133
3,1.3725937731386642,1.9150219270659363
3,1.373117425856382,1.9134534566537695
3,1.3736410785741,1.9118863185308328
3,1.374164731291818,1.9103205148117013
3,1.3746883840095359,1.9087560475886676
3,1.3752120367272538,1.907192918932651
3,1.3757356894449717,1.9056311308950171
3,1.3762593421626896,1.9040706855075769
3,1.3767829948804076,1.9025115847816778
3,1.3773066475981255,1.9009538307072944
3,1.3778303003158434,1.8993974252543921
3,1.3783539530335611,1.897842370374292
3,1.378877605751279,1.896288667997851
3,1.379401258468997,1.8947363200345535
3,1.379924911186715,1.8931853283743294
3,1.3804485639044328,1.8916356948916473
3,1.3809722166221507,1.8900874214350551
3,1.3814958693398687,1.8885405098371848
3,1.3820195220575866,1.886994961911114
3,1.3825431747753045,1.885450779448547
3,1.3830668274930225,1.8839079642252727
3,1.3835904802107404,1.882366517993887
3,1.3841141329284583,1.8808264424901608
3,1.3846377856461762,1.8792877394321295
3,1.3851614383638942,1.877750410515091
3,1.385685091081612,1.8762144574179729
3,1.38620874379933,1.8746798818010575
3,1.386732396517048,1.8731466853041638
3,1.3872560492347659,1.87161486955074
3,1.3877797019524838,1.8700844361437703
3,1.3883033546702017,1.8685553866680493
3,1.3888270073879196,1.8670277226906364
3,1.3893506601056376,1.8655014457604011
3,1.3898743128233555,1.8639765574071134
3,1.3903979655410734,1.862453059141444
3,1.3909216182587913,1.8609309524590572
3,1.3914452709765093,1.859410238835153
3,1.3919689236942272,1.8578909197271969
3,1.3924925764119451,1.8563729965758284
3,1.3930162291296628,1.8548564708030426
3,1.3935398818473808,1.8533413438121897
3,1.3940635345650987,1.8518276169920682
3,1.3945871872828166,1.850315291712377
3,1.3951108400005345,1.8488043693223517
3,1.3956344927182525,1.847294851157585
3,1.3961581454359704,1.845786738535935
3,1.3966817981536883,1.8442800327566147
3,1.3972054508714062,1.8427747351038306
3,1.3977291035891242,1.8412708468417804
3,1.398252756306842,1.8397683692187456
3,1.39877640902456,1.8382673034670916
3,1.399300061742278,1.8367676508032673
3,1.3998237144599959,1.8352694124228037
3,1.4003473671777138,1.8337725895075891
3,1.4008710198954317,1.8322771832245053
3,1.4013946726131497,1.8307831947199702
3,1.4019183253308676,1.8292906251263048
3,1.4024419780485855,1.8277994755590043
3,1.4029656307663034,1.8263097471167384
3,1.4034892834840214,1.8248214408827153
3,1.4040129362017393,1.8233345579233173
3,1.4045365889194572,1.8218490992894658
3,1.4050602416371751,1.8203650660152562
3,1.405583894354893,1.818882459120232
3,1.406107547072611,1.8174012796062016
3,1.406631199790329,1.8159215284604215
3,1.4071548525080468,1.8144432066555964
3,1.4076785052257648,1.812966315144422
3,1.4082021579434825,1.8114908548691346
3,1.4087258106612004,1.8100168267528716
3,1.4092494633789183,1.8085442317074012
3,1.4097731160966362,1.807073070624483
3,1.4102967688143542,1.8056033443822344
3,1.410820421532072,1.8041350538451297
3,1.41134407424979,1.8026681998599088
3,1.411867726967508,1.8012027832614876
3,1.4123913796852259,1.7997388048679568
3,1.4129150324029438,1.7982762654814906
3,1.4134386851206617,1.7968151658906208
3,1.4139623378383797,1.7953555068697824
3,1.4144859905560976,1.793897289177039
3,1.4150096432738155,1.792440513557267
3,1.4155332959915334,1.7909851807412451
3,1.4160569487092514,1.7895312914420174
3,1.4165806014269693,1.7880788463621684
3,1.4171042541446872,1.7866278461883667
3,1.4176279068624051,1.7851782915918193
3,1.418151559580123,1.7837301832323647
3,1.418675212297841,1.7822835217530155
3,1.419198865015559,1.7808383077822327
3,1.4197225177332768,1.779394541938018
3,1.4202461704509948,1.7779522248233661
3,1.4207698231687127,1.7765113570235371
3,1.4212934758864306,1.7750719391151506
3,1.4218171286041486,1.77363397165891
3,1.4223407813218665,1.7721974552000574
3,1.4228644340395842,1.7707623902742853
3,1.423388086757302,1.769328777400915
3,1.42391173947502,1.7678966170860804
3,1.424435392192738,1.7664659098231823
3,1.4249590449104559,1.7650366560933435
3,1.4254826976281738,1.7636088563622252
3,1.4260063503458917,1.7621825110832106
3,1.4265300030636097,1.760757620698314
3,1.4270536557813276,1.759334185633179
3,1.4275773084990455,1.7579122063034447
3,1.4281009612167634,1.7564916831115625
3,1.4286246139344814,1.7550726164436128
3,1.4291482666521993,1.7536550066779455
3,1.4296719193699172,1.7522388541779037
3,1.4301955720876351,1.7508241592940976
3,1.430719224805353,1.7494109223644045
3,1.431242877523071,1.7479991437144236
3,1.431766530240789,1.7465888236574756
3,1.4322901829585069,1.7451799624950581
3,1.4328138356762248,1.743772560515481
3,1.4333374883939427,1.7423666179956854
3,1.4338611411116606,1.7409621351994247
3,1.4343847938293786,1.739559112378629
3,1.4349084465470965,1.7381575497743142
3,1.4354320992648144,1.736757447614309
3,1.4359557519825323,1.7353588061146183
3,1.4364794047002503,1.7339616254794237
3,1.4370030574179682,1.7325659059029022
3,1.437526710135686,1.7311716475651338
3,1.4380503628534038,1.7297788506339202
3,1.4385740155711217,1.7283875152697874
3,1.4390976682888397,1.7269976416168902
3,1.4396213210065576,1.7256092298102885
3,1.4401449737242755,1.7242222799741285
3,1.4406686264419934,1.722836792219823
3,1.4411922791597114,1.7214527666483264
3,1.4417159318774293,1.7200702033492234
3,1.4422395845951472,1.7186891024011857
3,1.4427632373128652,1.7173094638701514
3,1.443286890030583,1.715931287812964
3,1.443810542748301,1.7145545742769173
3,1.444334195466019,1.7131793232933887
3,1.4448578481837369,1.71180553488648
3,1.4453815009014548,1.7104332090716525
3,1.4459051536191727,1.7090623458479968
3,1.4464288063368906,1.707692945207782
3,1.4469524590546086,1.7063250071323637
3,1.4474761117723265,1.704958531590819
3,1.4479997644900444,1.7035935185444941
3,1.4485234172077623,1.7022299679406387
3,1.4490470699254803,1.700867879719226
3,1.4495707226431982,1.6995072538097702
3,1.4500943753609161,1.6981480901290524
3,1.450618028078634,1.6967903885861233
3,1.451141680796352,1.6954341490791194
3,1.45166533351407,1.6940793714961728
3,1.4521889862317878,1.692726055714047
3,1.4527126389495055,1.6913742016026845
3,1.4532362916672235,1.69002380901793
3,1.4537599443849414,1.688674877810172
3,1.4542835971026593,1.6873274078161558
3,1.4548072498203772,1.6859813988653514
3,1.4553309025380952,1.6846368507776788
3,1.455854555255813,1.6832937633612346
3,1.456378207973531,1.6819521364154753
3,1.456901860691249,1.6806119697325812
3,1.4574255134089669,1.6792732630929095
3,1.4579491661266848,1.6779360162672674
3,1.4584728188444027,1.6766002290187316
3,1.4589964715621206,1.6752659010994648
3,1.4595201242798386,1.6739330322525348
3,1.4600437769975565,1.6726016222137332
3,1.4605674297152744,1.6712716707088475
3,1.4610910824329923,1.6699431774522964
3,1.4616147351507103,1.6686161421530414
3,1.4621383878684282,1.6672905645095852
3,1.4626620405861461,1.665966444209971
3,1.463185693303864,1.664643780935421
3,1.463709346021582,1.6633225743576077
3,1.4642329987393,1.662002824139563
3,1.4647566514570178,1.6606845299365887
3,1.4652803041747358,1.6593676913939817
3,1.4658039568924537,1.6580523081479441
3,1.4663276096101716,1.656738379827857
3,1.4668512623278895,1.6554259060535514
3,1.4673749150456072,1.6541148864375828
3,1.4678985677633252,1.6528053205825017
3,1.468422220481043,1.6514972080835832
3,1.468945873198761,1.6501905485270072
3,1.469469525916479,1.6488853414916775
3,1.4699931786341969,1.6475815865487675
3,1.4705168313519148,1.6462792832599007
3,1.4710404840696327,1.64497843117897
3,1.4715641367873507,1.6436790298516826
3,1.4720877895050686,1.6423810788169249
3,1.4726114422227865,1.6410845776053975
3,1.4731350949405044,1.6397895257382515
3,1.4736587476582224,1.6384959227307263
3,1.4741824003759403,1.6372037680898757
3,1.4747060530936582,1.635913061314568
3,1.4752297058113761,1.6346238018959411
3,1.475753358529094,1.6333359893183115
3,1.476277011246812,1.6320496230573553
3,1.47680066396453,1.6307647025823826
3,1.4773243166822478,1.6294812273545176
3,1.4778479693999658,1.6281991968262446
3,1.4783716221176837,1.6269186104455002
3,1.4788952748354016,1.6256394676506716
3,1.4794189275531195,1.6243617678737792
3,1.4799425802708375,1.6230855105404771
3,1.4804662329885554,1.6218106950655056
3,1.4809898857062733,1.6205373208599667
3,1.4815135384239912,1.619265387329051
3,1.4820371911417092,1.6179948938674897
3,1.4825608438594269,1.6167258398645572
3,1.4830844965771448,1.6154582247004328
3,1.4836081492948627,1.614192047753022
3,1.4841318020125807,1.6129273083893167
3,1.4846554547302986,1.6116640059713063
3,1.4851791074480165,1.6104021398532495
3,1.4857027601657344,1.6091417093830387
3,1.4862264128834524,1.6078827139035639
3,1.4867500656011703,1.6066251527481654
3,1.4872737183188882,1.605369025244272
3,1.4877973710366061,1.6041143307143102
3,1.488321023754324,1.6028610684743398
3,1.488844676472042,1.6016092378322355
3,1.48936832918976,1.6003588380890506
3,1.4898919819074778,1.5991098685412908
3,1.4904156346251958,1.5978623284786408
3,1.4909392873429137,1.596616217184419
3,1.4914629400606316,1.5953715339360315
3,1.4919865927783496,1.5941282780031543
3,1.4925102454960675,1.5928864486495513
3,1.4930338982137854,1.5916460451362582
3,1.4935575509315033,1.5904070667147607
3,1.4940812036492213,1.5891695126301784
3,1.4946048563669392,1.587933382123083
3,1.495128509084657,1.5866986744290443
3,1.495652161802375,1.5854653887768109
3,1.496175814520093,1.5842335243883099
3,1.4966994672378109,1.583003080479557
3,1.4972231199555286,1.5817740562629297
3,1.4977467726732465,1.5805464509435296
3,1.4982704253909644,1.5793202637210015
3,1.4987940781086824,1.5780954937886236
3,1.4993177308264003,1.5768721403355812
3,1.4998413835441182,1.5756502025446935
3,1.5003650362618361,1.5744296795928676
3,1.500888688979554,1.5732105706510993
3,1.501412341697272,1.5719928748876555
3,1.50193599441499,1.5707765914621632
3,1.5024596471327079,1.5695617195297018
3,1.5029832998504258,1.5683482582417128
3,1.5035069525681437,1.5671362067419068
3,1.5040306052858616,1.5659255641703567
3,1.5045542580035796,1.564716329662133
3,1.5050779107212975,1.5635085023463944
3,1.5056015634390154,1.5623020813459334
3,1.5061252161567333,1.5610970657803591
3,1.5066488688744513,1.5598934547642784
3,1.5071725215921692,1.5586912474059318
3,1.5076961743098871,1.5574904428090122
3,1.508219827027605,1.5562910400740293
3,1.508743479745323,1.5550930382933075
3,1.509267132463041,1.553896436555533
3,1.5097907851807588,1.5527012339475732
3,1.5103144378984767,1.5515074295467457
3,1.5108380906161947,1.5503150224285491
3,1.5113617433339126,1.5491240116625704
3,1.5118853960516305,1.5479343963147585
3,1.5124090487693482,1.54674617544606
3,1.5129327014870662,1.5455593481115102
3,1.513456354204784,1.5443739133629606
3,1.513980006922502,1.5431898702472608
3,1.51450365964022,1.5420072178071678
3,1.5150273123579379,1.540825955080436
3,1.5155509650756558,1.5396460811007273
3,1.5160746177933737,1.5384675948967015
3,1.5165982705110916,1.537290495493835
3,1.5171219232288096,1.536114781910328
3,1.5176455759465275,1.534940453164836
3,1.5181692286642454,1.5337675082682836
3,1.5186928813819633,1.532595946227957
3,1.5192165340996813,1.531425766047505
3,1.5197401868173992,1.5302569667255739
3,1.5202638395351171,1.5290895472580814
3,1.520787492252835,1.5279235066350338
3,1.521311144970553,1.5267588438441635
3,1.521834797688271,1.525595557867291
3,1.5223584504059888,1.5244336476835088
3,1.5228821031237068,1.5232731122691803
3,1.5234057558414247,1.5221139505947576
3,1.5239294085591426,1.5209561616256906
3,1.5244530612768605,1.5197997443260647
3,1.5249767139945785,1.5186446976558727
3,1.5255003667122964,1.5174910205701053
3,1.5260240194300143,1.5163387120205698
3,1.5265476721477322,1.5151877709549808
3,1.52707132486545,1.514038196319234
3,1.5275949775831679,1.5128899870524037
3,1.5281186303008858,1.5117431420917455
3,1.5286422830186037,1.5105976603699673
3,1.5291659357363216,1.5094535408193224
3,1.5296895884540396,1.5083107823643331
3,1.5302132411717575,1.5071693839272484
3,1.5307368938894754,1.5060293444280433
3,1.5312605466071934,1.5048906627835095
3,1.5317841993249113,1.5037533379045271
3,1.5323078520426292,1.5026173687006121
3,1.5328315047603471,1.5014827540776423
3,1.533355157478065,1.500349492936948
3,1.533878810195783,1.4992175841789503
3,1.534402462913501,1.4980870266981583
3,1.5349261156312188,1.4969578193881716
3,1.5354497683489368,1.4958299611375878
3,1.5359734210666547,1.494703450831821
3,1.5364970737843726,1.4935782873544667
3,1.5370207265020905,1.4924544695850273
3,1.5375443792198085,1.4913319964007314
3,1.5380680319375264,1.4902108666742606
3,1.5385916846552443,1.4890910792769319
3,1.5391153373729622,1.4879726330764242
3,1.5396389900906802,1.4868555269363242
3,1.540162642808398,1.485739759718399
3,1.540686295526116,1.4846253302816876
3,1.541209948243834,1.4835122374825005
3,1.5417336009615517,1.4824004801721458
3,1.5422572536792696,1.4812900572019316
3,1.5427809063969875,1.480180967418164
3,1.5433045591147054,1.4790732096657848
3,1.5438282118324234,1.4779667827865524
3,1.5443518645501413,1.476861685619042
3,1.5448755172678592,1.47575791700001
3,1.5453991699855771,1.4746554757621197
3,1.545922822703295,1.473554360736216
3,1.546446475421013,1.4724545707504149
3,1.546970128138731,1.4713561046319228
3,1.5474937808564488,1.4702589612024894
3,1.5480174335741668,1.4691631392820454
3,1.5485410862918847,1.468068637689612
3,1.5490647390096026,1.4669754552396626
3,1.5495883917273205,1.4658835907453067
3,1.5501120444450385,1.4647930430178349
3,1.5506356971627564,1.4637038108648994
3,1.5511593498804743,1.4626158930923339
3,1.5516830025981923,1.4615292885027884
3,1.5522066553159102,1.4604439958984585
3,1.552730308033628,1.4593600140765375
3,1.553253960751346,1.4582773418337638
3,1.553777613469064,1.457195977965057
3,1.5543012661867819,1.4561159212612438
3,1.5548249189044998,1.4550371705122416
3,1.5553485716222177,1.4539597245052391
3,1.5558722243399357,1.4528835820256063
3,1.5563958770576536,1.4518087418564392
3,1.5569195297753713,1.4507352027794695
3,1.5574431824930892,1.4496629635718818
3,1.5579668352108071,1.4485920230113152
3,1.558490487928525,1.4475223798717707
3,1.559014140646243,1.44645403292634
3,1.559537793363961,1.4453869809472053
3,1.5600614460816788,1.4443212226997275
3,1.5605850987993968,1.443256756951996
3,1.5611087515171147,1.4421935824702814
3,1.5616324042348326,1.4411316980158517
3,1.5621560569525506,1.4400711023495205
3,1.5626797096702685,1.4390117942302822
3,1.5632033623879864,1.4379537724153124
3,1.5637270151057043,1.436897035660877
3,1.5642506678234223,1.4358415827205135
3,1.5647743205411402,1.434787412345031
3,1.565297973258858,1.4337345232838743
3,1.565821625976576,1.432682914286488
3,1.566345278694294,1.4316325840986792
3,1.566868931412012,1.4305835314657998
3,1.5673925841297298,1.4295357551304733
3,1.5679162368474477,1.4284892538344138
3,1.5684398895651657,1.4274440263179713
3,1.5689635422828836,1.4264000713183123
3,1.5694871950006015,1.425357387573058
3,1.5700108477183194,1.4243159738161921
3,1.5705345004360374,1.4232758287821525
3,1.5710581531537553,1.4222369512017394
3,1.571581805871473,1.4211993398080267
3,1.572105458589191,1.4201629933268123
3,1.5726291113069089,1.4191279104870773
3,1.5731527640246268,1.4180940900146197
3,1.5736764167423447,1.417061530634328
3,1.5742000694600626,1.4160302310697261
3,1.5747237221777806,1.4150001900420648
3,1.5752473748954985,1.4139714062716848
3,1.5757710276132164,1.4129438784780177
3,1.5762946803309343,1.4119176053782212
3,1.5768183330486523,1.410892585689453
3,1.5773419857663702,1.4098688181270518
3,1.5778656384840881,1.4088463014045374
3,1.578389291201806,1.40782503423452
3,1.578912943919524,1.4068050153282456
3,1.579436596637242,1.4057862433946866
3,1.5799602493549598,1.4047687171455436
3,1.5804839020726777,1.4037524352884247
3,1.5810075547903957,1.4027373965273
3,1.5815312075081136,1.401723599568868
3,1.5820548602258315,1.4007110431184628
3,1.5825785129435495,1.3996997258791453
3,1.5831021656612674,1.398689646551702
3,1.5836258183789853,1.397680803838739
3,1.5841494710967032,1.396673196440588
3,1.5846731238144212,1.395666823054853
3,1.585196776532139,1.3946616823800468
3,1.585720429249857,1.3936577731137731
3,1.586244081967575,1.3926550939513618
3,1.5867677346852926,1.3916536435895068
3,1.5872913874030106,1.3906534207194454
3,1.5878150401207285,1.3896544240365074
3,1.5883386928384464,1.3886566522332942
3,1.5888623455561643,1.3876601040001333
3,1.5893859982738823,1.3866647780278072
3,1.5899096509916002,1.3856706730052792
3,1.5904333037093181,1.384677787622877
3,1.590956956427036,1.3836861205686546
3,1.591480609144754,1.3826956705279372
3,1.592004261862472,1.381706436188324
3,1.5925279145801898,1.38071841623605
3,1.5930515672979078,1.3797316093546215
3,1.5935752200156257,1.3787460142289092
3,1.5940988727333436,1.3777616295424195
3,1.5946225254510615,1.3767784539782042
3,1.5951461781687795,1.375796486217041
3,1.5956698308864974,1.3748157249397082
3,1.5961934836042153,1.3738361688297118
3,1.5967171363219332,1.3728578165655563
3,1.5972407890396512,1.371880666825291
3,1.597764441757369,1.3709047182887844
3,1.598288094475087,1.3699299696345406
3,1.598811747192805,1.3689564195401545
3,1.5993353999105229,1.3679840666814016
3,1.5998590526282408,1.367012909735422
3,1.6003827053459587,1.3660429473784461
3,1.6009063580636766,1.3650741782844307
3,1.6014300107813944,1.3641066011314251
3,1.6019536634991123,1.3631402145906577
3,1.6024773162168302,1.36217501733654
3,1.6030009689345481,1.3612110080425737
3,1.603524621652266,1.360248185382261
3,1.604048274369984,1.3592865480286491
3,1.604571927087702,1.3583260946520568
3,1.6050955798054198,1.3573668239250765
3,1.6056192325231378,1.3564087345189364
3,1.6061428852408557,1.35545182510441
3,1.6066665379585736,1.3544960943527258
3,1.6071901906762915,1.3535415409332927
3,1.6077138433940095,1.3525881635150654
3,1.6082374961117274,1.3516359607688173
3,1.6087611488294453,1.3506849313648672
3,1.6092848015471632,1.3497350739694411
3,1.6098084542648812,1.3487863872519483
3,1.610332106982599,1.347838869881798
3,1.610855759700317,1.3468925205252162
3,1.611379412418035,1.3459473378511575
3,1.6119030651357529,1.3450033205276668
3,1.6124267178534708,1.344060467221425
3,1.6129503705711887,1.343118776600022
3,1.6134740232889067,1.3421782473292296
3,1.6139976760066246,1.3412388780766378
3,1.6145213287243425,1.3403006675084725
3,1.6150449814420604,1.3393636142914147
3,1.6155686341597784,1.3384277170925998
3,1.6160922868774963,1.3374929745764348
3,1.616615939595214,1.3365593854100553
3,1.617139592312932,1.3356269482592324
3,1.6176632450306498,1.334695661789283
3,1.6181868977483678,1.3337655246664326
3,1.6187105504660857,1.3328365355573624
3,1.6192342031838036,1.3319086931260244
3,1.6197578559015215,1.3309819960372806
3,1.6202815086192395,1.3300564429587212
3,1.6208051613369574,1.3291320325552078
3,1.6213288140546753,1.3282087634920572
3,1.6218524667723933,1.3272866344345857
3,1.6223761194901112,1.3263656440485647
3,1.622899772207829,1.3254457909993107
3,1.623423424925547,1.3245270739521402
3,1.623947077643265,1.3236094915732792
3,1.6244707303609829,1.3226930425275896
3,1.6249943830787008,1.321777725481752
3,1.6255180357964187,1.3208635391015378
3,1.6260416885141367,1.3199504820508992
3,1.6265653412318546,1.3190385529987907
3,1.6270889939495725,1.3181277506096194
3,1.6276126466672904,1.3172180735487018
3,1.6281362993850084,1.3163095204845376
3,1.6286599521027263,1.3154020900819887
3,1.6291836048204442,1.3144957810081905
3,1.6297072575381621,1.313590591931188
3,1.63023091025588,1.3126865215158432
3,1.630754562973598,1.311783568429746
3,1.6312782156913157,1.3108817313427608
3,1.6318018684090336,1.3099810089192943
3,1.6323255211267516,1.3090813998292106
3,1.6328491738444695,1.3081829027387357
3,1.6333728265621874,1.307285516317279
3,1.6338964792799053,1.3063892392337948
3,1.6344201319976233,1.3054940701563282
3,1.6349437847153412,1.3046000077542885
3,1.6354674374330591,1.3037070506966302
3,1.635991090150777,1.3028151976527624
3,1.636514742868495,1.301924447293004
3,1.637038395586213,1.3010347982881285
3,1.6375620483039308,1.300146249307545
3,1.6380857010216487,1.2992587990220272
3,1.6386093537393667,1.298372446103258
3,1.6391330064570846,1.2974871892229203
3,1.6396566591748025,1.2966030270536066
3,1.6401803118925204,1.295719958265181
3,1.6407039646102384,1.2948379815316002
3,1.6412276173279563,1.293957095526821
3,1.6417512700456742,1.2930772989229808
3,1.6422749227633922,1.2921985903944915
3,1.64279857548111,1.2913209686148548
3,1.643322228198828,1.2904444322584823
3,1.643845880916546,1.2895689800016044
3,1.6443695336342639,1.2886946105186325
3,1.6448931863519818,1.2878213224857973
3,1.6454168390696997,1.286949114579329
3,1.6459404917874176,1.286077985475913
3,1.6464641445051353,1.2852079338535987
3,1.6469877972228533,1.2843389583890712
3,1.6475114499405712,1.2834710577608348
3,1.6480351026582891,1.2826042306473937
3,1.648558755376007,1.281738475729071
3,1.649082408093725,1.2808737916848258
3,1.649606060811443,1.2800101771940717
3,1.6501297135291608,1.279147630938951
3,1.6506533662468788,1.2782861516002413
3,1.6511770189645967,1.2774257378596303
3,1.6517006716823146,1.2765663883988054
3,1.6522243244000325,1.2757081019026373
3,1.6527479771177505,1.2748508770541775
3,1.6532716298354684,1.2739947125351136
3,1.6537952825531863,1.2731396070321352
3,1.6543189352709042,1.2722855592310225
3,1.6548425879886222,1.2714325678161913
3,1.65536624070634,1.2705806314743313
3,1.655889893424058,1.2697297488934964
3,1.656413546141776,1.2688799187603763
3,1.6569371988594939,1.2680311397634796
3,1.6574608515772118,1.2671834105917696
3,1.6579845042949297,1.2663367299351194
3,1.6585081570126476,1.2654910964834016
3,1.6590318097303656,1.2646465089273988
3,1.6595554624480835,1.2638029659588028
3,1.6600791151658014,1.2629604662693055
3,1.6606027678835193,1.2621190085528724
3,1.661126420601237,1.2612785915034692
3,1.661650073318955,1.2604392138127878
3,1.662173726036673,1.2596008741775222
3,1.6626973787543908,1.2587635712939118
3,1.6632210314721088,1.2579273038568317
3,1.6637446841898267,1.2570920705634308
3,1.6642683369075446,1.2562578701131315
3,1.6647919896252625,1.255424701202628
3,1.6653156423429805,1.2545925625317977
3,1.6658392950606984,1.2537614528009726
3,1.6663629477784163,1.2529313707109395
3,1.6668866004961342,1.2521023149624853
3,1.6674102532138522,1.2512742842577609
3,1.66793390593157,1.2504472773011912
3,1.668457558649288,1.2496212927949273
3,1.668981211367006,1.2487963294443034
3,1.6695048640847239,1.2479723859551086
3,1.6700285168024418,1.2471494610322225
3,1.6705521695201597,1.2463275533837077
3,1.6710758222378777,1.2455066617176271
3,1.6715994749555956,1.2446867847406793
3,1.6721231276733135,1.2438679211636554
3,1.6726467803910314,1.243050069696892
3,1.6731704331087494,1.242233229050271
3,1.6736940858264673,1.241417397936857
3,1.6742177385441852,1.2406025750697154
3,1.6747413912619031,1.2397887591605468
3,1.675265043979621,1.2389759489246899
3,1.675788696697339,1.2381641430770287
3,1.6763123494150567,1.2373533403338115
3,1.6768360021327746,1.2365435394135602
3,1.6773596548504925,1.2357347390329778
3,1.6778833075682105,1.2349269379087673
3,1.6784069602859284,1.2341201347626338
3,1.6789306130036463,1.2333143283158279
3,1.6794542657213642,1.2325095172886904
3,1.6799779184390822,1.2317057004015624
3,1.6805015711568,1.2309028763802417
3,1.681025223874518,1.230101043949162
3,1.681548876592236,1.2293002018313928
3,1.6820725293099539,1.2285003487536414
3,1.6825961820276718,1.2277014834430702
3,1.6831198347453897,1.2269036046272959
3,1.6836434874631077,1.2261067110334807
3,1.6841671401808256,1.2253108013933343
3,1.6846907928985435,1.2245158744376567
3,1.6852144456162614,1.223721928895884
3,1.6857380983339794,1.2229289635024543
3,1.6862617510516973,1.2221369769895318
3,1.6867854037694152,1.2213459680920096
3,1.6873090564871331,1.2205559355461446
3,1.687832709204851,1.219766878086375
3,1.688356361922569,1.218978794450777
3,1.688880014640287,1.218191683378791
3,1.6894036673580048,1.2174055436084927
3,1.6899273200757228,1.2166203738802324
3,1.6904509727934407,1.2158361729352691
3,1.6909746255111584,1.215052939517136
3,1.6914982782288763,1.2142706723670926
3,1.6920219309465943,1.2134893702304907
3,1.6925455836643122,1.2127090318526825
3,1.69306923638203,1.21192965597902
3,1.693592889099748,1.2111512413580385
3,1.694116541817466,1.2103737867382733
3,1.6946401945351839,1.2095972908682597
3,1.6951638472529018,1.2088217524974425
3,1.6956874999706197,1.2080471703784497
3,1.6962111526883377,1.2072735432648187
3,1.6967348054060556,1.206500869908723
3,1.6972584581237735,1.2057291490636999
3,1.6977821108414914,1.2049583794878345
3,1.6983057635592094,1.2041885599355737
3,1.6988294162769273,1.2034196891659121
3,1.6993530689946452,1.2026517659378442
3,1.6998767217123631,1.2018847890099096
3,1.700400374430081,1.2011187571447408
3,1.700924027147799,1.2003536691026966
3,1.701447679865517,1.1995895236473189
3,1.7019713325832349,1.198826319543059
3,1.7024949853009528,1.198064055555733
3,1.7030186380186707,1.1973027304516108
3,1.7035422907363886,1.1965423429965085
3,1.7040659434541066,1.1957828919598796
3,1.7045895961718245,1.1950243761116326
3,1.7051132488895424,1.19426679422304
3,1.7056369016072601,1.19351014506492
3,1.706160554324978,1.1927544274099091
3,1.706684207042696,1.191999640033373
3,1.707207859760414,1.1912457817093127
3,1.7077315124781318,1.1904928512140032
3,1.7082551651958497,1.189740847325993
3,1.7087788179135677,1.1889897688229212
3,1.7093024706312856,1.188239614484246
3,1.7098261233490035,1.1874903830907897
3,1.7103497760667215,1.1867420734256484
3,1.7108734287844394,1.1859946842714635
3,1.7113970815021573,1.1852482144108762
3,1.7119207342198752,1.184502662630166
3,1.7124443869375932,1.1837580277165216
3,1.712968039655311,1.1830143084575866
3,1.713491692373029,1.182271503640095
3,1.714015345090747,1.181529612056238
3,1.7145389978084649,1.180788632497297
3,1.7150626505261828,1.180048563753644
3,1.7155863032439007,1.1793094046192891
3,1.7161099559616186,1.1785711538900614
3,1.7166336086793366,1.1778338103604256
3,1.7171572613970545,1.1770973728266654
3,1.7176809141147724,1.1763618400891573
3,1.7182045668324903,1.1756272109460042
3,1.7187282195502083,1.1748934841971277
3,1.7192518722679262,1.1741606586447233
3,1.7197755249856441,1.173428733091896
3,1.720299177703362,1.1726977063422055
3,1.7208228304210798,1.1719675772005758
3,1.7213464831387977,1.171238344473295
3,1.7218701358565156,1.17051000696938
3,1.7223937885742335,1.1697825634960282
3,1.7229174412919515,1.1690560128640755
3,1.7234410940096694,1.1683303538848122
3,1.7239647467273873,1.1676055853699836
3,1.7244883994451052,1.1668817061331538
3,1.7250120521628232,1.1661587149892512
3,1.725535704880541,1.1654366107550231
3,1.726059357598259,1.164715392247217
3,1.726583010315977,1.1639950582839447
3,1.7271066630336949,1.1632756076851365
3,1.7276303157514128,1.1625570392716327
3,1.7281539684691307,1.1618393518651828
3,1.7286776211868486,1.161122544290265
3,1.7292012739045666,1.1604066153699932
3,1.7297249266222845,1.1596915639302097
3,1.7302485793400024,1.15897738879994
3,1.7307722320577204,1.1582640888045717
3,1.7312958847754383,1.1575516627749494
3,1.7318195374931562,1.1568401095437366
3,1.7323431902108741,1.1561294279385947
3,1.732866842928592,1.1554196167949158
3,1.73339049564631,1.1547106749490013
3,1.733914148364028,1.1540026012335147
3,1.7344378010817458,1.1532953944865767
3,1.7349614537994638,1.1525890535463077
3,1.7354851065171815,1.1518835772526472
3,1.7360087592348994,1.15117896444508
3,1.7365324119526173,1.1504752139671837
3,1.7370560646703352,1.1497723246607165
3,1.7375797173880532,1.1490702953692562
3,1.738103370105771,1.148369124940018
3,1.738627022823489,1.147668812219763
3,1.739150675541207,1.1469693560570704
3,1.7396743282589249,1.1462707553000655
3,1.7401979809766428,1.1455730088000564
3,1.7407216336943607,1.1448761154101703
3,1.7412452864120787,1.1441800739812606
3,1.7417689391297966,1.1434848833696378
3,1.7422925918475145,1.1427905424316123
3,1.7428162445652324,1.1420970500216754
3,1.7433398972829504,1.1414044050002303
3,1.7438635500006683,1.1407126062272255
3,1.7443872027183862,1.1400216525616997
3,1.7449108554361041,1.13933154286633
3,1.745434508153822,1.138642276005612
3,1.74595816087154,1.1379538508431324
3,1.746481813589258,1.1372662662456605
3,1.7470054663069758,1.1365795210804208
3,1.7475291190246938,1.1358936142146376
3,1.7480527717424117,1.135208544519628
3,1.7485764244601296,1.1345243108667091
3,1.7491000771778475,1.1338409121262885
3,1.7496237298955655,1.1331583471737758
3,1.7501473826132834,1.1324766148836716
3,1.750671035331001,1.1317957141327497
3,1.751194688048719,1.1311156437973295
3,1.751718340766437,1.1304364027569136
3,1.7522419934841549,1.1297579898923686
3,1.7527656462018728,1.129080404083652
3,1.7532892989195907,1.1284036442152683
3,1.7538129516373087,1.1277277091694486
3,1.7543366043550266,1.127052597832062
3,1.7548602570727445,1.1263783090912511
3,1.7553839097904624,1.125704841832885
3,1.7559075625081804,1.1250321949469253
3,1.7564312152258983,1.1243603673242433
3,1.7569548679436162,1.1236893578561649
3,1.7574785206613341,1.1230191654353803
3,1.758002173379052,1.1223497889568534
3,1.75852582609677,1.1216812273173673
3,1.759049478814488,1.1210134794127953
3,1.7595731315322058,1.1203465441408298
3,1.7600967842499238,1.1196804204023465
3,1.7606204369676417,1.119015107098221
3,1.7611440896853596,1.118350603129329
3,1.7616677424030776,1.117686907400639
3,1.7621913951207955,1.1170240188180287
3,1.7627150478385134,1.1163619362841928
3,1.7632387005562313,1.1157006587095566
3,1.7637623532739493,1.1150401850027265
3,1.7642860059916672,1.1143805140723089
3,1.764809658709385,1.1137216448310028
3,1.7653333114271028,1.113063576191962
3,1.7658569641448207,1.112406307067431
3,1.7663806168625387,1.1117498363737468
3,1.7669042695802566,1.1110941630290654
3,1.7674279222979745,1.110439285949269
3,1.7679515750156924,1.1097852040538783
3,1.7684752277334104,1.1091319162646869
3,1.7689988804511283,1.1084794215030342
3,1.7695225331688462,1.1078277186920786
3,1.7700461858865641,1.1071768067563426
3,1.770569838604282,1.1065266846226223
3,1.771093491322,1.105877351217714
3,1.771617144039718,1.1052288054693236
3,1.7721407967574359,1.1045810463078851
3,1.7726644494751538,1.1039340726642877
3,1.7731881021928717,1.1032878834726034
3,1.7737117549105896,1.102642477665995
3,1.7742354076283076,1.101997854178535
3,1.7747590603460255,1.1013540119470235
3,1.7752827130637434,1.1007109499091712
3,1.7758063657814613,1.1000686670054165
3,1.7763300184991793,1.099427162174834
3,1.7768536712168972,1.0987864343596812
3,1.7773773239346151,1.09814648250358
3,1.777900976652333,1.0975073055501525
3,1.778424629370051,1.0968689024452942
3,1.778948282087769,1.096231272136265
3,1.7794719348054868,1.0955944135712343
3,1.7799955875232047,1.0949583257006452
3,1.7805192402409225,1.0943230074753956
3,1.7810428929586404,1.0936884578454737
3,1.7815665456763583,1.093054675768144
3,1.7820901983940762,1.0924216601974877
3,1.7826138511117942,1.091789410088495
3,1.783137503829512,1.0911579243988854
3,1.78366115654723,1.0905272020891061
3,1.784184809264948,1.0898972421186954
3,1.7847084619826659,1.0892680434485555
3,1.7852321147003838,1.0886396050436815
3,1.7857557674181017,1.0880119258667946
3,1.7862794201358196,1.0873850048833447
3,1.7868030728535376,1.0867588410615099
3,1.7873267255712555,1.086133433368559
3,1.7878503782889734,1.08550878077358
3,1.7883740310066913,1.0848848822492982
3,1.7888976837244093,1.084261736767985
3,1.7894213364421272,1.083639343300547
3,1.7899449891598451,1.0830177008238024
3,1.790468641877563,1.0823968083150248
3,1.790992294595281,1.081776664750123
3,1.791515947312999,1.0811572691077345
3,1.7920396000307168,1.080538620369225
3,1.7925632527484348,1.0799207175159609
3,1.7930869054661527,1.0793035595297624
3,1.7936105581838706,1.0786871453960885
3,1.7941342109015885,1.0780714741003976
3,1.7946578636193065,1.077456544629058
3,1.7951815163370242,1.076842355970257
3,1.795705169054742,1.0762289071121813
3,1.79622882177246,1.0756161970489302
3,1.796752474490178,1.0750042247696001
3,1.7972761272078959,1.0743929892678352
3,1.7977997799256138,1.0737824895413723
3,1.7983234326433317,1.0731727245838556
3,1.7988470853610496,1.072563693392567
3,1.7993707380787676,1.0719553949666079
3,1.7998943907964855,1.071347828306898
3,1.8004180435142034,1.0707409924148124
3,1.8009416962319214,1.0701348862917257
3,1.8014653489496393,1.0695295089421961
3,1.8019890016673572,1.0689248593726006
3,1.8025126543850751,1.0683209365893163
3,1.803036307102793,1.0677177395991748
3,1.803559959820511,1.0671152674121913
3,1.804083612538229,1.066513519039745
3,1.8046072652559468,1.0659124934927604
3,1.8051309179736648,1.0653121897853453
3,1.8056545706913827,1.0647126069316073
3,1.8061782234091006,1.0641137439474733
3,1.8067018761268185,1.0635155998506889
3,1.8072255288445365,1.0629181736589999
3,1.8077491815622544,1.0623214643933352
3,1.8082728342799723,1.061725471074169
3,1.8087964869976902,1.061130192724704
3,1.8093201397154082,1.0605356283672336
3,1.8098437924331259,1.0599417770285982
3,1.8103674451508438,1.0593486377342742
3,1.8108910978685617,1.0587562095133762
3,1.8114147505862797,1.0581644913931996
3,1.8119384033039976,1.0575734824042229
3,1.8124620560217155,1.056983181580108
3,1.8129857087394334,1.0563935879522433
3,1.8135093614571514,1.0558047005551998
3,1.8140330141748693,1.0552165184262776
3,1.8145566668925872,1.054629040600048
3,1.8150803196103051,1.0540422661151752
3,1.815603972328023,1.0534561940130516
3,1.816127625045741,1.0528708233323414
3,1.816651277763459,1.0522861531176204
3,1.8171749304811768,1.0517021824111907
3,1.8176985831988948,1.0511189102567187
3,1.8182222359166127,1.0505363357010538
3,1.8187458886343306,1.0499544577933193
3,1.8192695413520485,1.049373275581729
3,1.8197931940697665,1.048792788114497
3,1.8203168467874844,1.0482129944434746
3,1.8208404995052023,1.0476338936227876
3,1.8213641522229203,1.0470554847051972
3,1.8218878049406382,1.0464777667466478
3,1.822411457658356,1.0459007388039936
3,1.822935110376074,1.0453243999336337
3,1.823458763093792,1.0447487491956053
3,1.8239824158115099,1.04417378565131
3,1.8245060685292278,1.043599508360785
3,1.8250297212469455,1.0430259163886149
3,1.8255533739646634,1.042453008798475
3,1.8260770266823814,1.0418807846567688
3,1.8266006794000993,1.041309243028536
3,1.8271243321178172,1.0407383829833634
3,1.8276479848355351,1.0401682035912927
3,1.828171637553253,1.039598703923275
3,1.828695290270971,1.0390298830498068
3,1.829218942988689,1.038461740045932
3,1.8297425957064068,1.0378942739862396
3,1.8302662484241248,1.0373274839453188
3,1.8307899011418427,1.0367613690013968
3,1.8313135538595606,1.0361959282345197
3,1.8318372065772786,1.0356311607229145
3,1.8323608592949965,1.0350670655466274
3,1.8328845120127144,1.0345036417911615
3,1.8334081647304323,1.0339408885388366
3,1.8339318174481503,1.0333788048742463
3,1.8344554701658682,1.0328173898842579
3,1.8349791228835861,1.032256642655284
3,1.835502775601304,1.0316965622782845
3,1.836026428319022,1.031137147841946
3,1.83655008103674,1.0305783984381378
3,1.8370737337544578,1.0300203131600938
3,1.8375973864721757,1.0294628911015025
3,1.8381210391898937,1.0289061313574166
3,1.8386446919076116,1.0283500330242532
3,1.8391683446253295,1.0277945952002483
3,1.8396919973430472,1.027239816985002
3,1.8402156500607652,1.026685697478115
3,1.840739302778483,1.0261322357814606
3,1.841262955496201,1.0255794309978228
3,1.841786608213919,1.025027282233168
3,1.8423102609316369,1.0244757885907347
3,1.8428339136493548,1.0239249491769442
3,1.8433575663670727,1.0233747631027654
3,1.8438812190847906,1.0228252294750746
3,1.8444048718025086,1.0222763474048406
3,1.8449285245202265,1.0217281160048515
3,1.8454521772379444,1.021180534387895
3,1.8459758299556623,1.0206336016676687
3,1.8464994826733803,1.0200873169587794
3,1.8470231353910982,1.0195416793817458
3,1.8475467881088161,1.0189966880520842
3,1.848070440826534,1.018452342088949
3,1.848594093544252,1.017908640614678
3,1.84911774626197,1.017365582750699
3,1.8496413989796878,1.0168231676198047
3,1.8501650516974057,1.016281394345242
3,1.8506887044151237,1.0157402620548055
3,1.8512123571328416,1.015199769875835
3,1.8517360098505595,1.0146599169343062
3,1.8522596625682775,1.0141207023616516
3,1.8527833152859954,1.0135821252879396
3,1.8533069680037133,1.0130441848446026
3,1.8538306207214312,1.0125068801648922
3,1.8543542734391492,1.0119702103847885
3,1.8548779261568669,1.0114341746389073
3,1.8554015788745848,1.0108987720632285
3,1.8559252315923027,1.0103640018000988
3,1.8564488843100206,1.009829862983679
3,1.8569725370277386,1.0092963547572253
3,1.8574961897454565,1.0087634762639937
3,1.8580198424631744,1.0082312266449662
3,1.8585434951808923,1.0076996050456728
3,1.8590671478986103,1.0071686106111883
3,1.8595908006163282,1.0066382424888616
3,1.8601144533340461,1.0061084998274055
3,1.860638106051764,1.0055793817750782
3,1.861161758769482,1.005050887483776
3,1.8616854114872,1.004523016105395
3,1.8622090642049178,1.003995766790922
3,1.8627327169226358,1.003469138696346
3,1.8632563696403537,1.0029431309781103
3,1.8637800223580716,1.002417742792204
3,1.8643036750757895,1.0018929732959805
3,1.8648273277935075,1.0013688216490664
3,1.8653509805112254,1.000845287012453
3,1.8658746332289433,1.0003223685471312
3,1.8663982859466612,0.9998000654168209
3,1.8669219386643792,0.9992783767856963
3,1.867445591382097,0.9987573018179319
3,1.867969244099815,0.9982368396817947
3,1.868492896817533,0.9977169895437328
3,1.8690165495352509,0.9971977505738323
3,1.8695402022529686,0.9966791219426341
3,1.8700638549706865,0.99616110281886
3,1.8705875076884044,0.9956436923789624
3,1.8711111604061224,0.9951268897953014
3,1.8716348131238403,0.9946106942420556
3,1.8721584658415582,0.9940951048970419
3,1.8726821185592761,0.9935801209367128
3,1.873205771276994,0.993065741540704
3,1.873729423994712,0.9925519658886515
3,1.87425307671243,0.9920387931611003
3,1.8747767294301478,0.9915262225417791
3,1.8753003821478658,0.9910142532130521
3,1.8758240348655837,0.9905028843604669
3,1.8763476875833016,0.9899921151700255
3,1.8768713403010195,0.9894819448277303
3,1.8773949930187375,0.9889723725232216
3,1.8779186457364554,0.9884633974465942
3,1.8784422984541733,0.9879550187870336
3,1.8789659511718912,0.9874472357382729
3,1.8794896038896092,0.9869400474922259
3,1.880013256607327,0.9864334532426255
3,1.880536909325045,0.9859274521863881
3,1.881060562042763,0.9854220435213392
3,1.8815842147604809,0.9849172264434856
3,1.8821078674781988,0.9844130001511076
3,1.8826315201959167,0.9839093638465783
3,1.8831551729136347,0.9834063167318163
3,1.8836788256313526,0.9829038580087399
3,1.8842024783490705,0.9824019868792675
3,1.8847261310667882,0.9819007025521387
3,1.8852497837845061,0.9814000042315456
3,1.885773436502224,0.9808998911230447
3,1.886297089219942,0.9804003624390134
3,1.88682074193766,0.9799014173881915
3,1.8873443946553778,0.9794030551797732
3,1.8878680473730958,0.9789052750279552
3,1.8883917000908137,0.9784080761442056
3,1.8889153528085316,0.977911457744085
3,1.8894390055262495,0.977415419044064
3,1.8899626582439675,0.9769199592601581
3,1.8904863109616854,0.9764250776092922
3,1.8910099636794033,0.9759307733120295
3,1.8915336163971213,0.9754370455884782
3,1.8920572691148392,0.9749438936596562
3,1.892580921832557,0.9744513167502191
3,1.893104574550275,0.9739593140811849
3,1.893628227267993,0.9734678848781186
3,1.8941518799857109,0.9729770283688595
3,1.8946755327034288,0.9724867437798821
3,1.8951991854211467,0.9719970303390255
3,1.8957228381388647,0.9715078872759477
3,1.8962464908565826,0.9710193138230352
3,1.8967701435743005,0.9705313092108554
3,1.8972937962920184,0.9700438726717948
3,1.8978174490097364,0.9695570034418779
3,1.8983411017274543,0.9690707007557648
3,1.8988647544451722,0.9685849638485706
3,1.89938840716289,0.9680997919613219
3,1.8999120598806079,0.9676151843309526
3,1.9004357125983258,0.9671311401966705
3,1.9009593653160437,0.9666476587990473
3,1.9014830180337616,0.9661647393827479
3,1.9020066707514796,0.9656823811910726
3,1.9025303234691975,0.9652005834664124
3,1.9030539761869154,0.9647193454552507
3,1.9035776289046333,0.9642386664054357
3,1.9041012816223513,0.9637585455643602
3,1.9046249343400692,0.9632789821821461
3,1.9051485870577871,0.9627999755066412
3,1.905672239775505,0.9623215247902408
3,1.906195892493223,0.9618436292867045
3,1.906719545210941,0.961366288247973
3,1.9072431979286588,0.9608895009300795
3,1.9077668506463767,0.9604132665886027
3,1.9082905033640947,0.9599375844795759
3,1.9088141560818126,0.9594624538622156
3,1.9093378087995305,0.9589878739952837
3,1.9098614615172484,0.958513844139361
3,1.9103851142349664,0.9580403635568473
3,1.9109087669526843,0.9575674315083234
3,1.9114324196704022,0.9570950472584627
3,1.9119560723881202,0.9566232100728485
3,1.912479725105838,0.9561519192166088
3,1.913003377823556,0.955681173956691
3,1.913527030541274,0.9552109735623162
3,1.9140506832589919,0.954741317301341
3,1.9145743359767096,0.9542722044461698
3,1.9150979886944275,0.9538036342664782
3,1.9156216414121454,0.9533356060351252
3,1.9161452941298633,0.9528681190267889
3,1.9166689468475813,0.9524011725161472
3,1.9171925995652992,0.9519347657783328
3,1.9177162522830171,0.9514688980902974
3,1.918239905000735,0.9510035687303571
3,1.918763557718453,0.9505387769791014
3,1.919287210436171,0.9500745221162106
3,1.9198108631538888,0.9496108034213648
3,1.9203345158716068,0.9491476201792466
3,1.9208581685893247,0.9486849716736288
3,1.9213818213070426,0.94822285718692
3,1.9219054740247605,0.9477612760065313
3,1.9224291267424785,0.9473002274189639
3,1.9229527794601964,0.9468397107129931
3,1.9234764321779143,0.946379725177394
3,1.9240000848956322,0.9459202701009417
3,1.9245237376133502,0.9454613447760494
3,1.925047390331068,0.9450029484955849
3,1.925571043048786,0.944545080552416
3,1.926094695766504,0.9440877402398655
3,1.9266183484842219,0.9436309268548939
3,1.9271420012019398,0.943174639694007
3,1.9276656539196577,0.9427188780546203
3,1.9281893066373756,0.9422636412355132
3,1.9287129593550936,0.9418089285359201
3,1.9292366120728113,0.9413547392573491
3,1.9297602647905292,0.9409010727026725
3,1.9302839175082471,0.9404479281743079
3,1.930807570225965,0.939995304976037
3,1.931331222943683,0.9395432024130059
3,1.931854875661401,0.9390916197912702
3,1.9323785283791188,0.9386405564187044
3,1.9329021810968368,0.9381900116045472
3,1.9334258338145547,0.9377399846575827
3,1.9339494865322726,0.9372904748870496
3,1.9344731392499905,0.9368414816049153
3,1.9349967919677085,0.9363930041263302
3,1.9355204446854264,0.9359450417618973
3,1.9360440974031443,0.9354975938267671
3,1.9365677501208622,0.9350506596392734
3,1.9370914028385802,0.9346042385132023
3,1.937615055556298,0.9341583297687066
3,1.938138708274016,0.9337129327232105
3,1.938662360991734,0.9332680466964121
3,1.9391860137094519,0.9328236710121018
3,1.9397096664271698,0.9323798049890684
3,1.9402333191448877,0.9319364479515571
3,1.9407569718626057,0.9314935992251776
3,1.9412806245803236,0.9310512581328112
3,1.9418042772980415,0.9306094240018865
3,1.9423279300157594,0.930168096160287
3,1.9428515827334774,0.9297272739349864
3,1.9433752354511953,0.9292869566556874
3,1.9438988881689132,0.9288471436534564
3,1.944422540886631,0.928407834259815
3,1.9449461936043488,0.9279690278062844
3,1.9454698463220668,0.9275307236266599
3,1.9459934990397847,0.9270929210561007
3,1.9465171517575026,0.9266556194288569
3,1.9470408044752205,0.9262188180819066
3,1.9475644571929385,0.9257825163540474
3,1.9480881099106564,0.925346713583167
3,1.9486117626283743,0.924911409107608
3,1.9491354153460922,0.9244766022688964
3,1.9496590680638102,0.9240422924099221
3,1.950182720781528,0.923608478872211
3,1.950706373499246,0.9231751609991079
3,1.951230026216964,0.9227423381366862
3,1.9517536789346819,0.9223100096282906
3,1.9522773316523998,0.9218781748227229
3,1.9528009843701177,0.9214468330678756
3,1.9533246370878357,0.921015983711186
3,1.9538482898055536,0.9205856261023655
3,1.9543719425232715,0.9201557595933991
3,1.9548955952409894,0.9197263835358171
3,1.9554192479587074,0.9192974972811498
3,1.9559429006764253,0.9188691001841107
3,1.9564665533941432,0.9184411915994133
3,1.9569902061118611,0.91801377088359
3,1.957513858829579,0.917586837392264
3,1.958037511547297,0.9171603904833319
3,1.958561164265015,0.9167344295155999
3,1.9590848169827326,0.9163089538501481
3,1.9596084697004506,0.9158839628448732
3,1.9601321224181685,0.9154594558640383
3,1.9606557751358864,0.9150354322691783
3,1.9611794278536043,0.9146118914259205
3,1.9617030805713223,0.9141888326962544
3,1.9622267332890402,0.9137662554471717
3,1.962750386006758,0.9133441590456641
3,1.963274038724476,0.9129225428582686
3,1.963797691442194,0.9125014062542505
3,1.9643213441599119,0.9120807486037847
3,1.9648449968776298,0.9116605692770463
3,1.9653686495953477,0.9112408676455743
3,1.9658923023130657,0.910821643082727
3,1.9664159550307836,0.9104028949595886
3,1.9669396077485015,0.9099846226522459
3,1.9674632604662194,0.9095668255381497
3,1.9679869131839374,0.9091495029906582
3,1.9685105659016553,0.9087326543867675
3,1.9690342186193732,0.908316279108476
3,1.9695578713370911,0.9079003765332345
3,1.970081524054809,0.9074849460398582
3,1.970605176772527,0.9070699870112549
3,1.971128829490245,0.9066554988298776
3,1.9716524822079629,0.9062414808786343
3,1.9721761349256808,0.9058279325408876
3,1.9726997876433987,0.9054148532022737
3,1.9732234403611166,0.9050022422479742
3,1.9737470930788343,0.9045900990677183
3,1.9742707457965523,0.9041784230466874
3,1.9747943985142702,0.9037672135759749
3,1.9753180512319881,0.9033564700434908
3,1.975841703949706,0.902946191841238
3,1.976365356667424,0.9025363783607645
3,1.976889009385142,0.902127028994073
3,1.9774126621028598,0.9017181431354402
3,1.9779363148205777,0.901309720180052
3,1.9784599675382957,0.9009017595235491
3,1.9789836202560136,0.9004942605620272
3,1.9795072729737315,0.9000872226915817
3,1.9800309256914495,0.8996806453119461
3,1.9805545784091674,0.899274527822854
3,1.9810782311268853,0.898868869623584
3,1.9816018838446032,0.8984636701165982
3,1.9821255365623212,0.8980589287029943
3,1.982649189280039,0.897654644785689
3,1.983172841997757,0.8972508177694181
3,1.983696494715475,0.8968474470580077
3,1.9842201474331929,0.896444532058922
3,1.9847438001509108,0.8960420721782612
3,1.9852674528686287,0.8956400668234892
3,1.9857911055863466,0.8952385154029798
3,1.9863147583040646,0.894837417326471
3,1.9868384110217825,0.8944367720055197
3,1.9873620637395004,0.8940365788494091
3,1.9878857164572183,0.8936368372728793
3,1.9884093691749363,0.8932375466874873
3,1.988933021892654,0.8928387065075185
3,1.989456674610372,0.8924403161486225
3,1.9899803273280898,0.8920423750278133
3,1.9905039800458078,0.8916448825593761
3,1.9910276327635257,0.8912478381625988
3,1.9915512854812436,0.8908512412563141
3,1.9920749381989615,0.8904550912598097
3,1.9925985909166795,0.8900593875951017
3,1.9931222436343974,0.889664129681023
3,1.9936458963521153,0.8892693169400445
3,1.9941695490698332,0.8888749487987297
3,1.9946932017875512,0.8884810246795496
3,1.995216854505269,0.8880875440054297
3,1.995740507222987,0.8876945062033883
3,1.996264159940705,0.8873019107022628
3,1.9967878126584229,0.8869097569286168
3,1.9973114653761408,0.8865180443099234
3,1.9978351180938587,0.8861267722772936
3,1.9983587708115766,0.8857359402613838
3,1.9988824235292946,0.885345547691486
3,1.9994060762470125,0.884955594000985
3,1.9999297289647304,0.8845660786237204
3,2.0004533816824486,0.8841770009917127
3,2.0009770344001665,0.8837883605428942
3,2.0015006871178844,0.8834001567106498
3,2.0020243398356024,0.8830123889315473
3,2.0025479925533203,0.8826250566444287
3,2.003071645271038,0.8822381592876809
3,2.003595297988756,0.8818516962992362
3,2.004118950706474,0.8814656671188459
3,2.004642603424192,0.8810800711903539
3,2.00516625614191,0.8806949079539663
3,2.005689908859628,0.8803101768517081
3,2.0062135615773458,0.879925877329697
3,2.0067372142950637,0.8795420088295032
3,2.0072608670127816,0.8791585707976992
3,2.0077845197304995,0.8787755626822218
3,2.0083081724482175,0.8783929839269149
3,2.0088318251659354,0.8780108339824437
3,2.0093554778836533,0.8776291122981092
3,2.0098791306013712,0.8772478183213934
3,2.010402783319089,0.876866951503871
3,2.0109264360368067,0.8764865112971165
3,2.0114500887545246,0.8761064971531596
3,2.0119737414722425,0.875726908526758
3,2.0124973941899604,0.8753477448699414
3,2.0130210469076784,0.8749690056374675
3,2.0135446996253963,0.8745906902868228
3,2.014068352343114,0.8742127982741295
3,2.014592005060832,0.8738353290564191
3,2.01511565777855,0.873458282091633
3,2.015639310496268,0.8730816568390765
3,2.016162963213986,0.8727054527598739
3,2.016686615931704,0.8723296693146949
3,2.0172102686494218,0.871954305962845
3,2.0177339213671397,0.8715793621695411
3,2.0182575740848576,0.8712048373972721
3,2.0187812268025755,0.8708307311103454
3,2.0193048795202935,0.8704570427739782
3,2.0198285322380114,0.8700837718538423
3,2.0203521849557293,0.869710917816974
3,2.0208758376734473,0.8693384801304092
3,2.021399490391165,0.8689664582634578
3,2.021923143108883,0.8685948516840654
3,2.022446795826601,0.8682236598633608
3,2.022970448544319,0.8678528822729277
3,2.023494101262037,0.8674825183829853
3,2.024017753979755,0.8671125676664815
3,2.0245414066974727,0.8667430295977283
3,2.0250650594151907,0.8663739036505831
3,2.0255887121329086,0.8660051892989031
3,2.0261123648506265,0.8656368860201837
3,2.0266360175683444,0.8652689932914654
3,2.0271596702860624,0.8649015105884246
3,2.0276833230037803,0.8645344373899206
3,2.028206975721498,0.8641677731770869
3,2.028730628439216,0.8638015174278735
3,2.029254281156934,0.8634356696229588
3,2.029777933874652,0.8630702292457499
3,2.03030158659237,0.8627051957773801
3,2.030825239310088,0.8623405687012564
3,2.0313488920278058,0.8619763475012405
3,2.0318725447455237,0.8616125316630132
3,2.0323961974632416,0.8612491206718005
3,2.0329198501809596,0.8608861140132831
3,2.0334435028986775,0.8605235111772345
3,2.0339671556163954,0.8601613116493354
3,2.0344908083341133,0.8597995149184499
3,2.0350144610518313,0.859438120476625
3,2.035538113769549,0.8590771278131797
3,2.036061766487267,0.8587165364178873
3,2.036585419204985,0.8583563457841592
3,2.037109071922703,0.8579965554058617
3,2.037632724640421,0.8576371647754968
3,2.038156377358139,0.8572781733882948
3,2.0386800300758567,0.8569195807385768
3,2.0392036827935747,0.8565613863233921
3,2.0397273355112926,0.8562035896388807
3,2.0402509882290105,0.8558461901830015
3,2.040774640946728,0.8554891874555324
3,2.041298293664446,0.8551325809539776
3,2.041821946382164,0.8547763701790245
3,2.042345599099882,0.8544205546313606
3,2.0428692518175997,0.8540651338121279
3,2.0433929045353176,0.8537101072256519
3,2.0439165572530356,0.8533554743735294
3,2.0444402099707535,0.8530012347591764
3,2.0449638626884714,0.852647387889192
3,2.0454875154061893,0.8522939332679016
3,2.0460111681239073,0.8519408704019042
3,2.046534820841625,0.8515881987982539
3,2.047058473559343,0.8512359179644591
3,2.047582126277061,0.8508840274098475
3,2.048105778994779,0.8505325266428372
3,2.048629431712497,0.8501814151750295
3,2.049153084430215,0.8498306925166617
3,2.0496767371479327,0.8494803581788801
3,2.0502003898656507,0.8491304116751053
3,2.0507240425833686,0.8487808525183027
3,2.0512476953010865,0.8484316802218927
3,2.0517713480188045,0.8480828943015695
3,2.0522950007365224,0.8477344942721174
3,2.0528186534542403,0.847386479650595
3,2.0533423061719582,0.8470388499531509
3,2.053865958889676,0.8466916046986626
3,2.054389611607394,0.8463447434060072
3,2.054913264325112,0.8459982655917884
3,2.05543691704283,0.8456521707794309
3,2.055960569760548,0.8453064584887215
3,2.056484222478266,0.8449611282399019
3,2.0570078751959837,0.8446161795559419
3,2.0575315279137016,0.8442716119616307
3,2.0580551806314196,0.8439274249799382
3,2.0585788333491375,0.843583618134744
3,2.0591024860668554,0.8432401909517466
3,2.0596261387845733,0.842897142955735
3,2.0601497915022913,0.8425544736778647
3,2.060673444220009,0.8422121826415605
3,2.061197096937727,0.8418702693757041
3,2.061720749655445,0.841528733411451
3,2.062244402373163,0.8411875742767734
3,2.062768055090881,0.8408467915023721
3,2.063291707808599,0.8405063846198573
3,2.0638153605263168,0.8401663531635677
3,2.0643390132440347,0.8398266966623851
3,2.0648626659617526,0.8394874146506481
3,2.0653863186794705,0.8391485066649693
3,2.0659099713971885,0.8388099722383231
3,2.0664336241149064,0.8384718109073219
3,2.0669572768326243,0.8381340222081235
3,2.0674809295503422,0.8377966056773403
3,2.06800458226806,0.8374595608547679
3,2.068528234985778,0.8371228872761094
3,2.069051887703496,0.8367865844820699
3,2.069575540421214,0.836450652014264
3,2.070099193138932,0.8361150894111233
3,2.0706228458566494,0.8357798962165361
3,2.0711464985743673,0.8354450719707529
3,2.071670151292085,0.835110616215843
3,2.072193804009803,0.8347765284988782
3,2.072717456727521,0.8344428083623825
3,2.073241109445239,0.8341094553511539
3,2.073764762162957,0.8337764690108997
3,2.074288414880675,0.8334438488891465
3,2.0748120675983928,0.8331115945329657
3,2.0753357203161107,0.8327797054903385
3,2.0758593730338286,0.8324481813087914
3,2.0763830257515465,0.8321170215385791
3,2.0769066784692645,0.8317862257308661
3,2.0774303311869824,0.8314557934340883
3,2.0779539839047003,0.8311257242012289
3,2.0784776366224182,0.8307960175857261
3,2.079001289340136,0.8304666731387442
3,2.079524942057854,0.8301376904132667
3,2.080048594775572,0.82980906896546
3,2.08057224749329,0.8294808083496719
3,2.081095900211008,0.8291529081220688
3,2.081619552928726,0.8288253678379078
3,2.0821432056464437,0.8284981870551746
3,2.0826668583641617,0.8281713653323095
3,2.0831905110818796,0.8278449022250243
3,2.0837141637995975,0.8275187972953972
3,2.0842378165173154,0.8271930501027782
3,2.0847614692350334,0.8268676602078813
3,2.0852851219527513,0.8265426271718752
3,2.085808774670469,0.8262179505568383
3,2.086332427388187,0.8258936299239394
3,2.086856080105905,0.8255696648375306
3,2.087379732823623,0.8252460548624185
3,2.087903385541341,0.8249227995625006
3,2.088427038259059,0.8245998985039478
3,2.0889506909767768,0.8242773512515669
3,2.0894743436944947,0.8239551573738026
3,2.0899979964122126,0.8236333164368261
3,2.0905216491299305,0.8233118280086273
3,2.0910453018476485,0.8229906916585605
3,2.0915689545653664,0.8226699069564347
3,2.0920926072830843,0.8223494734734231
3,2.0926162600008023,0.8220293907793348
3,2.09313991271852,0.8217096584426145
3,2.093663565436238,0.8213902760398923
3,2.094187218153956,0.8210712431441607
3,2.094710870871674,0.820752559324319
3,2.095234523589392,0.8204342241592713
3,2.09575817630711,0.8201162372220097
3,2.0962818290248277,0.8197985980873455
3,2.0968054817425457,0.8194813063337278
3,2.0973291344602636,0.8191643615355133
3,2.0978527871779815,0.818847763271151
3,2.0983764398956994,0.818531511121364
3,2.0989000926134174,0.8182156046618729
3,2.0994237453311353,0.8179000434715817
3,2.099947398048853,0.8175848271348514
3,2.1004710507665707,0.8172699552278573
3,2.1009947034842886,0.8169554273340509
3,2.1015183562020066,0.8166412430377932
3,2.1020420089197245,0.8163274019170785
3,2.1025656616374424,0.8160139035603606
3,2.1030893143551603,0.8157007475506362
3,2.1036129670728783,0.815387933468628
3,2.104136619790596,0.8150754609046089
3,2.104660272508314,0.8147633294433945
3,2.105183925226032,0.8144515386702551
3,2.10570757794375,0.814140088174554
3,2.106231230661468,0.813828977542471
3,2.106754883379186,0.8135182063629145
3,2.1072785360969037,0.8132077742275214
3,2.1078021888146217,0.8128976807242907
3,2.1083258415323396,0.8125879254434949
3,2.1088494942500575,0.8122785079776804
3,2.1093731469677754,0.8119694279180294
3,2.1098967996854934,0.8116606848570882
3,2.1104204524032113,0.8113522783883127
3,2.1109441051209292,0.811044208106523
3,2.111467757838647,0.8107364736047202
3,2.111991410556365,0.810429074476815
3,2.112515063274083,0.8101220103212654
3,2.113038715991801,0.8098152807333463
3,2.113562368709519,0.8095088853106063
3,2.114086021427237,0.8092028236492297
3,2.1146096741449547,0.8088970953485841
3,2.1151333268626726,0.8085917000075824
3,2.1156569795803906,0.8082866372246826
3,2.1161806322981085,0.8079819066019809
3,2.1167042850158264,0.8076775077388447
3,2.1172279377335443,0.8073734402364607
3,2.1177515904512623,0.807069703698744
3,2.11827524316898,0.806766297726881
3,2.118798895886698,0.8064632219225132
3,2.119322548604416,0.806160475892284
3,2.119846201322134,0.805858059241018
3,2.120369854039852,0.8055559715726304
3,2.12089350675757,0.805254212491036
3,2.1214171594752878,0.804952781605607
3,2.1219408121930057,0.8046516785229869
3,2.1224644649107236,0.8043509028493645
3,2.1229881176284415,0.8040504541927476
3,2.1235117703461595,0.8037503321638724
3,2.1240354230638774,0.803450536372111
3,2.1245590757815953,0.8031510664254711
3,2.1250827284993132,0.8028519219369628
3,2.125606381217031,0.8025531025150485
3,2.126130033934749,0.8022546077731931
3,2.126653686652467,0.8019564373266803
3,2.127177339370185,0.8016585907848821
3,2.127700992087903,0.8013610677626275
3,2.128224644805621,0.8010638678742907
3,2.1287482975233387,0.8007669907347008
3,2.1292719502410566,0.8004704359595962
3,2.1297956029587746,0.8001742031642607
3,2.130319255676492,0.7998782919680707
3,2.13084290839421,0.7995827019854005
3,2.131366561111928,0.7992874328360813
3,2.131890213829646,0.7989924841372158
3,2.1324138665473638,0.7986978555095448
3,2.1329375192650817,0.7984035465719899
3,2.1334611719827996,0.7981095569439276
3,2.1339848247005175,0.7978158862479177
3,2.1345084774182355,0.7975225341047008
3,2.1350321301359534,0.7972295001363818
3,2.1355557828536713,0.7969367839655206
3,2.1360794355713892,0.796644385216041
3,2.136603088289107,0.7963523035118669
3,2.137126741006825,0.7960605384778319
3,2.137650393724543,0.7957690897369503
3,2.138174046442261,0.7954779569154198
3,2.138697699159979,0.7951871396412571
3,2.139221351877697,0.7948966375406599
3,2.1397450045954147,0.7946064502402805
3,2.1402686573131326,0.7943165773695
3,2.1407923100308506,0.7940270185549707
3,2.1413159627485685,0.7937377734260735
3,2.1418396154662864,0.7934488416149179
3,2.1423632681840044,0.7931602227499752
3,2.1428869209017223,0.7928719164615359
3,2.14341057361944,0.7925839223826188
3,2.143934226337158,0.7922962401444238
3,2.144457879054876,0.7920088693786056
3,2.144981531772594,0.7917218097213663
3,2.145505184490312,0.791435060803451
3,2.14602883720803,0.7911486222596977
3,2.1465524899257478,0.7908624937258537
3,2.1470761426434657,0.7905766748394853
3,2.1475997953611836,0.7902911652340663
3,2.1481234480789015,0.7900059645435249
3,2.1486471007966195,0.7897210724090655
3,2.1491707535143374,0.7894364884705283
3,2.1496944062320553,0.789152212360932
3,2.1502180589497732,0.7888682437205716
3,2.150741711667491,0.7885845821920157
3,2.151265364385209,0.788301227411921
3,2.151789017102927,0.788018179021492
3,2.152312669820645,0.7877354366642066
3,2.152836322538363,0.7874529999799051
3,2.153359975256081,0.7871708686084276
3,2.1538836279737987,0.7868890421973447
3,2.1544072806915167,0.7866075203874061
3,2.1549309334092346,0.7863263028229994
3,2.1554545861269525,0.7860453891489669
3,2.1559782388446704,0.7857647790092415
3,2.1565018915623884,0.7854844720504843
3,2.1570255442801063,0.7852044679189021
3,2.157549196997824,0.7849247662620655
3,2.158072849715542,0.7846453667243622
3,2.15859650243326,0.7843662689556368
3,2.159120155150978,0.7840874726043694
3,2.159643807868696,0.7838089773190404
3,2.1601674605864134,0.7835307827508586
3,2.1606911133041313,0.7832528885464853
3,2.1612147660218493,0.7829752943575841
3,2.161738418739567,0.7826979998362731
3,2.162262071457285,0.7824210046351254
3,2.162785724175003,0.7821443084035309
3,2.163309376892721,0.781867910796791
3,2.163833029610439,0.7815918114674787
3,2.164356682328157,0.7813160100668028
3,2.1648803350458747,0.7810405062527934
3,2.1654039877635927,0.7807652996798424
3,2.1659276404813106,0.7804903900023419
3,2.1664512931990285,0.7802157768755933
3,2.1669749459167464,0.7799414599571719
3,2.1674985986344644,0.779667438902834
3,2.1680222513521823,0.7793937133728832
3,2.1685459040699,0.7791202830248949
3,2.169069556787618,0.7788471475146252
3,2.169593209505336,0.778574306502378
3,2.170116862223054,0.7783017596498212
3,2.170640514940772,0.778029506616349
3,2.17116416765849,0.7777575470609008
3,2.171687820376208,0.777485880648328
3,2.1722114730939257,0.7772145070371153
3,2.1727351258116436,0.7769434258912042
3,2.1732587785293616,0.7766726368731725
3,2.1737824312470795,0.7764021396460521
3,2.1743060839647974,0.7761319338751491
3,2.1748297366825153,0.775862019223041
3,2.1753533894002333,0.7755923953573074
3,2.175877042117951,0.7753230619396163
3,2.176400694835669,0.7750540186380022
3,2.176924347553387,0.7747852651214089
3,2.177448000271105,0.7745168010537782
3,2.177971652988823,0.7742486261026897
3,2.178495305706541,0.7739807399389065
3,2.1790189584242587,0.7737131422290986
3,2.1795426111419767,0.773445832640391
3,2.1800662638596946,0.7731788108462752
3,2.1805899165774125,0.7729120765161497
3,2.1811135692951304,0.772645629318049
3,2.1816372220128484,0.7723794689263741
3,2.1821608747305663,0.7721135950127973
3,2.1826845274482842,0.7718480072458078
3,2.183208180166002,0.7715827053002613
3,2.18373183288372,0.7713176888519229
3,2.184255485601438,0.7710529575715555
3,2.184779138319156,0.7707885111326505
3,2.185302791036874,0.770524349212792
3,2.185826443754592,0.770260471486381
3,2.1863500964723097,0.7699968776287278
3,2.1868737491900276,0.7697335673151429
3,2.1873974019077456,0.7694705402232103
3,2.1879210546254635,0.7692077960314236
3,2.1884447073431814,0.7689453344173671
3,2.1889683600608993,0.7686831550558963
3,2.1894920127786173,0.7684212576286882
3,2.1900156654963348,0.7681596418178742
3,2.1905393182140527,0.7678983072983101
3,2.1910629709317706,0.7676372537525822
3,2.1915866236494885,0.7673764808600936
3,2.1921102763672065,0.7671159883029759
3,2.1926339290849244,0.7668557757633607
3,2.1931575818026423,0.7665958429242892
3,2.1936812345203602,0.7663361894656191
3,2.194204887238078,0.7660768150726653
3,2.194728539955796,0.7658177194307427
3,2.195252192673514,0.7655589022210734
3,2.195775845391232,0.7653003631307911
3,2.19629949810895,0.7650421018420275
3,2.196823150826668,0.7647841180428259
3,2.1973468035443857,0.7645264114198653
3,2.1978704562621036,0.7642689816580059
3,2.1983941089798216,0.7640118284462005
3,2.1989177616975395,0.7637549514715829
3,2.1994414144152574,0.7634983504208321
3,2.1999650671329753,0.7632420249842653
3,2.2004887198506933,0.762985974849471
3,2.201012372568411,0.7627301997085851
3,2.201536025286129,0.7624746992496512
3,2.202059678003847,0.7622194731616219
3,2.202583330721565,0.7619645211393618
3,2.203106983439283,0.7617098428736426
3,2.203630636157001,0.7614554380538721
3,2.2041542888747188,0.7612013063749146
3,2.2046779415924367,0.7609474475293609
3,2.2052015943101546,0.7606938612084377
3,2.2057252470278725,0.7604405471083737
3,2.2062488997455905,0.7601875049226692
3,2.2067725524633084,0.7599347343466434
3,2.2072962051810263,0.7596822350769799
3,2.2078198578987442,0.7594300068067241
3,2.208343510616462,0.7591780492325597
3,2.20886716333418,0.7589263620543534
3,2.209390816051898,0.7586749449637864
3,2.209914468769616,0.758423797661635
3,2.210438121487334,0.7581729198486755
3,2.210961774205052,0.7579223112211366
3,2.2114854269227697,0.7576719714761566
3,2.2120090796404877,0.7574219003154212
3,2.2125327323582056,0.7571720974387972
3,2.2130563850759235,0.7569225625466061
3,2.2135800377936414,0.7566732953405335
3,2.2141036905113594,0.7564242955195368
3,2.2146273432290773,0.756175562788485
3,2.215150995946795,0.7559270968481542
3,2.215674648664513,0.7556788974002302
3,2.216198301382231,0.7554309641504915
3,2.216721954099949,0.7551832968015333
3,2.217245606817667,0.7549358950564056
3,2.217769259535385,0.7546887586213415
3,2.2182929122531028,0.7544418872025744
3,2.2188165649708207,0.7541952805022447
3,2.2193402176885386,0.7539489382274951
3,2.219863870406256,0.7537028600845588
3,2.220387523123974,0.7534570457823975
3,2.220911175841692,0.7532114950281539
3,2.22143482855941,0.7529662075280612
3,2.221958481277128,0.7527211829897169
3,2.2224821339948457,0.7524764211229922
3,2.2230057867125637,0.752231921638213
3,2.2235294394302816,0.7519876842438862
3,2.2240530921479995,0.7517437086489736
3,2.2245767448657174,0.7514999945647105
3,2.2251003975834354,0.7512565417041515
3,2.2256240503011533,0.7510133497767129
3,2.226147703018871,0.7507704184945396
3,2.226671355736589,0.7505277475684125
3,2.227195008454307,0.7502853367132047
3,2.227718661172025,0.7500431856424257
3,2.228242313889743,0.7498012940677654
3,2.228765966607461,0.7495596617050069
3,2.2292896193251788,0.7493182882685687
3,2.2298132720428967,0.7490771734701411
3,2.2303369247606146,0.7488363170295997
3,2.2308605774783326,0.748595718661818
3,2.2313842301960505,0.748355378080305
3,2.2319078829137684,0.7481152950063006
3,2.2324315356314863,0.7478754691524045
3,2.2329551883492043,0.7476359002371282
3,2.233478841066922,0.7473965879817115
3,2.23400249378464,0.7471575321019372
3,2.234526146502358,0.7469187323167716
3,2.235049799220076,0.7466801883469998
3,2.235573451937794,0.7464418999106783
3,2.236097104655512,0.7462038667290471
3,2.2366207573732297,0.7459660885219819
3,2.2371444100909477,0.7457285650102676
3,2.2376680628086656,0.7454912959183275
3,2.2381917155263835,0.7452542809651277
3,2.2387153682441014,0.745017519871908
3,2.2392390209618194,0.7447810123640011
3,2.2397626736795373,0.7445447581653752
3,2.2402863263972552,0.7443087569977251
3,2.240809979114973,0.7440730085845644
3,2.241333631832691,0.7438375126530445
3,2.241857284550409,0.743602268925315
3,2.242380937268127,0.7433672771271631
3,2.242904589985845,0.7431325369861952
3,2.243428242703563,0.7428980482272891
3,2.2439518954212807,0.7426638105775965
3,2.2444755481389986,0.7424298237638141
3,2.2449992008567166,0.742196087512184
3,2.2455228535744345,0.7419626015525864
3,2.2460465062921524,0.7417293656130823
3,2.2465701590098703,0.7414963794208234
3,2.2470938117275883,0.7412636427047801
3,2.247617464445306,0.7410311551961968
3,2.248141117163024,0.7407989166267726
3,2.248664769880742,0.7405669267232042
3,2.24918842259846,0.7403351852144624
3,2.2497120753161775,0.7401036918386126
3,2.2502357280338954,0.7398724463237158
3,2.2507593807516133,0.7396414483996523
3,2.2512830334693312,0.73941069779994
3,2.251806686187049,0.7391801942617349
3,2.252330338904767,0.7389499375149171
3,2.252853991622485,0.7387199272898215
3,2.253377644340203,0.7384901633249683
3,2.253901297057921,0.7382606453552398
3,2.254424949775639,0.7380313731132446
3,2.2549486024933567,0.7378023463347745
3,2.2554722552110746,0.7375735647574402
3,2.2559959079287926,0.7373450281147598
3,2.2565195606465105,0.7371167361438893
3,2.2570432133642284,0.7368886885819848
3,2.2575668660819463,0.7366608851675664
3,2.2580905187996643,0.7364333256386999
3,2.258614171517382,0.7362060097307221
3,2.2591378242351,0.735978937183063
3,2.259661476952818,0.7357521077365163
3,2.260185129670536,0.7355255211296026
3,2.260708782388254,0.7352991771008419
3,2.261232435105972,0.7350730753919379
3,2.2617560878236898,0.7348472157441392
3,2.2622797405414077,0.734621597896421
3,2.2628033932591256,0.7343962215900319
3,2.2633270459768435,0.7341710865662208
3,2.2638506986945615,0.7339461925716932
3,2.2643743514122794,0.7337215393445149
3,2.2648980041299973,0.733497126626844
3,2.2654216568477152,0.7332729541676599
3,2.265945309565433,0.7330490217063925
3,2.266468962283151,0.7328253289852
3,2.266992615000869,0.7326018757526072
3,2.267516267718587,0.7323786617544101
3,2.268039920436305,0.7321556867327672
3,2.268563573154023,0.7319329504334746
3,2.2690872258717407,0.7317104526023286
3,2.2696108785894586,0.7314881929878538
3,2.2701345313071766,0.7312661713376656
3,2.2706581840248945,0.7310443873966506
3,2.2711818367426124,0.730822840912424
3,2.2717054894603304,0.7306015316326011
3,2.2722291421780483,0.7303804593097993
3,2.272752794895766,0.7301596236898149
3,2.273276447613484,0.7299390245188988
3,2.273800100331202,0.729718661550578
3,2.27432375304892,0.7294985345342866
3,2.274847405766638,0.7292786432217326
3,2.275371058484356,0.7290589873587123
3,2.2758947112020738,0.7288395667001168
3,2.2764183639197917,0.7286203809990184
3,2.2769420166375096,0.7284014300021227
3,2.2774656693552275,0.7281827134665946
3,2.2779893220729455,0.7279642311423231
3,2.2785129747906634,0.727745982781471
3,2.2790366275083813,0.7275279681402935
3,2.279560280226099,0.7273101869714083
3,2.2800839329438167,0.7270926390306158
3,2.2806075856615347,0.7268753240678052
3,2.2811312383792526,0.7266582418410508
3,2.2816548910969705,0.7264413921079722
3,2.2821785438146884,0.7262247746184585
3,2.2827021965324064,0.7260083891314935
3,2.2832258492501243,0.7257922354056063
3,2.283749501967842,0.7255763131947788
3,2.28427315468556,0.725360622255721
3,2.284796807403278,0.7251451623492358
3,2.285320460120996,0.7249299332311239
3,2.285844112838714,0.7247149346580954
3,2.286367765556432,0.7245001663904986
3,2.2868914182741498,0.7242856281873173
3,2.2874150709918677,0.724071319808445
3,2.2879387237095856,0.7238572410128654
3,2.2884623764273035,0.7236433915609268
3,2.2889860291450215,0.7234297712120679
3,2.2895096818627394,0.7232163797289104
3,2.2900333345804573,0.7230032168713478
3,2.2905569872981753,0.7227902824006378
3,2.291080640015893,0.7225775760803117
3,2.291604292733611,0.7223650976716272
3,2.292127945451329,0.7221528469362966
3,2.292651598169047,0.7219408236410345
3,2.293175250886765,0.7217290275457344
3,2.293698903604483,0.7215174584134729
3,2.2942225563222007,0.7213061160109646
3,2.2947462090399187,0.7210950001008314
3,2.2952698617576366,0.7208841104511521
3,2.2957935144753545,0.7206734468236391
3,2.2963171671930724,0.7204630089836428
3,2.2968408199107904,0.720252796699242
3,2.2973644726285083,0.7200428097357872
3,2.297888125346226,0.7198330478599928
3,2.298411778063944,0.7196235108394831
3,2.298935430781662,0.719414198440063
3,2.29945908349938,0.7192051104293569
3,2.299982736217098,0.7189962465781718
3,2.300506388934816,0.7187876066527679
3,2.3010300416525338,0.7185791904221333
3,2.3015536943702517,0.7183709976552564
3,2.3020773470879696,0.718163028120216
3,2.3026009998056876,0.7179552815905481
3,2.3031246525234055,0.7177477578343314
3,2.3036483052411234,0.7175404566210091
3,2.3041719579588413,0.7173333777236621
3,2.3046956106765593,0.7171265209108242
3,2.305219263394277,0.7169198859560311
3,2.305742916111995,0.7167134726319091
3,2.306266568829713,0.7165072807088109
3,2.306790221547431,0.7163013099602722
3,2.307313874265149,0.7160955601593741
3,2.307837526982867,0.715890031078743
3,2.3083611797005847,0.7156847224923695
3,2.3088848324183022,0.715479634174244
3,2.30940848513602,0.7152747658979024
3,2.309932137853738,0.715070117441428
3,2.310455790571456,0.7148656885756282
3,2.310979443289174,0.7146614790781314
3,2.311503096006892,0.7144574887242925
3,2.31202674872461,0.7142537172894663
3,2.3125504014423277,0.7140501645517361
3,2.3130740541600456,0.7138468302855472
3,2.3135977068777636,0.7136437142694376
3,2.3141213595954815,0.713440816281036
3,2.3146450123131994,0.713238136097516
3,2.3151686650309173,0.713035673496961
3,2.3156923177486353,0.7128334282592732
3,2.316215970466353,0.7126314001602623
3,2.316739623184071,0.7124295889811947
3,2.317263275901789,0.712227994501518
3,2.317786928619507,0.7120266164997702
3,2.318310581337225,0.7118254547576726
3,2.318834234054943,0.7116245090542179
3,2.3193578867726607,0.7114237791706728
3,2.3198815394903787,0.7112232648887584
3,2.3204051922080966,0.7110229659901961
3,2.3209288449258145,0.7108228822553428
3,2.3214524976435325,0.7106230134681937
3,2.3219761503612504,0.7104233594095604
3,2.3224998030789683,0.7102239198629832
3,2.3230234557966862,0.7100246946115476
3,2.323547108514404,0.7098256834383392
3,2.324070761232122,0.7096268861268982
3,2.32459441394984,0.7094283024625838
3,2.325118066667558,0.7092299322289364
3,2.325641719385276,0.7090317752094961
3,2.326165372102994,0.7088338311932603
3,2.3266890248207117,0.7086360999624048
3,2.3272126775384296,0.7084385813036533
3,2.3277363302561476,0.7082412750019103
3,2.3282599829738655,0.7080441808448086
3,2.3287836356915834,0.7078472986190718
3,2.3293072884093013,0.7076506281118782
3,2.3298309411270193,0.7074541691099512
3,2.330354593844737,0.7072579214013786
3,2.330878246562455,0.7070618847747028
3,2.331401899280173,0.7068660590171021
3,2.331925551997891,0.7066704439180285
3,2.332449204715609,0.7064750392651149
3,2.332972857433327,0.7062798448500871
3,2.3334965101510448,0.7060848604610328
3,2.3340201628687627,0.7058900858887682
3,2.3345438155864806,0.7056955209227453
3,2.3350674683041985,0.7055011653528709
3,2.3355911210219165,0.7053070189726895
3,2.3361147737396344,0.7051130815711986
3,2.3366384264573523,0.7049193529401236
3,2.3371620791750702,0.7047258328721
3,2.337685731892788,0.7045325211588533
3,2.338209384610506,0.7043394175921094
3,2.3387330373282236,0.7041465219672318
3,2.3392566900459415,0.7039538340736726
3,2.3397803427636594,0.703761353707705
3,2.3403039954813774,0.7035690806633284
3,2.3408276481990953,0.7033770147322684
3,2.341351300916813,0.7031851557126174
3,2.341874953634531,0.702993503394282
3,2.342398606352249,0.7028020575726259
3,2.342922259069967,0.7026108180493793
3,2.343445911787685,0.7024197846149036
3,2.343969564505403,0.7022289570641078
3,2.3444932172231208,0.7020383351964483
3,2.3450168699408387,0.7018479188054698
3,2.3455405226585566,0.7016577076915382
3,2.3460641753762745,0.7014677016509268
3,2.3465878280939925,0.7012779004794538
3,2.3471114808117104,0.7010883039743021
3,2.3476351335294283,0.7008989119353828
3,2.3481587862471462,0.700709724162607
3,2.348682438964864,0.7005207404513385
3,2.349206091682582,0.7003319606019431
3,2.3497297444003,0.7001433844143321
3,2.350253397118018,0.6999550116879618
3,2.350777049835736,0.6997668422227434
3,2.351300702553454,0.6995788758181334
3,2.3518243552711717,0.6993911122758618
3,2.3523480079888897,0.6992035513949304
3,2.3528716607066076,0.699016192977524
3,2.3533953134243255,0.6988290368271919
3,2.3539189661420434,0.6986420827429356
3,2.3544426188597614,0.6984553305283043
3,2.3549662715774793,0.698268779983664
3,2.355489924295197,0.6980824309130185
3,2.356013577012915,0.6978962831190074
3,2.356537229730633,0.69771033640518
3,2.357060882448351,0.6975245905778138
3,2.357584535166069,0.69733904543682
3,2.358108187883787,0.6971537007848383
3,2.3586318406015048,0.69696855643042
3,2.3591554933192227,0.6967836121798427
3,2.3596791460369406,0.6965988678330177
3,2.3602027987546585,0.696414323197132
3,2.3607264514723765,0.6962299780780086
3,2.3612501041900944,0.6960458322810155
3,2.3617737569078123,0.6958618856156136
3,2.3622974096255303,0.6956781378848973
3,2.362821062343248,0.6954945888942348
3,2.363344715060966,0.6953112384558153
3,2.363868367778684,0.6951280863750071
3,2.364392020496402,0.6949451324562688
3,2.36491567321412,0.6947623765117896
3,2.365439325931838,0.6945798183464831
3,2.3659629786495557,0.694397457771629
3,2.3664866313672737,0.6942152945953239
3,2.3670102840849916,0.6940333286243003
3,2.3675339368027095,0.6938515596730213
3,2.3680575895204274,0.6936699875477643
3,2.368581242238145,0.6934886120575356
3,2.369104894955863,0.6933074330145246
3,2.3696285476735808,0.693126450228192
3,2.3701522003912987,0.6929456635111819
3,2.3706758531090166,0.6927650726738648
3,2.3711995058267346,0.6925846775261562
3,2.3717231585444525,0.6924044778820644
3,2.3722468112621704,0.6922244735533241
3,2.3727704639798883,0.6920446643507603
3,2.3732941166976063,0.6918650500865624
3,2.373817769415324,0.6916856305747388
3,2.374341422133042,0.6915064056297524
3,2.37486507485076,0.6913273750628832
3,2.375388727568478,0.6911485386881395
3,2.375912380286196,0.6909698963208939
3,2.376436033003914,0.6907914477751547
3,2.3769596857216317,0.6906131928635659
3,2.3774833384393497,0.6904351314015003
3,2.3780069911570676,0.690257263206604
3,2.3785306438747855,0.6900795880924306
3,2.3790542965925034,0.6899021058734434
3,2.3795779493102214,0.6897248163686527
3,2.3801016020279393,0.6895477193916122
3,2.3806252547456572,0.6893708147595135
3,2.381148907463375,0.6891941022909123
3,2.381672560181093,0.689017581799817
3,2.382196212898811,0.6888412531047834
3,2.382719865616529,0.6886651160239126
3,2.383243518334247,0.6884891703757603
3,2.383767171051965,0.6883134159779729
3,2.3842908237696827,0.6881378526491062
3,2.3848144764874006,0.6879624802072613
3,2.3853381292051186,0.6877872984705391
3,2.3858617819228365,0.687612307260224
3,2.3863854346405544,0.6874375063948719
3,2.3869090873582723,0.6872628956944027
3,2.3874327400759903,0.6870884749801007
3,2.387956392793708,0.6869142440705218
3,2.388480045511426,0.6867402027851313
3,2.389003698229144,0.6865663509488513
3,2.389527350946862,0.6863926883820568
3,2.39005100366458,0.686219214902394
3,2.390574656382298,0.6860459303356947
3,2.3910983091000158,0.6858728345005147
3,2.3916219618177337,0.6856999272204121
3,2.3921456145354516,0.6855272083212185
3,2.3926692672531695,0.6853546776228541
3,2.3931929199708875,0.6851823349466031
3,2.3937165726886054,0.6850101801164783
3,2.3942402254063233,0.68483821296104
3,2.3947638781240412,0.6846664332979344
3,2.395287530841759,0.6844948409534481
3,2.395811183559477,0.6843234357556867
3,2.396334836277195,0.6841522175232058
3,2.396858488994913,0.6839811860818372
3,2.397382141712631,0.6838103412610508
3,2.397905794430349,0.6836396828844045
3,2.3984294471480663,0.683469210775911
3,2.398953099865784,0.6832989247632213
3,2.399476752583502,0.683128824672167
3,2.40000040530122,0.6829589103285798
3,2.400524058018938,0.6827891815610201
3,2.401047710736656,0.6826196381939553
3,2.401571363454374,0.6824502800568553
3,2.4020950161720918,0.6822811069764612
3,2.4026186688898097,0.6821121187795143
3,2.4031423216075276,0.6819433152959391
3,2.4036659743252455,0.6817746963552054
3,2.4041896270429635,0.6816062617822354
3,2.4047132797606814,0.6814380114074083
3,2.4052369324783993,0.6812699450633772
3,2.4057605851961172,0.6811020625727906
3,2.406284237913835,0.6809343637701204
3,2.406807890631553,0.6807668484843816
3,2.407331543349271,0.6805995165441345
3,2.407855196066989,0.6804323677811226
3,2.408378848784707,0.680265402027544
3,2.408902501502425,0.6800986191110496
3,2.4094261542201427,0.6799320188642923
3,2.4099498069378607,0.6797656011208346
3,2.4104734596555786,0.6795993657078725
3,2.4109971123732965,0.6794333124621517
3,2.4115207650910144,0.6792674412113229
3,2.4120444178087324,0.6791017517907676
3,2.4125680705264503,0.678936244034503
3,2.413091723244168,0.6787709177706347
3,2.413615375961886,0.6786057728372725
3,2.414139028679604,0.6784408090652505
3,2.414662681397322,0.6782760262867669
3,2.41518633411504,0.6781114243399315
3,2.415709986832758,0.6779470030573975
3,2.4162336395504758,0.6777827622736368
3,2.4167572922681937,0.6776187018203927
3,2.4172809449859116,0.6774548215344112
3,2.4178045977036295,0.6772911212547115
3,2.4183282504213475,0.6771276008130371
3,2.4188519031390654,0.6769642600447696
3,2.4193755558567833,0.6768010987871094
3,2.4198992085745012,0.6766381168740736
3,2.420422861292219,0.676475314146046
3,2.420946514009937,0.6763126904388628
3,2.421470166727655,0.6761502455860864
3,2.421993819445373,0.6759879794285553
3,2.422517472163091,0.6758258918016509
3,2.423041124880809,0.6756639825430284
3,2.4235647775985267,0.6755022514926168
3,2.4240884303162447,0.6753406984876165
3,2.4246120830339626,0.6751793233647732
3,2.4251357357516805,0.6750181259640158
3,2.4256593884693984,0.674857106123909
3,2.4261830411871164,0.6746962636839271
3,2.4267066939048343,0.6745355984853632
3,2.427230346622552,0.6743751103654176
3,2.42775399934027,0.6742147991640195
3,2.4282776520579876,0.6740546647229166
3,2.4288013047757055,0.673894706880219
3,2.4293249574934235,0.6737349254776746
3,2.4298486102111414,0.6735753203574859
3,2.4303722629288593,0.6734158913600368
3,2.4308959156465773,0.6732566383229823
3,2.431419568364295,0.6730975610912537
3,2.431943221082013,0.6729386595093274
3,2.432466873799731,0.672779933415768
3,2.432990526517449,0.672621382653233
3,2.433514179235167,0.6724630070648345
3,2.434037831952885,0.6723048064891373
3,2.4345614846706027,0.6721467807742556
3,2.4350851373883207,0.6719889297669397
3,2.4356087901060386,0.6718312533030257
3,2.4361324428237565,0.6716737512288091
3,2.4366560955414744,0.671516423387402
3,2.4371797482591924,0.6713592696223714
3,2.4377034009769103,0.67120228978456
3,2.438227053694628,0.6710454837111683
3,2.438750706412346,0.6708888512484918
3,2.439274359130064,0.6707323922460091
3,2.439798011847782,0.6705761065450133
3,2.4403216645655,0.6704199939913451
3,2.440845317283218,0.6702640544322094
3,2.441368970000936,0.6701082877120825
3,2.4418926227186537,0.6699526936786242
3,2.4424162754363716,0.669797272179494
3,2.4429399281540896,0.6696420230578042
3,2.4434635808718075,0.6694869461625785
3,2.4439872335895254,0.6693320413432957
3,2.4445108863072433,0.6691773084426131
3,2.4450345390249613,0.6690227473104642
3,2.445558191742679,0.6688683577995107
3,2.446081844460397,0.6687141397505911
3,2.446605497178115,0.6685600930122746
3,2.447129149895833,0.6684062174381324
3,2.447652802613551,0.6682525128762791
3,2.448176455331269,0.6680989791730099
3,2.4487001080489867,0.6679456161782582
3,2.4492237607667047,0.667792423741048
3,2.4497474134844226,0.6676394017131315
3,2.4502710662021405,0.6674865499444422
3,2.4507947189198585,0.6673338682830945
3,2.4513183716375764,0.6671813565799312
3,2.4518420243552943,0.6670290146876141
3,2.4523656770730122,0.6668768424560767
3,2.45288932979073,0.6667248397334333
3,2.453412982508448,0.6665730063732553
3,2.453936635226166,0.6664213422300236
3,2.454460287943884,0.6662698471536714
3,2.454983940661602,0.6661185209932228
3,2.45550759337932,0.665967363602249
3,2.4560312460970377,0.6658163748370498
3,2.4565548988147556,0.6656655545457397
3,2.4570785515324736,0.6655149025800711
3,2.4576022042501915,0.6653644187954342
3,2.458125856967909,0.6652141030499479
3,2.458649509685627,0.6650639551926361
3,2.459173162403345,0.6649139750752511
3,2.4596968151210628,0.6647641625531833
3,2.4602204678387807,0.6646145174809135
3,2.4607441205564986,0.6644650397156511
3,2.4612677732742165,0.6643157291091484
3,2.4617914259919345,0.6641665855149768
3,2.4623150787096524,0.6640176087921645
3,2.4628387314273703,0.6638687987942831
3,2.4633623841450882,0.6637201553730847
3,2.463886036862806,0.6635716783894168
3,2.464409689580524,0.6634233676995791
3,2.464933342298242,0.663275223157143
3,2.46545699501596,0.663127244617499
3,2.465980647733678,0.6629794319396751
3,2.466504300451396,0.6628317849799714
3,2.4670279531691137,0.6626843035946877
3,2.4675516058868316,0.6625369876428522
3,2.4680752586045496,0.6623898369789458
3,2.4685989113222675,0.6622428514619969
3,2.4691225640399854,0.6620960309519432
3,2.4696462167577033,0.6619493753069037
3,2.4701698694754213,0.661802884381359
3,2.470693522193139,0.6616565580352471
3,2.471217174910857,0.6615103961312343
3,2.471740827628575,0.6613643985238014
3,2.472264480346293,0.6612185650719766
3,2.472788133064011,0.6610728956384264
3,2.473311785781729,0.6609273900830885
3,2.4738354384994468,0.6607820482613533
3,2.4743590912171647,0.6606368700349776
3,2.4748827439348826,0.6604918552684467
3,2.4754063966526005,0.6603470038180603
3,2.4759300493703185,0.6602023155419374
3,2.4764537020880364,0.6600577903063822
3,2.4769773548057543,0.6599134279722421
3,2.4775010075234722,0.6597692283985452
3,2.47802466024119,0.6596251914470486
3,2.478548312958908,0.6594813169785994
3,2.479071965676626,0.6593376048576829
3,2.479595618394344,0.6591940549451465
3,2.480119271112062,0.659050667100928
3,2.48064292382978,0.6589074411913316
3,2.4811665765474977,0.6587643770808427
3,2.4816902292652157,0.6586214746266705
3,2.4822138819829336,0.6584787336960289
3,2.4827375347006515,0.6583361541488557
3,2.4832611874183694,0.6581937358487266
3,2.4837848401360874,0.6580514786683125
3,2.4843084928538053,0.6579093824620941
3,2.484832145571523,0.6577674470972852
3,2.485355798289241,0.6576256724383711
3,2.485879451006959,0.6574840583480182
3,2.486403103724677,0.6573426046943496
3,2.486926756442395,0.6572013113409412
3,2.487450409160113,0.6570601781522782
3,2.4879740618778303,0.656919204996484
3,2.4884977145955482,0.6567783917353154
3,2.489021367313266,0.656637738237805
3,2.489545020030984,0.6564972443702572
3,2.490068672748702,0.6563569099944289
3,2.49059232546642,0.6562167349820811
3,2.491115978184138,0.6560767191995183
3,2.491639630901856,0.6559368625075876
3,2.4921632836195737,0.6557971647780505
3,2.4926869363372917,0.6556576258808491
3,2.4932105890550096,0.6555182456786497
3,2.4937342417727275,0.6553790240413946
3,2.4942578944904454,0.655239960837207
3,2.4947815472081634,0.6551010559314818
3,2.4953051999258813,0.6549623091950707
3,2.495828852643599,0.6548237204960969
3,2.496352505361317,0.6546852897035933
3,2.496876158079035,0.654547016685683
3,2.497399810796753,0.65440890130958
3,2.497923463514471,0.6542709434488643
3,2.498447116232189,0.6541331429716593
3,2.4989707689499068,0.6539954997451787
3,2.4994944216676247,0.6538580136375458
3,2.5000180743853426,0.6537206845268884
3,2.5005417271030606,0.6535835122767821
3,2.5010653798207785,0.6534464967580789
3,2.5015890325384964,0.6533096378489063
3,2.5021126852562143,0.6531729354073832
3,2.5026363379739323,0.6530363893134563
3,2.50315999069165,0.6528999994370679
3,2.503683643409368,0.6527637656499792
3,2.504207296127086,0.6526276878239514
3,2.504730948844804,0.6524917658225604
3,2.505254601562522,0.6523559995293908
3,2.50577825428024,0.6522203888134754
3,2.5063019069979577,0.652084933543847
3,2.5068255597156757,0.6519496335968142
3,2.5073492124333936,0.6518144888441384
3,2.5078728651511115,0.6516794991539427
3,2.5083965178688294,0.6515446644052645
3,2.5089201705865474,0.6514099844735028
3,2.5094438233042653,0.6512754592258716
3,2.5099674760219832,0.651141088539589
3,2.510491128739701,0.6510068722873257
3,2.511014781457419,0.650872810342662
3,2.511538434175137,0.6507389025828161
3,2.512062086892855,0.6506051488822777
3,2.512585739610573,0.6504715491109891
3,2.513109392328291,0.6503381031461686
3,2.5136330450460087,0.6502048108677627
3,2.5141566977637266,0.6500716721466233
3,2.5146803504814446,0.6499386868545116
3,2.5152040031991625,0.6498058548731933
3,2.5157276559168804,0.6496731760798866
3,2.5162513086345983,0.6495406503463528
3,2.5167749613523163,0.6494082775452625
3,2.517298614070034,0.6492760575592911
3,2.5178222667877517,0.6491439902674756
3,2.5183459195054696,0.6490120755370299
3,2.5188695722231875,0.6488803132524481
3,2.5193932249409055,0.6487487032927675
3,2.5199168776586234,0.6486172455261112
3,2.5204405303763413,0.6484859398369736
3,2.5209641830940592,0.6483547861053012
3,2.521487835811777,0.6482237842010363
3,2.522011488529495,0.6480929340050352
3,2.522535141247213,0.647962235401792
3,2.523058793964931,0.6478316882630679
3,2.523582446682649,0.6477012924688097
3,2.524106099400367,0.6475710478980545
3,2.5246297521180847,0.6474409544298396
3,2.5251534048358026,0.6473110119486591
3,2.5256770575535206,0.6471812203262743
3,2.5262007102712385,0.6470515794408129
3,2.5267243629889564,0.6469220891804071
3,2.5272480157066743,0.6467927494222749
3,2.5277716684243923,0.6466635600427253
3,2.52829532114211,0.6465345209271618
3,2.528818973859828,0.6464056319500742
3,2.529342626577546,0.6462768929986851
3,2.529866279295264,0.6461483039502127
3,2.530389932012982,0.6460198646836943
3,2.5309135847307,0.6458915750863525
3,2.5314372374484178,0.6457634350344961
3,2.5319608901661357,0.6456354444153476
3,2.5324845428838536,0.6455076031015778
3,2.5330081956015715,0.6453799109795
3,2.5335318483192895,0.6452523679345177
3,2.5340555010370074,0.6451249738438491
3,2.5345791537547253,0.6449977285992645
3,2.5351028064724432,0.6448706320734345
3,2.535626459190161,0.6447436841490344
3,2.536150111907879,0.6446168847160152
3,2.536673764625597,0.6444902336534142
3,2.537197417343315,0.644363730844816
3,2.537721070061033,0.6442373761756244
3,2.538244722778751,0.6441111695276049
3,2.5387683754964687,0.6439851107861614
3,2.5392920282141866,0.6438591998312404
3,2.5398156809319046,0.6437334365555216
3,2.5403393336496225,0.6436078208389517
3,2.5408629863673404,0.643482352558749
3,2.5413866390850584,0.6433570316112309
3,2.5419102918027763,0.6432318578781633
3,2.542433944520494,0.6431068312413117
3,2.542957597238212,0.6429819515869895
3,2.54348124995593,0.6428572188024191
3,2.544004902673648,0.6427326327711853
3,2.544528555391366,0.6426081933823298
3,2.545052208109084,0.6424839005221656
3,2.5455758608268018,0.6423597540715491
3,2.5460995135445197,0.6422357539222503
3,2.5466231662622376,0.6421118999578539
3,2.547146818979955,0.6419881920646731
3,2.547670471697673,0.6418646301299304
3,2.548194124415391,0.6417412140426677
3,2.548717777133109,0.6416179436919265
3,2.549241429850827,0.641494818962201
3,2.5497650825685447,0.6413718397407138
3,2.5502887352862627,0.6412490059119591
3,2.5508123880039806,0.6411263173677071
3,2.5513360407216985,0.6410037740015468
3,2.5518596934394164,0.6408813756925156
3,2.5523833461571344,0.6407591223296549
3,2.5529069988748523,0.6406370138111015
3,2.55343065159257,0.6405150500177115
3,2.553954304310288,0.640393230835798
3,2.554477957028006,0.6402715561589503
3,2.555001609745724,0.6401500258816668
3,2.555525262463442,0.6400286398857133
3,2.55604891518116,0.6399073980619505
3,2.5565725678988778,0.6397863003003295
3,2.5570962206165957,0.6396653464898918
3,2.5576198733343136,0.6395445365287742
3,2.5581435260520315,0.6394238702978328
3,2.5586671787697495,0.6393033476879282
3,2.5591908314874674,0.639182968597197
3,2.5597144842051853,0.639062732912862
3,2.5602381369229033,0.6389426405194172
3,2.560761789640621,0.6388226913131803
3,2.561285442358339,0.6387028851913783
3,2.561809095076057,0.6385832220385055
3,2.562332747793775,0.638463701744513
3,2.562856400511493,0.6383443242084468
3,2.563380053229211,0.6382250893148012
3,2.5639037059469287,0.6381059969589842
3,2.5644273586646467,0.637987047038223
3,2.5649510113823646,0.6378682394379211
3,2.5654746641000825,0.6377495740534869
3,2.5659983168178004,0.6376310507757807
3,2.5665219695355184,0.6375126694974824
3,2.5670456222532363,0.637394430117638
3,2.567569274970954,0.6372763325243795
3,2.568092927688672,0.6371583766103868
3,2.56861658040639,0.6370405622728867
3,2.569140233124108,0.6369228894054686
3,2.569663885841826,0.6368053578999024
3,2.570187538559544,0.6366879676515964
3,2.5707111912772618,0.6365707185532301
3,2.5712348439949797,0.6364536105002117
3,2.5717584967126976,0.6363366433861302
3,2.5722821494304156,0.6362198171082127
3,2.5728058021481335,0.636103131564596
3,2.5733294548658514,0.635986586643412
3,2.5738531075835693,0.6358701822391595
3,2.5743767603012873,0.635753918251794
3,2.574900413019005,0.635637794577633
3,2.575424065736723,0.6355218111129943
3,2.575947718454441,0.635405967749648
3,2.576471371172159,0.6352902643775451
3,2.5769950238898764,0.6351747009075552
3,2.5775186766075944,0.6350592772332675
3,2.5780423293253123,0.634943993242814
3,2.5785659820430302,0.6348288488361504
3,2.579089634760748,0.6347138439132323
3,2.579613287478466,0.6345989783694677
3,2.580136940196184,0.6344842521020837
3,2.580660592913902,0.634369665005579
3,2.58118424563162,0.6342552169835471
3,2.581707898349338,0.6341409079323057
3,2.5822315510670557,0.6340267377390774
3,2.5827552037847736,0.6339127063147316
3,2.5832788565024916,0.6337988135555861
3,2.5838025092202095,0.6336850593561394
3,2.5843261619379274,0.6335714436163471
3,2.5848498146556453,0.6334579662316173
3,2.5853734673733633,0.6333446271073626
3,2.585897120091081,0.6332314261371721
3,2.586420772808799,0.6331183632219108
3,2.586944425526517,0.6330054382624439
3,2.587468078244235,0.6328926511505415
3,2.587991730961953,0.6327800017998015
3,2.588515383679671,0.6326674900992657
3,2.5890390363973887,0.6325551159443421
3,2.5895626891151067,0.6324428792504477
3,2.5900863418328246,0.6323307799102622
3,2.5906099945505425,0.6322188178228316
3,2.5911336472682605,0.6321069928844736
3,2.5916572999859784,0.6319953049978722
3,2.5921809527036963,0.6318837540748063
3,2.5927046054214142,0.6317723400052273
3,2.593228258139132,0.6316610626909096
3,2.59375191085685,0.6315499220372658
3,2.594275563574568,0.6314389179406135
3,2.594799216292286,0.6313280503072747
3,2.595322869010004,0.631217319039024
3,2.595846521727722,0.6311067240330885
3,2.5963701744454397,0.6309962651939713
3,2.5968938271631576,0.630885942427085
3,2.5974174798808756,0.630775755630566
3,2.5979411325985935,0.63066570470437
3,2.5984647853163114,0.630555789558457
3,2.5989884380340293,0.6304460100946017
3,2.5995120907517473,0.6303363662127595
3,2.600035743469465,0.6302268578137955
3,2.600559396187183,0.6301174848022129
3,2.601083048904901,0.6300082470879715
3,2.601606701622619,0.6298991445673892
3,2.602130354340337,0.6297901771386023
3,2.602654007058055,0.629681344720666
3,2.6031776597757728,0.6295726472126262
3,2.6037013124934907,0.6294640845117101
3,2.6042249652112086,0.6293556565269682
3,2.6047486179289265,0.6292473631656321
3,2.6052722706466445,0.6291392043276574
3,2.6057959233643624,0.6290311799148185
3,2.6063195760820803,0.628923289841623
3,2.606843228799798,0.6288155340089361
3,2.6073668815175157,0.6287079123167132
3,2.6078905342352336,0.6286004246703669
3,2.6084141869529516,0.6284930709880427
3,2.6089378396706695,0.6283858511678773
3,2.6094614923883874,0.6282787651070976
3,2.6099851451061054,0.6281718127238491
3,2.6105087978238233,0.628064993920816
3,2.611032450541541,0.6279583085979539
3,2.611556103259259,0.6278517566679511
3,2.612079755976977,0.6277453380389488
3,2.612603408694695,0.6276390526136311
3,2.613127061412413,0.6275329002983199
3,2.613650714130131,0.6274268810047943
3,2.6141743668478488,0.6273209946357383
3,2.6146980195655667,0.6272152410974741
3,2.6152216722832846,0.6271096202999615
3,2.6157453250010025,0.6270041321495228
3,2.6162689777187205,0.6268987765542988
3,2.6167926304364384,0.6267935534260687
3,2.6173162831541563,0.6266884626702449
3,2.6178399358718742,0.6265835041913306
3,2.618363588589592,0.6264786778938287
3,2.61888724130731,0.6263739836958848
3,2.619410894025028,0.6262694215110969
3,2.619934546742746,0.626164991234873
3,2.620458199460464,0.6260606927753543
3,2.620981852178182,0.6259565260488671
3,2.6215055048958997,0.625852490966281
3,2.6220291576136177,0.6257485874339181
3,2.6225528103313356,0.6256448153581005
3,2.6230764630490535,0.6255411746496975
3,2.6236001157667714,0.6254376652195788
3,2.6241237684844894,0.6253342869777043
3,2.6246474212022073,0.6252310398385816
3,2.625171073919925,0.6251279237048948
3,2.625694726637643,0.6250249384884228
3,2.626218379355361,0.6249220841018541
3,2.626742032073079,0.6248193604506014
3,2.627265684790797,0.624716767456448
3,2.627789337508515,0.624614305020259
3,2.6283129902262328,0.6245119730538136
3,2.6288366429439507,0.6244097714743475
3,2.6293602956616686,0.6243077001872734
3,2.6298839483793865,0.6242057591043704
3,2.6304076010971045,0.6241039481428743
3,2.6309312538148224,0.6240022672081977
3,2.6314549065325403,0.6239007162093912
3,2.6319785592502583,0.6237992950682383
3,2.632502211967976,0.6236980036928799
3,2.633025864685694,0.6235968419923665
3,2.633549517403412,0.6234958098857533
3,2.63407317012113,0.6233949072775431
3,2.634596822838848,0.6232941340804246
3,2.635120475556566,0.6231934902143621
3,2.6356441282742837,0.6230929755893158
3,2.6361677809920017,0.622992590116155
3,2.636691433709719,0.6228923337130254
3,2.637215086427437,0.6227922062871585
3,2.637738739145155,0.6226922077476047
3,2.638262391862873,0.622592338026152
3,2.638786044580591,0.6224925970245749
3,2.6393096972983088,0.6223929846501051
3,2.6398333500160267,0.6222935008327113
3,2.6403570027337446,0.6221941454787157
3,2.6408806554514626,0.6220949184917117
3,2.6414043081691805,0.6219958197989399
3,2.6419279608868984,0.6218968493203647
3,2.6424516136046163,0.6217980069568512
3,2.6429752663223343,0.6216992926320017
3,2.643498919040052,0.621600706256686
3,2.64402257175777,0.6215022477435923
3,2.644546224475488,0.6214039170199612
3,2.645069877193206,0.6213057139866578
3,2.645593529910924,0.621207638562737
3,2.646117182628642,0.6211096906781677
3,2.6466408353463597,0.6210118702329055
3,2.6471644880640777,0.6209141771405484
3,2.6476881407817956,0.6208166113228799
3,2.6482117934995135,0.6207191727016834
3,2.6487354462172314,0.6206218611941949
3,2.6492590989349494,0.6205246767030985
3,2.6497827516526673,0.6204276191538156
3,2.6503064043703852,0.6203306884644917
3,2.650830057088103,0.6202338845523627
3,2.651353709805821,0.6201372073337552
3,2.651877362523539,0.6200406567122627
3,2.652401015241257,0.6199442326224016
3,2.652924667958975,0.6198479349868649
3,2.653448320676693,0.619751763703789
3,2.6539719733944107,0.6196557186976861
3,2.6544956261121286,0.6195597998867015
3,2.6550192788298466,0.6194640071962567
3,2.6555429315475645,0.6193683405435877
3,2.6560665842652824,0.6192727998295595
3,2.6565902369830003,0.6191773849832316
3,2.6571138897007183,0.6190820959345729
3,2.657637542418436,0.6189869325944528
3,2.658161195136154,0.618891894871922
3,2.658684847853872,0.6187969826942208
3,2.65920850057159,0.6187021959758567
3,2.659732153289308,0.6186075346440703
3,2.660255806007026,0.6185129986170068
3,2.6607794587247438,0.6184185878055359
3,2.6613031114424617,0.6183243021323506
3,2.6618267641601796,0.6182301415237816
3,2.6623504168778975,0.6181361058952461
3,2.6628740695956155,0.6180421951603421
3,2.6633977223133334,0.6179484092435814
3,2.6639213750310513,0.617854748071295
3,2.6644450277487692,0.617761211560719
3,2.664968680466487,0.6176677996281796
3,2.665492333184205,0.6175745121936416
3,2.666015985901923,0.6174813491807072
3,2.6665396386196405,0.6173883105175264
3,2.6670632913373584,0.6172953961122403
3,2.6675869440550763,0.6172026058875417
3,2.6681105967727943,0.6171099397724902
3,2.668634249490512,0.6170173976852311
3,2.66915790220823,0.6169249795430005
3,2.669681554925948,0.6168326852721293
3,2.670205207643666,0.616740514792582
3,2.670728860361384,0.6166484680261419
3,2.671252513079102,0.6165565448955022
3,2.6717761657968198,0.6164647453215366
3,2.6722998185145377,0.6163730692305762
3,2.6728234712322556,0.6162815165371285
3,2.6733471239499735,0.6161900871647958
3,2.6738707766676915,0.6160987810453662
3,2.6743944293854094,0.6160075980924375
3,2.6749180821031273,0.6159165382350693
3,2.6754417348208452,0.6158256013941354
3,2.675965387538563,0.6157347874859624
3,2.676489040256281,0.6156440964423382
3,2.677012692973999,0.6155535281868652
3,2.677536345691717,0.6154630826367793
3,2.678059998409435,0.6153727597184115
3,2.678583651127153,0.6152825593562739
3,2.6791073038448707,0.6151924814712402
3,2.6796309565625887,0.6151025259969174
3,2.6801546092803066,0.6150126928487225
3,2.6806782619980245,0.614922981948439
3,2.6812019147157424,0.6148333932178502
3,2.6817255674334604,0.6147439265996582
3,2.6822492201511783,0.6146545820101892
3,2.682772872868896,0.6145653593575844
3,2.683296525586614,0.6144762585845456
3,2.683820178304332,0.6143872796146752
3,2.68434383102205,0.6142984223697567
3,2.684867483739768,0.6142096867715736
3,2.685391136457486,0.6141210727482758
3,2.6859147891752038,0.6140325802289226
3,2.6864384418929217,0.6139442091371166
3,2.6869620946106396,0.6138559593937316
3,2.6874857473283575,0.6137678309305556
3,2.6880094000460755,0.6136798236721006
3,2.6885330527637934,0.613591937541969
3,2.6890567054815113,0.6135041724664916
3,2.6895803581992292,0.6134165283774564
3,2.690104010916947,0.6133290051939184
3,2.690627663634665,0.613241602846756
3,2.691151316352383,0.6131543212613906
3,2.691674969070101,0.6130671603677911
3,2.692198621787819,0.6129801200913789
3,2.692722274505537,0.6128932003502996
3,2.6932459272232547,0.6128064010872549
3,2.6937695799409727,0.6127197222176619
3,2.6942932326586906,0.61263316367058
3,2.6948168853764085,0.6125467253732495
3,2.6953405380941264,0.6124604072592774
3,2.6958641908118444,0.6123742092640896
3,2.696387843529562,0.6122881312949175
3,2.6969114962472798,0.6122021732871872
3,2.6974351489649977,0.6121163351726864
3,2.6979588016827156,0.6120306168750176
3,2.6984824544004336,0.6119450183314257
3,2.6990061071181515,0.6118595394636941
3,2.6995297598358694,0.6117741801981538
3,2.7000534125535873,0.6116889404665926
3,2.7005770652713053,0.6116038201971605
3,2.701100717989023,0.6115188193289214
3,2.701624370706741,0.6114339377754732
3,2.702148023424459,0.6113491754667848
3,2.702671676142177,0.6112645323446486
3,2.703195328859895,0.6111800083253911
3,2.703718981577613,0.6110956033453476
3,2.7042426342953307,0.6110113173426726
3,2.7047662870130487,0.6109271502346019
3,2.7052899397307666,0.6108431019411
3,2.7058135924484845,0.6107591724157828
3,2.7063372451662024,0.6106753615822527
3,2.7068608978839204,0.6105916693568361
3,2.7073845506016383,0.6105080956876918
3,2.707908203319356,0.6104246405002414
3,2.708431856037074,0.6103413037126302
3,2.708955508754792,0.6102580852693791
3,2.70947916147251,0.610174985100457
3,2.710002814190228,0.6100920031267378
3,2.710526466907946,0.6100091392927425
3,2.711050119625664,0.6099263935202544
3,2.7115737723433817,0.6098437657392424
3,2.7120974250610996,0.6097612558924084
3,2.7126210777788176,0.6096788639051738
3,2.7131447304965355,0.6095965897056885
3,2.7136683832142534,0.60951443322665
3,2.7141920359319713,0.6094323944007556
3,2.7147156886496893,0.6093504731634312
3,2.715239341367407,0.6092686694391887
3,2.715762994085125,0.6091869831698205
3,2.716286646802843,0.6091054142825669
3,2.716810299520561,0.609023962716492
3,2.717333952238279,0.6089426283870125
3,2.717857604955997,0.608861411234102
3,2.7183812576737147,0.6087803112122856
3,2.7189049103914327,0.6086993282242474
3,2.7194285631091506,0.6086184622154178
3,2.7199522158268685,0.6085377131203131
3,2.7204758685445865,0.6084570808752687
3,2.7209995212623044,0.608376565407525
3,2.7215231739800223,0.6082961666443225
3,2.7220468266977402,0.6082158845338199
3,2.722570479415458,0.6081357190005292
3,2.723094132133176,0.6080556699762383
3,2.723617784850894,0.6079757374045585
3,2.724141437568612,0.6078959212190966
3,2.72466509028633,0.6078162213470932
3,2.725188743004048,0.6077366377194267
3,2.7257123957217657,0.6076571702769797
3,2.726236048439483,0.6075778189588164
3,2.726759701157201,0.6074985836894484
3,2.727283353874919,0.6074194644052113
3,2.727807006592637,0.6073404610478974
3,2.728330659310355,0.6072615735465661
3,2.728854312028073,0.6071828018411907
3,2.7293779647457908,0.6071041458544642
3,2.7299016174635087,0.6070256055427308
3,2.7304252701812266,0.606947180829593
3,2.7309489228989445,0.6068688716386532
3,2.7314725756166625,0.6067906779335317
3,2.7319962283343804,0.6067125996305549
3,2.7325198810520983,0.6066346366542348
3,2.7330435337698162,0.6065567889654631
3,2.733567186487534,0.6064790564942086
3,2.734090839205252,0.6064014391677119
3,2.73461449192297,0.6063239369286748
3,2.735138144640688,0.6062465497088851
3,2.735661797358406,0.6061692774528638
3,2.736185450076124,0.6060921200878511
3,2.7367091027938417,0.6060150775520015
3,2.7372327555115596,0.6059381497852883
3,2.7377564082292776,0.6058613367376893
3,2.7382800609469955,0.6057846383282595
3,2.7388037136647134,0.6057080544878772
3,2.7393273663824314,0.6056315851665204
3,2.7398510191001493,0.6055552303059812
3,2.740374671817867,0.6054789898380477
3,2.740898324535585,0.6054028636999647
3,2.741421977253303,0.6053268518317054
3,2.741945629971021,0.6052509541632389
3,2.742469282688739,0.605175170640905
3,2.742992935406457,0.605099501190125
3,2.7435165881241748,0.6050239457690623
3,2.7440402408418927,0.6049485043076857
3,2.7445638935596106,0.6048731767341451
3,2.7450875462773285,0.6047979630020563
3,2.7456111989950465,0.6047228630313839
3,2.7461348517127644,0.6046478767866574
3,2.7466585044304823,0.6045730041969364
3,2.7471821571482002,0.6044982451776377
3,2.747705809865918,0.6044235996914722
3,2.748229462583636,0.6043490676875081
3,2.748753115301354,0.6042746490802529
3,2.749276768019072,0.604200343802404
3,2.74980042073679,0.604126151836681
3,2.750324073454508,0.6040520730912249
3,2.7508477261722257,0.6039781074996426
3,2.7513713788899437,0.6039042550110025
3,2.7518950316076616,0.6038305155780108
3,2.7524186843253795,0.6037568891324554
3,2.7529423370430974,0.6036833755924818
3,2.7534659897608154,0.6036099749262576
3,2.7539896424785333,0.6035366870673897
3,2.754513295196251,0.6034635119567611
3,2.755036947913969,0.6033904495334355
3,2.755560600631687,0.6033174997210153
3,2.7560842533494045,0.6032446624822114
3,2.7566079060671225,0.603171937764273
3,2.7571315587848404,0.6030993254853456
3,2.7576552115025583,0.603026825584493
3,2.7581788642202762,0.6029544380207881
3,2.758702516937994,0.602882162748756
3,2.759226169655712,0.6028099996738092
3,2.75974982237343,0.6027379487422877
3,2.760273475091148,0.6026660099250876
3,2.760797127808866,0.6025941831467208
3,2.761320780526584,0.6025224683389752
3,2.7618444332443017,0.6024508654591045
3,2.7623680859620197,0.6023793744452632
3,2.7628917386797376,0.6023079952228727
3,2.7634153913974555,0.6022367277528247
3,2.7639390441151734,0.6021655719796399
3,2.7644626968328914,0.6020945278341969
3,2.7649863495506093,0.6020235952655639
3,2.765510002268327,0.6019527742218997
3,2.766033654986045,0.6018820646240783
3,2.766557307703763,0.601811466428444
3,2.767080960421481,0.6017409795967978
3,2.767604613139199,0.6016706040500139
3,2.768128265856917,0.6016003397244276
3,2.7686519185746348,0.6015301865718357
3,2.7691755712923527,0.6014601445504013
3,2.7696992240100706,0.6013902135846365
3,2.7702228767277886,0.6013203936290665
3,2.7707465294455065,0.6012506846209362
3,2.7712701821632244,0.6011810864993095
3,2.7717938348809423,0.60111159922144
3,2.7723174875986603,0.6010422227145682
3,2.772841140316378,0.6009729569486808
3,2.773364793034096,0.6009038018346473
3,2.773888445751814,0.6008347573279025
3,2.774412098469532,0.6007658234075279
3,2.77493575118725,0.6006969999734793
3,2.775459403904968,0.6006282869775532
3,2.7759830566226857,0.6005596843779131
3,2.7765067093404037,0.6004911921245366
3,2.7770303620581216,0.6004228101428453
3,2.7775540147758395,0.6003545383764504
3,2.7780776674935574,0.6002863767935196
3,2.7786013202112754,0.6002183253258409
3,2.7791249729289933,0.6001503839170255
3,2.7796486256467112,0.6000825525106848
3,2.780172278364429,0.6000148310640725
3,2.780695931082147,0.5999472195080671
3,2.781219583799865,0.5998797177808228
3,2.781743236517583,0.5998123258686974
3,2.782266889235301,0.5997450436807412
3,2.782790541953019,0.5996778711669322
3,2.7833141946707367,0.5996108082908904
3,2.7838378473884546,0.5995438549907703
3,2.7843615001061726,0.5994770111929029
3,2.7848851528238905,0.5994102768490848
3,2.7854088055416084,0.5993436519511306
3,2.785932458259326,0.599277136397177
3,2.786456110977044,0.5992107301335636
3,2.7869797636947617,0.5991444331411913
3,2.7875034164124797,0.5990782453327483
3,2.7880270691301976,0.5990121666818595
3,2.7885507218479155,0.5989461971230412
3,2.7890743745656335,0.5988803365871718
3,2.7895980272833514,0.5988145850560613
3,2.7901216800010693,0.5987489424533123
3,2.7906453327187872,0.5986834087316311
3,2.791168985436505,0.5986179838373573
3,2.791692638154223,0.5985526677068265
3,2.792216290871941,0.5984874603218486
3,2.792739943589659,0.5984223616196687
3,2.793263596307377,0.5983573715111561
3,2.793787249025095,0.598292489970845
3,2.7943109017428127,0.5982277169568988
3,2.7948345544605306,0.5981630524083812
3,2.7953582071782486,0.5980984962689035
3,2.7958818598959665,0.5980340484757107
3,2.7964055126136844,0.5979697090078844
3,2.7969291653314023,0.5979054778208592
3,2.7974528180491203,0.5978413548082244
3,2.797976470766838,0.5977773399526995
3,2.798500123484556,0.5977134332315472
3,2.799023776202274,0.5976496345410851
3,2.799547428919992,0.5975859438512998
3,2.80007108163771,0.5975223611130787
3,2.800594734355428,0.5974588862827659
3,2.8011183870731458,0.5973955193030633
3,2.8016420397908637,0.5973322601148539
3,2.8021656925085816,0.597269108697219
3,2.8026893452262995,0.5972060649610285
3,2.8032129979440175,0.5971431288726308
3,2.8037366506617354,0.5970803003938272
3,2.8042603033794533,0.5970175794536772
3,2.8047839560971712,0.5969549660267148
3,2.805307608814889,0.5968924600419996
3,2.805831261532607,0.5968300614631517
3,2.806354914250325,0.5967677702201399
3,2.806878566968043,0.5967055862693087
3,2.807402219685761,0.5966435095833731
3,2.807925872403479,0.5965815401141299
3,2.8084495251211967,0.5965196777833626
3,2.8089731778389146,0.5964579225419584
3,2.8094968305566326,0.5963962743835509
3,2.8100204832743505,0.5963347332162812
3,2.8105441359920684,0.5962732989873984
3,2.8110677887097864,0.5962119716868983
3,2.8115914414275043,0.5961507512474782
3,2.812115094145222,0.5960896376063829
3,2.81263874686294,0.5960286307226852
3,2.813162399580658,0.5959677305545483
3,2.813686052298376,0.5959069370792349
3,2.814209705016094,0.5958462501776012
3,2.814733357733812,0.595785669864199
3,2.8152570104515298,0.5957251960899157
3,2.8157806631692472,0.5956648287537973
3,2.816304315886965,0.5956045678722148
3,2.816827968604683,0.5955444133551282
3,2.817351621322401,0.5954843651479678
3,2.817875274040119,0.5954244232407291
3,2.818398926757837,0.595364587572476
3,2.818922579475555,0.5953048580886389
3,2.8194462321932727,0.5952452347264625
3,2.8199698849109907,0.595185717478671
3,2.8204935376287086,0.5951263062788712
3,2.8210171903464265,0.595067001058851
3,2.8215408430641444,0.5950078018149725
3,2.8220644957818624,0.5949487084490102
3,2.8225881484995803,0.5948897209427741
3,2.823111801217298,0.5948308392617037
3,2.823635453935016,0.5947720633275821
3,2.824159106652734,0.5947133931167627
3,2.824682759370452,0.5946548285910467
3,2.82520641208817,0.5945963696967738
3,2.825730064805888,0.5945380163630034
3,2.8262537175236058,0.5944797685606318
3,2.8267773702413237,0.5944216262332702
3,2.8273010229590416,0.5943635893709143
3,2.8278246756767595,0.5943056579271797
3,2.8283483283944775,0.5942478318011126
3,2.8288719811121954,0.5941901109717946
3,2.8293956338299133,0.594132495404665
3,2.8299192865476313,0.5940749850678912
3,2.830442939265349,0.5940175799032659
3,2.830966591983067,0.5939602798516717
3,2.831490244700785,0.593903084851263
3,2.832013897418503,0.5938459949120443
3,2.832537550136221,0.5937890099712604
3,2.833061202853939,0.5937321299325049
3,2.8335848555716567,0.5936753548221532
3,2.8341085082893747,0.5936186845492557
3,2.8346321610070926,0.5935621190883467
3,2.8351558137248105,0.5935056584221456
3,2.8356794664425284,0.5934493024360563
3,2.8362031191602464,0.5933930511328072
3,2.8367267718779643,0.5933369044805659
3,2.837250424595682,0.5932808623765595
3,2.8377740773134,0.593224924846254
3,2.838297730031118,0.5931690918141612
3,2.838821382748836,0.5931133632166166
3,2.839345035466554,0.5930577390681719
3,2.839868688184272,0.5930022192687829
3,2.8403923409019898,0.5929468037629704
3,2.8409159936197077,0.5928914925616482
3,2.8414396463374256,0.5928362856047897
3,2.8419632990551436,0.5927811828332779
3,2.8424869517728615,0.5927261842016378
3,2.8430106044905794,0.5926712896753088
3,2.8435342572082973,0.5926164992424674
3,2.8440579099260153,0.5925618128158021
3,2.844581562643733,0.5925072303389243
3,2.8451052153614507,0.5924527518391187
3,2.8456288680791686,0.592398377221798
3,2.8461525207968865,0.5923441064232975
3,2.8466761735146044,0.5922899394736305
3,2.8471998262323224,0.5922358762618387
3,2.8477234789500403,0.5921819167770082
3,2.8482471316677582,0.5921280609854875
3,2.848770784385476,0.5920743088254312
3,2.849294437103194,0.5920206602631879
3,2.849818089820912,0.5919671152496448
3,2.85034174253863,0.5919136737365989
3,2.850865395256348,0.5918603356985841
3,2.851389047974066,0.5918071010937638
3,2.8519127006917837,0.5917539698839391
3,2.8524363534095016,0.5917009420363684
3,2.8529600061272196,0.5916480174610115
3,2.8534836588449375,0.5915951961405881
3,2.8540073115626554,0.5915424780687317
3,2.8545309642803733,0.5914898631699543
3,2.8550546169980913,0.5914373513851388
3,2.855578269715809,0.591384942703371
3,2.856101922433527,0.5913326371146468
3,2.856625575151245,0.5912804345280165
3,2.857149227868963,0.5912283349007339
3,2.857672880586681,0.5911763382064237
3,2.858196533304399,0.59112444441962
3,2.8587201860221167,0.591072653507581
3,2.8592438387398347,0.5910209653484344
3,2.8597674914575526,0.5909693800031164
3,2.8602911441752705,0.5909178973997768
3,2.8608147968929885,0.5908665174456473
3,2.8613384496107064,0.5908152401561892
3,2.8618621023284243,0.5907640655059367
3,2.8623857550461422,0.5907129934203112
3,2.86290940776386,0.590662023855657
3,2.863433060481578,0.5906111568028791
3,2.863956713199296,0.5905603921828515
3,2.864480365917014,0.5905097299564659
3,2.865004018634732,0.5904591701182653
3,2.86552767135245,0.590408712637327
3,2.8660513240701677,0.5903583574745426
3,2.8665749767878856,0.5903081045171348
3,2.8670986295056036,0.5902579537423662
3,2.8676222822233215,0.5902079052211775
3,2.8681459349410394,0.5901579588362438
3,2.8686695876587573,0.590108114515715
3,2.8691932403764753,0.5900583722805095
3,2.869716893094193,0.5900087320487728
3,2.870240545811911,0.5899591937813966
3,2.870764198529629,0.5899097574920233
3,2.871287851247347,0.5898604231224454
3,2.871811503965065,0.5898111905862606
3,2.872335156682783,0.5897620598998401
3,2.8728588094005008,0.589713031017709
3,2.8733824621182187,0.5896641038661983
3,2.8739061148359366,0.5896152784443984
3,2.8744297675536545,0.5895665547013778
3,2.874953420271372,0.5895179325507343
3,2.87547707298909,0.5894694120370332
3,2.876000725706808,0.5894209931411751
3,2.876524378424526,0.5893726757276454
3,2.8770480311422437,0.5893244597991725
3,2.8775716838599616,0.5892763453248335
3,2.8780953365776796,0.5892283322746152
3,2.8786189892953975,0.5891804205875815
3,2.8791426420131154,0.5891326102328094
3,2.8796662947308334,0.5890849012184844
3,2.8801899474485513,0.5890372934418338
3,2.880713600166269,0.5889897869001288
3,2.881237252883987,0.5889423815497139
3,2.881760905601705,0.5888950773496617
3,2.882284558319423,0.5888478743190717
3,2.882808211037141,0.5888007723451665
3,2.883331863754859,0.5887537713851998
3,2.8838555164725768,0.588706871458271
3,2.8843791691902947,0.5886600724888922
3,2.8849028219080126,0.5886133744488689
3,2.8854264746257305,0.588566777343658
3,2.8859501273434485,0.588520281129604
3,2.8864737800611664,0.5884738857193952
3,2.8869974327788843,0.5884275910484575
3,2.8875210854966022,0.5883813971850032
3,2.88804473821432,0.5883353040417205
3,2.888568390932038,0.588289311562221
3,2.889092043649756,0.5882434197710609
3,2.889615696367474,0.5881976285882047
3,2.890139349085192,0.5881519379572637
3,2.89066300180291,0.5881063478336728
3,2.8911866545206277,0.5880608582929199
3,2.8917103072383457,0.588015469246784
3,2.8922339599560636,0.587970180566117
3,2.8927576126737815,0.5879249923391399
3,2.8932812653914994,0.5878799044503467
3,2.8938049181092174,0.587834916893371
3,2.8943285708269353,0.5877900296709413
3,2.894852223544653,0.5877452427048411
3,2.895375876262371,0.5877005559532336
3,2.895899528980089,0.5876559693833769
3,2.896423181697807,0.5876114830016377
3,2.896946834415525,0.5875670967361657
3,2.897470487133243,0.5875228105860515
3,2.8979941398509608,0.5874786244912684
3,2.8985177925686787,0.5874345383990658
3,2.8990414452863966,0.5873905522894347
3,2.8995650980041145,0.5873466661396378
3,2.9000887507218325,0.5873028799296662
3,2.9006124034395504,0.5872591936167737
3,2.9011360561572683,0.5872156071782229
3,2.9016597088749863,0.5871721205221547
3,2.902183361592704,0.587128733625832
3,2.902707014310422,0.5870854465347293
3,2.90323066702814,0.5870422591751776
3,2.903754319745858,0.5869991714789649
3,2.904277972463576,0.5869561834151682
3,2.9048016251812934,0.5869132950219864
3,2.9053252778990113,0.5868705062275694
3,2.905848930616729,0.5868278169473342
3,2.906372583334447,0.5867852271849188
3,2.906896236052165,0.5867427369175857
3,2.907419888769883,0.5867003461335116
3,2.907943541487601,0.5866580547344711
3,2.908467194205319,0.5866158627777622
3,2.9089908469230368,0.5865737701788021
3,2.9095144996407547,0.5865317768848399
3,2.9100381523584726,0.5864898828876903
3,2.9105618050761906,0.5864480881773488
3,2.9110854577939085,0.5864063926792369
3,2.9116091105116264,0.5863647963433323
3,2.9121327632293443,0.5863232992660414
3,2.9126564159470623,0.5862819012709224
3,2.91318006866478,0.586240602388898
3,2.913703721382498,0.5861994025672175
3,2.914227374100216,0.5861583017549492
3,2.914751026817934,0.5861173000184863
3,2.915274679535652,0.5860763972386849
3,2.91579833225337,0.5860355933955361
3,2.9163219849710877,0.5859948884408368
3,2.9168456376888057,0.5859542823909578
3,2.9173692904065236,0.5859137752231618
3,2.9178929431242415,0.5858733668637797
3,2.9184165958419594,0.5858330572636987
3,2.9189402485596774,0.5857928464656652
3,2.9194639012773953,0.5857527343559923
3,2.9199875539951132,0.5857127209865212
3,2.920511206712831,0.5856728062544789
3,2.921034859430549,0.5856329901325807
3,2.921558512148267,0.5855932726872197
3,2.922082164865985,0.5855536537865191
3,2.922605817583703,0.5855141334013751
3,2.923129470301421,0.5854747115681675
3,2.9236531230191387,0.5854353882750729
3,2.9241767757368566,0.5853961633074505
3,2.9247004284545746,0.5853570367726206
3,2.9252240811722925,0.5853180087597138
3,2.9257477338900104,0.58527907903499
3,2.9262713866077283,0.5852402476448333
3,2.9267950393254463,0.5852015146447229
3,2.927318692043164,0.5851628798100137
3,2.927842344760882,0.5851243431834519
3,2.9283659974786,0.5850859048487109
3,2.928889650196318,0.5850475647193889
3,2.929413302914036,0.585009322757287
3,2.929936955631754,0.5849711788951026
3,2.9304606083494718,0.5849331331364738
3,2.9309842610671897,0.5848951854222832
3,2.9315079137849076,0.5848573357625355
3,2.9320315665026255,0.5848195841781489
3,2.9325552192203435,0.5847819304526638
3,2.9330788719380614,0.5847443747152283
3,2.9336025246557793,0.5847069170476971
3,2.9341261773734972,0.584669557199959
3,2.9346498300912147,0.5846322951829279
3,2.9351734828089326,0.5845951310093369
3,2.9356971355266506,0.58455806458187
3,2.9362207882443685,0.5845210960424083
3,2.9367444409620864,0.5844842252345188
3,2.9372680936798043,0.5844474522018572
3,2.9377917463975223,0.5844107768352842
3,2.93831539911524,0.5843741990629496
3,2.938839051832958,0.58433771905311
3,2.939362704550676,0.5843013366293235
3,2.939886357268394,0.58426505170155
3,2.940410009986112,0.5842288643971187
3,2.94093366270383,0.584192774692383
3,2.9414573154215478,0.5841567823927107
3,2.9419809681392657,0.584120887604513
3,2.9425046208569836,0.5840850903286992
3,2.9430282735747015,0.5840493903251627
3,2.9435519262924195,0.5840137878467431
3,2.9440755790101374,0.583978282787939
3,2.9445992317278553,0.5839428749786748
3,2.9451228844455732,0.5839075644444165
3,2.945646537163291,0.5838723512169963
3,2.946170189881009,0.5838372353000523
3,2.946693842598727,0.5838022166235532
3,2.947217495316445,0.5837672951574859
3,2.947741148034163,0.583732470785435
3,2.948264800751881,0.5836977436483721
3,2.9487884534695987,0.5836631137062795
3,2.9493121061873167,0.5836285807672539
3,2.9498357589050346,0.5835941447985533
3,2.9503594116227525,0.5835598060630218
3,2.9508830643404704,0.5835255643514756
3,2.9514067170581884,0.5834914195656893
3,2.9519303697759063,0.5834573717802414
3,2.952454022493624,0.5834234208623457
3,2.952977675211342,0.5833895669129561
3,2.95350132792906,0.5833558098993308
3,2.954024980646778,0.5833221497450722
3,2.954548633364496,0.5832885864620039
3,2.955072286082214,0.5832551198536748
3,2.9555959387999318,0.5832217501283594
3,2.9561195915176497,0.5831884772869671
3,2.9566432442353676,0.5831553009629715
3,2.9571668969530855,0.5831222214628724
3,2.9576905496708035,0.5830892387130007
3,2.9582142023885214,0.5830563524696117
3,2.9587378551062393,0.5830235630592142
3,2.9592615078239572,0.5829908702098692
3,2.959785160541675,0.5829582738479075
3,2.960308813259393,0.5829257742643676
3,2.960832465977111,0.5828933710490674
3,2.961356118694829,0.5828610643275169
3,2.961879771412547,0.582828854091531
3,2.962403424130265,0.5827967403247385
3,2.9629270768479827,0.5827647231280935
3,2.9634507295657007,0.5827328023824521
3,2.9639743822834186,0.582700977975037
3,2.964498035001136,0.582669249745777
3,2.965021687718854,0.5826376181521482
3,2.965545340436572,0.5826060828021582
3,2.96606899315429,0.5825746435166366
3,2.9665926458720078,0.5825433007985339
3,2.9671162985897257,0.5825120542740478
3,2.9676399513074436,0.5824809037721934
3,2.9681636040251616,0.582449849652221
3,2.9686872567428795,0.582418891854104
3,2.9692109094605974,0.5823880299276425
3,2.9697345621783153,0.5823572642302679
3,2.9702582148960333,0.5823265947719847
3,2.970781867613751,0.5822960213190527
3,2.971305520331469,0.582265543941503
3,2.971829173049187,0.5822351624647126
3,2.972352825766905,0.582204877086042
3,2.972876478484623,0.5821746877581973
3,2.973400131202341,0.5821445944520747
3,2.9739237839200587,0.5821145970376165
3,2.9744474366377767,0.5820846954575245
3,2.9749710893554946,0.5820548898791458
3,2.9754947420732125,0.5820251801542327
3,2.9760183947909304,0.5819955663482688
3,2.9765420475086484,0.5819660483057305
3,2.9770657002263663,0.5819366261675896
3,2.9775893529440842,0.5819072996855539
3,2.978113005661802,0.5818780689824052
3,2.97863665837952,0.581848934259142
3,2.979160311097238,0.5818198950319129
3,2.979683963814956,0.5817909514980784
3,2.980207616532674,0.5817621037094796
3,2.980731269250392,0.5817333517361476
3,2.9812549219681097,0.5817046952406599
3,2.9817785746858276,0.5816761342912287
3,2.9823022274035456,0.5816476691206844
3,2.9828258801212635,0.58161929934613
3,2.9833495328389814,0.5815910252204048
3,2.9838731855566993,0.5815628466261842
3,2.9843968382744173,0.5815347635125363
3,2.984920490992135,0.5815067759831436
3,2.985444143709853,0.5814788837806191
3,2.985967796427571,0.5814510869331571
3,2.986491449145289,0.5814233857399813
3,2.987015101863007,0.5813957801328797
3,2.987538754580725,0.5813682695288662
3,2.9880624072984427,0.5813408542135221
3,2.9885860600161607,0.5813135346625131
3,2.9891097127338786,0.5812863101828043
3,2.9896333654515965,0.5812591808662546
3,2.9901570181693145,0.5812321472012627
3,2.9906806708870324,0.581205208596657
3,2.9912043236047503,0.5811783649951394
3,2.9917279763224682,0.5811516170051618
3,2.992251629040186,0.5811249642138137
3,2.992775281757904,0.58109840627003
3,2.993298934475622,0.58107194355307
3,2.99382258719334,0.5810455760720288
3,2.9943462399110574,0.5810193038278157
3,2.9948698926287753,0.5809931265830528
3,2.9953935453464933,0.5809670444359654
3,2.995917198064211,0.5809410573720015
3,2.996440850781929,0.5809151652947548
3,2.996964503499647,0.5808893681387417
3,2.997488156217365,0.5808636660613047
3,2.998011808935083,0.580838059198868
3,2.998535461652801,0.5808125470039158
3,2.9990591143705188,0.580787129511009
3,2.9995827670882367,0.5807618075814389
3,3.0001064198059546,0.5807365803630091
3,3.0006300725236725,0.580711447790236
3,3.0011537252413905,0.5806864101559768
3,3.0016773779591084,0.580661467369282
3,3.0022010306768263,0.5806366197448369
3,3.0027246833945442,0.5806118667105693
3,3.003248336112262,0.5805872082710266
3,3.00377198882998,0.5805626446835959
3,3.004295641547698,0.5805381758591466
3,3.004819294265416,0.5805138019513834
3,3.005342946983134,0.5804895228820897
3,3.005866599700852,0.5804653379636875
3,3.0063902524185697,0.5804412479837993
3,3.0069139051362876,0.5804172530815777
3,3.0074375578540056,0.5803933523047817
3,3.0079612105717235,0.5803695461272582
3,3.0084848632894414,0.5803458349028006
3,3.0090085160071594,0.5803222180811645
3,3.0095321687248773,0.5802986957023677
3,3.010055821442595,0.5802752683575818
3,3.010579474160313,0.5802519353464959
3,3.011103126878031,0.5802286965090389
3,3.011626779595749,0.580205552649204
3,3.012150432313467,0.5801825028884195
3,3.012674085031185,0.5801595479397292
3,3.0131977377489028,0.5801366871446589
3,3.0137213904666207,0.5801139207123924
3,3.0142450431843386,0.5800912493250507
3,3.0147686959020565,0.5800686717102508
3,3.0152923486197745,0.5800461886919948
3,3.0158160013374924,0.580023799866467
3,3.0163396540552103,0.5800015056838674
3,3.0168633067729282,0.5799793058249634
3,3.017386959490646,0.5799571997958992
3,3.017910612208364,0.5799351886471413
3,3.018434264926082,0.579913271823898
3,3.0189579176438,0.5798914490478637
3,3.019481570361518,0.5798697203117626
3,3.020005223079236,0.5798480857993127
3,3.0205288757969537,0.5798265456651279
3,3.0210525285146717,0.5798050998428153
3,3.0215761812323896,0.5797837482159593
3,3.0220998339501075,0.579762490815483
3,3.0226234866678254,0.5797413273021448
3,3.0231471393855434,0.579720257866029
3,3.0236707921032613,0.5796992828636576
3,3.0241944448209788,0.5796784019448751
3,3.0247180975386967,0.5796576148113672
3,3.0252417502564146,0.5796369218978725
3,3.0257654029741325,0.5796163233453626
3,3.0262890556918505,0.5795958185881318
3,3.0268127084095684,0.5795754075661534
3,3.0273363611272863,0.5795550909315352
3,3.0278600138450043,0.5795348689480306
3,3.028383666562722,0.5795147398794143
3,3.02890731928044,0.5794947045824301
3,3.029430971998158,0.5794747641602953
3,3.029954624715876,0.5794549172924235
3,3.030478277433594,0.579435164514507
3,3.031001930151312,0.5794155051971757
3,3.0315255828690297,0.5793959401262327
3,3.0320492355867477,0.5793764689160525
3,3.0325728883044656,0.5793570912010182
3,3.0330965410221835,0.5793378077250964
3,3.0336201937399014,0.5793186181608689
3,3.0341438464576194,0.5792995226438507
3,3.0346674991753373,0.5792805205692275
3,3.035191151893055,0.579261611689617
3,3.035714804610773,0.5792427972801306
3,3.036238457328491,0.5792240769360433
3,3.036762110046209,0.5792054497251229
3,3.037285762763927,0.5791869163786032
3,3.037809415481645,0.5791684769601488
3,3.0383330681993628,0.5791501313306071
3,3.0388567209170807,0.5791318785550175
3,3.0393803736347986,0.5791137204951156
3,3.0399040263525166,0.5790956559058031
3,3.0404276790702345,0.5790776846288281
3,3.0409513317879524,0.5790598069470434
3,3.0414749845056703,0.5790420231387543
3,3.0419986372233883,0.5790243331348393
3,3.042522289941106,0.5790067360076137
3,3.043045942658824,0.5789892333505122
3,3.043569595376542,0.5789718241712762
3,3.04409324809426,0.5789545083543999
3,3.044616900811978,0.5789372853305395
3,3.045140553529696,0.5789201566549309
3,3.0456642062474137,0.5789031219101162
3,3.0461878589651317,0.5788861796299898
3,3.0467115116828496,0.5788693317299476
3,3.0472351644005675,0.5788525761918208
3,3.0477588171182854,0.578835914654519
3,3.0482824698360034,0.5788193474627406
3,3.0488061225537213,0.5788028732067687
3,3.0493297752714392,0.5787864921603614
3,3.049853427989157,0.5787702039096985
3,3.050377080706875,0.5787540097053352
3,3.050900733424593,0.5787379090215836
3,3.051424386142311,0.5787219016774543
3,3.051948038860029,0.5787059882550238
3,3.052471691577747,0.5786901677311107
3,3.0529953442954647,0.5786744398592418
3,3.0535189970131826,0.5786588058290363
3,3.0540426497309,0.5786432660015635
3,3.054566302448618,0.5786278181394664
3,3.055089955166336,0.5786124635324086
3,3.055613607884054,0.5785972038720502
3,3.056137260601772,0.5785820360961225
3,3.0566609133194897,0.5785669615097504
3,3.0571845660372077,0.5785519809323887
3,3.0577082187549256,0.5785370930152567
3,3.0582318714726435,0.5785222994772994
3,3.0587555241903615,0.5785075975809377
3,3.0592791769080794,0.5784929878218463
3,3.0598028296257973,0.5784784756597219
3,3.0603264823435152,0.5784640544870854
3,3.060850135061233,0.5784497241365898
3,3.061373787778951,0.578435488840114
3,3.061897440496669,0.5784213481101688
3,3.062421093214387,0.5784072993637892
3,3.062944745932105,0.578393341960691
3,3.063468398649823,0.5783794797480368
3,3.0639920513675407,0.5783657105366729
3,3.0645157040852586,0.578352033828196
3,3.0650393568029766,0.5783384503993148
3,3.0655630095206945,0.5783249601727221
3,3.0660866622384124,0.5783115641552286
3,3.0666103149561303,0.578298261103555
3,3.0671339676738483,0.5782850487921678
3,3.067657620391566,0.5782719297476433
3,3.068181273109284,0.5782589048685622
3,3.068704925827002,0.5782459728516187
3,3.06922857854472,0.5782331355039787
3,3.069752231262438,0.5782203889284574
3,3.070275883980156,0.5782077353778732
3,3.0707995366978738,0.5781951748185747
3,3.0713231894155917,0.5781827081600568
3,3.0718468421333096,0.5781703362481494
3,3.0723704948510275,0.5781580549182763
3,3.0728941475687455,0.5781458660958378
3,3.0734178002864634,0.5781337697126219
3,3.0739414530041813,0.5781217682088027
3,3.0744651057218992,0.5781098606385058
3,3.074988758439617,0.5780980437330072
3,3.075512411157335,0.5780863197032886
3,3.076036063875053,0.57807468871124
3,3.076559716592771,0.5780631504130724
3,3.077083369310489,0.5780517061912178
3,3.077607022028207,0.5780403554881559
3,3.0781306747459247,0.5780290979646452
3,3.0786543274636426,0.5780179304501871
3,3.0791779801813606,0.5780068569538344
3,3.0797016328990785,0.5779958771026941
3,3.0802252856167964,0.5779849869977625
3,3.0807489383345144,0.5779741942533292
3,3.0812725910522323,0.5779634929631356
3,3.08179624376995,0.577952881982128
3,3.082319896487668,0.5779423669100652
3,3.082843549205386,0.577931943312251
3,3.0833672019231035,0.577921610908561
3,3.0838908546408215,0.5779113733278791
3,3.0844145073585394,0.577901228479277
3,3.0849381600762573,0.5778911752076965
3,3.0854618127939752,0.5778812177750297
3,3.085985465511693,0.5778713524950945
3,3.086509118229411,0.5778615727131182
3,3.087032770947129,0.5778518921706564
3,3.087556423664847,0.5778423101519365
3,3.088080076382565,0.5778328105752735
3,3.088603729100283,0.5778234038825758
3,3.0891273818180007,0.5778140953152615
3,3.0896510345357187,0.5778048724923792
3,3.0901746872534366,0.5777957493455688
3,3.0906983399711545,0.5777867212273122
3,3.0912219926888724,0.5777777793464338
3,3.0917456454065904,0.5777689346205079
3,3.0922692981243083,0.5777601795534792
3,3.092792950842026,0.5777515167092133
3,3.093316603559744,0.5777429478666818
3,3.093840256277462,0.5777344663811164
3,3.09436390899518,0.5777260841423413
3,3.094887561712898,0.5777177946720258
3,3.095411214430616,0.5777095914363599
3,3.0959348671483338,0.5777014874802262
3,3.0964585198660517,0.5776934781297314
3,3.0969821725837696,0.5776855577460083
3,3.0975058253014875,0.5776777254277476
3,3.0980294780192055,0.5776699962307248
3,3.0985531307369234,0.5776623564197507
3,3.0990767834546413,0.5776547951845714
3,3.0996004361723593,0.5776473290452486
3,3.100124088890077,0.5776399652959299
3,3.100647741607795,0.57763270893156
3,3.101171394325513,0.5776255296441377
3,3.101695047043231,0.5776184296883002
3,3.102218699760949,0.5776114342788787
3,3.102742352478667,0.5776045361799333
3,3.1032660051963847,0.5775977311623137
3,3.1037896579141027,0.5775910119009495
3,3.1043133106318206,0.5775843924202491
3,3.1048369633495385,0.5775778481865927
3,3.1053606160672564,0.5775713960492794
3,3.1058842687849744,0.5775650609275544
3,3.1064079215026923,0.5775588128117306
3,3.10693157422041,0.5775526439483656
3,3.107455226938128,0.5775465788929068
3,3.107978879655846,0.5775406016491615
3,3.108502532373564,0.577534716631817
3,3.109026185091282,0.5775289264111052
3,3.109549837809,0.5775232238638637
3,3.1100734905267178,0.577517599026578
3,3.1105971432444357,0.5775121018150458
3,3.1111207959621536,0.5775066771766433
3,3.1116444486798716,0.5775013428938109
3,3.1121681013975895,0.5774961365541458
3,3.1126917541153074,0.577490945691352
3,3.113215406833025,0.5774858947770554
3,3.113739059550743,0.5774809429094603
3,3.1142627122684607,0.577476077326537
3,3.1147863649861787,0.5774713158098166
3,3.1153100177038966,0.5774666207653354
3,3.1158336704216145,0.5774620557785966
3,3.1163573231393324,0.5774575447167081
3,3.1168809758570504,0.5774531648894481
3,3.1174046285747683,0.5774488338456649
3,3.1179282812924862,0.5774445544502669
3,3.118451934010204,0.5774404258399954
3,3.118975586727922,0.5774364301450987
3,3.11949923944564,0.5774325499496626
3,3.120022892163358,0.5774286603500514
3,3.120546544881076,0.5774248532006823
3,3.121070197598794,0.5774212243295551
3,3.1215938503165117,0.5774176892673495
3,3.1221175030342296,0.5774141023066477
3,3.1226411557519476,0.5774107144970912
3,3.1231648084696655,0.5774075104618532
3,3.1236884611873834,0.5774042621824265
3,3.1242121139051013,0.57740120224571
3,3.1247357666228193,0.5773980889180166
3,3.125259419340537,0.5773951665159984
3,3.125783072058255,0.5773923315473439
3,3.126306724775973,0.5773895785869172
3,3.126830377493691,0.5773870530556451
3,3.127354030211409,0.5773843747283536
3,3.127877682929127,0.5773820629665352
3,3.1284013356468447,0.5773797934798495
3,3.1289249883645627,0.5773770588129992
3,3.1294486410822806,0.577374888284794
3,3.1299722937999985,0.5773733077667202
3,3.1304959465177165,0.5773713387679891
3,3.1310195992354344,0.577368895449581
3,3.1315432519531523,0.5773672831010117
3,3.1320669046708702,0.5773654744998566
3,3.132590557388588,0.5773638257724087
3,3.133114210106306,0.5773626464442714
3,3.133637862824024,0.5773607454048033
3,3.134161515541742,0.5773592466539412
3,3.13468516825946,0.5773581175362779
3,3.135208820977178,0.5773565945446535
3,3.1357324736948957,0.5773563580660266
3,3.1362561264126136,0.5773568592157972
3,3.1367797791303316,0.5773557181846627
3,3.1373034318480495,0.5773632858226847
3,3.1378270845657674,0.5773640359184355
3,3.1383507372834853,0.5773458970834326
3,3.1388743900012033,0.5773256139000296
3,3.139398042718921,0.5773732820653095
3,3.139921695436639,0.5772518710282384
3,3.140445348154357,0.5772353890151862
3,3.140969000872075,0.43423758403150714
3,3.141492653589793,0.29107739463457644
4,0.0001,2.2630336335551533
4,0.0006236527177179184,2.2630340479145463
4,0.0011473054354358368,2.2630352245530165
4,0.0016709581531537553,2.2630370970326608
4,0.0021946108708716734,2.2630396653579288
4,0.002718263588589592,2.26304292953491
4,0.0032419163063075102,2.2630468895713447
4,0.0037655690240254286,2.2630515454766167
4,0.0042892217417433475,2.26305689726178
4,0.004812874459461266,2.263062944939543
4,0.005336527177179184,2.263069688524215
4,0.005860179894897103,2.2630771280318154
4,0.006383832612615021,2.2630852634799936
4,0.0069074853303329395,2.2630940948880305
4,0.007431138048050858,2.263103622276903
4,0.007954790765768775,2.2631138456692135
4,0.008478443483486694,2.2631247650891844
4,0.009002096201204613,2.2631363805627274
4,0.00952574891892253,2.2631486921174364
4,0.010049401636640448,2.2631616997825326
4,0.010573054354358367,2.2631754035888427
4,0.011096707072076287,2.263189803568924
4,0.011620359789794204,2.2632048997569036
4,0.012144012507512122,2.263220692188643
4,0.012667665225230041,2.263237180901676
4,0.01319131794294796,2.26325436593509
4,0.013714970660665878,2.2632722473296774
4,0.014238623378383795,2.263290825127889
4,0.014762276096101715,2.2633100993738964
4,0.015285928813819634,2.2633300701134296
4,0.01580958153153755,2.2633507373938997
4,0.01633323424925547,2.2633721012644017
4,0.016856886966973388,2.2633941617757145
4,0.017380539684691308,2.2634169189802336
4,0.017904192402409227,2.2634403729319956
4,0.018427845120127143,2.263464523686743
4,0.018951497837845062,2.263489371301901
4,0.01947515055556298,2.263514915836481
4,0.019998803273280897,2.2635411573512414
4,0.020522455990998816,2.2635680959085036
4,0.021046108708716735,2.263595731572323
4,0.021569761426434655,2.2636240644084964
4,0.022093414144152574,2.263653094484347
4,0.02261706686187049,2.263682821868919
4,0.02314071957958841,2.263713246632854
4,0.02366437229730633,2.2637443688486414
4,0.024188025015024244,2.2637761885903203
4,0.024711677732742163,2.263808705933606
4,0.025235330450460083,2.263841920955848
4,0.025758983168178002,2.263875833736094
4,0.02628263588589592,2.2639104443552327
4,0.026806288603613837,2.263945752895573
4,0.027329941321331756,2.2639817594411795
4,0.027853594039049676,2.2640184640778926
4,0.02837724675676759,2.2640558668931234
4,0.02890089947448551,2.2640939679759526
4,0.02942455219220343,2.264132767417294
4,0.02994820490992135,2.2641722653095897
4,0.03047185762763927,2.2642124617469648
4,0.030995510345357184,2.2642533568252645
4,0.031519163063075104,2.264294950642096
4,0.03204281578079302,2.2643372432966373
4,0.03256646849851094,2.2643802348897566
4,0.03309012121622886,2.2644239255241274
4,0.03361377393394678,2.264468315304015
4,0.0341374266516647,2.264513404335318
4,0.03466107936938262,2.264559192725798
4,0.03518473208710054,2.264605680584822
4,0.03570838480481846,2.2646528680233473
4,0.03623203752253637,2.264700755154138
4,0.03675569024025429,2.2647493420917613
4,0.03727934295797221,2.2647986289522493
4,0.03780299567569013,2.264848615853424
4,0.03832664839340805,2.2648993029149125
4,0.038850301111125966,2.264950690257976
4,0.039373953828843886,2.2650027780054387
4,0.0398976065465618,2.2650555662820437
4,0.04042125926427972,2.265109055214239
4,0.040944911981997636,2.265163244929994
4,0.041468564699715556,2.265218135559067
4,0.041992217417433475,2.2652737272329944
4,0.042515870135151394,2.2653300200850452
4,0.043039522852869314,2.2653870142500665
4,0.04356317557058723,2.265444709864653
4,0.04408682828830515,2.2655031070672607
4,0.044610481006023064,2.2655622059979805
4,0.045134133723740984,2.265622006798509
4,0.0456577864414589,2.2656825096124606
4,0.04618143915917682,2.265743714585085
4,0.04670509187689474,2.2658056218631515
4,0.04722874459461266,2.2658682315955616
4,0.04775239731233058,2.265931543932794
4,0.04827605003004849,2.2659955590270044
4,0.04879970274776641,2.2660602770319116
4,0.04932335546548433,2.2661256981032523
4,0.04984700818320225,2.266191822398369
4,0.05037066090092017,2.266258650076466
4,0.05089431361863809,2.2663261812982967
4,0.05141796633635601,2.2663944162264755
4,0.05194161905407393,2.266463355025394
4,0.05246527177179185,2.2665329978611624
4,0.05298892448950976,2.2666033449015117
4,0.05351257720722768,2.2666743963159064
4,0.0540362299249456,2.266746152276127
4,0.05455988264266352,2.266818612954893
4,0.055083535360381436,2.2668917785270963
4,0.055607188078099355,2.266965649169478
4,0.056130840795817274,2.2670402250603274
4,0.05665449351353519,2.2671155063797386
4,0.057178146231253106,2.267191493309781
4,0.057701798948971025,2.267268186034073
4,0.058225451666688945,2.2673455847379245
4,0.058749104384406864,2.267423689608549
4,0.05927275710212478,2.2675025008351355
4,0.0597964098198427,2.267582018608323
4,0.06032006253756062,2.267662243120583
4,0.06084371525527854,2.267743174566391
4,0.06136736797299645,2.2678248131416865
4,0.06189102069071437,2.267907159044455
4,0.06241467340843229,2.267990212474615
4,0.0629383261261502,2.2680739736331645
4,0.06346197884386813,2.2681584427236317
4,0.06398563156158604,2.2682436199511073
4,0.06450928427930397,2.2683295055223027
4,0.06503293699702188,2.268416099646174
4,0.06555658971473981,2.2685034025328434
4,0.06608024243245772,2.2685914143948196
4,0.06660389515017565,2.268680135445976
4,0.06712754786789356,2.2687695659020903
4,0.06765120058561147,2.2688597059813276
4,0.0681748533033294,2.2689505559029044
4,0.06869850602104731,2.2690421158880554
4,0.06922215873876524,2.2691343861603457
4,0.06974581145648315,2.2692273669444205
4,0.07026946417420107,2.2693210584668293
4,0.07079311689191899,2.2694154609567647
4,0.07131676960963691,2.2695105746443858
4,0.07184042232735482,2.2696063997619262
4,0.07236407504507274,2.2697029365436094
4,0.07288772776279066,2.269800185225506
4,0.07341138048050858,2.2698981460452785
4,0.0739350331982265,2.269996819242607
4,0.07445868591594441,2.2700962050591897
4,0.07498233863366234,2.2701963037381745
4,0.07550599135138025,2.2702971155248974
4,0.07602964406909817,2.2703986406660874
4,0.07655329678681609,2.270500879411088
4,0.077076949504534,2.2706038320106643
4,0.07760060222225193,2.2707074987170017
4,0.07812425493996984,2.2708118797851853
4,0.07864790765768777,2.2709169754714367
4,0.07917156037540568,2.271022786033967
4,0.07969521309312359,2.2711293117328637
4,0.08021886581084152,2.271236552829947
4,0.08074251852855943,2.2713445095895963
4,0.08126617124627736,2.271453182277554
4,0.08178982396399527,2.271562571161212
4,0.0823134766817132,2.271672676510235
4,0.08283712939943111,2.2717834985961076
4,0.08336078211714903,2.2718950376922464
4,0.08388443483486695,2.2720072940736884
4,0.08440808755258486,2.272120268018085
4,0.08493174027030279,2.272233959804339
4,0.0854553929880207,2.272348369713228
4,0.08597904570573862,2.2724634980276903
4,0.08650269842345654,2.272579345032625
4,0.08702635114117446,2.272695911014921
4,0.08755000385889238,2.272813196263172
4,0.0880736565766103,2.272931201068019
4,0.08859730929432821,2.273049925721665
4,0.08912096201204613,2.273169370518957
4,0.08964461472976405,2.273289535756277
4,0.09016826744748196,2.2734104217318816
4,0.09069192016519989,2.273532028746075
4,0.0912155728829178,2.2736543571009804
4,0.09173922560063573,2.27377740710088
4,0.09226287831835364,2.273901179051961
4,0.09278653103607155,2.2740256732624573
4,0.09331018375378948,2.2741508900421934
4,0.09383383647150739,2.2742768297034957
4,0.09435748918922532,2.2744034925600545
4,0.09488114190694323,2.274530878927834
4,0.09540479462466116,2.2746589891250153
4,0.09592844734237907,2.27478782347157
4,0.09645210006009698,2.274917382289374
4,0.09697575277781491,2.2750476659021786
4,0.09749940549553282,2.2751786746359812
4,0.09802305821325075,2.2753104088187968
4,0.09854671093096866,2.2754428687802033
4,0.09907036364868659,2.2755760548523085
4,0.0995940163664045,2.27570996736938
4,0.10011766908412242,2.2758446066665385
4,0.10064132180184034,2.2759799730823147
4,0.10116497451955825,2.2761160669567175
4,0.10168862723727617,2.2762528886310918
4,0.10221227995499409,2.2763904384499654
4,0.10273593267271201,2.276528716759458
4,0.10325958539042993,2.276667723907366
4,0.10378323810814785,2.2768074602436172
4,0.10430689082586576,2.276947926120613
4,0.10483054354358369,2.2770891218925726
4,0.1053541962613016,2.277231047915649
4,0.10587784897901951,2.2773737045481255
4,0.10640150169673744,2.2775170921504184
4,0.10692515441445535,2.2776612110847907
4,0.10744880713217328,2.2778060617156655
4,0.10797245984989119,2.2779516444099954
4,0.10849611256760912,2.278097959536126
4,0.10901976528532703,2.2782450074646476
4,0.10954341800304494,2.278392788568368
4,0.11006707072076287,2.278541303222312
4,0.11059072343848078,2.278690551803578
4,0.11111437615619871,2.278840534690829
4,0.11163802887391662,2.2789912522653992
4,0.11216168159163455,2.279142704910612
4,0.11268533430935246,2.2792948930117234
4,0.11320898702707037,2.2794478169559795
4,0.1137326397447883,2.2796014771335535
4,0.11425629246250621,2.2797558739360113
4,0.11477994518022414,2.2799110077567377
4,0.11530359789794205,2.280066878992187
4,0.11582725061565997,2.280223488040292
4,0.11635090333337789,2.280380835301031
4,0.11687455605109581,2.280538921177225
4,0.11739820876881372,2.28069774607323
4,0.11792186148653164,2.280857310395561
4,0.11844551420424956,2.2810176145533205
4,0.11896916692196748,2.2811786589575718
4,0.1194928196396854,2.281340444021282
4,0.12001647235740331,2.281502970159636
4,0.12054012507512124,2.2816662377906596
4,0.12106377779283915,2.281830247333744
4,0.12158743051055708,2.281994999210383
4,0.12211108322827499,2.2821604938450832
4,0.1226347359459929,2.282326731664398
4,0.12315838866371083,2.2824937130963576
4,0.12368204138142874,2.2826614385716653
4,0.12420569409914667,2.2828299085231833
4,0.12472934681686458,2.2829991233858777
4,0.1252529995345825,2.283169083597329
4,0.1257766522523004,2.2833397895971075
4,0.12630030497001832,2.2835112418268295
4,0.12682395768773624,2.2836834407302717
4,0.12734761040545417,2.2838563867538824
4,0.12787126312317207,2.284030080346213
4,0.12839491584089,2.2842045219576335
4,0.12891856855860792,2.2843797120414138
4,0.12944222127632585,2.2845556510525284
4,0.12996587399404375,2.2847323394486807
4,0.13048952671176167,2.2849097776893927
4,0.1310131794294796,2.285087966236631
4,0.1315368321471975,2.2852669055554315
4,0.13206048486491542,2.2854465961113988
4,0.13258413758263335,2.285627038373775
4,0.13310779030035128,2.2858082328135083
4,0.13363144301806917,2.2859901799046725
4,0.1341550957357871,2.2861728801224785
4,0.13467874845350503,2.286356333944866
4,0.13520240117122292,2.2865405418526734
4,0.13572605388894085,2.286725504327933
4,0.13624970660665878,2.2869112218564283
4,0.1367733593243767,2.287097694925194
4,0.1372970120420946,2.287284924023652
4,0.13782066475981253,2.287472909643782
4,0.13834431747753045,2.2876616522801783
4,0.13886797019524835,2.2878511524297096
4,0.13939162291296628,2.288041410591177
4,0.1399152756306842,2.2882324272660526
4,0.14043892834840213,2.2884242029580264
4,0.14096258106612003,2.2886167381730615
4,0.14148623378383796,2.288810033420191
4,0.14200988650155588,2.2890040892100956
4,0.1425335392192738,2.2891989060557307
4,0.1430571919369917,2.2893944844736893
4,0.14358084465470963,2.2895908249809622
4,0.14410449737242756,2.2897879280984057
4,0.14462815009014546,2.289985794349491
4,0.14515180280786338,2.2901844242587686
4,0.1456754555255813,2.2903838183542007
4,0.14619910824329924,2.290583977165909
4,0.14672276096101713,2.2907849012268002
4,0.14724641367873506,2.290986591071885
4,0.147770066396453,2.2911890472378786
4,0.14829371911417089,2.291392270265817
4,0.1488173718318888,2.2915962606970766
4,0.14934102454960674,2.291801019076786
4,0.14986467726732466,2.292006545952688
4,0.15038832998504256,2.292212841873834
4,0.1509119827027605,2.2924199073930254
4,0.15143563542047841,2.2926277430649407
4,0.1519592881381963,2.292836349446361
4,0.15248294085591424,2.2930457270971942
4,0.15300659357363217,2.2932558765800195
4,0.1535302462913501,2.293466798459235
4,0.154053899009068,2.2936784933017975
4,0.15457755172678592,2.293890961677903
4,0.15510120444450384,2.294104204159737
4,0.15562485716222174,2.294318221321646
4,0.15614850987993967,2.294533013741386
4,0.1566721625976576,2.294748581998988
4,0.15719581531537552,2.294964926676755
4,0.15771946803309342,2.2951820483593792
4,0.15824312075081134,2.295399947634337
4,0.15876677346852927,2.295618625092402
4,0.15929042618624717,2.295838081325712
4,0.1598140789039651,2.296058316929077
4,0.16033773162168302,2.2962793325011717
4,0.16086138433940095,2.296501128642319
4,0.16138503705711885,2.296723705955287
4,0.16190868977483677,2.2969470650457993
4,0.1624323424925547,2.297171206522137
4,0.16295599521027263,2.297396130994855
4,0.16347964792799052,2.2976218390775784
4,0.16400330064570845,2.2978483313866036
4,0.16452695336342638,2.298075608540387
4,0.16505060608114427,2.2983036711607383
4,0.1655742587988622,2.298532519871628
4,0.16609791151658013,2.2987621552988458
4,0.16662156423429805,2.2989925780724434
4,0.16714521695201595,2.299223788824918
4,0.16766886966973388,2.2994557881900164
4,0.1681925223874518,2.299688576805238
4,0.1687161751051697,2.2999221553114353
4,0.16923982782288763,2.3001565243503705
4,0.16976348054060555,2.3003916845682397
4,0.17028713325832348,2.300627636612603
4,0.17081078597604138,2.3008643811339766
4,0.1713344386937593,2.301101918787481
4,0.17185809141147723,2.3013402502276676
4,0.17238174412919513,2.301579376114603
4,0.17290539684691306,2.3018192971097733
4,0.17342904956463098,2.3020600138772807
4,0.1739527022823489,2.3023015270849783
4,0.1744763550000668,2.302543837402652
4,0.17500000771778473,2.302786945503044
4,0.17552366043550266,2.303030852061795
4,0.17604731315322059,2.3032755577571606
4,0.17657096587093848,2.3035210632702956
4,0.1770946185886564,2.30376736928514
4,0.17761827130637434,2.3040144764881916
4,0.17814192402409224,2.3042623855691318
4,0.17866557674181016,2.3045110972205407
4,0.1791892294595281,2.304760612136988
4,0.17971288217724601,2.3050109310166818
4,0.1802365348949639,2.3052620545606715
4,0.18076018761268184,2.305513983472224
4,0.18128384033039976,2.305766718458301
4,0.18180749304811766,2.3060202602278537
4,0.1823311457658356,2.306274609493073
4,0.18285479848355352,2.306529766969277
4,0.18337845120127144,2.306785733373829
4,0.18390210391898934,2.307042509428584
4,0.18442575663670727,2.30730009585659
4,0.1849494093544252,2.3075584933841924
4,0.1854730620721431,2.3078177027419997
4,0.18599671478986102,2.3080777246610182
4,0.18652036750757894,2.308338559876745
4,0.18704402022529687,2.3086002091288833
4,0.18756767294301477,2.308862673157762
4,0.1880913256607327,2.309125952706836
4,0.18861497837845062,2.309390048524108
4,0.18913863109616852,2.3096549613596835
4,0.18966228381388645,2.3099206919659423
4,0.19018593653160437,2.310187241098731
4,0.1907095892493223,2.310454609517592
4,0.1912332419670402,2.3107227979845675
4,0.19175689468475812,2.310991807264145
4,0.19228054740247605,2.311261638124165
4,0.19280420012019395,2.3115322913355953
4,0.19332785283791187,2.311803767672302
4,0.1938515055556298,2.3120760679113346
4,0.19437515827334773,2.3123491928330395
4,0.19489881099106562,2.3126231432202644
4,0.19542246370878355,2.312897919858756
4,0.19594611642650148,2.313173523537671
4,0.1964697691442194,2.3134499550488385
4,0.1969934218619373,2.3137272151885213
4,0.19751707457965523,2.3140053047541187
4,0.19804072729737315,2.314284224547009
4,0.19856438001509105,2.314563975371982
4,0.19908803273280898,2.3148445580363273
4,0.1996116854505269,2.315125973351144
4,0.20013533816824483,2.315408222129804
4,0.20065899088596273,2.3156913051892616
4,0.20118264360368066,2.315975223349767
4,0.20170629632139858,2.316259977433674
4,0.20222994903911648,2.316545568267884
4,0.2027536017568344,2.316831996682538
4,0.20327725447455233,2.3171192635088005
4,0.20380090719227026,2.3174073695827815
4,0.20432455990998816,2.317696315744058
4,0.20484821262770608,2.3179861028341406
4,0.205371865345424,2.3182767316986315
4,0.2058955180631419,2.318568203185748
4,0.20641917078085983,2.3188605181472326
4,0.20694282349857776,2.3191536774381802
4,0.2074664762162957,2.3194476819163015
4,0.20799012893401359,2.3197425324433425
4,0.2085137816517315,2.3200382298836075
4,0.20903743436944944,2.3203347751053798
4,0.20956108708716736,2.320632168978591
4,0.21008473980488526,2.320930412378914
4,0.2106083925226032,2.321229506183272
4,0.21113204524032111,2.3215294512719424
4,0.211655697958039,2.3218302485306594
4,0.21217935067575694,2.322131898845498
4,0.21270300339347487,2.322434403107252
4,0.2132266561111928,2.3227377622107497
4,0.2137503088289107,2.3230419770529807
4,0.21427396154662862,2.3233470485340604
4,0.21479761426434654,2.3236529775587087
4,0.21532126698206444,2.323959765033976
4,0.21584491969978237,2.324267411870551
4,0.2163685724175003,2.3245759189828163
4,0.21689222513521822,2.324885287287543
4,0.21741587785293612,2.32519551770622
4,0.21793953057065404,2.3255066111625524
4,0.21846318328837197,2.3258185685841113
4,0.21898683600608987,2.326131390902219
4,0.2195104887238078,2.3264450790505293
4,0.22003414144152572,2.3267596339674697
4,0.22055779415924365,2.3270750565938556
4,0.22108144687696155,2.327391347874652
4,0.22160509959467947,2.3277085087576666
4,0.2221287523123974,2.328026540193946
4,0.2226524050301153,2.3283454431399946
4,0.22317605774783322,2.3286652185527146
4,0.22369971046555115,2.328985867394408
4,0.22422336318326908,2.3293073906303903
4,0.22474701590098697,2.329629789229557
4,0.2252706686187049,2.3299530641648403
4,0.22579432133642283,2.330277216411332
4,0.22631797405414072,2.3306022469488994
4,0.22684162677185865,2.3309281567601943
4,0.22736527948957658,2.3312549468320185
4,0.2278889322072945,2.331582618153732
4,0.2284125849250124,2.331911171719355
4,0.22893623764273033,2.332240608525808
4,0.22945989036044825,2.3325709295737056
4,0.22998354307816618,2.3329021358673003
4,0.23050719579588408,2.3332342284145966
4,0.231030848513602,2.3335672082273504
4,0.23155450123131993,2.3339010763191936
4,0.23207815394903783,2.3342358337097835
4,0.23260180666675576,2.3345714814216194
4,0.23312545938447368,2.3349080204798724
4,0.2336491121021916,2.335245451914261
4,0.2341727648199095,2.335583776757744
4,0.23469641753762743,2.3359229960474863
4,0.23522007025534536,2.3362631108241203
4,0.23574372297306326,2.3366041221308933
4,0.23626737569078118,2.3369460310165096
4,0.2367910284084991,2.3372888385322312
4,0.23731468112621704,2.3376325457329585
4,0.23783833384393493,2.3379771536779117
4,0.23836198656165286,2.338322663429267
4,0.2388856392793708,2.3386690760534066
4,0.23940929199708869,2.339016392621147
4,0.2399329447148066,2.3393646142060334
4,0.24045659743252454,2.339713741885248
4,0.24098025015024246,2.3400637767401804
4,0.24150390286796036,2.34041471985563
4,0.2420275555856783,2.340766572321172
4,0.24255120830339622,2.3411193352294504
4,0.24307486102111414,2.3414730096766334
4,0.24359851373883204,2.3418275967625277
4,0.24412216645654997,2.3421830975921694
4,0.2446458191742679,2.342539513273209
4,0.2451694718919858,2.3428968449164813
4,0.24569312460970372,2.3432550936382768
4,0.24621677732742164,2.343614260558411
4,0.24674043004513957,2.343974346799655
4,0.24726408276285747,2.3443353534891003
4,0.2477877354805754,2.344697281757931
4,0.24831138819829332,2.3450601327414233
4,0.24883504091601122,2.345423907577697
4,0.24935869363372914,2.3457886074097587
4,0.24988234635144707,2.3461542333845955
4,0.250405999069165,2.3465207866528317
4,0.2509296517868829,2.3468882683681613
4,0.2514533045046008,2.3472566796893943
4,0.2519769572223187,2.347626021779206
4,0.25250060994003665,2.3479962958039096
4,0.2530242626577546,2.348367502933911
4,0.2535479153754725,2.3487396443431408
4,0.2540715680931904,2.3491127212100764
4,0.25459522081090835,2.349486734716834
4,0.2551188735286263,2.3498616860501897
4,0.25564252624634415,2.3502375763999908
4,0.2561661789640621,2.3506144069607444
4,0.25668983168178,2.350992178931506
4,0.2572134843994979,2.3513708935136037
4,0.25773713711721585,2.3517505519135966
4,0.2582607898349338,2.3521311553432724
4,0.2587844425526517,2.352512705016352
4,0.2593080952703696,2.3528952021509895
4,0.2598317479880875,2.3532786479712513
4,0.26035540070580543,2.3536630437034773
4,0.26087905342352335,2.354048390578214
4,0.2614027061412413,2.3544346898313506
4,0.2619263588589592,2.354821942702074
4,0.26245001157667713,2.355210150432981
4,0.262973664294395,2.3555993142728084
4,0.26349731701211293,2.3559894354730204
4,0.26402096972983086,2.3563805152883788
4,0.2645446224475488,2.356772554979784
4,0.2650682751652667,2.357165555812344
4,0.26559192788298464,2.3575595190538934
4,0.26611558060070256,2.357954445975679
4,0.26663923331842043,2.35835033785645
4,0.26716288603613836,2.35874719597723
4,0.2676865387538563,2.359145021622112
4,0.2682101914715742,2.3595438160816684
4,0.26873384418929214,2.359943580649883
4,0.26925749690701006,2.3603443166241505
4,0.269781149624728,2.3607460253072077
4,0.27030480234244586,2.3611487080059987
4,0.2708284550601638,2.3615523660314466
4,0.2713521077778817,2.361957000698453
4,0.27187576049559964,2.362362613326809
4,0.27239941321331756,2.3627692052402836
4,0.2729230659310355,2.3631767777676487
4,0.2734467186487534,2.3635853322415414
4,0.2739703713664713,2.3639948699984643
4,0.2744940240841892,2.3644053923793535
4,0.27501767680190714,2.3648169007308297
4,0.27554132951962507,2.365229396402583
4,0.276064982237343,2.3656428807490784
4,0.2765886349550609,2.3660573551295556
4,0.27711228767277885,2.366472820906097
4,0.2776359403904967,2.3668892794474914
4,0.27815959310821464,2.3673067321263943
4,0.27868324582593257,2.367725180317848
4,0.2792068985436505,2.368144625403943
4,0.2797305512613684,2.3685650687702946
4,0.28025420397908635,2.3689865118063835
4,0.2807778566968043,2.369408955907261
4,0.28130150941452214,2.3698324024707063
4,0.28182516213224007,2.3702568529010932
4,0.282348814849958,2.3706823086064333
4,0.2828724675676759,2.371108770998717
4,0.28339612028539385,2.371536241495164
4,0.2839197730031118,2.37196472151777
4,0.2844434257208297,2.372394212492509
4,0.2849670784385476,2.372824715849447
4,0.2854907311562655,2.3732562330243354
4,0.2860143838739834,2.373688765456791
4,0.28653803659170135,2.374122314591318
4,0.2870616893094193,2.374556881877311
4,0.2875853420271372,2.3749924687680277
4,0.28810899474485513,2.375429076721389
4,0.28863264746257306,2.3758667072008848
4,0.2891563001802909,2.3763053616735306
4,0.28967995289800885,2.3767450416120255
4,0.2902036056157268,2.3771857484932752
4,0.2907272583334447,2.3776274837985056
4,0.29125091105116263,2.37807024901349
4,0.29177456376888056,2.3785140456294585
4,0.2922982164865985,2.3789588751426436
4,0.29282186920431635,2.3794047390518926
4,0.2933455219220343,2.379851638864011
4,0.2938691746397522,2.380299576087623
4,0.29439282735747013,2.380748552237492
4,0.29491648007518806,2.381198568833156
4,0.295440132792906,2.381649627397678
4,0.2959637855106239,2.3821017294607145
4,0.2964874382283418,2.3825548765560143
4,0.2970110909460597,2.383009070221192
4,0.29753474366377763,2.3834643119995462
4,0.29805839638149556,2.3839206034400604
4,0.2985820490992135,2.3843779460945598
4,0.2991057018169314,2.384836341520554
4,0.29962935453464934,2.3852957912810098
4,0.3001530072523672,2.3857562969433275
4,0.30067665997008514,2.3862178600788866
4,0.30120031268780306,2.3866804822660015
4,0.301723965405521,2.3871441650859424
4,0.3022476181232389,2.387608910125323
4,0.30277127084095684,2.388074718976327
4,0.30329492355867477,2.3885415932356864
4,0.30381857627639264,2.3890095345042255
4,0.30434222899411056,2.3894785443893625
4,0.3048658817118285,2.38994862450204
4,0.3053895344295464,2.390419776459453
4,0.30591318714726434,2.3908920018820936
4,0.30643683986498227,2.3913653023959114
4,0.3069604925827002,2.3918396796336765
4,0.30748414530041807,2.3923151352313425
4,0.308007798018136,2.3927916708297516
4,0.3085314507358539,2.3932692880756576
4,0.30905510345357184,2.3937479886196797
4,0.30957875617128977,2.39422777411869
4,0.3101024088890077,2.3947086462347897
4,0.3106260616067256,2.395190606634287
4,0.3111497143244435,2.395673656988265
4,0.3116733670421614,2.3961577989736043
4,0.31219701975987935,2.396643034272074
4,0.3127206724775973,2.3971293645699916
4,0.3132443251953152,2.3976167915606084
4,0.3137679779130331,2.3981053169407005
4,0.31429163063075105,2.3985949424112505
4,0.3148152833484689,2.399085669680403
4,0.31533893606618685,2.3995775004610778
4,0.3158625887839048,2.4000704364700596
4,0.3163862415016227,2.400564479430841
4,0.3169098942193406,2.4010596310711207
4,0.31743354693705855,2.4015558931238274
4,0.3179571996547765,2.402053267327915
4,0.31848085237249435,2.4025517554265434
4,0.3190045050902123,2.403051359168785
4,0.3195281578079302,2.4035520803080317
4,0.32005181052564813,2.4040539206042695
4,0.32057546324336605,2.404556881822373
4,0.321099115961084,2.405060965730513
4,0.3216227686788019,2.405566174104706
4,0.32214642139651983,2.40607250872597
4,0.3226700741142377,2.406579971379074
4,0.32319372683195563,2.4070885638551545
4,0.32371737954967356,2.407598287949895
4,0.3242410322673915,2.4081091454652324
4,0.3247646849851094,2.408621138208332
4,0.32528833770282733,2.409134267990794
4,0.32581199042054526,2.409648536630698
4,0.32633564313826313,2.410163945950785
4,0.32685929585598106,2.410680497779026
4,0.327382948573699,2.411198193949076
4,0.3279066012914169,2.411717036300388
4,0.32843025400913484,2.412237026677417
4,0.32895390672685276,2.4127581669292795
4,0.3294775594445707,2.4132804589117995
4,0.33000121216228856,2.413803904485917
4,0.3305248648800065,2.414328505517119
4,0.3310485175977244,2.4148542638770323
4,0.33157217031544234,2.415381181443422
4,0.33209582303316026,2.4159092600978056
4,0.3326194757508782,2.4164385017284076
4,0.3331431284685961,2.4169689082293644
4,0.333666781186314,2.417500481498905
4,0.3341904339040319,2.4180332234416255
4,0.33471408662174984,2.4185671359676917
4,0.33523773933946777,2.4191022209928406
4,0.3357613920571857,2.41963848043747
4,0.3362850447749036,2.420175916228345
4,0.33680869749262154,2.420714530297687
4,0.3373323502103394,2.4212543245832876
4,0.33785600292805734,2.4217953010286237
4,0.33837965564577527,2.4223374615819466
4,0.3389033083634932,2.422880808197874
4,0.3394269610812111,2.423425342837163
4,0.33995061379892905,2.4239710674648904
4,0.340474266516647,2.424517984052045
4,0.34099791923436484,2.425066094576323
4,0.34152157195208277,2.4256154010195132
4,0.3420452246698007,2.4261659053704534
4,0.3425688773875186,2.4267176096233243
4,0.34309253010523655,2.4272705157767405
4,0.3436161828229545,2.4278246258357967
4,0.3441398355406724,2.428379941812409
4,0.34466348825839027,2.428936465722586
4,0.3451871409761082,2.4294941995891577
4,0.3457107936938261,2.43005314544007
4,0.34623444641154405,2.4306133053084977
4,0.346758099129262,2.431174681234097
4,0.3472817518469799,2.4317372752626625
4,0.34780540456469783,2.432301089445218
4,0.3483290572824157,2.4328661258379043
4,0.3488527100001336,2.433432386503796
4,0.34937636271785155,2.4339998735111976
4,0.3499000154355695,2.434568588933871
4,0.3504236681532874,2.4351385348518306
4,0.35094732087100533,2.4357097133513435
4,0.35147097358872326,2.4362821265239063
4,0.3519946263064412,2.436855776466473
4,0.35251827902415905,2.437430665282136
4,0.353041931741877,2.4380067950808098
4,0.3535655844595949,2.4385841679769555
4,0.35408923717731283,2.4391627860909466
4,0.35461288989503076,2.4397426515502048
4,0.3551365426127487,2.4403237664870403
4,0.3556601953304666,2.4409061330400164
4,0.3561838480481845,2.441489753353153
4,0.3567075007659024,2.442074629577405
4,0.35723115348362033,2.4426607638681617
4,0.35775480620133826,2.44324815838786
4,0.3582784589190562,2.443836815304735
4,0.3588021116367741,2.444426736792934
4,0.35932576435449204,2.4450179250324027
4,0.3598494170722099,2.4456103822084287
4,0.36037306978992784,2.446204110514259
4,0.36089672250764576,2.4467991121464365
4,0.3614203752253637,2.447395389308781
4,0.3619440279430816,2.4479929442128423
4,0.36246768066079954,2.4485917790727854
4,0.36299133337851747,2.449191896111074
4,0.36351498609623534,2.4497932975566528
4,0.36403863881395326,2.4503959856419897
4,0.3645622915316712,2.450999962607625
4,0.3650859442493891,2.4516052307001246
4,0.36560959696710704,2.452211792170374
4,0.36613324968482497,2.4528196492776715
4,0.3666569024025429,2.453428804286773
4,0.36718055512026077,2.4540392594665263
4,0.3677042078379787,2.4546510170949887
4,0.3682278605556966,2.4552640794529452
4,0.36875151327341454,2.4558784488302763
4,0.36927516599113247,2.4564941275217507
4,0.3697988187088504,2.457111117826912
4,0.3703224714265683,2.457729422054854
4,0.3708461241442862,2.4583490425175114
4,0.3713697768620041,2.4589699815344375
4,0.37189342957972205,2.459592241430414
4,0.37241708229743997,2.4602158245386363
4,0.3729407350151579,2.460840733195937
4,0.3734643877328758,2.4614669697463114
4,0.37398804045059375,2.462094536540235
4,0.3745116931683116,2.4627234359330714
4,0.37503534588602955,2.463353670289166
4,0.3755589986037475,2.4639852419763884
4,0.3760826513214654,2.4646181533693152
4,0.3766063040391833,2.465252406849686
4,0.37712995675690125,2.4658880048051515
4,0.3776536094746192,2.4665249496299566
4,0.37817726219233705,2.4671632437226663
4,0.378700914910055,2.467802889489917
4,0.3792245676277729,2.468443889344371
4,0.37974822034549083,2.4690862457052845
4,0.38027187306320875,2.4697299609971424
4,0.3807955257809267,2.4703750376517064
4,0.3813191784986446,2.471021478106991
4,0.3818428312163625,2.471669284804989
4,0.3823664839340804,2.4723184601972434
4,0.38289013665179833,2.4729690067408683
4,0.38341378936951626,2.473620926897752
4,0.3839374420872342,2.474274223137513
4,0.3844610948049521,2.474928897936138
4,0.38498474752267003,2.4755849537739323
4,0.3855084002403879,2.4762423931399553
4,0.38603205295810583,2.4769012185302017
4,0.38655570567582376,2.477561432443281
4,0.3870793583935417,2.4782230373874654
4,0.3876030111112596,2.4788860358770535
4,0.38812666382897754,2.479550430431118
4,0.38865031654669546,2.4802162235765763
4,0.3891739692644134,2.480883417845803
4,0.38969762198213126,2.4815520157785613
4,0.3902212746998492,2.4822220199203002
4,0.3907449274175671,2.4828934328228343
4,0.39126858013528504,2.4835662570447994
4,0.39179223285300296,2.4842404951510844
4,0.3923158855707209,2.4849161497131718
4,0.3928395382884388,2.4855932233085696
4,0.3933631910061567,2.486271718521266
4,0.3938868437238746,2.486951637942184
4,0.39441049644159254,2.4876329841679308
4,0.39493414915931047,2.488315759802731
4,0.3954578018770284,2.4889999674567207
4,0.3959814545947463,2.489685609745152
4,0.39650510731246424,2.4903726892920304
4,0.3970287600301821,2.4910612087263644
4,0.39755241274790004,2.4917511706842106
4,0.39807606546561797,2.492442577808106
4,0.3985997181833359,2.4931354327464987
4,0.3991233709010538,2.4938297381548864
4,0.39964702361877175,2.4945254966951325
4,0.4001706763364897,2.495222711036149
4,0.40069432905420754,2.495921383852078
4,0.40121798177192547,2.4966215178246784
4,0.4017416344896434,2.4973231156419615
4,0.4022652872073613,2.498026179998874
4,0.40278893992507925,2.498730713595819
4,0.4033125926427972,2.4994367191396805
4,0.4038362453605151,2.5001441993451863
4,0.40435989807823297,2.500853156933772
4,0.4048835507959509,2.501563594631648
4,0.4054072035136688,2.502275515172869
4,0.40593085623138675,2.5029889212976286
4,0.4064545089491047,2.50370381575226
4,0.4069781616668226,2.5044202012911683
4,0.40750181438454053,2.505138080674101
4,0.4080254671022584,2.505857456666945
4,0.4085491198199763,2.506578332043091
4,0.40907277253769425,2.5073007095825233
4,0.4095964252554122,2.5080245920712514
4,0.4101200779731301,2.5087499823019925
4,0.41064373069084803,2.509476883074626
4,0.41116738340856596,2.510205297195398
4,0.4116910361262838,2.5109352274758976
4,0.41221468884400175,2.5116666767362403
4,0.4127383415617197,2.512399647802681
4,0.4132619942794376,2.5131341435067043
4,0.41378564699715553,2.513870166686729
4,0.41430929971487346,2.514607720189929
4,0.4148329524325914,2.515346806868479
4,0.41535660515030925,2.516087429580125
4,0.4158802578680272,2.516829591190799
4,0.4164039105857451,2.5175732945731397
4,0.41692756330346303,2.5183185426052432
4,0.41745121602118096,2.519065338172709
4,0.4179748687388989,2.5198136841675023
4,0.4184985214566168,2.520563583487956
4,0.41902217417433474,2.5213150390397914
4,0.4195458268920526,2.5220680537343014
4,0.42006947960977054,2.5228226304897134
4,0.42059313232748846,2.523578772232213
4,0.4211167850452064,2.5243364818927603
4,0.4216404377629243,2.5250957624092507
4,0.42216409048064224,2.525856616727424
4,0.42268774319836017,2.5266190477991586
4,0.42321139591607804,2.527383058581904
4,0.42373504863379596,2.528148652040727
4,0.4242587013515139,2.528915831147401
4,0.4247823540692318,2.5296845988794985
4,0.42530600678694974,2.530454958222549
4,0.42582965950466767,2.5312269121679947
4,0.4263533122223856,2.5320004637133025
4,0.42687696494010346,2.532775615862988
4,0.4274006176578214,2.53355237162873
4,0.4279242703755393,2.534330734029254
4,0.42844792309325724,2.535110706088176
4,0.42897157581097517,2.535892290836273
4,0.4294952285286931,2.5366754913126215
4,0.430018881246411,2.537460310561187
4,0.4305425339641289,2.5382467516329825
4,0.4310661866818468,2.53903481758573
4,0.43158983939956475,2.5398245114838573
4,0.43211349211728267,2.5406158363985014
4,0.4326371448350006,2.5414087954064826
4,0.4331607975527185,2.5422033915932616
4,0.43368445027043645,2.5429996280493015
4,0.4342081029881543,2.5437975078715453
4,0.43473175570587225,2.544597034164326
4,0.4352554084235902,2.5453982100383428
4,0.4357790611413081,2.5462010386112297
4,0.436302713859026,2.54700552300676
4,0.43682636657674395,2.547811666355642
4,0.4373500192944619,2.5486194717948365
4,0.43787367201217975,2.5494289424671024
4,0.4383973247298977,2.550240081523839
4,0.4389209774476156,2.551052892122698
4,0.4394446301653335,2.5518673774256513
4,0.43996828288305145,2.552683540603539
4,0.4404919356007694,2.553501384832998
4,0.4410155883184873,2.5543209132970333
4,0.4415392410362052,2.5551421291858105
4,0.4420628937539231,2.5559650356956354
4,0.44258654647164103,2.556789636029521
4,0.44311019918935896,2.5576159333971873
4,0.4436338519070769,2.558443931013926
4,0.4441575046247948,2.5592736321030998
4,0.44468115734251273,2.5601050398939833
4,0.4452048100602306,2.5609381576218766
4,0.44572846277794853,2.5617729885296967
4,0.44625211549566646,2.562609535865249
4,0.4467757682133844,2.563447802884525
4,0.4472994209311023,2.564287792849427
4,0.44782307364882024,2.56512950902777
4,0.44834672636653816,2.565972954695212
4,0.44887037908425603,2.5668181331325286
4,0.44939403180197396,2.5676650476275427
4,0.4499176845196919,2.5685137014750126
4,0.4504413372374098,2.569364097976063
4,0.45096498995512774,2.5702162404369346
4,0.45148864267284566,2.5710701321715987
4,0.4520122953905636,2.571925776500848
4,0.45253594810828146,2.572783176751841
4,0.4530596008259994,2.573642336256853
4,0.4535832535437173,2.5745032583552074
4,0.45410690626143524,2.5753659463928216
4,0.45463055897915317,2.5762304037232298
4,0.4551542116968711,2.5770966337049686
4,0.455677864414589,2.577964639702259
4,0.45620151713230694,2.5788344250877344
4,0.4567251698500248,2.579705993238349
4,0.45724882256774274,2.580579347539242
4,0.45777247528546067,2.581454491381237
4,0.4582961280031786,2.582331428160842
4,0.4588197807208965,2.5832101612818406
4,0.45934343343861445,2.584090694154156
4,0.45986708615633237,2.584973030194078
4,0.46039073887405024,2.585857172822216
4,0.46091439159176817,2.586743125470093
4,0.4614380443094861,2.5876308915705977
4,0.461961697027204,2.58852047456503
4,0.46248534974492195,2.589411877901739
4,0.4630090024626399,2.5903051050347585
4,0.4635326551803578,2.5912001594238063
4,0.46405630789807567,2.592097044534512
4,0.4645799606157936,2.5929957638400083
4,0.4651036133335115,2.593896320818885
4,0.46562726605122945,2.5947987189558717
4,0.4661509187689474,2.595702961742518
4,0.4666745714866653,2.5966090526756034
4,0.46719822420438323,2.5975169952580472
4,0.4677218769221011,2.5984267930002716
4,0.468245529639819,2.599338449417928
4,0.46876918235753695,2.600251968032353
4,0.4692928350752549,2.6011673523714762
4,0.4698164877929728,2.6020846059693667
4,0.47034014051069073,2.6030037323662327
4,0.47086379322840866,2.603924735108194
4,0.4713874459461265,2.6048476177461453
4,0.47191109866384445,2.6057723838403035
4,0.4724347513815624,2.606699036953387
4,0.4729584040992803,2.607627580655617
4,0.47348205681699823,2.6085580185244908
4,0.47400570953471616,2.609490354140007
4,0.4745293622524341,2.610424591091487
4,0.47505301497015195,2.611360732972571
4,0.4755766676878699,2.6122987833832667
4,0.4761003204055878,2.613238745929266
4,0.47662397312330573,2.614180624222172
4,0.47714762584102366,2.6151244218790453
4,0.4776712785587416,2.61607014252354
4,0.4781949312764595,2.6170177897849953
4,0.4787185839941774,2.617967367297979
4,0.4792422367118953,2.6189188787034254
4,0.47976588942961323,2.6198723276477267
4,0.48028954214733116,2.6208277177822765
4,0.4808131948650491,2.621785052766427
4,0.481336847582767,2.6227443362636222
4,0.48186050030048494,2.623705571941855
4,0.4823841530182028,2.6246687634759382
4,0.48290780573592074,2.625633914548416
4,0.48343145845363866,2.6266010288441066
4,0.4839551111713566,2.627570110055103
4,0.4844787638890745,2.628541161878502
4,0.48500241660679244,2.629514188017083
4,0.48552606932451037,2.630489192180221
4,0.4860497220422283,2.6314661780809274
4,0.48657337475994616,2.632445149438581
4,0.4870970274776641,2.633426109978018
4,0.487620680195382,2.6344090634299846
4,0.48814433291309994,2.635394013530231
4,0.48866798563081787,2.6363809640195086
4,0.4891916383485358,2.6373699186440263
4,0.4897152910662537,2.6383608811559043
4,0.4902389437839716,2.6393538553118105
4,0.4907625965016895,2.640348844874552
4,0.49128624921940744,2.641345853611483
4,0.49180990193712537,2.6423448852956426
4,0.4923335546548433,2.643345943704162
4,0.4928572073725612,2.6443490326214487
4,0.49338086009027915,2.6453541558355482
4,0.493904512807997,2.646361317139281
4,0.49442816552571495,2.6473705203313784
4,0.4949518182434329,2.6483817692155753
4,0.4954754709611508,2.6493950676010627
4,0.4959991236788687,2.6504104193011244
4,0.49652277639658665,2.651427828133592
4,0.4970464291143046,2.652447297923345
4,0.49757008183202245,2.653468832497765
4,0.4980937345497404,2.654492435690372
4,0.4986173872674583,2.6555181113396884
4,0.4991410399851762,2.6565458632885566
4,0.49966469270289415,2.6575756953855034
4,0.5001883454206121,2.6586076114824664
4,0.50071199813833,2.659641615436385
4,0.5012356508560479,2.6606777111096562
4,0.5017593035737659,2.661715902368769
4,0.5022829562914838,2.6627561930852153
4,0.5028066090092016,2.6637985871348064
4,0.5033302617269195,2.6648430883979017
4,0.5038539144446375,2.665889700758953
4,0.5043775671623554,2.666938428108324
4,0.5049012198800733,2.6679892743395612
4,0.5054248725977912,2.669042243350077
4,0.5059485253155092,2.6700973390438776
4,0.5064721780332271,2.6711545653272424
4,0.506995830750945,2.672213926111226
4,0.5075194834686629,2.6732754253123403
4,0.5080431361863809,2.674339066849825
4,0.5085667889040988,2.675404854647468
4,0.5090904416218167,2.6764727926336036
4,0.5096140943395346,2.6775428847408875
4,0.5101377470572526,2.678615134905158
4,0.5106613997749704,2.6796895470668005
4,0.5111850524926883,2.6807661251705213
4,0.5117087052104062,2.6818448731651188
4,0.5122323579281242,2.682925795000756
4,0.5127560106458421,2.684008894635781
4,0.51327966336356,2.685094176030134
4,0.5138033160812779,2.686181643145801
4,0.5143269687989959,2.6872712999515898
4,0.5148506215167138,2.688363150418354
4,0.5153742742344317,2.6894571985203584
4,0.5158979269521496,2.6905534482368694
4,0.5164215796698676,2.6916519035501096
4,0.5169452323875855,2.6927525684445754
4,0.5174688851053034,2.693855446909538
4,0.5179925378230212,2.6949605429381336
4,0.5185161905407392,2.696067860525318
4,0.5190398432584571,2.697177403670821
4,0.519563495976175,2.698289176376875
4,0.5200871486938929,2.6994031826488936
4,0.5206108014116109,2.7005194264963848
4,0.5211344541293288,2.7016379119304474
4,0.5216581068470467,2.702758642967183
4,0.5221817595647646,2.7038816236247385
4,0.5227054122824826,2.7050068579233084
4,0.5232290650002005,2.7061343498871793
4,0.5237527177179184,2.707264103543821
4,0.5242763704356364,2.7083961229236593
4,0.5248000231533543,2.7095304120580295
4,0.5253236758710721,2.710666974982587
4,0.52584732858879,2.711805815735488
4,0.526370981306508,2.7129469383578453
4,0.5268946340242259,2.7140903468928173
4,0.5274182867419438,2.7152360453846995
4,0.5279419394596617,2.716384037883472
4,0.5284655921773797,2.717534328439342
4,0.5289892448950976,2.7186869211045632
4,0.5295128976128155,2.719841819935027
4,0.5300365503305334,2.7209990289877624
4,0.5305602030482514,2.7221585523222984
4,0.5310838557659693,2.723320394001348
4,0.5316075084836872,2.724484558089216
4,0.5321311612014051,2.725651048649297
4,0.532654813919123,2.726819869750898
4,0.5331784666368409,2.7279910254642346
4,0.5337021193545588,2.729164519859978
4,0.5342257720722767,2.7303403570108458
4,0.5347494247899947,2.7315185409929654
4,0.5352730775077126,2.73269907588201
4,0.5357967302254305,2.733881965756609
4,0.5363203829431484,2.735067214696528
4,0.5368440356608664,2.7362548267815328
4,0.5373676883785843,2.737444806095482
4,0.5378913410963022,2.7386371567217793
4,0.5384149938140201,2.7398318827447383
4,0.5389386465317381,2.7410289882511734
4,0.539462299249456,2.742228477327444
4,0.5399859519671739,2.743430354062866
4,0.5405096046848917,2.7446346225469824
4,0.5410332574026097,2.745841286868199
4,0.5415569101203276,2.7470503511185598
4,0.5420805628380455,2.748261819389427
4,0.5426042155557634,2.749475695773981
4,0.5431278682734814,2.7506919843642663
4,0.5436515209911993,2.751910689254146
4,0.5441751737089172,2.7531318145374826
4,0.5446988264266351,2.754355364309049
4,0.5452224791443531,2.755581342663845
4,0.545746131862071,2.756809753695734
4,0.5462697845797889,2.758040601499715
4,0.5467934372975068,2.7592738901723806
4,0.5473170900152248,2.76050962380873
4,0.5478407427329426,2.7617478065028536
4,0.5483643954506605,2.7629884423502062
4,0.5488880481683784,2.7642315354451057
4,0.5494117008860964,2.7654770898834613
4,0.5499353536038143,2.7667251097579992
4,0.5504590063215322,2.7679755991625825
4,0.5509826590392501,2.769228562190392
4,0.5515063117569681,2.770484002934154
4,0.552029964474686,2.771741925485003
4,0.5525536171924039,2.7730023339343006
4,0.5530772699101218,2.77426523237159
4,0.5536009226278398,2.7755306248859597
4,0.5541245753455577,2.77679851556627
4,0.5546482280632756,2.7780689084986534
4,0.5551718807809934,2.77934180776856
4,0.5556955334987114,2.780617217460758
4,0.5562191862164293,2.781895141657742
4,0.5567428389341472,2.7831755844413237
4,0.5572664916518651,2.7844585498912693
4,0.5577901443695831,2.785744042084616
4,0.558313797087301,2.787032065099311
4,0.5588374498050189,2.7883226230089804
4,0.5593611025227369,2.7896157198858873
4,0.5598847552404548,2.7909113598013846
4,0.5604084079581727,2.792209546823642
4,0.5609320606758906,2.7935102850178737
4,0.5614557133936086,2.794813578448384
4,0.5619793661113265,2.796119431176294
4,0.5625030188290443,2.7974278472609058
4,0.5630266715467622,2.7987388307581114
4,0.5635503242644802,2.800052385720619
4,0.5640739769821981,2.8013685161995454
4,0.564597629699916,2.8026872262423694
4,0.5651212824176339,2.8040085198945235
4,0.5656449351353519,2.805332401195983
4,0.5661685878530698,2.8066588741853593
4,0.5666922405707877,2.807987942898535
4,0.5672158932885056,2.8093196113661634
4,0.5677395460062236,2.810653883615487
4,0.5682631987239415,2.8119907636714743
4,0.5687868514416594,2.8133302555547743
4,0.5693105041593773,2.814672363280579
4,0.5698341568770953,2.8160170908618056
4,0.5703578095948131,2.8173644423079622
4,0.570881462312531,2.8187144216226443
4,0.5714051150302489,2.820067032804218
4,0.5719287677479669,2.8214222798501396
4,0.5724524204656848,2.822780166751045
4,0.5729760731834027,2.82414069749143
4,0.5734997259011206,2.825503876054654
4,0.5740233786188386,2.826869706416119
4,0.5745470313365565,2.82823819254736
4,0.5750706840542744,2.8296093384142296
4,0.5755943367719923,2.8309831479787135
4,0.5761179894897103,2.832359625197114
4,0.5766416422074282,2.8337387740177746
4,0.5771652949251461,2.8351205983860837
4,0.5776889476428639,2.83650510224129
4,0.5782126003605819,2.837892289516276
4,0.5787362530782998,2.8392821641375576
4,0.5792599057960177,2.8406747300259667
4,0.5797835585137356,2.842069991096423
4,0.5803072112314536,2.843467951256798
4,0.5808308639491715,2.8448686144090516
4,0.5813545166668894,2.8462719844492312
4,0.5818781693846073,2.84767806526429
4,0.5824018221023253,2.849086860735497
4,0.5829254748200432,2.850498374738663
4,0.5834491275377611,2.851912611140051
4,0.583972780255479,2.8533295737997832
4,0.584496432973197,2.8547492665711616
4,0.5850200856909148,2.85617169329862
4,0.5855437384086327,2.857596857818862
4,0.5860673911263506,2.85902476396177
4,0.5865910438440686,2.8604554155497226
4,0.5871146965617865,2.8618888163953216
4,0.5876383492795044,2.863324970303438
4,0.5881620019972224,2.8647638810714398
4,0.5886856547149403,2.866205552487145
4,0.5892093074326582,2.867649988330186
4,0.5897329601503761,2.8690971923706456
4,0.590256612868094,2.870547168370649
4,0.590780265585812,2.871999920082999
4,0.5913039183035299,2.873455451251175
4,0.5918275710212478,2.8749137656081984
4,0.5923512237389656,2.8763748668786775
4,0.5928748764566836,2.877838758777898
4,0.5933985291744015,2.8793054450100044
4,0.5939221818921194,2.880774929268455
4,0.5944458346098374,2.882247215239886
4,0.5949694873275553,2.8837223065975195
4,0.5954931400452732,2.885200207004573
4,0.5960167927629911,2.886680920114486
4,0.5965404454807091,2.888164449569331
4,0.597064098198427,2.8896507990007194
4,0.5975877509161449,2.8911399720282134
4,0.5981114036338628,2.892631972260233
4,0.5986350563515808,2.8941268032945118
4,0.5991587090692987,2.8956244687171875
4,0.5996823617870165,2.8971249721016648
4,0.6002060145047344,2.898628317009752
4,0.6007296672224524,2.900134506992117
4,0.6012533199401703,2.9016435455846477
4,0.6017769726578882,2.9031554363134546
4,0.6023006253756061,2.904670182691234
4,0.6028242780933241,2.9061877882170393
4,0.603347930811042,2.907708256377873
4,0.6038715835287599,2.909231590647096
4,0.6043952362464778,2.910757794484425
4,0.6049188889641958,2.9122868713363914
4,0.6054425416819137,2.9138188246367918
4,0.6059661943996316,2.9153536578041894
4,0.6064898471173495,2.916891374243505
4,0.6070134998350675,2.9184319773455627
4,0.6075371525527853,2.919975470486861
4,0.6080608052705032,2.9215218570295747
4,0.6085844579882211,2.923071140319962
4,0.6091081107059391,2.924623323689957
4,0.609631763423657,2.9261784104564867
4,0.6101554161413749,2.927736403922381
4,0.6106790688590928,2.9292973073727353
4,0.6112027215768108,2.930861124076273
4,0.6117263742945287,2.9324278572892126
4,0.6122500270122466,2.93399751024981
4,0.6127736797299645,2.9355700861788137
4,0.6132973324476825,2.937145588281737
4,0.6138209851654004,2.938724019748406
4,0.6143446378831183,2.9403053837497737
4,0.6148682906008361,2.941889683440877
4,0.6153919433185541,2.9434769219574264
4,0.615915596036272,2.94506710242149
4,0.6164392487539899,2.9466602279346716
4,0.6169629014717078,2.948256301580159
4,0.6174865541894258,2.949855326424313
4,0.6180102069071437,2.9514573055162145
4,0.6185338596248616,2.9530622418840267
4,0.6190575123425796,2.954670138537267
4,0.6195811650602975,2.956280998468401
4,0.6201048177780154,2.957894824650566
4,0.6206284704957333,2.959511620035528
4,0.6211521232134513,2.9611313875559517
4,0.6216757759311692,2.962754130126541
4,0.622199428648887,2.9643798506399435
4,0.6227230813666049,2.966008551969935
4,0.6232467340843229,2.9676402369689185
4,0.6237703868020408,2.969274908468151
4,0.6242940395197587,2.9709125692791076
4,0.6248176922374766,2.9725532221914364
4,0.6253413449551946,2.9741968699738663
4,0.6258649976729125,2.9758435153730716
4,0.6263886503906304,2.977493161113898
4,0.6269123031083483,2.9791458098993644
4,0.6274359558260663,2.980801464409751
4,0.6279596085437842,2.9824601273028293
4,0.6284832612615021,2.984121801214087
4,0.62900691397922,2.985786488756503
4,0.6295305666969379,2.987454192518271
4,0.6300542194146558,2.989124915064167
4,0.6305778721323737,2.990798658936683
4,0.6311015248500916,2.9924754266546643
4,0.6316251775678096,2.994155220709672
4,0.6321488302855275,2.995838043570757
4,0.6326724830032454,2.9975238976837772
4,0.6331961357209633,2.99921278546708
4,0.6337197884386813,3.000904709314682
4,0.6342434411563992,3.002599671595817
4,0.6347670938741171,3.0042976746535714
4,0.635290746591835,3.005998720804655
4,0.635814399309553,3.0077028123384935
4,0.6363380520272709,3.00940995152132
4,0.6368617047449887,3.0111201405900374
4,0.6373853574627066,3.0128333817547173
4,0.6379090101804246,3.0145496771995113
4,0.6384326628981425,3.016269029079467
4,0.6389563156158604,3.0179914395223477
4,0.6394799683335783,3.0197169106281763
4,0.6400036210512963,3.021445444469691
4,0.6405272737690142,3.0231770430877987
4,0.6410509264867321,3.0249117084977115
4,0.64157457920445,3.026649442685539
4,0.642098231922168,3.028390247604648
4,0.6426218846398859,3.0301341251822578
4,0.6431455373576038,3.031881077314438
4,0.6436691900753218,3.033631105866789
4,0.6441928427930397,3.035384212673762
4,0.6447164955107575,3.0371403995400215
4,0.6452401482284754,3.0388996682390825
4,0.6457638009461933,3.040662020513082
4,0.6462874536639113,3.0424274580725523
4,0.6468111063816292,3.044195982594829
4,0.6473347590993471,3.0459675957265517
4,0.647858411817065,3.047742299082074
4,0.648382064534783,3.0495200942411884
4,0.6489057172525009,3.051300982752309
4,0.6494293699702188,3.0530849661292905
4,0.6499530226879368,3.0548720458532443
4,0.6504766754056547,3.0566622233704948
4,0.6510003281233726,3.0584555000930322
4,0.6515239808410905,3.0602518773996508
4,0.6520476335588083,3.062051356632992
4,0.6525712862765263,3.0638539390995447
4,0.6530949389942442,3.0656596260728293
4,0.6536185917119621,3.067468418789531
4,0.65414224442968,3.0692803184483637
4,0.654665897147398,3.0710953262143903
4,0.6551895498651159,3.072913443214702
4,0.6557132025828338,3.0747346705388736
4,0.6562368553005518,3.0765590092398725
4,0.6567605080182697,3.078386460331785
4,0.6572841607359876,3.0802170247934555
4,0.6578078134537055,3.0820507035625724
4,0.6583314661714235,3.083887497538626
4,0.6588551188891414,3.0857274075831356
4,0.6593787716068592,3.087570434518284
4,0.6599024243245771,3.089416579126464
4,0.6604260770422951,3.0912658421486867
4,0.660949729760013,3.093118224287764
4,0.6614733824777309,3.094973726205126
4,0.6619970351954488,3.0968323485203655
4,0.6625206879131668,3.098694091813286
4,0.6630443406308847,3.1005589566213985
4,0.6635679933486026,3.1024269434396956
4,0.6640916460663205,3.1042980527215605
4,0.6646152987840385,3.1061722848785394
4,0.6651389515017564,3.1080496402769313
4,0.6656626042194743,3.1099301192418807
4,0.6661862569371922,3.111813722054876
4,0.6667099096549101,3.113700448951249
4,0.667233562372628,3.1155903001235856
4,0.6677572150903459,3.1174832757199056
4,0.6682808678080638,3.1193793758423
4,0.6688045205257818,3.1212786005478392
4,0.6693281732434997,3.123180949848347
4,0.6698518259612176,3.125086423709263
4,0.6703754786789355,3.1269950220485043
4,0.6708991313966535,3.128906744738515
4,0.6714227841143714,3.1308215916044446
4,0.6719464368320893,3.13273956242233
4,0.6724700895498072,3.134660656922506
4,0.6729937422675252,3.136584874784603
4,0.6735173949852431,3.138512215640958
4,0.674041047702961,3.140442679076159
4,0.6745647004206788,3.1423762646236355
4,0.6750883531383968,3.1443129717652027
4,0.6756120058561147,3.146252799936974
4,0.6761356585738326,3.1481957485218572
4,0.6766593112915505,3.1501418168511464
4,0.6771829640092685,3.1520910042063406
4,0.6777066167269864,3.15404330981778
4,0.6782302694447043,3.1559987328614625
4,0.6787539221624223,3.1579572724622267
4,0.6792775748801402,3.1599189276937523
4,0.6798012275978581,3.16188369757333
4,0.680324880315576,3.163851581066183
4,0.680848533033294,3.165822577083418
4,0.6813721857510119,3.1677966844831644
4,0.6818958384687297,3.1697739020664812
4,0.6824194911864476,3.17175422857963
4,0.6829431439041656,3.1737376627152116
4,0.6834667966218835,3.1757242031067108
4,0.6839904493396014,3.1777138483346334
4,0.6845141020573193,3.179706596921278
4,0.6850377547750373,3.181702447329826
4,0.6855614074927552,3.1837013979686617
4,0.6860850602104731,3.1857034471872794
4,0.686608712928191,3.187708593276284
4,0.687132365645909,3.189716834468072
4,0.6876560183636269,3.1917281689354695
4,0.6881796710813448,3.193742594791047
4,0.6887033237990627,3.195760110088713
4,0.6892269765167806,3.197780712820986
4,0.6897506292344985,3.1998044009196747
4,0.6902742819522164,3.201831172255652
4,0.6907979346699343,3.203861024637945
4,0.6913215873876523,3.2058939558119164
4,0.6918452401053702,3.2079299634624476
4,0.6923688928230881,3.20996904521121
4,0.692892545540806,3.2120111986146185
4,0.693416198258524,3.2140564211672427
4,0.6939398509762419,3.2161047102988505
4,0.6944635036939598,3.2181560633739537
4,0.6949871564116777,3.2202104776915803
4,0.6955108091293957,3.222267950486639
4,0.6960344618471136,3.224328478927646
4,0.6965581145648314,3.2263920601151312
4,0.6970817672825493,3.2284586910841426
4,0.6976054200002673,3.2305283688021973
4,0.6981290727179852,3.232601090169055
4,0.6986527254357031,3.2346768520160367
4,0.699176378153421,3.236755651106023
4,0.699700030871139,3.238837484132546
4,0.7002236835888569,3.240922347719561
4,0.7007473363065748,3.243010238421448
4,0.7012709890242927,3.2451011527218725
4,0.7017946417420107,3.2471950870335604
4,0.7023182944597286,3.2492920376982966
4,0.7028419471774465,3.2513920009846515
4,0.7033655998951645,3.2534949730909375
4,0.7038892526128824,3.255600950142025
4,0.7044129053306002,3.2577099281888877
4,0.7049365580483181,3.2598219032092857
4,0.705460210766036,3.2619368711068546
4,0.705983863483754,3.264054827711334
4,0.7065075162014719,3.266175768776975
4,0.7070311689191898,3.2682996899827685
4,0.7075548216369077,3.2704265869301707
4,0.7080784743546257,3.272556455146514
4,0.7086021270723436,3.274689290081824
4,0.7091257797900615,3.2768250871069995
4,0.7096494325077795,3.2789638415176796
4,0.7101730852254974,3.2811055485290126
4,0.7106967379432153,3.283250203278385
4,0.7112203906609332,3.285397800824512
4,0.711744043378651,3.287548336144937
4,0.712267696096369,3.2897018041387582
4,0.7127913488140869,3.2918581996232206
4,0.7133150015318048,3.2940175173346233
4,0.7138386542495228,3.296179751927184
4,0.7143623069672407,3.2983448979737204
4,0.7148859596849586,3.3005129499661052
4,0.7154096124026765,3.3026839023100365
4,0.7159332651203945,3.304857749327766
4,0.7164569178381124,3.3070344852606013
4,0.7169805705558303,3.3092141042639014
4,0.7175042232735482,3.311396600406397
4,0.7180278759912662,3.313581967672917
4,0.7185515287089841,3.3157701999625715
4,0.7190751814267019,3.3179612910873857
4,0.7195988341444198,3.320155234771846
4,0.7201224868621378,3.3223520246529006
4,0.7206461395798557,3.324551654283596
4,0.7211697922975736,3.326754117122846
4,0.7216934450152915,3.3289594065422534
4,0.7222170977330095,3.331167515827019
4,0.7227407504507274,3.3333784381693476
4,0.7232644031684453,3.335592166672086
4,0.7237880558861632,3.337808694347359
4,0.7243117086038812,3.340028014114523
4,0.7248353613215991,3.342250118803122
4,0.725359014039317,3.344475001149931
4,0.7258826667570349,3.346702653797365
4,0.7264063194747528,3.3489330692948442
4,0.7269299721924707,3.3511662400994737
4,0.7274536249101886,3.353402158573317
4,0.7279772776279065,3.355640816981577
4,0.7285009303456245,3.357882207496232
4,0.7290245830633424,3.3601263221939917
4,0.7295482357810603,3.362373153052431
4,0.7300718884987782,3.3646226919543096
4,0.7305955412164962,3.3668749306846166
4,0.7311191939342141,3.369129860930343
4,0.731642846651932,3.371387474279345
4,0.73216649936965,3.373647762221026
4,0.7326901520873679,3.3759107161477004
4,0.7332138048050858,3.378176327347319
4,0.7337374575228036,3.380444587010743
4,0.7342611102405215,3.3827154862262887
4,0.7347847629582395,3.3849890159813185
4,0.7353084156759574,3.3872651671622407
4,0.7358320683936753,3.389543930551781
4,0.7363557211113932,3.3918252968296656
4,0.7368793738291112,3.394109256572847
4,0.7374030265468291,3.3963958002530035
4,0.737926679264547,3.398684918239269
4,0.738450331982265,3.400976600795275
4,0.7389739846999829,3.4032708380771055
4,0.7394976374177008,3.405567620136935
4,0.7400212901354187,3.4078669369214367
4,0.7405449428531367,3.410168778267007
4,0.7410685955708546,3.4124731339043137
4,0.7415922482885724,3.4147799934571594
4,0.7421159010062903,3.4170893464386154
4,0.7426395537240083,3.4194011822532957
4,0.7431632064417262,3.42171549019713
4,0.7436868591594441,3.424032259456226
4,0.744210511877162,3.4263514791041416
4,0.74473416459488,3.428673138104841
4,0.7452578173125979,3.4309972253108754
4,0.7457814700303158,3.433323729462245
4,0.7463051227480337,3.4356526391868556
4,0.7468287754657517,3.4379839429980166
4,0.7473524281834696,3.4403176292960325
4,0.7478760809011875,3.4426536863702495
4,0.7483997336189054,3.4449921023910974
4,0.7489233863366233,3.4473328654153192
4,0.7494470390543412,3.449675963384607
4,0.7499706917720591,3.4520213841246914
4,0.750494344489777,3.4543691153432974
4,0.751017997207495,3.4567191446328707
4,0.7515416499252129,3.4590714594680776
4,0.7520653026429308,3.4614260472037586
4,0.7525889553606487,3.4637828950765197
4,0.7531126080783667,3.4661419902063244
4,0.7536362607960846,3.4685033195924007
4,0.7541599135138025,3.4708668701109673
4,0.7546835662315204,3.4732326285216004
4,0.7552072189492384,3.475600581460185
4,0.7557308716669563,3.477970715443462
4,0.7562545243846741,3.480343016865163
4,0.756778177102392,3.482717471994647
4,0.75730182982011,3.485094066981901
4,0.7578254825378279,3.487472787848219
4,0.7583491352555458,3.4898536204959782
4,0.7588727879732637,3.4922365507018185
4,0.7593964406909817,3.4946215641164144
4,0.7599200934086996,3.497008646265158
4,0.7604437461264175,3.4993977825461116
4,0.7609673988441354,3.501788958234556
4,0.7614910515618534,3.5041821584775334
4,0.7620147042795713,3.5065773682929375
4,0.7625383569972892,3.5089745725729244
4,0.7630620097150072,3.5113737560800473
4,0.763585662432725,3.513774903448393
4,0.7641093151504429,3.516177999183583
4,0.7646329678681608,3.518583027663226
4,0.7651566205858787,3.5209899731300993
4,0.7656802733035967,3.5233988196994233
4,0.7662039260213146,3.5258095513565877
4,0.7667275787390325,3.5282221519526047
4,0.7672512314567504,3.530636605207519
4,0.7677748841744684,3.5330528947110906
4,0.7682985368921863,3.535471003917337
4,0.7688221896099042,3.5378909161481715
4,0.7693458423276222,3.540312614592949
4,0.7698694950453401,3.5427360823030085
4,0.770393147763058,3.5451613021998583
4,0.7709168004807758,3.5475882570685826
4,0.7714404531984937,3.5500169295546584
4,0.7719641059162117,3.5524473021739595
4,0.7724877586339296,3.5548793573020703
4,0.7730114113516475,3.5573130771781507
4,0.7735350640693655,3.559748443906301
4,0.7740587167870834,3.5621854394501042
4,0.7745823695048013,3.564624045636947
4,0.7751060222225192,3.5670642441550626
4,0.7756296749402372,3.569506016553305
4,0.7761533276579551,3.571949344244331
4,0.776676980375673,3.5743942084968694
4,0.7772006330933909,3.5768405904407246
4,0.7777242858111089,3.579288471068139
4,0.7782479385288268,3.5817378312262917
4,0.7787715912465446,3.5841886516245722
4,0.7792952439642625,3.5866409128298073
4,0.7798188966819805,3.5890945952633047
4,0.7803425493996984,3.5915496792076738
4,0.7808662021174163,3.59400614480478
4,0.7813898548351342,3.596463972048241
4,0.7819135075528522,3.598923140789566
4,0.7824371602705701,3.601383630737473
4,0.782960812988288,3.603845421456981
4,0.7834844657060059,3.606308492367134
4,0.7840081184237239,3.6087728227421394
4,0.7845317711414418,3.6112383917100033
4,0.7850554238591597,3.6137051782543494
4,0.7855790765768776,3.616173161214874
4,0.7861027292945955,3.618642319280525
4,0.7866263820123134,3.621112630993366
4,0.7871500347300313,3.623584074753353
4,0.7876736874477492,3.626056628810602
4,0.7881973401654672,3.6285302712662997
4,0.7887209928831851,3.6310049800738398
4,0.789244645600903,3.6334807330385956
4,0.7897682983186209,3.63595750781883
4,0.7902919510363389,3.638435281923421
4,0.7908156037540568,3.6409140327098157
4,0.7913392564717747,3.6433937373874414
4,0.7918629091894926,3.645874373016113
4,0.7923865619072106,3.6483559165055794
4,0.7929102146249285,3.6508383446150674
4,0.7934338673426463,3.653321633952146
4,0.7939575200603642,3.6558057609761363
4,0.7944811727780822,3.658290701990836
4,0.7950048254958001,3.6607764331529324
4,0.795528478213518,3.6632629304665443
4,0.796052130931236,3.6657501697804946
4,0.7965757836489539,3.6682381267953588
4,0.7970994363666718,3.67072677705778
4,0.7976230890843897,3.673216095960697
4,0.7981467418021077,3.6757060587476644
4,0.7986703945198256,3.678196640505348
4,0.7991940472375435,3.6806878161687564
4,0.7997176999552614,3.68317956051942
4,0.8002413526729794,3.685671848182892
4,0.8007650053906972,3.688164653636022
4,0.8012886581084151,3.690657951198091
4,0.801812310826133,3.693151715033764
4,0.802335963543851,3.6956459191528666
4,0.8028596162615689,3.6981405374128826
4,0.8033832689792868,3.70063554351691
4,0.8039069216970047,3.7031309110104758
4,0.8044305744147227,3.7056266132835844
4,0.8049542271324406,3.708122623574127
4,0.8054778798501585,3.710618914964016
4,0.8060015325678764,3.713115460378731
4,0.8065251852855944,3.715612232587091
4,0.8070488380033123,3.7181092042039836
4,0.8075724907210302,3.7206063476883173
4,0.8080961434387481,3.7231036353427953
4,0.808619796156466,3.725601039313915
4,0.8091434488741839,3.728098531591513
4,0.8096671015919018,3.7305960840108128
4,0.8101907543096197,3.7330936682506035
4,0.8107144070273377,3.7355912558305135
4,0.8112380597450556,3.7380888181182854
4,0.8117617124627735,3.740586326322955
4,0.8122853651804914,3.7430837514957602
4,0.8128090178982094,3.745581064533326
4,0.8133326706159273,3.748078236175843
4,0.8138563233336452,3.7505752370066148
4,0.8143799760513631,3.7530720374516022
4,0.8149036287690811,3.7555686077826067
4,0.815427281486799,3.7580649181118133
4,0.8159509342045168,3.760560938396793
4,0.8164745869222347,3.763056638438229
4,0.8169982396399527,3.7655519878808263
4,0.8175218923576706,3.7680469562124017
4,0.8180455450753885,3.7705415127634296
4,0.8185691977931064,3.77303562671068
4,0.8190928505108244,3.7755292670740346
4,0.8196165032285423,3.778022402714214
4,0.8201401559462602,3.7805150023386886
4,0.8206638086639781,3.7830070344998603
4,0.8211874613816961,3.7854984675918786
4,0.821711114099414,3.7879892698538242
4,0.8222347668171319,3.7904794093710734
4,0.8227584195348498,3.792968854071205
4,0.8232820722525677,3.7954575717258194
4,0.8238057249702856,3.797945529953722
4,0.8243293776880035,3.800432696220014
4,0.8248530304057214,3.8029190378292697
4,0.8253766831234394,3.8054045219350883
4,0.8259003358411573,3.8078891155396377
4,0.8264239885588752,3.81037278548456
4,0.8269476412765931,3.8128554984605216
4,0.8274712939943111,3.815337221005393
4,0.827994946712029,3.8178179195006123
4,0.8285185994297469,3.8202975601780054
4,0.8290422521474649,3.8227761091120556
4,0.8295659048651828,3.8252535322271797
4,0.8300895575829007,3.82772979529409
4,0.8306132103006185,3.8302048639320674
4,0.8311368630183364,3.8326787036075984
4,0.8316605157360544,3.835151279634374
4,0.8321841684537723,3.837622557177383
4,0.8327078211714902,3.840092501248364
4,0.8332314738892082,3.8425610767098988
4,0.8337551266069261,3.845028248271774
4,0.834278779324644,3.8474939804955284
4,0.8348024320423619,3.849958237793544
4,0.8353260847600799,3.8524209844267716
4,0.8358497374777978,3.854882184508824
4,0.8363733901955157,3.857341802004612
4,0.8368970429132336,3.859799800730798
4,0.8374206956309516,3.8622561443548875
4,0.8379443483486695,3.864710796399777
4,0.8384680010663873,3.8671637202396596
4,0.8389916537841052,3.8696148791023006
4,0.8395153065018232,3.8720642360708553
4,0.8400389592195411,3.8745117540834144
4,0.840562611937259,3.8769573959298214
4,0.8410862646549769,3.8794011242571287
4,0.8416099173726949,3.881842901572327
4,0.8421335700904128,3.884282690233249
4,0.8426572228081307,3.8867204524576664
4,0.8431808755258486,3.889156150321469
4,0.8437045282435666,3.8915897457568462
4,0.8442281809612845,3.8940212005568355
4,0.8447518336790024,3.8964504763725927
4,0.8452754863967203,3.8988775347165756
4,0.8457991391144382,3.901302336959361
4,0.8463227918321561,3.9037248443360113
4,0.846846444549874,3.906145017941526
4,0.8473700972675919,3.9085628187322072
4,0.8478937499853099,3.910978207531116
4,0.8484174027030278,3.9133911450217056
4,0.8489410554207457,3.915801591753734
4,0.8494647081384636,3.9182095081432635
4,0.8499883608561816,3.9206148544685675
4,0.8505120135738995,3.9230175908769525
4,0.8510356662916174,3.925417677385667
4,0.8515593190093353,3.9278150738755357
4,0.8520829717270533,3.9302097400982348
4,0.8526066244447712,3.9326016356753826
4,0.853130277162489,3.9349907200994494
4,0.8536539298802069,3.937376952732393
4,0.8541775825979249,3.9397602928088418
4,0.8547012353156428,3.9421406994388235
4,0.8552248880333607,3.944518131604127
4,0.8557485407510786,3.9468925481592123
4,0.8562721934687966,3.9492639078384855
4,0.8567958461865145,3.9516321692476595
4,0.8573194989042324,3.953997290871939
4,0.8578431516219504,3.956359231078295
4,0.8583668043396683,3.958717948107733
4,0.8588904570573862,3.96107340007984
4,0.8594141097751041,3.963425545001428
4,0.859937762492822,3.9657743407574344
4,0.8604614152105399,3.9681197451150183
4,0.8609850679282578,3.9704617157281064
4,0.8615087206459757,3.9728002101328457
4,0.8620323733636936,3.9751351857498776
4,0.8625560260814116,3.9774665998916134
4,0.8630796787991295,3.9797944097554137
4,0.8636033315168474,3.982118572426316
4,0.8641269842345654,3.984439044881128
4,0.8646506369522833,3.986755783987519
4,0.8651742896700012,3.989068746506291
4,0.8656979423877191,3.991377889089563
4,0.8662215951054371,3.993683168286225
4,0.866745247823155,3.995984540538757
4,0.8672689005408729,3.998281962186411
4,0.8677925532585907,4.000575389467031
4,0.8683162059763087,4.00286477851796
4,0.8688398586940266,4.005150085375135
4,0.8693635114117445,4.007431265978994
4,0.8698871641294624,4.0097082761694764
4,0.8704108168471804,4.011981071690116
4,0.8709344695648983,4.01424960819395
4,0.8714581222826162,4.016513841234882
4,0.8719817750003341,4.018773726278141
4,0.8725054277180521,4.021029218698004
4,0.87302908043577,4.023280273774617
4,0.8735527331534879,4.025526846705361
4,0.8740763858712058,4.027768892598488
4,0.8746000385889238,4.030006366473117
4,0.8751236913066417,4.032239223268789
4,0.8756473440243595,4.03446741784046
4,0.8761709967420774,4.036690904958959
4,0.8766946494597954,4.038909639317808
4,0.8772183021775133,4.041123575530037
4,0.8777419548952312,4.043332668132734
4,0.8782656076129491,4.045536871585227
4,0.8787892603306671,4.047736140273628
4,0.879312913048385,4.0499304285094695
4,0.8798365657661029,4.052119690533345
4,0.8803602184838208,4.054303880517182
4,0.8808838712015388,4.05648295256151
4,0.8814075239192567,4.0586568607004665
4,0.8819311766369746,4.060825558905435
4,0.8824548293546925,4.062989001080496
4,0.8829784820724104,4.065147141067882
4,0.8835021347901283,4.0672999326488934
4,0.8840257875078462,4.06944732954571
4,0.8845494402255641,4.071589285424125
4,0.8850730929432821,4.073725753891267
4,0.885596745661,4.0758566885024266
4,0.8861203983787179,4.077982042756503
4,0.8866440510964358,4.080101770103283
4,0.8871677038141538,4.082215823943443
4,0.8876913565318717,4.084324157629908
4,0.8882150092495896,4.086426724467401
4,0.8887386619673076,4.08852347771699
4,0.8892623146850255,4.090614370599269
4,0.8897859674027434,4.092699356288449
4,0.8903096201204612,4.09477838792418
4,0.8908332728381791,4.096851418606548
4,0.8913569255558971,4.098918401401534
4,0.891880578273615,4.100979289337829
4,0.8924042309913329,4.103034035413202
4,0.8929278837090509,4.105082592597682
4,0.8934515364267688,4.107124913828557
4,0.8939751891444867,4.1091609520171914
4,0.8944988418622046,4.111190660051307
4,0.8950224945799226,4.1132139907958845
4,0.8955461472976405,4.115230897092715
4,0.8960698000153584,4.117241331765399
4,0.8965934527330763,4.119245247617982
4,0.8971171054507943,4.121242597440414
4,0.8976407581685121,4.123233334011729
4,0.89816441088623,4.125217410093683
4,0.8986880636039479,4.127194778439389
4,0.8992117163216659,4.1291653917974145
4,0.8997353690393838,4.131129202907687
4,0.9002590217571017,4.133086164505585
4,0.9007826744748196,4.135036229326488
4,0.9013063271925376,4.136979350102138
4,0.9018299799102555,4.138915479570642
4,0.9023536326279734,4.140844570470563
4,0.9028772853456913,4.142766575547739
4,0.9034009380634093,4.14468144755574
4,0.9039245907811272,4.1465891392567755
4,0.9044482434988451,4.148489603428516
4,0.9049718962165629,4.150382792859546
4,0.9054955489342809,4.152268660354821
4,0.9060192016519988,4.154147158738851
4,0.9065428543697167,4.156018240854792
4,0.9070665070874346,4.157881859569898
4,0.9075901598051526,4.159737967775527
4,0.9081138125228705,4.161586518389413
4,0.9086374652405884,4.163427464355664
4,0.9091611179583063,4.165260758652494
4,0.9096847706760243,4.167086354291769
4,0.9102084233937422,4.168904204315822
4,0.9107320761114601,4.1707142618070066
4,0.911255728829178,4.172516479890874
4,0.911779381546896,4.174310811728446
4,0.9123030342646139,4.176097210526223
4,0.9128266869823317,4.177875629539358
4,0.9133503397000496,4.179646022067573
4,0.9138739924177676,4.181408341464248
4,0.9143976451354855,4.1831625411332425
4,0.9149212978532034,4.184908574534802
4,0.9154449505709213,4.186646395184653
4,0.9159686032886393,4.1883759566590015
4,0.9164922560063572,4.190097212594992
4,0.9170159087240751,4.191810116692977
4,0.917539561441793,4.193514622720613
4,0.918063214159511,4.195210684512858
4,0.9185868668772289,4.196898255976976
4,0.9191105195949468,4.198577291091169
4,0.9196341723126648,4.200247743909131
4,0.9201578250303826,4.201909568562769
4,0.9206814777481005,4.203562719262209
4,0.9212051304658184,4.205207150302158
4,0.9217287831835363,4.20684281605827
4,0.9222524359012543,4.208469670994873
4,0.9227760886189722,4.2100876696658815
4,0.9232997413366901,4.211696766715249
4,0.923823394054408,4.213296916880154
4,0.924347046772126,4.214888074994178
4,0.9248706994898439,4.2164701959895865
4,0.9253943522075618,4.218043234898232
4,0.9259180049252798,4.219607146855196
4,0.9264416576429977,4.221161887101516
4,0.9269653103607156,4.222707410985095
4,0.9274889630784334,4.224243673965248
4,0.9280126157961514,4.225770631608157
4,0.9285362685138693,4.227288239600966
4,0.9290599212315872,4.228796453747236
4,0.9295835739493051,4.230295229965122
4,0.9301072266670231,4.231784524298291
4,0.930630879384741,4.233264292914555
4,0.9311545321024589,4.234734492105417
4,0.9316781848201768,4.236195078292894
4,0.9322018375378948,4.237646008031788
4,0.9327254902556127,4.239087238007869
4,0.9332491429733306,4.240518725041511
4,0.9337727956910485,4.24194042609588
4,0.9342964484087665,4.243352298271475
4,0.9348201011264843,4.244754298812495
4,0.9353437538442022,4.24614638510775
4,0.9358674065619201,4.247528514694295
4,0.9363910592796381,4.2489006452615286
4,0.936914711997356,4.25026273464664
4,0.9374383647150739,4.251614740845525
4,0.9379620174327918,4.2529566220100605
4,0.9384856701505098,4.254288336449008
4,0.9390093228682277,4.255609842638023
4,0.9395329755859456,4.256921099214651
4,0.9400566283036635,4.25822206498151
4,0.9405802810213815,4.259512698911294
4,0.9411039337390994,4.260792960148137
4,0.9416275864568173,4.262062808010796
4,0.9421512391745352,4.263322201991741
4,0.9426748918922531,4.264571101765341
4,0.943198544609971,4.265809467183317
4,0.9437221973276889,4.267037258279743
4,0.9442458500454068,4.268254435277868
4,0.9447695027631248,4.2694609585878425
4,0.9452931554808427,4.270656788804899
4,0.9458168081985606,4.27184188672345
4,0.9463404609162785,4.273016213327537
4,0.9468641136339965,4.274179729800835
4,0.9473877663517144,4.275332397526654
4,0.9479114190694323,4.276474178086119
4,0.9484350717871503,4.277605033268628
4,0.9489587245048682,4.278724925066854
4,0.9494823772225861,4.27983381568265
4,0.9500060299403039,4.2809316675306945
4,0.9505296826580218,4.282018443234847
4,0.9510533353757398,4.283094105635882
4,0.9515769880934577,4.2841586177924
4,0.9521006408111756,4.285211942984006
4,0.9526242935288936,4.286254044708585
4,0.9531479462466115,4.2872848866913955
4,0.9536715989643294,4.288304432883706
4,0.9541952516820473,4.289312647463248
4,0.9547189043997653,4.290309494840585
4,0.9552425571174832,4.29129493966002
4,0.9557662098352011,4.292268946798231
4,0.956289862552919,4.293231481371095
4,0.956813515270637,4.294182508735048
4,0.9573371679883548,4.295121994485271
4,0.9578608207060727,4.296049904462961
4,0.9583844734237906,4.29696620475579
4,0.9589081261415086,4.297870861697902
4,0.9594317788592265,4.298763841874916
4,0.9599554315769444,4.299645112122107
4,0.9604790842946623,4.300514639533503
4,0.9610027370123803,4.3013723914577895
4,0.9615263897300982,4.302218335500129
4,0.9620500424478161,4.303052439528528
4,0.962573695165534,4.303874671672929
4,0.963097347883252,4.304685000329755
4,0.9636210006009699,4.305483394159637
4,0.9641446533186878,4.306269822092418
4,0.9646683060364056,4.307044253330787
4,0.9651919587541236,4.307806657346191
4,0.9657156114718415,4.308557003889746
4,0.9662392641895594,4.309295262985415
4,0.9667629169072773,4.310021404935924
4,0.9672865696249953,4.310735400327758
4,0.9678102223427132,4.311437220026619
4,0.9683338750604311,4.312126835181971
4,0.968857527778149,4.312804217233406
4,0.969381180495867,4.31346933790519
4,0.9699048332135849,4.314122169211714
4,0.9704284859313028,4.314762683461595
4,0.9709521386490207,4.31539085325312
4,0.9714757913667387,4.316006651482439
4,0.9719994440844566,4.316610051344014
4,0.9725230968021744,4.3172010263297125
4,0.9730467495198923,4.317779550231535
4,0.9735704022376103,4.318345597143434
4,0.9740940549553282,4.318899141464954
4,0.9746177076730461,4.3194401579012265
4,0.975141360390764,4.319968621465705
4,0.975665013108482,4.32048450747925
4,0.9761886658261999,4.320987791572861
4,0.9767123185439178,4.321478449693586
4,0.9772359712616357,4.321956458100885
4,0.9777596239793537,4.32242179336663
4,0.9782832766970716,4.322874432385561
4,0.9788069294147895,4.323314352366651
4,0.9793305821325075,4.323741530841744
4,0.9798542348502253,4.324155945664188
4,0.9803778875679432,4.324557575008839
4,0.9809015402856611,4.324946397378426
4,0.981425193003379,4.325322391599457
4,0.981948845721097,4.325685536828132
4,0.9824724984388149,4.326035812547616
4,0.9829961511565328,4.326373198572128
4,0.9835198038742508,4.326697675050582
4,0.9840434565919687,4.3270092224620385
4,0.9845671093096866,4.327307821621162
4,0.9850907620274045,4.327593453679583
4,0.9856144147451225,4.3278661001240835
4,0.9861380674628404,4.32812574278023
4,0.9866617201805583,4.328372363816015
4,0.9871853728982761,4.3286059457391275
4,0.987709025615994,4.328826471396496
4,0.988232678333712,4.329033923983388
4,0.9887563310514299,4.329228287035221
4,0.9892799837691478,4.329409544435293
4,0.9898036364868658,4.329577680415241
4,0.9903272892045837,4.329732679550489
4,0.9908509419223016,4.32987452676889
4,0.9913745946400195,4.330003207348
4,0.9918982473577375,4.330118706914163
4,0.9924219000754554,4.33022101144752
4,0.9929455527931733,4.3303101072806385
4,0.9934692055108912,4.330385981101699
4,0.9939928582286092,4.330448619951312
4,0.994516510946327,4.330498011227974
4,0.9950401636640449,4.330534142686247
4,0.9955638163817628,4.330557002437672
4,0.9960874690994808,4.330566578953039
4,0.9966111218171987,4.330562861061026
4,0.9971347745349166,4.330545837953196
4,0.9976584272526345,4.33051549917991
4,0.9981820799703525,4.3304718346512345
4,0.9987057326880704,4.330414834643761
4,0.9992293854057883,4.330344489795152
4,0.9997530381235062,4.3302607911045925
4,1.0002766908412242,4.330163729938704
4,1.000800343558942,4.330053298026996
4,1.00132399627666,4.329929487465961
4,1.001847648994378,4.32979229071816
4,1.0023713017120959,4.329641700609955
4,1.0028949544298138,4.3294777103374145
4,1.0034186071475317,4.3293003134663195
4,1.0039422598652497,4.329109503925338
4,1.0044659125829676,4.3289052760137565
4,1.0049895653006855,4.3286876244023915
4,1.0055132180184032,4.328456544129949
4,1.0060368707361211,4.328212030600753
4,1.006560523453839,4.327954079597021
4,1.007084176171557,4.327682687264769
4,1.007607828889275,4.327397850122452
4,1.0081314816069928,4.3270995650618715
4,1.0086551343247108,4.32678782934272
4,1.0091787870424287,4.3264626405989475
4,1.0097024397601466,4.326123996833758
4,1.0102260924778645,4.325771896422339
4,1.0107497451955825,4.325406338114135
4,1.0112733979133004,4.3250273210278465
4,1.0117970506310183,4.32463484465552
4,1.0123207033487363,4.324228908860277
4,1.0128443560664542,4.323809513880406
4,1.013368008784172,4.323376660323902
4,1.01389166150189,4.322930349168473
4,1.014415314219608,4.322470581768812
4,1.0149389669373259,4.321997359850684
4,1.0154626196550438,4.3215106855095655
4,1.0159862723727617,4.3210105612129155
4,1.0165099250904797,4.32049698980336
4,1.0170335778081976,4.319969974490505
4,1.0175572305259155,4.319429518857305
4,1.0180808832436334,4.318875626860063
4,1.0186045359613514,4.318308302822061
4,1.0191281886790693,4.317727551438566
4,1.0196518413967872,4.317133377776827
4,1.0201754941145051,4.31652578727244
4,1.0206991468322228,4.31590478572889
4,1.0212227995499408,4.315270379321646
4,1.0217464522676587,4.314622574594978
4,1.0222701049853766,4.313961378461499
4,1.0227937577030946,4.3132867981989875
4,1.0233174104208125,4.312598841454474
4,1.0238410631385304,4.311897516243789
4,1.0243647158562483,4.311182830946109
4,1.0248883685739663,4.310454794308498
4,1.0254120212916842,4.3097134154427295
4,1.025935674009402,4.3089587038243735
4,1.02645932672712,4.308190669295072
4,1.026982979444838,4.3074093220579925
4,1.0275066321625559,4.306614672680098
4,1.0280302848802738,4.305806732089422
4,1.0285539375979917,4.304985511575978
4,1.0290775903157097,4.3041510227908475
4,1.0296012430334276,4.303303277743453
4,1.0301248957511455,4.302442288803377
4,1.0306485484688634,4.301568068697179
4,1.0311722011865814,4.30068063050976
4,1.0316958539042993,4.299779987683905
4,1.0322195066220172,4.298866154014377
4,1.0327431593397352,4.297939143651092
4,1.033266812057453,4.296998971101857
4,1.033790464775171,4.296045651222357
4,1.034314117492889,4.295079199221618
4,1.0348377702106069,4.294099630660639
4,1.0353614229283246,4.293106961448302
4,1.0358850756460425,4.29210120784137
4,1.0364087283637604,4.29108238644767
4,1.0369323810814783,4.290050514218365
4,1.0374560337991963,4.28900560845068
4,1.0379796865169142,4.287947686786538
4,1.0385033392346321,4.286876767209378
4,1.03902699195235,4.285792868045974
4,1.039550644670068,4.284696007963703
4,1.040074297387786,4.283586205966458
4,1.0405979501055038,4.282463481399645
4,1.0411216028232217,4.281327853944731
4,1.0416452555409397,4.280179343616965
4,1.0421689082586576,4.279017970767654
4,1.0426925609763755,4.27784375607871
4,1.0432162136940935,4.276656720564915
4,1.0437398664118114,4.275456885573021
4,1.0442635191295293,4.274244272773558
4,1.0447871718472472,4.2730189041681115
4,1.0453108245649652,4.271780802084322
4,1.045834477282683,4.270529989170882
4,1.046358130000401,4.269266488401172
4,1.046881782718119,4.26799032307099
4,1.0474054354358369,4.2667015167944555
4,1.0479290881535548,4.2654000935049226
4,1.0484527408712727,4.264086077450884
4,1.0489763935889906,4.262759493194608
4,1.0495000463067086,4.261420365618051
4,1.0500236990244265,4.260068719908759
4,1.0505473517421442,4.2587045815671445
4,1.0510710044598621,4.257327976401484
4,1.05159465717758,4.255938930528373
4,1.052118309895298,4.254537470366358
4,1.052641962613016,4.253123622641397
4,1.0531656153307338,4.251697414379123
4,1.0536892680484518,4.250258872904396
4,1.0542129207661697,4.248808025842209
4,1.0547365734838876,4.247344901112683
4,1.0552602262016055,4.245869526931983
4,1.0557838789193235,4.24438193180913
4,1.0563075316370414,4.242882144541454
4,1.0568311843547593,4.241370194217325
4,1.0573548370724772,4.239846110214785
4,1.0578784897901952,4.238309922193366
4,1.058402142507913,4.236761660097727
4,1.058925795225631,4.235201354156288
4,1.059449447943349,4.233629034873957
4,1.0599731006610669,4.232044733035309
4,1.0604967533787848,4.230448479700499
4,1.0610204060965027,4.228840306204802
4,1.0615440588142206,4.22722024415134
4,1.0620677115319386,4.2255883254179025
4,1.0625913642496565,4.223944582149215
4,1.0631150169673744,4.222289046754213
4,1.0636386696850924,4.220621751906492
4,1.0641623224028103,4.2189427305420395
4,1.0646859751205282,4.217252015857866
4,1.065209627838246,4.215549641304733
4,1.0657332805559638,4.21383564059397
4,1.0662569332736818,4.21211004768702
4,1.0667805859913997,4.210372896797708
4,1.0673042387091176,4.208624222391791
4,1.0678278914268355,4.206864059178315
4,1.0683515441445535,4.2050924421128
4,1.0688751968622714,4.203309406395874
4,1.0693988495799893,4.201514987468272
4,1.0699225022977072,4.199709221006742
4,1.0704461550154252,4.197892142925866
4,1.070969807733143,4.196063789376694
4,1.071493460450861,4.194224196740379
4,1.072017113168579,4.192373401628174
4,1.0725407658862969,4.190511440880982
4,1.0730644186040148,4.188638351562531
4,1.0735880713217327,4.18675417095983
4,1.0741117240394507,4.184858936583623
4,1.0746353767571686,4.1829526861615705
4,1.0751590294748865,4.1810354576387
4,1.0756826821926044,4.1791072891733165
4,1.0762063349103224,4.177168219135638
4,1.0767299876280403,4.175218286107338
4,1.0772536403457582,4.173257528877457
4,1.0777772930634761,4.171285986438761
4,1.078300945781194,4.169303697986834
4,1.078824598498912,4.167310702920531
4,1.07934825121663,4.165307040833341
4,1.0798719039343478,4.163292751515655
4,1.0803955566520655,4.161267874956593
4,1.0809192093697835,4.1592324513289896
4,1.0814428620875014,4.157186520999403
4,1.0819665148052193,4.155130124519019
4,1.0824901675229373,4.153063302627288
4,1.0830138202406552,4.1509860962419225
4,1.083537472958373,4.148898546458895
4,1.084061125676091,4.146800694555623
4,1.084584778393809,4.144692581983691
4,1.0851084311115269,4.142574250366124
4,1.0856320838292448,4.140445741495114
4,1.0861557365469627,4.138307097334291
4,1.0866793892646807,4.136158360011905
4,1.0872030419823986,4.13399957181673
4,1.0877266947001165,4.131830775200797
4,1.0882503474178344,4.129652012774386
4,1.0887740001355524,4.127463327303758
4,1.0892976528532703,4.125264761708877
4,1.0898213055709882,4.123056359062048
4,1.0903449582887061,4.120838162582459
4,1.090868611006424,4.118610215638
4,1.091392263724142,4.116372561740263
4,1.09191591644186,4.11412524454272
4,1.0924395691595779,4.111868307838449
4,1.0929632218772958,4.109601795556955
4,1.0934868745950137,4.10732575176462
4,1.0940105273127316,4.105040220658793
4,1.0945341800304496,4.1027452465659735
4,1.0950578327481673,4.100440873943626
4,1.0955814854658852,4.098127147370178
4,1.0961051381836031,4.095804111550933
4,1.096628790901321,4.0934718113098825
4,1.097152443619039,4.091130291589252
4,1.097676096336757,4.0887795974485925
4,1.0981997490544748,4.086419774060232
4,1.0987234017721927,4.084050866706548
4,1.0992470544899107,4.081672920779511
4,1.0997707072076286,4.079285981778412
4,1.1002943599253465,4.07689009530759
4,1.1008180126430644,4.074485307069608
4,1.1013416653607824,4.072071662869348
4,1.1018653180785003,4.0696492086090075
4,1.1023889707962182,4.067217990283552
4,1.1029126235139362,4.064778053982536
4,1.103436276231654,4.062329445884188
4,1.103959928949372,4.059872212256323
4,1.10448358166709,4.057406399449519
4,1.1050072343848079,4.0549320539012115
4,1.1055308871025258,4.052449222126597
4,1.1060545398202437,4.049957950720454
4,1.1065781925379616,4.047458286355777
4,1.1071018452556796,4.044950275775591
4,1.1076254979733975,4.042433965799319
4,1.1081491506911154,4.039909403311867
4,1.1086728034088333,4.037376635268174
4,1.1091964561265513,4.034835708688206
4,1.1097201088442692,4.032286670651956
4,1.110243761561987,4.029729568302173
4,1.1107674142797048,4.027164448837993
4,1.1112910669974227,4.024591359518126
4,1.1118147197151407,4.022010347650848
4,1.1123383724328586,4.019421460598096
4,1.1128620251505765,4.016824745769554
4,1.1133856778682945,4.01422025062584
4,1.1139093305860124,4.011608022668952
4,1.1144329833037303,4.008988109441361
4,1.1149566360214482,4.0063605585341975
4,1.1154802887391662,4.003725417569967
4,1.116003941456884,4.001082734207557
4,1.116527594174602,3.998432556143598
4,1.11705124689232,3.995774931105643
4,1.1175748996100379,3.9931099068476215
4,1.1180985523277558,3.990437531155294
4,1.1186222050454737,3.9877578518385235
4,1.1191458577631916,3.9850709167276364
4,1.1196695104809096,3.982376773680244
4,1.1201931631986275,3.979675470568054
4,1.1207168159163454,3.9769670552809657
4,1.1212404686340633,3.9742515757252477
4,1.1217641213517813,3.9715290798189926
4,1.1222877740694992,3.9687996154921166
4,1.1228114267872171,3.966063230682721
4,1.123335079504935,3.9633199733357287
4,1.123858732222653,3.960569891400155
4,1.124382384940371,3.957813032829563
4,1.1249060376580886,3.955049445577515
4,1.1254296903758065,3.9522791775943915
4,1.1259533430935245,3.949502276831936
4,1.1264769958112424,3.9467187912318877
4,1.1270006485289603,3.9439287687309843
4,1.1275243012466782,3.941132257258232
4,1.1280479539643962,3.93832930472945
4,1.128571606682114,3.9355199590472694
4,1.129095259399832,3.932704268102043
4,1.12961891211755,3.9298822797650246
4,1.1301425648352679,3.9270540418883684
4,1.1306662175529858,3.9242196023060387
4,1.1311898702707037,3.921379008828808
4,1.1317135229884216,3.9185323092428916
4,1.1322371757061396,3.915679551307676
4,1.1327608284238575,3.9128207827534425
4,1.1332844811415754,3.9099560512831886
4,1.1338081338592934,3.907085404569898
4,1.1343317865770113,3.90420889024972
4,1.1348554392947292,3.901326555923333
4,1.1353790920124471,3.8984384491568562
4,1.135902744730165,3.895544617476844
4,1.136426397447883,3.8926451083689244
4,1.136950050165601,3.8897399692768886
4,1.1374737028833188,3.8868292475999624
4,1.1379973556010368,3.883912990693716
4,1.1385210083187547,3.8809912458646068
4,1.1390446610364726,3.87806406036907
4,1.1395683137541905,3.8751314814157922
4,1.1400919664719082,3.8721935561611645
4,1.1406156191896262,3.869250331702915
4,1.141139271907344,3.8663018550864763
4,1.141662924625062,3.863348173302711
4,1.14218657734278,3.860389333277908
4,1.1427102300604979,3.857425381881967
4,1.1432338827782158,3.8544563659229425
4,1.1437575354959337,3.8514823321411313
4,1.1442811882136517,3.8485033272158944
4,1.1448048409313696,3.8455193977583804
4,1.1453284936490875,3.842530590311526
4,1.1458521463668054,3.83953695135051
4,1.1463757990845234,3.83653852727457
4,1.1468994518022413,3.8335353644133647
4,1.1474231045199592,3.8305275090242503
4,1.1479467572376771,3.8275150072845463
4,1.148470409955395,3.824497905296994
4,1.148994062673113,3.8214762490865724
4,1.149517715390831,3.818450084595952
4,1.1500413681085488,3.815419457687767
4,1.1505650208262668,3.812384414143253
4,1.1510886735439847,3.809344999656787
4,1.1516123262617026,3.80630125983771
4,1.1521359789794205,3.803253240211234
4,1.1526596316971385,3.800200986212076
4,1.1531832844148564,3.797144543184004
4,1.1537069371325743,3.7940839563830195
4,1.1542305898502923,3.7910192709719013
4,1.15475424256801,3.7879505320197495
4,1.1552778952857279,3.7848777845006225
4,1.1558015480034458,3.7818010732935363
4,1.1563252007211637,3.778720443180646
4,1.1568488534388817,3.775635938843152
4,1.1573725061565996,3.7725476048653945
4,1.1578961588743175,3.7694554857307594
4,1.1584198115920354,3.7663596258180405
4,1.1589434643097534,3.7632600694055327
4,1.1594671170274713,3.7601568606655746
4,1.1599907697451892,3.757050043668187
4,1.1605144224629071,3.753939662371522
4,1.161038075180625,3.7508257606282314
4,1.161561727898343,3.7477083821859196
4,1.162085380616061,3.7445875706766856
4,1.1626090333337789,3.741463369623034
4,1.1631326860514968,3.7383358224378753
4,1.1636563387692147,3.7352049724186145
4,1.1641799914869326,3.732070862749879
4,1.1647036442046506,3.7289335364998806
4,1.1652272969223685,3.7257930366204164
4,1.1657509496400864,3.722649405948232
4,1.1662746023578043,3.719502687199565
4,1.1667982550755223,3.7163529229719643
4,1.1673219077932402,3.713200155744744
4,1.1678455605109581,3.7100444278735267
4,1.168369213228676,3.706885781592973
4,1.168892865946394,3.703724259015871
4,1.1694165186641117,3.700559902130408
4,1.1699401713818296,3.6973927527983506
4,1.1704638240995475,3.6942228527595944
4,1.1709874768172654,3.691050243623067
4,1.1715111295349834,3.68787496687537
4,1.1720347822527013,3.684697063871681
4,1.1725584349704192,3.6815165758380317
4,1.1730820876881372,3.678333543871304
4,1.173605740405855,3.675148008938777
4,1.174129393123573,3.6719600118776725
4,1.174653045841291,3.668769593388788
4,1.1751766985590089,3.665576794042863
4,1.1757003512767268,3.662381654276487
4,1.1762240039944447,3.6591842143920985
4,1.1767476567121626,3.655984514557531
4,1.1772713094298806,3.652782594803284
4,1.1777949621475985,3.649578495024798
4,1.1783186148653164,3.646372254979724
4,1.1788422675830343,3.643163914287925
4,1.1793659203007523,3.639953512430111
4,1.1798895730184702,3.636741088749204
4,1.1804132257361881,3.633526682448064
4,1.180936878453906,3.630310332587669
4,1.181460531171624,3.6270920780902998
4,1.181984183889342,3.6238719577340817
4,1.1825078366070598,3.620650010157078
4,1.1830314893247778,3.6174262738536527
4,1.1835551420424957,3.614200787173104
4,1.1840787947602136,3.6109735883251233
4,1.1846024474779313,3.6077447153729736
4,1.1851261001956492,3.604514206231215
4,1.1856497529133672,3.6012820986761653
4,1.186173405631085,3.598048430331346
4,1.186697058348803,3.594813238676579
4,1.187220711066521,3.591576561047532
4,1.1877443637842389,3.58833843462844
4,1.1882680165019568,3.5850988964571116
4,1.1887916692196747,3.581857983422651
4,1.1893153219373926,3.578615732266371
4,1.1898389746551106,3.5753721795813362
4,1.1903626273728285,3.5721273618069063
4,1.1908862800905464,3.568881315236922
4,1.1914099328082643,3.5656340760142484
4,1.1919335855259823,3.5623856801275906
4,1.1924572382437002,3.5591361634187706
4,1.1929808909614181,3.555885561575451
4,1.193504543679136,3.552633910135228
4,1.194028196396854,3.5493812444833566
4,1.194551849114572,3.546127599850024
4,1.1950755018322898,3.542873011316715
4,1.1955991545500078,3.5396175138089347
4,1.1961228072677257,3.5363611420998495
4,1.1966464599854436,3.5331039308098298
4,1.1971701127031615,3.5298459144037224
4,1.1976937654208795,3.526587127194034
4,1.1982174181385974,3.523327603337293
4,1.1987410708563153,3.5200673768354136
4,1.199264723574033,3.516806481538424
4,1.199788376291751,3.513544951134918
4,1.2003120290094689,3.5102828191652407
4,1.2008356817271868,3.507020119011031
4,1.2013593344449047,3.5037568838965854
4,1.2018829871626227,3.5004931468934046
4,1.2024066398803406,3.497228940916557
4,1.2029302925980585,3.4939642987224033
4,1.2034539453157764,3.4906992529131458
4,1.2039775980334944,3.4874338359354624
4,1.2045012507512123,3.4841680800755057
4,1.2050249034689302,3.4809020174652687
4,1.2055485561866481,3.477635680082585
4,1.206072208904366,3.474369099744763
4,1.206595861622084,3.471102308110403
4,1.207119514339802,3.4678353366839474
4,1.2076431670575198,3.4645682168147687
4,1.2081668197752378,3.4613009796908045
4,1.2086904724929557,3.458033656342195
4,1.2092141252106736,3.4547662776462857
4,1.2097377779283915,3.4514988743185313
4,1.2102614306461095,3.4482314769206823
4,1.2107850833638274,3.4449641158535087
4,1.2113087360815453,3.4416968213604378
4,1.2118323887992632,3.4384296235321017
4,1.2123560415169812,3.4351625522954237
4,1.212879694234699,3.4318956374236222
4,1.213403346952417,3.428628908531209
4,1.213926999670135,3.425362395074444
4,1.2144506523878527,3.4220961263572462
4,1.2149743051055706,3.4188301315170975
4,1.2154979578232885,3.415564439539594
4,1.2160216105410064,3.412299079254808
4,1.2165452632587244,3.409034079331832
4,1.2170689159764423,3.405769468284234
4,1.2175925686941602,3.40250527446824
4,1.2181162214118781,3.3992415260818234
4,1.218639874129596,3.3959782511683443
4,1.219163526847314,3.392715477613365
4,1.219687179565032,3.3894532331451046
4,1.2202108322827498,3.38619154533626
4,1.2207344850004678,3.382930441602184
4,1.2212581377181857,3.3796699492008884
4,1.2217817904359036,3.3764100952371336
4,1.2223054431536216,3.373150906657429
4,1.2228290958713395,3.369892410252305
4,1.2233527485890574,3.3666346326576786
4,1.2238764013067753,3.3633776003516687
4,1.2244000540244933,3.360121339660054
4,1.2249237067422112,3.3568658767517263
4,1.225447359459929,3.3536112376400524
4,1.225971012177647,3.3503574481842406
4,1.226494664895365,3.347104534087066
4,1.2270183176130829,3.343852520898963
4,1.2275419703308008,3.340601434017117
4,1.2280656230485187,3.337351298680005
4,1.2285892757662367,3.334102139976494
4,1.2291129284839544,3.3308539828408357
4,1.2296365812016723,3.327606852050394
4,1.2301602339193902,3.3243607722365596
4,1.2306838866371081,3.3211157678706513
4,1.231207539354826,3.317871863273922
4,1.231731192072544,3.3146290826152836
4,1.232254844790262,3.3113874499126723
4,1.2327784975079799,3.308146989031229
4,1.2333021502256978,3.3049077236823905
4,1.2338258029434157,3.3016696774288903
4,1.2343494556611336,3.2984328736806674
4,1.2348731083788516,3.2951973356966846
4,1.2353967610965695,3.2919630865881118
4,1.2359204138142874,3.288730149312869
4,1.2364440665320053,3.285498546679264
4,1.2369677192497233,3.2822683013478127
4,1.2374913719674412,3.279039435827144
4,1.2380150246851591,3.2758119724776407
4,1.238538677402877,3.27258593351371
4,1.239062330120595,3.2693613409978752
4,1.239585982838313,3.266138216843956
4,1.2401096355560308,3.262916582822072
4,1.2406332882737487,3.2596964605513676
4,1.2411569409914667,3.2564778715063767
4,1.2416805937091846,3.2532608370133858
4,1.2422042464269025,3.2500453782508885
4,1.2427278991446205,3.246831516254133
4,1.2432515518623384,3.243619271911939
4,1.2437752045800563,3.240408665967607
4,1.244298857297774,3.237199719019827
4,1.244822510015492,3.2339924515185885
4,1.2453461627332099,3.230786883775636
4,1.2458698154509278,3.227583035958105
4,1.2463934681686457,3.224380928086248
4,1.2469171208863636,3.221180580037526
4,1.2474407736040816,3.2179820115497932
4,1.2479644263217995,3.2147852422158394
4,1.2484880790395174,3.2115902914888466
4,1.2490117317572353,3.2083971786782968
4,1.2495353844749533,3.2052059229540646
4,1.2500590371926712,3.202016543342779
4,1.2505826899103891,3.1988290587332813
4,1.251106342628107,3.195643487875259
4,1.251629995345825,3.1924598493747
4,1.252153648063543,3.1892781617038963
4,1.2526773007812608,3.18609844319235
4,1.2532009534989788,3.1829207120313185
4,1.2537246062166967,3.1797449862774556
4,1.2542482589344146,3.1765712838478066
4,1.2547719116521325,3.1733996225207193
4,1.2552955643698505,3.170230019941755
4,1.2558192170875684,3.1670624936191416
4,1.2563428698052863,3.163897060922409
4,1.2568665225230042,3.160733739090574
4,1.2573901752407222,3.1575725452244114
4,1.25791382795844,3.1544134962905446
4,1.258437480676158,3.1512566091237204
4,1.2589611333938757,3.148101900423171
4,1.2594847861115936,3.144949386756707
4,1.2600084388293116,3.141799084557988
4,1.2605320915470295,3.138651010128342
4,1.2610557442647474,3.135505179640859
4,1.2615793969824654,3.1323616091344775
4,1.2621030497001833,3.1292203145162603
4,1.2626267024179012,3.126081311564576
4,1.2631503551356191,3.1229446159300096
4,1.263674007853337,3.119810243131269
4,1.264197660571055,3.116678208557005
4,1.264721313288773,3.1135485274708117
4,1.2652449660064908,3.110421215005317
4,1.2657686187242088,3.107296286167184
4,1.2662922714419267,3.104173755838019
4,1.2668159241596446,3.101053638768917
4,1.2673395768773625,3.097935949586372
4,1.2678632295950805,3.0948207027922763
4,1.2683868823127984,3.091707912764832
4,1.2689105350305163,3.088597593752638
4,1.2694341877482342,3.085489759883785
4,1.2699578404659522,3.082384425165401
4,1.27048149318367,3.079281603474101
4,1.271005145901388,3.0761813085696303
4,1.271528798619106,3.073083554088953
4,1.2720524513368239,3.0699883535457957
4,1.2725761040545418,3.066895720332468
4,1.2730997567722597,3.063805667721226
4,1.2736234094899774,3.060718208866092
4,1.2741470622076954,3.057633356797396
4,1.2746707149254133,3.0545511244295085
4,1.2751943676431312,3.0514715245558364
4,1.2757180203608491,3.048394569854281
4,1.276241673078567,3.0453202728831457
4,1.276765325796285,3.0422486460824985
4,1.277288978514003,3.039179701777357
4,1.2778126312317208,3.036113452177233
4,1.2783362839494388,3.033049909373858
4,1.2788599366671567,3.029989085343459
4,1.2793835893848746,3.0269309919513034
4,1.2799072421025925,3.0238756409435155
4,1.2804308948203105,3.020823043955261
4,1.2809545475380284,3.017773212510747
4,1.2814782002557463,3.0147261580141276
4,1.2820018529734643,3.011681891763601
4,1.2825255056911822,3.008640424945952
4,1.2830491584089,3.0056017686338237
4,1.283572811126618,3.0025659337898105
4,1.284096463844336,2.9995329312637296
4,1.2846201165620539,2.9965027718030797
4,1.2851437692797718,2.9934754660403087
4,1.2856674219974897,2.9904510244991798
4,1.2861910747152077,2.9874294575988642
4,1.2867147274329256,2.9844107756466656
4,1.2872383801506435,2.981394988843931
4,1.2877620328683614,2.978382107287871
4,1.2882856855860794,2.97537214096792
4,1.288809338303797,2.9723650997680124
4,1.289332991021515,2.969360993463397
4,1.289856643739233,2.966359831729733
4,1.2903802964569508,2.963361624139452
4,1.2909039491746688,2.9603663801549374
4,1.2914276018923867,2.9573741091403463
4,1.2919512546101046,2.9543848203566085
4,1.2924749073278226,2.9513985229596074
4,1.2929985600455405,2.9484152260088194
4,1.2935222127632584,2.94543493845822
4,1.2940458654809763,2.9424576691612856
4,1.2945695181986943,2.939483426875995
4,1.2950931709164122,2.9365122202566454
4,1.29561682363413,2.9335440578561247
4,1.296140476351848,2.9305789481354623
4,1.296664129069566,2.927616899453369
4,1.2971877817872839,2.924657920070331
4,1.2977114345050018,2.9217020181504267
4,1.2982350872227197,2.9187492017645127
4,1.2987587399404377,2.91579947888431
4,1.2992823926581556,2.912852857382859
4,1.2998060453758735,2.9099093450445253
4,1.3003296980935914,2.9069689495554485
4,1.3008533508113094,2.904031678509
4,1.3013770035290273,2.9010975394021443
4,1.3019006562467452,2.8981665396422613
4,1.3024243089644632,2.895238686544417
4,1.302947961682181,2.892313987325906
4,1.3034716143998988,2.889392449119441
4,1.3039952671176167,2.8864740789622374
4,1.3045189198353346,2.8835588838028343
4,1.3050425725530526,2.8806468704992767
4,1.3055662252707705,2.877738045818205
4,1.3060898779884884,2.8748324164394035
4,1.3066135307062063,2.8719299889548893
4,1.3071371834239243,2.869030769864821
4,1.3076608361416422,2.866134765582956
4,1.3081844888593601,2.8632419824375575
4,1.308708141577078,2.8603524266713976
4,1.309231794294796,2.8574661044358436
4,1.309755447012514,2.854583021799044
4,1.3102790997302318,2.851703184748203
4,1.3108027524479497,2.8488265991777553
4,1.3113264051656677,2.84595327090301
4,1.3118500578833856,2.8430832056560575
4,1.3123737106011035,2.840216409081677
4,1.3128973633188215,2.8373528867459754
4,1.3134210160365394,2.8344926441295684
4,1.3139446687542573,2.831635686633035
4,1.3144683214719752,2.828782019575101
4,1.3149919741896932,2.825931648192636
4,1.315515626907411,2.8230845776447495
4,1.316039279625129,2.8202408130059666
4,1.316562932342847,2.817400359273506
4,1.3170865850605649,2.8145632213681893
4,1.3176102377782828,2.811729404128073
4,1.3181338904960007,2.8088989123170904
4,1.3186575432137184,2.8060717506173205
4,1.3191811959314363,2.803247923634899
4,1.3197048486491543,2.800427435902293
4,1.3202285013668722,2.797610291872843
4,1.3207521540845901,2.794796495922583
4,1.321275806802308,2.7919860523552416
4,1.321799459520026,2.7891789653999695
4,1.322323112237744,2.78637523920861
4,1.3228467649554618,2.7835748778616107
4,1.3233704176731798,2.7807778853625678
4,1.3238940703908977,2.7779842656468645
4,1.3244177231086156,2.775194022573487
4,1.3249413758263335,2.7724071599291165
4,1.3254650285440515,2.769623681431767
4,1.3259886812617694,2.766843590726239
4,1.3265123339794873,2.7640668913850277
4,1.3270359866972052,2.7612935869133253
4,1.3275596394149232,2.758523680745384
4,1.328083292132641,2.7557571762431508
4,1.328606944850359,2.752994076703999
4,1.329130597568077,2.7502343853525417
4,1.3296542502857949,2.7474781053492734
4,1.3301779030035128,2.7447252397837474
4,1.3307015557212307,2.741975791679124
4,1.3312252084389486,2.739229763991716
4,1.3317488611566666,2.7364871596114426
4,1.3322725138743845,2.7337479813645587
4,1.3327961665921024,2.7310122320059236
4,1.3333198193098201,2.728279914232189
4,1.333843472027538,2.725551030668612
4,1.334367124745256,2.722825583881786
4,1.334890777462974,2.7201035763723667
4,1.3354144301806918,2.717385010574617
4,1.3359380828984098,2.714669888863682
4,1.3364617356161277,2.7119582135514975
4,1.3369853883338456,2.7092499868872437
4,1.3375090410515635,2.706545211057346
4,1.3380326937692815,2.7038438881872935
4,1.3385563464869994,2.701146020343458
4,1.3390799992047173,2.6984516095276376
4,1.3396036519224352,2.6957606576866056
4,1.3401273046401532,2.6930731667057444
4,1.340650957357871,2.690389138406317
4,1.341174610075589,2.687708574557746
4,1.341698262793307,2.685031476865788
4,1.3422219155110249,2.6823578469811764
4,1.3427455682287428,2.6796876864978003
4,1.3432692209464607,2.6770209969463394
4,1.3437928736641787,2.674357779807906
4,1.3443165263818966,2.671698036501766
4,1.3448401790996145,2.6690417683921623
4,1.3453638318173324,2.6663889767914952
4,1.3458874845350504,2.6637396629516843
4,1.3464111372527683,2.661093828070989
4,1.3469347899704862,2.6584514732962816
4,1.3474584426882041,2.6558125997166826
4,1.347982095405922,2.6531772083671967
4,1.3485057481236398,2.65054530023599
4,1.3490294008413577,2.6479168762475638
4,1.3495530535590756,2.6452919372809447
4,1.3500767062767935,2.6426704841628634
4,1.3506003589945115,2.6400525176663905
4,1.3511240117122294,2.637438038512755
4,1.3516476644299473,2.6348270473713455
4,1.3521713171476653,2.632219544864256
4,1.3526949698653832,2.629615531559921
4,1.353218622583101,2.6270150079776613
4,1.353742275300819,2.624417974588596
4,1.354265928018537,2.6218244318120014
4,1.3547895807362549,2.6192343800194067
4,1.3553132334539728,2.616647819534137
4,1.3558368861716907,2.614064750631769
4,1.3563605388894087,2.6114851735387674
4,1.3568841916071266,2.6089090884338475
4,1.3574078443248445,2.6063364954497956
4,1.3579314970425624,2.6037673946734685
4,1.3584551497602804,2.601201786143065
4,1.3589788024779983,2.5986396698508543
4,1.3595024551957162,2.596081045744995
4,1.3600261079134341,2.593525913727717
4,1.360549760631152,2.5909742736557746
4,1.36107341334887,2.5884261253418117
4,1.361597066066588,2.585881468552543
4,1.3621207187843059,2.583340303011937
4,1.3626443715020238,2.5808026284012158
4,1.3631680242197415,2.5782684443584003
4,1.3636916769374594,2.5757377504755823
4,1.3642153296551773,2.5732105463030166
4,1.3647389823728953,2.5706868313527593
4,1.3652626350906132,2.568166605089573
4,1.3657862878083311,2.5656498669386565
4,1.366309940526049,2.563136616285192
4,1.366833593243767,2.560626852472069
4,1.367357245961485,2.5581205748021603
4,1.3678808986792028,2.5556177825355917
4,1.3684045513969207,2.5531184748947453
4,1.3689282041146387,2.5506226510615306
4,1.3694518568323566,2.548130310181932
4,1.3699755095500745,2.545641451356005
4,1.3704991622677924,2.5431560736496976
4,1.3710228149855104,2.5406741760912155
4,1.3715464677032283,2.5381957576664718
4,1.3720701204209462,2.5357208173277286
4,1.3725937731386642,2.5332493539885945
4,1.373117425856382,2.5307813665240246
4,1.3736410785741,2.528316853773049
4,1.374164731291818,2.525855814537408
4,1.3746883840095359,2.5233982475838275
4,1.3752120367272538,2.5209441516440165
4,1.3757356894449717,2.518493525409667
4,1.3762593421626896,2.5160463675420033
4,1.3767829948804076,2.5136026766645045
4,1.3773066475981255,2.51116245136609
4,1.3778303003158434,2.508725690200208
4,1.3783539530335611,2.50629239168984
4,1.378877605751279,2.5038625543206763
4,1.379401258468997,2.5014361765443027
4,1.379924911186715,2.4990132567813816
4,1.3804485639044328,2.4965937934202884
4,1.3809722166221507,2.494177784810745
4,1.3814958693398687,2.4917652292765524
4,1.3820195220575866,2.489356125109225
4,1.3825431747753045,2.4869504705602594
4,1.3830668274930225,2.4845482638584144
4,1.3835904802107404,2.482149503198798
4,1.3841141329284583,2.479754186741957
4,1.3846377856461762,2.4773623126229722
4,1.3851614383638942,2.474973878941455
4,1.385685091081612,2.4725888837692764
4,1.38620874379933,2.4702073251482943
4,1.386732396517048,2.467829201089444
4,1.3872560492347659,2.4654545095754656
4,1.3877797019524838,2.4630832485581777
4,1.3883033546702017,2.4607154159630227
4,1.3888270073879196,2.4583510096872487
4,1.3893506601056376,2.4559900275953623
4,1.3898743128233555,2.453632467524585
4,1.3903979655410734,2.4512783272884917
4,1.3909216182587913,2.448927604669734
4,1.3914452709765093,2.446580297424589
4,1.3919689236942272,2.4442364032811383
4,1.3924925764119451,2.4418959199383607
4,1.3930162291296628,2.4395588450788637
4,1.3935398818473808,2.437225176343418
4,1.3940635345650987,2.434894911360061
4,1.3945871872828166,2.4325680477240894
4,1.3951108400005345,2.4302445830044235
4,1.3956344927182525,2.4279245147490656
4,1.3961581454359704,2.4256078404796426
4,1.3966817981536883,2.4232945576895872
4,1.3972054508714062,2.420984663850504
4,1.3977291035891242,2.4186781564085322
4,1.398252756306842,2.416375032787073
4,1.39877640902456,2.414075290384062
4,1.399300061742278,2.4117789265737883
4,1.3998237144599959,2.4094859387068936
4,1.4003473671777138,2.407196324110373
4,1.4008710198954317,2.404910080091213
4,1.4013946726131497,2.402627203931843
4,1.4019183253308676,2.400347692889227
4,1.4024419780485855,2.3980715442012297
4,1.4029656307663034,2.395798755082069
4,1.4034892834840214,2.393529322725044
4,1.4040129362017393,2.391263244300717
4,1.4045365889194572,2.38900051696055
4,1.4050602416371751,2.3867411378341785
4,1.405583894354893,2.384485104023952
4,1.406107547072611,2.382232412619487
4,1.406631199790329,2.3799830606867545
4,1.4071548525080468,2.3777370452708055
4,1.4076785052257648,2.3754943633975927
4,1.4082021579434825,2.37325501207215
4,1.4087258106612004,2.371018988279502
4,1.4092494633789183,2.368786288987394
4,1.4097731160966362,2.3665569111399236
4,1.4102967688143542,2.364330851665727
4,1.410820421532072,2.362108107475251
4,1.41134407424979,2.3598886754543855
4,1.411867726967508,2.357672552478107
4,1.4123913796852259,2.3554597353986537
4,1.4129150324029438,2.3532502210473467
4,1.4134386851206617,2.351044006245502
4,1.4139623378383797,2.3488410877916976
4,1.4144859905560976,2.3466414624635945
4,1.4150096432738155,2.344445127028848
4,1.4155332959915334,2.3422520782341962
4,1.4160569487092514,2.340062312808186
4,1.4165806014269693,2.337875827465723
4,1.4171042541446872,2.335692618901703
4,1.4176279068624051,2.33351268379829
4,1.418151559580123,2.3313360188176375
4,1.418675212297841,2.3291626206082583
4,1.419198865015559,2.3269924858050217
4,1.4197225177332768,2.32482561102006
4,1.4202461704509948,2.3226619928545915
4,1.4207698231687127,2.320501627898011
4,1.4212934758864306,2.3183445127178857
4,1.4218171286041486,2.3161906438690494
4,1.4223407813218665,2.3140400178972413
4,1.4228644340395842,2.3118926313236443
4,1.423388086757302,2.309748480660346
4,1.42391173947502,2.307607562407611
4,1.424435392192738,2.305469873047514
4,1.4249590449104559,2.3033354090484863
4,1.4254826976281738,2.3012041668671372
4,1.4260063503458917,2.299076142946433
4,1.4265300030636097,2.2969513337147873
4,1.4270536557813276,2.2948297355869727
4,1.4275773084990455,2.2927113449677563
4,1.4281009612167634,2.2905961582446253
4,1.4286246139344814,2.288484171793243
4,1.4291482666521993,2.286375381981088
4,1.4296719193699172,2.2842697851592675
4,1.4301955720876351,2.282167377667065
4,1.430719224805353,2.2800681558310316
4,1.431242877523071,2.2779721159686233
4,1.431766530240789,2.275879254380925
4,1.4322901829585069,2.2737895673626554
4,1.4328138356762248,2.2717030511967096
4,1.4333374883939427,2.2696197021468834
4,1.4338611411116606,2.267539516474244
4,1.4343847938293786,2.265462490427126
4,1.4349084465470965,2.263388620240221
4,1.4354320992648144,2.2613179021400356
4,1.4359557519825323,2.259250332341253
4,1.4364794047002503,2.2571859070485516
4,1.4370030574179682,2.2551246224566057
4,1.437526710135686,2.2530664747528135
4,1.4380503628534038,2.2510114601045643
4,1.4385740155711217,2.248959574680157
4,1.4390976682888397,2.246910814636067
4,1.4396213210065576,2.244865176116946
4,1.4401449737242755,2.242822655256532
4,1.4406686264419934,2.2407832481831065
4,1.4411922791597114,2.238746951011308
4,1.4417159318774293,2.2367137598521367
4,1.4422395845951472,2.234683670807499
4,1.4427632373128652,2.2326566799638385
4,1.443286890030583,2.230632783403962
4,1.443810542748301,2.2286119772043094
4,1.444334195466019,2.2265942574285873
4,1.4448578481837369,2.224579620133227
4,1.4453815009014548,2.222568061369202
4,1.4459051536191727,2.220559577176573
4,1.4464288063368906,2.218554163589033
4,1.4469524590546086,2.2165518166330003
4,1.4474761117723265,2.214552532325797
4,1.4479997644900444,2.2125563066801988
4,1.4485234172077623,2.210563135697157
4,1.4490470699254803,2.208573015373986
4,1.4495707226431982,2.206585941700723
4,1.4500943753609161,2.2046019106583117
4,1.450618028078634,2.2026209182240564
4,1.451141680796352,2.2006429603643483
4,1.45166533351407,2.1986680330437594
4,1.4521889862317878,2.1966961322168572
4,1.4527126389495055,2.1947272538363904
4,1.4532362916672235,2.192761393839646
4,1.4537599443849414,2.1907985481675496
4,1.4542835971026593,2.1888387127510214
4,1.4548072498203772,2.1868818835164348
4,1.4553309025380952,2.184928056381068
4,1.455854555255813,2.1829772272585615
4,1.456378207973531,2.1810293920607364
4,1.456901860691249,2.1790845466875908
4,1.4574255134089669,2.177142687038213
4,1.4579491661266848,2.1752038090044152
4,1.4584728188444027,2.1732679084734627
4,1.4589964715621206,2.1713349813289824
4,1.4595201242798386,2.1694050234455062
4,1.4600437769975565,2.1674780306993853
4,1.4605674297152744,2.165553998956966
4,1.4610910824329923,2.1636329240809573
4,1.4616147351507103,2.1617148019322485
4,1.4621383878684282,2.1597996283644534
4,1.4626620405861461,2.1578873992275476
4,1.463185693303864,2.1559781103687783
4,1.463709346021582,2.1540717576317547
4,1.4642329987393,2.152168336850991
4,1.4647566514570178,2.1502678438637304
4,1.4652803041747358,2.148370274499939
4,1.4658039568924537,2.1464756245868557
4,1.4663276096101716,2.144583889947171
4,1.4668512623278895,2.1426950664017568
4,1.4673749150456072,2.140809149766028
4,1.4678985677633252,2.1389261358553995
4,1.468422220481043,2.13704602047801
4,1.468945873198761,2.13516879944018
4,1.469469525916479,2.133294468548229
4,1.4699931786341969,2.131423023604839
4,1.4705168313519148,2.1295544604045062
4,1.4710404840696327,2.1276887747435467
4,1.4715641367873507,2.125825962415547
4,1.4720877895050686,2.1239660192122756
4,1.4726114422227865,2.122108940920043
4,1.4731350949405044,2.1202547233233418
4,1.4736587476582224,2.118403362209392
4,1.4741824003759403,2.1165548533545007
4,1.4747060530936582,2.11470919254225
4,1.4752297058113761,2.1128663755462185
4,1.475753358529094,2.111026398141803
4,1.476277011246812,2.1091892561044006
4,1.47680066396453,2.1073549452021325
4,1.4773243166822478,2.1055234612058484
4,1.4778479693999658,2.1036947998854885
4,1.4783716221176837,2.1018689570055358
4,1.4788952748354016,2.1000459283304735
4,1.4794189275531195,2.098225709624785
4,1.4799425802708375,2.0964082966520436
4,1.4804662329885554,2.094593685171276
4,1.4809898857062733,2.092781870941508
4,1.4815135384239912,2.090972849726313
4,1.4820371911417092,2.089166617277442
4,1.4825608438594269,2.087363169357559
4,1.4830844965771448,2.085562501718414
4,1.4836081492948627,2.0837646101163045
4,1.4841318020125807,2.0819694903084383
4,1.4846554547302986,2.0801771380456557
4,1.4851791074480165,2.0783875490815262
4,1.4857027601657344,2.0766007191705285
4,1.4862264128834524,2.074816644065322
4,1.4867500656011703,2.073035319516748
4,1.4872737183188882,2.071256741275647
4,1.4877973710366061,2.0694809050964977
4,1.488321023754324,2.0677078067292314
4,1.488844676472042,2.0659374419246888
4,1.48936832918976,2.0641698064355296
4,1.4898919819074778,2.0624048960125947
4,1.4904156346251958,2.0606427064085437
4,1.4909392873429137,2.058883233375127
4,1.4914629400606316,2.0571264726613663
4,1.4919865927783496,2.0553724200235592
4,1.4925102454960675,2.0536210712125467
4,1.4930338982137854,2.0518724219809883
4,1.4935575509315033,2.0501264680842723
4,1.4940812036492213,2.048383205275968
4,1.4946048563669392,2.046642629310554
4,1.495128509084657,2.044904735943419
4,1.495652161802375,2.0431695209335885
4,1.496175814520093,2.041436980034632
4,1.4966994672378109,2.0397071090046666
4,1.4972231199555286,2.0379799036072654
4,1.4977467726732465,2.0362553595987265
4,1.4982704253909644,2.034533472739895
4,1.4987940781086824,2.0328142387943444
4,1.4993177308264003,2.031097653524739
4,1.4998413835441182,2.029383712694653
4,1.5003650362618361,2.027672412073116
4,1.500888688979554,2.025963747422793
4,1.501412341697272,2.024257714515443
4,1.50193599441499,2.022554309121915
4,1.5024596471327079,2.0208535270094217
4,1.5029832998504258,2.01915536395245
4,1.5035069525681437,2.017459815728216
4,1.5040306052858616,2.015766878113027
4,1.5045542580035796,2.0140765468804602
4,1.5050779107212975,2.0123888178113702
4,1.5056015634390154,2.0107036866911585
4,1.5061252161567333,2.009021149300679
4,1.5066488688744513,2.007341201424424
4,1.5071725215921692,2.0056638388505235
4,1.5076961743098871,2.0039890573671073
4,1.508219827027605,2.002316852766853
4,1.508743479745323,2.0006472208442574
4,1.509267132463041,1.9989801573919976
4,1.5097907851807588,1.9973156582063893
4,1.5103144378984767,1.9956537190919335
4,1.5108380906161947,1.993994335849493
4,1.5113617433339126,1.9923375042817497
4,1.5118853960516305,1.9906832201977522
4,1.5124090487693482,1.989031479406549
4,1.5129327014870662,1.9873822777162786
4,1.513456354204784,1.9857356109450848
4,1.513980006922502,1.9840914749092917
4,1.51450365964022,1.9824498654288618
4,1.5150273123579379,1.9808107783255764
4,1.5155509650756558,1.9791742094221263
4,1.5160746177933737,1.9775401545475688
4,1.5165982705110916,1.9759086095327802
4,1.5171219232288096,1.9742795702095464
4,1.5176455759465275,1.9726530324142004
4,1.5181692286642454,1.9710289919858042
4,1.5186928813819633,1.9694074447679668
4,1.5192165340996813,1.967788386601569
4,1.5197401868173992,1.9661718133356771
4,1.5202638395351171,1.9645577208229952
4,1.520787492252835,1.9629461049144084
4,1.521311144970553,1.9613369614689873
4,1.521834797688271,1.959730286344893
4,1.5223584504059888,1.9581260754066534
4,1.5228821031237068,1.9565243245224337
4,1.5234057558414247,1.9549250295585807
4,1.5239294085591426,1.9533281863887169
4,1.5244530612768605,1.9517337908937407
4,1.5249767139945785,1.9501418389472747
4,1.5255003667122964,1.9485523264347648
4,1.5260240194300143,1.9469652492443856
4,1.5265476721477322,1.945380603263402
4,1.52707132486545,1.9437983843899929
4,1.5275949775831679,1.9422185885150611
4,1.5281186303008858,1.9406412115440617
4,1.5286422830186037,1.9390662493797208
4,1.5291659357363216,1.9374936979293125
4,1.5296895884540396,1.9359235531055674
4,1.5302132411717575,1.934355810823945
4,1.5307368938894754,1.9327904670017233
4,1.5312605466071934,1.9312275175634568
4,1.5317841993249113,1.929666958436428
4,1.5323078520426292,1.92810878554792
4,1.5328315047603471,1.9265529948334006
4,1.533355157478065,1.924999582233795
4,1.533878810195783,1.9234485436882096
4,1.534402462913501,1.9218998751430263
4,1.5349261156312188,1.9203535725500842
4,1.5354497683489368,1.9188096318612224
4,1.5359734210666547,1.9172680490346465
4,1.5364970737843726,1.915728820034019
4,1.5370207265020905,1.9141919408248214
4,1.5375443792198085,1.9126574073752636
4,1.5380680319375264,1.9111252156626506
4,1.5385916846552443,1.9095953616633778
4,1.5391153373729622,1.9080678413611167
4,1.5396389900906802,1.9065426507459051
4,1.540162642808398,1.905019785802324
4,1.540686295526116,1.9034992425295059
4,1.541209948243834,1.9019810169274933
4,1.5417336009615517,1.9004651049999666
4,1.5422572536792696,1.8989515027542438
4,1.5427809063969875,1.8974402062058289
4,1.5433045591147054,1.8959312113684064
4,1.5438282118324234,1.894424514264756
4,1.5443518645501413,1.892920110922205
4,1.5448755172678592,1.8914179973698992
4,1.5453991699855771,1.8899181696415326
4,1.545922822703295,1.888420623778984
4,1.546446475421013,1.886925355825042
4,1.546970128138731,1.8854323618270428
4,1.5474937808564488,1.8839416378395981
4,1.5480174335741668,1.882453179919139
4,1.5485410862918847,1.880966984128463
4,1.5490647390096026,1.8794830465358245
4,1.5495883917273205,1.8780013632094779
4,1.5501120444450385,1.8765219302267724
4,1.5506356971627564,1.8750447436705144
4,1.5511593498804743,1.8735697996244198
4,1.5516830025981923,1.8720970941776613
4,1.5522066553159102,1.8706266234266877
4,1.552730308033628,1.8691583834724952
4,1.553253960751346,1.8676923704169894
4,1.553777613469064,1.8662285803702616
4,1.5543012661867819,1.8647670094469504
4,1.5548249189044998,1.8633076537653324
4,1.5553485716222177,1.86185050945096
4,1.5558722243399357,1.8603955726312051
4,1.5563958770576536,1.8589428394379865
4,1.5569195297753713,1.8574923060132278
4,1.5574431824930892,1.8560439684970333
4,1.5579668352108071,1.8545978230404216
4,1.558490487928525,1.85315386579623
4,1.559014140646243,1.851712092919115
4,1.559537793363961,1.850272500576466
4,1.5600614460816788,1.848835084935672
4,1.5605850987993968,1.8473998421695796
4,1.5611087515171147,1.8459667684555825
4,1.5616324042348326,1.8445358599774409
4,1.5621560569525506,1.843107112924372
4,1.5626797096702685,1.8416805234883213
4,1.5632033623879864,1.8402560878685108
4,1.5637270151057043,1.838833802269619
4,1.5642506678234223,1.8374136628999622
4,1.5647743205411402,1.8359956659714953
4,1.565297973258858,1.8345798077043582
4,1.565821625976576,1.8331660843232385
4,1.566345278694294,1.831754492057371
4,1.566868931412012,1.8303450271414476
4,1.5673925841297298,1.8289376858137985
4,1.5679162368474477,1.8275324643209387
4,1.5684398895651657,1.8261293589121124
4,1.5689635422828836,1.8247283658420201
4,1.5694871950006015,1.8233294813717293
4,1.5700108477183194,1.8219327017686737
4,1.5705345004360374,1.820538023302106
4,1.5710581531537553,1.8191454422476454
4,1.571581805871473,1.817754954888187
4,1.572105458589191,1.816366557512083
4,1.5726291113069089,1.8149802464085951
4,1.5731527640246268,1.8135960178769892
4,1.5736764167423447,1.8122138682201694
4,1.5742000694600626,1.8108337937455872
4,1.5747237221777806,1.8094557907670605
4,1.5752473748954985,1.808079855602955
4,1.5757710276132164,1.8067059845798212
4,1.5762946803309343,1.8053341740260294
4,1.5768183330486523,1.8039644202735872
4,1.5773419857663702,1.802596719666326
4,1.5778656384840881,1.8012310685508055
4,1.578389291201806,1.7998674632754046
4,1.578912943919524,1.7985059001966874
4,1.579436596637242,1.7971463756803132
4,1.5799602493549598,1.7957888860910316
4,1.5804839020726777,1.7944334278008682
4,1.5810075547903957,1.7930799971909437
4,1.5815312075081136,1.7917285906423785
4,1.5820548602258315,1.7903792045472073
4,1.5825785129435495,1.789031835298374
4,1.5831021656612674,1.7876864792942797
4,1.5836258183789853,1.7863431329442392
4,1.5841494710967032,1.785001792658477
4,1.5846731238144212,1.7836624548517648
4,1.585196776532139,1.782325115948879
4,1.585720429249857,1.7809897723773247
4,1.586244081967575,1.7796564205673349
4,1.5867677346852926,1.7783250569600568
4,1.5872913874030106,1.7769956780002758
4,1.5878150401207285,1.775668280136415
4,1.5883386928384464,1.7743428598241735
4,1.5888623455561643,1.7730194135247075
4,1.5893859982738823,1.7716979377037205
4,1.5899096509916002,1.7703784288341922
4,1.5904333037093181,1.7690608833936494
4,1.590956956427036,1.7677452978650763
4,1.591480609144754,1.7664316687350947
4,1.592004261862472,1.7651199925012406
4,1.5925279145801898,1.76381026566105
4,1.5930515672979078,1.7625024847211535
4,1.5935752200156257,1.7611966461927295
4,1.5940988727333436,1.759892746589685
4,1.5946225254510615,1.7585907824368405
4,1.5951461781687795,1.757290750260836
4,1.5956698308864974,1.7559926465983153
4,1.5961934836042153,1.7546964679831945
4,1.5967171363219332,1.7534022109612124
4,1.5972407890396512,1.7521098720862938
4,1.597764441757369,1.7508194479096346
4,1.598288094475087,1.7495309349942545
4,1.598811747192805,1.7482443299095394
4,1.5993353999105229,1.7469596292239657
4,1.5998590526282408,1.7456768295178335
4,1.6003827053459587,1.7443959273768996
4,1.6009063580636766,1.74311691938874
4,1.6014300107813944,1.7418398021463872
4,1.6019536634991123,1.7405645722546979
4,1.6024773162168302,1.739291226318528
4,1.6030009689345481,1.73801976095001
4,1.603524621652266,1.7367501727649142
4,1.604048274369984,1.7354824583899244
4,1.604571927087702,1.734216614451725
4,1.6050955798054198,1.732952637584276
4,1.6056192325231378,1.7316905244315421
4,1.6061428852408557,1.7304302716356688
4,1.6066665379585736,1.729171875848806
4,1.6071901906762915,1.7279153337303796
4,1.6077138433940095,1.7266606419416348
4,1.6082374961117274,1.7254077971492734
4,1.6087611488294453,1.7241567960327302
4,1.6092848015471632,1.7229076352659831
4,1.6098084542648812,1.7216603115366524
4,1.610332106982599,1.720414821538725
4,1.610855759700317,1.7191711619643684
4,1.611379412418035,1.7179293295184834
4,1.6119030651357529,1.7166893209077898
4,1.6124267178534708,1.7154511328481021
4,1.6129503705711887,1.714214762058873
4,1.6134740232889067,1.712980205261374
4,1.6139976760066246,1.7117474591887003
4,1.6145213287243425,1.7105165205784942
4,1.6150449814420604,1.7092873861711269
4,1.6155686341597784,1.708060052714245
4,1.6160922868774963,1.7068345169600434
4,1.616615939595214,1.70561077567163
4,1.617139592312932,1.704388825607566
4,1.6176632450306498,1.7031686635446022
4,1.6181868977483678,1.7019502862522131
4,1.6187105504660857,1.7007336905153352
4,1.6192342031838036,1.6995188731207236
4,1.6197578559015215,1.6983058308605905
4,1.6202815086192395,1.697094560534424
4,1.6208051613369574,1.6958850589453505
4,1.6213288140546753,1.6946773229037717
4,1.6218524667723933,1.6934713492237279
4,1.6223761194901112,1.6922671347274445
4,1.622899772207829,1.6910646762416945
4,1.623423424925547,1.689863970596889
4,1.623947077643265,1.6886650146316242
4,1.6244707303609829,1.6874678051908631
4,1.6249943830787008,1.6862723391222971
4,1.6255180357964187,1.685078613279984
4,1.6260416885141367,1.683886624526167
4,1.6265653412318546,1.6826963697267274
4,1.6270889939495725,1.681507845750275
4,1.6276126466672904,1.6803210494763334
4,1.6281362993850084,1.6791359777880643
4,1.6286599521027263,1.6779526275722674
4,1.6291836048204442,1.6767709957257466
4,1.6297072575381621,1.6755910791443966
4,1.63023091025588,1.6744128747341165
4,1.630754562973598,1.6732363794080811
4,1.6312782156913157,1.672061590082194
4,1.6318018684090336,1.6708885036759966
4,1.6323255211267516,1.6697171171190348
4,1.6328491738444695,1.668547427343583
4,1.6333728265621874,1.667379431288282
4,1.6338964792799053,1.666213125899958
4,1.6344201319976233,1.6650485081245279
4,1.6349437847153412,1.6638855749188224
4,1.6354674374330591,1.6627243232451292
4,1.635991090150777,1.6615647500684645
4,1.636514742868495,1.6604068523629394
4,1.637038395586213,1.6592506271035745
4,1.6375620483039308,1.6580960712744854
4,1.6380857010216487,1.6569431818652447
4,1.6386093537393667,1.6557919558690628
4,1.6391330064570846,1.6546423902873357
4,1.6396566591748025,1.6534944821250974
4,1.6401803118925204,1.6523482283901103
4,1.6407039646102384,1.6512036261019603
4,1.6412276173279563,1.650060672283871
4,1.6417512700456742,1.6489193639599762
4,1.6422749227633922,1.6477796981644133
4,1.64279857548111,1.6466416719367771
4,1.643322228198828,1.645505282319391
4,1.643845880916546,1.644370526363673
4,1.6443695336342639,1.6432374011228603
4,1.6448931863519818,1.6421059036565566
4,1.6454168390696997,1.64097603103437
4,1.6459404917874176,1.6398477803240894
4,1.6464641445051353,1.638721148606237
4,1.6469877972228533,1.6375961329604252
4,1.6475114499405712,1.6364727304735425
4,1.6480351026582891,1.6353509382406628
4,1.648558755376007,1.6342307533614076
4,1.649082408093725,1.633112172939036
4,1.649606060811443,1.6319951940840838
4,1.6501297135291608,1.630879813910724
4,1.6506533662468788,1.6297660295385867
4,1.6511770189645967,1.628653838095488
4,1.6517006716823146,1.627543236711972
4,1.6522243244000325,1.6264342225240398
4,1.6527479771177505,1.6253267926767876
4,1.6532716298354684,1.624220944316221
4,1.6537952825531863,1.6231166745938026
4,1.6543189352709042,1.6220139806691805
4,1.6548425879886222,1.6209128597074596
4,1.65536624070634,1.6198133088764735
4,1.655889893424058,1.6187153253531505
4,1.656413546141776,1.6176189063135098
4,1.6569371988594939,1.6165240489453936
4,1.6574608515772118,1.6154307504402823
4,1.6579845042949297,1.6143390079932942
4,1.6585081570126476,1.6132488188059142
4,1.6590318097303656,1.6121601800841745
4,1.6595554624480835,1.6110730890404739
4,1.6600791151658014,1.6099875428935775
4,1.6606027678835193,1.608903538868617
4,1.661126420601237,1.6078210741879957
4,1.661650073318955,1.6067401460868496
4,1.662173726036673,1.6056607518075907
4,1.6626973787543908,1.6045828885908122
4,1.6632210314721088,1.6035065536871116
4,1.6637446841898267,1.6024317443516338
4,1.6642683369075446,1.6013584578440714
4,1.6647919896252625,1.6002866914286642
4,1.6653156423429805,1.5992164423760187
4,1.6658392950606984,1.5981477079649267
4,1.6663629477784163,1.59708048547418
4,1.6668866004961342,1.5960147721880276
4,1.6674102532138522,1.5949505654007226
4,1.66793390593157,1.5938878624092467
4,1.668457558649288,1.5928266605160388
4,1.668981211367006,1.591766957028085
4,1.6695048640847239,1.5907087492551
4,1.6700285168024418,1.5896520345177123
4,1.6705521695201597,1.5885968101383696
4,1.6710758222378777,1.587543073445886
4,1.6715994749555956,1.5864908217727134
4,1.6721231276733135,1.585440052456761
4,1.6726467803910314,1.584390762844123
4,1.6731704331087494,1.583342950282713
4,1.6736940858264673,1.582296612124992
4,1.6742177385441852,1.5812517457306967
4,1.6747413912619031,1.5802083484659306
4,1.675265043979621,1.5791664177013445
4,1.675788696697339,1.578125950807589
4,1.6763123494150567,1.5770869451671388
4,1.6768360021327746,1.5760493981642867
4,1.6773596548504925,1.575013307190602
4,1.6778833075682105,1.573978669639473
4,1.6784069602859284,1.5729454829133829
4,1.6789306130036463,1.5719137444148146
4,1.6794542657213642,1.5708834515562557
4,1.6799779184390822,1.569854601753832
4,1.6805015711568,1.5688271924263972
4,1.681025223874518,1.5678012210037195
4,1.681548876592236,1.5667766849128384
4,1.6820725293099539,1.5657535815889787
4,1.6825961820276718,1.5647319084773699
4,1.6831198347453897,1.5637116630205128
4,1.6836434874631077,1.5626928426709128
4,1.6841671401808256,1.5616754448847132
4,1.6846907928985435,1.5606594671226048
4,1.6852144456162614,1.559644906851645
4,1.6857380983339794,1.5586317615434382
4,1.6862617510516973,1.5576200286723179
4,1.6867854037694152,1.556609705719893
4,1.6873090564871331,1.55560079017323
4,1.687832709204851,1.5545932795230328
4,1.688356361922569,1.553587171266372
4,1.688880014640287,1.5525824629039562
4,1.6894036673580048,1.5515791519401319
4,1.6899273200757228,1.5505772358883405
4,1.6904509727934407,1.5495767122647521
4,1.6909746255111584,1.5485775785864462
4,1.6914982782288763,1.547579832383235
4,1.6920219309465943,1.5465834711858406
4,1.6925455836643122,1.5455884925277132
4,1.69306923638203,1.5445948939495793
4,1.693592889099748,1.543602672999441
4,1.694116541817466,1.5426118272262102
4,1.6946401945351839,1.541622354185165
4,1.6951638472529018,1.5406342514361313
4,1.6956874999706197,1.5396475165443917
4,1.6962111526883377,1.5386621470797763
4,1.6967348054060556,1.5376781406184818
4,1.6972584581237735,1.5366954947376144
4,1.6977821108414914,1.535714207023375
4,1.6983057635592094,1.534734275066512
4,1.6988294162769273,1.5337556964568648
4,1.6993530689946452,1.5327784687960957
4,1.6998767217123631,1.5318025896895051
4,1.700400374430081,1.530828056743303
4,1.700924027147799,1.5298548675700658
4,1.701447679865517,1.528883019791465
4,1.7019713325832349,1.527912511026443
4,1.7024949853009528,1.5269433389048572
4,1.7030186380186707,1.5259755010592926
4,1.7035422907363886,1.525008995126882
4,1.7040659434541066,1.5240438187493055
4,1.7045895961718245,1.523079969572791
4,1.7051132488895424,1.5221174452499326
4,1.7056369016072601,1.5211562434351436
4,1.706160554324978,1.5201963617919318
4,1.706684207042696,1.5192377979838056
4,1.707207859760414,1.5182805496824585
4,1.7077315124781318,1.5173246145623125
4,1.7082551651958497,1.5163699903005181
4,1.7087788179135677,1.5154166745860493
4,1.7093024706312856,1.5144646651069706
4,1.7098261233490035,1.513513959554075
4,1.7103497760667215,1.5125645556281597
4,1.7108734287844394,1.5116164510318413
4,1.7113970815021573,1.5106696434722835
4,1.7119207342198752,1.5097241306630167
4,1.7124443869375932,1.5087799103193902
4,1.712968039655311,1.5078369801640292
4,1.713491692373029,1.5068953379222876
4,1.714015345090747,1.5059549813258855
4,1.7145389978084649,1.505015908110181
4,1.7150626505261828,1.50407811601508
4,1.7155863032439007,1.5031416027850355
4,1.7161099559616186,1.5022063661663196
4,1.7166336086793366,1.501272403917028
4,1.7171572613970545,1.5003397137934371
4,1.7176809141147724,1.49940829355819
4,1.7182045668324903,1.4984781409793868
4,1.7187282195502083,1.4975492538287654
4,1.7192518722679262,1.4966216298817017
4,1.7197755249856441,1.4956952669190287
4,1.720299177703362,1.4947701627270362
4,1.7208228304210798,1.4938463150965617
4,1.7213464831387977,1.4929237218184426
4,1.7218701358565156,1.4920023806971585
4,1.7223937885742335,1.491082289530823
4,1.7229174412919515,1.4901634461293725
4,1.7234410940096694,1.4892458483054725
4,1.7239647467273873,1.4883294938745166
4,1.7244883994451052,1.4874143806600841
4,1.7250120521628232,1.4865005064848447
4,1.725535704880541,1.4855878691814723
4,1.726059357598259,1.4846764665835508
4,1.726583010315977,1.4837662965283016
4,1.7271066630336949,1.4828573568611318
4,1.7276303157514128,1.481949645428358
4,1.7281539684691307,1.4810431600835727
4,1.7286776211868486,1.4801378986821874
4,1.7292012739045666,1.479233859084161
4,1.7297249266222845,1.4783310391567284
4,1.7302485793400024,1.477429436769853
4,1.7307722320577204,1.476529049794408
4,1.7312958847754383,1.4756298761094513
4,1.7318195374931562,1.474731913602227
4,1.7323431902108741,1.4738351601527029
4,1.732866842928592,1.4729396136553987
4,1.73339049564631,1.4720452720075627
4,1.733914148364028,1.4711521331046242
4,1.7344378010817458,1.4702601948556548
4,1.7349614537994638,1.4693694551669978
4,1.7354851065171815,1.4684799119495437
4,1.7360087592348994,1.4675915631223688
4,1.7365324119526173,1.4667044066072776
4,1.7370560646703352,1.4658184403278938
4,1.7375797173880532,1.4649336622151168
4,1.738103370105771,1.4640500702034842
4,1.738627022823489,1.463167662228443
4,1.739150675541207,1.4622864362345354
4,1.7396743282589249,1.46140639017176
4,1.7401979809766428,1.460527521984659
4,1.7407216336943607,1.4596498296305072
4,1.7412452864120787,1.458773311071127
4,1.7417689391297966,1.4578979642683407
4,1.7422925918475145,1.4570237871885183
4,1.7428162445652324,1.456150777804396
4,1.7433398972829504,1.4552789340923482
4,1.7438635500006683,1.4544082540332965
4,1.7443872027183862,1.4535387356090723
4,1.7449108554361041,1.4526703768087827
4,1.745434508153822,1.4518031756260825
4,1.74595816087154,1.4509371300573548
4,1.746481813589258,1.4500722381044397
4,1.7470054663069758,1.449208497768268
4,1.7475291190246938,1.4483459070615936
4,1.7480527717424117,1.4474844639980802
4,1.7485764244601296,1.4466241665904818
4,1.7491000771778475,1.4457650128633759
4,1.7496237298955655,1.4449070008422495
4,1.7501473826132834,1.4440501285534992
4,1.750671035331001,1.4431943940344354
4,1.751194688048719,1.4423397953187305
4,1.751718340766437,1.4414863304509709
4,1.7522419934841549,1.4406339974748334
4,1.7527656462018728,1.4397827944403616
4,1.7532892989195907,1.4389327194030557
4,1.7538129516373087,1.438083770414778
4,1.7543366043550266,1.4372359455428523
4,1.7548602570727445,1.4363892428527834
4,1.7553839097904624,1.435543660408257
4,1.7559075625081804,1.4346991962875109
4,1.7564312152258983,1.4338558485678732
4,1.7569548679436162,1.4330136153294006
4,1.7574785206613341,1.4321724946585164
4,1.758002173379052,1.431332484642553
4,1.75852582609677,1.4304935833770287
4,1.759049478814488,1.4296557889592805
4,1.7595731315322058,1.4288190994866454
4,1.7600967842499238,1.427983513068284
4,1.7606204369676417,1.427149027811538
4,1.7611440896853596,1.426315641828296
4,1.7616677424030776,1.4254833532368139
4,1.7621913951207955,1.4246521601571658
4,1.7627150478385134,1.4238220607130643
4,1.7632387005562313,1.4229930530327692
4,1.7637623532739493,1.4221651352499975
4,1.7642860059916672,1.4213383054993756
4,1.764809658709385,1.4205125619209866
4,1.7653333114271028,1.4196879026594615
4,1.7658569641448207,1.4188643258594311
4,1.7663806168625387,1.4180418296755306
4,1.7669042695802566,1.4172204122633048
4,1.7674279222979745,1.4164000717773888
4,1.7679515750156924,1.4155808063824225
4,1.7684752277334104,1.4147626142475929
4,1.7689988804511283,1.4139454935411777
4,1.7695225331688462,1.4131294424369116
4,1.7700461858865641,1.4123144591121672
4,1.770569838604282,1.4115005417506836
4,1.771093491322,1.4106876885380188
4,1.771617144039718,1.409875897659731
4,1.7721407967574359,1.409065167310473
4,1.7726644494751538,1.4082554956876265
4,1.7731881021928717,1.407446880990392
4,1.7737117549105896,1.4066393214252457
4,1.7742354076283076,1.4058328151977548
4,1.7747590603460255,1.4050273605180337
4,1.7752827130637434,1.4042229556025632
4,1.7758063657814613,1.4034195986705527
4,1.7763300184991793,1.4026172879448495
4,1.7768536712168972,1.401816021651939
4,1.7773773239346151,1.4010157980183067
4,1.777900976652333,1.4002166152813516
4,1.778424629370051,1.3994184716775635
4,1.778948282087769,1.3986213654434323
4,1.7794719348054868,1.3978252948272711
4,1.7799955875232047,1.3970302580764837
4,1.7805192402409225,1.3962362534430213
4,1.7810428929586404,1.3954432791815634
4,1.7815665456763583,1.3946513335504278
4,1.7820901983940762,1.39386041481157
4,1.7826138511117942,1.3930705212333123
4,1.783137503829512,1.3922816510830671
4,1.78366115654723,1.391493802635523
4,1.784184809264948,1.3907069741653686
4,1.7847084619826659,1.3899211639536588
4,1.7852321147003838,1.3891363702859962
4,1.7857557674181017,1.3883525914470738
4,1.7862794201358196,1.387569825727951
4,1.7868030728535376,1.3867880714269631
4,1.7873267255712555,1.3860073268388078
4,1.7878503782889734,1.3852275902627298
4,1.7883740310066913,1.3844488600079785
4,1.7888976837244093,1.3836711343819843
4,1.7894213364421272,1.3828944116939965
4,1.7899449891598451,1.3821186902623595
4,1.790468641877563,1.3813439684054174
4,1.790992294595281,1.3805702444460621
4,1.791515947312999,1.379797516708095
4,1.7920396000307168,1.3790257835198645
4,1.7925632527484348,1.378255043219724
4,1.7930869054661527,1.3774852941396603
4,1.7936105581838706,1.3767165346198453
4,1.7941342109015885,1.3759487630022704
4,1.7946578636193065,1.3751819776343837
4,1.7951815163370242,1.3744161768690901
4,1.795705169054742,1.373651359053838
4,1.79622882177246,1.3728875225497177
4,1.796752474490178,1.372124665716001
4,1.7972761272078959,1.371362786915597
4,1.7977997799256138,1.3706018845150538
4,1.7983234326433317,1.3698419568845566
4,1.7988470853610496,1.3690830023961098
4,1.7993707380787676,1.368325019430813
4,1.7998943907964855,1.367568006367037
4,1.8004180435142034,1.3668119615867909
4,1.8009416962319214,1.36605688347845
4,1.8014653489496393,1.365302770433118
4,1.8019890016673572,1.3645496208428085
4,1.8025126543850751,1.3637974331031728
4,1.803036307102793,1.3630462056180477
4,1.803559959820511,1.3622959367885414
4,1.804083612538229,1.3615466250230384
4,1.8046072652559468,1.3607982687290132
4,1.8051309179736648,1.3600508663221262
4,1.8056545706913827,1.3593044162198566
4,1.8061782234091006,1.3585589168378647
4,1.8067018761268185,1.357814366603634
4,1.8072255288445365,1.3570707639419197
4,1.8077491815622544,1.3563281072820246
4,1.8082728342799723,1.3555863950596176
4,1.8087964869976902,1.3548456257058206
4,1.8093201397154082,1.354105797662669
4,1.8098437924331259,1.3533669093740173
4,1.8103674451508438,1.3526289592837202
4,1.8108910978685617,1.3518919458429082
4,1.8114147505862797,1.3511558674999833
4,1.8119384033039976,1.3504207227124425
4,1.8124620560217155,1.3496865099414208
4,1.8129857087394334,1.3489532276453247
4,1.8135093614571514,1.348220874288927
4,1.8140330141748693,1.3474894483424578
4,1.8145566668925872,1.3467589482743278
4,1.8150803196103051,1.3460293725611336
4,1.815603972328023,1.3453007196822
4,1.816127625045741,1.3445729881141233
4,1.816651277763459,1.3438461763407759
4,1.8171749304811768,1.343120282851487
4,1.8176985831988948,1.3423953061364955
4,1.8182222359166127,1.3416712446869496
4,1.8187458886343306,1.3409480969994547
4,1.8192695413520485,1.3402258615733444
4,1.8197931940697665,1.3395045369134095
4,1.8203168467874844,1.3387841215217122
4,1.8208404995052023,1.3380646139066812
4,1.8213641522229203,1.3373460125849306
4,1.8218878049406382,1.3366283160657986
4,1.822411457658356,1.3359115228677183
4,1.822935110376074,1.3351956315145799
4,1.823458763093792,1.3344806405284544
4,1.8239824158115099,1.333766548435051
4,1.8245060685292278,1.333053353764626
4,1.8250297212469455,1.3323410550519839
4,1.8255533739646634,1.3316296508310188
4,1.8260770266823814,1.3309191396429014
4,1.8266006794000993,1.3302095200260737
4,1.8271243321178172,1.3295007905289822
4,1.8276479848355351,1.3287929496982542
4,1.828171637553253,1.3280859960832458
4,1.828695290270971,1.327379928240589
4,1.829218942988689,1.3266747447250964
4,1.8297425957064068,1.3259704440970381
4,1.8302662484241248,1.325267024920322
4,1.8307899011418427,1.3245644857597654
4,1.8313135538595606,1.3238628251838236
4,1.8318372065772786,1.3231620417654995
4,1.8323608592949965,1.3224621340768863
4,1.8328845120127144,1.3217631006964439
4,1.8334081647304323,1.32106494020627
4,1.8339318174481503,1.3203676511875528
4,1.8344554701658682,1.3196712322278472
4,1.8349791228835861,1.3189756819165268
4,1.835502775601304,1.3182809988438748
4,1.836026428319022,1.3175871816056315
4,1.83655008103674,1.3168942288002654
4,1.8370737337544578,1.3162021390262453
4,1.8375973864721757,1.3155109108902252
4,1.8381210391898937,1.3148205429979498
4,1.8386446919076116,1.3141310339560732
4,1.8391683446253295,1.313442382377616
4,1.8396919973430472,1.3127545868819652
4,1.8402156500607652,1.312067646081232
4,1.840739302778483,1.3113815585966222
4,1.841262955496201,1.3106963230538895
4,1.841786608213919,1.3100119380796968
4,1.8423102609316369,1.3093284023016167
4,1.8428339136493548,1.3086457143508596
4,1.8433575663670727,1.307963872862274
4,1.8438812190847906,1.3072828764752558
4,1.8444048718025086,1.3066027238301103
4,1.8449285245202265,1.3059234135653242
4,1.8454521772379444,1.3052449443321166
4,1.8459758299556623,1.304567314778069
4,1.8464994826733803,1.3038905235498532
4,1.8470231353910982,1.3032145693086932
4,1.8475467881088161,1.3025394507067176
4,1.848070440826534,1.3018651664033314
4,1.848594093544252,1.3011917150643058
4,1.84911774626197,1.300519095351774
4,1.8496413989796878,1.299847305934236
4,1.8501650516974057,1.2991763454838292
4,1.8506887044151237,1.2985062126717821
4,1.8512123571328416,1.2978369061738704
4,1.8517360098505595,1.2971684246704172
4,1.8522596625682775,1.2965007668426551
4,1.8527833152859954,1.2958339313727265
4,1.8533069680037133,1.29516791694914
4,1.8538306207214312,1.2945027222613135
4,1.8543542734391492,1.2938383459995748
4,1.8548779261568669,1.293174786860618
4,1.8554015788745848,1.2925120435429562
4,1.8559252315923027,1.291850114744193
4,1.8564488843100206,1.2911889991646603
4,1.8569725370277386,1.2905286955165138
4,1.8574961897454565,1.289869202504633
4,1.8580198424631744,1.2892105188366259
4,1.8585434951808923,1.2885526432282859
4,1.8590671478986103,1.287895574398135
4,1.8595908006163282,1.2872393110610574
4,1.8601144533340461,1.2865838519392128
4,1.860638106051764,1.2859291957574897
4,1.861161758769482,1.2852753412389575
4,1.8616854114872,1.2846222871166901
4,1.8622090642049178,1.283970032119214
4,1.8627327169226358,1.2833185749823315
4,1.8632563696403537,1.2826679144427544
4,1.8637800223580716,1.2820180492371946
4,1.8643036750757895,1.281368978111459
4,1.8648273277935075,1.2807206998077163
4,1.8653509805112254,1.2800732130726828
4,1.8658746332289433,1.279426516654894
4,1.8663982859466612,1.2787806093092513
4,1.8669219386643792,1.2781354897888377
4,1.867445591382097,1.2774911568494645
4,1.867969244099815,1.2768476092533092
4,1.868492896817533,1.2762048457598212
4,1.8690165495352509,1.2755628651357256
4,1.8695402022529686,1.2749216661477476
4,1.8700638549706865,1.2742812475644314
4,1.8705875076884044,1.2736416081606876
4,1.8711111604061224,1.2730027467050604
4,1.8716348131238403,1.2723646619815554
4,1.8721584658415582,1.2717273527696307
4,1.8726821185592761,1.2710908178451064
4,1.873205771276994,1.2704550559965355
4,1.873729423994712,1.2698200660115617
4,1.87425307671243,1.269185846678738
4,1.8747767294301478,1.268552396791165
4,1.8753003821478658,1.267919715140124
4,1.8758240348655837,1.2672878005259918
4,1.8763476875833016,1.2666566517473257
4,1.8768713403010195,1.2660262676026832
4,1.8773949930187375,1.2653966468997169
4,1.8779186457364554,1.26476778844426
4,1.8784422984541733,1.2641396910439653
4,1.8789659511718912,1.263512353511942
4,1.8794896038896092,1.2628857746603899
4,1.880013256607327,1.262259953306966
4,1.880536909325045,1.2616348882693273
4,1.881060562042763,1.2610105783678591
4,1.8815842147604809,1.2603870224274942
4,1.8821078674781988,1.2597642192731655
4,1.8826315201959167,1.2591421677343533
4,1.8831551729136347,1.2585208666387189
4,1.8836788256313526,1.257900314818471
4,1.8842024783490705,1.2572805111121852
4,1.8847261310667882,1.2566614543602554
4,1.8852497837845061,1.2560431433939812
4,1.885773436502224,1.2554255770610325
4,1.886297089219942,1.2548087542045323
4,1.88682074193766,1.2541926736730602
4,1.8873443946553778,1.2535773343142864
4,1.8878680473730958,1.2529627349795192
4,1.8883917000908137,1.252348874524614
4,1.8889153528085316,1.2517357518036079
4,1.8894390055262495,1.2511233656750846
4,1.8899626582439675,1.250511715002176
4,1.8904863109616854,1.2499007986452852
4,1.8910099636794033,1.2492906154702723
4,1.8915336163971213,1.2486811643457258
4,1.8920572691148392,1.2480724441420534
4,1.892580921832557,1.2474644537305721
4,1.893104574550275,1.246857191984418
4,1.893628227267993,1.2462506577821841
4,1.8941518799857109,1.2456448500024635
4,1.8946755327034288,1.2450397675274871
4,1.8951991854211467,1.244435409241305
4,1.8957228381388647,1.2438317740252387
4,1.8962464908565826,1.2432288607687951
4,1.8967701435743005,1.2426266683669382
4,1.8972937962920184,1.2420251957082655
4,1.8978174490097364,1.241424441687741
4,1.8983411017274543,1.2408244052021473
4,1.8988647544451722,1.2402250851491772
4,1.89938840716289,1.2396264804356179
4,1.8999120598806079,1.2390285899609808
4,1.9004357125983258,1.2384314126302343
4,1.9009593653160437,1.2378349473519847
4,1.9014830180337616,1.237239193037567
4,1.9020066707514796,1.2366441485992254
4,1.9025303234691975,1.2360498129501138
4,1.9030539761869154,1.2354561850079335
4,1.9035776289046333,1.2348632636903858
4,1.9041012816223513,1.23427104791881
4,1.9046249343400692,1.2336795366200022
4,1.9051485870577871,1.2330887287162113
4,1.905672239775505,1.2324986231315052
4,1.906195892493223,1.2319092187999559
4,1.906719545210941,1.2313205146538166
4,1.9072431979286588,1.2307325096244313
4,1.9077668506463767,1.230145202647691
4,1.9082905033640947,1.2295585926649437
4,1.9088141560818126,1.2289726786139
4,1.9093378087995305,1.2283874594377266
4,1.9098614615172484,1.22780293408141
4,1.9103851142349664,1.2272191014890268
4,1.9109087669526843,1.2266359606119295
4,1.9114324196704022,1.2260535104005612
4,1.9119560723881202,1.225471749809003
4,1.912479725105838,1.2248906777895172
4,1.913003377823556,1.2243102932980037
4,1.913527030541274,1.223730595298548
4,1.9140506832589919,1.2231515827515977
4,1.9145743359767096,1.2225732546176005
4,1.9150979886944275,1.2219956098624607
4,1.9156216414121454,1.221418647455721
4,1.9161452941298633,1.2208423663641952
4,1.9166689468475813,1.2202667655619734
4,1.9171925995652992,1.2196918440231457
4,1.9177162522830171,1.2191176007190734
4,1.918239905000735,1.2185440346311225
4,1.918763557718453,1.21797114473884
4,1.919287210436171,1.2173989300226822
4,1.9198108631538888,1.2168273894667436
4,1.9203345158716068,1.2162565220587567
4,1.9208581685893247,1.2156863267846347
4,1.9213818213070426,1.2151168026339292
4,1.9219054740247605,1.21454794859892
4,1.9224291267424785,1.2139797636737057
4,1.9229527794601964,1.213412246855114
4,1.9234764321779143,1.2128453971399722
4,1.9240000848956322,1.212279213527836
4,1.9245237376133502,1.2117136950200802
4,1.925047390331068,1.2111488406226272
4,1.925571043048786,1.2105846493413992
4,1.926094695766504,1.21002112017959
4,1.9266183484842219,1.2094582521513075
4,1.9271420012019398,1.2088960442688403
4,1.9276656539196577,1.2083344955417488
4,1.9281893066373756,1.207773604988688
4,1.9287129593550936,1.2072133716274038
4,1.9292366120728113,1.2066537944747324
4,1.9297602647905292,1.2060948725556955
4,1.9302839175082471,1.2055366048907672
4,1.930807570225965,1.2049789905067883
4,1.931331222943683,1.2044220284305993
4,1.931854875661401,1.20386571769086
4,1.9323785283791188,1.203310057319868
4,1.9329021810968368,1.2027550463490115
4,1.9334258338145547,1.2022006838151356
4,1.9339494865322726,1.2016469687541758
4,1.9344731392499905,1.2010939002038867
4,1.9349967919677085,1.2005414772065706
4,1.9355204446854264,1.1999896988027103
4,1.9360440974031443,1.1994385640391556
4,1.9365677501208622,1.1988880719618464
4,1.9370914028385802,1.1983382216167229
4,1.937615055556298,1.1977890120542725
4,1.938138708274016,1.1972404423295302
4,1.938662360991734,1.196692511493893
4,1.9391860137094519,1.1961452186014867
4,1.9397096664271698,1.1955985627137125
4,1.9402333191448877,1.1950525428883338
4,1.9407569718626057,1.1945071581849334
4,1.9412806245803236,1.1939624076667315
4,1.9418042772980415,1.1934182904024055
4,1.9423279300157594,1.192874805455176
4,1.9428515827334774,1.19233195189463
4,1.9433752354511953,1.1917897287912638
4,1.9438988881689132,1.1912481352155737
4,1.944422540886631,1.1907071702453322
4,1.9449461936043488,1.1901668329546737
4,1.9454698463220668,1.189627122420461
4,1.9459934990397847,1.1890880377231952
4,1.9465171517575026,1.1885495779442863
4,1.9470408044752205,1.1880117421651448
4,1.9475644571929385,1.1874745294735476
4,1.9480881099106564,1.186937938954543
4,1.9486117626283743,1.186401969696817
4,1.9491354153460922,1.185866620791785
4,1.9496590680638102,1.1853318913299518
4,1.950182720781528,1.1847977804054608
4,1.950706373499246,1.1842642871160933
4,1.951230026216964,1.1837314105578116
4,1.9517536789346819,1.183199149826578
4,1.9522773316523998,1.1826675040292685
4,1.9528009843701177,1.182136472264574
4,1.9533246370878357,1.1816060536384612
4,1.9538482898055536,1.1810762472587157
4,1.9543719425232715,1.180547052230395
4,1.9548955952409894,1.1800184676640129
4,1.9554192479587074,1.1794904926719028
4,1.9559429006764253,1.1789631263673073
4,1.9564665533941432,1.178436367863469
4,1.9569902061118611,1.1779102162799973
4,1.957513858829579,1.1773846707337725
4,1.958037511547297,1.1768597303434944
4,1.958561164265015,1.1763353942324102
4,1.9590848169827326,1.1758116615255858
4,1.9596084697004506,1.175288531345359
4,1.9601321224181685,1.1747660028204336
4,1.9606557751358864,1.1742440750786045
4,1.9611794278536043,1.1737227472522136
4,1.9617030805713223,1.173202018469965
4,1.9622267332890402,1.1726818878687482
4,1.962750386006758,1.1721623545836337
4,1.963274038724476,1.1716434177496922
4,1.963797691442194,1.1711250765065415
4,1.9643213441599119,1.1706073299965283
4,1.9648449968776298,1.1700901773592705
4,1.9653686495953477,1.1695736177407525
4,1.9658923023130657,1.1690576502860495
4,1.9664159550307836,1.1685422741402363
4,1.9669396077485015,1.1680274884547543
4,1.9674632604662194,1.1675132923783167
4,1.9679869131839374,1.1669996850641837
4,1.9685105659016553,1.1664866656656159
4,1.9690342186193732,1.1659742333376926
4,1.9695578713370911,1.1654623872391312
4,1.970081524054809,1.1649511265259207
4,1.970605176772527,1.164440450359507
4,1.971128829490245,1.1639303579031548
4,1.9716524822079629,1.1634208483201292
4,1.9721761349256808,1.1629119207746044
4,1.9726997876433987,1.1624035744316643
4,1.9732234403611166,1.1618958084627593
4,1.9737470930788343,1.1613886220375207
4,1.9742707457965523,1.1608820143273988
4,1.9747943985142702,1.160375984505663
4,1.9753180512319881,1.1598705317455824
4,1.975841703949706,1.1593656552240645
4,1.976365356667424,1.158861354122564
4,1.976889009385142,1.1583576276152598
4,1.9774126621028598,1.1578544748872446
4,1.9779363148205777,1.1573518951208825
4,1.9784599675382957,1.156849887498538
4,1.9789836202560136,1.1563484512089417
4,1.9795072729737315,1.1558475854380958
4,1.9800309256914495,1.1553472893738217
4,1.9805545784091674,1.154847562208488
4,1.9810782311268853,1.1543484031344633
4,1.9816018838446032,1.153849811345026
4,1.9821255365623212,1.153351786035273
4,1.982649189280039,1.152854326402121
4,1.983172841997757,1.1523574316443046
4,1.983696494715475,1.1518611009614688
4,1.9842201474331929,1.1513653335559866
4,1.9847438001509108,1.1508701286293217
4,1.9852674528686287,1.1503754853874852
4,1.9857911055863466,1.1498814030355788
4,1.9863147583040646,1.149387880782342
4,1.9868384110217825,1.1488949178356052
4,1.9873620637395004,1.148402513406836
4,1.9878857164572183,1.1479106667102315
4,1.9884093691749363,1.1474193769554404
4,1.988933021892654,1.1469286433602974
4,1.989456674610372,1.1464384651408182
4,1.9899803273280898,1.1459488415148371
4,1.9905039800458078,1.1454597717029174
4,1.9910276327635257,1.1449712549265314
4,1.9915512854812436,1.1444832904062423
4,1.9920749381989615,1.1439958773707986
4,1.9925985909166795,1.1435090150416727
4,1.9931222436343974,1.1430227026467037
4,1.9936458963521153,1.14253693941464
4,1.9941695490698332,1.1420517245760493
4,1.9946932017875512,1.1415670573669559
4,1.995216854505269,1.1410829370133797
4,1.995740507222987,1.1405993627504358
4,1.996264159940705,1.1401163338196056
4,1.9967878126584229,1.1396338494550946
4,1.9973114653761408,1.1391519088938367
4,1.9978351180938587,1.1386705113800417
4,1.9983587708115766,1.1381896561533722
4,1.9988824235292946,1.137709342458038
4,1.9994060762470125,1.137229569538249
4,1.9999297289647304,1.1367503366409437
4,2.0004533816824486,1.136271643012151
4,2.0009770344001665,1.1357934879015374
4,2.0015006871178844,1.1353158705614987
4,2.0020243398356024,1.1348387902426111
4,2.0025479925533203,1.134362246195451
4,2.003071645271038,1.1338862376796897
4,2.003595297988756,1.1334107639495414
4,2.004118950706474,1.1329358242601302
4,2.004642603424192,1.1324614178738557
4,2.00516625614191,1.1319875440485703
4,2.005689908859628,1.1315142020494022
4,2.0062135615773458,1.1310413911387514
4,2.0067372142950637,1.130569110578108
4,2.0072608670127816,1.1300973596362383
4,2.0077845197304995,1.1296261375800896
4,2.0083081724482175,1.1291554436766091
4,2.0088318251659354,1.1286852772000202
4,2.0093554778836533,1.128215637419089
4,2.0098791306013712,1.1277465236062199
4,2.010402783319089,1.1272779350401834
4,2.0109264360368067,1.1268098709897458
4,2.0114500887545246,1.1263423307364064
4,2.0119737414722425,1.1258753135598454
4,2.0124973941899604,1.1254088187361049
4,2.0130210469076784,1.1249428455512316
4,2.0135446996253963,1.1244773932821772
4,2.014068352343114,1.124012461215898
4,2.014592005060832,1.1235480486393499
4,2.01511565777855,1.1230841548358512
4,2.015639310496268,1.1226207790950866
4,2.016162963213986,1.1221579207058312
4,2.016686615931704,1.121695578960498
4,2.0172102686494218,1.121233753148772
4,2.0177339213671397,1.1207724425648848
4,2.0182575740848576,1.120311646504888
4,2.0187812268025755,1.1198513642630132
4,2.0193048795202935,1.1193915951362214
4,2.0198285322380114,1.1189323384260206
4,2.0203521849557293,1.1184735934293712
4,2.0208758376734473,1.1180153594477815
4,2.021399490391165,1.1175576357882164
4,2.021923143108883,1.117100421750365
4,2.022446795826601,1.1166437166393735
4,2.022970448544319,1.1161875197631161
4,2.023494101262037,1.1157318304303772
4,2.024017753979755,1.1152766479499405
4,2.0245414066974727,1.1148219716305903
4,2.0250650594151907,1.114367800785658
4,2.0255887121329086,1.113914134726656
4,2.0261123648506265,1.1134609727705538
4,2.0266360175683444,1.113008314234321
4,2.0271596702860624,1.1125561584303796
4,2.0276833230037803,1.112104504677518
4,2.028206975721498,1.1116533522972532
4,2.028730628439216,1.111202700609283
4,2.029254281156934,1.1107525489369436
4,2.029777933874652,1.1103028966053898
4,2.03030158659237,1.1098537429343196
4,2.030825239310088,1.1094050872516164
4,2.0313488920278058,1.1089569288869825
4,2.0318725447455237,1.1085092671646635
4,2.0323961974632416,1.1080621014170902
4,2.0329198501809596,1.1076154309748745
4,2.0334435028986775,1.1071692551695378
4,2.0339671556163954,1.10672357333533
4,2.0344908083341133,1.1062783848074105
4,2.0350144610518313,1.1058336889191196
4,2.035538113769549,1.1053894850083452
4,2.036061766487267,1.1049457724175227
4,2.036585419204985,1.1045025504818113
4,2.037109071922703,1.1040598185418276
4,2.037632724640421,1.1036175759445541
4,2.038156377358139,1.1031758220287884
4,2.0386800300758567,1.1027345561387847
4,2.0392036827935747,1.1022937776242543
4,2.0397273355112926,1.101853485830361
4,2.0402509882290105,1.1014136801022687
4,2.040774640946728,1.100974359796055
4,2.041298293664446,1.1005355242559745
4,2.041821946382164,1.1000971728362856
4,2.042345599099882,1.0996593048912473
4,2.0428692518175997,1.0992219197732993
4,2.0433929045353176,1.0987850168394289
4,2.0439165572530356,1.0983485954438947
4,2.0444402099707535,1.0979126549482316
4,2.0449638626884714,1.0974771947112458
4,2.0454875154061893,1.0970422140899245
4,2.0460111681239073,1.096607712444893
4,2.046534820841625,1.0961736891431428
4,2.047058473559343,1.0957401435498468
4,2.047582126277061,1.0953070750238112
4,2.048105778994779,1.0948744829338466
4,2.048629431712497,1.0944423666487637
4,2.049153084430215,1.0940107255355542
4,2.0496767371479327,1.0935795589666668
4,2.0502003898656507,1.0931488663109121
4,2.0507240425833686,1.0927186469371009
4,2.0512476953010865,1.0922889002222291
4,2.0517713480188045,1.0918596255423836
4,2.0522950007365224,1.0914308222700129
4,2.0528186534542403,1.0910024897830226
4,2.0533423061719582,1.0905746274574994
4,2.053865958889676,1.0901472346740775
4,2.054389611607394,1.0897203108161193
4,2.054913264325112,1.0892938552578926
4,2.05543691704283,1.0888678673845789
4,2.055960569760548,1.0884423465831787
4,2.056484222478266,1.0880172922361453
4,2.0570078751959837,1.0875927037286601
4,2.0575315279137016,1.0871685804486333
4,2.0580551806314196,1.0867449217830654
4,2.0585788333491375,1.0863217271198664
4,2.0591024860668554,1.085898995853313
4,2.0596261387845733,1.0854767273740435
4,2.0601497915022913,1.0850549210717872
4,2.060673444220009,1.084633576343549
4,2.061197096937727,1.0842126925836055
4,2.061720749655445,1.0837922691853237
4,2.062244402373163,1.083372305548437
4,2.062768055090881,1.0829528010717695
4,2.063291707808599,1.0825337551532357
4,2.0638153605263168,1.08211516719075
4,2.0643390132440347,1.0816970365885936
4,2.0648626659617526,1.0812793627519568
4,2.0653863186794705,1.080862145082392
4,2.0659099713971885,1.080445382981452
4,2.0664336241149064,1.0800290758588744
4,2.0669572768326243,1.0796132231198499
4,2.0674809295503422,1.0791978241732068
4,2.06800458226806,1.078782878430502
4,2.068528234985778,1.0783683852969261
4,2.069051887703496,1.077954344187674
4,2.069575540421214,1.0775407545143025
4,2.070099193138932,1.0771276156910972
4,2.0706228458566494,1.0767149271287053
4,2.0711464985743673,1.0763026882477789
4,2.071670151292085,1.0758908984635127
4,2.072193804009803,1.0754795571911018
4,2.072717456727521,1.075068663853017
4,2.073241109445239,1.0746582178671815
4,2.073764762162957,1.0742482186542475
4,2.074288414880675,1.0738386656385046
4,2.0748120675983928,1.0734295582433333
4,2.0753357203161107,1.073020895888476
4,2.0758593730338286,1.0726126780009508
4,2.0763830257515465,1.0722049040086858
4,2.0769066784692645,1.0717975733396088
4,2.0774303311869824,1.0713906854198285
4,2.0779539839047003,1.0709842396790918
4,2.0784776366224182,1.0705782355507836
4,2.079001289340136,1.070172672461922
4,2.079524942057854,1.0697675498468016
4,2.080048594775572,1.069362867140626
4,2.08057224749329,1.0689586237767799
4,2.081095900211008,1.0685548191886483
4,2.081619552928726,1.0681514528159823
4,2.0821432056464437,1.0677485240948954
4,2.0826668583641617,1.0673460324642292
4,2.0831905110818796,1.0669439773664635
4,2.0837141637995975,1.066542358238621
4,2.0842378165173154,1.0661411745231817
4,2.0847614692350334,1.0657404256635346
4,2.0852851219527513,1.065340111103069
4,2.085808774670469,1.064940230286993
4,2.086332427388187,1.064540782662334
4,2.086856080105905,1.0641417676743004
4,2.087379732823623,1.063743184769919
4,2.087903385541341,1.0633450333998553
4,2.088427038259059,1.062947313012046
4,2.0889506909767768,1.062550023058975
4,2.0894743436944947,1.0621531629922174
4,2.0899979964122126,1.0617567322633477
4,2.0905216491299305,1.0613607303275785
4,2.0910453018476485,1.0609651566383036
4,2.0915689545653664,1.0605700106534641
4,2.0920926072830843,1.0601752918282727
4,2.0926162600008023,1.0597809996197611
4,2.09313991271852,1.0593871334876894
4,2.093663565436238,1.0589936928909083
4,2.094187218153956,1.0586006772919063
4,2.094710870871674,1.0582080861504437
4,2.095234523589392,1.0578159189299186
4,2.09575817630711,1.057424175093729
4,2.0962818290248277,1.0570328541070921
4,2.0968054817425457,1.056641955435225
4,2.0973291344602636,1.056251478545164
4,2.0978527871779815,1.055861422902126
4,2.0983764398956994,1.055471787974966
4,2.0989000926134174,1.0550825732352678
4,2.0994237453311353,1.0546937781518864
4,2.099947398048853,1.0543054021973148
4,2.1004710507665707,1.0539174448431368
4,2.1009947034842886,1.0535299055609357
4,2.1015183562020066,1.0531427838250238
4,2.1020420089197245,1.0527560791142605
4,2.1025656616374424,1.052369790901139
4,2.1030893143551603,1.051983918663609
4,2.1036129670728783,1.051598461877802
4,2.104136619790596,1.0512134200253058
4,2.104660272508314,1.0508287925858895
4,2.105183925226032,1.0504445790384125
4,2.10570757794375,1.0500607788653724
4,2.106231230661468,1.0496773915483573
4,2.106754883379186,1.0492944165735025
4,2.1072785360969037,1.0489118534223962
4,2.1078021888146217,1.0485297015820834
4,2.1083258415323396,1.0481479605386994
4,2.1088494942500575,1.0477666297774704
4,2.1093731469677754,1.0473857087890792
4,2.1098967996854934,1.0470051970614804
4,2.1104204524032113,1.046625094083538
4,2.1109441051209292,1.0462453993495728
4,2.111467757838647,1.0458661123493584
4,2.111991410556365,1.0454872325735778
4,2.112515063274083,1.0451087595183708
4,2.113038715991801,1.0447306926762394
4,2.113562368709519,1.0443530315451426
4,2.114086021427237,1.0439757756212202
4,2.1146096741449547,1.0435989243969743
4,2.1151333268626726,1.0432224773767302
4,2.1156569795803906,1.042846434056628
4,2.1161806322981085,1.0424707939355358
4,2.1167042850158264,1.0420955565168697
4,2.1172279377335443,1.0417207212985886
4,2.1177515904512623,1.041346287788656
4,2.11827524316898,1.0409722554868495
4,2.118798895886698,1.0405986238947662
4,2.119322548604416,1.0402253925240075
4,2.119846201322134,1.0398525608770797
4,2.120369854039852,1.0394801284610367
4,2.12089350675757,1.0391080947847513
4,2.1214171594752878,1.038736459356187
4,2.1219408121930057,1.0383652216860355
4,2.1224644649107236,1.0379943812822603
4,2.1229881176284415,1.0376239376573722
4,2.1235117703461595,1.037253890325701
4,2.1240354230638774,1.0368842387979385
4,2.1245590757815953,1.0365149825902336
4,2.1250827284993132,1.036146121215097
4,2.125606381217031,1.0357776541877683
4,2.126130033934749,1.0354095810271247
4,2.126653686652467,1.0350419012511338
4,2.127177339370185,1.0346746143750352
4,2.127700992087903,1.0343077199167965
4,2.128224644805621,1.033941217402571
4,2.1287482975233387,1.0335751063494172
4,2.1292719502410566,1.0332093862771217
4,2.1297956029587746,1.0328440567118378
4,2.130319255676492,1.0324791171742618
4,2.13084290839421,1.032114567190547
4,2.131366561111928,1.0317504062813896
4,2.131890213829646,1.0313866339784
4,2.1324138665473638,1.0310232498095502
4,2.1329375192650817,1.0306602532937177
4,2.1334611719827996,1.0302976439643317
4,2.1339848247005175,1.0299354213548213
4,2.1345084774182355,1.0295735849886114
4,2.1350321301359534,1.0292121343964027
4,2.1355557828536713,1.0288510691152624
4,2.1360794355713892,1.0284903886749817
4,2.136603088289107,1.0281300926089898
4,2.137126741006825,1.027770180450716
4,2.137650393724543,1.0274106517335895
4,2.138174046442261,1.0270515059983154
4,2.138697699159979,1.026692742780142
4,2.139221351877697,1.026334361613408
4,2.1397450045954147,1.025976362037909
4,2.1402686573131326,1.0256187435943502
4,2.1407923100308506,1.025261505819799
4,2.1413159627485685,1.0249046482558697
4,2.1418396154662864,1.0245481704459962
4,2.1423632681840044,1.0241920719308837
4,2.1428869209017223,1.0238363522548752
4,2.14341057361944,1.0234810109595855
4,2.143934226337158,1.0231260475911768
4,2.144457879054876,1.0227714616967205
4,2.144981531772594,1.0224172528196505
4,2.145505184490312,1.0220634205079477
4,2.14602883720803,1.021709964310503
4,2.1465524899257478,1.0213568837743878
4,2.1470761426434657,1.0210041784512214
4,2.1475997953611836,1.0206518478908038
4,2.1481234480789015,1.020299891642935
4,2.1486471007966195,1.019948309260144
4,2.1491707535143374,1.019597100294959
4,2.1496944062320553,1.0192462643008184
4,2.1502180589497732,1.0188958008329791
4,2.150741711667491,1.0185457094457888
4,2.151265364385209,1.018195989691776
4,2.151789017102927,1.017846641133474
4,2.152312669820645,1.01749766332523
4,2.152836322538363,1.0171490558223013
4,2.153359975256081,1.01680081818904
4,2.1538836279737987,1.0164529499816126
4,2.1544072806915167,1.0161054507607332
4,2.1549309334092346,1.0157583200889349
4,2.1554545861269525,1.0154115575269316
4,2.1559782388446704,1.015065162638166
4,2.1565018915623884,1.0147191349842615
4,2.1570255442801063,1.0143734741322987
4,2.157549196997824,1.0140281796457202
4,2.158072849715542,1.0136832510879685
4,2.15859650243326,1.0133386880306716
4,2.159120155150978,1.0129944900381815
4,2.159643807868696,1.0126506566784883
4,2.1601674605864134,1.012307187521401
4,2.1606911133041313,1.011964082134
4,2.1612147660218493,1.0116213400870038
4,2.161738418739567,1.0112789609556785
4,2.162262071457285,1.0109369443071046
4,2.162785724175003,1.0105952897138195
4,2.163309376892721,1.0102539967529083
4,2.163833029610439,1.0099130649959989
4,2.164356682328157,1.0095724940174478
4,2.1648803350458747,1.009232283392521
4,2.1654039877635927,1.0088924326983033
4,2.1659276404813106,1.00855294151188
4,2.1664512931990285,1.0082138094103357
4,2.1669749459167464,1.007875035971665
4,2.1674985986344644,1.0075366207738625
4,2.1680222513521823,1.007198563401289
4,2.1685459040699,1.006860863431939
4,2.169069556787618,1.0065235204438068
4,2.169593209505336,1.006186534023982
4,2.170116862223054,1.0058499037540969
4,2.170640514940772,1.005513629215784
4,2.17116416765849,1.0051777099934043
4,2.171687820376208,1.0048421456731376
4,2.1722114730939257,1.0045069358411638
4,2.1727351258116436,1.0041720800818439
4,2.1732587785293616,1.0038375779822672
4,2.1737824312470795,1.0035034291340708
4,2.1743060839647974,1.0031696331207058
4,2.1748297366825153,1.0028361895338094
4,2.1753533894002333,1.0025030979631993
4,2.175877042117951,1.0021703579996029
4,2.176400694835669,1.0018379692355666
4,2.176924347553387,1.0015059312590893
4,2.177448000271105,1.0011742436645363
4,2.177971652988823,1.0008429060471826
4,2.178495305706541,1.000511918002303
4,2.1790189584242587,1.0001812791215343
4,2.1795426111419767,0.9998509890001515
4,2.1800662638596946,0.9995210472388862
4,2.1805899165774125,0.9991914534293755
4,2.1811135692951304,0.9988622071687132
4,2.1816372220128484,0.9985333080621785
4,2.1821608747305663,0.9982047557041369
4,2.1826845274482842,0.9978765496916822
4,2.183208180166002,0.9975486896300936
4,2.18373183288372,0.997221175118284
4,2.184255485601438,0.9968940057578948
4,2.184779138319156,0.9965671811514767
4,2.185302791036874,0.9962407009024901
4,2.185826443754592,0.9959145646143952
4,2.1863500964723097,0.9955887718924714
4,2.1868737491900276,0.9952633223410885
4,2.1873974019077456,0.9949382155655258
4,2.1879210546254635,0.9946134511728815
4,2.1884447073431814,0.9942890287711634
4,2.1889683600608993,0.9939649479665604
4,2.1894920127786173,0.9936412083679897
4,2.1900156654963348,0.9933178095880066
4,2.1905393182140527,0.9929947512300714
4,2.1910629709317706,0.9926720329094678
4,2.1915866236494885,0.9923496542360226
4,2.1921102763672065,0.9920276148222911
4,2.1926339290849244,0.9917059142790094
4,2.1931575818026423,0.9913845522214615
4,2.1936812345203602,0.9910635282649309
4,2.194204887238078,0.9907428420183351
4,2.194728539955796,0.9904224930996861
4,2.195252192673514,0.9901024811269963
4,2.195775845391232,0.9897828057155493
4,2.19629949810895,0.9894634664797195
4,2.196823150826668,0.989144463039338
4,2.1973468035443857,0.9888257950151456
4,2.1978704562621036,0.9885074620233354
4,2.1983941089798216,0.9881894636846482
4,2.1989177616975395,0.9878717996170963
4,2.1994414144152574,0.9875544694450582
4,2.1999650671329753,0.9872374727883653
4,2.2004887198506933,0.9869208092704866
4,2.201012372568411,0.9866044785148915
4,2.201536025286129,0.9862884801414111
4,2.202059678003847,0.9859728137771526
4,2.202583330721565,0.9856574790492232
4,2.203106983439283,0.9853424755801825
4,2.203630636157001,0.9850278029953188
4,2.2041542888747188,0.9847134609235582
4,2.2046779415924367,0.9843994489901888
4,2.2052015943101546,0.9840857668232275
4,2.2057252470278725,0.9837724140570572
4,2.2062488997455905,0.9834593903142377
4,2.2067725524633084,0.9831466952264236
4,2.2072962051810263,0.9828343284279981
4,2.2078198578987442,0.9825222895433399
4,2.208343510616462,0.982210578208651
4,2.20886716333418,0.9818991940574051
4,2.209390816051898,0.9815881367203474
4,2.209914468769616,0.981277405830042
4,2.210438121487334,0.9809670010254194
4,2.210961774205052,0.980656921937225
4,2.2114854269227697,0.9803471682007512
4,2.2120090796404877,0.9800377394558382
4,2.2125327323582056,0.979728635336869
4,2.2130563850759235,0.979419855480046
4,2.2135800377936414,0.979111399525209
4,2.2141036905113594,0.9788032671112887
4,2.2146273432290773,0.9784954578772158
4,2.215150995946795,0.9781879714619208
4,2.215674648664513,0.9778808075061534
4,2.216198301382231,0.977573965650663
4,2.216721954099949,0.9772674455361994
4,2.217245606817667,0.976961246808969
4,2.217769259535385,0.9766553691097215
4,2.2182929122531028,0.976349812080116
4,2.2188165649708207,0.9760445753654494
4,2.2193402176885386,0.9757396586101095
4,2.219863870406256,0.9754350614593932
4,2.220387523123974,0.9751307835622356
4,2.220911175841692,0.9748268245602958
4,2.22143482855941,0.9745231841006898
4,2.221958481277128,0.9742198618359907
4,2.2224821339948457,0.9739168574105861
4,2.2230057867125637,0.9736141704761394
4,2.2235294394302816,0.9733118006788573
4,2.2240530921479995,0.9730097476676747
4,2.2245767448657174,0.9727080110988027
4,2.2251003975834354,0.9724065906193573
4,2.2256240503011533,0.9721054858800926
4,2.226147703018871,0.9718046965363101
4,2.226671355736589,0.9715042222414922
4,2.227195008454307,0.9712040626463931
4,2.227718661172025,0.9709042174044953
4,2.228242313889743,0.9706046861738287
4,2.228765966607461,0.9703054686078758
4,2.2292896193251788,0.9700065643637572
4,2.2298132720428967,0.9697079730949554
4,2.2303369247606146,0.9694096944595003
4,2.2308605774783326,0.9691117281163315
4,2.2313842301960505,0.9688140737243884
4,2.2319078829137684,0.9685167309426106
4,2.2324315356314863,0.96821969942539
4,2.2329551883492043,0.9679229788362136
4,2.233478841066922,0.9676265688358399
4,2.23400249378464,0.9673304690841178
4,2.234526146502358,0.9670346792427154
4,2.235049799220076,0.966739198976029
4,2.235573451937794,0.9664440279420887
4,2.236097104655512,0.96614916580711
4,2.2366207573732297,0.9658546122373082
4,2.2371444100909477,0.9655603668916228
4,2.2376680628086656,0.9652664294380884
4,2.2381917155263835,0.9649727995420108
4,2.2387153682441014,0.9646794768686959
4,2.2392390209618194,0.9643864610879973
4,2.2397626736795373,0.9640937518615829
4,2.2402863263972552,0.9638013488602155
4,2.240809979114973,0.9635092517537487
4,2.241333631832691,0.9632174602065788
4,2.241857284550409,0.9629259738931069
4,2.242380937268127,0.9626347924795482
4,2.242904589985845,0.9623439156366658
4,2.243428242703563,0.962053343036132
4,2.2439518954212807,0.9617630743514383
4,2.2444755481389986,0.9614731092551665
4,2.2449992008567166,0.9611834474153511
4,2.2455228535744345,0.9608940885073025
4,2.2460465062921524,0.9606050322045121
4,2.2465701590098703,0.9603162781831998
4,2.2470938117275883,0.9600278261186759
4,2.247617464445306,0.9597396756826129
4,2.248141117163024,0.9594518265521401
4,2.248664769880742,0.959164278406206
4,2.24918842259846,0.9588770309173924
4,2.2497120753161775,0.9585900837682857
4,2.2502357280338954,0.9583034366341963
4,2.2507593807516133,0.958017089194982
4,2.2512830334693312,0.9577310411268627
4,2.251806686187049,0.9574452921133343
4,2.252330338904767,0.9571598418315261
4,2.252853991622485,0.9568746899631151
4,2.253377644340203,0.956589836189778
4,2.253901297057921,0.9563052801904632
4,2.254424949775639,0.9560210216541236
4,2.2549486024933567,0.955737060258798
4,2.2554722552110746,0.9554533956879823
4,2.2559959079287926,0.9551700276251722
4,2.2565195606465105,0.9548869557547732
4,2.2570432133642284,0.9546041797639191
4,2.2575668660819463,0.9543216993397436
4,2.2580905187996643,0.9540395141611953
4,2.258614171517382,0.9537576239190457
4,2.2591378242351,0.9534760283031574
4,2.259661476952818,0.9531947269942975
4,2.260185129670536,0.9529137196841475
4,2.260708782388254,0.9526330060625696
4,2.261232435105972,0.9523525858166977
4,2.2617560878236898,0.952072458636394
4,2.2622797405414077,0.9517926242142494
4,2.2628033932591256,0.9515130822364881
4,2.2633270459768435,0.951233832395701
4,2.2638506986945615,0.9509548743853884
4,2.2643743514122794,0.950676207894503
4,2.2648980041299973,0.9503978326183642
4,2.2654216568477152,0.9501197482486532
4,2.265945309565433,0.9498419544797798
4,2.266468962283151,0.9495644510070633
4,2.266992615000869,0.949287237522185
4,2.267516267718587,0.9490103137213737
4,2.268039920436305,0.948733679302677
4,2.268563573154023,0.9484573339595954
4,2.2690872258717407,0.9481812773874481
4,2.2696108785894586,0.9479055092879207
4,2.2701345313071766,0.9476300293554232
4,2.2706581840248945,0.9473548372889127
4,2.2711818367426124,0.9470799327855275
4,2.2717054894603304,0.9468053155460439
4,2.2722291421780483,0.946530985271238
4,2.272752794895766,0.9462569416573388
4,2.273276447613484,0.9459831844096698
4,2.273800100331202,0.9457097132271883
4,2.27432375304892,0.9454365278079422
4,2.274847405766638,0.945163627860893
4,2.275371058484356,0.9448910130840886
4,2.2758947112020738,0.9446186831801242
4,2.2764183639197917,0.9443466378543235
4,2.2769420166375096,0.9440748768111007
4,2.2774656693552275,0.9438033997557795
4,2.2779893220729455,0.9435322063882268
4,2.2785129747906634,0.9432612964183136
4,2.2790366275083813,0.9429906695531827
4,2.279560280226099,0.9427203254963388
4,2.2800839329438167,0.9424502639531056
4,2.2806075856615347,0.9421804846369923
4,2.2811312383792526,0.9419109872496847
4,2.2816548910969705,0.9416417715028729
4,2.2821785438146884,0.9413728371036996
4,2.2827021965324064,0.9411041837629455
4,2.2832258492501243,0.9408358111904818
4,2.283749501967842,0.9405677190943607
4,2.28427315468556,0.9402999071862723
4,2.284796807403278,0.9400323751797259
4,2.285320460120996,0.9397651227845927
4,2.285844112838714,0.9394981497098343
4,2.286367765556432,0.9392314556744168
4,2.2868914182741498,0.938965040387302
4,2.2874150709918677,0.938698903561999
4,2.2879387237095856,0.9384330449138361
4,2.2884623764273035,0.9381674641554127
4,2.2889860291450215,0.9379021610038762
4,2.2895096818627394,0.9376371351763737
4,2.2900333345804573,0.9373723863836858
4,2.2905569872981753,0.9371079143447787
4,2.291080640015893,0.93684371877589
4,2.291604292733611,0.9365797993941669
4,2.292127945451329,0.936316155919485
4,2.292651598169047,0.936052788068082
4,2.293175250886765,0.9357896955580145
4,2.293698903604483,0.9355268781082486
4,2.2942225563222007,0.935264335442298
4,2.2947462090399187,0.9350020672736719
4,2.2952698617576366,0.9347400733267932
4,2.2957935144753545,0.9344783533260852
4,2.2963171671930724,0.9342169069841475
4,2.2968408199107904,0.9339557340272222
4,2.2973644726285083,0.9336948341806419
4,2.297888125346226,0.9334342071633728
4,2.298411778063944,0.9331738526980189
4,2.298935430781662,0.9329137705108224
4,2.29945908349938,0.9326539603234778
4,2.299982736217098,0.9323944218613178
4,2.300506388934816,0.932135154851494
4,2.3010300416525338,0.9318761590184295
4,2.3015536943702517,0.9316174340856378
4,2.3020773470879696,0.9313589797784516
4,2.3026009998056876,0.931100795826751
4,2.3031246525234055,0.930842881958597
4,2.3036483052411234,0.9305852378993222
4,2.3041719579588413,0.9303278633760783
4,2.3046956106765593,0.9300707581214738
4,2.305219263394277,0.9298139218590222
4,2.305742916111995,0.9295573543204227
4,2.306266568829713,0.9293010552382839
4,2.306790221547431,0.9290450243388477
4,2.307313874265149,0.9287892613547228
4,2.307837526982867,0.9285337660157893
4,2.3083611797005847,0.9282785380564746
4,2.3088848324183022,0.92802357720484
4,2.30940848513602,0.9277688831953128
4,2.309932137853738,0.9275144557614112
4,2.310455790571456,0.9272602946339248
4,2.310979443289174,0.9270063995491
4,2.311503096006892,0.926752770236817
4,2.31202674872461,0.9264994064378698
4,2.3125504014423277,0.9262463078885048
4,2.3130740541600456,0.9259934743158738
4,2.3135977068777636,0.9257409054580421
4,2.3141213595954815,0.9254886010539849
4,2.3146450123131994,0.9252365608408581
4,2.3151686650309173,0.9249847845530894
4,2.3156923177486353,0.9247332719305632
4,2.316215970466353,0.924482022711345
4,2.316739623184071,0.924231036630772
4,2.317263275901789,0.923980313429638
4,2.317786928619507,0.9237298528460087
4,2.318310581337225,0.9234796546215875
4,2.318834234054943,0.923229718496259
4,2.3193578867726607,0.9229800442099076
4,2.3198815394903787,0.9227306315015085
4,2.3204051922080966,0.922481480112765
4,2.3209288449258145,0.9222325897881092
4,2.3214524976435325,0.9219839602692446
4,2.3219761503612504,0.9217355912969651
4,2.3224998030789683,0.9214874826147934
4,2.3230234557966862,0.9212396339680708
4,2.323547108514404,0.9209920450957725
4,2.324070761232122,0.9207447157450588
4,2.32459441394984,0.9204976456630902
4,2.325118066667558,0.9202508345915703
4,2.325641719385276,0.920004282274931
4,2.326165372102994,0.9197579884621518
4,2.3266890248207117,0.9195119528967552
4,2.3272126775384296,0.9192661753277207
4,2.3277363302561476,0.9190206555012992
4,2.3282599829738655,0.9187753931646512
4,2.3287836356915834,0.9185303880667561
4,2.3293072884093013,0.918285639953865
4,2.3298309411270193,0.9180411485749573
4,2.330354593844737,0.9177969136790125
4,2.330878246562455,0.9175529350195575
4,2.331401899280173,0.9173092123410242
4,2.331925551997891,0.9170657453960303
4,2.332449204715609,0.9168225339344644
4,2.332972857433327,0.9165795777080348
4,2.3334965101510448,0.9163368764684492
4,2.3340201628687627,0.9160944299683251
4,2.3345438155864806,0.9158522379593705
4,2.3350674683041985,0.9156103001896554
4,2.3355911210219165,0.9153686164190731
4,2.3361147737396344,0.915127186400241
4,2.3366384264573523,0.9148860098830482
4,2.3371620791750702,0.9146450866219311
4,2.337685731892788,0.9144044163758736
4,2.338209384610506,0.914163998897493
4,2.3387330373282236,0.9139238339412259
4,2.3392566900459415,0.9136839212642371
4,2.3397803427636594,0.9134442606209632
4,2.3403039954813774,0.9132048517694784
4,2.3408276481990953,0.9129656944678572
4,2.341351300916813,0.9127267884714456
4,2.341874953634531,0.9124881335374084
4,2.342398606352249,0.9122497294247296
4,2.342922259069967,0.912011575894212
4,2.343445911787685,0.9117736727012016
4,2.343969564505403,0.9115360196065012
4,2.3444932172231208,0.9112986163718233
4,2.3450168699408387,0.9110614627516043
4,2.3455405226585566,0.9108245585130135
4,2.3460641753762745,0.9105879034141253
4,2.3465878280939925,0.9103514972130142
4,2.3471114808117104,0.9101153396741211
4,2.3476351335294283,0.9098794305582487
4,2.3481587862471462,0.9096437696325665
4,2.348682438964864,0.90940835665333
4,2.349206091682582,0.9091731913840704
4,2.3497297444003,0.9089382735946856
4,2.350253397118018,0.90870360304325
4,2.350777049835736,0.9084691794932951
4,2.351300702553454,0.9082350027110806
4,2.3518243552711717,0.9080010724655949
4,2.3523480079888897,0.907767388515822
4,2.3528716607066076,0.9075339506280216
4,2.3533953134243255,0.9073007585739106
4,2.3539189661420434,0.9070678121161109
4,2.3544426188597614,0.9068351110190633
4,2.3549662715774793,0.9066026550535753
4,2.355489924295197,0.9063704439877256
4,2.356013577012915,0.9061384775850456
4,2.356537229730633,0.9059067556190712
4,2.357060882448351,0.9056752778551527
4,2.357584535166069,0.9054440440622784
4,2.358108187883787,0.9052130540130747
4,2.3586318406015048,0.9049823074719825
4,2.3591554933192227,0.904751804213447
4,2.3596791460369406,0.9045215440073662
4,2.3602027987546585,0.9042915266209093
4,2.3607264514723765,0.9040617518294312
4,2.3612501041900944,0.9038322194046486
4,2.3617737569078123,0.9036029291155501
4,2.3622974096255303,0.9033738807356713
4,2.362821062343248,0.903145074038548
4,2.363344715060966,0.9029165087958972
4,2.363868367778684,0.9026881847812547
4,2.364392020496402,0.9024601017708846
4,2.36491567321412,0.902232259534685
4,2.365439325931838,0.9020046578498295
4,2.3659629786495557,0.9017772964907635
4,2.3664866313672737,0.9015501752292039
4,2.3670102840849916,0.9013232938450528
4,2.3675339368027095,0.9010966521163937
4,2.3680575895204274,0.9008702498158527
4,2.368581242238145,0.9006440867151468
4,2.369104894955863,0.9004181625978163
4,2.3696285476735808,0.9001924772392158
4,2.3701522003912987,0.8999670304174288
4,2.3706758531090166,0.8997418219114479
4,2.3711995058267346,0.8995168514984471
4,2.3717231585444525,0.8992921189546905
4,2.3722468112621704,0.8990676240600806
4,2.3727704639798883,0.8988433665990669
4,2.3732941166976063,0.8986193463470045
4,2.373817769415324,0.8983955630810669
4,2.374341422133042,0.8981720165884326
4,2.37486507485076,0.8979487066444563
4,2.375388727568478,0.8977256330326782
4,2.375912380286196,0.8975027955375481
4,2.376436033003914,0.8972801939335113
4,2.3769596857216317,0.8970578280068366
4,2.3774833384393497,0.8968356975428833
4,2.3780069911570676,0.8966138023151871
4,2.3785306438747855,0.8963921421172927
4,2.3790542965925034,0.8961707167327404
4,2.3795779493102214,0.895949525935066
4,2.3801016020279393,0.8957285695141763
4,2.3806252547456572,0.895507847258159
4,2.381148907463375,0.8952873589460069
4,2.381672560181093,0.8950671043667171
4,2.382196212898811,0.8948470833047395
4,2.382719865616529,0.8946272955445238
4,2.383243518334247,0.8944077408787052
4,2.383767171051965,0.8941884190835481
4,2.3842908237696827,0.8939693299498686
4,2.3848144764874006,0.8937504732693924
4,2.3853381292051186,0.8935318488247503
4,2.3858617819228365,0.8933134564058491
4,2.3863854346405544,0.893095295801686
4,2.3869090873582723,0.8928773667985297
4,2.3874327400759903,0.8926596691844679
4,2.387956392793708,0.8924422027512264
4,2.388480045511426,0.8922249672896214
4,2.389003698229144,0.8920079625868311
4,2.389527350946862,0.8917911884327623
4,2.39005100366458,0.8915746446182311
4,2.390574656382298,0.8913583309358728
4,2.3910983091000158,0.8911422471755941
4,2.3916219618177337,0.8909263931291207
4,2.3921456145354516,0.8907107685872688
4,2.3926692672531695,0.8904953733463117
4,2.3931929199708875,0.890280207196156
4,2.3937165726886054,0.8900652699212515
4,2.3942402254063233,0.8898505613269663
4,2.3947638781240412,0.8896360812059356
4,2.395287530841759,0.8894218293444283
4,2.395811183559477,0.8892078055396269
4,2.396334836277195,0.8889940095868951
4,2.396858488994913,0.8887804412834157
4,2.397382141712631,0.8885671004200049
4,2.397905794430349,0.8883539867938453
4,2.3984294471480663,0.8881411002012101
4,2.398953099865784,0.8879284404347345
4,2.399476752583502,0.8877160072961487
4,2.40000040530122,0.887503800579907
4,2.400524058018938,0.8872918200795539
4,2.401047710736656,0.8870800655977291
4,2.401571363454374,0.8868685369279774
4,2.4020950161720918,0.8866572338702099
4,2.4026186688898097,0.8864461562243378
4,2.4031423216075276,0.8862353037839057
4,2.4036659743252455,0.8860246763515534
4,2.4041896270429635,0.8858142737271919
4,2.4047132797606814,0.885604095708004
4,2.4052369324783993,0.8853941420948104
4,2.4057605851961172,0.8851844126884316
4,2.406284237913835,0.8849749072887789
4,2.406807890631553,0.8847656256921255
4,2.407331543349271,0.8845565677056584
4,2.407855196066989,0.8843477331320173
4,2.408378848784707,0.884139121766566
4,2.408902501502425,0.8839307334146724
4,2.4094261542201427,0.8837225678798859
4,2.4099498069378607,0.8835146249621175
4,2.4104734596555786,0.8833069044649164
4,2.4109971123732965,0.8830994061909223
4,2.4115207650910144,0.8828921299473222
4,2.4120444178087324,0.8826850755385749
4,2.4125680705264503,0.882478242758225
4,2.413091723244168,0.882271631421645
4,2.413615375961886,0.8820652413314747
4,2.414139028679604,0.8818590722885347
4,2.414662681397322,0.8816531241027405
4,2.41518633411504,0.8814473965758225
4,2.415709986832758,0.8812418895204246
4,2.4162336395504758,0.881036602736458
4,2.4167572922681937,0.8808315360283814
4,2.4172809449859116,0.8806266892142958
4,2.4178045977036295,0.8804220620895649
4,2.4183282504213475,0.8802176544650138
4,2.4188519031390654,0.8800134661541961
4,2.4193755558567833,0.8798094969570229
4,2.4198992085745012,0.8796057466879574
4,2.420422861292219,0.8794022151496392
4,2.420946514009937,0.8791989021565314
4,2.421470166727655,0.8789958075176401
4,2.421993819445373,0.8787929310392428
4,2.422517472163091,0.8785902725330743
4,2.423041124880809,0.8783878318081406
4,2.4235647775985267,0.8781856086752668
4,2.4240884303162447,0.8779836029480066
4,2.4246120830339626,0.8777818144344565
4,2.4251357357516805,0.8775802429454416
4,2.4256593884693984,0.877378888297244
4,2.4261830411871164,0.8771777502943223
4,2.4267066939048343,0.8769768287502302
4,2.427230346622552,0.8767761234821592
4,2.42775399934027,0.8765756343036628
4,2.4282776520579876,0.8763753610246567
4,2.4288013047757055,0.8761753034550566
4,2.4293249574934235,0.8759754614147823
4,2.4298486102111414,0.8757758347146591
4,2.4303722629288593,0.8755764231700596
4,2.4308959156465773,0.8753772265936277
4,2.431419568364295,0.8751782448007361
4,2.431943221082013,0.8749794776113049
4,2.432466873799731,0.8747809248352496
4,2.432990526517449,0.8745825862861238
4,2.433514179235167,0.8743844617847571
4,2.434037831952885,0.8741865511465221
4,2.4345614846706027,0.8739888541877008
4,2.4350851373883207,0.8737913707254847
4,2.4356087901060386,0.8735941005743371
4,2.4361324428237565,0.8733970435559968
4,2.4366560955414744,0.873200199484927
4,2.4371797482591924,0.8730035681810477
4,2.4377034009769103,0.8728071494579126
4,2.438227053694628,0.8726109431399891
4,2.438750706412346,0.8724149490462878
4,2.439274359130064,0.8722191669849053
4,2.439798011847782,0.8720235967894041
4,2.4403216645655,0.8718282382751568
4,2.440845317283218,0.8716330912566264
4,2.441368970000936,0.8714381555600994
4,2.4418926227186537,0.871243431003677
4,2.4424162754363716,0.8710489174072791
4,2.4429399281540896,0.8708546145917353
4,2.4434635808718075,0.8706605223815131
4,2.4439872335895254,0.8704666405956232
4,2.4445108863072433,0.8702729690548949
4,2.4450345390249613,0.8700795075874339
4,2.445558191742679,0.8698862560095222
4,2.446081844460397,0.8696932141401703
4,2.446605497178115,0.8695003818129408
4,2.447129149895833,0.8693077588441156
4,2.447652802613551,0.8691153450581623
4,2.448176455331269,0.868923140282277
4,2.4487001080489867,0.8687311443354702
4,2.4492237607667047,0.8685393570440283
4,2.4497474134844226,0.8683477782342379
4,2.4502710662021405,0.8681564077296571
4,2.4507947189198585,0.8679652453574818
4,2.4513183716375764,0.8677742909367225
4,2.4518420243552943,0.8675835442982134
4,2.4523656770730122,0.8673930052709693
4,2.45288932979073,0.8672026736730913
4,2.453412982508448,0.867012549334504
4,2.453936635226166,0.8668226320860413
4,2.454460287943884,0.8666329217521707
4,2.454983940661602,0.8664434181537217
4,2.45550759337932,0.8662541211269854
4,2.4560312460970377,0.8660650305027957
4,2.4565548988147556,0.8658761460956157
4,2.4570785515324736,0.8656874677390078
4,2.4576022042501915,0.8654989952729011
4,2.458125856967909,0.8653107285117585
4,2.458649509685627,0.8651226672882331
4,2.459173162403345,0.8649348114367967
4,2.4596968151210628,0.864747160785555
4,2.4602204678387807,0.8645597151589755
4,2.4607441205564986,0.8643724743924395
4,2.4612677732742165,0.8641854383167811
4,2.4617914259919345,0.8639986067582868
4,2.4623150787096524,0.8638119795532475
4,2.4628387314273703,0.8636255565279498
4,2.4633623841450882,0.8634393375168656
4,2.463886036862806,0.863253322354467
4,2.464409689580524,0.8630675108661308
4,2.464933342298242,0.862881902888148
4,2.46545699501596,0.8626964982531717
4,2.465980647733678,0.8625112967911264
4,2.466504300451396,0.8623262983383029
4,2.4670279531691137,0.8621415027264447
4,2.4675516058868316,0.8619569097918429
4,2.4680752586045496,0.8617725193644219
4,2.4685989113222675,0.8615883312786536
4,2.4691225640399854,0.8614043453735576
4,2.4696462167577033,0.8612205614763297
4,2.4701698694754213,0.861036979428718
4,2.470693522193139,0.860853599062466
4,2.471217174910857,0.8606704202138644
4,2.471740827628575,0.8604874427192044
4,2.472264480346293,0.8603046664075009
4,2.472788133064011,0.8601220911223209
4,2.473311785781729,0.8599397167017742
4,2.4738354384994468,0.8597575429785138
4,2.4743590912171647,0.8595755697870118
4,2.4748827439348826,0.859393796970835
4,2.4754063966526005,0.8592122243599079
4,2.4759300493703185,0.8590308517977974
4,2.4764537020880364,0.858849679123523
4,2.4769773548057543,0.8586687061679186
4,2.4775010075234722,0.8584879327736417
4,2.47802466024119,0.8583073587788022
4,2.478548312958908,0.858126984025148
4,2.479071965676626,0.8579468083516986
4,2.479595618394344,0.8577668315874689
4,2.480119271112062,0.8575870535851209
4,2.48064292382978,0.8574074741818549
4,2.4811665765474977,0.857228093210324
4,2.4816902292652157,0.857048910519552
4,2.4822138819829336,0.8568699259449204
4,2.4827375347006515,0.8566911393281771
4,2.4832611874183694,0.85651255051107
4,2.4837848401360874,0.856334159338985
4,2.4843084928538053,0.8561559656491227
4,2.484832145571523,0.8559779692759548
4,2.485355798289241,0.8558001700757814
4,2.485879451006959,0.8556225678876217
4,2.486403103724677,0.8554451625441288
4,2.486926756442395,0.8552679538988741
4,2.487450409160113,0.855090941790877
4,2.4879740618778303,0.8549141260646138
4,2.4884977145955482,0.8547375065618326
4,2.489021367313266,0.8545610831206432
4,2.489545020030984,0.8543848555955265
4,2.490068672748702,0.8542088238318684
4,2.49059232546642,0.8540329876659598
4,2.491115978184138,0.8538573469413677
4,2.491639630901856,0.853681901510754
4,2.4921632836195737,0.8535066512158664
4,2.4926869363372917,0.8533315958993626
4,2.4932105890550096,0.8531567354148137
4,2.4937342417727275,0.8529820695994204
4,2.4942578944904454,0.8528075983049348
4,2.4947815472081634,0.852633321373105
4,2.4953051999258813,0.8524592386511358
4,2.495828852643599,0.8522853499916891
4,2.496352505361317,0.8521116552365129
4,2.496876158079035,0.8519381542400879
4,2.497399810796753,0.8517648468387051
4,2.497923463514471,0.8515917328850264
4,2.498447116232189,0.8514188122335327
4,2.4989707689499068,0.8512460847232433
4,2.4994944216676247,0.8510735502050011
4,2.5000180743853426,0.8509012085323775
4,2.5005417271030606,0.8507290595507584
4,2.5010653798207785,0.8505571031055297
4,2.5015890325384964,0.8503853390529912
4,2.5021126852562143,0.8502137672430763
4,2.5026363379739323,0.8500423875184424
4,2.50315999069165,0.8498711997308419
4,2.503683643409368,0.8497002037411221
4,2.504207296127086,0.8495293993901214
4,2.504730948844804,0.8493587865241352
4,2.505254601562522,0.8491883650067393
4,2.50577825428024,0.8490181346796817
4,2.5063019069979577,0.8488480953983526
4,2.5068255597156757,0.8486782470172329
4,2.5073492124333936,0.8485085893807991
4,2.5078728651511115,0.8483391223498984
4,2.5083965178688294,0.8481698457699167
4,2.5089201705865474,0.8480007594944254
4,2.5094438233042653,0.8478318633815434
4,2.5099674760219832,0.8476631572812039
4,2.510491128739701,0.8474946410478879
4,2.511014781457419,0.8473263145324381
4,2.511538434175137,0.8471581775847881
4,2.512062086892855,0.8469902300685135
4,2.512585739610573,0.8468224718344572
4,2.513109392328291,0.8466549027343717
4,2.5136330450460087,0.8464875226281947
4,2.5141566977637266,0.8463203313622216
4,2.5146803504814446,0.8461533288018472
4,2.5152040031991625,0.8459865147942764
4,2.5157276559168804,0.8458198891930806
4,2.5162513086345983,0.845653451868202
4,2.5167749613523163,0.8454872026650264
4,2.517298614070034,0.8453211414389443
4,2.5178222667877517,0.845155268048984
4,2.5183459195054696,0.8449895823523548
4,2.5188695722231875,0.844824084206266
4,2.5193932249409055,0.8446587734633795
4,2.5199168776586234,0.8444936499872711
4,2.5204405303763413,0.8443287136315121
4,2.5209641830940592,0.8441639642560403
4,2.521487835811777,0.8439994017171557
4,2.522011488529495,0.843835025878434
4,2.522535141247213,0.8436708365925369
4,2.523058793964931,0.8435068337139455
4,2.523582446682649,0.843343017110783
4,2.524106099400367,0.8431793866402586
4,2.5246297521180847,0.8430159421568533
4,2.5251534048358026,0.8428526835223238
4,2.5256770575535206,0.8426896106011554
4,2.5262007102712385,0.8425267232469196
4,2.5267243629889564,0.8423640213241015
4,2.5272480157066743,0.842201504689001
4,2.5277716684243923,0.842039173201556
4,2.52829532114211,0.8418770267298896
4,2.528818973859828,0.8417150651339398
4,2.529342626577546,0.8415532882672778
4,2.529866279295264,0.8413916959952985
4,2.530389932012982,0.8412302881815776
4,2.5309135847307,0.841069064686053
4,2.5314372374484178,0.8409080253723005
4,2.5319608901661357,0.8407471701020768
4,2.5324845428838536,0.8405864987371388
4,2.5330081956015715,0.8404260111410622
4,2.5335318483192895,0.8402657071765134
4,2.5340555010370074,0.8401055867052492
4,2.5345791537547253,0.8399456495890263
4,2.5351028064724432,0.839785895699606
4,2.535626459190161,0.8396263248987452
4,2.536150111907879,0.8394669370409247
4,2.536673764625597,0.8393077319979056
4,2.537197417343315,0.8391487096350829
4,2.537721070061033,0.8389898698142133
4,2.538244722778751,0.8388312123988726
4,2.5387683754964687,0.8386727372580935
4,2.5392920282141866,0.838514444257271
4,2.5398156809319046,0.8383563332581616
4,2.5403393336496225,0.8381984041243413
4,2.5408629863673404,0.8380406567293903
4,2.5413866390850584,0.8378830909368844
4,2.5419102918027763,0.8377257066094899
4,2.542433944520494,0.8375685036162395
4,2.542957597238212,0.8374114818234375
4,2.54348124995593,0.8372546410973882
4,2.544004902673648,0.8370979813089434
4,2.544528555391366,0.8369415023216789
4,2.545052208109084,0.8367852040000798
4,2.5455758608268018,0.8366290862204551
4,2.5460995135445197,0.8364731488472898
4,2.5466231662622376,0.836317391745979
4,2.547146818979955,0.8361618147810077
4,2.547670471697673,0.8360064178295943
4,2.548194124415391,0.835851200759862
4,2.548717777133109,0.835696163436296
4,2.549241429850827,0.8355413057315673
4,2.5497650825685447,0.8353866275101609
4,2.5502887352862627,0.8352321286492952
4,2.5508123880039806,0.8350778090125459
4,2.5513360407216985,0.8349236684698553
4,2.5518596934394164,0.8347697068957132
4,2.5523833461571344,0.8346159241536952
4,2.5529069988748523,0.8344623201219292
4,2.55343065159257,0.8343088946721764
4,2.553954304310288,0.8341556476643746
4,2.554477957028006,0.8340025789757419
4,2.555001609745724,0.8338496884834967
4,2.555525262463442,0.8336969760548527
4,2.55604891518116,0.8335444415579332
4,2.5565725678988778,0.8333920848681373
4,2.5570962206165957,0.8332399058590454
4,2.5576198733343136,0.8330879043960522
4,2.5581435260520315,0.8329360803563759
4,2.5586671787697495,0.8327844336217822
4,2.5591908314874674,0.8326329640549375
4,2.5597144842051853,0.8324816715248744
4,2.5602381369229033,0.8323305559124492
4,2.560761789640621,0.8321796170912421
4,2.561285442358339,0.8320288549311954
4,2.561809095076057,0.8318782693122557
4,2.562332747793775,0.8317278601025464
4,2.562856400511493,0.8315776271765571
4,2.563380053229211,0.8314275704105967
4,2.5639037059469287,0.8312776896818832
4,2.5644273586646467,0.8311279848649065
4,2.5649510113823646,0.8309784558296087
4,2.5654746641000825,0.8308291024541177
4,2.5659983168178004,0.8306799246156515
4,2.5665219695355184,0.8305309221887001
4,2.5670456222532363,0.8303820950513909
4,2.567569274970954,0.8302334430763949
4,2.568092927688672,0.8300849661354732
4,2.56861658040639,0.829936664114939
4,2.569140233124108,0.8297885368874631
4,2.569663885841826,0.8296405843284447
4,2.570187538559544,0.8294928063196494
4,2.5707111912772618,0.8293452027292005
4,2.5712348439949797,0.8291977734388638
4,2.5717584967126976,0.8290505183322239
4,2.5722821494304156,0.82890343728468
4,2.5728058021481335,0.8287565301652648
4,2.5733294548658514,0.8286097968593822
4,2.5738531075835693,0.8284632372506167
4,2.5743767603012873,0.828316851204363
4,2.574900413019005,0.828170638607844
4,2.575424065736723,0.8280245993410063
4,2.575947718454441,0.827878733284706
4,2.576471371172159,0.8277330403088854
4,2.5769950238898764,0.8275875202916723
4,2.5775186766075944,0.8274421731266557
4,2.5780423293253123,0.8272969986901444
4,2.5785659820430302,0.8271519968566281
4,2.579089634760748,0.827007167505144
4,2.579613287478466,0.8268625105165484
4,2.580136940196184,0.8267180257726068
4,2.580660592913902,0.8265737131650894
4,2.58118424563162,0.826429572568486
4,2.581707898349338,0.8262856038463724
4,2.5822315510670557,0.8261418068977946
4,2.5827552037847736,0.8259981816026993
4,2.5832788565024916,0.8258547278428523
4,2.5838025092202095,0.8257114455036572
4,2.5843261619379274,0.8255683344559657
4,2.5848498146556453,0.8254253945870005
4,2.5853734673733633,0.8252826257867127
4,2.585897120091081,0.8251400279241352
4,2.586420772808799,0.8249976008901285
4,2.586944425526517,0.8248553445728248
4,2.587468078244235,0.8247132588494424
4,2.587991730961953,0.8245713435990183
4,2.588515383679671,0.8244295987024088
4,2.5890390363973887,0.8242880240586601
4,2.5895626891151067,0.8241466195495377
4,2.5900863418328246,0.8240053850440745
4,2.5906099945505425,0.8238643204358596
4,2.5911336472682605,0.823723425614844
4,2.5916572999859784,0.8235827004555176
4,2.5921809527036963,0.823442144845103
4,2.5927046054214142,0.8233017586662754
4,2.593228258139132,0.8231615418180809
4,2.59375191085685,0.8230214941750091
4,2.594275563574568,0.8228816156206449
4,2.594799216292286,0.8227419060476677
4,2.595322869010004,0.8226023653351149
4,2.595846521727722,0.82246299336839
4,2.5963701744454397,0.8223237900365348
4,2.5968938271631576,0.8221847552331383
4,2.5974174798808756,0.8220458888399662
4,2.5979411325985935,0.8219071907387843
4,2.5984647853163114,0.8217686608186341
4,2.5989884380340293,0.8216302989731048
4,2.5995120907517473,0.8214921050812336
4,2.600035743469465,0.8213540790302432
4,2.600559396187183,0.8212162207155416
4,2.601083048904901,0.8210785300188945
4,2.601606701622619,0.8209410068302532
4,2.602130354340337,0.8208036510404781
4,2.602654007058055,0.8206664625322446
4,2.6031776597757728,0.8205294411945943
4,2.6037013124934907,0.8203925869274826
4,2.6042249652112086,0.820255899606309
4,2.6047486179289265,0.8201193791173864
4,2.6052722706466445,0.819983025365218
4,2.6057959233643624,0.8198468382324791
4,2.6063195760820803,0.8197108176009351
4,2.606843228799798,0.8195749633714513
4,2.6073668815175157,0.8194392754339788
4,2.6078905342352336,0.8193037536693737
4,2.6084141869529516,0.8191683979684967
4,2.6089378396706695,0.819033208228575
4,2.6094614923883874,0.8188981843395595
4,2.6099851451061054,0.8187633261941301
4,2.6105087978238233,0.8186286336722333
4,2.611032450541541,0.8184941066747342
4,2.611556103259259,0.818359745095222
4,2.612079755976977,0.8182255488109149
4,2.612603408694695,0.8180915177272254
4,2.613127061412413,0.8179576517341047
4,2.613650714130131,0.8178239507215039
4,2.6141743668478488,0.8176904145766457
4,2.6146980195655667,0.8175570431967571
4,2.6152216722832846,0.8174238364781559
4,2.6157453250010025,0.817290794307155
4,2.6162689777187205,0.8171579165764342
4,2.6167926304364384,0.8170252031868586
4,2.6173162831541563,0.8168926540201937
4,2.6178399358718742,0.8167602689718478
4,2.618363588589592,0.8166280479526904
4,2.61888724130731,0.8164959908344827
4,2.619410894025028,0.8163640975162707
4,2.619934546742746,0.8162323678980101
4,2.620458199460464,0.8161008018723805
4,2.620981852178182,0.8159693993320616
4,2.6215055048958997,0.8158381601724614
4,2.6220291576136177,0.815707084287169
4,2.6225528103313356,0.8155761715688641
4,2.6230764630490535,0.8154454219193212
4,2.6236001157667714,0.8153148352275821
4,2.6241237684844894,0.8151844113899642
4,2.6246474212022073,0.8150541503027853
4,2.625171073919925,0.8149240518678198
4,2.625694726637643,0.814794115969562
4,2.626218379355361,0.8146643425052389
4,2.626742032073079,0.8145347313802631
4,2.627265684790797,0.8144052824864048
4,2.627789337508515,0.8142759957236194
4,2.6283129902262328,0.8141468709827677
4,2.6288366429439507,0.8140179081583483
4,2.6293602956616686,0.8138891071484977
4,2.6298839483793865,0.8137604678604475
4,2.6304076010971045,0.8136319901823299
4,2.6309312538148224,0.8135036740095529
4,2.6314549065325403,0.8133755192511671
4,2.6319785592502583,0.8132475257962142
4,2.632502211967976,0.8131196935437401
4,2.633025864685694,0.8129920223900626
4,2.633549517403412,0.8128645122369562
4,2.63407317012113,0.812737162981648
4,2.634596822838848,0.8126099745259125
4,2.635120475556566,0.8124829467606105
4,2.6356441282742837,0.812356079584788
4,2.6361677809920017,0.8122293729165904
4,2.636691433709719,0.812102826629598
4,2.637215086427437,0.8119764406392278
4,2.637738739145155,0.8118502148436164
4,2.638262391862873,0.8117241491281675
4,2.638786044580591,0.811598243411936
4,2.6393096972983088,0.8114724975821446
4,2.6398333500160267,0.8113469115460248
4,2.6403570027337446,0.8112214852062607
4,2.6408806554514626,0.8110962184528034
4,2.6414043081691805,0.8109711111901561
4,2.6419279608868984,0.8108461633282786
4,2.6424516136046163,0.8107213747571222
4,2.6429752663223343,0.8105967453857374
4,2.643498919040052,0.8104722751077134
4,2.64402257175777,0.810347963825734
4,2.644546224475488,0.8102238114497595
4,2.645069877193206,0.8100998178715599
4,2.645593529910924,0.8099759830020048
4,2.646117182628642,0.8098523067419592
4,2.6466408353463597,0.8097287889804647
4,2.6471644880640777,0.8096054296293005
4,2.6476881407817956,0.8094822285984264
4,2.6482117934995135,0.8093591857841602
4,2.6487354462172314,0.8092363010855479
4,2.6492590989349494,0.8091135744089115
4,2.6497827516526673,0.8089910056614826
4,2.6503064043703852,0.8088685947350314
4,2.650830057088103,0.8087463415477032
4,2.651353709805821,0.8086242459967252
4,2.651877362523539,0.8085023079847815
4,2.652401015241257,0.8083805274136466
4,2.652924667958975,0.8082589041823667
4,2.653448320676693,0.8081374382200011
4,2.6539719733944107,0.8080161294046775
4,2.6544956261121286,0.8078949776436275
4,2.6550192788298466,0.8077739828640915
4,2.6555429315475645,0.8076531449487447
4,2.6560665842652824,0.8075324638066377
4,2.6565902369830003,0.8074119393495494
4,2.6571138897007183,0.8072915714719784
4,2.657637542418436,0.8071713600829753
4,2.658161195136154,0.807051305103414
4,2.658684847853872,0.8069314064223363
4,2.65920850057159,0.80681166395334
4,2.659732153289308,0.8066920775900144
4,2.660255806007026,0.8065726472577808
4,2.6607794587247438,0.8064533728584138
4,2.6613031114424617,0.8063342542700411
4,2.6618267641601796,0.8062152914417311
4,2.6623504168778975,0.8060964842688918
4,2.6628740695956155,0.8059778326314699
4,2.6633977223133334,0.8058593364585249
4,2.6639213750310513,0.8057409956727497
4,2.6644450277487692,0.8056228101550005
4,2.664968680466487,0.8055047798197847
4,2.665492333184205,0.8053869045752435
4,2.666015985901923,0.8052691843276989
4,2.6665396386196405,0.8051516189971153
4,2.6670632913373584,0.8050342084816293
4,2.6675869440550763,0.804916952689382
4,2.6681105967727943,0.8047998515321524
4,2.668634249490512,0.8046829049089865
4,2.66915790220823,0.8045661127462154
4,2.669681554925948,0.8044494749437945
4,2.670205207643666,0.8043329914062269
4,2.670728860361384,0.8042166620489297
4,2.671252513079102,0.8041004867754964
4,2.6717761657968198,0.8039844655068009
4,2.6722998185145377,0.8038685981391609
4,2.6728234712322556,0.8037528845843553
4,2.6733471239499735,0.8036373247614392
4,2.6738707766676915,0.8035219185858296
4,2.6743944293854094,0.8034066659502059
4,2.6749180821031273,0.8032915667617999
4,2.6754417348208452,0.8031766209451234
4,2.675965387538563,0.803061828414684
4,2.676489040256281,0.8029471890695277
4,2.677012692973999,0.8028327028214335
4,2.677536345691717,0.8027183695949134
4,2.678059998409435,0.8026041892899229
4,2.678583651127153,0.8024901618100557
4,2.6791073038448707,0.8023762870861901
4,2.6796309565625887,0.8022625650219197
4,2.6801546092803066,0.8021489955062862
4,2.6806782619980245,0.8020355784892672
4,2.6812019147157424,0.8019223138771849
4,2.6817255674334604,0.801809201559081
4,2.6822492201511783,0.8016962414521913
4,2.682772872868896,0.8015834334855754
4,2.683296525586614,0.8014707775701027
4,2.683820178304332,0.8013582735939053
4,2.68434383102205,0.8012459215015042
4,2.684867483739768,0.8011337211955833
4,2.685391136457486,0.8010216725760984
4,2.6859147891752038,0.8009097755748371
4,2.6864384418929217,0.8007980300862982
4,2.6869620946106396,0.8006864360368127
4,2.6874857473283575,0.8005749933490733
4,2.6880094000460755,0.8004637019139409
4,2.6885330527637934,0.8003525616632032
4,2.6890567054815113,0.8002415725177343
4,2.6895803581992292,0.8001307343656663
4,2.690104010916947,0.8000200471396965
4,2.690627663634665,0.7999095107497851
4,2.691151316352383,0.799799125113168
4,2.691674969070101,0.7996888901461716
4,2.692198621787819,0.7995788057633035
4,2.692722274505537,0.7994688718727048
4,2.6932459272232547,0.7993590884016157
4,2.6937695799409727,0.799249455257268
4,2.6942932326586906,0.7991399723459836
4,2.6948168853764085,0.7990306396168307
4,2.6953405380941264,0.7989214569479373
4,2.6958641908118444,0.7988124242720005
4,2.696387843529562,0.7987035415180799
4,2.6969114962472798,0.798594808577036
4,2.6974351489649977,0.7984862253715619
4,2.6979588016827156,0.7983777918389023
4,2.6984824544004336,0.7982695078744655
4,2.6990061071181515,0.7981613734009443
4,2.6995297598358694,0.7980533883373937
4,2.7000534125535873,0.7979455526055972
4,2.7005770652713053,0.7978378661227907
4,2.701100717989023,0.7977303287898394
4,2.701624370706741,0.7976229405330741
4,2.702148023424459,0.7975157012842828
4,2.702671676142177,0.7974086109443306
4,2.703195328859895,0.7973016694340913
4,2.703718981577613,0.797194876679896
4,2.7042426342953307,0.7970882325917046
4,2.7047662870130487,0.7969817370967576
4,2.7052899397307666,0.796875390105015
4,2.7058135924484845,0.7967691915373507
4,2.7063372451662024,0.7966631413100913
4,2.7068608978839204,0.7965572393541152
4,2.7073845506016383,0.7964514855784728
4,2.707908203319356,0.7963458799013097
4,2.708431856037074,0.7962404222489567
4,2.708955508754792,0.796135112529555
4,2.70947916147251,0.796029950670345
4,2.710002814190228,0.7959249366031145
4,2.710526466907946,0.7958200702269096
4,2.711050119625664,0.7957153514689708
4,2.7115737723433817,0.7956107802692713
4,2.7120974250610996,0.7955063565104865
4,2.7126210777788176,0.7954020801234947
4,2.7131447304965355,0.7952979510555451
4,2.7136683832142534,0.7951939692184169
4,2.7141920359319713,0.795090134512975
4,2.7147156886496893,0.7949864468637315
4,2.715239341367407,0.7948829062052027
4,2.715762994085125,0.7947795124646291
4,2.716286646802843,0.7946762655519706
4,2.716810299520561,0.7945731653690018
4,2.717333952238279,0.794470211879343
4,2.717857604955997,0.7943674049838592
4,2.7183812576737147,0.794264744578868
4,2.7189049103914327,0.7941622306288991
4,2.7194285631091506,0.7940598630420936
4,2.7199522158268685,0.7939576417238641
4,2.7204758685445865,0.7938555666296452
4,2.7209995212623044,0.7937536376593926
4,2.7215231739800223,0.7936518547248852
4,2.7220468266977402,0.793550217761549
4,2.722570479415458,0.7934487266948054
4,2.723094132133176,0.7933473814700847
4,2.723617784850894,0.793246181979157
4,2.724141437568612,0.7931451281356203
4,2.72466509028633,0.793044219899457
4,2.725188743004048,0.7929434571669844
4,2.7257123957217657,0.7928428398636242
4,2.726236048439483,0.7927423679366257
4,2.726759701157201,0.7926420412995867
4,2.727283353874919,0.7925418598633769
4,2.727807006592637,0.7924418235479607
4,2.728330659310355,0.7923419322896734
4,2.728854312028073,0.7922421860339455
4,2.7293779647457908,0.7921425846834609
4,2.7299016174635087,0.7920431281445417
4,2.7304252701812266,0.7919438163808081
4,2.7309489228989445,0.7918446492949442
4,2.7314725756166625,0.791745626802367
4,2.7319962283343804,0.7916467488612398
4,2.7325198810520983,0.791548015373337
4,2.7330435337698162,0.7914494262668086
4,2.733567186487534,0.7913509814752615
4,2.734090839205252,0.7912526809004703
4,2.73461449192297,0.7911545244942317
4,2.735138144640688,0.7910565121883337
4,2.735661797358406,0.7909586438818224
4,2.736185450076124,0.7908609195255849
4,2.7367091027938417,0.7907633390377669
4,2.7372327555115596,0.7906659023419707
4,2.7377564082292776,0.7905686093590703
4,2.7382800609469955,0.7904714600099396
4,2.7388037136647134,0.7903744542400091
4,2.7393273663824314,0.7902775919756095
4,2.7398510191001493,0.7901808731612618
4,2.740374671817867,0.7900842976841886
4,2.740898324535585,0.7899878654970962
4,2.741421977253303,0.7898915765099446
4,2.741945629971021,0.7897954306499742
4,2.742469282688739,0.7896994278771672
4,2.742992935406457,0.7896035681033027
4,2.7435165881241748,0.7895078512410691
4,2.7440402408418927,0.7894122772113406
4,2.7445638935596106,0.7893168459850131
4,2.7450875462773285,0.7892215574738657
4,2.7456111989950465,0.7891264115805825
4,2.7461348517127644,0.7890314082487748
4,2.7466585044304823,0.7889365474429724
4,2.7471821571482002,0.7888418290385744
4,2.747705809865918,0.7887472529519073
4,2.748229462583636,0.7886528191902471
4,2.748753115301354,0.7885585276244456
4,2.749276768019072,0.7884643781917475
4,2.74980042073679,0.7883703708694156
4,2.750324073454508,0.7882765055119307
4,2.7508477261722257,0.7881827820683611
4,2.7513713788899437,0.7880892005232454
4,2.7518950316076616,0.7879957607528922
4,2.7524186843253795,0.7879024626927276
4,2.7529423370430974,0.7878093062900007
4,2.7534659897608154,0.7877162914637665
4,2.7539896424785333,0.787623418156727
4,2.754513295196251,0.787530686287937
4,2.755036947913969,0.7874380957964604
4,2.755560600631687,0.7873456466077187
4,2.7560842533494045,0.7872533386498617
4,2.7566079060671225,0.7871611718474014
4,2.7571315587848404,0.7870691461575916
4,2.7576552115025583,0.7869772615013062
4,2.7581788642202762,0.7868855177912337
4,2.758702516937994,0.7867939149864469
4,2.759226169655712,0.7867024530096387
4,2.75974982237343,0.7866111317880495
4,2.760273475091148,0.7865199512398249
4,2.760797127808866,0.7864289113058476
4,2.761320780526584,0.7863380119524663
4,2.7618444332443017,0.7862472530659943
4,2.7623680859620197,0.7861566346036852
4,2.7628917386797376,0.78606615651006
4,2.7634153913974555,0.7859758186586987
4,2.7639390441151734,0.785885621039597
4,2.7644626968328914,0.7857955635972758
4,2.7649863495506093,0.785705646225324
4,2.765510002268327,0.7856158688509822
4,2.766033654986045,0.7855262314214997
4,2.766557307703763,0.7854367338914017
4,2.767080960421481,0.7853473761879286
4,2.767604613139199,0.785258158229226
4,2.768128265856917,0.7851690799334392
4,2.7686519185746348,0.785080141268736
4,2.7691755712923527,0.7849913421714518
4,2.7696992240100706,0.7849026825460896
4,2.7702228767277886,0.7848141623480842
4,2.7707465294455065,0.7847257814964905
4,2.7712701821632244,0.7846375399467433
4,2.7717938348809423,0.7845494376097122
4,2.7723174875986603,0.7844614744335558
4,2.772841140316378,0.7843736503582477
4,2.773364793034096,0.7842859653028427
4,2.773888445751814,0.7841984192318705
4,2.774412098469532,0.7841110120498342
4,2.77493575118725,0.7840237437003452
4,2.775459403904968,0.7839366141170103
4,2.7759830566226857,0.7838496232379839
4,2.7765067093404037,0.7837627710196102
4,2.7770303620581216,0.7836760573773063
4,2.7775540147758395,0.7835894822501359
4,2.7780776674935574,0.783503045568068
4,2.7786013202112754,0.7834167472510671
4,2.7791249729289933,0.7833305872736673
4,2.7796486256467112,0.7832445655803895
4,2.780172278364429,0.7831586820484517
4,2.780695931082147,0.7830729366587548
4,2.781219583799865,0.7829873293621858
4,2.781743236517583,0.7829018600532436
4,2.782266889235301,0.7828165286973672
4,2.782790541953019,0.7827313351999692
4,2.7833141946707367,0.7826462795328553
4,2.7838378473884546,0.7825613616296323
4,2.7843615001061726,0.7824765814093553
4,2.7848851528238905,0.7823919388265494
4,2.7854088055416084,0.7823074338011793
4,2.785932458259326,0.782223066300503
4,2.786456110977044,0.7821388362490325
4,2.7869797636947617,0.7820547435640037
4,2.7875034164124797,0.7819707881953946
4,2.7880270691301976,0.7818869700877258
4,2.7885507218479155,0.7818032891682378
4,2.7890743745656335,0.7817197454160123
4,2.7895980272833514,0.7816363387373713
4,2.7901216800010693,0.7815530690495507
4,2.7906453327187872,0.7814699363243562
4,2.791168985436505,0.7813869404708385
4,2.791692638154223,0.7813040814562555
4,2.792216290871941,0.7812213592378612
4,2.792739943589659,0.7811387737237965
4,2.793263596307377,0.7810563248403923
4,2.793787249025095,0.7809740125321696
4,2.7943109017428127,0.7808918367754814
4,2.7948345544605306,0.7808097974884731
4,2.7953582071782486,0.7807278946120277
4,2.7958818598959665,0.7806461280824806
4,2.7964055126136844,0.7805644978034252
4,2.7969291653314023,0.7804830038039654
4,2.7974528180491203,0.780401645958591
4,2.797976470766838,0.7803204241936328
4,2.798500123484556,0.7802393385081814
4,2.799023776202274,0.7801583888094683
4,2.799547428919992,0.7800775750301909
4,2.80007108163771,0.7799968971157796
4,2.800594734355428,0.7799163550462254
4,2.8011183870731458,0.7798359487196649
4,2.8016420397908637,0.7797556780624291
4,2.8021656925085816,0.7796755430763369
4,2.8026893452262995,0.779595543652249
4,2.8032129979440175,0.7795156797255913
4,2.8037366506617354,0.7794359513000018
4,2.8042603033794533,0.7793563582808929
4,2.8047839560971712,0.7792769005754963
4,2.805307608814889,0.7791975781801739
4,2.805831261532607,0.7791183910176187
4,2.806354914250325,0.7790393389950623
4,2.806878566968043,0.7789604221134141
4,2.807402219685761,0.7788816402953671
4,2.807925872403479,0.7788029934545193
4,2.8084495251211967,0.7787244815681333
4,2.8089731778389146,0.7786461045752731
4,2.8094968305566326,0.7785678623968124
4,2.8100204832743505,0.7784897549800007
4,2.8105441359920684,0.7784117822984626
4,2.8110677887097864,0.7783339442803481
4,2.8115914414275043,0.778256240850169
4,2.812115094145222,0.7781786719706361
4,2.81263874686294,0.7781012375435239
4,2.813162399580658,0.7780239375797464
4,2.813686052298376,0.777946772022915
4,2.814209705016094,0.7778697407293294
4,2.814733357733812,0.7777928437053561
4,2.8152570104515298,0.7777160809146153
4,2.8157806631692472,0.7776394522679766
4,2.816304315886965,0.7775629577299696
4,2.816827968604683,0.7774865972332918
4,2.817351621322401,0.7774103706933602
4,2.817875274040119,0.7773342780701569
4,2.818398926757837,0.777258319345492
4,2.818922579475555,0.7771824944729815
4,2.8194462321932727,0.7771068033307529
4,2.8199698849109907,0.7770312458924309
4,2.8204935376287086,0.7769558221398256
4,2.8210171903464265,0.7768805319528838
4,2.8215408430641444,0.7768053753206914
4,2.8220644957818624,0.7767303521968643
4,2.8225881484995803,0.7766554624886339
4,2.823111801217298,0.7765807061678061
4,2.823635453935016,0.7765060832016388
4,2.824159106652734,0.7764315935082777
4,2.824682759370452,0.7763572370004113
4,2.82520641208817,0.7762830136443881
4,2.825730064805888,0.7762089234611267
4,2.8262537175236058,0.7761349663414876
4,2.8267773702413237,0.776061142166327
4,2.8273010229590416,0.7759874509520159
4,2.8278246756767595,0.7759138926685409
4,2.8283483283944775,0.7758404672504184
4,2.8288719811121954,0.7757671745785046
4,2.8293956338299133,0.7756940146391571
4,2.8299192865476313,0.7756209874187334
4,2.830442939265349,0.775548092853569
4,2.830966591983067,0.7754753308518048
4,2.831490244700785,0.7754027013679661
4,2.832013897418503,0.7753302043729491
4,2.832537550136221,0.7752578397667094
4,2.833061202853939,0.7751856075929027
4,2.8335848555716567,0.7751135076987339
4,2.8341085082893747,0.7750415400696511
4,2.8346321610070926,0.7749697047038353
4,2.8351558137248105,0.7748980014484914
4,2.8356794664425284,0.7748264303363612
4,2.8362031191602464,0.7747549912955947
4,2.8367267718779643,0.7746836842297853
4,2.837250424595682,0.7746125091134672
4,2.8377740773134,0.7745414659329981
4,2.838297730031118,0.7744705546265322
4,2.838821382748836,0.7743997751395
4,2.839345035466554,0.774329127350029
4,2.839868688184272,0.7742586112608478
4,2.8403923409019898,0.774188226861952
4,2.8409159936197077,0.7741179740423831
4,2.8414396463374256,0.7740478528057793
4,2.8419632990551436,0.7739778630611909
4,2.8424869517728615,0.7739080047349489
4,2.8430106044905794,0.7738382778225059
4,2.8435342572082973,0.7737686822592877
4,2.8440579099260153,0.7736992180325615
4,2.844581562643733,0.7736298850632011
4,2.8451052153614507,0.7735606832575286
4,2.8456288680791686,0.7734916125773452
4,2.8461525207968865,0.7734226730308364
4,2.8466761735146044,0.7733538645634326
4,2.8471998262323224,0.7732851870441664
4,2.8477234789500403,0.7732166404921372
4,2.8482471316677582,0.7731482248764223
4,2.848770784385476,0.7730799400715114
4,2.849294437103194,0.7730117861055987
4,2.849818089820912,0.7729437629177482
4,2.85034174253863,0.7728758703797212
4,2.850865395256348,0.7728081085351732
4,2.851389047974066,0.772740477298612
4,2.8519127006917837,0.7726729766109202
4,2.8524363534095016,0.7726056064702789
4,2.8529600061272196,0.7725383667675487
4,2.8534836588449375,0.7724712574854493
4,2.8540073115626554,0.7724042785903293
4,2.8545309642803733,0.7723374300021533
4,2.8550546169980913,0.7722707116927268
4,2.855578269715809,0.7722041236156656
4,2.856101922433527,0.7721376656809298
4,2.856625575151245,0.7720713378912478
4,2.857149227868963,0.7720051402220633
4,2.857672880586681,0.7719390725906123
4,2.858196533304399,0.7718731349104928
4,2.8587201860221167,0.7718073271944377
4,2.8592438387398347,0.7717416493715064
4,2.8597674914575526,0.7716761013889482
4,2.8602911441752705,0.7716106831949219
4,2.8608147968929885,0.7715453947703281
4,2.8613384496107064,0.7714802360751492
4,2.8618621023284243,0.7714152069902411
4,2.8623857550461422,0.7713503075474364
4,2.86290940776386,0.7712855377048982
4,2.863433060481578,0.7712208973498491
4,2.863956713199296,0.7711563864859272
4,2.864480365917014,0.7710920050358254
4,2.865004018634732,0.7710277529276937
4,2.86552767135245,0.7709636302524814
4,2.8660513240701677,0.7708996368228327
4,2.8665749767878856,0.7708357726269242
4,2.8670986295056036,0.7707720376602083
4,2.8676222822233215,0.7707084318271882
4,2.8681459349410394,0.7706449551269543
4,2.8686695876587573,0.7705816074840186
4,2.8691932403764753,0.7705183888574538
4,2.869716893094193,0.7704552992108802
4,2.870240545811911,0.7703923384642621
4,2.870764198529629,0.7703295066239662
4,2.871287851247347,0.7702668036372415
4,2.871811503965065,0.7702042294567946
4,2.872335156682783,0.7701417839934948
4,2.8728588094005008,0.7700794672518896
4,2.8733824621182187,0.7700172791701334
4,2.8739061148359366,0.7699552197218509
4,2.8744297675536545,0.7698932888642958
4,2.874953420271372,0.7698314864783242
4,2.87547707298909,0.7697698126103205
4,2.876000725706808,0.7697082672011675
4,2.876524378424526,0.7696468501972049
4,2.8770480311422437,0.7695855614974789
4,2.8775716838599616,0.7695244011447357
4,2.8780953365776796,0.7694633690807677
4,2.8786189892953975,0.7694024651691507
4,2.8791426420131154,0.7693416894608163
4,2.8796662947308334,0.7692810419930538
4,2.8801899474485513,0.7692205225666839
4,2.880713600166269,0.7691601311134946
4,2.881237252883987,0.7690998677053358
4,2.881760905601705,0.7690397322921854
4,2.882284558319423,0.76897972484403
4,2.882808211037141,0.7689198452362689
4,2.883331863754859,0.7688600934188798
4,2.8838555164725768,0.7688004694364281
4,2.8843791691902947,0.7687409732607193
4,2.8849028219080126,0.768681604728954
4,2.8854264746257305,0.768622363853865
4,2.8859501273434485,0.7685632506709226
4,2.8864737800611664,0.7685042650527976
4,2.8869974327788843,0.7684454069676576
4,2.8875210854966022,0.7683866763900369
4,2.88804473821432,0.7683280732708226
4,2.888568390932038,0.7682695975800016
4,2.889092043649756,0.7682112492793749
4,2.889615696367474,0.7681530282816311
4,2.890139349085192,0.7680949345503905
4,2.89066300180291,0.7680369681356751
4,2.8911866545206277,0.7679791289720015
4,2.8917103072383457,0.7679214169556872
4,2.8922339599560636,0.7678638319830497
4,2.8927576126737815,0.7678063742059749
4,2.8932812653914994,0.7677490434689389
4,2.8938049181092174,0.7676918396036854
4,2.8943285708269353,0.7676347628330404
4,2.894852223544653,0.7675778130205799
4,2.895375876262371,0.7675209900644404
4,2.895899528980089,0.7674642939455225
4,2.896423181697807,0.7674077246201705
4,2.896946834415525,0.7673512820065298
4,2.897470487133243,0.7672949662273822
4,2.8979941398509608,0.7672387771644935
4,2.8985177925686787,0.767182714664159
4,2.8990414452863966,0.7671267788200566
4,2.8995650980041145,0.7670709694848483
4,2.9000887507218325,0.767015286743117
4,2.9006124034395504,0.7669597305102798
4,2.9011360561572683,0.7669043006098946
4,2.9016597088749863,0.7668489972447787
4,2.902183361592704,0.7667938202566802
4,2.902707014310422,0.7667387695255456
4,2.90323066702814,0.7666838451423246
4,2.903754319745858,0.7666290469887826
4,2.904277972463576,0.7665743750530964
4,2.9048016251812934,0.7665198293871072
4,2.9053252778990113,0.7664654097634411
4,2.905848930616729,0.766411116236668
4,2.906372583334447,0.7663569488295252
4,2.906896236052165,0.7663029074201404
4,2.907419888769883,0.7662489921003726
4,2.907943541487601,0.7661952026383005
4,2.908467194205319,0.7661415390612092
4,2.9089908469230368,0.7660880014345821
4,2.9095144996407547,0.7660345895437786
4,2.9100381523584726,0.7659813034752005
4,2.9105618050761906,0.7659281433043361
4,2.9110854577939085,0.7658751088110876
4,2.9116091105116264,0.7658221999145098
4,2.9121327632293443,0.7657694167664886
4,2.9126564159470623,0.7657167591496545
4,2.91318006866478,0.765664227099478
4,2.913703721382498,0.7656118207314648
4,2.914227374100216,0.7655595397482102
4,2.914751026817934,0.7655073842033744
4,2.915274679535652,0.7654553541387941
4,2.91579833225337,0.7654034495626547
4,2.9163219849710877,0.7653516702494016
4,2.9168456376888057,0.7653000162245007
4,2.9173692904065236,0.7652484875361552
4,2.9178929431242415,0.7651970840433933
4,2.9184165958419594,0.7651458058371645
4,2.9189402485596774,0.7650946528428904
4,2.9194639012773953,0.7650436248468395
4,2.9199875539951132,0.7649927220063546
4,2.920511206712831,0.7649419443550869
4,2.921034859430549,0.7648912915792607
4,2.921558512148267,0.7648407638416757
4,2.922082164865985,0.7647903610886715
4,2.922605817583703,0.7647400832538551
4,2.923129470301421,0.7646899303263126
4,2.9236531230191387,0.764639902291492
4,2.9241767757368566,0.7645899990166072
4,2.9247004284545746,0.7645402204798302
4,2.9252240811722925,0.7644905667912099
4,2.9257477338900104,0.7644410378225075
4,2.9262713866077283,0.7643916334582173
4,2.9267950393254463,0.7643423537856506
4,2.927318692043164,0.7642931987975317
4,2.927842344760882,0.7642441683046854
4,2.9283659974786,0.764195262307112
4,2.928889650196318,0.7641464809184981
4,2.929413302914036,0.7640978239851393
4,2.929936955631754,0.7640492913706112
4,2.9304606083494718,0.7640008833313914
4,2.9309842610671897,0.7639525996228258
4,2.9315079137849076,0.7639044402076252
4,2.9320315665026255,0.763856405254046
4,2.9325552192203435,0.7638084943710055
4,2.9330788719380614,0.7637607077449502
4,2.9336025246557793,0.7637130454513681
4,2.9341261773734972,0.7636655071764835
4,2.9346498300912147,0.7636180931322087
4,2.9351734828089326,0.7635708032385082
4,2.9356971355266506,0.7635236373835141
4,2.9362207882443685,0.7634765955845069
4,2.9367444409620864,0.7634296776695919
4,2.9372680936798043,0.7633828838206682
4,2.9377917463975223,0.7633362139686142
4,2.93831539911524,0.7632896679879195
4,2.938839051832958,0.7632432458576659
4,2.939362704550676,0.7631969474978177
4,2.939886357268394,0.7631507731239253
4,2.940410009986112,0.763104722503158
4,2.94093366270383,0.7630587955591182
4,2.9414573154215478,0.7630129922063134
4,2.9419809681392657,0.7629673126712078
4,2.9425046208569836,0.7629217568992317
4,2.9430282735747015,0.7628763245347727
4,2.9435519262924195,0.7628310159398097
4,2.9440755790101374,0.7627858307887436
4,2.9445992317278553,0.7627407690970358
4,2.9451228844455732,0.7626958310729606
4,2.945646537163291,0.7626510164509455
4,2.946170189881009,0.7626063252937456
4,2.946693842598727,0.7625617574076387
4,2.947217495316445,0.7625173129054019
4,2.947741148034163,0.762472991942559
4,2.948264800751881,0.7624287941498551
4,2.9487884534695987,0.762384719554575
4,2.9493121061873167,0.7623407683058758
4,2.9498357589050346,0.7622969404237665
4,2.9503594116227525,0.7622532354598661
4,2.9508830643404704,0.7622096535478704
4,2.9514067170581884,0.7621661950815906
4,2.9519303697759063,0.7621228596863148
4,2.952454022493624,0.7620796471337599
4,2.952977675211342,0.7620365576640324
4,2.95350132792906,0.761993591279861
4,2.954024980646778,0.761950747974879
4,2.954548633364496,0.7619080275080705
4,2.955072286082214,0.7618654298248657
4,2.9555959387999318,0.7618229551480908
4,2.9561195915176497,0.7617806032985754
4,2.9566432442353676,0.7617383742781385
4,2.9571668969530855,0.7616962681377117
4,2.9576905496708035,0.7616542847235905
4,2.9582142023885214,0.7616124239975761
4,2.9587378551062393,0.7615706859214697
4,2.9592615078239572,0.7615290706426094
4,2.959785160541675,0.7614875780009243
4,2.960308813259393,0.7614462078672659
4,2.960832465977111,0.7614049605062974
4,2.961356118694829,0.7613638356942829
4,2.961879771412547,0.7613228332675135
4,2.962403424130265,0.7612819532660069
4,2.9629270768479827,0.7612411960153622
4,2.9634507295657007,0.761200561088117
4,2.9639743822834186,0.761160048502461
4,2.964498035001136,0.7611196585521611
4,2.965021687718854,0.7610793907724656
4,2.965545340436572,0.7610392452797896
4,2.96606899315429,0.7609992221150605
4,2.9665926458720078,0.760959321428345
4,2.9671162985897257,0.7609195429904503
4,2.9676399513074436,0.7608798866176585
4,2.9681636040251616,0.7608403524354799
4,2.9686872567428795,0.7608009405093981
4,2.9692109094605974,0.7607616506911654
4,2.9697345621783153,0.7607224828598191
4,2.9702582148960333,0.7606834372609228
4,2.970781867613751,0.7606445138007984
4,2.971305520331469,0.7606057123020946
4,2.971829173049187,0.7605670326674954
4,2.972352825766905,0.7605284752271473
4,2.972876478484623,0.7604900398564496
4,2.973400131202341,0.7604517261397632
4,2.9739237839200587,0.7604135343553935
4,2.9744474366377767,0.7603754644078435
4,2.9749710893554946,0.7603375165526813
4,2.9754947420732125,0.7602996905397958
4,2.9760183947909304,0.7602619859308106
4,2.9765420475086484,0.7602244032532326
4,2.9770657002263663,0.7601869423124299
4,2.9775893529440842,0.7601496034112643
4,2.978113005661802,0.7601123860058578
4,2.97863665837952,0.7600752901498709
4,2.979160311097238,0.7600383159942794
4,2.979683963814956,0.7600014633499086
4,2.980207616532674,0.7599647324177567
4,2.980731269250392,0.7599281230168344
4,2.9812549219681097,0.7598916352317246
4,2.9817785746858276,0.7598552690969882
4,2.9823022274035456,0.7598190243561476
4,2.9828258801212635,0.7597829006354004
4,2.9833495328389814,0.759746898670528
4,2.9838731855566993,0.7597110184324265
4,2.9843968382744173,0.759675259204414
4,2.984920490992135,0.7596396213284606
4,2.985444143709853,0.7596041050092026
4,2.985967796427571,0.7595687099083079
4,2.986491449145289,0.7595334362049471
4,2.987015101863007,0.7594982837308635
4,2.987538754580725,0.7594632522168467
4,2.9880624072984427,0.7594283422768058
4,2.9885860600161607,0.7593935535369383
4,2.9891097127338786,0.7593588854133486
4,2.9896333654515965,0.7593243388919291
4,2.9901570181693145,0.7592899137844142
4,2.9906806708870324,0.7592556092831728
4,2.9912043236047503,0.7592214258465901
4,2.9917279763224682,0.7591873636465607
4,2.992251629040186,0.7591534225439318
4,2.992775281757904,0.7591196024623059
4,2.993298934475622,0.7590859031452055
4,2.99382258719334,0.7590523248318277
4,2.9943462399110574,0.7590188675558238
4,2.9948698926287753,0.758985531120743
4,2.9953935453464933,0.7589523156038922
4,2.995917198064211,0.7589192211999034
4,2.996440850781929,0.7588862473512563
4,2.996964503499647,0.7588533940343041
4,2.997488156217365,0.7588206618938784
4,2.998011808935083,0.7587880506262081
4,2.998535461652801,0.7587555600957785
4,2.9990591143705188,0.7587231899724429
4,2.9995827670882367,0.7586909406181803
4,3.0001064198059546,0.7586588122858302
4,3.0006300725236725,0.7586268043241944
4,3.0011537252413905,0.758594916959737
4,3.0016773779591084,0.7585631502379329
4,3.0022010306768263,0.7585315045207608
4,3.0027246833945442,0.7584999791879454
4,3.003248336112262,0.7584685741276189
4,3.00377198882998,0.7584372898318179
4,3.004295641547698,0.7584061256811765
4,3.004819294265416,0.7583750825224342
4,3.005342946983134,0.7583441598426361
4,3.005866599700852,0.7583133571124563
4,3.0063902524185697,0.7582826749439846
4,3.0069139051362876,0.7582521134945637
4,3.0074375578540056,0.7582216724367754
4,3.0079612105717235,0.7581913515386987
4,3.0084848632894414,0.7581611509376671
4,3.0090085160071594,0.7581310703762938
4,3.0095321687248773,0.7581011104302888
4,3.010055821442595,0.7580712712615423
4,3.010579474160313,0.7580415519141752
4,3.011103126878031,0.7580119524209294
4,3.011626779595749,0.7579824734839349
4,3.012150432313467,0.7579531151450283
4,3.012674085031185,0.7579238764301408
4,3.0131977377489028,0.7578947576266728
4,3.0137213904666207,0.7578657598533027
4,3.0142450431843386,0.7578368820350079
4,3.0147686959020565,0.7578081235114951
4,3.0152923486197745,0.7577794852077204
4,3.0158160013374924,0.7577509673556051
4,3.0163396540552103,0.7577225699496921
4,3.0168633067729282,0.7576942923396928
4,3.017386959490646,0.7576661339226121
4,3.017910612208364,0.7576380960472306
4,3.018434264926082,0.7576101782178739
4,3.0189579176438,0.7575823803872481
4,3.019481570361518,0.7575547024480329
4,3.020005223079236,0.7575271436671756
4,3.0205288757969537,0.7574997056553912
4,3.0210525285146717,0.7574723877041833
4,3.0215761812323896,0.7574451888222029
4,3.0220998339501075,0.7574181098780173
4,3.0226234866678254,0.7573911508861784
4,3.0231471393855434,0.7573643120240376
4,3.0236707921032613,0.7573375929459871
4,3.0241944448209788,0.7573109931254294
4,3.0247180975386967,0.7572845131662689
4,3.0252417502564146,0.7572581530221214
4,3.0257654029741325,0.7572319127884839
4,3.0262890556918505,0.7572057919651343
4,3.0268127084095684,0.7571797904975028
4,3.0273363611272863,0.7571539094478794
4,3.0278600138450043,0.7571281478449237
4,3.028383666562722,0.7571025053184712
4,3.02890731928044,0.7570769823023511
4,3.029430971998158,0.7570515790675927
4,3.029954624715876,0.7570262960171021
4,3.030478277433594,0.7570011321740822
4,3.031001930151312,0.7569760874812346
4,3.0315255828690297,0.7569511622104983
4,3.0320492355867477,0.7569263572895579
4,3.0325728883044656,0.7569016712986922
4,3.0330965410221835,0.7568771045416725
4,3.0336201937399014,0.7568526578634192
4,3.0341438464576194,0.756828329340351
4,3.0346674991753373,0.7568041217155042
4,3.035191151893055,0.7567800333326886
4,3.035714804610773,0.7567560632605819
4,3.036238457328491,0.7567322136719667
4,3.036762110046209,0.7567084821894241
4,3.037285762763927,0.7566848704454969
4,3.037809415481645,0.7566613788249015
4,3.0383330681993628,0.7566380052430759
4,3.0388567209170807,0.756614752306632
4,3.0393803736347986,0.7565916183621084
4,3.0399040263525166,0.7565686023517628
4,3.0404276790702345,0.7565457062300993
4,3.0409513317879524,0.7565229298625127
4,3.0414749845056703,0.7565002727978936
4,3.0419986372233883,0.756477734685177
4,3.042522289941106,0.7564553147421975
4,3.043045942658824,0.7564330145878557
4,3.043569595376542,0.7564108341111933
4,3.04409324809426,0.7563887721480569
4,3.044616900811978,0.7563668302664155
4,3.045140553529696,0.7563450069646933
4,3.0456642062474137,0.756323301179691
4,3.0461878589651317,0.7563017157326613
4,3.0467115116828496,0.7562802503116473
4,3.0472351644005675,0.75625890208903
4,3.0477588171182854,0.7562376746145674
4,3.0482824698360034,0.7562165656809157
4,3.0488061225537213,0.7561955745240994
4,3.0493297752714392,0.7561747029922117
4,3.049853427989157,0.7561539501921288
4,3.050377080706875,0.7561333166067925
4,3.050900733424593,0.7561128025072321
4,3.051424386142311,0.7560924076306037
4,3.051948038860029,0.7560721300142177
4,3.052471691577747,0.7560519724620463
4,3.0529953442954647,0.7560319325721139
4,3.0535189970131826,0.7560120115040263
4,3.0540426497309,0.7559922118462055
4,3.054566302448618,0.7559725306909968
4,3.055089955166336,0.7559529661930355
4,3.055613607884054,0.7559335207915865
4,3.056137260601772,0.7559141951496713
4,3.0566609133194897,0.7558949871563527
4,3.0571845660372077,0.7558758990580827
4,3.0577082187549256,0.7558569291950334
4,3.0582318714726435,0.7558380773216413
4,3.0587555241903615,0.7558193461336487
4,3.0592791769080794,0.7558007334455397
4,3.0598028296257973,0.7557822365342872
4,3.0603264823435152,0.7557638603157102
4,3.060850135061233,0.7557456039139652
4,3.061373787778951,0.755727464701522
4,3.061897440496669,0.7557094451076409
4,3.062421093214387,0.7556915428058346
4,3.062944745932105,0.7556737601826171
4,3.063468398649823,0.7556560962730146
4,3.0639920513675407,0.7556385497200608
4,3.0645157040852586,0.7556211227356471
4,3.0650393568029766,0.7556038157154035
4,3.0655630095206945,0.7555866242228149
4,3.0660866622384124,0.7555695509354337
4,3.0666103149561303,0.7555526002697661
4,3.0671339676738483,0.7555357650253427
4,3.067657620391566,0.7555190494658746
4,3.068181273109284,0.7555024535058692
4,3.068704925827002,0.7554859735382706
4,3.06922857854472,0.7554696136112398
4,3.069752231262438,0.7554533708344024
4,3.070275883980156,0.7554372453669203
4,3.0707995366978738,0.7554212428831306
4,3.0713231894155917,0.7554053570584074
4,3.0718468421333096,0.7553895853716313
4,3.0723704948510275,0.755373937134209
4,3.0728941475687455,0.7553584088736898
4,3.0734178002864634,0.7553429952158695
4,3.0739414530041813,0.7553276994967746
4,3.0744651057218992,0.7553125245458432
4,3.074988758439617,0.7552974664922658
4,3.075512411157335,0.7552825247348665
4,3.076036063875053,0.7552677045496239
4,3.076559716592771,0.7552530015345837
4,3.077083369310489,0.7552384177643034
4,3.077607022028207,0.7552239532751628
4,3.0781306747459247,0.7552096032441113
4,3.0786543274636426,0.7551953750325993
4,3.0791779801813606,0.7551812642068398
4,3.0797016328990785,0.7551672701965799
4,3.0802252856167964,0.7551533982787078
4,3.0807489383345144,0.7551396392300376
4,3.0812725910522323,0.7551259977908558
4,3.08179624376995,0.7551124797137163
4,3.082319896487668,0.7550990805757465
4,3.082843549205386,0.755085797252832
4,3.0833672019231035,0.7550726321405818
4,3.0838908546408215,0.755059582161266
4,3.0844145073585394,0.7550466545162635
4,3.0849381600762573,0.7550338442442808
4,3.0854618127939752,0.7550211506068081
4,3.085985465511693,0.7550085773036699
4,3.086509118229411,0.7549961207732849
4,3.087032770947129,0.754983787063793
4,3.087556423664847,0.7549715647337507
4,3.088080076382565,0.7549594592401263
4,3.088603729100283,0.7549474758343422
4,3.0891273818180007,0.7549356085155523
4,3.0896510345357187,0.7549238668052567
4,3.0901746872534366,0.7549122429290946
4,3.0906983399711545,0.7549007262932719
4,3.0912219926888724,0.7548893291623244
4,3.0917456454065904,0.7548780547431306
4,3.0922692981243083,0.7548668980371076
4,3.092792950842026,0.7548558615253569
4,3.093316603559744,0.7548449407968292
4,3.093840256277462,0.7548341330548283
4,3.09436390899518,0.7548234548939945
4,3.094887561712898,0.7548128866756088
4,3.095411214430616,0.7548024312227426
4,3.0959348671483338,0.7547921105860951
4,3.0964585198660517,0.7547818973498579
4,3.0969821725837696,0.7547717918341732
4,3.0975058253014875,0.7547618201451769
4,3.0980294780192055,0.7547519667950837
4,3.0985531307369234,0.7547422174548046
4,3.0990767834546413,0.7547325922168966
4,3.0996004361723593,0.7547231029220711
4,3.100124088890077,0.7547137109349933
4,3.100647741607795,0.7547044282673596
4,3.101171394325513,0.7546952887933003
4,3.101695047043231,0.7546862617691659
4,3.102218699760949,0.7546773471003689
4,3.102742352478667,0.7546685364304722
4,3.1032660051963847,0.7546598588987763
4,3.1037896579141027,0.754651308555367
4,3.1043133106318206,0.7546428591358563
4,3.1048369633495385,0.7546345343744179
4,3.1053606160672564,0.7546263322628874
4,3.1058842687849744,0.7546182318283172
4,3.1064079215026923,0.7546102567466733
4,3.10693157422041,0.7546024167913856
4,3.107455226938128,0.754594680433911
4,3.107978879655846,0.7545870613212173
4,3.108502532373564,0.7545795410196661
4,3.109026185091282,0.7545721700407739
4,3.109549837809,0.7545648986933884
4,3.1100734905267178,0.7545577518076243
4,3.1105971432444357,0.7545507498280131
4,3.1111207959621536,0.754543832365016
4,3.1116444486798716,0.7545370333182291
4,3.1121681013975895,0.7545303606948437
4,3.1126917541153074,0.7545237889271448
4,3.113215406833025,0.7545173659800639
4,3.113739059550743,0.7545110680775906
4,3.1142627122684607,0.7545048176207274
4,3.1147863649861787,0.7544987264072915
4,3.1153100177038966,0.7544927739909326
4,3.1158336704216145,0.7544869327457491
4,3.1163573231393324,0.754481180599214
4,3.1168809758570504,0.7544755927865481
4,3.1174046285747683,0.7544700863563776
4,3.1179282812924862,0.7544647182530753
4,3.118451934010204,0.7544594908267754
4,3.118975586727922,0.7544542438008648
4,3.11949923944564,0.7544492827628346
4,3.120022892163358,0.7544443614815464
4,3.120546544881076,0.7544395284585335
4,3.121070197598794,0.7544349268300721
4,3.1215938503165117,0.7544304208913672
4,3.1221175030342296,0.754425929871104
4,3.1226411557519476,0.754421538895258
4,3.1231648084696655,0.7544172831485412
4,3.1236884611873834,0.7544133607852928
4,3.1242121139051013,0.7544094720105932
4,3.1247357666228193,0.7544053809124307
4,3.125259419340537,0.7544017875625286
4,3.125783072058255,0.7543982924598822
4,3.126306724775973,0.7543945774896201
4,3.126830377493691,0.7543913370827795
4,3.127354030211409,0.7543880796720259
4,3.127877682929127,0.754384643625599
4,3.1284013356468447,0.754381502493743
4,3.1289249883645627,0.7543790757599709
4,3.1294486410822806,0.7543765115615315
4,3.1299722937999985,0.7543730610714192
4,3.1304959465177165,0.7543708918228731
4,3.1310195992354344,0.7543689498997992
4,3.1315432519531523,0.7543654908658937
4,3.1320669046708702,0.7543643441795211
4,3.132590557388588,0.7543621645518215
4,3.133114210106306,0.7543587841964836
4,3.133637862824024,0.7543583964843492
4,3.134161515541742,0.7543576597745414
4,3.13468516825946,0.7543556758591876
4,3.135208820977178,0.7543511929006854
4,3.1357324736948957,0.7543496740163391
4,3.1362561264126136,0.7543523676031327
4,3.1367797791303316,0.7543458002928674
4,3.1373034318480495,0.754347792048975
4,3.1378270845657674,0.7543509300639926
4,3.1383507372834853,0.7543392737625254
4,3.1388743900012033,0.7543643733051795
4,3.139398042718921,0.7543809258713736
4,3.139921695436639,0.7545028898221062
4,3.140445348154357,0.7535961491739727
4,3.140969000872075,0.7696563848430742
4,3.141492653589793,0.7867591284483761
