frequency_rad_s,magnitude_dB,phase_deg
0.001,32.7504242472746,0.0410619728841412
0.00100461733293603,32.7504249298351,0.0412515696613326
0.0010092559856355,32.7504256187134,0.0414420418696484
0.00101391605653885,32.750426313968,0.0416333935512429
0.00101859764454108,32.7504270156579,0.0418256287669338
0.00102330084899378,32.7504277238427,0.0420187515963169
0.0010280257697073,32.7504284385825,0.0422127661377403
0.00103277250695285,32.750429159938,0.042407676508572
0.00103754116146463,32.7504298879704,0.0426034868451235
0.00104233183444194,32.7504306227415,0.0428002013028276
0.00104714462755138,32.7504313643137,0.0429978240563531
0.00105197964292896,32.75043211275,0.0431963592995668
0.00105683698318228,32.7504328681138,0.0433958112457239
0.00106171675139274,32.7504336304693,0.0435961841275702
0.00106661905111768,32.7504343998813,0.0437974821973547
0.0010715439863926,32.7504351764149,0.0439997097269567
0.00107649166173337,32.7504359601363,0.0442028710080004
0.00108146218213845,32.7504367511118,0.0444069703519567
0.00108645565309111,32.7504375494086,0.0446120120901304
0.00109147218056166,32.7504383550946,0.0448180005738766
0.00109651187100972,32.750439168238,0.0450249401746258
0.00110157483138648,32.7504399889079,0.0452328352840118
0.00110666116913694,32.7504408171741,0.0454416903138835
0.00111177099220222,32.7504416531067,0.0456515096965731
0.00111690440902183,32.7504424967768,0.0458622978847935
0.001122061528536,32.7504433482559,0.0460740593518166
0.00112724246018796,32.7504442076165,0.0462867985915882
0.00113244731392627,32.7504450749313,0.0465005201188038
0.00113767620020718,32.7504459502741,0.0467152284690235
0.00114292922999693,32.7504468337191,0.0469309281987354
0.00114820651477415,32.7504477253414,0.0471476238854319
0.00115350816653217,32.7504486252166,0.0473653201278007
0.00115883429778148,32.7504495334211,0.0475840215457247
0.00116418502155202,32.750450450032,0.0478037327804219
0.00116956045139566,32.7504513751272,0.0480244584945347
0.00117496070138857,32.7504523087851,0.0482462033722948
0.00118038588613362,32.7504532510851,0.0484689721194349
0.00118583612076289,32.7504542021071,0.0486927694635821
0.00119131152094002,32.7504551619318,0.0489176001540171
0.00119681220286273,32.7504561306407,0.049143468962119
0.00120233828326524,32.7504571083161,0.0493703806811363
0.00120788987942081,32.750458095041,0.0495983401265942
0.00121346710914415,32.7504590908991,0.0498273521361673
0.00121907009079399,32.7504600959749,0.0500574215698577
0.00122469894327554,32.7504611103539,0.0502885533101729
0.00123035378604304,32.750462134122,0.0505207522621008
0.0012360347391023,32.7504631673662,0.0507540233533257
0.00124174192301323,32.7504642101742,0.0509883715342537
0.00124747545889241,32.7504652626346,0.0512238017781782
0.00125323546841564,32.7504663248367,0.0514603190813181
0.00125902207382055,32.7504673968706,0.0516979284629576
0.00126483539790919,32.7504684788274,0.0519366349655989
0.00127067556405061,32.7504695707988,0.052176443655026
0.0012765426961835,32.7504706728777,0.0524173596203809
0.00128243691881883,32.7504717851576,0.0526593879743162
0.00128835835704247,32.7504729077328,0.0529025338530714
0.00129430713651785,32.7504740406987,0.0531468024166257
0.00130028338348863,32.7504751841515,0.0533921988487999
0.00130628722478138,32.7504763381882,0.0536387283573198
0.00131231878780828,32.7504775029068,0.0538863961739687
0.00131837820056979,32.7504786784062,0.0541352075546768
0.00132446559165742,32.7504798647861,0.0543851677796739
0.00133058109025641,32.7504810621473,0.0546362821535272
0.00133672482614851,32.7504822705914,0.054888556005307
0.00134289692971469,32.750483490221,0.0551419946886882
0.00134909753193795,32.7504847211397,0.0553966035821289
0.00135532676440608,32.7504859634519,0.0556523880888315
0.00136158475931445,32.7504872172631,0.055909353636998
0.00136787164946883,32.7504884826798,0.056167505679842
0.00137418756828818,32.7504897598093,0.0564268496958434
0.00138053264980751,32.75049104876,0.0566873911886978
0.00138690702868073,32.7504923496415,0.0569491356875449
0.00139331084018346,32.7504936625641,0.0572120887470836
0.00139974422021597,32.7504949876393,0.0574762559475716
0.00140620730530598,32.7504963249796,0.0577416428951309
0.00141270023261165,32.7504976746984,0.0580082552217225
0.00141922313992442,32.7504990369105,0.058276098585324
0.00142577616567197,32.7505004117314,0.0585451786700192
0.00143235944892113,32.7505017992778,0.0588155011861506
0.00143897312938086,32.7505031996675,0.0590870718704465
0.00144561734740521,32.7505046130195,0.0593598964860464
0.00145229224399628,32.7505060394536,0.0596339808228068
0.00145899796080722,32.750507479091,0.0599093306972497
0.00146573464014525,32.7505089320539,0.0601859519527664
0.00147250242497467,32.7505103984657,0.0604638504597704
0.00147930145891988,32.7505118784507,0.0607430321156843
0.00148613188626846,32.7505133721348,0.0610235028452327
0.00149299385197421,32.7505148796446,0.061305268600531
0.00149988750166022,32.7505164011082,0.0615883353610729
0.00150681298162197,32.7505179366546,0.0618727091340611
0.00151377043883045,32.7505194864144,0.0621583959543819
0.00152076002093524,32.7505210505189,0.0624454018847703
0.0015277818762677,32.7505226291011,0.0627337330160014
0.00153483615384405,32.7505242222948,0.0630233954669662
0.0015419230033686,32.7505258302355,0.0633143953847735
0.00154904257523688,32.7505274530595,0.0636067389449665
0.00155619502053882,32.7505290909046,0.0639004323515352
0.00156338049106204,32.7505307439099,0.0641954818371581
0.00157059913929496,32.7505324122157,0.0644918936633296
0.00157785111843013,32.7505340959636,0.0647896741203599
0.0015851365823674,32.7505357952966,0.0650888295276931
0.00159245568571727,32.7505375103589,0.0653893662339326
0.00159980858380409,32.7505392412962,0.0656912906169176
0.00160719543266943,32.7505409882553,0.0659946090840407
0.00161461638907533,32.7505427513846,0.0662993280722232
0.00162207161050765,32.7505445308337,0.0666054540481177
0.00162956125517944,32.7505463267538,0.0669129935082364
0.00163708548203426,32.7505481392972,0.0672219529790774
0.00164464445074955,32.7505499686178,0.067532339017316
0.00165223832174005,32.7505518148711,0.0678441582098301
0.00165986725616118,32.7505536782135,0.0681574171739799
0.00166753141591249,32.7505555588035,0.0684721225576591
0.00167523096364104,32.7505574568005,0.0687882810394091
0.00168296606274491,32.7505593723658,0.0691058993286737
0.00169073687737664,32.750561305662,0.0694249841658623
0.0016985435724467,32.7505632568531,0.0697455423224524
0.00170638631362704,32.7505652261049,0.0700675806012686
0.00171426526735454,32.7505672135844,0.0703911058365088
0.00172218060083458,32.7505692194605,0.0707161248938837
0.0017301324820446,32.7505712439034,0.0710426446708713
0.00173812107973763,32.750573287085,0.0713706720967681
0.00174614656344591,32.7505753491787,0.0717002141328923
0.00175420910348444,32.7505774303596,0.0720312777726602
0.00176230887095464,32.7505795308043,0.0723638700417899
0.00177044603774795,32.7505816506913,0.0726979979984411
0.0017786207765495,32.7505837902003,0.0730336687334188
0.00178683326084176,32.7505859495132,0.0733708893701603
0.00179508366490824,32.7505881288132,0.0737096670651173
0.00180337216383714,32.7505903282852,0.0740500090076537
0.00181169893352514,32.7505925481161,0.0743919224204403
0.00182006415068107,32.7505947884943,0.0747354145594419
0.00182846799282969,32.7505970496099,0.0750804927141463
0.00183691063831546,32.750599331655,0.0754271642076789
0.00184539226630629,32.7506016348232,0.0757754363969933
0.00185391305679739,32.7506039593101,0.0761253166729736
0.00186247319061507,32.7506063053131,0.0764768124607392
0.00187107284942057,32.7506086730312,0.0768299312195685
0.0018797122157139,32.7506110626655,0.0771846804432047
0.00188839147283777,32.7506134744189,0.077541067660097
0.00189711080498142,32.7506159084961,0.0778991004333119
0.00190587039718455,32.7506183651038,0.0782587863609273
0.00191467043534127,32.7506208444504,0.0786201330760581
0.00192351110620401,32.7506233467466,0.0789831482471108
0.0019323925973875,32.7506258722046,0.0793478395778722
0.00194131509737275,32.750628421039,0.0797142148076751
0.00195027879551106,32.7506309934661,0.0800822817116018
0.001959283882028,32.7506335897043,0.0804520481006873
0.00196833054802752,32.7506362099739,0.0808235218219326
0.00197741898549592,32.7506388544976,0.0811967107586987
0.00198654938730597,32.7506415234997,0.0815716228306049
0.00199572194722102,32.7506442172068,0.0819482659939359
0.00200493685989908,32.7506469358477,0.0823266482416929
0.00201419432089694,32.7506496796531,0.0827067776037587
0.00202349452667438,32.7506524488559,0.083088662147114
0.00203283767459826,32.7506552436913,0.0834723099759647
0.00204222396294678,32.7506580643966,0.0838577292319713
0.00205165359091364,32.7506609112112,0.0842449280943497
0.00206112675861228,32.7506637843767,0.0846339147800885
0.00207064366708015,32.7506666841372,0.0850246975441647
0.00208020451828294,32.7506696107387,0.0854172846796202
0.00208980951511888,32.7506725644298,0.0858116845177781
0.00209945886142306,32.7506755454612,0.0862079054284587
0.00210915276197174,32.750678554086,0.0866059558201327
0.0021188914224867,32.7506815905596,0.0870058441400735
0.00212867504963962,32.7506846551397,0.087407578874586
0.00213850385105642,32.7506877480867,0.0878111685491091
0.00214837803532172,32.750690869663,0.0882166217285075
0.00215829781198325,32.7506940201336,0.0886239470171357
0.00216826339155627,32.7506971997661,0.0890331530590927
0.00217827498552809,32.7507004088303,0.0894442485384249
0.00218833280636249,32.7507036475988,0.0898572421792666
0.0021984370675043,32.7507069163464,0.0902721427459797
0.00220858798338387,32.7507102153507,0.0906889590434465
0.00221878576942166,32.7507135448918,0.0911076999171838
0.0022290306420328,32.7507169052523,0.0915283742535724
0.00223932281863167,32.7507202967175,0.0919509909799586
0.00224966251763653,32.7507237195754,0.0923755590650105
0.00226004995847416,32.7507271741165,0.0928020875187304
0.00227048536158449,32.7507306606341,0.0932305853927227
0.0022809689484253,32.7507341794243,0.0936610617804475
0.00229150094147692,32.7507377307857,0.0940935258172722
0.00230208156424694,32.7507413150199,0.0945279866808019
0.00231271104127496,32.7507449324311,0.0949644535909936
0.00232338959813735,32.7507485833266,0.0954029358103989
0.00233411746145205,32.7507522680161,0.0958434426443029
0.00234489485888337,32.7507559868127,0.0962859834409537
0.00235572201914681,32.7507597400319,0.0967305675918296
0.00236659917201394,32.7507635279924,0.0971772045316518
0.00237752654831726,32.7507673510159,0.0976259037388165
0.00238850437995508,32.7507712094268,0.0980766747354466
0.00239953289989649,32.7507751035528,0.0985295270876072
0.00241061234218626,32.7507790337245,0.0989844704055608
0.00242174294194983,32.7507830002756,0.0994415143439318
0.00243292493539829,32.7507870035427,0.0999006686018981
0.00244415855983339,32.7507910438658,0.100361942923496
0.00245544405365258,32.750795121588,0.100825347097672
0.00246678165635408,32.7507992370553,0.101290890958611
0.00247817160854195,32.7508033906173,0.101758584385892
0.0024896141519312,32.7508075826265,0.102228437304691
0.00250110952935291,32.7508118134389,0.102700459686073
0.0025126579847594,32.7508160834136,0.103174661547066
0.0025242597632294,32.7508203929132,0.103651052951009
0.00253591511097325,32.7508247423035,0.104129644007691
0.00254762427533811,32.7508291319539,0.10461044487355
0.00255938750481325,32.750833562237,0.105093465751947
0.00257120504903528,32.7508380335289,0.10557871689335
0.00258307715879347,32.7508425462093,0.106066208595544
0.00259500408603507,32.7508471006613,0.10655595120388
0.00260698608387064,32.7508516972715,0.10704795511147
0.00261902340657946,32.7508563364303,0.107542230759388
0.00263111630961489,32.7508610185315,0.108038788636964
0.00264326504960979,32.7508657439726,0.108537639281921
0.002655469884382,32.7508705131549,0.10903879328066
0.00266773107293979,32.7508753264831,0.109542261268434
0.00268004887548733,32.7508801843661,0.110048053929668
0.00269242355343028,32.7508850872162,0.110556181997996
0.00270485536938127,32.7508900354498,0.11106665625677
0.00271734458716551,32.7508950294869,0.111579487538986
0.00272989147182636,32.7509000697515,0.112094686727725
0.002742496289631,32.7509051566716,0.112612264756359
0.00275515930807605,32.750910290679,0.113132232608631
0.00276788079589323,32.7509154722097,0.113654601319117
0.0027806610230551,32.7509207017036,0.11417938197326
0.00279350026078078,32.7509259796047,0.114706585707746
0.00280639878154168,32.7509313063612,0.115236223710608
0.00281935685906732,32.7509366824251,0.115768307221585
0.00283237476835111,32.7509421082531,0.116302847532343
0.00284545278565619,32.7509475843058,0.116839855986638
0.00285859118852131,32.7509531110482,0.1173793439806
0.00287179025576671,32.7509586889494,0.117921322962953
0.00288505026750002,32.7509643184831,0.118465804435385
0.00289837150512224,32.7509700001272,0.119012799952597
0.00291175425133368,32.7509757343642,0.119562321122646
0.00292519879013998,32.7509815216809,0.12011437960724
0.00293870540685812,32.7509873625687,0.120668987121887
0.00295227438812249,32.7509932575235,0.121226155436194
0.00296590602189095,32.7509992070458,0.1217858963741
0.00297960059745099,32.7510052116408,0.122348221814176
0.00299335840542581,32.7510112718183,0.122913143689824
0.00300717973778051,32.7510173880928,0.123480673989523
0.00302106488782832,32.7510235609837,0.124050824757104
0.00303501415023676,32.751029791015,0.124623608092046
0.00304902782103396,32.7510360787158,0.125199036149691
0.00306310619761488,32.75104242462,0.125777121141423
0.00307724957874768,32.7510488292662,0.126357875335112
0.00309145826458,32.7510552931984,0.126941311055215
0.0031057325566454,32.7510618169653,0.127527440683112
0.0031200727578697,32.7510684011209,0.128116276657341
0.00313447917257741,32.7510750462242,0.128707831473855
0.00314895210649824,32.7510817528395,0.129302117686381
0.00316349186677354,32.7510885215362,0.129899147906466
0.00317809876196285,32.7510953528889,0.130498934804042
0.00319277310205041,32.7511022474779,0.131101491107433
0.00320751519845177,32.7511092058883,0.131706829603792
0.00322232536402038,32.7511162287112,0.132314963139278
0.00323720391305427,32.7511233165428,0.132925904619386
0.00325215116130265,32.7511304699849,0.133539667009163
0.00326716742597268,32.7511376896448,0.134156263333542
0.00328225302573613,32.7511449761358,0.134775706677641
0.00329740828073624,32.7511523300763,0.135398010186872
0.00331263351259441,32.7511597520909,0.13602318706747
0.0033279290444171,32.7511672428098,0.136651250586597
0.00334329520080265,32.7511748028689,0.137282214072647
0.00335873230784817,32.7511824329103,0.137916090915566
0.0033742406931565,32.7511901335817,0.138552894567139
0.00338982068584309,32.7511979055372,0.139192638541239
0.00340547261654306,32.7512057494365,0.139835336414177
0.00342119681741817,32.7512136659458,0.140481001824924
0.00343699362216386,32.7512216557372,0.141129648475383
0.00345286336601639,32.7512297194892,0.141781290130794
0.0034688063857599,32.7512378578865,0.142435940619876
0.00348482301973357,32.7512460716201,0.143093613835268
0.00350091360783881,32.7512543613875,0.1437543237337
0.00351707849154647,32.7512627278925,0.144418084336395
0.00353331801390408,32.7512711718457,0.145084909729277
0.00354963251954313,32.7512796939641,0.145754814063297
0.00356602235468641,32.7512882949712,0.146427811554783
0.00358248786715532,32.7512969755974,0.147103916485659
0.00359902940637725,32.7513057365798,0.147783143203816
0.00361564732339305,32.7513145786624,0.148465506123399
0.00363234197086441,32.751323502596,0.14915101972508
0.00364911370308139,32.7513325091383,0.149839698556398
0.00366596287596994,32.7513415990542,0.150531557232064
0.0036828898470994,32.7513507731155,0.151226610434309
0.00369989497569017,32.7513600321012,0.151924872913082
0.00371697862262127,32.7513693767976,0.15262635948646
0.00373414115043801,32.7513788079983,0.15333108504094
0.0037513829233597,32.7513883265039,0.154039064531757
0.00376870430728738,32.7513979331229,0.154750312983216
0.00378610566981156,32.751407628671,0.15546484548893
0.00380358738022006,32.7514174139716,0.156182677212272
0.00382114980950581,32.7514272898554,0.156903823386585
0.00383879333037473,32.7514372571613,0.157628299315551
0.00385651831725367,32.7514473167357,0.158356120373502
0.00387432514629832,32.7514574694326,0.15908730200581
0.0038922141954012,32.7514677161144,0.159821859729051
0.0039101858441997,32.7514780576511,0.160559809131571
0.00392824047408411,32.7514884949209,0.161301165873605
0.00394637846820573,32.7514990288103,0.162045945687717
0.003964600211485,32.7515096602136,0.162794164379101
0.00398290609061967,32.7515203900337,0.163545837825938
0.00400129649409299,32.7515312191819,0.164300981979714
0.00401977181218198,32.7515421485776,0.165059612865579
0.00403833243696568,32.7515531791492,0.165821746582622
0.00405697876233351,32.7515643118332,0.166587399304333
0.00407571118399359,32.7515755475751,0.167356587278842
0.00409453009948118,32.7515868873291,0.168129326829279
0.00411343590816707,32.7515983320581,0.168905634354187
0.00413242901126608,32.7516098827342,0.169685526327772
0.0041515098118456,32.7516215403381,0.17046901930033
0.00417067871483407,32.7516333058599,0.171256129898593
0.00418993612702966,32.7516451802987,0.172046874825993
0.00420928245710884,32.7516571646631,0.172841270863176
0.00422871811563509,32.7516692599707,0.173639334868149
0.00424824351506759,32.7516814672487,0.174441083776846
0.00426785906976997,32.7516937875339,0.175246534603414
0.00428756519601914,32.7517062218725,0.176055704440421
0.00430736231201409,32.7517187713206,0.17686861045953
0.00432725083788475,32.7517314369439,0.177685269911509
0.00434723119570096,32.751744219818,0.178505700126959
0.0043673038094814,32.7517571210287,0.179329918516312
0.00438746910520255,32.7517701416714,0.180157942570508
0.0044077275108078,32.7517832828521,0.18098978986122
0.00442807945621649,32.7517965456868,0.181825478041228
0.00444852537333302,32.7518099313019,0.182665024844832
0.00446906569605606,32.7518234408342,0.183508448088189
0.00448970086028773,32.751837075431,0.184355765669771
0.00451043130394285,32.7518508362504,0.1852069955706
0.00453125746695823,32.751864724461,0.186062155854789
0.00455217979130204,32.7518787412424,0.186921264669847
0.00457319872098313,32.7518928877849,0.187784340247004
0.00459431470206052,32.7519071652902,0.188651400901765
0.00461552818265282,32.7519215749708,0.18952246503411
0.00463683961294774,32.7519361180505,0.19039755112904
0.00465824944521168,32.7519507957646,0.191276677756848
0.00467975813379928,32.7519656093595,0.192159863573598
0.00470136613516311,32.7519805600936,0.193047127321472
0.00472307390786333,32.7519956492366,0.193938487829189
0.0047448819125774,32.75201087807,0.194833964012424
0.0047667906121099,32.7520262478874,0.195733574874163
0.00478880047140234,32.7520417599942,0.196637339505127
0.004810911957543,32.7520574157079,0.197545277084174
0.00483312553977689,32.7520732163581,0.198457406878697
0.00485544168951566,32.7520891632871,0.199373748245134
0.00487786088034762,32.7521052578491,0.200294320629191
0.0049003835880478,32.7521215014114,0.201219143566357
0.00492301029058806,32.7521378953534,0.202148236682422
0.0049457414681472,32.7521544410678,0.203081619693658
0.00496857760312115,32.7521711399599,0.204019312407441
0.00499151918013324,32.752187993448,0.204961334722578
0.00501456668604448,32.7522050029637,0.205907706629761
0.00503772060996386,32.7522221699517,0.206858448211939
0.00506098144325875,32.7522394958703,0.207813579644835
0.00508434967956533,32.7522569821911,0.208773121197309
0.00510782581479906,32.7522746303994,0.209737093231768
0.00513141034716522,32.7522924419942,0.210705516204662
0.00515510377716945,32.7523104184886,0.211678410666878
0.00517890660762842,32.7523285614095,0.212655797264186
0.00520281934368043,32.7523468722981,0.213637696737669
0.0052268424927962,32.7523653527096,0.21462412992421
0.00525097656478962,32.752384004214,0.215615117756832
0.00527522207182853,32.7524028283955,0.216610681265263
0.00529957952844564,32.7524218268533,0.217610841576259
0.00532404945154942,32.752441001201,0.218615619914171
0.0053486323604351,32.7524603530676,0.219625037601336
0.00537332877679563,32.7524798840969,0.220639116058498
0.00539813922473283,32.752499595948,0.221657876805339
0.00542306423076845,32.7525194902954,0.222681341460905
0.00544810432385537,32.7525395688291,0.223709531743969
0.00547326003538882,32.7525598332547,0.224742469473671
0.00549853189921766,32.7525802852937,0.225780176569833
0.00552392045165571,32.7526009266836,0.226822675053548
0.00554942623149313,32.7526217591777,0.227869987047482
0.00557504978000786,32.7526427845459,0.228922134776511
0.00560079164097708,32.7526640045743,0.229979140568079
0.00562665236068879,32.7526854210657,0.231041026852729
0.00565263248795337,32.7527070358393,0.232107816164563
0.00567873257411526,32.7527288507315,0.233179531141766
0.00570495317306461,32.7527508675955,0.234256194526905
0.00573129484124909,32.7527730883018,0.235337829167725
0.00575775813768567,32.7527955147381,0.236424458017309
0.00578434362397248,32.7528181488097,0.237516104134767
0.00581105186430075,32.7528409924396,0.238612790685721
0.00583788342546674,32.7528640475685,0.239714540942645
0.00586483887688384,32.7528873161551,0.24082137828553
0.00589191879059456,32.7529108001762,0.241933326202276
0.00591912374128277,32.7529345016272,0.243050408289252
0.00594645430628582,32.7529584225215,0.244172648251705
0.00597391106560681,32.7529825648917,0.245300069904394
0.00600149460192693,32.7530069307888,0.246432697172025
0.0060292055006178,32.753031522283,0.247570554089705
0.00605704434975388,32.7530563414638,0.248713664803519
0.00608501174012497,32.7530813904398,0.249862053571061
0.00611310826524876,32.7531066713393,0.251015744761919
0.00614133452138339,32.7531321863103,0.252174762858145
0.00616969110754013,32.7531579375207,0.253339132454881
0.0061981786254961,32.7531839271585,0.25450887826076
0.00622679767980698,32.7532101574319,0.255684025098499
0.00625554887781993,32.7532366305697,0.256864597905478
0.00628443282968641,32.7532633488213,0.258050621734113
0.00631345014837517,32.7532903144569,0.259242121752576
0.00634260144968523,32.7533175297678,0.260439123245148
0.00637188735225895,32.7533449970665,0.26164165161288
0.00640130847759519,32.753372718687,0.262849732374103
0.00643086545006246,32.7534006969847,0.264063391164951
0.00646055889691219,32.7534289343372,0.265282653739916
0.00649038944829205,32.7534574331439,0.266507545972376
0.00652035773725929,32.7534861958264,0.267738093855136
0.00655046439979421,32.7535152248289,0.268974323501097
0.00658071007481365,32.7535445226182,0.270216261143625
0.00661109540418453,32.7535740916839,0.271463933137218
0.00664162103273749,32.7536039345388,0.272717365958058
0.00667228760828056,32.7536340537188,0.27397658620454
0.00670309578161292,32.7536644517835,0.275241620597915
0.0067340462065387,32.7536951313161,0.276512495982689
0.00676513953988088,32.7537260949239,0.277789239327408
0.0067963764414952,32.7537573452382,0.279071877725066
0.00682775757428415,32.7537888849147,0.280360438393733
0.0068592836042111,32.7538207166339,0.281654948677157
0.00689095520031437,32.7538528431009,0.282955436045307
0.00692277303472147,32.7538852670461,0.28426192809499
0.00695473778266333,32.753917991225,0.285574452550426
0.00698685012248865,32.7539510184189,0.28689303726376
0.0070191107356783,32.7539843514346,0.288217710215779
0.00705152030685977,32.7540179931052,0.289548499516483
0.00708407952382169,32.7540519462898,0.290885433405518
0.00711678907752847,32.7540862138743,0.292228540253064
0.0071496496621349,32.754120798771,0.29357784856011
0.00718266197500093,32.7541557039195,0.294933386959345
0.00721582671670645,32.7541909322866,0.29629518421559
0.00724914459106616,32.7542264868664,0.29766326922645
0.00728261630514451,32.754262370681,0.299037671022972
0.0073162425692707,32.7542985867805,0.300418418770244
0.00735002409705376,32.7543351382431,0.301805541767931
0.00738396160539768,32.7543720281758,0.303199069451009
0.00741805581451664,32.7544092597141,0.304599031390279
0.0074523074479503,32.7544468360229,0.306005457293191
0.00748671723257912,32.7544847602962,0.307418377004161
0.00752128589863982,32.7545230357577,0.308837820505554
0.00755601417974089,32.7545616656611,0.310263817918009
0.00759090281287809,32.75460065329,0.311696399501313
0.00762595253845017,32.7546400019588,0.313135595654902
0.00766116410027454,32.7546797150124,0.314581436918525
0.00769653824560304,32.7547197958268,0.316033953973008
0.00773207572513785,32.7547602478092,0.317493177640725
0.00776777729304739,32.7548010743985,0.318959138886361
0.00780364370698231,32.7548422790656,0.320431868817573
0.00783967572809157,32.7548838653133,0.321911398685613
0.00787587412103866,32.7549258366773,0.323397759886016
0.00791223965401773,32.7549681967256,0.324890983959197
0.00794877309876997,32.7550109490596,0.326391102591243
0.00798547523059992,32.7550540973141,0.327898147614455
0.008022346828392,32.7550976451576,0.329412151008139
0.00805938867462696,32.7551415962925,0.330933144899219
0.00809660155539856,32.7551859544557,0.332461161562907
0.00813398626043019,32.7552307234186,0.333996233423393
0.00817154358309167,32.7552759069877,0.335538393054634
0.00820927432041606,32.7553215090048,0.337087673180835
0.0082471792731166,32.7553675333473,0.338644106677368
0.00828525924560368,32.7554139839286,0.34020772657134
0.00832351504600192,32.7554608646985,0.341778566042311
0.00836194748616734,32.7555081796431,0.343356658423015
0.00840055738170455,32.7555559327859,0.344942037200038
0.00843934555198408,32.7556041281875,0.346534736014602
0.00847831282015977,32.7556527699462,0.348134788663155
0.00851746001318623,32.7557018621983,0.349742229098256
0.00855678796183641,32.7557514091186,0.351357091429078
0.0085962975007192,32.7558014149204,0.352979409922382
0.00863598946829716,32.7558518838564,0.35460921900298
0.00867586470690431,32.7559028202184,0.356246553254695
0.00871592406276401,32.7559542283385,0.357891447420952
0.00875616838600692,32.7560061125884,0.359543936405605
0.00879659853068902,32.7560584773809,0.361204055273542
0.00883721535480978,32.7561113271695,0.362871839251597
0.00887801972033031,32.756164666449,0.364547323729227
0.00891901249319168,32.7562184997559,0.366230544259182
0.00896019454333334,32.756272831669,0.367921536558367
0.00900156674471148,32.7563276668094,0.369620336508551
0.00904312997531768,32.7563830098411,0.371326980157201
0.00908488511719749,32.7564388654715,0.373041503718087
0.00912683305646915,32.7564952384515,0.374763943572187
0.0091689746833424,32.7565521335764,0.37649433626845
0.00921131089213739,32.7566095556856,0.378232718524498
0.00925384258130364,32.7566675096638,0.379979127227449
0.0092965706534391,32.7567260004408,0.381733599434736
0.00933949601530933,32.7567850329922,0.383496172374775
0.00938261957786672,32.7568446123399,0.385266883447875
0.00942594225626981,32.7569047435523,0.38704577022701
0.00946946496990277,32.7569654317448,0.38883287045857
0.00951318864239486,32.7570266820804,0.390628222063176
0.00955711420164003,32.7570884997701,0.392431863136469
0.00960124257981663,32.757150890073,0.394243831950001
0.0096455747134072,32.7572138582974,0.396064166951892
0.00969011154321832,32.7572774098005,0.397892906767869
0.0097348540144006,32.7573415499895,0.39973009020183
0.0097798030764687,32.7574062843217,0.401575756236855
0.00982495968332155,32.7574716183051,0.40342994403594
0.00987032479326249,32.7575375574988,0.405292692942866
0.0099158993690197,32.7576041075136,0.407164042483033
0.0099616843777666,32.7576712740123,0.409044032364241
0.0100076807911424,32.7577390627104,0.410932702477633
0.0100538895852726,32.7578074793763,0.412830092898462
0.0101003117407898,32.7578765298322,0.414736243886955
0.0101469482428547,32.7579462199542,0.416651195889168
0.0101938000811766,32.758016555673,0.418574989537846
0.0102408682500347,32.7580875429745,0.420507665653334
0.0102881537482991,32.7581591878999,0.422449265244343
0.010335657579452,32.7582314965468,0.424399829508878
0.0103833807516091,32.7583044750694,0.426359399835141
0.0104313242775408,32.7583781296789,0.428328017802306
0.0104794891746939,32.7584524666444,0.430305725181552
0.0105278764652129,32.7585274922931,0.432292563936787
0.0105764871759622,32.7586032130109,0.434288576225641
0.0106253223385472,32.7586796352433,0.436293804400328
0.0106743829893369,32.7587567654954,0.438308291008578
0.0107236701694853,32.7588346103329,0.440332078794439
0.010773184924954,32.7589131763823,0.442365210699278
0.0108229283065339,32.758992470332,0.444407729862728
0.0108729013698679,32.7590724989323,0.44645967962346
0.0109231051754732,32.7591532689962,0.448521103520174
0.0109735407887636,32.7592347874002,0.450592045292585
0.0110242092800724,32.7593170610845,0.452672548882243
0.0110751117246749,32.7594000970538,0.454762658433555
0.0111262492028114,32.7594839023781,0.456862418294637
0.01117762279971,32.759568484193,0.458971873018317
0.0112292336056096,32.7596538497002,0.461091067363039
0.0112810827157831,32.7597400061687,0.463220046293845
0.0113331712305607,32.7598269609348,0.465358854983313
0.0113855002553533,32.7599147214031,0.467507538812526
0.0114380709006754,32.7600032950469,0.469666143371961
0.0114908842821697,32.7600926894092,0.471834714462561
0.0115439415206299,32.7601829121029,0.474013298096685
0.0115972437420246,32.7602739708118,0.476201940498988
0.0116507920775218,32.760365873291,0.478400688107501
0.0117045876635122,32.7604586273679,0.480609587574628
0.0117586316416335,32.7605522409425,0.482828685768002
0.011812925158795,32.7606467219883,0.485058029771629
0.0118674693672016,32.7607420785529,0.487297666886792
0.011922265424378,32.7608383187589,0.489547644633078
0.0119773144931941,32.7609354508042,0.491808010749429
0.0120326177418887,32.761033482963,0.494078813195061
0.0120881763440949,32.7611324235867,0.496360100150543
0.012143991478865,32.761232281104,0.498651920018854
0.0122000643306952,32.7613330640221,0.50095432142631
0.012256396089551,32.7614347809275,0.503267353223649
0.0123129879508922,32.7615374404864,0.50559106448711
0.0123698411156988,32.7616410514456,0.507925504519336
0.0124269567904957,32.7617456226333,0.510270722850584
0.0124843361873791,32.76185116296,0.512626769239651
0.0125419805240415,32.7619576814188,0.514993693675036
0.0125998910237982,32.7620651870865,0.51737154637584
0.0126580689156127,32.7621736891247,0.519760377792975
0.0127165154341232,32.7622831967798,0.522160238610247
0.0127752318196687,32.7623937193844,0.524571179745258
0.0128342193183151,32.7625052663582,0.526993252350613
0.0128934791818817,32.7626178472081,0.529426507815045
0.0129530126679682,32.7627314715297,0.531870997764425
0.0130128210399808,32.762846149008,0.534326774062787
0.0130729055671593,32.7629618894181,0.536793888813584
0.0131332675246041,32.7630787026258,0.539272394360704
0.0131939081933031,32.7631965985891,0.54176234328962
0.013254828860159,32.7633155873586,0.544263788428441
0.0133160308180164,32.7634356790782,0.546776782849024
0.0133775153656896,32.7635568839867,0.549301379868239
0.0134392838079898,32.7636792124177,0.551837633048918
0.013501337455753,32.7638026748015,0.554385596201096
0.0135636776258679,32.7639272816651,0.556945323383111
0.0136263056413034,32.7640530436338,0.559516868902767
0.0136892228311374,32.7641799714318,0.562100287318498
0.0137524305305842,32.7643080758831,0.564695633440472
0.0138159300810235,32.7644373679124,0.5673029623318
0.0138797228300285,32.7645678585465,0.56992232930967
0.0139438101313945,32.7646995589145,0.572553789946538
0.0140081933451679,32.7648324802493,0.575197400071292
0.0140728738376748,32.7649666338887,0.577853215770469
0.01413785298155,32.7651020312758,0.580521293389377
0.0142031321557664,32.7652386839603,0.58320168953334
0.014268712745664,32.7653766035998,0.58589446106888
0.0143345961429793,32.7655158019601,0.588599665124881
0.0144007837458749,32.7656562909171,0.591317359093929
0.0144672769589693,32.765798082457,0.594047600633361
0.0145340771933666,32.7659411886778,0.596790447666563
0.0146011858666863,32.7660856217905,0.599545958384235
0.0146686044030936,32.7662313941194,0.602314191245535
0.0147363342333295,32.7663785181041,0.605095204979416
0.0148043767947414,32.7665270063001,0.607889058585727
0.0148727335313131,32.7666768713797,0.610695811336663
0.014941405893696,32.7668281261336,0.61351552277783
0.0150103953392395,32.7669807834717,0.616348252729584
0.0150797033320221,32.7671348564242,0.61919406128829
0.0151493313428826,32.7672903581428,0.622053008827643
0.0152192808494509,32.7674473019018,0.62492515599988
0.0152895533361797,32.7676057010995,0.627810563737062
0.015360150294376,32.767765569259,0.630709293252399
0.0154310732222325,32.7679269200295,0.633621406041523
0.0155023236248598,32.7680897671876,0.636546963883818
0.0155739030143178,32.7682541246384,0.63948602884365
0.0156458129096483,32.7684200064168,0.64243866327185
0.0157180548369069,32.7685874266884,0.645404929806796
0.0157906303291957,32.7687563997512,0.648384891375914
0.0158635409266953,32.7689269400365,0.651378611196966
0.0159367881766981,32.7690990621104,0.654386152779369
0.0160103736336409,32.7692727806749,0.657407579925546
0.0160842988591376,32.769448110569,0.660442956732261
0.0161585654220128,32.7696250667705,0.663492347592008
0.0162331748983348,32.769803664397,0.666555817194367
0.0163081288714492,32.7699839187069,0.669633430527345
0.0163834289320123,32.7701658451015,0.672725252878774
0.0164590766780251,32.7703494591255,0.675831349837657
0.0165350737148672,32.7705347764691,0.678951787295622
0.0166114216553304,32.7707218129687,0.68208663144823
0.0166881221196538,32.770910584609,0.685235948796517
0.0167651767355573,32.7711011075235,0.688399806148186
0.0168425871382768,32.7712933979969,0.691578270619175
0.0169203549705982,32.7714874724656,0.694771409635093
0.0169984818828932,32.7716833475198,0.697979290932569
0.0170769695331536,32.7718810399046,0.701201982560626
0.0171558195870265,32.7720805665217,0.704439552882298
0.0172350337178503,32.7722819444307,0.707692070575951
0.0173146136066892,32.7724851908504,0.71095960463676
0.01739456094237,32.7726903231609,0.714242224378158
0.0174748774215169,32.7728973589045,0.717539999433313
0.0175555647485883,32.7731063157875,0.720852999756657
0.0176366246359125,32.773317211682,0.72418129562519
0.0177180588037243,32.7735300646268,0.727524957640218
0.0177998689802011,32.7737448928297,0.73088405672863
0.0178820569015004,32.7739617146686,0.73425866414447
0.0179646243117956,32.7741805486934,0.73764885147051
0.0180475729633138,32.7744014136274,0.741054690619664
0.0181309046163727,32.774624328369,0.744476253836539
0.0182146210394178,32.7748493119936,0.747913613699014
0.0182987240090604,32.7750763837549,0.751366843119702
0.0183832153101147,32.7753055630868,0.754836015347516
0.0184680967356361,32.7755368696051,0.758321203969207
0.0185533700869593,32.7757703231092,0.761822482910991
0.0186390371737361,32.7760059435837,0.765339926439965
0.0187250998139743,32.7762437512003,0.768873609165849
0.0188115598340757,32.7764837663197,0.77242360604246
0.0188984190688756,32.7767260094931,0.775989992369225
0.0189856793616812,32.7769705014641,0.779572843792979
0.0190733425643107,32.7772172631707,0.783172236309361
0.019161410537133,32.7774663157469,0.78678824626452
0.0192498851491069,32.7777176805247,0.790420950356795
0.0193387682778206,32.7779713790359,0.794070425638075
0.019428061809532,32.778227433014,0.797736749515744
0.0195177676392083,32.7784858643963,0.801419999754136
0.0196078876705665,32.7787466953254,0.80512025447621
0.0196984238161138,32.7790099481517,0.808837592165156
0.0197893779971877,32.779275645435,0.812572091666186
0.0198807521439976,32.7795438099465,0.816323832188064
0.0199725481956651,32.779814464671,0.820092893304844
0.0200647681002653,32.7800876328087,0.823879354957467
0.0201574138148684,32.7803633377775,0.827683297455662
0.0202504873055809,32.7806416032147,0.831504801479314
0.0203439905475876,32.7809224529797,0.835343948080521
0.0204379255251932,32.7812059111552,0.839200818684982
0.0205322942318647,32.7814920020504,0.843075495093991
0.0206270986702737,32.7817807502023,0.846968059485959
0.0207223408523386,32.782072180378,0.850878594418288
0.0208180227992677,32.7823663175775,0.854807182828968
0.0209141465416017,32.7826631870351,0.85875390803853
0.0210107141192572,32.7829628142221,0.86271885375158
0.0211077275815695,32.7832652248491,0.866702104058739
0.0212051889873365,32.783570444868,0.870703743438299
0.0213031004048624,32.7838785004744,0.874723856758147
0.0214014639120013,32.7841894181101,0.878762529277376
0.0215002815962014,32.7845032244651,0.882819846648247
0.0215995555545494,32.7848199464805,0.886895894917844
0.0216992878938149,32.7851396113501,0.890990760530054
0.0217994807304954,32.7854622465237,0.895104530327264
0.0219001361908606,32.7857878797089,0.899237291552243
0.0220012564109981,32.7861165388738,0.903389131849957
0.0221028435368586,32.7864482522495,0.907560139269444
0.0222048997243012,32.7867830483326,0.91175040226571
0.0223074271391394,32.7871209558875,0.915960009701466
0.0224104279571869,32.7874620039495,0.920189050849121
0.0225139043643041,32.7878062218267,0.924437615392644
0.022617858556444,32.7881536391034,0.928705793429415
0.0227222927396991,32.7885042856418,0.932993675472192
0.0228272091303481,32.7888581915856,0.937301352450859
0.0229326099549032,32.7892153873619,0.941628915714585
0.0230384974501571,32.7895759036846,0.94597645703358
0.0231448738632303,32.7899397715565,0.950344068601031
0.0232517414516191,32.7903070222726,0.954731843035149
0.0233591024832437,32.7906776874227,0.959139873381024
0.0234669592364956,32.7910517988939,0.963568253112603
0.0235753140002867,32.7914293888741,0.968017076134705
0.0236841690740974,32.7918104898544,0.972486436785026
0.0237935267680256,32.7921951346321,0.976976429835953
0.0239033894028359,32.7925833563138,0.981487150496766
0.0240137593100083,32.792975188318,0.986018694415549
0.0241246388317882,32.7933706643787,0.990571157681184
0.024236030321236,32.7937698185479,0.995144636825427
0.0243479361422768,32.7941726851987,0.999739228824943
0.0244603586697508,32.7945792990287,1.0043550311033
0.0245733002894636,32.7949896950628,1.00899214153305
0.0246867633982371,32.7954039086568,1.01365065843777
0.0248007504039597,32.7958219754997,1.01833068059422
0.024915263725638,32.7962439316181,1.02303230723422
0.0250303057934482,32.7966698133783,1.02775563804704
0.0251458790487871,32.7970996574904,1.0325007731812
0.0252619859443245,32.7975335010112,1.03726781324673
0.0253786289440546,32.7979713813477,1.04205685931734
0.0254958105233492,32.7984133362604,1.04686801293241
0.0256135331690094,32.7988594038666,1.05170137609921
0.0257317993793187,32.7993096226442,1.05655705129502
0.025850611664096,32.7997640314349,1.06143514146931
0.0259699725447491,32.8002226694475,1.06633575004588
0.0260898845543277,32.8006855762621,1.07125898092508
0.0262103502375775,32.801152791833,1.07620493848591
0.0263313721509943,32.8016243564929,1.08117372758831
0.0264529528628779,32.802100310956,1.08616545357529
0.0265750949533868,32.802580696322,1.09118022227523
0.0266978010145931,32.8030655540801,1.09621814000404
0.0268210736505373,32.803554926112,1.10127931356739
0.0269449154772835,32.8040488546966,1.10636385026297
0.0270693291229753,32.804547382513,1.11147185788283
0.0271943172278909,32.8050505526453,1.11660344471551
0.0273198824445,32.8055584085856,1.12175871954833
0.0274460274375194,32.8060709942384,1.12693779166986
0.0275727548839698,32.8065883539249,1.13214077087199
0.0277000674732325,32.8071105323865,1.13736776745234
0.0278279679071069,32.8076375747891,1.14261889221657
0.027956458899867,32.8081695267273,1.14789425648073
0.0280855431783201,32.8087064342285,1.15319397207353
0.0282152234818635,32.809248343757,1.15851815133882
0.0283455025625437,32.8097953022186,1.16386690713774
0.028476383185114,32.8103473569645,1.16924035285131
0.0286078681270935,32.8109045557957,1.17463860238272
0.0287399601788263,32.8114669469677,1.18006177015966
0.0288726621435401,32.8120345791947,1.18550997113687
0.0290059768374062,32.8126075016538,1.19098332079835
0.0291399070895992,32.8131857639902,1.19648193515998
0.0292744557423568,32.8137694163211,1.2020059307719
0.0294096256510402,32.8143585092406,1.20755542472087
0.029545419684195,32.8149530938246,1.21313053463281
0.0296818407236116,32.8155532216348,1.21873137867527
0.0298188916643866,32.8161589447243,1.22435807555987
0.0299565754149844,32.8167703156419,1.23001074454482
0.0300948948972986,32.817387387437,1.23568950543743
0.0302338530467142,32.8180102136646,1.24139447859655
0.0303734528121698,32.8186388483902,1.24712578493524
0.0305136971562203,32.8192733461949,1.25288354592315
0.0306545890550996,32.8199137621803,1.25866788358914
0.0307961314987841,32.8205601519738,1.26447892052384
0.0309383274910557,32.8212125717336,1.27031677988227
0.0310811800495657,32.821871078154,1.27618158538628
0.0312246922058991,32.8225357284705,1.28207346132726
0.0313688670056387,32.8232065804655,1.28799253256874
0.0315137075084297,32.8238836924734,1.29393892454897
0.0316592167880447,32.8245671233858,1.29991276328354
0.031805397932449,32.8252569326578,1.30591417536806
0.0319522540438659,32.8259531803125,1.31194328798081
0.032099788238843,32.8266559269475,1.31800022888535
0.0322480036483177,32.82736523374,1.32408512643325
0.0323969034176842,32.8280811624529,1.33019810956678
0.0325464907068599,32.8288037754402,1.33633930782153
0.0326967686903528,32.8295331356533,1.3425088513293
0.0328477405573284,32.8302693066464,1.34870687082057
0.0329994095116778,32.831012352583,1.35493349762748
0.0331517787720855,32.8317623382414,1.36118886368644
0.0333048515720978,32.8325193290213,1.36747310154087
0.0334586311601911,32.8332833909496,1.37378634434416
0.0336131207998415,32.8340545906867,1.38012872586216
0.0337683237695932,32.834832995533,1.38650038047629
0.033924243363129,32.8356186734349,1.39290144318607
0.0340808828893393,32.8364116929915,1.39933204961222
0.0342382456723932,32.837212123461,1.40579233599922
0.0343963350518081,32.8380200347673,1.41228243921836
0.0345551543825214,32.8388354975065,1.41880249677051
0.0347147070349613,32.8396585829537,1.42535264678906
0.0348749963951184,32.8404893630698,1.43193302804267
0.0350360258646174,32.8413279105085,1.43854377993837
0.0351977988607896,32.8421742986226,1.44518504252425
0.0353603188167452,32.8430286014717,1.45185695649263
0.0355235891814461,32.8438908938289,1.45855966318279
0.0356876134197795,32.844761251188,1.465293304584
0.0358523950126309,32.8456397497709,1.47205802333848
0.0360179374569581,32.8465264665344,1.47885396274443
0.0361842442658659,32.8474214791782,1.48568126675895
0.0363513189686799,32.8483248661517,1.49254008000105
0.036519165111022,32.8492367066623,1.49943054775469
0.0366877862548854,32.8501570806823,1.50635281597189
0.03685718597871,32.8510860689569,1.51330703127554
0.0370273678774587,32.852023753012,1.52029334096273
0.0371983355626937,32.8529702151621,1.52731189300767
0.0373700926626527,32.853925538518,1.53436283606483
0.0375426428223264,32.8548898069952,1.54144631947195
0.0377159897035354,32.8558631053215,1.54856249325331
0.0378901369850084,32.8568455190459,1.55571150812271
0.0380650883624598,32.8578371345462,1.56289351548664
0.0382408475486686,32.8588380390379,1.57010866744755
0.0384174182735567,32.8598483205824,1.57735711680686
0.0385948042842683,32.8608680680957,1.58463901706823
0.0387730093452495,32.8618973713568,1.59195452244076
0.0389520372383282,32.862936321017,1.59930378784214
0.0391318917627941,32.8639850086083,1.60668696890194
0.0393125767354795,32.8650435265524,1.6141042219648
0.0394940959908403,32.8661119681699,1.62155570409377
0.0396764533810375,32.8671904276894,1.6290415730734
0.0398596527760185,32.8682790002567,1.63656198741324
0.0400436980635998,32.8693777819442,1.644117106351
0.0402285931495492,32.8704868697602,1.65170708985584
0.0404143419576686,32.871606361659,1.65933209863182
0.0406009484298776,32.8727363565497,1.66699229412114
0.0407884165262968,32.8738769543067,1.6746878385075
0.040976750225332,32.8750282557793,1.68241889471953
0.0411659535237588,32.8761903628016,1.69018562643411
0.041356030436807,32.877363378203,1.6979881980798
0.0415469849982462,32.8785474058178,1.70582677484026
0.0417388212604713,32.8797425504962,1.71370152265764
0.0419315432945882,32.880948918114,1.72161260823609
0.0421251551905007,32.882166615584,1.72956019904518
0.0423196610569971,32.8833957508661,1.73754446332336
0.042515065021837,32.8846364329782,1.74556557008144
0.0427113712318397,32.8858887720073,1.75362368910613
0.0429085838529713,32.8871528791204,1.76171899096363
0.0431067070704339,32.8884288665755,1.76985164700295
0.0433057450887539,32.8897168477336,1.77802182935974
0.0435057021318714,32.8910169370692,1.78622971095961
0.0437065824432299,32.8923292501824,1.79447546552185
0.0439083902858662,32.8936539038105,1.80275926756299
0.044111129942501,32.89499101584,1.81108129240043
0.0443148057156299,32.896340705318,1.81944171615601
0.0445194219276143,32.8977030924648,1.82784071575978
0.0447249829207736,32.8990782986861,1.83627846895353
0.0449314930574769,32.9004664465851,1.84475515429452
0.0451389567202361,32.9018676599753,1.85327095115917
0.0453473783117983,32.9032820638928,1.86182603974676
0.0455567622552399,32.9047097846095,1.87042060108319
0.0457671129940597,32.9061509496459,1.8790548170247
0.0459784349922741,32.907605687784,1.8877288702616
0.0461907327345109,32.9090741290808,1.89644294432204
0.0464040107261051,32.9105564048818,1.90519722357591
0.0466182734931945,32.9120526478341,1.91399189323848
0.0468335255828154,32.9135629919005,1.92282713937431
0.0470497715629992,32.9150875723735,1.93170314890116
0.0472670160228696,32.9166265258888,1.94062010959367
0.0474852635727397,32.9181799904401,1.94957821008745
0.04770451884421,32.9197481053931,1.95857763988267
0.0479247864902667,32.9213310115,1.96761858934835
0.0481460711853803,32.9229288509146,1.97670124972595
0.0483683776256048,32.9245417672067,1.98582581313349
0.0485917105286777,32.9261699053777,1.99499247256942
0.0488160746341197,32.9278134118753,2.00420142191666
0.0490414747033353,32.9294724346092,2.01345285594658
0.0492679155197144,32.9311471229666,2.02274697032292
0.049495401888733,32.9328376278283,2.03208396160594
0.0497239386380557,32.9345441015841,2.04146402725639
0.0499535306176382,32.9362666981494,2.05088736563958
0.0501841826998298,32.9380055729816,2.06035417602945
0.0504158997794774,32.9397608830963,2.06986465861273
0.0506486867740286,32.9415327870843,2.07941901449291
0.0508825486236368,32.9433214451286,2.08901744569455
0.0511174902912657,32.9451270190214,2.09866015516727
0.0513535167627946,32.9469496721815,2.10834734679
0.0515906330471243,32.948789569672,2.11807922537517
0.0518288441762832,32.9506468782179,2.12785599667279
0.0520681552055346,32.9525217662243,2.13767786737488
0.0523085712134833,32.9544144037947,2.14754504511949
0.0525500973021838,32.9563249627488,2.15745773849516
0.0527927385972486,32.9582536166422,2.16741615704492
0.0530365002479567,32.9602005407845,2.1774205112709
0.0532813874273632,32.9621659122586,2.18747101263842
0.0535274053324088,32.9641499099403,2.19756787358034
0.0537745591840302,32.9661527145179,2.20771130750152
0.054022854227271,32.9681745085117,2.21790152878303
0.0542722957313927,32.9702154762944,2.22813875278666
0.0545228889899871,32.9722758041114,2.23842319585928
0.0547746393210879,32.9743556801013,2.24875507533718
0.0550275520672841,32.9764552943169,2.25913460955061
0.0552816325958334,32.9785748387461,2.26956201782824
0.0555368862987754,32.9807145073335,2.28003752050152
0.0557933185930472,32.982874496002,2.29056133890935
0.0560509349205971,32.9850550026747,2.30113369540238
0.056309740748501,32.9872562272968,2.31175481334773
0.0565697415690783,32.9894783718587,2.32242491713343
0.0568309429000077,32.9917216404181,2.33314423217303
0.0570933502844454,32.9939862391236,2.3439129849102
0.0573569692911419,32.9962723762377,2.35473140282327
0.0576218055145605,32.9985802621604,2.36559971442994
0.0578878645749963,33.0009101094535,2.37651814929192
0.0581551521186947,33.0032621328643,2.3874869380195
0.058423673817972,33.0056365493507,2.39850631227636
0.0586934353713354,33.0080335781059,2.40957650478416
0.058964442503604,33.0104534405833,2.42069774932738
0.0592367009660304,33.0128963605224,2.43187028075797
0.0595102165364224,33.0153625639743,2.44309433500015
0.0597849950192661,33.0178522793283,2.4543701490552
0.0600610422458488,33.0203657373381,2.46569796100621
0.0603383640743827,33.0229031711486,2.47707801002301
0.0606169663901293,33.0254648163236,2.48851053636687
0.0608968551055245,33.0280509108728,2.49999578139551
0.0611780361603037,33.03066169528,2.51153398756785
0.0614605155216281,33.0332974125315,2.52312539844902
0.0617442991842113,33.0359583081446,2.53477025871521
0.0620293931704465,33.0386446301966,2.54646881415861
0.0623158035305342,33.0413566293545,2.55822131169245
0.0626035363426107,33.0440945589048,2.57002799935589
0.0628925977128772,33.0468586747834,2.58188912631908
0.0631829937757291,33.0496492356066,2.59380494288819
0.0634747306938866,33.0524665027017,2.60577570051039
0.0637678146585249,33.0553107401393,2.61780165177897
0.0640622518894062,33.0581822147641,2.6298830504384
0.0643580486350112,33.061081196228,2.64202015138953
0.064655211172672,33.0640079570225,2.65421321069448
0.0649537458087054,33.0669627725122,2.66646248558204
0.0652536588785463,33.0699459209679,2.67876823445279
0.0655549567468825,33.0729576836013,2.69113071688409
0.0658576458077897,33.0759983445991,2.70355019363553
0.0661617324848672,33.0790681911585,2.71602692665408
0.0664672232313742,33.0821675135221,2.72856117907924
0.0667741245303666,33.0852966050146,2.74115321524853
0.0670824428948351,33.0884557620788,2.7538033007025
0.0673921848678425,33.0916452843129,2.76651170219034
0.0677033570226636,33.0948654745078,2.77927868767494
0.068015965962924,33.0981166386853,2.79210452633854
0.0683300183227403,33.1013990861368,2.80498948858776
0.0686455207668612,33.1047131294621,2.81793384605939
0.0689624799908087,33.1080590846093,2.83093787162542
0.0692809027210204,33.1114372709149,2.84400183939879
0.0696007957149919,33.1148480111449,2.85712602473876
0.0699221657614204,33.1182916315356,2.87031070425626
0.0702450196803489,33.1217684618362,2.8835561558196
0.0705693643233108,33.1252788353508,2.89686265855985
0.0708952065734754,33.128823088982,2.91023049287652
0.0712225533457935,33.1324015632744,2.92365994044301
0.071551411587145,33.136014602459,2.93715128421229
0.0718817882764855,33.1396625544986,2.95070480842241
0.0722136904249951,33.143345771133,2.96432079860232
0.0725471250762264,33.1470646079257,2.97799954157735
0.072882099306255,33.150819424311,2.99174132547493
0.0732186202238285,33.1546105836411,3.00554643973046
0.0735566949705185,33.1584384532355,3.01941517509275
0.0738963307208711,33.1623034044292,3.03334782363
0.0742375346825601,33.1662058126231,3.04734467873548
0.0745803140965394,33.1701460573342,3.06140603513334
0.0749246762371966,33.1741245222475,3.07553218888441
0.0752706284125077,33.1781415952673,3.08972343739201
0.0756181779641922,33.1821976685707,3.10398007940791
0.0759673322678687,33.1862931386608,3.11830241503812
0.0763180987332112,33.1904284064217,3.13269074574881
0.076670484804107,33.194603877173,3.14714537437222
0.0770244979588142,33.1988199607267,3.16166660511269
0.0773801457101203,33.2030770714434,3.17625474355256
0.0777374356055022,33.2073756282906,3.19091009665813
0.0780963752272858,33.2117160549012,3.2056329727858
0.0784569721928071,33.2160987796332,3.22042368168801
0.0788192341545739,33.2205242356301,3.23528253451931
0.0791831688004282,33.2249928608819,3.25020984384248
0.0795487838537094,33.2295050982883,3.2652059236346
0.0799160870734181,33.2340613957213,3.28027108929325
0.0802850862543805,33.2386622060899,3.29540565764254
0.0806557892274147,33.243307987405,3.3106099469394
0.0810282038594956,33.2479992028461,3.32588427687976
0.0814023380539232,33.2527363208285,3.34122896860468
0.0817781997504892,33.2575198150716,3.3566443447067
0.0821557969256461,33.2623501646684,3.37213072923611
0.0825351375926764,33.2672278541562,3.3876884477071
0.0829162298018626,33.272153373588,3.40331782710425
0.0832990816406579,33.2771272186057,3.41901919588875
0.0836837012338582,33.2821498905138,3.43479288400484
0.0840700967437739,33.2872218963546,3.45063922288607
0.0844582763704039,33.2923437489846,3.46655854546184
0.084848248351609,33.2975159671522,3.48255118616374
0.0852400209632871,33.3027390755762,3.49861748093206
0.0856336025195485,33.3080136050263,3.51475776722223
0.0860290013728927,33.3133400924044,3.53097238401128
0.0864262259143852,33.3187190808271,3.54726167180445
0.0868252845738362,33.3241511197102,3.56362597264165
0.0872261858199789,33.3296367648539,3.58006563010409
0.0876289381606496,33.3351765785298,3.59658098932081
0.0880335501429678,33.3407711295691,3.61317239697536
0.0884400303535183,33.3464209934525,3.62984020131239
0.0888483874185328,33.3521267524014,3.64658475214428
0.0892586300040733,33.3578889954709,3.66340640085788
0.0896707668162157,33.3637083186437,3.68030550042126
0.0900848066012351,33.3695853249267,3.69728240539027
0.0905007581457905,33.3755206244478,3.71433747191546
0.0909186302771125,33.3815148345558,3.73147105774877
0.0913384318631895,33.3875685799207,3.74868352225035
0.0917601718129565,33.3936824926367,3.7659752263954
0.0921838590764839,33.3998572123267,3.78334653278099
0.0926095026451678,33.4060933862478,3.80079780563291
0.0930371115519204,33.4123916694,3.81832941081257
0.0934666948713619,33.4187527246356,3.83594171582399
0.0938982617200131,33.4251772227711,3.85363508982059
0.0943318212564886,33.431665842701,3.87140990361235
0.0947673826816915,33.4382192715134,3.88926652967251
0.0952049552390088,33.4448382046077,3.90720534214493
0.0956445482145069,33.4515233458143,3.92522671685073
0.0960861709371291,33.4582754075169,3.94333103129577
0.0965298327788938,33.465095110776,3.96151866467727
0.096975543155093,33.4719831854558,3.97978999789135
0.0974233115244921,33.4789403703521,3.99814541353973
0.097873147389531,33.4859674133236,4.01658529593725
0.0983250602965253,33.4930650714251,4.03511003111881
0.0987790598358693,33.5002341110427,4.05372000684661
0.0992351556422392,33.5074753080324,4.07241561261734
0.0996933573947978,33.5147894478602,4.0911972396695
0.1001536748174,33.5221773257456,4.11006528099063
0.100616117678798,33.5296397468071,4.12902013132448
0.101080695792852,33.5371775262109,4.14806218717845
0.101547419018733,33.5447914893221,4.16719184683085
0.102016297261137,33.5524824718584,4.18640951033829
0.102487340470492,33.5602513200472,4.20571557954301
0.102960558643172,33.5680988907855,4.22511045808029
0.103435961821707,33.5760260518027,4.24459455138586
0.103913560094996,33.5840336818262,4.26416826670333
0.104393363598522,33.5921226707508,4.28383201309171
0.104875382514569,33.6002939198107,4.30358620143279
0.105359627072431,33.6085483417552,4.32343124443876
0.105846107548641,33.6168868610272,4.34336755665964
0.106334834267175,33.6253104139462,4.36339555449088
0.106825817599684,33.6338199488935,4.38351565618092
0.107319067965705,33.6424164265019,4.40372828183884
0.107814595832887,33.651100819849,4.42403385344177
0.10831241171721,33.6598741146539,4.44443279484286
0.108812526183213,33.6687373094778,4.46492553177863
0.109314949844211,33.6776914159294,4.48551249187678
0.109819693362527,33.686737458873,4.50619410466399
0.110326767449714,33.6958764766417,4.52697080157339
0.110836182866785,33.7051095212545,4.54784301595261
0.111347950424439,33.7144376586381,4.56881118307122
0.111862080983293,33.7238619688526,4.58987574012884
0.11237858545411,33.7333835463222,4.6110371262627
0.112897474798031,33.7430035000702,4.63229578255555
0.11341876002681,33.7527229539595,4.65365215204361
0.113942452203045,33.7625430469371,4.67510667972428
0.114468562440414,33.7724649332842,4.6966598125641
0.11499710190391,33.7824897828715,4.71831199950665
0.115528081810078,33.7926187814193,4.74006369148054
0.116061513427256,33.8028531307637,4.76191534140728
0.116597408075809,33.8131940491277,4.7838674042093
0.117135777128373,33.8236427713986,4.80592033681788
0.117676632010095,33.8342005494105,4.82807459818131
0.118219984198876,33.8448686522338,4.85033064927265
0.118765845225614,33.8556483664697,4.8726889530981
0.119314226674449,33.8665409965522,4.89514997470488
0.11986514018301,33.8775478650553,4.91771418118927
0.120418597442658,33.8886703130082,4.94038204170488
0.12097461019874,33.8999097002159,4.96315402747071
0.121533190250834,33.911267405588,4.98603061177922
0.122094349452999,33.9227448274742,5.00901227000462
0.122658099714032,33.9343433840067,5.03209947961094
0.123224452997712,33.9460645134511,5.05529272016028
0.123793421323062,33.9579096745642,5.07859247332108
0.1243650167646,33.9698803469603,5.10199922287623
0.124939251452597,33.9819780314856,5.12551345473148
0.125516137573332,33.9942042506008,5.14913565692352
0.126095687369352,34.0065605487725,5.17286631962849
0.126677913139733,34.0190484928735,5.1967059351701
0.127262827240341,34.0316696725922,5.22065499802803
0.127850442084089,34.0444257008512,5.24471400484626
0.12844077014121,34.0573182142358,5.26888345444145
0.129033823939512,34.0703488734323,5.29316384781125
0.129629616064649,34.0835193636761,5.3175556881428
0.130228159160389,34.0968313952112,5.34205948082097
0.130829465928878,34.1102867037594,5.36667573343693
0.131433549130914,34.1238870510012,5.39140495579646
0.132040421586216,34.1376342250678,5.4162476599285
0.132650096173692,34.1515300410452,5.44120436009355
0.133262585831722,34.1655763414896,5.46627557279218
0.133877903558423,34.1797749969561,5.49146181677349
0.13449606241193,34.1941279065395,5.51676361304367
0.13511707551067,34.2086369984284,5.54218148487448
0.135740956033646,34.223304230473,5.56771595781172
0.136367717220707,34.2381315907665,5.59336755968393
0.136997372372841,34.2531210982409,5.61913682061079
0.137629934852448,34.268274803278,5.64502427301184
0.138265418083625,34.2835947883348,5.67103045161492
0.138903835552456,34.2990831685854,5.6971558934648
0.139545200807293,34.3147420925781,5.72340113793194
0.140189527459045,34.3305737429101,5.74976672672082
0.140836829181468,34.3465803369187,5.77625320387888
0.141487119711453,34.3627641273899,5.80286111580492
0.14214041284932,34.3791274032863,5.82959101125786
0.14279672245911,34.3956724904925,5.85644344136537
0.143456062468877,34.4124017525807,5.88341895963256
0.144118446870987,34.4293175915959,5.91051812195065
0.144783889722414,34.4464224488616,5.93774148660563
0.145452405145035,34.4637188058071,5.96508961428697
0.146124007325936,34.4812091848165,5.99256306809634
0.146798710517706,34.4988961501002,6.02016241355626
0.147476529038746,34.5167823085901,6.047888218619
0.148157477273567,34.5348703108583,6.07574105367497
0.148841569673101,34.5531628520618,6.10372149156177
0.149528820755003,34.5716626729113,6.13183010757278
0.15021924510396,34.5903725606683,6.16006747946593
0.150912857372004,34.6092953501683,6.1884341874724
0.151609672278817,34.628433924873,6.21693081430549
0.152309704612051,34.6477912179519,6.24555794516916
0.153012969227632,34.6673702133934,6.27431616776707
0.153719481050086,34.6871739471484,6.3032060723111
0.154429255072848,34.7072055083053,6.33222825153028
0.155142306358582,34.727468040299,6.3613833006794
0.155858650039503,34.7479647421545,6.39067181754796
0.156578301317695,34.7686988697658,6.42009440246877
0.157301275465436,34.7896737372134,6.44965165832686
0.158027587825522,34.810892718118,6.4793441905681
0.158757253811589,34.8323592470361,6.50917260720817
0.159490288908447,34.8540768208953,6.53913751884112
0.1602267086724,34.8760490004733,6.56923953864825
0.160966528731584,34.8982794119198,6.59947928240689
0.161709764786295,34.920771748326,6.62985736849914
0.16245643260932,34.9435297713396,6.66037441792054
0.163206548046276,34.9665573128303,6.69103105428897
0.163960127015945,34.989858276606,6.72182790385334
0.164717185510611,35.0134366401816,6.75276559550232
0.165477739596399,35.0372964566027,6.78384476077306
0.166241805413617,35.0614418563267,6.81506603386001
0.167009399177098,35.0858770491623,6.84643005162354
0.167780537176544,35.1106063262709,6.8779374535988
0.168555235776874,35.1356340622309,6.90958888200424
0.169333511418566,35.1609647171692,6.94138498175045
0.170115380618012,35.1866028389603,6.97332640044886
0.170900859967865,35.2125530654972,7.00541378842037
0.171689966137389,35.2388201270366,7.03764779870399
0.172482715872821,35.2654088486208,7.07002908706557
0.173279125997716,35.2923241525801,7.10255831200641
0.174079213413311,35.3195710611182,7.13523613477193
0.174882995098882,35.3471546989843,7.1680632193602
0.175690488112103,35.3750802962359,7.20104023253065
0.17650170958941,35.403353191095,7.2341678438126
0.177316676746362,35.431978832902,7.26744672551386
0.17813540687801,35.4609627851721,7.30087755272922
0.17895791735926,35.4903107287568,7.33446100334913
0.179784225645246,35.5200284651167,7.36819775806799
0.180614349271696,35.5501219197088,7.4020885003929
0.181448305855307,35.5805971454949,7.43613391665196
0.182286113094119,35.6114603265738,7.47033469600279
0.183127788767889,35.6427177819456,7.50469153044097
0.183973350738469,35.6743759694112,7.53920511480843
0.184822816950185,35.7064414896147,7.57387614680182
0.185676205430218,35.7389210902345,7.60870532698095
0.186533534288988,35.771821670329,7.64369335877698
0.187394821720534,35.8051502848451,7.67884094850089
0.188260086002905,35.8389141492956,7.71414880535163
0.189129345498545,35.8731206446144,7.74961764142447
0.190002618654685,35.9077773221965,7.78524817171914
0.190879924003731,35.9428919091321,7.821041114148
0.191761280163659,35.9784723136436,7.85699718954435
0.192646705838414,36.0145266307349,7.89311712167034
0.193536219818299,36.0510631480634,7.92940163722525
0.19442984098038,36.0880903520446,7.96585146585341
0.195327588288885,36.1256169342016,8.00246734015224
0.196229480795606,36.1636517977703,8.03924999568031
0.197135537640303,36.2022040645731,8.07620017096516
0.198045778051111,36.2412830821749,8.11331860751131
0.198960221344947,36.2808984313342,8.15060604980803
0.199878886927923,36.3210599337656,8.18806324533722
0.200801794295751,36.3617776602279,8.22569094458113
0.201728963034166,36.403061938956,8.2634899010301
0.202660412819335,36.4449233644519,8.3014608711903
0.203596163418274,36.4873728066566,8.33960461459127
0.204536234689274,36.5304214205195,8.37792189379355
0.205480646582316,36.5740806559887,8.41641347439624
0.206429419139497,36.6183622684433,8.45508012504443
0.207382572495454,36.6632783295919,8.4939226174367
0.208340126877795,36.7088412388619,8.53294172633239
0.209302102607524,36.755063735308,8.57213822955904
0.210268520099474,36.8019589100662,8.61151290801957
0.211239399862739,36.8495402193852,8.65106654569954
0.212214762501112,36.8978214982679,8.69079992967421
0.213194628713519,36.9468169747561,8.73071385011574
0.214179019294462,36.9965412848962,8.77080910030015
0.215167955134456,37.0470094884258,8.81108647661424
0.216161457220476,37.0982370852214,8.8515467785626
0.2171595466364,37.150240032554,8.89219080877432
0.218162244563457,37.2030347631996,8.93301937300975
0.219169572280677,37.2566382044559,8.9740332801673
0.220181551165344,37.3110677981205,9.0152333422899
0.221198202693445,37.3663415214903,9.05662037457165
0.222219548440131,37.4224779094433,9.09819519536423
0.223245610080173,37.4794960776726,9.13995862618333
0.22427640938842,37.5374157471447,9.1819114917149
0.225311968240263,37.59625726986,9.22405461982144
0.2263523086121,37.6560416560003,9.26638884154807
0.2273974525818,37.7167906025529,9.30891499112865
0.228447422329175,37.7785265235107,9.35163390599172
0.229502240136445,37.8412725817508,9.39454642676646
0.230561928388719,37.9050527227076,9.43765339728835
0.231626509574463,37.9698917099611,9.48095566460498
0.232696006285978,38.0358151628733,9.52445407898167
0.233770441219884,38.1028495964165,9.56814949390692
0.234849837177598,38.171022463347,9.61204276609785
0.235934217065819,38.2403621988935,9.65613475550553
0.237023603897012,38.3108982681408,9.70042632532019
0.238118020789902,38.382661216308,9.74491834197637
0.239217490969957,38.4556827221343,9.78961167515783
0.240322037769886,38.5299956546077,9.83450719780262
0.241431684630134,38.6056341332883,9.87960578610765
0.242546455099377,38.6826335925064,9.92490831953356
0.243666372835024,38.7610308497352,9.97041568080916
0.244791461603718,38.8408641784697,10.016128755936
0.245921745281839,38.9221733859724,10.0620484341924
0.247057247856014,39.0049998962813,10.1081756081383
0.248197993423623,39.0893868389133,10.1545111736185
0.249344006193314,39.1753791437393,10.2010560297673
0.250495310485511,39.2630236425521,10.2478110790119
0.251651930732936,39.3523691779035,10.2947772270765
0.252813891481124,39.4434667198424,10.3419553829853
0.253981217388945,39.5363694912543,10.3893464590667
0.255153933229128,39.6311331025716,10.4369513709558
0.256332063888783,39.7278156967112,10.4847710375981
0.257515634369937,39.8264781051826,10.5328063812522
0.258704669790055,39.9271840164183,10.5810583274929
0.259899195382581,40.0300001574917,10.6295278052139
0.261099236497467,40.1349964905214,10.6782157466299
0.262304818601719,40.2422464252099,10.7271230872799
0.263515967279927,40.3518270491327,10.7762507660285
0.264732708234818,40.4638193775892,10.8255997250685
0.265955067287794,40.5783086250423,10.8751709099231
0.267183070379485,40.6953845004241,10.9249652694469
0.268416743570297,40.8151415288737,10.9749837558282
0.269656113040965,40.9376794027948,11.02522732459
0.27090120509311,41.0631033655014,11.0756969345916
0.272152046149796,41.1915246311493,11.1263935480293
0.273408662756091,41.3230608451523,11.1773181304378
0.27467108157963,41.4578365898579,11.2284716506901
0.275939329411181,41.5959839409296,11.2798550809991
0.277213433165217,41.7376430806626,11.3314693969171
0.27849341988048,41.8829629753696,11.3833155773363
0.279779316720561,42.0321021250403,11.4353946044886
0.281071150974474,42.1852293947317,11.4877074639455
0.282368950057235,42.3425249386182,11.5402551446178
0.283672741510446,42.5041812293799,11.5930386387544
0.284982553002875,42.6704042076745,11.6460589419421
0.286298412331048,42.8414145689047,11.6993170531041
0.287620347419836,43.0174492074443,11.7528139744987
0.28894838632305,43.1987628420244,11.8065507117182
0.290282557224031,43.3856298502525,11.8605282736866
0.291622888436256,43.5783463454098,11.9147476726581
0.292969408403932,43.7772325349671,11.9692099242148
0.294322145702603,43.9826354079596,12.0239160472641
0.295681129039758,44.194931807828,12.0788670640362
0.297046387255435,44.4145319590382,12.1340640000814
0.298417949322837,44.6418835303488,12.1895078842662
0.299795844348947,44.8774763358019,12.2451997487711
0.301180101575144,45.1218477974512,12.3011406290859
0.302570750377823,45.3755893229176,12.3573315640061
0.303967820269021,45.6393537880068,12.4137735956293
0.305371340897041,45.9138643624363,12.4704677693497
0.306781342047084,46.1999249787825,12.5274151338546
0.308197853641876,46.4984328260252,12.5846167411184
0.30962090574231,46.8103933565063,12.642073646398
0.311050528548076,47.1369384386024,12.6997869082271
0.31248675239831,47.4793484811416,12.7577575884103
0.313929607772231,47.8390796202798,12.815986752017
0.315379125289791,48.2177974258374,12.8744754673752
0.316835335712327,48.6174190980747,12.9332248060645
0.318298269943209,49.0401668581239,12.9922358429095
0.319767959028498,49.4886362959426,13.0515096559721
0.321244434157607,49.9658850043049,13.1110473265439
0.322727726663958,50.4755491825313,13.1708499391389
0.324217868025652,51.021999519205,13.2309185814842
0.325714889866136,51.610553385979,13.2912543445123
0.327218823954869,52.2477696667815,13.3518583223518
0.328729702208004,52.9418681261102,13.4127316123182
0.330247556689059,53.7033423181773,13.4738753149043
0.331772419609602,54.5458842208924,13.5352905337704
0.333304323329931,55.4878326129517,13.5969783757336
0.334843300359762,56.5545472115242,13.6589399507579
0.336389383358921,57.7825241354076,13.7211763719424
0.337942605138034,59.2270530958505,13.7836887555104
0.339502998659225,60.9778496873166,13.8464782207977
0.341070597036814,63.1953222082734,13.9095458902399
0.342645433538023,66.2123290430132,13.9728928893607
0.344227541583677,70.928967858993,14.036520346758
0.345816954748919,82.2259044893722,14.1004293940861
0.347413706763918,77.6407505906571,-165.835378833916
0.349017831514586,69.3278678778635,-165.770903199551
0.350629363043299,65.1297132385165,-165.706142562036
0.352248335549617,62.2901435898326,-165.641095777606
0.353874783391011,60.1368614408511,-165.575761699507
0.355508741083591,58.3988469326007,-165.510139178012
0.357150243302842,56.9394362111807,-165.444227060435
0.358799324884354,55.6799855446343,-165.37802419115
0.360456020824567,54.5710642011181,-165.311529411608
0.36212036628151,53.5795672216983,-165.244741560354
0.363792396575547,52.6822338625555,-165.177659473044
0.365472147190132,51.8620941367051,-165.110281982466
0.367159653772553,51.1063868279035,-165.042607918555
0.368854952134698,50.4052733836593,-164.974636108417
0.370558078253806,49.7510083892337,-164.906365376345
0.372269068273238,49.1373849430389,-164.837794543841
0.37398795850324,48.5593523747948,-164.768922429638
0.375714785421715,48.0127457854744,-164.699747849718
0.377449585674995,47.4940903180722,-164.630269617336
0.379192396078622,47.0004566728351,-164.560486543045
0.380943253618126,46.5293525651387,-164.490397434713
0.382702195449815,46.0786399031392,-164.42000109755
0.384469258901555,45.6464707015574,-164.349296334132
0.386244481473571,45.231236864799,-164.278281944425
0.388027900839237,44.8315303864813,-164.206956725809
0.38981955484588,44.4461114755293,-164.135319473105
0.391619481515577,44.0738827868187,-164.0633689786
0.393427719045969,43.713868404988,-163.991104032075
0.395244305811066,43.3651965666742,-163.91852342083
0.397069280362064,43.027085350509,-163.845625929715
0.398902681428165,42.69883074342,-163.772410341156
0.400744547917392,42.3797966248914,-163.698875435184
0.402594918917425,42.0694063107741,-163.625019989467
0.404453833696419,41.7671353740201,-163.550842779337
0.406321331703848,41.4725055177228,-163.476342577823
0.408197452571334,41.1850793206324,-163.401518155683
0.410082236113494,40.9044557101768,-163.326368281434
0.411975722328781,40.6302660453674,-163.250891721385
0.413877951400333,40.3621707135729,-163.175087239674
0.415788963696829,40.0998561623302,-163.098953598296
0.417708799773343,39.8430323011209,-163.022489557144
0.419637500372205,39.5914302191173,-162.945693874039
0.421575106423865,39.3448001738844,-162.868565304769
0.423521659047765,39.1029098133262,-162.791102603128
0.425477199553207,38.8655425991543,-162.713304520946
0.427441769440233,38.6324964050762,-162.635169808136
0.429415410400503,38.4035822669704,-162.556697212725
0.431398164318183,38.1786232656938,-162.477885480902
0.433390073270831,37.9574535259803,-162.398733357049
0.435391179530291,37.7399173172508,-162.31923958379
0.437401525563592,37.5258682441312,-162.239402902027
0.439421154033845,37.315168516151,-162.159222050987
0.441450107801153,37.1076882875037,-162.078695768261
0.443488429923516,36.9033050589578,-161.997822789854
0.445536163657748,36.7019031350249,-161.916601850224
0.447593352460396,36.5033731303723,-161.835031682328
0.449660039988659,36.307611520212,-161.753111017675
0.451736270101313,36.1145202300496,-161.670838586365
0.45382208685965,35.9240062607268,-161.588213117142
0.455917534528404,35.7359813451774,-161.50523333744
0.458022657576694,35.5503616337308,-161.421897973438
0.460137500678969,35.3670674051605,-161.338205750102
0.462262108715956,35.1860228009912,-161.254155391245
0.464396526775607,35.0071555808533,-161.169745619574
0.466540800154065,34.8303968969151,-161.084975156743
0.468694974356616,34.6556810856358,-160.999842723412
0.470859095098663,34.4829454752658,-160.914347039295
0.47303320830669,34.3121302076882,-160.828486823222
0.475217360119239,34.1431780733378,-160.74226079319
0.47741159688789,33.9760343580621,-160.655667666427
0.479615965178241,33.8106467009024,-160.568706159443
0.481830511770903,33.6469649618747,-160.481374988097
0.484055283662486,33.4849410989167,-160.393672867651
0.486290328066598,33.3245290532505,-160.305598512835
0.488535692414852,33.1656846424791,-160.217150637909
0.490791424357864,33.0083654607983,-160.128327956726
0.493057571766271,32.8525307857641,-160.039129182794
0.495334182731745,32.6981414911055,-159.949553029344
0.497621305568012,32.5451599651175,-159.859598209396
0.49991898881188,32.3935500342124,-159.769263435823
0.502227281224266,32.2432768912416,-159.678547421426
0.504546231791234,32.0943070282371,-159.587448878995
0.506875889725032,31.9466081732471,-159.495966521384
0.509216304465138,31.8001492309731,-159.404099061583
0.511567525679306,31.6549002269348,-159.311845212789
0.513929603264627,31.5108322549158,-159.219203688476
0.51630258734858,31.3679174274608,-159.126173202477
0.518686528290101,31.2261288292145,-159.032752469053
0.521081476680648,31.0854404729078,-158.938940202973
0.523487483345279,30.9458272578149,-158.844735119591
0.525904599343727,30.8072649305147,-158.750135934926
0.528332875971485,30.6697300478064,-158.655141365737
0.530772364760894,30.5331999416375,-158.559750129613
0.533223117482238,30.3976526859167,-158.463960945046
0.535685186144839,30.2630670650887,-158.367772531522
0.538158622998168,30.1294225443623,-158.271183609601
0.540643480532944,29.9966992414874,-158.174192901003
0.543139811482257,29.8648778999849,-158.076799128697
0.545647668822682,29.7339398637415,-157.97900101699
0.548167105775403,29.6038670528866,-157.88079729161
0.550698175807346,29.4746419408738,-157.782186679807
0.553240932632312,29.3462475326961,-157.683167910433
0.555795430212113,29.2186673441685,-157.583739714044
0.558361722757725,29.0918853822148,-157.48390082299
0.560939864730431,28.9658861261022,-157.383649971512
0.563529910842981,28.8406545095677,-157.282985895838
0.566131916060753,28.7161759037881,-157.181907334279
0.568745935602916,28.5924361011448,-157.080413027334
0.571372024943607,28.4694212997391,-156.978501717784
0.574010239813103,28.3471180886185,-156.876172150798
0.576660636199009,28.2255134336729,-156.773423074033
0.579323270347441,28.1045946641666,-156.670253237742
0.581998198764223,27.9843494598711,-156.566661394877
0.584685478216086,27.8647658387659,-156.462646301198
0.587385165731869,27.74583214528,-156.358206715378
0.590097318603737,27.6275370390435,-156.253341399118
0.592821994388387,27.5098694841232,-156.148049117252
0.595559250908278,27.3928187387197,-156.042328637867
0.598309146252852,27.2763743452992,-155.936178732407
0.601071738779771,27.1605261211404,-155.829598175798
0.603847087116154,27.0452641492755,-155.722585746558
0.60663525015982,26.9305787698046,-155.615140226918
0.609436287080538,26.8164605715668,-155.507260402941
0.612250257321285,26.7029003841487,-155.39894506464
0.615077220599505,26.5898892702162,-155.290193006106
0.617917236908379,26.4774185181516,-155.181003025626
0.620770366518095,26.3654796349845,-155.071373925811
0.623636669977129,26.254064339599,-154.961304513721
0.626516208113528,26.1431645562076,-154.850793600995
0.629409042036206,26.0327724080773,-154.739840003978
0.632315233136233,25.9228802114972,-154.628442543854
0.635234843088144,25.8134804699761,-154.516600046777
0.638167933851247,25.7045658686598,-154.404311344005
0.641114567670934,25.5961292689586,-154.291575272035
0.644074807080008,25.4881637033745,-154.178390672742
0.647048714900004,25.3806623705208,-154.064756393515
0.650036354242526,25.2736186303236,-153.950671287396
0.653037788510584,25.1670259993999,-153.836134213224
0.656053081399945,25.0608781466015,-153.721144035777
0.659082296900475,24.9551688887202,-153.605699625914
0.662125499297505,24.8498921863459,-153.489799860724
0.665182753173195,24.7450421398715,-153.373443623672
0.668254123407899,24.6406129856387,-153.256629804749
0.671339675181546,24.536599092218,-153.139357300619
0.674439473975023,24.4329949568182,-153.021625014775
0.677553585571565,24.3297952018195,-152.903431857692
0.680682076058148,24.226994571425,-152.784776746979
0.683825011826894,24.1245879284264,-152.665658607539
0.686982459576482,24.0225702510788,-152.546076371727
0.690154486313557,23.9209366300798,-152.426028979506
0.693341159354159,23.8196822656498,-152.305515378613
0.696542546325148,23.7188024647084,-152.18453452472
0.699758715165639,23.618292638144,-152.063085381599
0.702989734128446,23.5181482981721,-151.941166921287
0.706235671781526,23.4183650557792,-151.818778124252
0.70949659700944,23.3189386182495,-151.695917979569
0.712772579014811,23.2198647867705,-151.572585485082
0.716063687319793,23.1211394541139,-151.448779647583
0.719369991767547,23.0227586023912,-151.324499482981
0.722691562523725,22.9247183008787,-151.199744016484
0.726028470077954,22.8270147039103,-151.074512282767
0.729380785245339,22.729644048836,-150.94880332616
0.732748579167957,22.6326026540427,-150.822616200822
0.736131923316376,22.535886917036,-150.695949970923
0.739530889491166,22.43949331258,-150.568803710834
0.742945549824423,22.3434183908933,-150.441176505302
0.746375976781302,22.2476587758988,-150.313067449644
0.749822243161553,22.1522111635262,-150.184475649932
0.753284422101069,22.0570723200643,-150.055400223185
0.756762587073432,21.9622390805621,-149.925840297556
0.760256811891479,21.8677083472764,-149.795795012529
0.763767170708865,21.7734770881646,-149.665263519112
0.767293738021635,21.6795423354213,-149.53424498003
0.770836588669809,21.585901184056,-149.402738569927
0.774395797838969,21.4925507905126,-149.270743475563
0.777971441061852,21.399488371327,-149.138258896012
0.781563594219955,21.3067112018229,-149.00528404287
0.785172333545147,21.2142166148442,-148.87181814045
0.788797735621282,21.1220019995222,-148.737860425996
0.792439877385829,21.0300648000776,-148.603410149883
0.796098836131504,20.9384025146543,-148.468466575827
0.799774689507907,20.8470126941865,-148.333028981095
0.803467515523173,20.7558929412946,-148.197096656717
0.807177392545625,20.6650409092129,-148.060668907695
0.810904399305443,20.5744543007443,-147.92374505322
0.814648614896325,20.4841308672441,-147.786324426884
0.818410118777175,20.3940684076294,-147.648406376902
0.822188990773782,20.3042647674158,-147.509990266325
0.825985311080521,20.2147178377782,-147.37107547326
0.829799160262047,20.1254255546366,-147.231661391096
0.833630619255013,20.036385897765,-147.091747428718
0.83747976936978,19.9475968899235,-146.951333010738
0.841346692292147,19.8590565960123,-146.810417577718
0.845231470085085,19.7707631222467,-146.669000586391
0.849134185190475,19.6827146153537,-146.527081509897
0.853054920430862,19.5949092617876,-146.384659838005
0.856993759011207,19.5073452869656,-146.241735077348
0.860950784520659,19.4200209545224,-146.098306751651
0.864926080934324,19.3329345655823,-145.954374401964
0.868919732615051,19.2460844580494,-145.809937586899
0.872931824315218,19.1594690059153,-145.66499588286
0.876962441178535,19.0730866185824,-145.519548884284
0.881011668741847,18.9869357402041,-145.373596203874
0.885079592936953,18.9010148490402,-145.227137472841
0.889166300092426,18.8153224568275,-145.080172341142
0.893271876935448,18.729857108165,-144.932700477721
0.897396410593649,18.6446173799134,-144.784721570748
0.901539988596955,18.5596018806081,-144.636235327866
0.90570269887945,18.4748092498861,-144.487241476434
0.909884629781234,18.390238157925,-144.337739763766
0.914085870050308,18.3058873048955,-144.187729957385
0.918306508844448,18.2217554204255,-144.037211845264
0.922546635733103,18.1378412630761,-143.886185236073
0.926806340699295,18.0541436198293,-143.734649959432
0.931085714141524,17.9706613055865,-143.582605866154
0.935384846875694,17.8873931626783,-143.430052828499
0.939703830137034,17.8043380603839,-143.276990740424
0.944042755582036,17.7214948944623,-143.123419517832
0.948401715290403,17.6388625866912,-142.969339098826
0.952780801766998,17.5564400844174,-142.814749443962
0.95718010794381,17.4742263601156,-142.6596505365
0.961599727181929,17.3922204109561,-142.504042382661
0.966039753273521,17.3104212583821,-142.347925011877
0.970500280443822,17.2288279476945,-142.191298477051
0.974981403353139,17.1474395476458,-142.034162854806
0.979483217098855,17.0662551500416,-141.876518245747
0.984005817217451,16.9852738693502,-141.718364774713
0.988549299686532,16.9044948423193,-141.559702591036
0.993113760926861,16.8239172276006,-141.400531868794
0.99769929780441,16.7435402053812,-141.240852807073
1.00230600763241,16.6633629770223,-141.08066563022
1.00693398817343,16.583384764704,-140.9199705881
1.01158333764143,16.5036048110776,-140.758767956358
1.01625415470386,16.4240223789233,-140.597058036672
1.02094653848375,16.3446367508147,-140.434841157011
1.02566058856181,16.2654472287892,-140.272117671895
1.03039640497856,16.186453134024,-140.10888796265
1.03515408823643,16.1076538065181,-139.945152437666
1.03993373930191,16.0290486047795,-139.780911532653
1.04473545960767,15.950636905518,-139.616165710898
1.04955935105476,15.8724181033431,-139.450915463525
1.0544055160147,15.7943916104669,-139.285161309745
1.05927405733172,15.7165568564122,-139.118903797115
1.06416507832492,15.6389132877246,-138.952143501795
1.06907868279044,15.5614603676903,-138.784881028798
1.07401497500369,15.4841975760575,-138.617117012248
1.07897405972156,15.407124408763,-138.448852115632
1.08395604218463,15.3302403776621,-138.280087032053
1.08896102811941,15.2535450102632,-138.110822484481
1.0939891237406,15.1770378494666,-137.941059226007
1.0990404357533,15.1007184533068,-137.770798040089
1.10411507135533,15.0245863946987,-137.600039740806
1.10921313823946,14.9486412611875,-137.428785173102
1.11433474459573,14.8728826547022,-137.257035213036
1.11947999911371,14.7973101913124,-137.084790768027
1.12464901098484,14.7219235009888,-136.9120527771
1.12984188990473,14.6467222273671,-136.738822211129
1.13505874607549,14.5717060275139,-136.565100073078
1.14029969020807,14.4968745716976,-136.390887398244
1.14556483352461,14.4222275431607,-136.216185254495
1.1508542877608,14.3477646378957,-136.040994742508
1.15616816516825,14.2734855644238,-135.865316996005
1.16150657851686,14.1993900435765,-135.68915318199
1.16686964109726,14.1254778082793,-135.512504500976
1.17225746672315,14.0517486033388,-135.335372187224
1.17767016973375,13.9782021852317,-135.157757508964
1.18310786499624,13.9048383218965,-134.979661768627
1.18857066790816,13.8316567925277,-134.801086303068
1.19405869439989,13.7586573873719,-134.62203248379
1.19957206093709,13.6858399075269,-134.442501717163
1.20511088452319,13.6132041647421,-134.262495444644
1.21067528270187,13.5407499812218,-134.082015142991
1.21626537355952,13.4684771894299,-133.901062324478
1.22188127572781,13.3963856318971,-133.719638537106
1.22752310838614,13.3244751610302,-133.537745364809
1.23319099126422,13.2527456389222,-133.355384427665
1.2388850446446,13.1811969371661,-133.172557382091
1.24460538936519,13.1098289366682,-132.989265921051
1.25035214682186,13.0386415274656,-132.805511774247
1.25612543897102,12.967634608543,-132.621296708318
1.26192538833216,12.8968080876533,-132.436622527026
1.26775211799051,12.826161881138,-132.25149107145
1.27360575159963,12.7556959137505,-132.065904220163
1.279486413384,12.68541011848,-131.879863889422
1.28539422814172,12.6153044363776,-131.693372033337
1.2913293212471,12.5453788163828,-131.506430644054
1.29729181865335,12.475633215153,-131.319041751918
1.30328184689525,12.4060675968925,-131.131207425645
1.30929953309185,12.3366819331843,-130.942929772485
1.31534500494912,12.2674762028223,-130.75421093838
1.32141839076271,12.1984503916453,-130.565053108119
1.32751981942065,12.1296044923715,-130.375458505493
1.33364942040609,12.0609385044352,-130.18542939344
1.33980732380004,11.9924524338238,-129.994968074187
1.34599366028416,11.9241462929163,-129.804076889394
1.35220856114347,11.8560201003226,-129.612758220283
1.35845215826922,11.7880738807244,-129.421014487775
1.36472458416161,11.7203076647166,-129.228848152609
1.37102597193266,11.6527214886501,-129.036261715467
1.37735645530902,11.5853153944751,-128.843257717093
1.38371616863476,11.5180894295863,-128.649838738399
1.39010524687431,11.4510436466678,-128.456007400578
1.39652382561525,11.3841781035398,-128.261766365203
1.40297204107121,11.3174928630063,-128.067118334324
1.40945003008477,11.2509879927029,-127.872066050561
1.41595793013037,11.184663564946,-127.676612297193
1.42249587931719,11.1185196565832,-127.480759898236
1.42906401639212,11.0525563488436,-127.284511718524
1.4356624807427,10.9867737271896,-127.087870663774
1.44229141240005,10.9211718811696,-126.890839680659
1.44895095204188,10.8557509042707,-126.693421756862
1.45564124099543,10.7905108937734,-126.495619921134
1.46236242124051,10.7254519506055,-126.297437243341
1.46911463541252,10.6605741791986,-126.098876834509
1.47589802680541,10.5958776873434,-125.899941846859
1.48271273937479,10.5313625860475,-125.700635473842
1.48955891774097,10.4670289893925,-125.500960950158
1.49643670719201,10.4028770143928,-125.300921551783
1.50334625368681,10.3389067808547,-125.100520595976
1.51028770385821,10.2751184112359,-124.899761441288
1.51726120501611,10.2115120305066,-124.698647487566
1.52426690515059,10.1480877660102,-124.497182175942
1.53130495293504,10.0848457473253,-124.295368988825
1.53837549772932,10.0217861061285,-124.093211449881
1.54547868958297,9.95890897605743,-123.890713124008
1.55261467923831,9.8962144925747,-123.687877617305
1.55978361813371,9.83370279283253,-123.484708577035
1.5669856584068,9.77137401553794,-123.281209691578
1.57422095289764,9.70922830081869,-123.077384690381
1.58148965515204,9.64726579008982,-122.873237343898
1.58879191942476,9.58548662592094,-122.668771463527
1.59612790068281,9.52389095190408,-122.463990901537
1.60349775460874,9.46247891252227,-122.25889955099
1.61090163760394,9.40125065301878,-122.05350134565
1.61833970679195,9.340206319267,-121.847800259898
1.6258121200218,9.27934605764103,-121.641800308626
1.63331903587137,9.21867001488689,-121.43550554713
1.64086061365074,9.15817833799449,-121.228920070998
1.64843701340558,9.09787117407019,-121.022048015987
1.65604839592054,9.03774867021011,-120.814893557893
1.66369492272268,8.97781097337409,-120.607460912417
1.67137675608487,8.91805823026039,-120.39975433502
1.67909405902925,8.85849058718103,-120.19177812077
1.68684699533069,8.7991081899379,-119.98353660419
1.69463572952027,8.73991118369959,-119.775034159083
1.70246042688875,8.68089971287882,-119.566275198369
1.71032125349011,8.62207392101081,-119.357264173895
1.71821837614504,8.56343395063214,-119.148005576255
1.7261519624445,8.5049799431606,-118.938503934588
1.73412218075328,8.44671203877561,-118.728763816379
1.74212920021357,8.38863037629947,-118.518789827245
1.75017319074853,8.3307350930794,-118.308586610722
1.75825432306592,8.27302632487035,-118.098158848032
1.76637276866173,8.21550420571856,-117.887511257857
1.77452869982377,8.15816886784599,-117.676648596093
1.78272228963539,8.10102044153549,-117.465575655606
1.79095371197911,8.04405905501685,-117.254297265971
1.79922314154034,7.98728483435367,-117.042818293212
1.80753075381103,7.93069790333104,-116.831143639532
1.81587672509348,7.87429838334407,-116.619278243031
1.82426123250402,7.81808639328741,-116.407227077422
1.83268445397678,7.76206204944544,-116.194995151738
1.84114656826747,7.70622546538355,-115.98258751003
1.84964775495719,7.6505767518402,-115.770009231058
1.8581881944562,7.59511601661991,-115.557265427976
1.8667680680078,7.53984336448724,-115.344361248008
1.87538755769213,7.48475889706165,-115.13130187212
1.88404684643008,7.4298627127133,-114.918092514678
1.89274611798712,7.37515490645988,-114.704738423102
1.90148555697724,7.32063556986438,-114.49124487752
1.91026534886685,7.26630479093382,-114.2776171904
1.91908567997873,7.21216265401905,-114.063860706187
1.92794673749595,7.15820923971551,-113.84998080093
1.93684870946589,7.10444462476504,-113.635982881895
1.94579178480421,7.05086888195877,-113.421872387184
1.95477615329884,6.99748208004098,-113.207654785333
1.96380200561403,6.94428428361411,-112.993335574912
1.97286953329438,6.89127555304483,-112.778920284116
1.98197892876895,6.83845594437118,-112.564414470349
1.99113038535526,6.78582550921084,-112.3498237198
2.00032409726349,6.73338429467054,-112.135153647012
2.00956025960051,6.68113234325657,-111.92040989445
2.0188390683741,6.62906969278646,-111.705598132052
2.02816072049704,6.57719637630179,-111.490724056786
2.03752541379135,6.52551242198227,-111.275793392189
2.04693334699244,6.47401785306084,-111.060811887906
2.05638471975336,6.42271268774014,-110.845785319224
2.06587973264902,6.3715969391101,-110.630719486593
2.07541858718045,6.32067061506678,-110.415620215151
2.08500148577908,6.2699337182324,-110.200493354231
2.09462863181103,6.21938624587671,-109.985344776872
2.10430022958144,6.16902818983955,-109.770180379321
2.11401648433877,6.11885953645471,-109.555006080526
2.12377760227921,6.06888026647505,-109.339827821629
2.13358379055101,6.01909035499898,-109.124651565447
2.1434352572589,5.96948977139813,-108.909483295957
2.15333221146848,5.92007847924647,-108.694329017762
2.1632748632107,5.87085643625071,-108.479194755568
2.17326342348629,5.82182359418196,-108.264086553642
2.18329810427021,5.77297989880886,-108.049010475273
2.19337911851622,5.72432528983202,-107.833972602223
2.20350668016134,5.6758597008198,-107.61897903418
2.21368100413041,5.62758305914552,-107.404035888201
2.22390230634064,5.57949528592604,-107.18914929815
2.23417080370621,5.5315962959617,-106.974325414133
2.24448671414287,5.48388599767776,-106.759570401935
2.25485025657256,5.43636429306711,-106.544890442439
2.26526165092804,5.38903107763458,-106.330291731055
2.27572111815759,5.3418862403425,-106.115780477136
2.28622888022967,5.29492966355785,-105.901362903396
2.29678516013765,5.24816122300075,-105.687045245318
2.30739018190453,5.20158078769446,-105.472833750566
2.3180441705877,5.1551882199168,-105.258734678387
2.32874735228372,5.10898337515305,-105.044754299016
2.33949995413311,5.06296610205035,-104.83089889307
2.35030220432516,5.01713624237352,-104.617174750947
2.36115433210281,4.97149363096236,-104.403588172221
2.37205656776747,4.92603809569049,-104.190145465024
2.38300914268394,4.88076945742566,-103.976852945443
2.39401228928531,4.83568752999148,-103.7637169369
2.40506624107788,4.79079212013073,-103.550743769536
2.41617123264614,4.74608302747016,-103.337939779591
2.42732749965771,4.70156004448673,-103.125311308787
2.43853527886841,4.6572229564754,-102.9128647037
2.44979480812719,4.61307154151845,-102.700606315138
2.46110632638126,4.56910557045619,-102.488542497517
2.47247007368113,4.52532480685934,-102.276679608231
2.48388629118568,4.48172900700279,-102.065024007022
2.49535522116731,4.4383179198409,-101.853582055356
2.5068771070171,4.39509128698434,-101.642360115786
2.5184521932499,4.35204884267837,-101.431364551326
2.5300807255096,4.30919031378272,-101.220601724817
2.5417629505743,4.26651541975286,-101.010077998294
2.55349911636156,4.22402387262287,-100.799799732355
2.56528947193366,4.18171537698972,-100.589773285526
2.57713426750286,4.13958962999912,-100.38000501363
2.58903375443676,4.09764632133282,-100.170501269155
2.60098818526361,4.05588513319739,-99.9612684006191
2.61299781367764,4.01430574031454,-99.7523127519402
2.6250628945445,3.97290780991282,-99.5436406618042
2.63718368390663,3.93169100172091,-99.3352584630345
2.64936043898868,3.89065496796227,-99.1271724819621
2.66159341820303,3.84979935335134,-98.9193890377965
2.67388288115521,3.80912379509114,-98.7119144419982
2.68622908864945,3.76862792287232,-98.5047549976529
2.69863230269418,3.7283113588737,-98.2979169988456
2.71109278650764,3.6881737177642,-98.091406730038
2.72361080452341,3.64821460670618,-97.8852304654468
2.73618662239605,3.60843362536029,-97.6793944684237
2.74882050700676,3.56883036589158,-97.4739049908378
2.76151272646899,3.52940441297718,-97.2687682724603
2.77426355013417,3.49015534381524,-97.0639905403509
2.78707324859742,3.45108272813529,-96.8595780082466
2.79994209370329,3.41218612820998,-96.6555368759541
2.81287035855152,3.37346509886825,-96.4518733287438
2.82585831750283,3.33491918750963,-96.2485935367464
2.83890624618478,3.29654793412017,-96.045703654354
2.85201442149758,3.25835087128944,-95.8432098196222
2.86518312161999,3.22032752422903,-95.6411181536774
2.87841262601519,3.18247741079221,-95.4394347601255
2.89170321543677,3.14480004149499,-95.2381657244657
2.90505517193462,3.10729491953837,-95.0373171135068
2.91846877886097,3.06996154083192,-94.8368949747877
2.93194432087637,3.03279939401856,-94.636905336001
2.94548208395575,2.99580796050057,-94.4373542044217
2.95908235539448,2.95898671446691,-94.2382475663387
2.97274542381446,2.9223351229216,-94.0395913864911
2.98647157917026,2.88585264571339,-93.8413916075086
3.00026111275527,2.84953873556664,-93.6436541493562
3.01411431720787,2.81339283811321,-93.4463849087832
3.02803148651767,2.77741439192567,-93.249589758777
3.04201291603169,2.74160282855151,-93.0532745480216
3.05605890246071,2.70595757254853,-92.8574451003604
3.07016974388548,2.67047804152129,-92.6621072142642
3.08434573976311,2.6351636461587,-92.4672666623041
3.09858719093342,2.60001379027257,-92.2729291906291
3.11289439962526,2.56502787083731,-92.0791005184496
3.12726766946303,2.5302052780306,-91.8857863375249
3.14170730547301,2.49554539527508,-91.6929923116568
3.15621361408993,2.46104759928107,-91.5007240761885
3.1707869031634,2.4267112600902,-91.3089872375088
3.1854274819645,2.39253574112009,-91.1177873725616
3.2001356611923,2.35852039920984,-90.927130028361
3.21491175298048,2.32466458466663,-90.7370207215125
3.22975607090394,2.29096764131302,-90.5474649377396
3.24466892998545,2.25742890653527,-90.3584681314158
3.25965064670238,2.22404771133253,-90.1700357251032
3.27470153899334,2.19082338036678,-89.9821731090963
3.28982192626499,2.1577552320137,-89.7948856409723
3.3050121293988,2.12484257841431,-89.6081786451468
3.32027247075784,2.0920847255274,-89.4220574124362
3.33560327419365,2.05948097318279,-89.2365271996257
3.35100486505311,2.02703061513523,-89.051593229044
3.3664775701853,1.99473293911917,-88.8672606881431
3.38202171794852,1.96258722690417,-88.683534729086
3.39763763821716,1.93059275435102,-88.500420468339
3.41332566238878,1.89874879146857,-88.3179229862714
3.42908612339112,1.86705460247117,-88.1360473267611
3.44491935568913,1.83550944583684,-87.9547984968068
3.46082569529211,1.80411257436596,-87.7741814661462
3.47680547976083,1.77286323524065,-87.5942011668811
3.49285904821468,1.74176067008468,-87.4148624931084
3.50898674133891,1.71080411502399,-87.2361703005585
3.52518890139177,1.67999280074774,-87.0581294062389
3.54146587221189,1.64932595256989,-86.8807445880855
3.55781799922547,1.6188027904913,-86.7040205846194
3.57424562945368,1.58842252926231,-86.5279620946113
3.59074911152001,1.55818437844583,-86.3525737767512
3.60732879565764,1.52808754248084,-86.1778602493258
3.6239850337169,1.49813122074638,-86.0038260899017
3.64071817917275,1.4683146076259,-85.8304758350153
3.65752858713224,1.43863689257209,-85.6578139798694
3.67441661434207,1.40909726017202,-85.4858449780362
3.69138261919615,1.37969489021273,-85.3145732411669
3.70842696174324,1.35042895774706,-85.1440031387078
3.72555000369455,1.32129863315994,-84.9741389976229
3.74275210843143,1.2923030822349,-84.8049851021228
3.76003364101307,1.26344146622093,-84.6365456934006
3.77739496818429,1.2347129418996,-84.468824969374
3.79483645838327,1.20611666165245,-84.3018270844333
3.8123584817494,1.17765177352864,-84.1355561491969
3.82996141013112,1.14931742131282,-83.9700162302725
3.84764561709383,1.12111274459322,-83.8052113500247
3.8654114779278,1.09303687882997,-83.6411454863494
3.88325936965613,1.06508895542351,-83.4778225724536
3.90118967104278,1.03726810178333,-83.315246496643
3.91920276260058,1.00957344139672,-83.1534211021146
3.9372990265993,0.98200409389771,-82.9923501867556
3.9554788470738,0.954559175136157,-82.8320375029496
3.97374260983216,0.927237797246918,-82.6724867573876
3.99209070246383,0.900039068719128,-82.5137016108861
4.01052351434792,0.872962094465544,-82.3556856782108
4.02904143666143,0.846005975891982,-82.1984425279066
4.04764486238754,0.819169810966788,-82.0419756821335
4.06633418632399,0.792452694290372,-81.8862886165083
4.08510980509139,0.765853717164727,-81.7313847599528
4.10397211714173,0.739371967663009,-81.5772674945472
4.12292152276674,0.713006530699111,-81.4239401553896
4.14195842410647,0.686756488097193,-81.2714060304613
4.16108322515775,0.660620918661228,-81.1196683604983
4.18029633178282,0.634598898244509,-80.9687303388672
4.19959815171791,0.608689499819073,-80.8185951114481
4.21898909458192,0.582891793545126,-80.6692657765227
4.23846957188507,0.55720484684034,-80.5207453846672
4.25803999703768,0.53162772444914,-80.3730369386517
4.27770078535893,0.506159488511815,-80.2261433933442
4.29745235408563,0.480799198633626,-80.0800676556206
4.31729512238116,0.455545911953707,-79.9348125842798
4.33722951134428,0.430398683213943,-79.7903809899637
4.35725594401812,0.405356564827626,-79.6467756350827
4.37737484539913,0.380418606948061,-79.5039992337466
4.39758664244613,0.355583857536948,-79.3620544517
4.41789176408933,0.330851362432657,-79.2209439062631
4.43829064123946,0.306220165418331,-79.0806701662776
4.45878370679691,0.281689308289801,-78.9412357520569
4.47937139566093,0.257257830923348,-78.8026431353417
4.50005414473881,0.232924771343234,-78.6648947392602
4.52083239295522,0.208689165789092,-78.5279929382931
4.54170658126147,0.184550048783089,-78.391940058243
4.5626771526449,0.160506453196855,-78.2567383762086
4.58374455213826,0.136557410318243,-78.1223901205637
4.60490922682918,0.112701949917855,-77.9888974709398
4.62617162586964,0.0889391003153065,-77.8562625582144
4.64753220048548,0.0652678884453139,-77.7244874645025
4.66899140398602,0.0416873399235011,-77.5935742231528
4.69054969177368,0.0181964791119774,-77.4635248187487
4.71220752135357,-0.00520567081533128,-77.3343411871125
4.73396535234331,-0.0285200878075994,-77.2060252153143
4.7558236464827,-0.0517477508722976,-77.0785787416847
4.77778286764354,-0.0748896400106122,-76.952003555832
4.79984348183949,-0.0979467361531818,-76.8263013986625
4.82200595723597,-0.120920021096048,-76.7014739624056
4.84427076416003,-0.143810477436929,-76.5775228906416
4.86663837511042,-0.166619088511728,-76.4544497783348
4.88910926476755,-0.189346838331356,-76.3322561718682
4.9116839100036,-0.2119947115188,-76.2109435690843
4.93436278989261,-0.234563693246526,-76.0905134193274
4.95714638572069,-0.257054769174104,-75.9709671234903
4.98003518099618,-0.279468925386188,-75.8523060340649
5.00302966145997,-0.301807148330741,-75.7345314551953
5.02613031509575,-0.324070424757578,-75.6176446427347
5.0493376321404,-0.346259741657201,-75.5016468043059
5.0726521050944,-0.368376086199904,-75.3865390993644
5.09607422873226,-0.390420445675226,-75.2723226392655
5.11960450011303,-0.412393807431653,-75.1589984873337
5.14324341859083,-0.434297158816651,-75.0465676589355
5.16699148582549,-0.456131487116992,-74.9350311215561
5.19084920579317,-0.477897779499371,-74.8243897948774
5.21481708479702,-0.499597022951334,-74.7146445508606
5.23889563147802,-0.521230204222503,-74.6057962138306
5.26308535682565,-0.54279830976612,-74.4978455605639
5.28738677418884,-0.564302325680856,-74.3907933203791
5.31180039928681,-0.585743237652965,-74.2846401752296
5.33632675022004,-0.607122030898705,-74.1793867598005
5.36096634748124,-0.628439690107065,-74.0750336616061
5.38571971396639,-0.649697199382822,-73.9715814210922
5.4105873749859,-0.67089554218986,-73.8690305317391
5.43556985827567,-0.692035701294803,-73.7673814401686
5.46066769400836,-0.71311865871095,-73.6666345462527
5.48588141480461,-0.734145395642497,-73.5667902032249
5.51121155574432,-0.755116892429069,-73.4678487177941
5.53665865437807,-0.776034128490517,-73.3698103502608
5.56222325073847,-0.796898082272052,-73.2726753146358
5.58790588735164,-0.817709731189627,-73.176443778761
5.61370710924873,-0.83847005157564,-73.0811158644326
5.63962746397747,-0.859180018624902,-72.9866916475266
5.66566750161382,-0.879840606340911,-72.8931711581268
5.6918277747736,-0.900452787482406,-72.8005543806541
5.71810883862425,-0.921017533510194,-72.7088412539992
5.74451125089662,-0.941535814534266,-72.6180316716566
5.77103557189676,-0.962008599261199,-72.5281254818609
5.79768236451786,-0.982436854941832,-72.4391224877252
5.82445219425218,-1.0028215473192,-72.3510224473822
5.85134562920301,-1.02316364057677,-72.2638250741257
5.87836324009681,-1.04346409728695,-72.1775300365564
5.90550560029524,-1.06372387835981,-72.0921369587275
5.93277328580737,-1.08394394299216,-72.007645420294
5.96016687530191,-1.10412524861682,-71.9240549566627
5.98768695011946,-1.12426875085223,-71.8413650591451
6.01533409428487,-1.1443754034522,-71.7595751751116
6.04310889451961,-1.16444615825605,-71.6786847081477
6.07101194025428,-1.18448196513894,-71.5986930182127
6.09904382364102,-1.20448377196244,-71.5195994217991
6.12720513956619,-1.22445252452544,-71.4414031920954
6.15549648566291,-1.2443891665152,-71.3641035591489
6.18391846232376,-1.26429463945872,-71.2876997100323
6.21247167271355,-1.28416988267435,-71.2121907890107
6.2411567227821,-1.30401583322361,-71.137575897711
6.26997422127711,-1.32383342586333,-71.063854095293
6.29892477975706,-1.34362359299793,-70.9910243986225
6.32800901260418,-1.36338726463202,-70.9190857824458
6.35722753703756,-1.38312536832322,-70.8480371795664
6.38658097312614,-1.40283882913519,-70.7778774810233
6.41606994380196,-1.42252856959093,-70.708605536271
6.44569507487333,-1.4421955096263,-70.6402201533614
6.47545699503813,-1.46184056654376,-70.5727200991277
6.50535633589714,-1.48146465496638,-70.5061040993694
6.53539373196747,-1.50106868679202,-70.44037083904
6.56556982069599,-1.52065357114779,-70.3755189624356
6.59588524247287,-1.54022021434475,-70.3115470733858
6.6263406406452,-1.55976951983277,-70.2484537354465
6.65693666153058,-1.57930238815565,-70.1862374720936
6.68767395443091,-1.5988197169065,-70.1248967669198
6.71855317164612,-1.6183224006833,-70.0644300638321
6.74957496848801,-1.63781133104468,-70.0048357672514
6.78074000329419,-1.65728739646599,-69.9461122423143
6.81204893744204,-1.67675148229549,-69.8882578150761
6.84350243536271,-1.69620447071083,-69.8312707727158
6.87510116455529,-1.71564724067574,-69.7751493637433
6.90684579560091,-1.73508066789696,-69.7198917982079
6.938737002177,-1.75450562478136,-69.6654962479086
6.97077546107158,-1.77392298039325,-69.6119608466069
7.00296185219764,-1.79333360041204,-69.5592836902404
7.03529685860753,-1.81273834708996,-69.5074628371395
7.0677811665075,-1.83213807921013,-69.4564963082446
7.10041546527225,-1.85153365204479,-69.4063820873261
7.13320044745953,-1.87092591731378,-69.3571181212063
7.16613680882486,-1.8903157231432,-69.3087023199822
7.19922524833633,-1.90970391402439,-69.2611325572514
7.23246646818935,-1.92909133077305,-69.2144066703394
7.26586117382163,-1.9484788104886,-69.1685224605281
7.29941007392812,-1.96786718651382,-69.1234776932878
7.33311388047603,-1.98725728839467,-69.0792700985092
7.36697330871999,-2.00664994184038,-69.0358973707394
7.40098907721717,-2.02604596868376,-68.9933571694178
7.43516190784258,-2.04544618684172,-68.9516471191156
7.46949252580436,-2.06485141027609,-68.9107648097764
7.50398165965916,-2.08426244895461,-68.8707077969586
7.53863004132765,-2.10368010881224,-68.831473602081
7.57343840610999,-2.12310519171265,-68.7930597126686
7.6084074927015,-2.14253849540996,-68.755463582602
7.64353804320826,-2.16198081351084,-68.7186826323679
7.67883080316294,-2.18143293543667,-68.6827142493119
7.71428652154056,-2.20089564638616,-68.6475557878936
7.74990595077442,-2.22036972729807,-68.6132045699428
7.78568984677205,-2.2398559548143,-68.5796578849191
7.82163896893124,-2.25935510124319,-68.5469129901724
7.8577540801562,-2.27886793452312,-68.514967111206
7.8940359468737,-2.29839521818636,-68.483817441942
7.93048533904938,-2.3179377113232,-68.4534611449878
7.96710303020405,-2.33749616854638,-68.4238953519061
8.00388979743014,-2.35707133995579,-68.3951171634855
8.04084642140814,-2.37666397110351,-68.3671236500144
8.07797368642324,-2.39627480295898,-68.3399118515565
8.11527238038192,-2.41590457187474,-68.313478778228
8.15274329482869,-2.43555400955217,-68.2878214104776
8.19038722496288,-2.45522384300781,-68.2629366993686
8.22820496965551,-2.47491479453975,-68.238821566862
8.26619733146628,-2.49462758169458,-68.2154729061036
8.30436511666056,-2.5143629172344,-68.1928875817111
8.34270913522651,-2.53412150910439,-68.1710624300652
8.38123020089229,-2.55390406040056,-68.1499942596015
8.41992913114329,-2.57371126933789,-68.129679851105
8.45880674723953,-2.59354382921885,-68.110115958007
8.49786387423305,-2.61340242840213,-68.0912993066834
8.53710134098542,-2.63328775027194,-68.0732265967558
8.57651998018535,-2.65320047320742,-68.055894501394
8.61612062836635,-2.67314127055264,-68.0392996676214
8.65590412592449,-2.69311081058678,-68.0234387166219
8.69587131713621,-2.71310975649484,-68.0083082440488
8.73602305017628,-2.73313876633858,-67.9939048203364
8.77636017713575,-2.75319849302801,-67.980224991013
8.81688355404007,-2.77328958429313,-67.9672652770162
8.85759404086726,-2.79341268265611,-67.9550221750102
8.89849250156611,-2.81356842540394,-67.9434921577056
8.93957980407458,-2.8337574445614,-67.9326716741801
8.98085682033817,-2.85398036686449,-67.9225571502023
9.02232442632846,-2.87423781373424,-67.9131449885571
9.06398350206167,-2.89453040125103,-67.9044315693728
9.10583493161734,-2.91485874012926,-67.8964132504504
9.14787960315713,-2.93522343569251,-67.8890863675949
9.19011840894359,-2.9556250878491,-67.8824472349484
9.2325522453592,-2.97606429106815,-67.8764921453252
9.27518201292528,-2.99654163435608,-67.8712173705481
9.31800861632121,-3.01705770123354,-67.8666191617879
9.36103296440353,-3.0376130697129,-67.8626937499035
9.40425597022531,-3.05820831227609,-67.8594373457843
9.44767855105546,-3.07884399585302,-67.8568461406941
9.49130162839824,-3.09952068180047,-67.8549163066173
9.53512612801281,-3.12023892588146,-67.8536439966064
9.57915297993285,-3.14099927824508,-67.8530253451307
9.62338311848634,-3.16180228340692,-67.8530564684281
9.66781748231533,-3.18264848022996,-67.8537334648566
9.71245701439593,-3.20353840190595,-67.8550524152494
9.75730266205824,-3.22447257593735,-67.8570093832696
9.80235537700655,-3.24545152411982,-67.8596004157682
9.84761611533944,-3.26647576252519,-67.8628215431421
9.89308583757015,-3.28754580148502,-67.8666687796948
9.9387655086469,-3.3086621455747,-67.8711381239974
9.98465609797342,-3.32982529359806,-67.8762255592516
10.0307585794295,-3.35103573857258,-67.8819270536542
10.0770739313916,-3.37229396771517,-67.8882385607622
10.1236031367538,-3.3936004624285,-67.8951560198598
10.1703471829484,-3.41495569828789,-67.9026753563262
10.2173070619671,-3.43636014502878,-67.9107924820048
10.2644837703818,-3.45781426653487,-67.9195032955733
10.3118783093661,-3.47931852082666,-67.9288036829148
10.3594916847162,-3.50087336005084,-67.9386895174906
10.4073249068726,-3.52247923047001,-67.9491566607126
10.455378990941,-3.54413657245323,-67.9602009623185
10.5036549567145,-3.56584582046704,-67.9718182607458
10.5521538286948,-3.5876074030671,-67.9840043835082
10.6008766361141,-3.60942174289055,-67.9967551475723
10.6498244129568,-3.63128925664885,-68.0100663597342
10.6989981979816,-3.65321035512135,-68.0239338169982
10.7483990347437,-3.67518544314943,-68.0383533069551
10.7980279716163,-3.69721491963128,-68.053320608161
10.8478860618138,-3.71929917751735,-68.0688314905173
10.8979743634133,-3.74143860380639,-68.0848817156503
10.9482939393775,-3.76363357954216,-68.1014670372918
10.9988458575771,-3.78588447981076,-68.1185832016598
11.0496311908135,-3.80819167373863,-68.1362259478394
11.1006510168418,-3.83055552449118,-68.1543910081636
11.1519064183932,-3.85297638927209,-68.1730741085951
11.2033984831984,-3.87545461932328,-68.1922709691069
11.2551283040103,-3.89799055992543,-68.2119773040645
11.3070969786276,-3.92058455039933,-68.2321888226064
11.3593056099179,-3.94323692410772,-68.2529012290253
11.4117553058409,-3.9659480084579,-68.2741102231497
11.4644471794725,-3.98871812490499,-68.2958115007239
11.5173823490276,-4.01154758895578,-68.3180007537884
11.5705619378846,-4.03443671017332,-68.3406736710605
11.6239870746087,-4.05738579218217,-68.3638259383133
11.6776588929763,-4.08039513267426,-68.3874532387549
11.7315785319985,-4.10346502341544,-68.4115512534071
11.7857471359459,-4.12659575025277,-68.4361156614827
11.8401658543724,-4.14978759312234,-68.4611421407633
11.8948358421398,-4.17304082605785,-68.4866263679749
11.9497582594423,-4.19635571719985,-68.5125640191643
12.0049342718312,-4.2197325288056,-68.5389507700726
12.0603650502394,-4.24317151725962,-68.5657822965099
12.1160517710063,-4.26667293308491,-68.5930542747271
12.1719956159032,-4.2902370209548,-68.6207623817875
12.2281977721577,-4.31386401970551,-68.6489022959375
12.2846594324793,-4.33755416234931,-68.6774696969752
12.3413817950848,-4.36130767608834,-68.706460266618
12.3983660637233,-4.38512478232917,-68.7358696888696
12.4556134477023,-4.40900569669788,-68.7656936503841
12.5131251619128,-4.4329506290559,-68.7959278408299
12.5709024268555,-4.4569597835164,-68.8265679532513
12.6289464686666,-4.48103335846141,-68.8576096844286
12.6872585191437,-4.50517154655952,-68.8890487352367
12.745839815772,-4.52937453478425,-68.9208808110016
12.8046916017507,-4.55364250443301,-68.9531016218552
12.8638151260192,-4.57797563114675,-68.9857068830885
12.9232116432835,-4.60237408493016,-69.0186923155019
12.9828824140433,-4.62683803017256,-69.0520536457549
13.0428287046182,-4.65136762566938,-69.0857866067123
13.103051787175,-4.67596302464418,-69.1198869377888
13.1635529397544,-4.70062437477143,-69.1543503852919
13.2243334462982,-4.72535181819975,-69.1891727027615
13.2853945966768,-4.7501454915758,-69.2243496513079
13.3467376867162,-4.77500552606876,-69.2598769999472
13.4083640182256,-4.79993204739543,-69.295750525934
13.4702748990252,-4.82492517584579,-69.3319660150917
13.5324716429738,-4.84998502630928,-69.3685192621406
13.5949555699967,-4.87511170830158,-69.4054060710227
13.6577280061139,-4.9003053259919,-69.4426222552242
13.7207902834678,-4.92556597823094,-69.4801636380951
13.784143740352,-4.95089375857927,-69.5180260531664
13.8477897212393,-4.97628875533634,-69.5562053444632
13.9117295768103,-5.00175105157002,-69.5946973668167
13.9759646639824,-5.02728072514659,-69.6334979861717
14.0404963459382,-5.05287784876136,-69.6726030798919
14.1053259921544,-5.07854248996965,-69.7120085370616
14.1704549784314,-5.1042747112185,-69.7517102587848
14.2358846869218,-5.13007456987861,-69.7917041584807
14.3016165061602,-5.15594211827695,-69.8319861621759
14.3676518310925,-5.18187740372987,-69.8725522087942
14.4339920631056,-5.20788046857646,-69.913398250442
14.5006386100569,-5.23395135021267,-69.9545202526905
14.5675928863046,-5.26009008112563,-69.9959141948554
14.6348563127371,-5.28629668892863,-70.0375760702721
14.702430316804,-5.31257119639634,-70.079501886568
14.7703163325454,-5.3389136215006,-70.1216876659311
14.8385158006232,-5.36532397744656,-70.1641294453749
14.9070301683512,-5.3918022727093,-70.2068232770001
14.9758608897258,-5.41834851107073,-70.2497652282522
15.0450094254573,-5.44496269165703,-70.2929513821755
15.1144772430003,-5.47164480897637,-70.336377837664
15.1842658165853,-5.49839485295702,-70.3800407097075
15.2543766272496,-5.52521280898587,-70.4239361296347
15.3248111628691,-5.55209865794726,-70.4680602453526
15.3955709181898,-5.57905237626217,-70.5124092215813
15.4666573948593,-5.60607393592777,-70.5569792400855
15.5380721014589,-5.63316330455721,-70.6017664999024
15.6098165535353,-5.66032044541985,-70.6467672175647
15.6818922736333,-5.68754531748173,-70.6919776273207
15.7543007913275,-5.71483787544629,-70.7373939813499
15.8270436432554,-5.74219806979551,-70.7830125499746
15.9001223731494,-5.76962584683113,-70.828829621868
15.9735385318698,-5.79712114871636,-70.8748415042572
16.0472936774378,-5.82468391351769,-70.9210445231238
16.1213893750688,-5.85231407524697,-70.9674350233986
16.1958271972048,-5.8800115639038,-71.0140093691541
16.2706087235487,-5.90777630551802,-71.0607639437912
16.3457355410971,-5.9356082221926,-71.107695150223
16.4212092441746,-5.9635072321465,-71.1547994110541
16.4970314344671,-5.99147324975797,-71.2020731687557
16.5732037210562,-6.01950618560782,-71.2495128858366
16.6497277204529,-6.04760594652302,-71.2971150450103
16.7266050566324,-6.07577243562039,-71.3448761493578
16.8038373610683,-6.10400555235047,-71.3927927224864
16.8814262727672,-6.13230519254151,-71.440861308684
16.9593734383036,-6.16067124844364,-71.4890784730696
17.0376805118546,-6.18910360877311,-71.5374408017398
17.1163491552355,-6.21760215875668,-71.5859449019108
17.1953810379345,-6.24616678017614,-71.6345874020562
17.2747778371485,-6.27479735141283,-71.6833649520413
17.3545412378185,-6.30349374749237,-71.7322742232528
17.4346729326655,-6.33225584012936,-71.781311908724
17.5151746222264,-6.36108349777221,-71.8304747232569
17.5960480148899,-6.38997658564799,-71.8797594035392
17.6772948269329,-6.41893496580736,-71.9291627082579
17.7589167825572,-6.4479584971695,-71.9786814182085
17.8409156139255,-6.47704703556709,-72.0283123364
17.9232930611985,-6.50620043379131,-72.0780522881564
18.006050872572,-6.53541854163682,-72.1278981212133
18.0891908043137,-6.56470120594675,-72.1778467058114
18.1727146208006,-6.59404827065777,-72.2278949347851
18.2566240945562,-6.62345957684493,-72.2780397236479
18.3409210062887,-6.6529349627667,-72.3282780106732
18.4256071449281,-6.68247426390984,-72.3786067569717
18.5106843076647,-6.71207731303425,-72.4290229465643
18.5961542999868,-6.74174394021778,-72.4795235864513
18.6820189357196,-6.77147397290096,-72.530105706678
18.768280037063,-6.80126723593169,-72.5807663603959
18.8549394346307,-6.83112355160977,-72.6315026239208
18.941998967489,-6.86104273973146,-72.682311596786
19.0294604831958,-6.89102461763384,-72.7331904017926
19.1173258378397,-6.9210690002391,-72.784136185056
19.2055968960795,-6.95117570009872,-72.8351461160478
19.2942755311838,-6.98134452743757,-72.8862173876353
19.3833636250707,-7.01157529019776,-72.937347216116
19.4728630683478,-7.04186779408249,-72.9885328412494
19.562775760352,-7.07222184259967,-73.0397715262846
19.6531036091904,-7.10263723710542,-73.0910605579848
19.7438485317802,-7.13311377684741,-73.1423972466477
19.8350124538899,-7.16365125900802,-73.1937789261229
19.9265973101798,-7.19424947874732,-73.2452029538254
20.018605044243,-7.22490822924593,-73.2966667107457
20.1110376086471,-7.25562730174756,-73.348167601457
20.2038969649752,-7.28640648560157,-73.399703054118
20.2971850838677,-7.31724556830505,-73.4512705204735
20.3909039450641,-7.34814433554499,-73.5028674758506
20.485055537445,-7.37910257123997,-73.5544914191526
20.5796418590744,-7.41012005758184,-73.606139872849
20.6746649172419,-7.44119657507703,-73.6578103829624
20.7701267285056,-7.47233190258772,-73.7095005190524
20.8660293187346,-7.50352581737272,-73.7612078741967
20.9623747231521,-7.53477809512813,-73.812930064968
21.0591649863786,-7.56608851002776,-73.8646647314092
21.1564021624755,-7.59745683476326,-73.9164095370049
21.2540883149881,-7.62888284058403,-73.9681621686495
21.3522255169901,-7.66036629733686,-74.0199203366138
21.4508158511272,-7.69190697350529,-74.0716817745069
21.5498614096613,-7.72350463624869,-74.1234442392369
21.6493642945149,-7.75515905144108,-74.1752055109677
21.749326617316,-7.78686998370968,-74.2269633930735
21.8497504994425,-7.81863719647314,-74.2787157120905
21.9506380720676,-7.85046045197945,-74.3304603176662
22.0519914762046,-7.8823395113437,-74.3821950825054
22.1538128627526,-7.91427413458535,-74.4339179023147
22.2561043925424,-7.94626408066533,-74.4856266957429
22.3588682363817,-7.97830910752278,-74.5373194043207
22.4621065751019,-8.01040897211151,-74.5889939923966
22.5658215996036,-8.0425634304361,-74.6406484470707
22.670015510904,-8.07477223758773,-74.6922807781268
22.7746905201827,-8.10703514777968,-74.7438890179615
22.8798488488294,-8.1393519143825,-74.7954712215107
22.9854927284904,-8.17172228995885,-74.8470254661752
23.0916244011165,-8.20414602629801,-74.8985498517426
23.1982461190101,-8.23662287445008,-74.9500425003079
23.3053601448735,-8.26915258475985,-75.0015015561923
23.4129687518564,-8.3017349069003,-75.0529251858586
23.5210742236045,-8.33436958990577,-75.1043115778264
23.6296788543079,-8.36705638220483,-75.1556589425835
23.7387849487496,-8.3997950316528,-75.2069655124972
23.8483948223547,-8.43258528556384,-75.258229541722
23.9585108012394,-8.46542689074282,-75.3094493061065
24.0691352222601,-8.4983195935168,-75.3606231030986
24.1802704330635,-8.53126313976609,-75.4117492516482
24.2919187921361,-8.56425727495507,-75.4628260921088
24.4040826688544,-8.59730174416259,-75.5138519861369
24.5167644435348,-8.63039629211203,-75.5648253165907
24.6299665074847,-8.66354066320105,-75.6157444874261
24.743691263053,-8.69673460153091,-75.6666079235922
24.8579411236808,-8.72997785093551,-75.7174140709241
24.972718513953,-8.76327015501004,-75.7681613960357
25.0880258696496,-8.79661125713925,-75.8188483862099
25.2038656377974,-8.8300009005254,-75.8694735492878
25.320240276722,-8.86343882821591,-75.920035413557
25.4371522560998,-8.89692478313048,-75.970532527638
25.5546040570106,-8.93045850808805,-76.0209634603696
25.6725981719902,-8.96403974583326,-76.0713268006931
25.7911371050831,-8.99766823906268,-76.1216211575356
25.910223371896,-9.03134373045053,-76.1718451596913
26.0298594996509,-9.06506596267416,-76.221997455703
26.1500480272388,-9.0988346784392,-76.2720767137413
26.2707915052736,-9.13264962050418,-76.3220816214837
26.3920924961464,-9.16651053170501,-76.3720108859921
26.5139535740796,-9.20041715497897,-76.42186323359
26.6363773251814,-9.23436923338837,-76.471637409738
26.7593663475014,-9.2683665101439,-76.5213321789093
26.882923251085,-9.30240872862758,-76.5709463244636
27.0070506580289,-9.33649563241539,-76.6204786485207
27.1317512025372,-9.37062696529951,-76.6699279718335
27.2570275309767,-9.40480247131029,-76.7192931336594
27.3828823019337,-9.43902189473777,-76.7685729916323
27.5093181862698,-9.47328498015292,-76.8177664216326
27.6363378671789,-9.50759147242855,-76.8668723176578
27.7639440402442,-9.5419411167598,-76.9158895916919
27.8921394134952,-9.57633365868438,-76.9648171735738
28.0209267074654,-9.61076884410239,-77.0136540108666
28.1503086552498,-9.64524641929582,-77.0623990687249
28.280288002563,-9.67976613094778,-77.1110513297625
28.4108675077975,-9.7143277261613,-77.1596097939195
28.5420499420824,-9.74893095247786,-77.208073478329
28.6738380893417,-9.78357555789552,-77.2564414171836
28.8062347463539,-9.81826129088682,-77.3047126616009
28.9392427228112,-9.85298790041625,-77.3528862794902
29.0728648413789,-9.88775513595748,-77.4009613554169
29.2071039377556,-9.9225627475102,-77.4489369904685
29.3419628607334,-9.95741048561663,-77.4968123021193
29.477444472258,-9.99229810137782,-77.5445864240955
29.6135516474896,-10.0272253464695,-77.5922585062396
29.7502872748643,-10.0621919731576,-77.6398277143753
29.8876542561548,-10.0971977343137,-77.6872932301718
30.0256555065323,-10.1322423834299,-77.7346542510083
30.1642939546285,-10.1673256746334,-77.7819099898384
30.3035725425972,-10.2024473627008,-77.8290596750545
30.4434942261774,-10.2376072030725,-77.8761025503521
30.5840619747556,-10.2728049518661,-77.9230378745944
30.7252787714292,-10.3080403658898,-77.9698649216765
30.8671476130691,-10.3433132026558,-78.01658298039
31.0096715103841,-10.378623220393,-78.063191354288
31.1528534879844,-10.4139701780595,-78.1096893615495
31.2966965844457,-10.4493538353552,-78.1560763348445
31.4412038523739,-10.4847739527332,-78.202351621199
31.5863783584698,-10.520230291412,-78.2485145818605
31.7322231835942,-10.5557226133868,-78.2945645921632
31.8787414228332,-10.5912506814405,-78.3405010413942
32.0259361855639,-10.6268142591545,-78.386323332659
32.1738105955206,-10.6624131109197,-78.432030882748
32.3223677908608,-10.6980470019464,-78.4776231220032
32.4716109242319,-10.7337156982744,-78.523099494185
32.6215431628382,-10.7694189667831,-78.568459456339
32.772167688508,-10.8051565752006,-78.6137024786643
32.9234876977612,-10.8409282921133,-78.6588280443809
33.0755064018769,-10.8767338869746,-78.703835649598
33.2282270269621,-10.9125731301139,-78.748724803183
33.3816528140194,-10.9484457927452,-78.7934950266304
33.5357870190166,-10.9843516469748,-78.8381458539316
33.6906329129551,-11.0202904658099,-78.8826768314443
33.8461937819397,-11.0562620231662,-78.9270875177638
34.0024729272482,-11.0922660938751,-78.9713774835933
34.1594736654015,-11.1283024536914,-79.0155463116157
34.3171993282341,-11.1643708793004,-79.059593596365
34.4756532629646,-11.200471148324,-79.1035189440997
34.6348388322668,-11.2366030393283,-79.1473219726749
34.794759414341,-11.2727663318293,-79.191002311416
34.9554184029859,-11.308960806299,-79.2345596009934
35.1168192076706,-11.3451862441719,-79.2779934932963
35.2789652536067,-11.3814424278502,-79.3213036513084
35.4418599818212,-11.4177291407093,-79.364489748984
35.6055068492293,-11.4540461671034,-79.4075514711236
35.7699093287081,-11.4903932923704,-79.4504885132519
35.9350709091703,-11.5267703028365,-79.4933005814946
36.1009950956377,-11.5631769858215,-79.5359873924575
36.2676854093161,-11.5996131296425,-79.5785486731048
36.43514538767,-11.6360785236189,-79.620984160639
36.6033785844974,-11.6725729580758,-79.6632936023813
36.7723885700055,-11.7090962243485,-79.7054767556521
36.9421789308862,-11.7456481147856,-79.747533387653
37.1127532703923,-11.7822284227529,-79.7894632753489
37.2841152084144,-11.8188369426367,-79.831266205351
37.4562683815568,-11.8554734698468,-79.8729419738007
37.6292164432156,-11.8921378008194,-79.9144903862535
37.8029630636558,-11.92882973302,-79.9559112575646
37.977511930089,-11.9655490649462,-79.9972044117746
38.1528667467522,-12.0022955961298,-80.0383696819958
38.3290312349858,-12.0390691271392,-80.0794069102999
38.5060091333131,-12.0758694595815,-80.1203159476056
38.6838041975193,-12.1126963961047,-80.1610966535677
38.8624202007313,-12.1495497403989,-80.2017488964665
39.0418609334979,-12.1864292971987,-80.2422725530979
39.2221302038699,-12.2233348722839,-80.2826675086649
39.4032318374814,-12.2602662724816,-80.3229336566688
39.5851696776305,-12.2972233056665,-80.363070898802
39.7679475853612,-12.3342057807629,-80.4030791448415
39.9515694395453,-12.3712135077446,-80.4429583125429
40.1360391369645,-12.4082462976365,-80.482708327535
40.3213605923932,-12.4453039625148,-80.5223291232157
40.5075377386819,-12.4823863155072,-80.5618206406486
40.6945745268401,-12.5194931707939,-80.6011828284597
40.8824749261205,-12.5566243436072,-80.640415642736
41.0712429241032,-12.5937796502319,-80.6795190469237
41.2608825267802,-12.6309589080052,-80.7184930117282
41.4513977586406,-12.6681619353164,-80.7573375150145
41.642792662756,-12.7053885516066,-80.796052541708
41.8350713008658,-12.7426385773684,-80.8346380836966
42.0282377534644,-12.7799118341455,-80.8730941397339
42.2222961198866,-12.8172081445315,-80.9114207153418
42.4172505183957,-12.8545273321696,-80.9496178227158
42.6131050862699,-12.8918692217518,-80.9876854806298
42.8098639798912,-12.9292336390175,-81.0256237143417
43.0075313748323,-12.9666204107526,-81.0634325555006
43.2061114659466,-13.0040293647883,-81.1011120420542
43.4056084674559,-13.0414603299999,-81.1386622181571
43.606026613041,-13.0789131363052,-81.1760831340799
43.8073701559307,-13.1163876146633,-81.2133748461191
44.0096433689924,-13.1538835970724,-81.250537416508
44.2128505448228,-13.1914009165689,-81.287570913328
44.4169959958391,-13.2289394072249,-81.3244754104212
44.62208405437,-13.2664989041469,-81.3612509873032
44.8281190727484,-13.3040792434735,-81.3978977290771
45.0351054234032,-13.3416802623732,-81.4344157263483
45.2430474989521,-13.3793017990428,-81.4708050751399
45.4519497122953,-13.4169436927048,-81.5070658768088
45.6618164967085,-13.4546057836051,-81.543198237963
45.8726523059375,-13.4922879130107,-81.5792022703795
46.0844616142927,-13.5299899232073,-81.6150780909225
46.2972489167434,-13.5677116574968,-81.6508258214632
46.5110187290141,-13.6054529601945,-81.6864455887996
46.7257755876798,-13.6432136766265,-81.7219375245779
46.9415240502622,-13.6809936531273,-81.7573017652138
47.1582686953268,-13.7187927370364,-81.7925384518153
47.3760141225797,-13.7566107766959,-81.8276477301056
47.5947649529656,-13.7944476214474,-81.8626297503474
47.8145258287654,-13.8323031216289,-81.8974846672676
48.035301413695,-13.8701771285718,-81.9322126399829
48.2570963930045,-13.9080694945979,-81.9668138319258
48.4799154735769,-13.9459800730162,-82.0012884107719
48.7037633840289,-13.9839087181193,-82.0356365483678
48.9286448748104,-14.0218552851808,-82.0698584206592
49.154564718306,-14.0598196304512,-82.1039542076205
49.3815277089359,-14.0978016111549,-82.1379240931849
49.6095386632577,-14.135801085487,-82.1717682651747
49.8386024200687,-14.1738179126092,-82.2054869152333
50.0687238405084,-14.2118519526467,-82.239080238757
50.2999078081621,-14.2499030666844,-82.2725484348279
50.5321592291638,-14.2879711167635,-82.3058917061482
50.7654830323012,-14.3260559658776,-82.3391102589736
50.9998841691196,-14.3641574779689,-82.3722043030492
51.2353676140272,-14.4022755179249,-82.4051740515445
51.4719383644009,-14.440409951574,-82.4380197209907
51.709601440692,-14.4785606456822,-82.4707415312172
51.9483618865329,-14.5167274679488,-82.5033397052901
52.1882247688443,-14.5549102870029,-82.5358144694499
52.4291951779422,-14.5931089723989,-82.5681660530518
52.6712782276467,-14.6313233946133,-82.6003946885047
52.9144790553899,-14.66955342504,-82.6325006112124
53.158802822325,-14.7077989359865,-82.6644840595148
53.4042547134363,-14.74605980067,-82.6963452746296
53.6508399376486,-14.7843358932132,-82.7280845005951
53.8985637279382,-14.8226270886399,-82.7597019842135
54.1474313414438,-14.8609332628714,-82.7911979749947
54.3974480595779,-14.899254292722,-82.8225727251012
54.6486191881392,-14.9375900558946,-82.853826489293
54.900950057425,-14.9759404309769,-82.8849595248735
55.1544460223443,-15.0143052974371,-82.9159720916362
55.4091124625316,-15.0526845356193,-82.9468644518119
55.6649547824609,-15.0910780267396,-82.9776368700161
55.9219784115604,-15.1294856528816,-83.0082896131977
56.1801888043279,-15.1679072969921,-83.0388229505881
56.4395914404463,-15.2063428428769,-83.0692371536506
56.7001918249002,-15.2447921751964,-83.0995324960306
56.9619954880924,-15.283255179461,-83.1297092535068
57.2250079859614,-15.321731742027,-83.1597677039423
57.4892349000993,-15.3602217500924,-83.1897081272369
57.7546818378706,-15.3987250916918,-83.2195308052793
58.0213544325303,-15.4372416556928,-83.2492360219011
58.2892583433445,-15.4757713317909,-83.2788240628297
58.5583992557099,-15.5143140105056,-83.3082952156433
58.8287828812743,-15.5528695831756,-83.3376497697257
59.1004149580583,-15.5914379419545,-83.3668880162217
59.373301250577,-15.6300189798063,-83.3960102479933
59.647447549962,-15.6686125905011,-83.4250167595762
59.9228596740844,-15.7072186686103,-83.4539078471371
60.1995434676784,-15.7458371095023,-83.4826838084317
60.4775048024655,-15.7844678093382,-83.5113449427622
60.7567495772787,-15.8231106650671,-83.5398915509371
61.0372837181878,-15.8617655744216,-83.5683239352297
61.3191131786254,-15.9004324359135,-83.5966423993386
61.6022439395131,-15.9391111488289,-83.6248472483478
61.8866820093881,-15.9778016132244,-83.6529387886875
62.1724334245315,-16.0165037299219,-83.6809173280961
62.4595042490956,-16.0552174005046,-83.7087831755814
62.7479005752328,-16.0939425273122,-83.7365366413837
63.0376285232254,-16.1326790134366,-83.7641780369383
63.3286942416147,-16.1714267627174,-83.7917076748393
63.6211039073321,-16.2101856797372,-83.8191258688032
63.9148637258298,-16.2489556698174,-83.8464329336337
64.2099799312128,-16.2877366390136,-83.8736291851864
64.5064587863708,-16.3265284941111,-83.9007149403341
64.8043065831115,-16.3653311426205,-83.927690516933
65.1035296422941,-16.4041444927733,-83.9545562337885
65.4041343139631,-16.4429684535171,-83.9813124106226
65.7061269774833,-16.4818029345115,-84.0079593680408
66.0095140416752,-16.5206478461236,-84.0344974274998
66.314301944951,-16.5595030994235,-84.0609269112757
66.620497155451,-16.5983686061798,-84.0872481424329
66.9281061711814,-16.6372442788552,-84.1134614447927
67.2371355201515,-16.6761300306023,-84.139567142903
67.5475917605128,-16.7150257752589,-84.1655655620082
67.8594814806979,-16.7539314273437,-84.1914570280194
68.1728112995605,-16.7928469020522,-84.2172418674857
68.4875878665155,-16.8317721152517,-84.2429204075647
68.8038178616806,-16.8707069834775,-84.2684929759944
69.1215079960177,-16.9096514239284,-84.2939599010654
69.4406650114756,-16.948605354462,-84.3193215115929
69.7612956811327,-16.9875686935911,-84.34457813689
70.0834068093411,-17.0265413604785,-84.3697301067406
70.4070052318708,-17.0655232749335,-84.394777751373
70.732097816055,-17.1045143574068,-84.4197214014342
71.0586914609353,-17.1435145289871,-84.4445613879639
71.3867930974089,-17.182523711396,-84.4692980423695
71.7164096883749,-17.2215418269844,-84.4939316964014
72.0475482288826,-17.2605687987276,-84.5184626821282
72.3802157462798,-17.2996045502218,-84.5428913319127
72.7144193003619,-17.3386490056793,-84.5672179783883
73.0501659835215,-17.3777020899246,-84.5914429544354
73.3874629208995,-17.4167637283899,-84.6155665931585
73.7263172705356,-17.4558338471115,-84.6395892278635
74.0667362235208,-17.4949123727249,-84.6635111920356
74.4087270041497,-17.5339992324613,-84.6873328193167
74.7522968700738,-17.5730943541432,-84.7110544434845
75.0974531124557,-17.6121976661801,-84.7346763984308
75.4442030561235,-17.6513090975646,-84.7581990181406
75.7925540597269,-17.6904285778686,-84.7816226366714
76.1425135158925,-17.7295560372387,-84.804947588133
76.4940888513813,-17.7686914063925,-84.8281742066675
76.8472875272462,-17.8078346166142,-84.8513028264297
77.20211703899,-17.8469855997513,-84.8743337815676
77.5585849167252,-17.8861442882099,-84.8972674062034
77.9166987253328,-17.9253106149508,-84.9201040344148
78.2764660646237,-17.9644845134861,-84.9428440002166
78.6378945694998,-18.0036659178746,-84.9654876375424
79.0009919101153,-18.0428547627181,-84.9880352802273
79.3657657920407,-18.0820509831577,-85.0104872619894
79.7322239564253,-18.1212545148696,-85.0328439164138
80.1003741801619,-18.1604652940613,-85.0551055769344
80.4702242760521,-18.199683257468,-85.077272576818
80.8417820929714,-18.2389083423483,-85.099345249148
81.2150555160364,-18.2781404864808,-85.1213239268075
81.5900524667719,-18.3173796281602,-85.1432089424644
81.9667809032788,-18.3566257061932,-85.165000628555
82.3452488204037,-18.3958786598952,-85.1866993172694
82.7254642499075,-18.4351384290862,-85.2083053405359
83.1074352606367,-18.4744049540874,-85.2298190300065
83.4911699586943,-18.513678175717,-85.2512407170425
83.876676487612,-18.552958035287,-85.2725707326998
84.2639630285228,-18.5922444745994,-85.2938094077153
84.6530378003345,-18.6315374359424,-85.314957072493
85.0439090599047,-18.6708368620869,-85.3360140570903
85.4365851022155,-18.7101426962826,-85.3569806912049
85.8310742605497,-18.7494548822551,-85.3778573041618
86.2273849066675,-18.7887733642016,-85.3986442249004
86.6255254509845,-18.8280980867875,-85.4193417819618
87.02550434275,-18.8674289951433,-85.4399503034767
87.4273300702261,-18.9067660348605,-85.4604701171531
87.8310111608683,-18.9461091519885,-85.4809015502646
88.2365561815059,-18.9854582930311,-85.5012449296384
88.6439737385244,-19.0248134049426,-85.5215005816442
89.0532724780476,-19.064174435125,-85.5416688321827
89.4644610861214,-19.1035413314242,-85.5617500066748
89.8775482888983,-19.1429140421267,-85.5817444300506
90.292542852822,-19.1822925159562,-85.6016524267388
90.709453584814,-19.2216767020701,-85.6214743206564
91.1282893324601,-19.2610665500564,-85.6412104351986
91.5490589841987,-19.3004620099305,-85.6608610932285
91.9717714695087,-19.3398630321313,-85.6804266170673
92.3964357590996,-19.3792695675185,-85.6999073284853
92.8230608651016,-19.4186815673692,-85.7193035486916
93.2516558412569,-19.4580989833744,-85.7386155983254
93.6822297831117,-19.4975217676362,-85.757843797447
94.1147918282097,-19.5369498726643,-85.7769884655288
94.5493511562855,-19.5763832513728,-85.7960499214464
94.9859169894594,-19.6158218570771,-85.8150284834707
95.4244985924335,-19.655265643491,-85.8339244692588
95.8651052726882,-19.6947145647232,-85.8527381958466
96.3077463806795,-19.7341685752743,-85.8714699796405
96.7524313100376,-19.773627630034,-85.8901201364094
97.1991694977661,-19.8130916842775,-85.9086889812775
97.6479704244426,-19.8525606936631,-85.9271768287164
98.0988436144195,-19.8920346142285,-85.9455839925382
98.5517986360265,-19.9315134023883,-85.9639107858882
99.0068451017734,-19.9709970149309,-85.9821575212377
99.4639926685539,-20.0104854090153,-86.0003245103775
99.9232510378512,-20.0499785421684,-86.018412064411
100.384629955943,-20.089476372282,-86.036420493748
100.84813921411,-20.1289788576098,-86.0543501080979
101.31378864884,-20.1684859567648,-86.0722012164638
101.781588142042,-20.2079976287159,-86.0899741271362
102.251547621251,-20.2475138327856,-86.1076691476874
102.723677059843,-20.2870345286469,-86.1252865849652
103.197986477241,-20.3265596763203,-86.1428267450879
103.674485939134,-20.3660892361715,-86.1602899334383
104.153185557686,-20.4056231689081,-86.1776764546585
104.634095491754,-20.4451614355772,-86.1949866126446
105.117225947099,-20.4847039975625,-86.2122207105416
105.602587176609,-20.5242508165816,-86.2293790507388
106.090189480509,-20.5638018546833,-86.2464619348642
106.580043206587,-20.6033570742451,-86.2634696637805
107.072158750408,-20.64291643797,-86.2804025375801
107.566546555537,-20.6824799088844,-86.2972608555808
108.063217113763,-20.7220474503354,-86.3140449163214
108.562180965315,-20.761619025988,-86.3307550175573
109.063448699093,-20.8011945998223,-86.3473914562569
109.567030952888,-20.8407741361317,-86.3639545285971
110.07293841361,-20.8803575995193,-86.3804445299596
110.581181817512,-20.9199449548963,-86.396861754927
111.091771950423,-20.959536167479,-86.4132064972796
111.604719647971,-20.9991312027862,-86.4294790499913
112.120035795818,-21.038730026637,-86.4456797052265
112.637731329887,-21.0783326051484,-86.4618087543365
113.157817236595,-21.1179389047324,-86.4778664878567
113.680304553091,-21.157548892094,-86.493853195503
114.205204367481,-21.1971625342286,-86.5097691661692
114.732527819073,-21.2367797984195,-86.5256146879239
115.262286098606,-21.2764006522358,-86.5413900480074
115.794490448491,-21.31602506353,-86.5570955328296
116.329152163049,-21.3556530004352,-86.5727314279667
116.866282588751,-21.3952844313633,-86.5882980181593
117.40589312446,-21.4349193250026,-86.6037955873094
117.947995221667,-21.4745576503153,-86.6192244184784
118.492600384742,-21.5141993765352,-86.6345847938849
119.039720171174,-21.5538444731657,-86.6498769949021
119.589366191816,-21.5934929099775,-86.6651013020562
120.141550111132,-21.6331446570062,-86.6802579950241
120.696283647445,-21.67279968455,-86.6953473526317
121.253578573187,-21.712457963168,-86.710369652852
121.813446715144,-21.7521194636775,-86.725325172803
122.375899954713,-21.7917841571521,-86.7402141887469
122.94095022815,-21.8314520149195,-86.7550369760875
123.508609526824,-21.8711230085594,-86.7697938093694
124.078889897475,-21.9107971099013,-86.7844849622764
124.651803442465,-21.9504742910224,-86.7991107076299
125.227362320035,-21.9901545242456,-86.813671317388
125.805578744567,-22.0298377821376,-86.8281670626441
126.38646498684,-22.0695240375063,-86.8425982136255
126.970033374292,-22.1092132633995,-86.8569650396931
127.556296291279,-22.1489054331021,-86.8712678093396
128.145266179343,-22.1886005201348,-86.885506790189
128.736955537469,-22.2282984982517,-86.8996822489956
129.331376922356,-22.2679993414383,-86.9137944516433
129.928542948681,-22.3077030239099,-86.9278436631451
130.528466289368,-22.3474095201093,-86.9418301476417
131.131159675855,-22.3871188047049,-86.9557541684019
131.736635898366,-22.4268308525891,-86.9696159878212
132.34490780618,-22.466545638876,-86.9834158674219
132.955988307909,-22.5062631388998,-86.9971540678525
133.569890371765,-22.5459833282128,-87.0108308488872
134.186627025841,-22.5857061825835,-87.0244464694259
134.806211358381,-22.625431677995,-87.0380011874938
135.428656518067,-22.6651597906428,-87.0514952602412
136.05397571429,-22.7048904969333,-87.0649289439434
136.682182217433,-22.7446237734818,-87.0783024940006
137.313289359154,-22.7843595971111,-87.0916161649383
137.947310532666,-22.824097944849,-87.1048702104065
138.584259193025,-22.8638387939274,-87.1180648831805
139.224148857412,-22.9035821217798,-87.131200435161
139.866993105421,-22.9433279060402,-87.1442771173736
140.51280557935,-22.9830761245408,-87.1572951799702
141.161599984485,-23.0228267553109,-87.1702548722282
141.813390089396,-23.0625797765746,-87.1831564425513
142.468189726225,-23.1023351667497,-87.19600013847
143.126012790984,-23.1420929044457,-87.2087862066418
143.786873243846,-23.181852968462,-87.2215148928519
144.450785109443,-23.2216153377869,-87.2341864420135
145.117762477164,-23.2613799915951,-87.2468010981684
145.787819501453,-23.301146909247,-87.2593591044876
146.460970402108,-23.3409160702864,-87.2718607032723
147.137229464588,-23.3806874544392,-87.2843061359539
147.816611040311,-23.4204610416118,-87.2966956430954
148.499129546959,-23.4602368118897,-87.3090294643918
149.184799468788,-23.5000147455356,-87.3213078386709
149.87363535693,-23.5397948229882,-87.3335310038944
150.565651829705,-23.5795770248606,-87.3456991971585
151.260863572933,-23.6193613319386,-87.3578126546949
151.95928534024,-23.6591477251793,-87.3698716118719
152.660931953377,-23.69893618571,-87.3818763031953
153.365818302529,-23.738726694826,-87.3938269623093
154.073959346638,-23.7785192339897,-87.4057238219978
154.785370113714,-23.8183137848291,-87.4175671141852
155.500065701155,-23.858110329136,-87.4293570699378
156.218061276071,-23.8979088488651,-87.4410939194647
156.939372075604,-23.937709326132,-87.4527778921195
157.664013407248,-23.9775117432123,-87.4644092164007
158.392000649179,-24.0173160825401,-87.4759881199537
159.12334925058,-24.0571223267064,-87.4875148295717
159.858074731965,-24.0969304584578,-87.4989895711969
160.596192685515,-24.1367404606954,-87.5104125699225
161.337718775402,-24.1765523164733,-87.5217840499931
162.082668738128,-24.216366008997,-87.5331042348068
162.831058382851,-24.2561815216225,-87.5443733469165
163.582903591731,-24.2959988378547,-87.5555916080311
164.338220320256,-24.3358179413463,-87.5667592390172
165.097024597588,-24.3756388158965,-87.5778764599004
165.859332526903,-24.4154614454494,-87.5889434898671
166.625160285727,-24.455285814093,-87.5999605472659
167.394524126285,-24.4951119060582,-87.6109278496091
168.167440375844,-24.5349397057169,-87.6218456135741
168.943925437059,-24.5747691975813,-87.6327140550057
169.723995788321,-24.6146003663024,-87.6435333889171
170.507667984108,-24.6544331966691,-87.6543038294916
171.294958655336,-24.6942676736065,-87.6650255900847
172.085884509711,-24.7341037821751,-87.6756988832254
172.880462332083,-24.7739415075695,-87.686323920618
173.678708984805,-24.8137808351172,-87.6969009131441
174.480641408087,-24.8536217502773,-87.7074300708639
175.286276620359,-24.8934642386398,-87.7179116030184
176.095631718632,-24.9333082859238,-87.728345718031
176.908723878857,-24.973153877977,-87.7387326235094
177.725570356294,-25.013001000774,-87.7490725262472
178.546188485874,-25.0528496404156,-87.759365632226
179.370595682572,-25.0926997831276,-87.7696121466174
180.198809441772,-25.1325514152595,-87.7798122737844
181.03084733964,-25.1724045232836,-87.7899662172835
181.866727033498,-25.2122590937939,-87.8000741798672
182.706466262197,-25.2521151135051,-87.8101363634848
183.550082846495,-25.2919725692511,-87.8201529692852
184.397594689432,-25.3318314479847,-87.8301241976189
185.249019776716,-25.3716917367758,-87.8400502480391
186.104376177098,-25.411553422811,-87.8499313193048
186.963682042759,-25.4514164933919,-87.859767609382
187.826955609696,-25.4912809359348,-87.869559315446
188.694215198106,-25.5311467379691,-87.8793066338834
189.565479212778,-25.5710138871367,-87.8890097602944
190.440766143481,-25.6108823711907,-87.8986688894942
191.320094565358,-25.6507521779948,-87.9082842155156
192.203483139318,-25.6906232955217,-87.9178559316111
193.090950612436,-25.7304957118528,-87.9273842302545
193.982515818348,-25.770369415177,-87.9368693031435
194.87819767765,-25.8102443937895,-87.9463113412016
195.7780151983,-25.8501206360911,-87.9557105345801
196.681987476025,-25.8899981305873,-87.9650670726604
197.590133694721,-25.9298768658873,-87.974381144056
198.502473126864,-25.969756830703,-87.9836529366149
199.419025133916,-26.0096380138483,-87.9928826374212
200.339809166737,-26.0495204042378,-88.002070432798
201.264844766,-26.0894039908863,-88.0112165083089
202.194151562602,-26.129288762908,-88.0203210487606
203.127749278084,-26.1691747095151,-88.029384238205
204.065657725047,-26.2090618200172,-88.038406259941
205.007896807573,-26.2489500838207,-88.0473872965174
205.954486521648,-26.2888394904274,-88.0563275297345
206.905446955587,-26.3287300294343,-88.0652271406466
207.860798290458,-26.3686216905321,-88.0740863095642
208.820560800514,-26.4085144635047,-88.082905216056
209.784754853617,-26.4484083382285,-88.0916840389516
210.753400911679,-26.4883033046712,-88.1004229563431
211.726519531089,-26.5281993528914,-88.1091221455879
212.70413136315,-26.5680964730375,-88.1177817833106
213.686257154522,-26.6079946553469,-88.1264020454055
214.672917747658,-26.6478938901454,-88.1349831070385
215.664134081247,-26.6877941678463,-88.1435251426498
216.65992719066,-26.7276954789496,-88.1520283259559
217.660318208395,-26.7675978140413,-88.1604928299518
218.665328364525,-26.8075011637925,-88.1689188269135
219.674978987149,-26.8474055189587,-88.1773064884
220.689291502848,-26.8873108703792,-88.1856559852558
221.708287437132,-26.9272172089763,-88.1939674876133
222.731988414906,-26.9671245257541,-88.2022411648947
223.760416160921,-27.0070328117985,-88.2104771858144
224.79359250024,-27.0469420582761,-88.2186757183816
225.831539358699,-27.0868522564333,-88.2268369299022
226.874278763373,-27.1267633975959,-88.2349609869813
227.921832843045,-27.1666754731684,-88.2430480555255
228.974223828671,-27.2065884746328,-88.2510983007451
230.031474053856,-27.2465023935488,-88.2591118871565
231.093605955328,-27.2864172215521,-88.2670889785844
232.16064207341,-27.3263329503545,-88.2750297381642
233.232605052505,-27.3662495717428,-88.2829343283443
234.30951764157,-27.4061670775782,-88.2908029108881
235.391402694601,-27.4460854597959,-88.2986356468769
236.47828317112,-27.486004710404,-88.3064326967118
237.570182136661,-27.5259248214831,-88.314194220116
238.667122763259,-27.5658457851857,-88.3219203761372
239.76912832994,-27.6057675937355,-88.32961132315
240.876222223221,-27.6456902394265,-88.337267218858
241.988427937598,-27.6856137146229,-88.3448882202962
243.105769076051,-27.7255380117579,-88.3524744838335
244.228269350544,-27.7654631233337,-88.3600261651747
245.355952582526,-27.8053890419201,-88.367543419363
246.488842703435,-27.8453157601546,-88.3750264007821
247.626963755213,-27.8852432707416,-88.3824752631589
248.770339890808,-27.9251715664515,-88.3898901595653
249.918995374692,-27.9651006401204,-88.3972712424209
251.072954583375,-28.0050304846494,-88.4046186634953
252.232242005918,-28.0449610930042,-88.4119325739101
253.39688224446,-28.0848924582143,-88.4192131241412
254.566900014734,-28.1248245733724,-88.4264604640218
255.742320146594,-28.164757431634,-88.4336747427435
256.923167584543,-28.2046910262167,-88.4408561088599
258.10946738826,-28.2446253503999,-88.4480047102878
259.301244733132,-28.2845603975239,-88.4551206943102
260.498524910791,-28.3244961609895,-88.4622042075783
261.701333329648,-28.3644326342574,-88.4692553961136
262.909695515433,-28.4043698108479,-88.4762744053108
264.123637111737,-28.4443076843401,-88.4832613799395
265.343183880556,-28.4842462483713,-88.4902164641467
266.568361702838,-28.5241854966369,-88.4971398014589
267.799196579032,-28.5641254228895,-88.504031534785
269.035714629638,-28.6040660209383,-88.5108918064175
270.277942095765,-28.6440072846491,-88.517720758036
271.525905339685,-28.6839492079432,-88.5245185307083
272.779630845395,-28.7238917847973,-88.5312852648937
274.039145219174,-28.7638350092429,-88.5380211004444
275.304475190155,-28.8037788753657,-88.5447261766083
276.575647610887,-28.8437233773053,-88.5514006320313
277.852689457903,-28.8836685092543,-88.5580446047589
279.135627832301,-28.9236142654586,-88.5646582322392
280.42448996031,-28.963560640216,-88.5712416513249
281.719303193872,-29.0035076278765,-88.5777949982754
283.020095011224,-29.0434552228413,-88.5843184087589
284.326893017476,-29.0834034195626,-88.5908120178552
285.639724945204,-29.1233522125431,-88.5972759600574
286.958618655031,-29.1633015963355,-88.6037103692744
288.283602136224,-29.203251565542,-88.6101153788331
289.614703507284,-29.2432021148143,-88.6164911214804
290.951951016546,-29.2831532388522,-88.6228377293857
292.295373042776,-29.3231049324042,-88.629155334143
293.644998095775,-29.3630571902664,-88.6354440667729
295.000854816982,-29.4030100072823,-88.6417040577252
296.362971980084,-29.4429633783424,-88.647935436881
297.731378491627,-29.4829172983837,-88.6541383335545
299.106103391625,-29.5228717623892,-88.6603128764958
300.487175854182,-29.5628267653878,-88.6664591938924
301.874625188107,-29.6027823024536,-88.6725774133721
303.268480837539,-29.6427383687053,-88.6786676620046
304.668772382569,-29.6826949593065,-88.6847300663041
306.07552953987,-29.7226520694645,-88.6907647522311
307.488782163326,-29.7626096944304,-88.6967718451948
308.908560244668,-29.8025678294985,-88.7027514700552
310.334893914106,-29.8425264700061,-88.7087037511252
311.767813440974,-29.8824856113329,-88.7146288121728
313.207349234368,-29.9224452489006,-88.7205267764234
314.653531843794,-29.9624053781728,-88.7263977665614
316.106391959813,-30.0023659946543,-88.7322419047331
317.565960414698,-30.0423270938909,-88.7380593125483
319.032268183082,-30.0822886714691,-88.7438501110824
320.505346382619,-30.1222507230155,-88.7496144208789
321.985226274644,-30.1622132441965,-88.7553523619512
323.471939264836,-30.2021762307182,-88.7610640537847
324.965516903884,-30.2421396783258,-88.7667496153393
326.465990888158,-30.282103582803,-88.7724091650508
327.973393060378,-30.3220679399723,-88.7780428208337
329.487755410296,-30.3620327456942,-88.7836507000829
331.00911007537,-30.4019979958669,-88.7892329196757
332.537489341446,-30.4419636864258,-88.7947895959743
334.072925643446,-30.4819298133438,-88.8003208448274
335.615451566054,-30.5218963726302,-88.8058267815726
337.16509984441,-30.5618633603307,-88.8113075210383
338.7219033648,-30.6018307725272,-88.8167631775456
340.28589516536,-30.6417986053373,-88.8221938649109
341.857108436773,-30.6817668549139,-88.8275996964473
343.435576522973,-30.7217355174452,-88.832980784967
345.021332921856,-30.761704589154,-88.8383372427832
346.614411285988,-30.8016740662976,-88.8436691817123
348.21484542332,-30.8416439451674,-88.8489767130756
349.822669297907,-30.8816142220887,-88.8542599477017
351.437917030625,-30.9215848934204,-88.8595189959283
353.060622899899,-30.9615559555545,-88.8647539676039
354.690821342429,-31.0015274049159,-88.8699649720907
356.32854695392,-31.0414992379622,-88.8751521182654
357.973834489817,-31.0814714511833,-88.8803155145223
359.626718866043,-31.1214440411011,-88.8854552687744
361.287235159738,-31.1614170042694,-88.890571488456
362.955418610007,-31.2013903372732,-88.8956642805244
364.631304618665,-31.2413640367289,-88.9007337514617
366.314928750987,-31.2813380992836,-88.905780007277
368.006326736467,-31.3213125216152,-88.9108031535085
369.705534469574,-31.3612873004316,-88.915803295225
371.412588010512,-31.4012624324712,-88.9207805370282
373.127523585988,-31.4412379145018,-88.9257349830544
374.850377589979,-31.481213743321,-88.9306667369766
376.581186584508,-31.5211899157553,-88.9355759020063
378.319987300412,-31.5611664286604,-88.9404625808957
380.066816638132,-31.6011432789207,-88.945326875939
381.821711668486,-31.6411204634491,-88.950168888975
383.584709633463,-31.6810979791865,-88.9549887213885
385.35584794701,-31.721075823102,-88.9597864741125
387.135164195827,-31.761053992192,-88.9645622476298
388.922696140162,-31.8010324834806,-88.9693161419752
390.718481714619,-31.8410112940191,-88.9740482567371
392.522559028954,-31.8809904208857,-88.9787586910596
394.334966368892,-31.9209698611852,-88.9834475436439
396.155742196934,-31.9609496120488,-88.988114912751
397.984925153176,-32.0009296706342,-88.9927608962026
399.822554056128,-32.0409100341246,-88.9973855913836
401.668667903538,-32.0808906997294,-89.0019890952437
403.523305873219,-32.1208716646832,-89.0065715042992
405.386507323882,-32.1608529262459,-89.0111329146348
407.25831179597,-32.2008344817025,-89.0156734219058
409.138759012496,-32.2408163283629,-89.0201931213391
411.027888879889,-32.2807984635613,-89.024692107736
412.92574148884,-32.3207808846565,-89.0291704754733
414.83235711515,-32.3607635890313,-89.0336283185051
416.747776220587,-32.4007465740925,-89.0380657303652
418.672039453746,-32.4407298372706,-89.0424828041683
420.60518765091,-32.4807133760194,-89.0468796326117
422.547261836915,-32.5206971878163,-89.0512563079777
424.498303226022,-32.5606812701614,-89.0556129221347
426.458353222795,-32.6006656205779,-89.0599495665395
428.427453422975,-32.6406502366115,-89.0642663322385
430.405645614363,-32.6806351158304,-89.0685633098699
432.39297177771,-32.7206202558249,-89.0728405896653
434.389474087605,-32.7606056542076,-89.0770982614512
436.395194913373,-32.8005913086127,-89.0813364146512
438.410176819971,-32.8405772166959,-89.0855551382873
440.434462568891,-32.8805633761348,-89.0897545209818
442.468095119072,-32.9205497846276,-89.0939346509589
444.511117627807,-32.9605364398941,-89.0980956160467
446.56357345166,-33.0005233396747,-89.1022375036783
448.625506147388,-33.0405104817304,-89.1063604008942
450.696959472864,-33.0804978638428,-89.1104643943435
452.777977388005,-33.1204854838136,-89.1145495702858
454.868604055706,-33.1604733394649,-89.1186160145926
456.968883842777,-33.2004614286384,-89.1226638127495
459.078861320884,-33.2404497491958,-89.1266930498572
461.198581267495,-33.2804382990181,-89.1307038106336
463.32808866683,-33.3204270760059,-89.1346961794153
465.467428710818,-33.3604160780788,-89.1386702401594
467.616646800052,-33.4004053031756,-89.1426260764449
469.775788544757,-33.4403947492539,-89.1465637714742
471.944899765752,-33.4803844142898,-89.1504834080754
474.124026495431,-33.5203742962781,-89.1543850687031
476.31321497873,-33.560364393232,-89.1582688354406
478.512511674116,-33.6003547031827,-89.1621347900012
480.72196325457,-33.6403452241795,-89.1659830137298
482.941616608576,-33.6803359542894,-89.1698135876048
485.171518841122,-33.7203268915973,-89.1736265922394
487.411717274689,-33.7603180342055,-89.177422107883
489.662259450267,-33.8003093802336,-89.1812002144233
491.923193128356,-33.8403009278185,-89.1849609913875
494.194566289983,-33.8802926751141,-89.1887045179441
496.476427137719,-33.9202846202912,-89.192430872904
498.768824096703,-33.9602767615373,-89.1961401347227
501.071805815668,-34.0002690970565,-89.1998323815012
503.385421167975,-34.0402616250695,-89.2035076909882
505.70971925265,-34.0802543438129,-89.2071661405811
508.044749395425,-34.1202472515397,-89.2108078073277
510.390561149784,-34.1602403465189,-89.2144327679277
512.747204298018,-34.2002336270352,-89.2180410987344
515.114728852279,-34.240227091389,-89.221632875756
517.493185055641,-34.2802207378965,-89.2252081746572
519.882623383168,-34.3202145648889,-89.2287670707605
522.283094542983,-34.360208570713,-89.2323096390482
524.694649477346,-34.4002027537306,-89.2358359541632
527.117339363735,-34.4401971123185,-89.2393460904111
529.55121561593,-34.4801916448683,-89.2428401217612
531.996329885107,-34.5201863497864,-89.2463181218484
534.452734060931,-34.5601812254938,-89.2497801639743
536.92048027266,-34.6001762704258,-89.2532263211088
539.399620890251,-34.6401714830322,-89.2566566658916
541.890208525468,-34.6801668617768,-89.2600712706336
544.392296033003,-34.7201624051377,-89.2634702073184
546.905936511595,-34.7601581116067,-89.2668535476037
549.431183305159,-34.8001539796896,-89.2702213628224
551.968090003914,-34.8401500079056,-89.2735737239848
554.516710445525,-34.8801461947878,-89.2769107017792
557.077098716243,-34.9201425388824,-89.280232366574
559.649309152052,-34.9601390387491,-89.2835387884184
562.233396339824,-35.0001356929607,-89.2868300370444
564.829415118478,-35.0401325001032,-89.2901061818681
567.437420580142,-35.0801294587754,-89.2933672919907
570.05746807132,-35.1201265675889,-89.2966134362003
572.689613194074,-35.1601238251681,-89.299844682973
575.333911807196,-35.20012123015,-89.3030611004748
577.990420027396,-35.240118781184,-89.306262756562
580.659194230497,-35.280116476932,-89.3094497187837
583.340291052625,-35.3201143160679,-89.3126220543821
586.033767391413,-35.360112297278,-89.3157798302948
588.739680407214,-35.4001104192604,-89.3189231131554
591.458087524304,-35.4401086807254,-89.3220519692952
594.189046432109,-35.4801070803948,-89.3251664647446
596.932615086427,-35.5201056170024,-89.3282666652341
599.688851710654,-35.5601042892932,-89.3313526361961
602.457814797026,-35.6001030960242,-89.3344244427658
605.239563107855,-35.6401020359633,-89.3374821497826
608.034155676779,-35.68010110789,-89.3405258217915
610.841651810015,-35.7201003105948,-89.3435555230447
613.662111087615,-35.7600996428793,-89.3465713175021
616.495593364731,-35.8000991035562,-89.3495732688333
619.34215877289,-35.8400986914489,-89.3525614404187
622.201867721262,-35.8800984053917,-89.3555358953508
625.074780897949,-35.9200982442294,-89.3584966964352
627.960959271269,-35.9600982068177,-89.3614439061923
630.860464091051,-36.0000982920225,-89.3643775868582
633.773356889936,-36.04009849872,-89.3672978003864
636.69969948468,-36.0800988257971,-89.3702046084483
639.63955397747,-36.1200992721505,-89.3730980724355
642.592982757235,-36.1600998366872,-89.3759782534601
645.56004850098,-36.2001005183241,-89.3788452123563
648.540814175107,-36.2401013159881,-89.381699009682
651.535343036755,-36.2801022286159,-89.3845397057193
654.543698635144,-36.3201032551539,-89.3873673604764
657.565944812921,-36.3601043945583,-89.3901820336883
660.602145707515,-36.4001056457947,-89.3929837848184
663.652365752501,-36.4401070078381,-89.3957726730596
666.716669678962,-36.4801084796731,-89.3985487573353
669.795122516869,-36.5201100602936,-89.4013120963008
672.887789596457,-36.5601117487024,-89.4040627483447
675.994736549611,-36.6001135439118,-89.4068007715895
679.116029311262,-36.640115444943,-89.4095262238934
682.251734120785,-36.6801174508261,-89.4122391628511
685.401917523402,-36.7201195606001,-89.4149396457951
688.566646371599,-36.760121773313,-89.417627729797
691.74598782654,-36.8001240880212,-89.4203034716682
694.940009359496,-36.84012650379,-89.4229669279617
698.148778753274,-36.8801290196932,-89.425618154973
701.37236410366,-36.9201316348129,-89.4282572087408
704.610833820854,-36.9601343482399,-89.430884145049
707.864256630937,-37.0001371590732,-89.4334990194272
711.132701577315,-37.0401400664199,-89.4361018871518
714.416238022194,-37.0801430693955,-89.4386928032478
717.714935648046,-37.1201461671235,-89.4412718224891
721.028864459092,-37.1601493587355,-89.4438389994002
724.358094782785,-37.200152643371,-89.446394388257
727.702697271303,-37.2401560201773,-89.4489380430883
731.06274290305,-37.2801594883096,-89.4514700176763
734.438302984159,-37.3201630469309,-89.4539903655583
737.829449150007,-37.3601666952118,-89.4564991400274
741.236253366738,-37.4001704323305,-89.4589963941338
744.658787932786,-37.4401742574726,-89.4614821806859
748.09712548041,-37.4801781698315,-89.4639565522511
751.551338977237,-37.5201821686076,-89.4664195611573
755.021501727812,-37.5601862530089,-89.4688712594937
758.507687375148,-37.6001904222505,-89.4713116991119
762.009969902295,-37.6401946755548,-89.4737409316272
765.528423633906,-37.6801990121511,-89.4761590084191
769.063123237816,-37.7202034312762,-89.4785659806332
772.614143726626,-37.7602079321735,-89.4809618991813
776.181560459295,-37.8002125140934,-89.4833468147434
779.76544914274,-37.8402171762933,-89.4857207777678
783.365885833443,-37.8802219180373,-89.488083838473
786.982946939062,-37.9202267385962,-89.4904360468481
790.616709220055,-37.9602316372476,-89.4927774526543
794.26724979131,-38.0002366132758,-89.4951081054254
797.934646123779,-38.0402416659713,-89.4974280544694
801.618976046124,-38.0802467946314,-89.4997373488692
805.320317746366,-38.1202519985599,-89.5020360374835
809.038749773548,-38.1602572770666,-89.5043241689481
812.774351039399,-38.2002626294681,-89.5066017916767
816.527200820011,-38.2402680550868,-89.508868953862
820.297378757519,-38.2802735532517,-89.5111257034767
824.084964861793,-38.3202791232978,-89.5133720882744
827.890039512134,-38.3602847645661,-89.5156081557907
831.712683458982,-38.4002904764037,-89.517833953344
835.552977825628,-38.4402962581637,-89.5200495280367
839.411004109939,-38.4803021092052,-89.5222549267562
843.286844186079,-38.520308028893,-89.5244501961754
847.180580306257,-38.5603140165979,-89.5266353827544
851.092295102468,-38.6003200716963,-89.5288105327408
855.022071588243,-38.6403261935704,-89.530975692171
858.969993160417,-38.6803323816082,-89.5331309068713
862.936143600896,-38.7203386352029,-89.5352762224582
866.920607078432,-38.7603449537539,-89.5374116843402
870.923468150416,-38.8003513366654,-89.5395373377182
874.944811764665,-38.8403577833475,-89.5416532275863
878.984723261233,-38.8803642932156,-89.5437593987333
883.043288374212,-38.9203708656904,-89.5458558957433
887.120593233559,-38.9603775001981,-89.5479427629965
891.216724366924,-39.0003841961699,-89.5500200446703
895.331768701482,-39.0403909530423,-89.5520877847402
899.465813565778,-39.0803977702571,-89.5541460269808
903.618946691586,-39.1204046472611,-89.5561948149664
907.791256215763,-39.160411583506,-89.5582341920722
911.982830682125,-39.200418578449,-89.5602642014751
916.193759043325,-39.2404256315517,-89.5622848861547
920.424130662739,-39.2804327422811,-89.564296288894
924.674035316362,-39.3204399101088,-89.5662984522804
928.943563194717,-39.3604471345114,-89.5682914187066
933.232804904766,-39.4004544149701,-89.5702752303714
937.541851471833,-39.4404617509712,-89.5722499292805
941.870794341538,-39.4804691420053,-89.5742155572479
946.219725381733,-39.520476587568,-89.576172155896
950.588736884456,-39.5604840871594,-89.578119766657
954.977921567889,-39.600491640284,-89.5800584307736
959.387372578323,-39.6404992464512,-89.5819881892998
963.817183492138,-39.6805069051746,-89.5839090831018
968.267448317785,-39.7205146159724,-89.5858211528589
972.738261497785,-39.7605223783672,-89.5877244390644
977.229717910733,-39.8005301918859,-89.5896189820263
981.741912873306,-39.8405380560598,-89.591504821868
986.274942142294,-39.8805459704246,-89.5933819985296
990.828901916626,-39.92055393452,-89.5952505517683
995.403888839413,-39.9605619478901,-89.5971105211595
1000,-40.0005700100832,-89.5989619460975
