theta_rad,mag_dB,phase_deg
0.001,55.06656260137122,-89.96124113266258
0.0017853194932707659,50.03226393591318,-89.93080320392346
0.0025706389865415317,46.86579278283663,-89.9003655548463
0.003355958479812298,44.550326133909394,-89.86992830844909
0.004141277973083064,42.724024634281754,-89.83949158773854
0.00492659746635383,41.21583669834901,-89.80905551571472
0.005711916959624596,39.931218011265976,-89.77862021537354
0.006497236452895362,38.81237112611895,-89.7481858096985
0.007282555946166128,37.82136826839866,-89.71775242166358
0.008067875439436894,36.93197289152758,-89.6873201742292
0.00885319493270766,36.125279194585296,-89.65688919034376
0.009638514425978427,35.38721227298345,-89.62645959293869
0.010423833919249191,34.70701064753329,-89.59603150492877
0.011209153412519959,34.076261482132566,-89.5656050492101
0.011994472905790723,33.48826324789165,-89.53518034866013
0.01277979239906149,32.937590907277944,-89.50475752613244
0.013565111892332254,32.419790987990524,-89.47433670446017
0.014350431385603022,31.93116259866624,-89.44391800645117
0.015135750878873786,31.468596864268676,-89.41350155488675
0.015921070372144554,31.029457022753487,-89.38308747252175
0.01670638986541532,30.61148741996504,-89.35267588208069
0.017491709358686085,30.212743427898747,-89.32226690625922
0.018277028851956853,29.831536766526078,-89.29186066772064
0.019062348345227617,29.466392336945795,-89.26145728909458
0.019847667838498385,29.11601377482829,-89.23105689297559
0.02063298733176915,28.779255692049137,-89.20065960192247
0.021418306825039916,28.455101106282868,-89.17026553845557
0.02220362631831068,28.142642936823425,-89.13987482505625
0.022988945811581448,27.841068718045314,-89.109487584165
0.023774265304852212,27.549647881601885,-89.07910393817997
0.02455958479812298,27.267721106180574,-89.04872400945534
0.025344904291393744,26.994691344132743,-89.01834792030004
0.02613022378466451,26.730016217799122,-88.98797579297653
0.02691554327793528,26.473201542060725,-88.95760774969843
0.027700862771206043,26.22379577868673,-88.9272439126302
0.02848618226447681,25.98138526611791,-88.89688440388488
0.029271501757747575,25.745590098104675,-88.8665293455229
0.030056821251018342,25.51606054808843,-88.83617885955047
0.030842140744289107,25.29247395483936,-88.80583306791772
0.03162746023755987,25.074531999740017,-88.77549209251872
0.03241277973083064,24.861958318060374,-88.74515605518825
0.033198099224101406,24.654496396234947,-88.71482507770082
0.03398341871737217,24.45190771500956,-88.68449928177026
0.034768738210642934,24.25397010474551,-88.65417878904682
0.035554057703913705,24.06047628444118,-88.62386372111652
0.03633937719718447,23.871232560382442,-88.59355419949968
0.03712469669045523,23.686057663938836,-88.5632503456487
0.037910016183726,23.50478171102514,-88.5329522809481
0.03869533567699677,23.3272452682574,-88.50266012671109
0.03948065517026753,23.15329851293857,-88.47237400418032
0.0402659746635383,22.982800475782863,-88.44209403452437
0.04105129415680907,22.815618356788356,-88.41182033883761
0.04183661365007983,22.651626905939146,-88.38155303813856
0.042621933143350596,22.490707861502166,-88.35129225336789
0.04340725263662136,22.332749439608087,-88.32103810538773
0.04419257212989213,22.177645869598315,-88.29079071497966
0.044977891623162895,22.02529697030037,-88.2605502028433
0.04576321111643366,21.875607762980245,-88.23031668959551
0.046548530609704424,21.728488117226973,-88.20009029576802
0.047333850102975195,21.58385242646295,-88.16987114180701
0.04811916959624596,21.441619310154813,-88.13965934807065
0.04890448908951672,21.301711340130886,-88.1094550348287
0.04968980858278749,21.164054788700884,-88.07925832226009
0.05047512807605826,21.028579396526137,-88.04906933045238
0.05126044756932902,20.895218158410714,-88.01888817939988
0.052045767062599786,20.763907125378317,-87.98871498900229
0.05283108655587056,20.634585221571516,-87.95854987906331
0.05361640604914132,20.507194074660706,-87.92839296928923
0.054401725542412085,20.381677858584247,-87.89824437928779
0.05518704503568285,20.257983147559035,-87.86810422856627
0.05597236452895362,20.13605878040613,-87.8379726365306
0.056757684022224385,20.015855734328834,-87.80784972248354
0.05754300351549515,19.897327007363895,-87.77773560562368
0.05832832300876591,19.780427508800422,-87.74763040504386
0.059113642502036684,19.66511395692696,-87.71753423972964
0.05989896199530745,19.551344783526513,-87.68744722855824
0.06068428148857821,19.439080044592025,-87.65736949029683
0.061469600981848976,19.328281336782407,-87.62730114360164
0.06225492047511975,19.218911719181847,-87.59724230701597
0.0630402399683905,19.110935639963376,-87.56719309896927
0.06382555946166128,19.004318867592566,-87.53715363777572
0.06461087895493205,18.89902842623797,-87.5071240416326
0.06539619844820281,18.795032535083514,-87.47710442861936
0.06618151794147357,18.692300551263276,-87.44709491669585
0.06696683743474434,18.59080291616225,-87.41709562370121
0.0677521569280151,18.49051110484765,-87.38710666735263
0.06853747642128587,18.391397578414285,-87.35712816524368
0.06932279591455665,18.29343573904469,-87.32716023484315
0.07010811540782741,18.196599887600634,-87.29720299349388
0.07089343490109817,18.100865183576783,-87.26725655841112
0.07167875439436894,18.006207607260286,-87.23732104668136
0.0724640738876397,17.912603923952165,-87.20739657526109
0.07324939338091047,17.820031650117073,-87.17748326097535
0.07403471287418123,17.728469021338114,-87.14758122051636
0.074820032367452,17.637894961962303,-87.11769057044246
0.07560535186072277,17.54828905633093,-87.0878114271767
0.07639067135399354,17.45963152149635,-87.0579439070052
0.0771759908472643,17.37190318133417,-87.02808812607648
0.07796131034053506,17.285085441965904,-86.99824420039964
0.07874662983380583,17.19916026841345,-86.96841224584325
0.07953194932707659,17.114110162411826,-86.93859237813419
0.08031726882034736,17.029918141312102,-86.90878471285613
0.08110258831361813,16.946567718010723,-86.87898936544862
0.0818879078068889,16.86404288184597,-86.8492064512051
0.08267322730015966,16.78232808040606,-86.81943608527271
0.08345854679343043,16.701408202197317,-86.78967838264997
0.08424386628670119,16.621268560123966,-86.75993345818615
0.08502918577997196,16.541894875734375,-86.73020142657978
0.08581450527324272,16.463273264191542,-86.70048240237759
0.08659982476651348,16.385390219928148,-86.670776499973
0.08738514425978426,16.30823260294916,-86.64108383360502
0.08817046375305503,16.231787625747184,-86.61140451735709
0.08895578324632579,16.15604284079795,-86.58173866515567
0.08974110273959655,16.080986128605424,-86.55208639076916
0.09052642223286732,16.006605686267687,-86.52244780780659
0.09131174172613808,15.932890016536698,-86.4928230297165
0.09209706121940885,15.859827917346493,-86.46321216978565
0.09288238071267962,15.78740847178601,-86.43361534113762
0.09366770020595039,15.715621038493996,-86.40403265673214
0.09445301969922115,15.644455242454956,-86.37446422936334
0.09523833919249192,15.573900966176158,-86.34491017165881
0.09602365868576268,15.503948341226899,-86.31537059607842
0.09680897817903344,15.434587740122387,-86.28584561491293
0.09759429767230421,15.365809768535497,-86.25633534028324
0.09837961716557497,15.29760525782061,-86.2268398841388
0.09916493665884575,15.229965257834708,-86.1973593582565
0.09995025615211652,15.162881030041632,-86.16789387423978
0.10073557564538728,15.096344040886137,-86.138443543517
0.10152089513865804,15.030345955425313,-86.1090084773409
0.10230621463192881,14.96487863120532,-86.07958878678696
0.10309153412519957,14.899934112372321,-86.05018458275231
0.10387685361847034,14.835504624006798,-86.02079597595485
0.10466217311174111,14.77158256667133,-85.9914230769319
0.10544749260501188,14.70816051116212,-85.96206599603913
0.10623281209828264,14.645231193455215,-85.93272484344936
0.1070181315915534,14.582787509838951,-85.90339972915162
0.10780345108482417,14.520822512224214,-85.87409076294998
0.10858877057809493,14.459329403625054,-85.84479805446223
0.1093740900713657,14.398301533802012,-85.81552171311905
0.11015940956463646,14.337732395061394,-85.7862618481628
0.11094472905790724,14.277615618203722,-85.75701856864639
0.111730048551178,14.217944968615067,-85.72779198343231
0.11251536804444877,14.158714342495314,-85.69858220119139
0.11330068753771953,14.099917763217572,-85.66938933040181
0.1140860070309903,14.041549377813352,-85.64021347934815
0.11487132652426106,13.983603453578281,-85.61105475612008
0.11565664601753183,13.926074374793489,-85.58191326861143
0.1164419655108026,13.868956639557904,-85.55278912451926
0.11722728500407337,13.812244856727048,-85.52368243134255
0.11801260449734413,13.755933742954017,-85.49459329638137
0.1187979239906149,13.700018119828588,-85.46552182673567
0.11958324348388566,13.64449291111062,-85.43646812930447
0.12036856297715642,13.589353140053959,-85.40743231078464
0.12115388247042719,13.53459392681739,-85.37841447766999
0.12193920196369795,13.480210485959264,-85.34941473625008
0.12272452145696873,13.426198124012469,-85.32043319260956
0.1235098409502395,13.372552237136858,-85.29146995262674
0.12429516044351026,13.319268308845981,-85.26252512197303
0.125080479936781,13.266341907805488,-85.2335988061115
0.12586579943005177,13.213768685700371,-85.20469111029622
0.12665111892332256,13.161544375168592,-85.17580213957127
0.12743643841659333,13.109664787798586,-85.14693199876945
0.1282217579098641,13.058125812188203,-85.11808079251185
0.12900707740313486,13.006923412063054,-85.0892486252063
0.12979239689640562,12.956053624451819,-85.06043560104679
0.13057771638967638,12.905512557916696,-85.03164182401248
0.13136303588294715,12.85529639083685,-85.00286739786661
0.1321483553762179,12.805401369743075,-84.97411242615563
0.13293367486948868,12.755823807701772,-84.94537701220843
0.13371899436275944,12.706560082746496,-84.91666125913505
0.1345043138560302,12.657606636355505,-84.88796526982617
0.13528963334930097,12.608959971973551,-84.85928914695195
0.13607495284257173,12.560616653576531,-84.83063299296109
0.1368602723358425,12.512573304277378,-84.80199691008013
0.1376455918291133,12.464826604971872,-84.77338100031234
0.13843091132238405,12.41737329302299,-84.74478536543697
0.13921623081565482,12.370210160982449,-84.71621010700828
0.14000155030892558,12.323334055348216,-84.68765532635486
0.14078686980219635,12.276741875356784,-84.65912112457839
0.1415721892954671,12.230430571809068,-84.63060760255304
0.14235750878873787,12.1843971459287,-84.60211486092467
0.14314282828200864,12.138638648251842,-84.5736430001097
0.1439281477752794,12.093152177547289,-84.54519212029454
0.14471346726855017,12.047934879765984,-84.51676232143458
0.14549878676182093,12.002983947019013,-84.48835370325344
0.1462841062550917,11.958296616583013,-84.459966365242
0.14706942574836246,11.913870169932322,-84.43160040665788
0.14785474524163322,11.869701931796811,-84.40325592652425
0.148640064734904,11.825789269244758,-84.37493302362923
0.14942538422817478,11.7821295907898,-84.34663179652516
0.15021070372144554,11.738720345521397,-84.31835234352752
0.1509960232147163,11.695559022257891,-84.29009476271449
0.15178134270798707,11.652643148721575,-84.26185915192592
0.15256666220125784,11.609970290735061,-84.23364560876252
0.1533519816945286,11.567538051438246,-84.20545423058533
0.15413730118779936,11.525344070525323,-84.17728511451473
0.15492262068107013,11.48338602350115,-84.1491383574298
0.1557079401743409,11.441661620956456,-84.12101405596741
0.15649325966761166,11.400168607861263,-84.09291230652175
0.15727857916088242,11.358904762875992,-84.06483320524335
0.15806389865415318,11.317867897679744,-84.03677684803844
0.15884921814742395,11.277055856315242,-84.00874333056808
0.1596345376406947,11.236466514549887,-83.98073274824773
0.16041985713396548,11.196097779252563,-83.9527451962463
0.16120517662723627,11.15594758778559,-83.92478076948541
0.16199049612050703,11.116013907411515,-83.89683956263896
0.1627758156137778,11.076294734714214,-83.86892167013212
0.16356113510704856,11.036788095033966,-83.84102718614069
0.16434645460031932,10.997492041916018,-83.81315620459077
0.1651317740935901,10.958404656572334,-83.78530881915755
0.16591709358686085,10.919524047356099,-83.75748512326507
0.16670241308013162,10.880848349248655,-83.72968521008522
0.16748773257340238,10.842375723358451,-83.7019091725374
0.16827305206667315,10.804104356431786,-83.67415710328758
0.1690583715599439,10.766032460374873,-83.64642909474787
0.16984369105321467,10.72815827178706,-83.61872523907577
0.17062901054648544,10.690480051504743,-83.59104562817356
0.1714143300397562,10.652996084155816,-83.56339035368772
0.17219964953302697,10.615704677724276,-83.53575950700817
0.17298496902629776,10.578604163124757,-83.5081531792678
0.17377028851956852,10.541692893786687,-83.4805714613419
0.1745556080128393,10.50496924524783,-83.45301444384727
0.17534092750611005,10.468431614756966,-83.42548221714208
0.17612624699938081,10.43207842088545,-83.39797487132479
0.17691156649265158,10.395908103147384,-83.37049249623396
0.17769688598592234,10.359919121628277,-83.34303518144745
0.1784822054791931,10.3241099566218,-83.31560301628201
0.17926752497246387,10.288479108274622,-83.28819608979252
0.18005284446573463,10.253025096238924,-83.26081449077162
0.1808381639590054,10.217746459332531,-83.23345830774905
0.18162348345227616,10.182641755206394,-83.20612762899117
0.18240880294554693,10.14770956001927,-83.17882254250034
0.1831941224388177,10.112948468119352,-83.15154313601451
0.18397944193208846,10.078357091732745,-83.1242894970066
0.18476476142535925,10.043934060658582,-83.09706171268402
0.18555008091863,10.009678021970604,-83.06985986998811
0.18633540041190078,9.975587639725026,-83.04268405559368
0.18712071990517154,9.941661594674578,-83.01553435590863
0.1879060393984423,9.90789858398853,-82.98841085707318
0.18869135889171307,9.87429732097855,-82.96131364495962
0.18947667838498383,9.840856534830275,-82.9342428051717
0.1902619978782546,9.807574970340411,-82.90719842304422
0.19104731737152536,9.774451387659296,-82.88018058364263
0.19183263686479612,9.741484562038696,-82.8531893717624
0.1926179563580669,9.708673283584785,-82.82622487192864
0.19340327585133765,9.676016357016161,-82.79928716839578
0.19418859534460842,9.643512601426746,-82.77237634514691
0.19497391483787918,9.611160850053498,-82.74549248589348
0.19575923433114994,9.578959950048763,-82.71863567407486
0.19654455382442074,9.546908762257235,-82.69180599285794
0.1973298733176915,9.515006160997332,-82.66500352513663
0.19811519281096227,9.483251033846912,-82.63822835353145
0.19890051230423303,9.451642281433255,-82.61148056038925
0.1996858317975038,9.42017881722719,-82.58476022778275
0.20047115129077456,9.388859567341235,-82.55806743751013
0.20125647078404532,9.357683470331713,-82.53140227109454
0.20204179027731609,9.32664947700472,-82.50476480978399
0.20282710977058685,9.29575655022585,-82.47815513455072
0.2036124292638576,9.265003664733618,-82.45157332609102
0.20439774875712838,9.23438980695645,-82.42501946482473
0.20518306825039914,9.203913974833233,-82.39849363089493
0.2059683877436699,9.173575177637233,-82.37199590416769
0.20675370723694067,9.14337243580342,-82.34552636423163
0.20753902673021143,9.113304780759051,-82.31908509039751
0.20832434622348223,9.083371254757434,-82.29267216169815
0.209109665716753,9.053570910714887,-82.2662876568878
0.20989498521002375,9.023902812050665,-82.23993165444217
0.21068030470329452,8.994366032529951,-82.21360423255776
0.21146562419656528,8.964959656109752,-82.18730546915181
0.21225094368983605,8.935682776787639,-82.16103544186194
0.2130362631831068,8.906534498453308,-82.1347942280458
0.21382158267637758,8.877513934742858,-82.10858190478086
0.21460690216964834,8.848620208895731,-82.08239854886406
0.2153922216629191,8.819852453614317,-82.05624423681165
0.21617754115618987,8.791209810926064,-82.03011904485882
0.21696286064946063,8.762691432048111,-82.00402304895947
0.2177481801427314,8.734296477254393,-81.9779563247859
0.21853349963600216,8.706024115745082,-81.95191894772876
0.21931881912927292,8.677873525518459,-81.9259109928965
0.22010413862254372,8.649843893244999,-81.89993253511554
0.22088945811581448,8.62193441414374,-81.87398364892954
0.22167477760908524,8.594144291860843,-81.8480644085996
0.222460097102356,8.566472738350303,-81.82217488810393
0.22324541659562677,8.538918973756779,-81.79631516113741
0.22403073608889754,8.511482226300446,-81.77048530111178
0.2248160555821683,8.484161732163887,-81.74468538115507
0.22560137507543906,8.456956735381008,-81.71891547411165
0.22638669456870983,8.429866487727773,-81.69317565254191
0.2271720140619806,8.402890248614948,-81.66746598872221
0.22795733355525136,8.376027284982644,-81.64178655464453
0.22874265304852212,8.349276871196663,-81.61613742201648
0.22952797254179289,8.322638288946688,-81.59051866226095
0.23031329203506365,8.296110827146112,-81.56493034651612
0.2310986115283344,8.269693781833688,-81.53937254563525
0.2318839310216052,8.243386456076767,-81.51384533018651
0.23266925051487597,8.217188159876219,-81.4883487704528
0.23345457000814673,8.19109821007293,-81.46288293643177
0.2342398895014175,8.165115930255903,-81.43744789783554
0.23502520899468826,8.13924065067187,-81.41204372409054
0.23581052848795903,8.113471708136428,-81.38667048433766
0.2365958479812298,8.08780844594667,-81.36132824743187
0.23738116747450055,8.062250213795233,-81.33601708194216
0.23816648696777132,8.036796367685783,-81.31073705615157
0.23895180646104208,8.011446269849946,-81.28548823805696
0.23973712595431285,7.986199288665471,-81.260270695369
0.2405224454475836,7.961054798575901,-81.23508449551204
0.24130776494085437,7.936012180011423,-81.2099297056241
0.24209308443412514,7.911070819311084,-81.18480639255667
0.2428784039273959,7.886230108646227,-81.15971462287483
0.2436637234206667,7.861489445945196,-81.13465446285701
0.24444904291393746,7.836848234819225,-81.10962597849505
0.24523436240720822,7.81230588448955,-81.08462923549408
0.246019681900479,7.787861809715665,-81.05966429927255
0.24680500139374975,7.763515430724731,-81.03473123496215
0.24759032088702052,7.739266173142112,-81.0098301074078
0.24837564038029128,7.7151134679230085,-80.98496098116753
0.24916095987356204,7.6910567512851795,-80.96012392051259
0.2499462793668328,7.667095464642721,-80.93531898942742
0.25073159886010354,7.6432290545408925,-80.91054625160949
0.25151691835337436,7.6194569725919425,-80.8858057704695
0.2523022378466451,7.595778675411963,-80.86109760913122
0.2530875573399159,7.572193624558727,-80.8364218304316
0.25387287683318666,7.548701286470477,-80.81177849692075
0.2546581963264574,7.525301132405659,-80.78716767086189
0.2554435158197282,7.501992638383596,-80.76258941423148
0.25622883531299895,7.478775285126097,-80.7380437887192
0.2570141548062697,7.455648557999892,-80.71353085572794
0.2577994742995405,7.432611946960047,-80.6890506763739
0.25858479379281124,7.409664946494155,-80.66460331148663
0.259370113286082,7.386807055567415,-80.64018882160903
0.26015543277935277,7.364037777568545,-80.61580726699746
0.26094075227262353,7.341356620256501,-80.59145870762174
0.2617260717658943,7.318763095707995,-80.5671432031653
0.26251139125916506,7.296256720265836,-80.5428608130251
0.2632967107524358,7.273837014487987,-80.5186115963119
0.2640820302457066,7.251503503097436,-80.4943956118502
0.26486734973897735,7.229255714932792,-80.47021291817836
0.2656526692322481,7.207093182899596,-80.4460635735487
0.2664379887255189,7.185015443922395,-80.42194763592755
0.26722330821878965,7.163022038897481,-80.39786516299543
0.2680086277120604,7.141112512646356,-80.3738162121471
0.2687939472053312,7.119286413869872,-80.34980084049171
0.26957926669860194,7.097543295103029,-80.32581910485281
0.2703645861918727,7.075882712670456,-80.30187106176867
0.27114990568514347,7.054304226642502,-80.27795676749209
0.27193522517841423,7.032807400792018,-80.2540762779909
0.272720544671685,7.011391802551711,-80.23022964894786
0.2735058641649558,6.990057002972156,-80.2064169357608
0.2742911836582266,6.968802576680378,-80.18263819354287
0.27507650315149734,6.947628101839061,-80.1588934771226
0.2758618226447681,6.926533160106299,-80.1351828410441
0.27664714213803887,6.905517336595955,-80.11150633956727
0.27743246163130963,6.884580219838597,-80.08786402666775
0.2782177811245804,6.86372140174292,-80.06425595603737
0.27900310061785116,6.842940477557795,-80.04068218108418
0.2797884201111219,6.822237045834809,-80.01714275493252
0.2805737396043927,6.801610708391336,-79.99363773042346
0.28135905909766346,6.78106107027411,-79.97016716011476
0.2821443785909342,6.7605877397233805,-79.94673109628118
0.282929698084205,6.740190328137453,-79.92332959091463
0.28371501757747575,6.719868450037831,-79.89996269572435
0.2845003370707465,6.699621723034777,-79.8766304621372
0.2852856565640173,6.679449767793372,-79.85333294129774
0.28607097605728804,6.6593522080000325,-79.83007018406863
0.2868562955505588,6.639328670329513,-79.8068422410306
0.28764161504382957,6.6193787844123255,-79.7836491624829
0.28842693453710033,6.599502182802638,-79.7604909984434
0.2892122540303711,6.5796985009465985,-79.73736779864889
0.28999757352364186,6.559967377151067,-79.71427961255525
0.2907828930169126,6.540308452552825,-79.69122648933767
0.2915682125101834,6.520721371088149,-79.66820847789107
0.29235353200345415,6.501205779462821,-79.64522562683008
0.2931388514967249,6.4817613271225465,-79.62227798448959
0.2939241709899957,6.4623876662237585,-79.5993655989247
0.29470949048326645,6.443084451604815,-79.57648851791126
0.2954948099765372,6.423851340757585,-79.55364678894591
0.296280129469808,6.404687993799407,-79.53084045924652
0.2970654489630788,6.385594073445425,-79.50806957575234
0.29785076845634956,6.366569244981314,-79.4853341851244
0.2986360879496203,6.347613176236294,-79.46263433374568
0.2994214074428911,6.328725537556615,-79.43997006772139
0.30020672693616185,6.309906001779249,-79.4173414328794
0.3009920464294326,6.29115424420608,-79.3947484747704
0.3017773659227034,6.272469942578298,-79.37219123866824
0.30256268541597414,6.253852777051212,-79.34966976957023
0.3033480049092449,6.235302430169351,-79.32718411219744
0.30413332440251567,6.216818586841927,-79.30473431099507
0.30491864389578643,6.1984009343185456,-79.28232041013266
0.3057039633890572,6.180049162165315,-79.2599424535045
0.30648928288232796,6.161762962241204,-79.23760048472985
0.3072746023755987,6.1435420286747275,-79.2152945471534
0.3080599218688695,6.125386057840927,-79.19302468384551
0.30884524136214025,6.107294748338635,-79.1707909376025
0.309630560855411,6.089267800968063,-79.14859335094714
0.3104158803486818,6.071304918708629,-79.12643196612885
0.31120119984195255,6.053405806697089,-79.10430682512406
0.3119865193352233,6.035570172205967,-79.08221796963664
0.3127718388284941,6.017797724622219,-79.06016544109823
0.31355715832176484,6.0000881754261846,-79.03814928066845
0.3143424778150356,5.9824412381708,-79.01616952923548
0.31512779730830637,5.96485662846108,-78.99422622741629
0.31591311680157713,5.947334063933848,-78.97231941555704
0.3166984362948479,5.929873264237711,-78.95044913373341
0.31748375578811866,5.912473951013323,-78.928615421751
0.3182690752813894,5.895135847873824,-78.9068183191458
0.3190543947746602,5.877858680385582,-78.8850578651844
0.31983971426793095,5.860642176049172,-78.86333409886447
0.32062503376120177,5.843486064280534,-78.84164705891513
0.32141035325447254,5.826390076392418,-78.8199967837974
0.3221956727477433,5.80935394557604,-78.79838331170444
0.32298099224101406,5.792377406882952,-78.77680668056212
0.32376631173428483,5.775460197207153,-78.7552669280293
0.3245516312275556,5.758602055267388,-78.73376409149833
0.32533695072082636,5.741802721589702,-78.71229820809532
0.3261222702140971,5.7250619384901675,-78.69086931468071
0.3269075897073679,5.708379450057856,-78.66947744784959
0.32769290920063865,5.691755002137963,-78.64812264393211
0.3284782286939094,5.6751883423152165,-78.62680493899393
0.3292635481871802,5.658679219897387,-78.60552436883661
0.33004886768045094,5.6422273858991,-78.58428096899812
0.3308341871737217,5.625832593025737,-78.5630747747532
0.33161950666699247,5.609494595657617,-78.54190582111376
0.33240482616026323,5.593213149834305,-78.52077414282935
0.333190145653534,5.5769880132391485,-78.49967977438766
0.33397546514680476,5.560818945183959,-78.47862275001488
0.3347607846400755,5.544705706593916,-78.45760310367616
0.3355461041333463,5.528648059992614,-78.4366208690761
0.33633142362661705,5.512645769487302,-78.4156760796591
0.3371167431198878,5.496698600754286,-78.39476876860992
0.3379020626131586,5.480806321024528,-78.3738989688541
0.33868738210642935,5.464968699069377,-78.35306671305842
0.3394727015997001,5.4491855051864855,-78.33227203363133
0.3402580210929709,5.433456511185905,-78.31151496272344
0.34104334058624164,5.417781490376292,-78.290795532228
0.3418286600795124,5.402160217551353,-78.27011377378133
0.34261397957278317,5.386592468976349,-78.24946971876334
0.34339929906605393,5.3710780223748555,-78.22886339829795
0.34418461855932475,5.355616656915588,-78.20829484325365
0.3449699380525955,5.340208153199449,-78.18776408424388
0.3457552575458663,5.324852293246653,-78.16727115162757
0.34654057703913704,5.309548860484074,-78.14681607550966
0.3473258965324078,5.294297639732667,-78.1263988857415
0.34811121602567857,5.279098417195101,-78.10601961192134
0.34889653551894934,5.26395098044346,-78.085678283395
0.3496818550122201,5.24885511840714,-78.06537492925612
0.35046717450549086,5.233810621360852,-78.0451095783468
0.35125249399876163,5.21881728091277,-78.02488225925812
0.3520378134920324,5.203874889992831,-78.00469300033052
0.35282313298530316,5.188983242841125,-77.98454182965443
0.3536084524785739,5.174142134996441,-77.96442877507073
0.3543937719718447,5.159351363284941,-77.94435386417123
0.35517909146511545,5.144610725808957,-77.92431712429921
0.3559644109583862,5.129920021935916,-77.90431858254996
0.356749730451657,5.115279052287374,-77.8843582657713
0.35753504994492774,5.100687618728184,-77.86443620056397
0.3583203694381985,5.086145524355782,-77.84455241328234
0.35910568893146927,5.071652573489588,-77.82470693003486
0.35989100842474003,5.057208571660528,-77.80489977668446
0.3606763279180108,5.042813325600669,-77.78513097884934
0.36146164741128156,5.028466643232965,-77.76540056190323
0.3622469669045523,5.0141683336610985,-77.74570855097609
0.3630322863978231,4.99991820715949,-77.72605497095462
0.36381760589109385,4.985716075163343,-77.70643984648271
0.3646029253843646,4.9715617502588465,-77.68686320196211
0.3653882448776354,4.957455046173453,-77.66732506155287
0.36617356437090615,4.9433957777663045,-77.64782544917392
0.3669588838641769,4.929383761018699,-77.6283643885036
0.36774420335744773,4.915418813024725,-77.60894190298022
0.3685295228507185,4.901500751981944,-77.5895580158026
0.36931484234398926,4.887629397182215,-77.57021274993065
0.37010016183726,4.87380456900257,-77.55090612808588
0.3708854813305308,4.860026088896239,-77.53163817275195
0.37167080082380155,4.846293779383731,-77.51240890617531
0.3724561203170723,4.832607464044029,-77.49321835036558
0.3732414398103431,4.818966967505874,-77.47406652709635
0.37402675930361384,4.805372115439137,-77.45495345790552
0.3748120787968846,4.791822734546285,-77.43587916409604
0.37559739829015537,4.778318652553943,-77.41684366673634
0.37638271778342614,4.764859698204537,-77.39784698666094
0.3771680372766969,4.751445701248026,-77.37888914447103
0.37795335676996766,4.738076492433709,-77.35997016053511
0.3787386762632384,4.724751903502166,-77.34109005498941
0.3795239957565092,4.711471767177194,-77.32224884773852
0.38030931524977996,4.698235917157933,-77.30344655845609
0.3810946347430507,4.6850441881109814,-77.28468320658521
0.3818799542363215,4.671896415662654,-77.26595881133915
0.38266527372959225,4.658792436391284,-77.24727339170178
0.383450593222863,4.645732087819639,-77.22862696642834
0.3842359127161338,4.632715208407373,-77.21001955404584
0.38502123220940454,4.619741637543585,-77.19145117285379
0.3858065517026753,4.60681121553945,-77.17292184092469
0.38659187119594607,4.593923783620924,-77.15443157610464
0.38737719068921683,4.581079183921519,-77.13598039601396
0.3881625101824876,4.568277259475142,-77.11756831804773
0.38894782967575836,4.555517854209038,-77.09919535937647
0.3897331491690291,4.542800812936777,-77.08086153694651
0.3905184686622999,4.530125981351322,-77.06256686748098
0.3913037881555707,4.51749320601816,-77.04431136747996
0.3920891076488415,4.504902334368521,-77.02609505322138
0.39287442714211224,4.492353214692631,-77.0079179407615
0.393659746635383,4.479845696133077,-76.98978004593552
0.39444506612865377,4.467379628678208,-76.97168138435822
0.39523038562192453,4.454954863155596,-76.9536219714245
0.3960157051151953,4.442571251225595,-76.93560182230998
0.39680102460846606,4.430228645374935,-76.9176209519717
0.3975863441017368,4.417926898910387,-76.89967937514865
0.3983716635950076,4.405665865952509,-76.88177710636232
0.39915698308827835,4.3934454014294175,-76.86391415991743
0.3999423025815491,4.381265361070652,-76.84609054990244
0.4007276220748199,4.369125601401098,-76.82830629019024
0.40151294156809064,4.3570259797349475,-76.8105613944387
0.4022982610613614,4.3449663541697365,-76.79285587609127
0.40308358055463217,4.332946583580448,-76.77518974837766
0.40386890004790293,4.320966527613635,-76.75756302431434
0.4046542195411737,4.309026046681674,-76.7399757167053
0.40543953903444446,4.297125001956971,-76.72242783814258
0.4062248585277152,4.2852632553663375,-76.70491940100685
0.407010178020986,4.273440669585317,-76.6874504174681
0.40779549751425676,4.261657108032654,-76.67002089948622
0.4085808170075275,4.249912434864739,-76.65263085881163
0.4093661365007983,4.238206514970187,-76.63528030698592
0.41015145599406905,4.226539213964387,-76.61796925534239
0.4109367754873398,4.214910398184171,-76.60069771500673
0.4117220949806106,4.20331993468249,-76.58346569689772
0.41250741447388134,4.191767691223168,-76.56627321172766
0.4132927339671521,4.180253536275684,-76.54912027000313
0.41407805346042287,4.168777339010028,-76.53200688202566
0.41486337295369363,4.157338969291587,-76.51493305789216
0.41564869244696445,4.145938297676076,-76.49789880749574
0.4164340119402352,4.134575195404555,-76.48090414052626
0.417219331433506,4.123249534398433,-76.4639490664709
0.41800465092677674,4.111961187254572,-76.44703359461488
0.4187899704200475,4.100710027240405,-76.43015773404206
0.4195752899133183,4.089495928289118,-76.41332149363554
0.42036060940658904,4.078318764994872,-76.39652488207825
0.4211459288998598,4.06717841260807,-76.37976790785375
0.42193124839313056,4.056074747030648,-76.36305057924666
0.42271656788640133,4.045007644811452,-76.34637290434338
0.4235018873796721,4.033976983141621,-76.32973489103276
0.42428720687294286,4.02298263985004,-76.31313654700661
0.4250725263662136,4.012024493398811,-76.29657787976048
0.4258578458594844,4.001102422878769,-76.28005889659416
0.42664316535275515,3.990216308005074,-76.26357960461245
0.4274284848460259,3.9793660291127897,-76.24714001072559
0.4282138043392967,3.9685514671525457,-76.23074012165019
0.42899912383256744,3.9577725036862144,-76.21437994390949
0.4297844433258382,3.9470290208826535,-76.19805948383434
0.43056976281910897,3.936320901513462,-76.18177874756367
0.43135508231237973,3.9256480289487654,-76.16553774104509
0.4321404018056505,3.9150102871530974,-76.14933647003562
0.43292572129892126,3.904407560681257,-76.13317494010225
0.433711040792192,3.893839734674211,-76.11705315662267
0.4344963602854628,3.883306694855087,-76.10097112478577
0.43528167977873355,3.872808327525141,-76.08492884959246
0.4360669992720043,3.862344519559779,-76.06892633585602
0.4368523187652751,3.851915158404642,-76.0529635882031
0.43763763825854585,3.8415201320716874,-76.03704061107408
0.4384229577518166,3.8311593291353336,-76.0211574087238
0.43920827724508743,3.820832638728625,-76.0053139852222
0.4399935967383582,3.8105399505394293,-75.98951034445497
0.44077891623162896,3.8002811548066906,-75.97374649012414
0.4415642357248997,3.7900561423166765,-75.9580224257488
0.4423495552181705,3.7798648043993066,-75.9423381546656
0.44313487471144125,3.7697070329244804,-75.92669368002957
0.443920194204712,3.7595827202984355,-75.91108900481458
0.4447055136979828,3.74949175946016,-75.8955241318141
0.44549083319125354,3.739434043877824,-75.87999906364179
0.4462761526845243,3.729409467545246,-75.86451380273213
0.44706147217779507,3.719417924978385,-75.84906835134106
0.44784679167106584,3.7094593112118757,-75.8336627115467
0.4486321111643366,3.699533521795569,-75.81829688524982
0.44941743065760736,3.6896404527911293,-75.80297087417462
0.45020275015087813,3.679780000768655,-75.78768467986934
0.4509880696441489,3.6699520628033264,-75.77243830370685
0.45177338913741966,3.660156536472068,-75.75723174688537
0.4525587086306904,3.6503933198502665,-75.74206501042899
0.4533440281239612,3.6406623115084957,-75.72693809518837
0.45412934761723195,3.6309634105092874,-75.71185100184144
0.4549146671105027,3.621296516403913,-75.69680373089396
0.4556999866037735,3.6116615292292007,-75.68179628268012
0.45648530609704424,3.602058349504382,-75.66682865736331
0.457270625590315,3.592486878227976,-75.65190085493663
0.45805594508358577,3.5829470168746607,-75.63701287522358
0.45884126457685653,3.573438667392221,-75.6221647178787
0.4596265840701273,3.563961732198495,-75.60735638238823
0.46041190356339806,3.554516114178345,-75.59258786807061
0.4611972230566688,3.545101716680673,-75.57785917407733
0.4619825425499396,3.535718443515436,-75.5631702993934
0.4627678620432104,3.5263661989507042,-75.54852124283806
0.4635531815364812,3.5170448877097504,-75.53391200306537
0.46433850102975194,3.5077544149681334,-75.51934257856487
0.4651238205230227,3.498494686350853,-75.50481296766228
0.46590914001629347,3.4892656079294735,-75.49032316851992
0.46669445950956423,3.48006708621932,-75.47587317913771
0.467479779002835,3.4708990281766723,-75.46146299735334
0.46826509849610576,3.461761341195984,-75.4470926208433
0.4690504179893765,3.4526539331071393,-75.43276204712336
0.4698357374826473,3.443576712172713,-75.41847127354913
0.47062105697591805,3.4345295870852626,-75.4042202973168
0.4714063764691888,3.4255124669646597,-75.39000911546376
0.4721916959624596,3.416525261355403,-75.37583772486916
0.47297701545573034,3.407567880223988,-75.36170612225457
0.4737623349490011,3.3986402339563018,-75.34761430418472
0.47454765444227187,3.389742233355002,-75.33356226706793
0.47533297393554264,3.3808737896369583,-75.31955000715693
0.4761182934288134,3.372034814430691,-75.30557752054933
0.47690361292208416,3.3632252197738404,-75.2916448031884
0.4776889324153549,3.354444918110649,-75.27775185086355
0.4784742519086257,3.3456938222894657,-75.26389865921105
0.47925957140189646,3.336971845560304,-75.25008522371466
0.4800448908951672,3.3282789015723413,-75.2363115397062
0.480830210388438,3.319614904371523,-75.22257760236621
0.48161552988170875,3.3109797683981452,-75.20888340672457
0.4824008493749795,3.302373408484445,-75.19522894766114
0.4831861688682503,3.2937957398522495,-75.18161421990635
0.48397148836152104,3.2852466781106098,-75.16803921804187
0.4847568078547918,3.2767261392534675,-75.15450393650116
0.48554212734806257,3.268234039657345,-75.14100836957019
0.4863274468413334,3.259770296079031,-75.12755251138795
0.48711276633460415,3.2513348256533243,-75.1141363559472
0.4878980858278749,3.2429275458907565,-75.10075989709496
0.4886834053211457,3.2345483746753523,-75.0874231285332
0.48946872481441644,3.2261972302624113,-75.07412604381948
0.4902540443076872,3.217874031276304,-75.06086863636752
0.491039363800958,3.2095786967082596,-75.0476508994478
0.49182468329422874,3.2013111459142185,-75.03447282618828
0.4926100027874995,3.1930712986126677,-75.02133440957488
0.49339532228077027,3.1848590748825094,-75.00823564245223
0.49418064177404103,3.1766743951609193,-74.99517651752414
0.4949659612673118,3.1685171802412704,-74.98215702735438
0.49575128076058256,3.160387351271026,-74.96917716436711
0.4965366002538533,3.1522848297496795,-74.95623692084766
0.4973219197471241,3.1442095375266934,-74.94333628894303
0.49810723924039485,3.1361613967994595,-74.93047526066258
0.4988925587336656,3.12814033011128,-74.91765382787855
0.4996778782269364,3.12014626034936,-74.90487198232678
0.5004631977202071,3.1121791107428107,-74.8921297156072
0.501248517213478,3.1042388048606813,-74.87942701918455
0.5020338367067487,3.096325266609996,-74.86676388438887
0.5028191562000195,3.088438420233799,-74.85414030241624
0.5036044756932903,3.0805781903092315,-74.84155626432928
0.504389795186561,3.0727445017456336,-74.82901176105781
0.5051751146798318,3.064937279782602,-74.81650678339939
0.5059604341731025,3.0571564499881427,-74.80404132202003
0.5067457536663733,3.049401938256789,-74.7916153674547
0.5075310731596441,3.0416736708077226,-74.77922891010792
0.5083163926529148,3.0339715741829614,-74.76688194025446
0.5091017121461856,3.0262955752455127,-74.75457444803989
0.5098870316394564,3.0186456011775613,-74.7423064234811
0.5106723511327271,3.0110215794786725,-74.73007785646699
0.5114576706259979,3.0034234379639964,-74.71788873675915
0.5122429901192687,2.9958511047625045,-74.70573905399216
0.5130283096125394,2.9883045083152187,-74.69362879767455
0.5138136291058102,2.980783577373468,-74.6815579571891
0.514598948599081,2.9732882409971584,-74.66952652179361
0.5153842680923517,2.9658184285530447,-74.65753448062141
0.5161695875856225,2.95837406971303,-74.64558182268199
0.5169549070788932,2.950955094452466,-74.63366853686159
0.517740226572164,2.9435614330484676,-74.62179461192372
0.5185255460654348,2.9361930160782554,-74.60996003650985
0.5193108655587055,2.928849774417475,-74.59816479913992
0.5200961850519763,2.921531639238583,-74.586408888213
0.5208815045452471,2.9142385420091825,-74.57469229200778
0.5216668240385178,2.906970414490427,-74.56301499868324
0.5224521435317886,2.8997271887354015,-74.55137699627917
0.5232374630250594,2.892508797087518,-74.53977827271683
0.5240227825183301,2.88531517217895,-74.52821881579945
0.5248081020116009,2.878146246929045,-74.5166986132128
0.5255934215048716,2.8710019545427574,-74.50521765252591
0.5263787409981424,2.8638822285091186,-74.49377592119147
0.5271640604914132,2.856787002599675,-74.4823734065465
0.5279493799846839,2.849716210866984,-74.47101009581299
0.5287346994779547,2.84266978764308,-74.45968597609827
0.5295200189712255,2.8356476675379727,-74.4484010343958
0.5303053384644962,2.8286497854381585,-74.43715525758564
0.531090657957767,2.821676076505129,-74.42594863243502
0.5318759774510378,2.8147264761739037,-74.41478114559897
0.5326612969443085,2.80780092015158,-74.40365278362076
0.5334466164375793,2.80089934441585,-74.39256353293267
0.53423193593085,2.794021685213588,-74.38151337985634
0.5350172554241208,2.7871678790594103,-74.37050231060351
0.5358025749173916,2.7803378627342594,-74.35953031127649
0.5365878944106623,2.7735315732839814,-74.34859736786873
0.5373732139039331,2.7667489480179475,-74.33770346626545
0.5381585333972039,2.7599899245076394,-74.3268485922441
0.5389438528904746,2.753254440585287,-74.316032731475
0.5397291723837454,2.746542434342503,-74.3052558695219
0.5405144918770162,2.739853844128895,-74.29451799184244
0.5412998113702869,2.733188608550749,-74.28381908378883
0.5420851308635577,2.7265466664696634,-74.27315913060839
0.5428704503568285,2.7199279570012322,-74.26253811744401
0.5436557698500992,2.7133324195137187,-74.25195602933479
0.54444108934337,2.7067599936267417,-74.24141285121657
0.5452264088366409,2.700210619209967,-74.23090856792243
0.5460117283299116,2.6936842363818285,-74.22044316418338
0.5467970478231824,2.6871807855082324,-74.21001662462875
0.5475823673164532,2.680700207201271,-74.19962893378681
0.5483676868097239,2.6742424423179822,-74.18928007608537
0.5491530063029947,2.6678074319590777,-74.17897003585219
0.5499383257962654,2.6613951174676758,-74.16869879731564
0.5507236452895362,2.6550054404280954,-74.15846634460523
0.551508964782807,2.648638342664596,-74.14827266175209
0.5522942842760777,2.642293766240173,-74.13811773268955
0.5530796037693485,2.6359716534553277,-74.12800154125371
0.5538649232626193,2.629671946846872,-74.11792407118392
0.55465024275589,2.6233945891867254,-74.10788530612332
0.5554355622491608,2.617139523480722,-74.0978852296195
0.5562208817424316,2.6109066929674403,-74.08792382512479
0.5570062012357023,2.6046960411170184,-74.07800107599702
0.5577915207289731,2.598507511629991,-74.0681169655
0.5585768402222439,2.592341048436137,-74.05827147680395
0.5593621597155146,2.5861965956933215,-74.04846459298615
0.5601474792087854,2.5800740977863734,-74.03869629703138
0.5609327987020561,2.5739734993259242,-74.0289665718325
0.5617181181953269,2.5678947451472904,-74.01927540019099
0.5625034376885977,2.5618377803093795,-74.00962276481737
0.5632887571818684,2.555802550093545,-74.00000864833191
0.5640740766751392,2.549789000002507,-73.99043303326496
0.56485939616841,2.5437970757592394,-73.98089590205755
0.5656447156616807,2.537826723305903,-73.97139723706199
0.5664300351549515,2.531877888802734,-73.96193702054222
0.5672153546482223,2.525950518627001,-73.95251523467445
0.568000674141493,2.5200445593719256,-73.94313186154766
0.5687859936347638,2.5141599578456155,-73.93378688316407
0.5695713131280346,2.508296661070024,-73.92448028143973
0.5703566326213053,2.502454616279902,-73.91521203820491
0.5711419521145761,2.4966337709217585,-73.90598213520477
0.5719272716078468,2.490834072652825,-73.89679055409967
0.5727125911011176,2.485055469340044,-73.8876372764659
0.5734979105943884,2.479297909059037,-73.87852228379603
0.5742832300876591,2.473561340093103,-73.86944555749946
0.5750685495809299,2.46784571093221,-73.8604070789029
0.5758538690742007,2.4621509702720044,-73.85140682925098
0.5766391885674714,2.4564770670128064,-73.84244478970659
0.5774245080607422,2.450823950258645,-73.83352094135151
0.578209827554013,2.4451915693162656,-73.82463526518681
0.5789951470472837,2.439579873694157,-73.81578774213348
0.5797804665405545,2.4339888131016103,-73.80697835303276
0.5805657860338252,2.4284183374477224,-73.79820707864675
0.581351105527096,2.4228683968404767,-73.78947389965892
0.5821364250203668,2.4173389415857782,-73.78077879667444
0.5829217445136375,2.4118299221865276,-73.77212175022092
0.5837070640069083,2.4063412893416753,-73.76350274074866
0.5844923835001791,2.400872993945298,-73.75492174863132
0.5852777029934498,2.395424987085684,-73.74637875416626
0.5860630224867206,2.389997220044399,-73.73787373757514
0.5868483419799914,2.3845896442953958,-73.72940667900434
0.5876336614732621,2.3792022115041087,-73.7209775585255
0.5884189809665329,2.3738348735265475,-73.71258635613594
0.5892043004598037,2.3684875824083997,-73.70423305175915
0.5899896199530744,2.3631602903841644,-73.69591762524529
0.5907749394463452,2.35785294987625,-73.68764005637168
0.591560258939616,2.3525655134941164,-73.67940032484321
0.5923455784328868,2.3472979340333966,-73.67119841029297
0.5931308979261576,2.342050164475027,-73.66303429228252
0.5939162174194283,2.3368221579844133,-73.65490795030247
0.5947015369126991,2.3316138679105407,-73.64681936377295
0.5954868564059699,2.3264252477851612,-73.6387685120441
0.5962721758992406,2.321256251321929,-73.63075537439646
0.5970574953925114,2.31610683241558,-73.62277993004149
0.5978428148857822,2.310976945141082,-73.61484215812209
0.5986281343790529,2.305866543752822,-73.60694203771293
0.5994134538723237,2.3007755826837895,-73.59907954782099
0.6001987733655945,2.2957040165447435,-73.59125466738607
0.6009840928588652,2.2906518001234155,-73.58346737528117
0.601769412352136,2.2856188883837074,-73.57571765031297
0.6025547318454068,2.280605236464874,-73.56800547122229
0.6033400513386775,2.2756107996807358,-73.56033081668457
0.6041253708319483,2.2706355335189095,-73.55269366531029
0.604910690325219,2.2656793936399793,-73.54509399564543
0.6056960098184898,2.2607423358767575,-73.53753178617194
0.6064813293117606,2.2558243162334857,-73.5300070153082
0.6072666488050313,2.2509252908850663,-73.52251966140939
0.6080519682983021,2.246045216176312,-73.51506970276809
0.6088372877915729,2.24118404862116,-73.50765711761453
0.6096226072848436,2.2363417449019445,-73.50028188411719
0.6104079267781144,2.231518261868607,-73.49294398038322
0.6111932462713852,2.226713556537993,-73.4856433844588
0.6119785657646559,2.221927586093071,-73.47838007432965
0.6127638852579267,2.21716030788222,-73.47115402792149
0.6135492047511975,2.212411679418481,-73.46396522310039
0.6143345242444682,2.207681658378841,-73.4568136376733
0.615119843737739,2.20297020260349,-73.44969924938846
0.6159051632310097,2.1982772700951223,-73.44262203593574
0.6166904827242805,2.1936028190182073,-73.43558197494725
0.6174758022175513,2.1889468076982777,-73.42857904399762
0.618261121710822,2.184309194621236,-73.42161322060444
0.6190464412040928,2.179689938432633,-73.41468448222888
0.6198317606973636,2.175088997936981,-73.40779280627581
0.6206170801906343,2.170506332097057,-73.40093817009448
0.6214023996839051,2.165941900033222,-73.39412055097883
0.6221877191771759,2.1613956610227105,-73.38733992616791
0.6229730386704466,2.1568675744989783,-73.38059627284633
0.6237583581637174,2.1523576000510056,-73.37388956814473
0.6245436776569881,2.1478656974226276,-73.3672197891401
0.6253289971502589,2.1433918265118774,-73.3605869128562
0.6261143166435297,2.1389359473702925,-73.35399091626414
0.6268996361368004,2.1344980202022916,-73.34743177628258
0.6276849556300712,2.1300780053644797,-73.34090946977824
0.628470275123342,2.125675863365023,-73.33442397356637
0.6292555946166127,2.121291554862987,-73.32797526441107
0.6300409141098835,2.1169250406676854,-73.32156331902567
0.6308262336031543,2.1125762817380545,-73.31518811407335
0.631611553096425,2.1082452391819997,-73.30884962616723
0.6323968725896958,2.1039318742557667,-73.30254783187104
0.6331821920829666,2.0996361483633184,-73.29628270769943
0.6339675115762373,2.095358023055699,-73.29005423011832
0.6347528310695081,2.091097460030404,-73.28386237554537
0.6355381505627788,2.0868544211307887,-73.2777071203504
0.6363234700560496,2.0826288683454255,-73.27158844085571
0.6371087895493204,2.0784207638074896,-73.26550631333649
0.6378941090425911,2.0742300697941856,-73.25946071402132
0.6386794285358619,2.070056748726099,-73.25345161909243
0.6394647480291327,2.065900763166625,-73.24747900468616
0.6402500675224035,2.0617620758213597,-73.24154284689337
0.6410353870156743,2.057640649537505,-73.23564312175978
0.6418207065089451,2.053536447303281,-73.22977980528638
0.6426060260022158,2.0494494322473362,-73.22395287342984
0.6433913454954866,2.045379567638164,-73.21816230210288
0.6441766649887574,2.0413268168835277,-73.21240806717465
0.6449619844820281,2.037291143529876,-73.20669014447107
0.6457473039752989,2.0332725112617704,-73.20100850977533
0.6465326234685697,2.0292708839013196,-73.19536313882816
0.6473179429618404,2.025286225407606,-73.18975400732828
0.6481032624551112,2.0213184998761284,-73.18418109093274
0.648888581948382,2.017367671538234,-73.17864436525727
0.6496739014416527,2.0134337047605704,-73.17314380587676
0.6504592209349235,2.0095165640445174,-73.1676793883255
0.6512445404281942,2.0056162140256535,-73.16225108809768
0.652029859921465,2.0017326194732026,-73.15685888064765
0.6528151794147358,1.9978657452894693,-73.15150274139039
0.6536004989080065,1.9940155565093285,-73.1461826457018
0.6543858184012773,1.9901820182996712,-73.14089856891911
0.6551711378945481,1.986365095958864,-73.13565048634125
0.6559564573878188,1.9825647549162309,-73.13043837322918
0.6567417768810896,1.9787809607315148,-73.12526220480629
0.6575270963743604,1.9750136790943422,-73.12012195625876
0.6583124158676311,1.9712628758237276,-73.11501760273588
0.6590977353609019,1.9675285168675292,-73.10994911935046
0.6598830548541726,1.9638105683019305,-73.10491648117917
0.6606683743474434,1.9601089963309484,-73.09991966326291
0.6614536938407142,1.9564237672858984,-73.0949586406071
0.6622390133339849,1.9527548476248962,-73.09003338818215
0.6630243328272557,1.9491022039323525,-73.08514388092368
0.6638096523205265,1.9454658029184664,-73.08029009373305
0.6645949718137972,1.9418456114187292,-73.0754720014775
0.665380291307068,1.9382415963934214,-73.07068957899062
0.6661656108003388,1.9346537249271312,-73.06594280107274
0.6669509302936095,1.9310819642282395,-73.06123164249118
0.6677362497868803,1.9275262816284617,-73.05655607798059
0.668521569280151,1.9239866445823262,-73.05191608224342
0.6693068887734218,1.9204630206667297,-73.04731162995014
0.6700922082666926,1.9169553775804227,-73.0427426957396
0.6708775277599633,1.9134636831435439,-73.03820925421942
0.6716628472532341,1.9099879052971538,-73.03371127996633
0.6724481667465049,1.90652801210276,-73.0292487475264
0.6732334862397756,1.9030839717418202,-73.02482163141553
0.6740188057330464,1.8996557525153104,-73.0204299061197
0.6748041252263172,1.8962433228432485,-73.01607354609528
0.6755894447195879,1.892846651264216,-73.01175252576942
0.6763747642128587,1.8894657064349174,-73.00746681954037
0.6771600837061295,1.8861004571297182,-73.00321640177775
0.6779454031994002,1.8827508722401831,-72.99900124682301
0.678730722692671,1.8794169207746356,-72.99482132898963
0.6795160421859417,1.8760985718576872,-72.99067662256344
0.6803013616792125,1.8727957947298222,-72.98656710180312
0.6810866811724833,1.8695085587469176,-72.9824927409403
0.681872000665754,1.8662368333798354,-72.97845351418002
0.6826573201590248,1.8629805882139518,-72.974449395701
0.6834426396522956,1.8597397929487338,-72.97048035965598
0.6842279591455663,1.8565144173973072,-72.96654638017206
0.6850132786388371,1.8533044314860185,-72.96264743135096
0.6857985981321079,1.8501098052540064,-72.95878348726937
0.6865839176253786,1.8469305088527734,-72.95495452197927
0.6873692371186495,1.8437665125457503,-72.95116050950824
0.6881545566119203,1.840617786707891,-72.94740142385976
0.688939876105191,1.8374843018252425,-72.94367723901352
0.6897251955984618,1.834366028494525,-72.93998792892576
0.6905105150917326,1.8312629374227058,-72.93633346752955
0.6912958345850033,1.8281749994266085,-72.93271382873507
0.6920811540782741,1.825102185432478,-72.92912898643004
0.6928664735715448,1.8220444664755873,-72.92557891447983
0.6936517930648156,1.819001813699811,-72.92206358672794
0.6944371125580864,1.8159741983572408,-72.91858297699625
0.6952224320513571,1.8129615918077713,-72.9151370590852
0.6960077515446279,1.8099639655186968,-72.9117258067743
0.6967930710378987,1.8069812910643144,-72.90834919382227
0.6975783905311694,1.8040135401255335,-72.90500719396745
0.6983637100244402,1.8010606844894705,-72.90169978092796
0.699149029517711,1.7981226960490628,-72.89842692840206
0.6999343490109817,1.7951995468026727,-72.89518861006857
0.7007196685042525,1.7922912088537182,-72.89198479958696
0.7015049879975233,1.7893976544102506,-72.88881547059776
0.702290307490794,1.7865188557846028,-72.8856805967228
0.7030756269840648,1.7836547853929938,-72.88258015156553
0.7038609464773355,1.780805415755149,-72.8795141087113
0.7046462659706063,1.7779707194939216,-72.87648244172766
0.7054315854638771,1.775150669334916,-72.87348512416462
0.7062169049571478,1.7723452381061158,-72.87052212955491
0.7070022244504186,1.7695543987375202,-72.86759343141438
0.7077875439436894,1.7667781242607505,-72.86469900324208
0.7085728634369601,1.7640163878087036,-72.8618388185208
0.7093581829302309,1.7612691626151713,-72.85901285071712
0.7101435024235017,1.758536422014489,-72.85622107328176
0.7109288219167724,1.7558181394411667,-72.85346345964997
0.7117141414100432,1.753114288429517,-72.85073998324164
0.712499460903314,1.7504248426133227,-72.84805061746165
0.7132847803965847,1.7477497757254494,-72.84539533570018
0.7140700998898555,1.74508906159752,-72.84277411133289
0.7148554193831262,1.7424426741595371,-72.84018691772131
0.715640738876397,1.7398105874395453,-72.83763372821302
0.7164260583696678,1.7371927755632766,-72.83511451614189
0.7172113778629385,1.734589212753814,-72.83262925482848
0.7179966973562093,1.7319998733312183,-72.83017791758016
0.7187820168494801,1.7294247317122193,-72.82776047769153
0.7195673363427508,1.726863762409851,-72.82537690844454
0.7203526558360216,1.7243169400331138,-72.82302718310879
0.7211379753292924,1.7217842392866358,-72.82071127494189
0.7219232948225631,1.7192656349703574,-72.81842915718958
0.7227086143158339,1.716761101979152,-72.81618080308607
0.7234939338091047,1.7142706153025316,-72.81396618585435
0.7242792533023754,1.7117941500243095,-72.81178527870625
0.7250645727956462,1.7093316813222503,-72.80963805484296
0.7258498922889169,1.7068831844677568,-72.80752448745507
0.7266352117821877,1.7044486348255443,-72.80544454972296
0.7274205312754585,1.7020280078533094,-72.80339821481698
0.7282058507687292,1.6996212791014151,-72.80138545589769
0.728991170262,1.69722842421256,-72.79940624611622
0.7297764897552708,1.6948494189214582,-72.79746055861439
0.7305618092485415,1.6924842390545372,-72.79554836652501
0.7313471287418123,1.6901328605295982,-72.79366964297215
0.732132448235083,1.6877952593555199,-72.79182436107138
0.7329177677283538,1.6854714116319336,-72.79001249392996
0.7337030872216246,1.6831612935489235,-72.78823401464719
0.7344884067148955,1.6808648813867006,-72.78648889631451
0.7352737262081662,1.678582151515302,-72.78477711201589
0.736059045701437,1.6763130803942965,-72.78309863482797
0.7368443651947078,1.6740576445724595,-72.78145343782035
0.7376296846879785,1.6718158206874676,-72.7798414940558
0.7384150041812493,1.6695875854656297,-72.7782627765905
0.73920032367452,1.667372915721543,-72.77671725847429
0.7399856431677908,1.665171788357822,-72.77520491275095
0.7407709626610616,1.6629841803647878,-72.7737257124583
0.7415562821543323,1.66081006882018,-72.77227963062859
0.7423416016476031,1.6586494308888624,-72.77086664028866
0.7431269211408739,1.6565022438225183,-72.76948671446009
0.7439122406341446,1.6543684849593756,-72.76813982615964
0.7446975601274154,1.6522481317239055,-72.76682594839924
0.7454828796206862,1.6501411616265271,-72.76554505418645
0.7462681991139569,1.6480475522633413,-72.7642971165244
0.7470535186072277,1.6459672813158308,-72.76308210841233
0.7478388381004984,1.6439003265505803,-72.76190000284565
0.7486241575937692,1.6418466658189887,-72.76075077281612
0.74940947708704,1.6398062770569888,-72.75963439131218
0.7501947965803107,1.6377791382847742,-72.7585508313191
0.7509801160735815,1.6357652276065124,-72.75750006581926
0.7517654355668523,1.6337645232100746,-72.75648206779232
0.752550755060123,1.6317770033667616,-72.75549681021549
0.7533360745533938,1.6298026464310138,-72.75454426606366
0.7541213940466646,1.6278414308401574,-72.7536244083097
0.7549067135399353,1.6258933351141158,-72.75273720992467
0.7556920330332061,1.6239583378551556,-72.75188264387795
0.7564773525264769,1.6220364177476156,-72.75106068313758
0.7572626720197476,1.6201275535576196,-72.75027130067038
0.7580479915130184,1.618231724132839,-72.74951446944218
0.7588333110062891,1.616348908402202,-72.74879016241806
0.7596186304995599,1.6144790853756483,-72.74809835256254
0.7604039499928307,1.6126222341438616,-72.74743901283978
0.7611892694861014,1.6107783338780086,-72.74681211621379
0.7619745889793722,1.608947363829469,-72.74621763564865
0.762759908472643,1.6071293033296001,-72.74565554410873
0.7635452279659137,1.6053241317894535,-72.74512581455882
0.7643305474591845,1.6035318286995512,-72.74462841996446
0.7651158669524553,1.6017523736295933,-72.74416333329198
0.765901186445726,1.5999857462282359,-72.74373052750889
0.7666865059389968,1.598231926222825,-72.74332997558392
0.7674718254322676,1.5964908934191466,-72.74296165048729
0.7682571449255383,1.5947626277011842,-72.74262552519089
0.7690424644188091,1.5930471090308642,-72.7423215726685
0.7698277839120798,1.591344317447808,-72.74204976589603
0.7706131034053506,1.589654233069095,-72.74181007785155
0.7713984228986214,1.587976836089013,-72.74160248151571
0.7721837423918921,1.5863121067788057,-72.74142694987171
0.7729690618851629,1.5846600254864542,-72.7412834559057
0.7737543813784337,1.5830205726364064,-72.74117197260681
0.7745397008717044,1.5813937287293676,-72.74109247296742
0.7753250203649752,1.5797794743420397,-72.74104492998339
0.776110339858246,1.5781777901268965,-72.7410293166541
0.7768956593515167,1.5765886568119378,-72.74104560598282
0.7776809788447875,1.5750120552004665,-72.74109377097676
0.7784662983380582,1.573447966170847,-72.74117378464732
0.779251617831329,1.5718963706762672,-72.74128562001027
0.7800369373245998,1.570357249744532,-72.74142925008591
0.7808222568178705,1.5688305844777988,-72.74160464789931
0.7816075763111414,1.5673163560523728,-72.74181178648041
0.7823928958044122,1.5658145457184756,-72.74205063886427
0.783178215297683,1.5643251348000033,-72.74232117809122
0.7839635347909537,1.5628481046943277,-72.74262337720701
0.7847488542842245,1.5613834368720432,-72.74295720926311
0.7855341737774952,1.5599311128767666,-72.74332264731673
0.786319493270766,1.5584911143248967,-72.74371966443108
0.7871048127640368,1.5570634229054094,-72.74414823367557
0.7878901322573075,1.5556480203796286,-72.74460832812593
0.7886754517505783,1.5542448885810012,-72.74509992086442
0.7894607712438491,1.552854009414897,-72.74562298497997
0.7902460907371198,1.551475364858375,-72.74617749356837
0.7910314102303906,1.5501089369599732,-72.74676341973246
0.7918167297236613,1.5487547078395059,-72.74738073658231
0.7926020492169321,1.5474126596878222,-72.74802941723533
0.7933873687102029,1.5460827747666264,-72.74870943481649
0.7941726882034736,1.5447650354082403,-72.74942076245844
0.7949580076967444,1.5434594240154054,-72.75016337330175
0.7957433271900152,1.5421659230610825,-72.75093724049506
0.7965286466832859,1.540884515088212,-72.75174233719517
0.7973139661765567,1.5396151827095448,-72.75257863656729
0.7980992856698275,1.5383579086074117,-72.75344611178514
0.7988846051630982,1.5371126755335185,-72.7543447360312
0.799669924656369,1.5358794663087594,-72.75527448249673
0.8004552441496398,1.53465826382299,-72.75623532438216
0.8012405636429105,1.5334490510348522,-72.75722723489693
0.8020258831361813,1.5322518109715424,-72.75825018725997
0.802811202629452,1.531066526728637,-72.75930415469969
0.8035965221227228,1.5298931814698866,-72.76038911045413
0.8043818416159936,1.5287317584270022,-72.76150502777115
0.8051671611092643,1.5275822408994792,-72.76265187990865
0.8059524806025351,1.5264446122543929,-72.76382964013463
0.8067378000958059,1.525318855926194,-72.76503828172733
0.8075231195890766,1.5242049554165293,-72.76627777797549
0.8083084390823474,1.523102894294046,-72.76754810217851
0.8090937585756182,1.5220126561941847,-72.76884922764638
0.8098790780688889,1.5209342248190096,-72.77018112770014
0.8106643975621597,1.5198675839369913,-72.77154377567179
0.8114497170554305,1.5188127173828518,-72.77293714490457
0.8122350365487012,1.5177696090573405,-72.77436120875308
0.813020356041972,1.5167382429270762,-72.77581594058339
0.8138056755352427,1.5157186030243337,-72.77730131377321
0.8145909950285135,1.514710673446886,-72.77881730171208
0.8153763145217843,1.513714438357789,-72.78036387780146
0.816161634015055,1.5127298819852208,-72.78194101545489
0.8169469535083258,1.5117569886222997,-72.78354868809815
0.8177322730015966,1.5107957426268812,-72.78518686916934
0.8185175924948673,1.5098461284213902,-72.78685553211916
0.8193029119881381,1.5089081304926388,-72.7885546504109
0.8200882314814089,1.50798173339166,-72.79028419752068
0.8208735509746796,1.507066921733503,-72.79204414693751
0.8216588704679504,1.506163680197071,-72.79383447216354
0.8224441899612212,1.5052719935249494,-72.79565514671411
0.8232295094544919,1.504391846523212,-72.79750614411788
0.8240148289477627,1.5035232240612693,-72.79938743791705
0.8248001484410334,1.502666111071672,-72.80129900166742
0.8255854679343042,1.5018204925499572,-72.80324080893855
0.826370787427575,1.5009863535544552,-72.8052128333139
0.8271561069208457,1.5001636792061386,-72.807215048391
0.8279414264141165,1.4993524546884418,-72.80924742778147
0.8287267459073873,1.4985526652470829,-72.81130994511129
0.8295120654006581,1.4977642961899091,-72.81340257402084
0.8302973848939289,1.4969873328867267,-72.81552528816508
0.8310827043871997,1.4962217607691255,-72.81767806121363
0.8318680238804704,1.4954675653303147,-72.81986086685096
0.8326533433737412,1.494724732124961,-72.82207367877649
0.833438662867012,1.4939932467690293,-72.8243164707047
0.8342239823602827,1.4932730949395947,-72.82658921636526
0.8350093018535535,1.4925642623747104,-72.82889188950325
0.8357946213468243,1.4918667348732257,-72.83122446387912
0.836579940840095,1.4911804982946295,-72.83358691326893
0.8373652603333658,1.4905055385588903,-72.83597921146448
0.8381505798266365,1.489841841646296,-72.83840133227335
0.8389358993199073,1.4891893935972944,-72.84085324951914
0.8397212188131781,1.4885481805123335,-72.84333493704146
0.8405065383064488,1.4879181885517085,-72.84584636869614
0.8412918577997196,1.4872994039353926,-72.84838751835538
0.8420771772929904,1.4866918129429028,-72.85095835990776
0.8428624967862611,1.4860954019131274,-72.85355886725846
0.8436478162795319,1.4855101572441698,-72.85618901432927
0.8444331357728027,1.4849360653932122,-72.8588487750589
0.8452184552660734,1.4843731128763458,-72.86153812340285
0.8460037747593442,1.4838212862684264,-72.86425703333373
0.846789094252615,1.4832805722029248,-72.86700547884128
0.8475744137458857,1.4827509573717645,-72.86978343393247
0.8483597332391565,1.4822324285251887,-72.87259087263169
0.8491450527324272,1.481724972471601,-72.87542776898083
0.849930372225698,1.4812285760774215,-72.87829409703934
0.8507156917189688,1.4807432262669262,-72.88118983088442
0.8515010112122395,1.480268910022128,-72.8841149446111
0.8522863307055103,1.4798056143826015,-72.88706941233235
0.8530716501987811,1.479353326445357,-72.89005320817918
0.8538569696920518,1.4789120333646857,-72.8930663063008
0.8546422891853226,1.478481722352014,-72.89610868086463
0.8554276086785934,1.4780623806757818,-72.89918030605651
0.8562129281718641,1.4776539956612664,-72.90228115608079
0.8569982476651349,1.4772565546904666,-72.90541120516039
0.8577835671584056,1.4768700452019565,-72.90857042753694
0.8585688866516764,1.476494454690738,-72.91175879747087
0.8593542061449472,1.4761297707081087,-72.91497628924154
0.8601395256382179,1.4757759808615167,-72.91822287714731
0.8609248451314887,1.4754330728144318,-72.9214985355057
0.8617101646247595,1.4751010342862025,-72.92480323865342
0.8624954841180302,1.4747798530519112,-72.92813696094656
0.863280803611301,1.4744695169422595,-72.93149967676058
0.8640661231045718,1.4741700138434135,-72.93489136049052
0.8648514425978425,1.473881331696874,-72.93831198655104
0.8656367620911133,1.473603458499352,-72.94176152937656
0.866422081584384,1.4733363823026209,-72.94523996342129
0.8672074010776548,1.473080091213397,-72.94874726315942
0.8679927205709256,1.4728345733932051,-72.95228340308516
0.8687780400641963,1.472599817058232,-72.95584835771285
0.8695633595574671,1.4723758104792275,-72.95944210157707
0.8703486790507379,1.4721625419813376,-72.96306460923267
0.8711339985440086,1.4719599999440103,-72.96671585525505
0.8719193180372794,1.4717681728008414,-72.97039581424
0.8727046375305502,1.471587049039461,-72.97410446080397
0.8734899570238209,1.4714166172013958,-72.97784176958415
0.8742752765170917,1.4712568658819623,-72.98160771523847
0.8750605960103625,1.4711077837301123,-72.9854022724458
0.8758459155036332,1.4709693594483342,-72.98922541590598
0.8766312349969041,1.4708415817925113,-72.99307712033996
0.8774165544901749,1.4707244395718146,-72.99695736048979
0.8782018739834456,1.4706179216485595,-73.00086611111884
0.8789871934767164,1.4705220169380986,-73.00480334701183
0.8797725129699872,1.4704367144086985,-73.0087690429749
0.8805578324632579,1.4703620030814042,-73.01276317383571
0.8813431519565287,1.4702978720299469,-73.01678571444359
0.8821284714497994,1.4702443103805931,-73.02083663966953
0.8829137909430702,1.4702013073120481,-73.02491592440629
0.883699110436341,1.4701688520553227,-73.0290235435686
0.8844844299296117,1.470146933893628,-73.03315947209308
0.8852697494228825,1.47013554216225,-73.03732368493843
0.8860550689161533,1.470134666248431,-73.04151615708548
0.886840388409424,1.4701442955912651,-73.04573686353731
0.8876257079026948,1.4701644196815602,-73.04998577931926
0.8884110273959656,1.4701950280617608,-73.05426287947907
0.8891963468892363,1.470236110325788,-73.05856813908699
0.8899816663825071,1.470287656118969,-73.0629015332358
0.8907669858757779,1.47034965513789,-73.0672630370409
0.8915523053690486,1.470422097130305,-73.07165262564044
0.8923376248623194,1.4705049718950183,-73.07607027419533
0.8931229443555901,1.4705982692817705,-73.0805159578894
0.8939082638488609,1.4707019791911287,-73.08498965192943
0.8946935833421317,1.4708160915743818,-73.0894913315452
0.8954789028354024,1.470940596433425,-73.09402097198964
0.8962642223286732,1.4710754838206561,-73.09857854853887
0.897049541821944,1.4712207438388611,-73.10316403649227
0.8978348613152147,1.4713763666411206,-73.10777741117259
0.8986201808084855,1.4715423424306762,-73.11241864792598
0.8994055003017563,1.4717186614608593,-73.1170877221221
0.900190819795027,1.4719053140349478,-73.12178460915416
0.9009761392882978,1.472102290506103,-73.1265092844391
0.9017614587815685,1.4723095812772249,-73.13126172341747
0.9025467782748393,1.4725271768008765,-73.13604190155374
0.9033320977681101,1.472755067579157,-73.14084979433616
0.9041174172613808,1.4729932441636315,-73.14568537727695
0.9049027367546516,1.4732416971551925,-73.15054862591238
0.9056880562479224,1.4735004172039814,-73.15543951580277
0.9064733757411931,1.4737693950092814,-73.16035802253262
0.9072586952344639,1.4740486213194146,-73.16530412171063
0.9080440147277347,1.4743380869316511,-73.17027778896987
0.9088293342210054,1.4746377826920902,-73.1752789999677
0.9096146537142762,1.4749476994955875,-73.180307730386
0.910399973207547,1.475267828285634,-73.1853639559311
0.9111852927008177,1.475598160054278,-73.1904476523339
0.9119706121940885,1.4759386858420052,-73.19555879535001
0.9127559316873592,1.4762893967376636,-73.20069736075969
0.91354125118063,1.476650283878361,-73.20586332436802
0.9143265706739008,1.4770213384493633,-73.2110566620049
0.9151118901671715,1.4774025516840041,-73.2162773495252
0.9158972096604423,1.4777939148635961,-73.22152536280868
0.9166825291537131,1.478195419317319,-73.22680067776017
0.9174678486469838,1.4786070564221516,-73.23210327030966
0.9182531681402546,1.47902881760276,-73.23743311641226
0.9190384876335254,1.4794606943314141,-73.24279019204833
0.9198238071267961,1.479902678127897,-73.24817447322353
0.9206091266200669,1.4803547605594012,-73.25358593596886
0.9213944461133377,1.4808169332404655,-73.2590245563408
0.9221797656066084,1.4812891878328462,-73.26449031042124
0.9229650850998792,1.4817715160454668,-73.26998317431766
0.92375040459315,1.4822639096342984,-73.27550312416315
0.9245357240864208,1.4827663604022965,-73.28105013611646
0.9253210435796916,1.4832788601992903,-73.28662418636206
0.9261063630729623,1.4838014009219127,-73.2922252511102
0.9268916825662331,1.4843339745135062,-73.29785330659699
0.9276770020595039,1.4848765729640332,-73.30350832908445
0.9284623215527746,1.4854291883100048,-73.30919029486054
0.9292476410460454,1.4859918126343747,-73.31489918023924
0.9300329605393162,1.48656443806647,-73.32063496156066
0.9308182800325869,1.487147056781908,-73.32639761519096
0.9316035995258577,1.4877396610024936,-73.33218711752258
0.9323889190191285,1.4883422429961675,-73.33800344497413
0.9331742385123992,1.4889547950768929,-73.34384657399056
0.93395955800567,1.4895773096045886,-73.34971648104319
0.9347448774989408,1.490209778985054,-73.35561314262971
0.9355301969922115,1.4908521956698686,-73.36153653527431
0.9363155164854823,1.4915045521563284,-73.36748663552768
0.937100835978753,1.49216684098736,-73.37346341996712
0.9378861554720238,1.4928390547514403,-73.37946686519652
0.9386714749652946,1.4935211860825208,-73.38549694784642
0.9394567944585653,1.494213227659943,-73.39155364457419
0.9402421139518361,1.494915172208363,-73.3976369320639
0.9410274334451069,1.4956270124976823,-73.40374678702646
0.9418127529383776,1.4963487413429613,-73.40988318619974
0.9425980724316484,1.4970803516043416,-73.41604610634842
0.9433833919249192,1.4978218361869746,-73.42223552426428
0.9441687114181899,1.4985731880409505,-73.42845141676608
0.9449540309114607,1.4993344001612132,-73.43469376069967
0.9457393504047314,1.500105465587491,-73.44096253293806
0.9465246698980022,1.5008863774042271,-73.44725771038141
0.947309989391273,1.5016771287404995,-73.45357926995713
0.9480953088845437,1.502477712769947,-73.45992718861991
0.9488806283778145,1.5032881227107016,-73.46630144335178
0.9496659478710853,1.5041083518253153,-73.47270201116207
0.950451267364356,1.5049383934206912,-73.47912886908763
0.9512365868576268,1.5057782408479994,-73.48558199419271
0.9520219063508976,1.5066278875026256,-73.4920613635691
0.9528072258441683,1.5074873268240918,-73.49856695433613
0.9535925453374391,1.5083565522959796,-73.50509874364074
0.9543778648307099,1.5092355574458742,-73.51165670865753
0.9551631843239806,1.5101243358452892,-73.51824082658878
0.9559485038172514,1.5110228811095983,-73.52485107466447
0.9567338233105221,1.511931186897967,-73.53148743014245
0.9575191428037929,1.5128492469132881,-73.53814987030827
0.9583044622970637,1.5137770549021106,-73.54483837247547
0.9590897817903344,1.5147146046545847,-73.55155291398539
0.9598751012836052,1.515661890004386,-73.55829347220741
0.960660420776876,1.516618904828636,-73.56506002453881
0.9614457402701467,1.5175856430478833,-73.57185254840499
0.9622310597634175,1.5185620986259862,-73.57867102125938
0.9630163792566883,1.5195482655700754,-73.5855154205835
0.963801698749959,1.520544137930496,-73.59238572388709
0.9645870182432298,1.5215497098007338,-73.59928190870801
0.9653723377365006,1.5225649753173474,-73.60620395261245
0.9661576572297713,1.5235899286599204,-73.61315183319473
0.9669429767230421,1.5246245640509923,-73.62012552807766
0.9677282962163128,1.5256688757559993,-73.62712501491224
0.9685136157095836,1.5267228580832133,-73.63415027137796
0.9692989352028544,1.527786505383675,-73.6412012751827
0.9700842546961251,1.528859812051146,-73.6482780040628
0.970869574189396,1.5299427725220487,-73.65538043578313
0.9716548936826668,1.531035381275396,-73.66250854813707
0.9724402131759375,1.5321376328327339,-73.66966231894656
0.9732255326692083,1.5332495217581097,-73.67684172606221
0.9740108521624791,1.534371042657972,-73.68404674736325
0.9747961716557498,1.5355021901811576,-73.69127736075757
0.9755814911490206,1.5366429590187949,-73.69853354418179
0.9763668106422914,1.537793343904283,-73.70581527560127
0.9771521301355621,1.5389533396132076,-73.71312253301024
0.9779374496288329,1.5401229409632997,-73.72045529443159
0.9787227691221037,1.5413021428143947,-73.72781353791724
0.9795080886153744,1.5424909400683422,-73.73519724154788
0.9802934081086452,1.543689327668982,-73.7426063834332
0.981078727601916,1.5448973006020874,-73.75004094171175
0.9818640470951867,1.5461148538952998,-73.75750089455117
0.9826493665884575,1.5473419826180863,-73.76498622014806
0.9834346860817282,1.5485786818816771,-73.77249689672809
0.984220005574999,1.5498249468390382,-73.78003290254601
0.9850053250682698,1.5510807726847842,-73.78759421588569
0.9857906445615405,1.5523461546551678,-73.79518081506014
0.9865759640548113,1.5536210880279868,-73.80279267841155
0.9873612835480821,1.5549055681225727,-73.81042978431132
0.9881466030413528,1.5561995902997192,-73.81809211116007
0.9889319225346236,1.557503149961642,-73.82577963738771
0.9897172420278944,1.5588162425519256,-73.83349234145345
0.9905025615211651,1.5601388635554727,-73.8412302018458
0.9912878810144359,1.561471008498475,-73.84899319708265
0.9920732005077066,1.5628126729483407,-73.85678130571127
0.9928585200009774,1.564163852513663,-73.86459450630831
0.9936438394942482,1.5655245428441673,-73.87243277747989
0.9944291589875189,1.5668947396306732,-73.8802960978616
0.9952144784807897,1.5682744386050465,-73.88818444611854
0.9959997979740605,1.5696636355401492,-73.89609780094528
0.9967851174673312,1.5710623262497958,-73.90403614106602
0.997570436960602,1.5724705065887128,-73.91199944523443
0.9983557564538728,1.5738881724524976,-73.91998769223386
0.9991410759471435,1.575315319777564,-73.92800086087728
0.9999263954404143,1.5767519445411162,-73.93603893000729
1.000711714933685,1.5781980427610933,-73.9441018784962
1.0014970344269558,1.5796536104961225,-73.95218968524598
1.0022823539202266,1.581118643845505,-73.9603023291884
1.0030676734134973,1.5825931389491377,-73.96843978928489
1.003852992906768,1.5840770919875085,-73.97660204452676
1.0046383124000389,1.585570499181619,-73.98478907393505
1.0054236318933096,1.58707335679299,-73.99300085656068
1.0062089513865804,1.588585661123567,-74.00123737148434
1.0069942708798512,1.5901074085157376,-74.0094985978167
1.007779590373122,1.5916385953522525,-74.01778451469825
1.0085649098663927,1.593179218056207,-74.02609510129945
1.0093502293596635,1.5947292730909903,-74.03443033682062
1.0101355488529342,1.5962887569602657,-74.04279020049216
1.010920868346205,1.5978576662079194,-74.05117467157437
1.0117061878394757,1.5994359974180279,-74.05958372935758
1.0124915073327465,1.6010237472148259,-74.0680173531622
1.0132768268260173,1.6026209122626667,-74.07647552233861
1.014062146319288,1.6042274892659802,-74.08495821626731
1.0148474658125588,1.6058434749692605,-74.09346541435889
1.0156327853058296,1.6074688661570127,-74.10199709605405
1.0164181047991003,1.609103659653719,-74.11055324082359
1.017203424292371,1.6107478523238126,-74.11913382816853
1.0179887437856419,1.6124014410716414,-74.12773883762003
1.0187740632789126,1.6140644228414394,-74.1363682487394
1.0195593827721834,1.615736794617293,-74.14502204111825
1.0203447022654542,1.6174185534231005,-74.15370019437836
1.021130021758725,1.6191096963225555,-74.16240268817177
1.0219153412519957,1.6208102204191022,-74.17112950218079
1.0227006607452664,1.6225201228559176,-74.17988061611801
1.0234859802385372,1.624239400815874,-74.1886560097264
1.024271299731808,1.6259680515215027,-74.19745566277909
1.0250566192250787,1.6277060722349845,-74.20627955507975
1.0258419387183495,1.6294534602581052,-74.21512766646222
1.0266272582116203,1.631210212932222,-74.22399997679085
1.027412577704891,1.6329763276382598,-74.23289646596032
1.0281978971981618,1.6347518017966594,-74.24181711389573
1.0289832166914326,1.636536632867362,-74.25076190055262
1.0297685361847033,1.6383308183497776,-74.25973080591693
1.030553855677974,1.6401343557827632,-74.26872381000508
1.0313391751712448,1.6419472427445956,-74.27774089286403
1.0321244946645156,1.6437694768529458,-74.2867820345711
1.0329098141577864,1.6456010557648537,-74.2958472152342
1.0336951336510571,1.647441977176698,-74.30493641499173
1.034480453144328,1.6492922388241817,-74.31404961401267
1.0352657726375987,1.6511518384823052,-74.32318679249647
1.0360510921308694,1.6530207739653373,-74.33234793067318
1.0368364116241402,1.654899043126799,-74.34153300880344
1.037621731117411,1.6567866438594394,-74.35074200717847
1.0384070506106817,1.658683574095208,-74.35997490612012
1.0391923701039525,1.6605898318052428,-74.36923168598078
1.0399776895972233,1.6625054149998366,-74.37851232714357
1.040763009090494,1.6644303217284373,-74.38781681002217
1.0415483285837648,1.666364550079598,-74.397145115061
1.0423336480770355,1.6683080981809775,-74.40649722273507
1.0431189675703063,1.6702609641993225,-74.41587311355016
1.043904287063577,1.672223146340426,-74.42527276804265
1.0446896065568478,1.6741946428491392,-74.43469616677967
1.0454749260501186,1.676175452009327,-74.44414329035912
1.0462602455433894,1.6781655721438669,-74.45361411940955
1.0470455650366601,1.6801650016146177,-74.4631086345903
1.047830884529931,1.6821737388224223,-74.47262681659146
1.0486162040232017,1.6841917822070647,-74.48216864613386
1.0494015235164724,1.6862191302472764,-74.49173410396911
1.0501868430097432,1.688255781460704,-74.50132317087964
1.050972162503014,1.69030173440391,-74.51093582767868
1.0517574819962847,1.692356987672336,-74.52057205521022
1.0525428014895555,1.6944215399003135,-74.5302318343491
1.0533281209828262,1.6964953897610284,-74.53991514600095
1.054113440476097,1.6985785359665175,-74.54962197110234
1.0548987599693678,1.7006709772676567,-74.55935229062058
1.0556840794626385,1.7027727124541372,-74.56910608555386
1.0564693989559093,1.7048837403544634,-74.57888333693127
1.05725471844918,1.7070040598359375,-74.58868402581275
1.0580400379424508,1.7091336698046495,-74.59850813328913
1.0588253574357216,1.711272569205452,-74.60835564048213
1.0596106769289924,1.7134207570219786,-74.6182265285444
1.0603959964222631,1.715578232276602,-74.62812077865945
1.0611813159155339,1.717744994030437,-74.63803837204173
1.0619666354088046,1.7199210413833366,-74.64797928993664
1.0627519549020754,1.7221063734738813,-74.65794351362047
1.0635372743953462,1.72430098947935,-74.66793102440047
1.064322593888617,1.7265048886157428,-74.67794180361487
1.0651079133818877,1.728718070137746,-74.68797583263282
1.0658932328751585,1.7309405333387442,-74.6980330928544
1.0666785523684292,1.7331722775508056,-74.70811356571076
1.0674638718617,1.7354133021446618,-74.71821723266392
1.0682491913549708,1.737663606529722,-74.72834407520698
1.0690345108482415,1.7399231901540622,-74.73849407486394
1.0698198303415123,1.7421920525044101,-74.74866721318983
1.070605149834783,1.7444701931061413,-74.75886347177072
1.0713904693280538,1.7467576115232935,-74.76908283222366
1.0721757888213246,1.7490543073585305,-74.77932527619669
1.0729611083145953,1.751360280253166,-74.78959078536892
1.073746427807866,1.7536755298871463,-74.79987934145042
1.0745317473011369,1.7560000559790474,-74.81019092618233
1.0753170667944076,1.7583338582860777,-74.82052552133685
1.0761023862876784,1.7606769366040749,-74.83088310871717
1.0768877057809492,1.7630292907674932,-74.84126367015755
1.07767302527422,1.765390920649422,-74.8516671875233
1.0784583447674907,1.7677618261615655,-74.8620936427108
1.0792436642607615,1.7701420072542529,-74.87254301764744
1.0800289837540322,1.772531463916434,-74.8830152942917
1.080814303247303,1.7749301961756838,-74.89351045463316
1.0815996227405738,1.7773382040981947,-74.90402848069245
1.0823849422338445,1.7797554877887856,-74.91456935452119
1.0831702617271153,1.7821820473909011,-74.92513305820225
1.083955581220386,1.7846178830866108,-74.93571957384943
1.0847409007136568,1.7870629950966128,-74.94632888360766
1.0855262202069276,1.7895173836802458,-74.95696096965304
1.0863115397001983,1.791981049135463,-74.9676158141926
1.087096859193469,1.794453991798882,-74.97829339946462
1.0878821786867399,1.7969362120457393,-74.98899370773835
1.0886674981800106,1.799427710289935,-74.99971672131426
1.0894528176732816,1.8019284869840146,-75.01046242252383
1.0902381371665524,1.8044385426191765,-75.02123079372967
1.0910234566598231,1.8069578777252797,-75.03202181732551
1.091808776153094,1.8094864928708676,-75.0428354757362
1.0925940956463647,1.8120243886631393,-75.05367175141764
1.0933794151396354,1.8145715657479877,-75.06453062685691
1.0941647346329062,1.8171280248099941,-75.07541208457218
1.094950054126177,1.8196937665724244,-75.08631610711271
1.0957353736194477,1.8222687917972633,-75.09724267705889
1.0965206931127185,1.8248531012851987,-75.10819177702227
1.0973060126059893,1.8274466958756546,-75.11916338964544
1.09809133209926,1.8300495764467728,-75.13015749760217
1.0988766515925308,1.8326617439154458,-75.14117408359735
1.0996619710858015,1.8352831992373098,-75.15221313036695
1.1004472905790723,1.8379139434067715,-75.16327462067808
1.101232610072343,1.8405539774570132,-75.174358537329
1.1020179295656138,1.8432033024599928,-75.18546486314906
1.1028032490588846,1.8458619195264805,-75.19659358099874
1.1035885685521554,1.8485298298060315,-75.20774467376962
1.1043738880454261,1.8512070344870581,-75.21891812438449
1.105159207538697,1.8538935347967798,-75.23011391579712
1.1059445270319677,1.8565893320012785,-75.24133203099255
1.1067298465252384,1.8592944274054999,-75.25257245298683
1.1075151660185092,1.8620088223532645,-75.26383516482717
1.10830048551178,1.864732518227288,-75.27512014959194
1.1090858050050507,1.8674655164492018,-75.28642739039056
1.1098711244983215,1.870207818479551,-75.2977568703636
1.1106564439915922,1.8729594258178315,-75.3091085726828
1.111441763484863,1.875720340002487,-75.32048248055091
1.1122270829781338,1.8784905626109485,-75.33187857720188
1.1130124024714045,1.8812700952596315,-75.34329684590072
1.1137977219646753,1.8840589396039629,-75.35473726994363
1.114583041457946,1.8868570973384085,-75.3661998326578
1.1153683609512168,1.889664570196465,-75.37768451740165
1.1161536804444876,1.892481359950715,-75.38919130756463
1.1169389999377584,1.8953074684128146,-75.40072018656731
1.1177243194310291,1.8981428974335424,-75.41227113786141
1.1185096389242999,1.9009876489027917,-75.4238441449297
1.1192949584175707,1.9038417247496109,-75.43543919128605
1.1200802779108414,1.9067051269422233,-75.44705626047543
1.1208655974041122,1.909577857488037,-75.45869533607396
1.121650916897383,1.9124599184336852,-75.47035640168876
1.1224362363906537,1.9153513118650354,-75.48203944095812
1.1232215558839245,1.9182520399072225,-75.49374443755134
1.1240068753771952,1.921162104724655,-75.50547137516888
1.124792194870466,1.9240815085210625,-75.51722023754223
1.1255775143637368,1.9270102535395106,-75.52899100843398
1.1263628338570075,1.9299483420624197,-75.54078367163777
1.1271481533502783,1.9328957764115975,-75.55259821097832
1.127933472843549,1.9358525589482658,-75.56443461031142
1.1287187923368198,1.9388186920730799,-75.576292853524
1.1295041118300906,1.9417941782261612,-75.58817292453385
1.1302894313233613,1.9447790198871342,-75.60007480729006
1.1310747508166321,1.947773219575133,-75.61199848577259
1.1318600703099029,1.9507767798488458,-75.62394394399254
1.1326453898031736,1.9537897033065335,-75.63591116599203
1.1334307092964444,1.9568119925860725,-75.6479001358442
1.1342160287897152,1.9598436503649677,-75.65991083765324
1.135001348282986,1.9628846793603973,-75.67194325555442
1.1357866677762567,1.965935082329239,-75.68399737371399
1.1365719872695275,1.9689948620680855,-75.69607317632921
1.1373573067627982,1.972064021413311,-75.7081706476284
1.138142626256069,1.9751425632410662,-75.72028977187087
1.1389279457493398,1.9782304904673298,-75.73243053334694
1.1397132652426105,1.981327806047946,-75.74459291637794
1.1404985847358813,1.9844345129786367,-75.75677690531619
1.141283904229152,1.9875506142950627,-75.76898248454506
1.1420692237224228,1.9906761130728428,-75.78120963847881
1.1428545432156936,1.993811012427581,-75.79345835156279
1.1436398627089643,1.9969553155149156,-75.80572860827326
1.144425182202235,2.0001090255305596,-75.81802039311746
1.1452105016955059,2.003272145710304,-75.83033369063367
1.1459958211887766,2.006444679330113,-75.84266848539102
1.1467811406820474,2.009626629706096,-75.8550247619897
1.1475664601753182,2.012818000194589,-75.86740250506077
1.148351779668589,2.0160187941921843,-75.87980169926631
1.1491370991618597,2.0192290151357537,-75.8922223292993
1.1499224186551305,2.0224486665025005,-75.90466437988367
1.1507077381484012,2.025677751810007,-75.91712783577428
1.151493057641672,2.028916274616251,-75.92961268175688
1.1522783771349427,2.0321642385196705,-75.94211890264819
1.1530636966282135,2.0354216471591937,-75.9546464832958
1.1538490161214843,2.0386885042142673,-75.96719540857825
1.154634335614755,2.0419648134049306,-75.97976566340492
1.1554196551080258,2.0452505784918302,-75.99235723271612
1.1562049746012966,2.0485458032762747,-76.00497010148304
1.1569902940945673,2.051850491600273,-76.01760425470775
1.157775613587838,2.055164647346588,-76.03025967742317
1.1585609330811089,2.058488274438765,-76.04293635469317
1.1593462525743796,2.061821376841198,-76.05563427161233
1.1601315720676504,2.065163958559154,-76.06835341330623
1.1609168915609211,2.0685160236388302,-76.08109376493121
1.161702211054192,2.0718775761674033,-76.09385531167446
1.1624875305474627,2.0752486202730642,-76.10663803875406
1.1632728500407334,2.0786291601250797,-76.1194419314188
1.1640581695340042,2.0820191999338276,-76.13226697494842
1.164843489027275,2.0854187439508607,-76.14511315465337
1.1656288085205457,2.0888277964689403,-76.15798045587498
1.1664141280138165,2.092246361822086,-76.17086886398526
1.1671994475070873,2.095674444385648,-76.18377836438717
1.167984767000358,2.0991120485763277,-76.1967089425143
1.1687700864936288,2.102559178852243,-76.20966058383111
1.1695554059868996,2.106015839712988,-76.22263327383278
1.1703407254801703,2.109482035699666,-76.23562699804528
1.171126044973441,2.112957771394966,-76.24864174202528
1.1719113644667118,2.116443051423188,-76.26167749136025
1.1726966839599826,2.1199378804503137,-76.27473423166835
1.1734820034532534,2.1234422631840673,-76.28781194859847
1.1742673229465241,2.1269562043739487,-76.30091062783026
1.175052642439795,2.1304797088113103,-76.31403025507409
1.1758379619330657,2.134012781329396,-76.3271708160709
1.1766232814263364,2.137555426803413,-76.3403322965925
1.1774086009196072,2.1411076501505675,-76.3535146824413
1.178193920412878,2.144669456330145,-76.36671795945037
1.1789792399061487,2.1482408503435573,-76.37994211348348
1.1797645593994195,2.1518218372343965,-76.39318713043505
1.1805498788926903,2.1554124220885025,-76.40645299623019
1.181335198385961,2.1590126100340155,-76.41973969682459
1.1821205178792318,2.1626224062414443,-76.43304721820462
1.1829058373725025,2.1662418159237165,-76.44637554638729
1.1836911568657735,2.1698708443362507,-76.45972466742016
1.1844764763590443,2.173509496777006,-76.4730945673815
1.185261795852315,2.1771577785865537,-76.48648523238008
1.1860471153455858,2.1808156951481372,-76.49989664855534
1.1868324348388566,2.1844832518877375,-76.51332880207725
1.1876177543321274,2.188160454274132,-76.52678167914641
1.1884030738253981,2.1918473078189566,-76.54025526599393
1.1891883933186689,2.1955438180767812,-76.55374954888151
1.1899737128119396,2.1992499906451712,-76.5672645141014
1.1907590323052104,2.2029658311647458,-76.58080014797638
1.1915443517984812,2.2066913453192583,-76.59435643685973
1.192329671291752,2.2104265388356454,-76.60793336713529
1.1931149907850227,2.214171417484114,-76.62153092521741
1.1939003102782935,2.2179259870781936,-76.63514909755094
1.1946856297715642,2.221690253474823,-76.64878787061122
1.195470949264835,2.2254642225743937,-76.66244723090404
1.1962562687581058,2.2292479003208503,-76.67612716496569
1.1970415882513765,2.233041292701736,-76.68982765936299
1.1978269077446473,2.23684440574828,-76.7035487006931
1.198612227237918,2.2406572455354574,-76.7172902755837
1.1993975467311888,2.244479818182072,-76.73105237069284
1.2001828662244596,2.2483121298508215,-76.74483497270911
1.2009681857177303,2.2521541867483776,-76.75863806835143
1.201753505211001,2.2560059951254567,-76.77246164436913
1.2025388247042719,2.259867561276888,-76.78630568754198
1.2033241441975426,2.2637388915417005,-76.80017018468008
1.2041094636908134,2.26761999230319,-76.81405512262397
1.2048947831840842,2.2715108699890036,-76.8279604882445
1.205680102677355,2.275411531071212,-76.84188626844293
1.2064654221706257,2.279321982066386,-76.85583245015084
1.2072507416638965,2.2832422295356753,-76.86979902033016
1.2080360611571672,2.28717228008489,-76.88378596597313
1.208821380650438,2.2911121403645778,-76.89779327410237
1.2096067001437087,2.295061817070106,-76.91182093177069
1.2103920196369795,2.2990213169417393,-76.9258689260613
1.2111773391302503,2.302990646764726,-76.93993724408769
1.211962658623521,2.306969813369374,-76.95402587299358
1.2127479781167918,2.310958823631132,-76.96813479995298
1.2135332976100626,2.3149576844706883,-76.98226401217019
1.2143186171033333,2.3189664028540378,-76.99641349687973
1.215103936596604,2.3229849857925684,-77.01058324134632
1.2158892560898749,2.327013440343153,-77.02477323286499
1.2166745755831456,2.3310517736082303,-77.0389834587609
1.2174598950764164,2.335099992735892,-77.05321390638949
1.2182452145696872,2.3391581049199766,-77.06746456313634
1.219030534062958,2.343226117400141,-77.08173541641726
1.2198158535562287,2.347304037461973,-77.09602645367822
1.2206011730494994,2.3513918724370435,-77.11033766239532
1.2213864925427702,2.355489629703041,-77.12466903007486
1.222171812036041,2.3595973166838267,-77.13902054425327
1.2229571315293117,2.3637149408495395,-77.15339219249711
1.2237424510225825,2.36784250971669,-77.16778396240306
1.2245277705158533,2.3719800308482486,-77.18219584159795
1.225313090009124,2.376127511853727,-77.1966278177386
1.2260984095023948,2.3802849603892926,-77.21107987851208
1.2268837289956656,2.384452384157857,-77.22555201163539
1.2276690484889363,2.3886297909091585,-77.2400442048557
1.228454367982207,2.3928171884398672,-77.2545564459502
1.2292396874754778,2.397014584593686,-77.26908872272615
1.2300250069687486,2.4012219872614327,-77.28364102302082
1.2308103264620194,2.4054394043811484,-77.29821333470147
1.2315956459552901,2.4096668439382,-77.3128056456655
1.232380965448561,2.4139043139653613,-77.32741794384017
1.2331662849418317,2.4181518225429373,-77.34205021718284
1.2339516044351024,2.4224093777988416,-77.35670245368078
1.2347369239283732,2.4266769879087065,-77.3713746413513
1.235522243421644,2.4309546610959885,-77.38606676824159
1.2363075629149147,2.4352424056320623,-77.40077882242888
1.2370928824081855,2.439540229836336,-77.41551079202024
1.2378782019014563,2.443848142076344,-77.43026266515278
1.238663521394727,2.4481661507678547,-77.44503442999344
1.2394488408879978,2.452494264374972,-77.45982607473908
1.2402341603812685,2.4568324914102515,-77.4746375876165
1.2410194798745393,2.4611808404347975,-77.48946895688232
1.24180479936781,2.46553932005837,-77.50432017082309
1.2425901188610808,2.4699079389395093,-77.51919121775518
1.2433754383543516,2.474286705785615,-77.53408208602485
1.2441607578476224,2.478675629353084,-77.54899276400815
1.2449460773408931,2.4830747184474036,-77.563923240111
1.245731396834164,2.4874839819232712,-77.57887350276911
1.2465167163274347,2.4919034286846973,-77.59384354044803
1.2473020358207054,2.4963330676851356,-77.60883334164306
1.2480873553139762,2.500772907927569,-77.62384289487932
1.248872674807247,2.505222958464654,-77.63887218871169
1.2496579943005177,2.509683228398802,-77.65392121172479
1.2504433137937885,2.514153726882328,-77.66898995253304
1.2512286332870592,2.5186344631175466,-77.68407839978053
1.25201395278033,2.5231254463568953,-77.69918654214113
1.2527992722736008,2.527626685903048,-77.71431436831843
1.2535845917668715,2.5321381911090404,-77.72946186704567
1.2543699112601423,2.5366599713783855,-77.74462902708586
1.255155230753413,2.5411920361651905,-77.75981583723164
1.2559405502466838,2.5457343949742803,-77.77502228630529
1.2567258697399546,2.5502870573613294,-77.79024836315884
1.2575111892332254,2.554850032932963,-77.8054940566739
1.2582965087264961,2.5594233313469026,-77.82075935576172
1.2590818282197669,2.5640069623120687,-77.83604424936323
1.2598671477130376,2.5686009355887207,-77.8513487264489
1.2606524672063084,2.5732052609885825,-77.86667277601885
1.2614377866995792,2.577819948374964,-77.8820163871028
1.26222310619285,2.5824450076628835,-77.89737954875999
1.2630084256861207,2.5870804488192034,-77.91276225007928
1.2637937451793915,2.5917262818627678,-77.92816448017908
1.2645790646726622,2.5963825168645007,-77.94358622820735
1.265364384165933,2.6010491639475752,-77.95902748334156
1.2661497036592038,2.6057262332875206,-77.9744882347887
1.2669350231524745,2.6104137351123606,-77.98996847178532
1.2677203426457453,2.61511167970275,-78.00546818359742
1.268505662139016,2.6198200773920997,-78.0209873595205
1.2692909816322868,2.6245389385667255,-78.03652598887956
1.2700763011255576,2.6292682736659634,-78.05208406102903
1.2708616206188283,2.6340080931823326,-78.06766156535284
1.2716469401120991,2.6387584076616504,-78.0832584912643
1.2724322596053699,2.643519227703173,-78.09887482820619
1.2732175790986406,2.648290563959751,-78.11451056565076
1.2740028985919114,2.653072427137946,-78.13016569309953
1.2747882180851822,2.6578648279981993,-78.14584020008357
1.275573537578453,2.6626677773549434,-78.16153407616322
1.2763588570717237,2.667481286076765,-78.17724731092827
1.2771441765649945,2.672305365086538,-78.19297989399782
1.2779294960582652,2.677140025361579,-78.20873181502034
1.2787148155515362,2.681985277933785,-78.22450306367368
1.279500135044807,2.6868411338897715,-78.24029362966493
1.2802854545380777,2.691707604371034,-78.25610350273055
1.2810707740313485,2.6965847005740957,-78.27193267263635
1.2818560935246193,2.701472433750638,-78.28778112917736
1.28264141301789,2.7063708152076775,-78.3036488621779
1.2834267325111608,2.7112798563076907,-78.31953586149156
1.2842120520044316,2.716199568468782,-78.33544211700125
1.2849973714977023,2.721129963164837,-78.35136761861905
1.285782690990973,2.7260710519256603,-78.36731235628633
1.2865680104842439,2.731022846337146,-78.38327631997367
1.2873533299775146,2.7359853580414297,-78.39925949968084
1.2881386494707854,2.7409585987370324,-78.4152618854368
1.2889239689640561,2.7459425801790385,-78.43128346729978
1.289709288457327,2.750937314179238,-78.44732423535712
1.2904946079505977,2.7559428126062975,-78.46338417972531
1.2912799274438684,2.760959087385907,-78.47946329055009
1.2920652469371392,2.765986150500948,-78.49556155800624
1.29285056643041,2.7710240139916626,-78.51167897229773
1.2936358859236807,2.776072689955806,-78.52781552365764
1.2944212054169515,2.781132190548816,-78.54397120234813
1.2952065249102223,2.7862025279839697,-78.56014599866054
1.295991844403493,2.7912837145325717,-78.57633990291521
1.2967771638967638,2.7963757625240904,-78.59255290546159
1.2975624833900345,2.8014786843463524,-78.60878499667821
1.2983478028833053,2.806592492445699,-78.62503616697262
1.299133122376576,2.811717199327158,-78.64130640678145
1.2999184418698468,2.8168528175546155,-78.65759570657032
1.3007037613631176,2.8219993597509903,-78.67390405683388
1.3014890808563884,2.827156838598407,-78.69023144809582
1.3022744003496591,2.8323252668383607,-78.70657787090877
1.30305971984293,2.8375046572719103,-78.72294331585441
1.3038450393362007,2.842695022759841,-78.73932777354334
1.3046303588294714,2.847896376222846,-78.75573123461513
1.3054156783227422,2.8531087306417096,-78.77215368973833
1.306200997816013,2.858332099057476,-78.7885951296104
1.3069863173092837,2.863566494571641,-78.80505554495774
1.3077716368025545,2.868811930346329,-78.82153492653566
1.3085569562958252,2.8740684196044723,-78.83803326512842
1.309342275789096,2.8793359756300108,-78.85455055154907
1.3101275952823668,2.8846146117680544,-78.87108677663966
1.3109129147756375,2.8899043414250842,-78.887641931271
1.3116982342689083,2.8952051780691357,-78.90421600634289
1.312483553762179,2.9005171352299914,-78.92080899278388
1.3132688732554498,2.9058402264993655,-78.93742088155138
1.3140541927487206,2.911174465531094,-78.9540516636316
1.3148395122419914,2.9165198660413303,-78.97070133003965
1.3156248317352621,2.9218764418087413,-78.98736987181937
1.3164101512285329,2.927244206674686,-79.00405728004341
1.3171954707218037,2.9326231745434326,-79.02076354581321
1.3179807902150744,2.9380133593823405,-79.037488660259
1.3187661097083452,2.9434147752220667,-79.05423261453973
1.319551429201616,2.9488274361567504,-79.07099539984308
1.3203367486948867,2.954251356344226,-79.08777700738555
1.3211220681881575,2.9596865500062295,-79.10457742841231
1.3219073876814282,2.965133031428582,-79.12139665419724
1.322692707174699,2.9705908149614113,-79.13823467604296
1.3234780266679698,2.97605991501934,-79.15509148528072
1.3242633461612405,2.9815403460817147,-79.17196707327051
1.3250486656545113,2.9870321226927885,-79.188861431401
1.325833985147782,2.9925352594619414,-79.20577455108946
1.3266193046410528,2.998049771063898,-79.22270642378186
1.3274046241343236,3.003575672238922,-79.23965704095276
1.3281899436275943,3.0091129777930408,-79.25662639410542
1.3289752631208651,3.01466170259825,-79.27361447477163
1.3297605826141359,3.0202218615927388,-79.29062127451186
1.3305459021074066,3.0257934697811013,-79.30764678491514
1.3313312216006774,3.0313765422345402,-79.32469099759902
1.3321165410939482,3.036971094091114,-79.34175390420977
1.332901860587219,3.042577140555932,-79.35883549642209
1.3336871800804897,3.04819469690139,-79.37593576593927
1.3344724995737605,3.0538237784673883,-79.39305470449321
1.3352578190670312,3.0594644006615423,-79.4101923038442
1.336043138560302,3.0651165789594397,-79.42734855578117
1.3368284580535728,3.070780328904836,-79.44452345212147
1.3376137775468435,3.0764556661098927,-79.46171698471103
1.3383990970401143,3.082142606255418,-79.4789291454242
1.339184416533385,3.0878411650910786,-79.49615992616384
1.3399697360266558,3.093551358435648,-79.51340931886125
1.3407550555199266,3.0992732021772222,-79.5306773154762
1.3415403750131973,3.1050067122734792,-79.54796390799689
1.342325694506468,3.1107519047518895,-79.56526908843998
1.3431110139997389,3.1165087957099677,-79.58259284885051
1.3438963334930096,3.122277401315513,-79.59993518130196
1.3446816529862804,3.1280577378068353,-79.6172960778962
1.3454669724795512,3.133849821493022,-79.6346755307635
1.346252291972822,3.1396536687541534,-79.6520735320625
1.3470376114660927,3.1454692960415667,-79.66949007398023
1.3478229309593635,3.151296719878091,-79.68692514873202
1.3486082504526342,3.1571359568583035,-79.70437874856158
1.349393569945905,3.1629870236487703,-79.721850865741
1.3501788894391757,3.1688499369883125,-79.73934149257065
1.3509642089324465,3.1747247136882284,-79.75685062137921
1.3517495284257173,3.1806113706325787,-79.7743782445237
1.352534847918988,3.1865099247784254,-79.79192435438942
1.3533201674122588,3.192420393156093,-79.80948894338992
1.3541054869055296,3.1983427928694157,-79.8270720039671
1.3548908063988003,3.2042771410960147,-79.84467352859104
1.355676125892071,3.2102234550875486,-79.86229350976016
1.3564614453853419,3.2161817521699754,-79.87993194000103
1.3572467648786126,3.2221520497438223,-79.89758881186853
1.3580320843718834,3.228134365284445,-79.91526411794574
1.3588174038651541,3.234128716342299,-79.93295785084395
1.359602723358425,3.2401351205432096,-79.95067000320263
1.3603880428516957,3.2461535955886403,-79.96840056768949
1.3611733623449664,3.25218415925596,-79.98614953700037
1.3619586818382372,3.258226829398732,-80.00391690385935
1.362744001331508,3.2642816239469683,-80.0217026610186
1.3635293208247787,3.270348560907426,-80.03950680125847
1.3643146403180495,3.276427658363872,-80.05732931738747
1.3650999598113203,3.282518934477369,-80.07517020224223
1.365885279304591,3.2886224074865593,-80.09302944868753
1.3666705987978618,3.294738095707949,-80.11090704961619
1.3674559182911326,3.300866017536181,-80.12880299794917
1.3682412377844033,3.307006191444341,-80.14671728663558
1.369026557277674,3.3131586359842293,-80.16464990865252
1.3698118767709448,3.319323369786665,-80.18260085700524
1.3705971962642156,3.3255004115617677,-80.20057012472697
1.3713825157574864,3.3316897800992544,-80.21855770487907
1.3721678352507571,3.337891494268739,-80.23656359055094
1.3729531547440281,3.3441055730200313,-80.25458777485993
1.373738474237299,3.3503320353834134,-80.27263025095151
1.3745237937305697,3.356570900469978,-80.29069101199909
1.3753091132238404,3.3628221874719015,-80.30877005120416
1.3760944327171112,3.3690859156627644,-80.32686736179615
1.376879752210382,3.375362104397848,-80.3449829370325
1.3776650717036527,3.381650773114448,-80.36311677019859
1.3784503911969235,3.3879519413321835,-80.38126885460781
1.3792357106901942,3.3942656286533057,-80.39943918360149
1.380021030183465,3.400591854763018,-80.41762775054887
1.3808063496767358,3.4069306394297856,-80.43583454884723
1.3815916691700065,3.4132820025056585,-80.45405957192163
1.3823769886632773,3.4196459639265795,-80.4723028132252
1.383162308156548,3.426022543712717,-80.49056426623886
1.3839476276498188,3.432411761968793,-80.50884392447152
1.3847329471430896,3.438813638884387,-80.52714178145987
1.3855182666363604,3.4452281947342827,-80.54545783076863
1.3863035861296311,3.451655449878789,-80.56379206599024
1.3870889056229019,3.4580954247640756,-80.58214448074513
1.3878742251161726,3.46454813992249,-80.60051506868152
1.3886595446094434,3.4710136159729177,-80.6189038234754
1.3894448641027142,3.4774918736211085,-80.6373107388308
1.390230183595985,3.4839829336599983,-80.65573580847936
1.3910155030892557,3.4904868169700753,-80.6741790261807
1.3918008225825265,3.4970035445197123,-80.69264038572211
1.3925861420757972,3.5035331373655105,-80.71111988091879
1.393371461569068,3.5100756166526463,-80.72961750561363
1.3941567810623388,3.516631003615233,-80.74813325367742
1.3949421005556095,3.5231993195766393,-80.76666711900862
1.3957274200488803,3.529780585949895,-80.7852190955335
1.396512739542151,3.5363748242379955,-80.80378917720607
1.3972980590354218,3.542982056034285,-80.8223773580081
1.3980833785286926,3.5496023030228208,-80.84098363194904
1.3988686980219633,3.556235586978716,-80.85960799306618
1.399654017515234,3.56288192976852,-80.8782504354244
1.4004393370085049,3.5695413533505786,-80.89691095311638
1.4012246565017756,3.5762138797754073,-80.91558954026246
1.4020099759950464,3.5828995311860568,-80.93428619101068
1.4027952954883172,3.589598329818478,-80.95300089953678
1.403580614981588,3.5963102980019235,-80.97173366004414
1.4043659344748587,3.603035458159299,-80.99048446676386
1.4051512539681295,3.609773832807554,-81.00925331395464
1.4059365734614002,3.616525444558065,-81.02804019590283
1.406721892954671,3.62329031611702,-81.04684510692252
1.4075072124479417,3.6300684702857975,-81.0656680413553
1.4082925319412125,3.6368599299613695,-81.08450899357045
1.4090778514344833,3.6436647181366792,-81.10336795796488
1.409863170927754,3.6504828579010478,-81.12224492896304
1.4106484904210248,3.657314372440556,-81.14113990101708
1.4114338099142956,3.66415928503846,-81.16005286860668
1.4122191294075663,3.671017619075574,-81.17898382623905
1.413004448900837,3.677889398030694,-81.19793276844909
1.4137897683941079,3.684774645480991,-81.21689968979918
1.4145750878873786,3.691673385102413,-81.23588458487929
1.4153604073806494,3.698585640670111,-81.25488744830693
1.4161457268739202,3.705511436058855,-81.27390827472718
1.416931046367191,3.7124507952434294,-81.29294705881259
1.4177163658604617,3.7194037422990736,-81.3120037952633
1.4185016853537324,3.726370301401887,-81.33107847880696
1.4192870048470032,3.7333504968292615,-81.35017110419865
1.420072324340274,3.7403443529603067,-81.36928166622108
1.4208576438335447,3.747351894276276,-81.38841015968438
1.4216429633268155,3.754373145361007,-81.40755657942611
1.4224282828200863,3.7614081309013443,-81.42672092031145
1.423213602313357,3.7684568756875754,-81.44590317723295
1.4239989218066278,3.775519404613883,-81.46510334511059
1.4247842412998986,3.7825957426787844,-81.48432141889194
1.4255695607931693,3.7896859149855673,-81.50355739355186
1.42635488028644,3.7967899467427415,-81.5228112640928
1.4271401997797108,3.8039078632644934,-81.5420830255445
1.4279255192729816,3.811039689971138,-81.56137267296423
1.4287108387662524,3.8181854523895704,-81.58068020143662
1.4294961582595231,3.825345176153732,-81.60000560607374
1.430281477752794,3.832518887005066,-81.61934888201503
1.4310667972460647,3.839706610792989,-81.63871002442738
1.4318521167393354,3.846908373475344,-81.658089028505
1.4326374362326062,3.8541242011188928,-81.67748588946951
1.433422755725877,3.861354119899768,-81.69690060256991
1.4342080752191477,3.8685981561039693,-81.71633316308255
1.4349933947124185,3.8758563361278204,-81.73578356631117
1.4357787142056893,3.8831286864784746,-81.75525180758679
1.43656403369896,3.890415233774378,-81.77473788226781
1.4373493531922308,3.897716004745772,-81.79424178574006
1.4381346726855015,3.9050310262351835,-81.81376351341652
1.4389199921787723,3.9123603251979167,-81.83330306073765
1.439705311672043,3.919703928702543,-81.85286042317111
1.4404906311653138,3.927061863931416,-81.87243559621193
1.4412759506585846,3.9344341581811646,-81.89202857538247
1.4420612701518554,3.9418208388632086,-81.9116393562323
1.4428465896451261,3.949221933504255,-81.9312679343383
1.443631909138397,3.9566374697468247,-81.9509143053047
1.4444172286316677,3.964067475349764,-81.97057846476294
1.4452025481249384,3.9715119781887553,-81.99026040837173
1.4459878676182092,3.9789710062568666,-82.00996013181702
1.44677318711148,3.986444587665039,-82.02967763081209
1.4475585066047507,3.993932750642651,-82.04941290109743
1.4483438260980215,4.001435523538034,-82.06916593844069
1.4491291455912922,4.008952934819007,-82.08893673863687
1.449914465084563,4.016485013073431,-82.10872529750816
1.4506997845778338,4.024031787009725,-82.12853161090393
1.4514851040711045,4.031593285457442,-82.14835567470084
1.4522704235643753,4.039169537367808,-82.16819748480263
1.453055743057646,4.046760571814269,-82.1880570371404
1.4538410625509168,4.054366417993048,-82.2079343276723
1.4546263820441876,4.061987105223716,-82.22782935238381
1.4554117015374584,4.0696226629497465,-82.24774210728745
1.4561970210307291,4.077273120739089,-82.26767258842301
1.4569823405239999,4.084938508284732,-82.28762079185742
1.4577676600172707,4.092618855405292,-82.30758671368477
1.4585529795105414,4.100314192045576,-82.3275703500263
1.4593382990038122,4.1080245482771724,-82.34757169703046
1.460123618497083,4.115749954299034,-82.36759075087276
1.4609089379903537,4.123490440438068,-82.38762750775585
1.4616942574836245,4.131246037149735,-82.40768196390962
1.4624795769768952,4.139016775018637,-82.42775411559101
1.463264896470166,4.1468026847591215,-82.44784395908405
1.4640502159634368,4.154603797215892,-82.46795149069996
1.4648355354567075,4.16242014336461,-82.48807670677698
1.4656208549499783,4.170251754312511,-82.50821960368056
1.466406174443249,4.178098661299015,-82.52838017780317
1.4671914939365198,4.185960895696351,-82.54855842556441
1.4679768134297908,4.193838489010195,-82.56875434341096
1.4687621329230616,4.20173147288027,-82.58896792781657
1.4695474524163323,4.2096398790810055,-82.60919917528203
1.470332771909603,4.2175637395221575,-82.62944808233532
1.4711180914028739,4.225503086249456,-82.6497146455313
1.4719034108961446,4.233457951445256,-82.66999886145211
1.4726887303894154,4.241428367429171,-82.69030072670674
1.4734740498826862,4.249414366658733,-82.71062023793137
1.474259369375957,4.257415981730064,-82.73095739178912
1.4750446888692277,4.265433245378517,-82.75131218497025
1.4758300083624984,4.273466190479352,-82.77168461419193
1.4766153278557692,4.281514850048407,-82.79207467619847
1.47740064734904,4.289579257242775,-82.81248236776116
1.4781859668423107,4.297659445361475,-82.83290768567831
1.4789712863355815,4.3057554478461455,-82.85335062677517
1.4797566058288523,4.313867298281725,-82.87381118790415
1.480541925322123,4.321995030397141,-82.89428936594452
1.4813272448153938,4.330138678066029,-82.91478515780261
1.4821125643086646,4.33829827530741,-82.93529856041172
1.4828978838019353,4.3464738562864085,-82.95582957073219
1.483683203295206,4.354665455314961,-82.97637818575124
1.4844685227884769,4.362873106852527,-82.99694440248317
1.4852538422817476,4.371096845506831,-83.01752821796917
1.4860391617750184,4.379336706034549,-83.03812962927749
1.4868244812682891,4.38759272334208,-83.05874863350324
1.48760980076156,4.3958649324862495,-83.07938522776855
1.4883951202548307,4.404153368675071,-83.10003940922253
1.4891804397481014,4.412458067268475,-83.12071117504112
1.4899657592413722,4.420779063779069,-83.14140052242735
1.490751078734643,4.429116393872878,-83.16210744861112
1.4915363982279137,4.437470093370132,-83.18283195084923
1.4923217177211845,4.445840198245995,-83.2035740264255
1.4931070372144553,4.4542267446313595,-83.22433367265056
1.493892356707726,4.462629768813621,-83.24511088686207
1.4946776762009968,4.471049307237437,-83.26590566642459
1.4954629956942675,4.479485396505537,-83.28671800872952
1.4962483151875383,4.487938073379499,-83.30754791119527
1.497033634680809,4.496407374780549,-83.32839537126708
1.4978189541740798,4.504893337790363,-83.3492603864171
1.4986042736673506,4.513395999651867,-83.37014295414444
1.4993895931606214,4.52191539777006,-83.39104307197502
1.5001749126538921,4.530451569712824,-83.41196073746171
1.500960232147163,4.539004553211746,-83.43289594818422
1.5017455516404337,4.547574386162957,-83.4538487017492
1.5025308711337044,4.556161106627941,-83.4748189957901
1.5033161906269752,4.564764752834412,-83.4958068279673
1.504101510120246,4.573385363177122,-83.51681219596806
1.5048868296135167,4.582022976218743,-83.53783509750644
1.5056721491067875,4.5906776306906965,-83.55887553032346
1.5064574686000582,4.59934936549404,-83.57993349218688
1.507242788093329,4.6080382197003145,-83.60100898089141
1.5080281075865998,4.61674423255244,-83.62210199425859
1.5088134270798705,4.625467443465579,-83.6432125301368
1.5095987465731413,4.634207892028032,-83.66434058640122
1.510384066066412,4.642965618002121,-83.68548616095394
1.5111693855596828,4.651740661325107,-83.70664925172389
1.5119547050529536,4.660533062110063,-83.72782985666674
1.5127400245462244,4.66934286064682,-83.74902797376514
1.5135253440394951,4.6781700974028615,-83.77024360102841
1.5143106635327659,4.68701481302425,-83.79147673649281
1.5150959830260367,4.69587704833657,-83.81272737822138
1.5158813025193074,4.704756844345842,-83.83399552430397
1.5166666220125782,4.713654242239486,-83.85528117285725
1.517451941505849,4.72256928338726,-83.87658432202471
1.5182372609991197,4.7315020093422095,-83.89790496997666
1.5190225804923905,4.740452461841655,-83.9192431149102
1.5198078999856612,4.749420682808129,-83.9405987550492
1.520593219478932,4.7584067143503725,-83.9619718886444
1.5213785389722028,4.767410598764314,-83.98336251397329
1.5221638584654735,4.77643237853405,-84.00477062934019
1.5229491779587443,4.785472096332855,-84.02619623307616
1.523734497452015,4.7945297950241725,-84.04763932353909
1.5245198169452858,4.803605517662634,-84.06909989911364
1.5253051364385566,4.812699307495069,-84.09057795821127
1.5260904559318273,4.82181120796153,-84.11207349927022
1.5268757754250981,4.830941262696334,-84.13358652075544
1.5276610949183689,4.840089515529089,-84.15511702115882
1.5284464144116396,4.849256010485745,-84.17666499899882
1.5292317339049104,4.858440791789656,-84.1982304528208
1.5300170533981812,4.867643903862609,-84.2198133811969
1.530802372891452,4.876865391325944,-84.24141378272593
1.5315876923847227,4.886105299001579,-84.26303165603353
1.5323730118779935,4.8953636719131275,-84.28466699977213
1.5331583313712642,4.904640555286973,-84.30631981262087
1.533943650864535,4.913935994553381,-84.32799009328562
1.5347289703578058,4.923250035347578,-84.34967784049911
1.5355142898510765,4.932582723510903,-84.37138305302068
1.5362996093443473,4.941934105091905,-84.39310572963657
1.537084928837618,4.9513042263474745,-84.41484586915966
1.5378702483308888,4.960693133744004,-84.43660347042967
1.5386555678241596,4.970100873958502,-84.45837853231296
1.5394408873174303,4.979527493879771,-84.48017105370269
1.540226206810701,4.988973040609563,-84.50198103351877
1.5410115263039719,4.9984375614637475,-84.52380847070786
1.5417968457972426,5.007921103973504,-84.54565336424334
1.5425821652905134,5.01742371588649,-84.56751571312527
1.5433674847837842,5.02694544516806,-84.58939551638056
1.544152804277055,5.036486340002452,-84.61129277306277
1.5449381237703257,5.04604644879401,-84.63320748225223
1.5457234432635965,5.055625820168416,-84.65513964305595
1.5465087627568672,5.065224502973898,-84.67708925460775
1.547294082250138,5.074842546282499,-84.69905631606814
1.5480794017434087,5.0844799993912995,-84.72104082662429
1.5488647212366795,5.094136911823698,-84.74304278549018
1.5496500407299503,5.103813333330665,-84.76506219190655
1.550435360223221,5.113509313892033,-84.7870990451407
1.5512206797164918,5.123224903717764,-84.80915334448683
1.5520059992097626,5.132960153249266,-84.83122508926576
1.5527913187030333,5.142715113160685,-84.85331427882504
1.553576638196304,5.152489834360216,-84.87542091253897
1.5543619576895749,5.162284367991447,-84.89754498980851
1.5551472771828456,5.172098765434676,-84.91968651006141
1.5559325966761164,5.181933078308259,-84.9418454727521
1.5567179161693872,5.191787358469967,-84.96402187736169
1.557503235662658,5.201661658018345,-84.98621572339805
1.5582885551559287,5.211556029294092,-85.00842701039578
1.5590738746491994,5.221470524881435,-85.03065573791609
1.5598591941424702,5.231405197609541,-85.05290190554702
1.560644513635741,5.241360100553899,-85.07516551290325
1.5614298331290117,5.251335287037757,-85.09744655962619
1.5622151526222827,5.261330810633535,-85.11974504538398
1.5630004721155535,5.271346725164251,-85.14206096987144
1.5637857916088242,5.281383084704999,-85.16439433281006
1.564571111102095,5.291439943584376,-85.18674513394814
1.5653564305953658,5.301517356385967,-85.2091133730606
1.5661417500886365,5.3116153779498205,-85.23149904994914
1.5669270695819073,5.321734063373941,-85.25390216444205
1.567712389075178,5.331873468015779,-85.27632271639445
1.5684977085684488,5.342033647493762,-85.29876070568812
1.5692830280617196,5.352214657688817,-85.3212161322315
1.5700683475549904,5.3624165547458835,-85.34368899595981
1.5708536670482611,5.3726393950754865,-85.36617929683494
1.571638986541532,5.382883235355298,-85.38868703484549
1.5724243060348027,5.393148132531678,-85.41121221000671
1.5732096255280734,5.403434143821292,-85.43375482236068
1.5739949450213442,5.41374132671268,-85.45631487197609
1.574780264514615,5.424069738967884,-85.47889235894833
1.5755655840078857,5.434419438624046,-85.50148728339954
1.5763509035011565,5.444790483995065,-85.5240996454786
1.5771362229944272,5.455182933673218,-85.54672944536097
1.577921542487698,5.46559684653083,-85.56937668324893
1.5787068619809688,5.476032281721937,-85.59204135937144
1.5794921814742395,5.486489298683982,-85.61472347398416
1.5802775009675103,5.496967957139481,-85.63742302736942
1.581062820460781,5.507468317097763,-85.66014001983632
1.5818481399540518,5.51799043885667,-85.68287445172064
1.5826334594473226,5.528534383004304,-85.70562632338486
1.5834187789405934,5.539100210420767,-85.72839563521818
1.5842040984338641,5.549687982279932,-85.7511823876365
1.5849894179271349,5.560297760051201,-85.77398658108251
1.5857747374204056,5.570929605501308,-85.79680821602547
1.5865600569136764,5.581583580696127,-85.81964729296145
1.5873453764069472,5.592259748002473,-85.8425038124132
1.588130695900218,5.602958170089937,-85.86537777493021
1.5889160153934887,5.61367890993274,-85.88826918108866
1.5897013348867595,5.624422030811584,-85.91117803149143
1.5904866543800302,5.635187596315538,-85.9341043267682
1.591271973873301,5.6459756703439,-85.95704806757529
1.5920572933665718,5.656786317108139,-85.98000925459571
1.5928426128598425,5.667619601133783,-86.00298788853931
1.5936279323531133,5.678475587262364,-86.02598397014255
1.594413251846384,5.68935434065337,-86.04899750016867
1.5951985713396548,5.7002559267861965,-86.07202847940759
1.5959838908329256,5.711180411462161,-86.095076908676
1.5967692103261963,5.722127860806441,-86.11814278881731
1.597554529819467,5.7330983412701375,-86.14122612070165
1.5983398493127379,5.744091919632284,-86.16432690522585
1.5991251688060086,5.7551086630018835,-86.1874451433135
1.5999104882992794,5.766148638819977,-86.21058083591494
1.6006958077925502,5.777211914861713,-86.23373398400722
1.601481127285821,5.78829855923845,-86.25690458859414
1.6022664467790917,5.799408640399859,-86.2800926507062
1.6030517662723625,5.810542227136053,-86.30329817140067
1.6038370857656332,5.8216993885797255,-86.32652115176154
1.604622405258904,5.832880194208321,-86.34976159289961
1.6054077247521747,5.844084713846205,-86.37301949595232
1.6061930442454455,5.855313017666864,-86.39629486208392
1.6069783637387163,5.866565176195117,-86.41958769248541
1.607763683231987,5.877841260309347,-86.44289798837453
1.6085490027252578,5.889141341243755,-86.46622575099576
1.6093343222185286,5.900465490590625,-86.48957098162033
1.6101196417117993,5.911813780302609,-86.51293368154622
1.61090496120507,5.923186282695032,-86.53631385209825
1.6116902806983409,5.934583070448215,-86.55971149462786
1.6124756001916116,5.946004216609827,-86.58312661051339
1.6132609196848824,5.957449794597231,-86.60655920115985
1.6140462391781532,5.968919878199886,-86.63000926799903
1.614831558671424,5.980414541581719,-86.65347681248954
1.6156168781646947,5.9919338592835825,-86.67696183611673
1.6164021976579654,6.0034779062256565,-86.70046434039274
1.6171875171512362,6.0150467577099365,-86.72398432685642
1.617972836644507,6.026640489422714,-86.74752179707353
1.6187581561377777,6.038259177437057,-86.77107675263643
1.6195434756310485,6.049902898215345,-86.79464919516445
1.6203287951243193,6.061571728611823,-86.81823912630357
1.62111411461759,6.073265745875149,-86.84184654772665
1.6218994341108608,6.084985027650982,-86.8654714611333
1.6226847536041316,6.096729651984607,-86.88911386824991
1.6234700730974023,6.108499697323531,-86.91277377082969
1.624255392590673,6.12029524252017,-86.93645117065267
1.6250407120839439,6.132116366834496,-86.96014606952565
1.6258260315772146,6.143963149936748,-86.98385846928225
1.6266113510704854,6.155835671910142,-87.00758837178287
1.6273966705637561,6.167734013253618,-87.03133577891481
1.628181990057027,6.1796582548846,-87.05510069259208
1.6289673095502977,6.19160847814178,-87.07888311475558
1.6297526290435684,6.203584764787948,-87.10268304737299
1.6305379485368392,6.215587197012805,-87.12650049243885
1.63132326803011,6.227615857435833,-87.1503354519745
1.6321085875233807,6.239670829109172,-87.1741879280281
1.6328939070166515,6.251752195520549,-87.19805792267472
1.6336792265099223,6.263860040596177,-87.22194543801618
1.634464546003193,6.275994448703752,-87.24585047618118
1.6352498654964638,6.288155504655396,-87.26977303932526
1.6360351849897345,6.300343293710698,-87.29371312963082
1.6368205044830053,6.312557901579739,-87.3176707493071
1.637605823976276,6.32479941442614,-87.3416459005902
1.6383911434695468,6.337067918870179,-87.36563858574307
1.6391764629628176,6.349363501991866,-87.38964880705555
1.6399617824560884,6.361686251334119,-87.4136765668443
1.6407471019493591,6.3740362549059215,-87.43772186745292
1.64153242144263,6.386413601185503,-87.46178471125182
1.6423177409359007,6.398818379123582,-87.4858651006383
1.6431030604291714,6.411250678146613,-87.50996303803657
1.6438883799224422,6.423710588160059,-87.5340785258977
1.644673699415713,6.436198199551708,-87.55821156669964
1.6454590189089837,6.44871360319501,-87.58236216294729
1.6462443384022545,6.461256890452435,-87.6065303171724
1.6470296578955252,6.473828153178886,-87.63071603193363
1.647814977388796,6.486427483725112,-87.65491930981653
1.6486002968820668,6.49905497494117,-87.67914015343361
1.6493856163753375,6.511710720179908,-87.70337856542425
1.6501709358686083,6.52439481330049,-87.72763454845474
1.650956255361879,6.5371073486719435,-87.75190810521835
1.6517415748551498,6.549848421176732,-87.77619923843521
1.6525268943484206,6.562618126214382,-87.80050795085245
1.6533122138416914,6.575416559705102,-87.82483424524406
1.6540975333349621,6.588243818093506,-87.84917812441105
1.6548828528282329,6.601099998352269,-87.87353959118133
1.6556681723215037,6.613985197985914,-87.89791864840973
1.6564534918147744,6.626899515034562,-87.92231529897808
1.6572388113080454,6.639843048077761,-87.9467295457952
1.6580241308013162,6.652815896238308,-87.9711613917968
1.658809450294587,6.665818159186157,-87.99561083994557
1.6595947697878577,6.678849937142327,-88.02007789323123
1.6603800892811285,6.691911330882826,-88.04456255467043
1.6611654087743992,6.705002441742676,-88.06906482730682
1.66195072826767,6.718123371619909,-88.09358471421098
1.6627360477609407,6.731274222979638,-88.11812221848061
1.6635213672542115,6.744455098858145,-88.1426773432403
1.6643066867474823,6.7576661028670255,-88.16725009164162
1.665092006240753,6.770907339197352,-88.19184046686325
1.6658773257340238,6.784178912623879,-88.21644847211086
1.6666626452272946,6.797480928509302,-88.24107411061705
1.6674479647205653,6.810813492808543,-88.26571738564152
1.668233284213836,6.824176712073072,-88.290378300471
1.6690186037071069,6.837570693455279,-88.31505685841921
1.6698039232003776,6.8509955447128785,-88.33975306282693
1.6705892426936484,6.864451374213349,-88.36446691706202
1.6713745621869192,6.8779382909384505,-88.38919842451928
1.67215988168019,6.891456404488714,-88.41394758862073
1.6729452011734607,6.905005825088058,-88.43871441281527
1.6737305206667314,6.918586663588366,-88.463498900579
1.6745158401600022,6.932199031474178,-88.48830105541505
1.675301159653273,6.945843040867377,-88.51312088085359
1.6760864791465437,6.9595188045319265,-88.53795838045193
1.6768717986398145,6.97322643587869,-88.56281355779441
1.6776571181330853,6.986966048970239,-88.5876864164925
1.678442437626356,7.000737758525758,-88.61257696018478
1.6792277571196268,7.014541679925957,-88.63748519253691
1.6800130766128976,7.028377929218054,-88.66241111724163
1.6807983961061683,7.042246623120808,-88.68735473801885
1.681583715599439,7.056147879029563,-88.71231605861563
1.6823690350927099,7.070081815021389,-88.73729508280606
1.6831543545859806,7.084048549860251,-88.76229181439143
1.6839396740792514,7.098048203002204,-88.78730625720011
1.6847249935725221,7.112080894600684,-88.81233841508775
1.685510313065793,7.126146745511814,-88.83738829193705
1.6862956325590637,7.140245877299769,-88.8624558916578
1.6870809520523344,7.154378412242215,-88.8875412181871
1.6878662715456052,7.168544473335755,-88.91264427548916
1.688651591038876,7.18274418430148,-88.9377650675553
1.6894369105321467,7.1969776695905265,-88.96290359840418
1.6902222300254175,7.211245054389739,-88.98805987208151
1.6910075495186883,7.225546464627321,-89.01323389266022
1.691792869011959,7.23988202697861,-89.03842566424044
1.6925781885052298,7.254251868871867,-89.06363519094963
1.6933635079985006,7.268656118494121,-89.08886247694227
1.6941488274917713,7.283094904797112,-89.1141075264002
1.694934146985042,7.297568357503232,-89.13937034353243
1.6957194664783128,7.31207660711158,-89.16465093257526
1.6965047859715836,7.326619784904034,-89.18994929779211
1.6972901054648544,7.341198022951415,-89.2152654434738
1.6980754249581251,7.355811454119704,-89.24059937393825
1.698860744451396,7.370460212076296,-89.2659510935308
1.6996460639446667,7.385144431296345,-89.29132060662396
1.7004313834379374,7.399864247069169,-89.3167079176175
1.7012167029312082,7.414619795504711,-89.34211303093856
1.702002022424479,7.429411213540064,-89.36753595104148
1.7027873419177497,7.444238638946048,-89.39297668240792
1.7035726614110205,7.459102210333908,-89.41843522954686
1.7043579809042912,7.474002067162001,-89.44391159699458
1.705143300397562,7.488938349742618,-89.46940578931468
1.7059286198908328,7.503911199248822,-89.49491781109806
1.7067139393841035,7.5189207577214,-89.52044766696297
1.7074992588773743,7.5339671680758595,-89.54599536155501
1.708284578370645,7.549050574109498,-89.57156089954712
1.7090698978639158,7.564171120508552,-89.59714428563956
1.7098552173571866,7.579328952855424,-89.62274552455997
1.7106405368504574,7.594524217635943,-89.64836462106335
1.7114258563437281,7.609757062246784,-89.6740015799321
1.7122111758369989,7.625027635002861,-89.69965640597594
1.7129964953302697,7.640336085144873,-89.72532910403206
1.7137818148235404,7.655682562846902,-89.751019678965
1.7145671343168112,7.6710672192240725,-89.77672813566664
1.715352453810082,7.686490206340315,-89.80245447905642
1.7161377733033527,7.701951677216206,-89.82819871408108
1.7169230927966235,7.7174517858368805,-89.85396084571478
1.7177084122898942,7.732990687160029,-89.87974087895923
1.718493731783165,7.748568537123981,-89.90553881884344
1.7192790512764358,7.764185492655883,-89.93135467042396
1.7200643707697065,7.779841711679923,-89.95718843878474
1.7208496902629773,7.795537353125708,-89.98304012903725
1.721635009756248,7.811272576936671,-90.00890974632038
1.7224203292495188,7.827047544078571,-90.03479729580052
1.7232056487427896,7.842862416548142,-90.06070278267154
1.7239909682360604,7.858717357381746,-90.08662621215484
1.7247762877293311,7.874612530664196,-90.11256758949928
1.7255616072226019,7.890548101537619,-90.13852691998125
1.7263469267158726,7.906524236210438,-90.16450420890465
1.7271322462091434,7.9225411019664636,-90.1904994616009
1.7279175657024142,7.93859886717403,-90.21651268342897
1.728702885195685,7.954697701295307,-90.24254387977538
1.7294882046889557,7.970837774895632,-90.26859305605417
1.7302735241822265,7.987019259652998,-90.29466021770699
1.7310588436754972,8.003242328367628,-90.32074537020299
1.731844163168768,8.019507154971642,-90.34684851903893
1.7326294826620388,8.035813914538847,-90.37296966973919
1.7334148021553095,8.052162783294612,-90.39910882785568
1.7342001216485803,8.068553938625886,-90.42526599896793
1.734985441141851,8.084987559091264,-90.45144118868309
1.7357707606351218,8.10146382443125,-90.47763440263593
1.7365560801283926,8.117982915578532,-90.50384564648883
1.7373413996216633,8.134545014668467,-90.53007492593183
1.738126719114934,8.151150305049612,-90.55632224668254
1.7389120386082049,8.167798971294395,-90.58258761448634
1.7396973581014756,8.184491199209917,-90.60887103511614
1.7404826775947464,8.201227175848846,-90.6351725143726
1.7412679970880172,8.218007089520468,-90.66149205808405
1.742053316581288,8.234831129801812,-90.6878296721065
1.7428386360745587,8.251699487548956,-90.7141853623236
1.7436239555678295,8.268612354908413,-90.74055913464679
1.7444092750611002,8.285569925328666,-90.76695099501518
1.745194594554371,8.302572393571829,-90.79336094939553
1.7459799140476417,8.319619955725448,-90.81978900378246
1.7467652335409125,8.336712809214411,-90.84623516419828
1.7475505530341833,8.353851152813021,-90.87269943669295
1.748335872527454,8.371035186657192,-90.89918182734438
1.7491211920207248,8.388265112256773,-90.92568234225799
1.7499065115139956,8.405541132508041,-90.95220098756721
1.7506918310072663,8.422863451706306,-90.97873776943314
1.7514771505005373,8.440232275558678,-91.00529269404467
1.752262469993808,8.45764781119698,-91.03186576761848
1.7530477894870788,8.475110267190798,-91.05845699639912
1.7538331089803496,8.492619853560694,-91.08506638665888
1.7546184284736204,8.510176781791577,-91.11169394469799
1.7554037479668911,8.527781264846194,-91.13833967684434
1.756189067460162,8.545433517178813,-91.16500358945387
1.7569743869534327,8.563133754749062,-91.19168568891023
1.7577597064467034,8.580882195035912,-91.21838598162498
1.7585450259399742,8.59867905705184,-91.24510447403755
1.759330345433245,8.616524561357126,-91.27184117261524
1.7601156649265157,8.634418930074382,-91.2985960838533
1.7609009844197865,8.652362386903173,-91.3253692142748
1.7616863039130572,8.670355157134873,-91.35216057043077
1.762471623406328,8.688397467667668,-91.37897015890015
1.7632569428995988,8.706489547021723,-91.40579798628981
1.7640422623928695,8.724631625354588,-91.43264405923452
1.7648275818861403,8.742823934476698,-91.45950838439708
1.765612901379411,8.761066707867142,-91.4863909684682
1.7663982208726818,8.779360180689569,-91.51329181816651
1.7671835403659526,8.797704589808307,-91.54021094023875
1.7679688598592234,8.816100173804669,-91.56714834145947
1.7687541793524941,8.834547172993448,-91.59410402863135
1.769539498845765,8.853045829439635,-91.62107800858507
1.7703248183390357,8.871596386975304,-91.64807028817924
1.7711101378323064,8.89019909121674,-91.67508087430055
1.7718954573255772,8.90885418958174,-91.70210977386377
1.772680776818848,8.92756193130716,-91.7291569938116
1.7734660963121187,8.946322567466634,-91.7562225411149
1.7742514158053895,8.965136350988555,-91.78330642277253
1.7750367352986602,8.984003536674246,-91.81040864581148
1.775822054791931,9.002924381216362,-91.83752921728677
1.7766073742852018,9.021899143217544,-91.86466814428154
1.7773926937784725,9.040928083209236,-91.89182543390703
1.7781780132717433,9.060011463670834,-91.9190010933026
1.778963332765014,9.079149549048967,-91.94619512963573
1.7797486522582848,9.09834260577713,-91.97340755010202
1.7805339717515556,9.117590902295445,-92.00063836192521
1.7813192912448264,9.136894709070768,-92.02788757235726
1.7821046107380971,9.156254298616993,-92.0551551886782
1.7828899302313679,9.175669945515622,-92.08244121819631
1.7836752497246386,9.195141926436623,-92.10974566824798
1.7844605692179094,9.2146705201595,-92.13706854619788
1.7852458887111802,9.234256007594668,-92.16440985943883
1.786031208204451,9.253898671805118,-92.19176961539183
1.7868165276977217,9.273598798028283,-92.21914782150621
1.7876018471909925,9.293356673698264,-92.24654448525943
1.7883871666842632,9.313172588468307,-92.27395961415726
1.789172486177534,9.333046834233556,-92.30139321573374
1.7899578056708048,9.352979705154135,-92.32884529755104
1.7907431251640755,9.37297149767847,-92.35631586719984
1.7915284446573463,9.393022510566988,-92.38380493229889
1.792313764150617,9.413133044916076,-92.41131250049533
1.7930990836438878,9.433303404182332,-92.4388385794646
1.7938844031371586,9.453533894207206,-92.46638317691045
1.7946697226304293,9.473824823241873,-92.493946300565
1.7954550421237,9.494176501972527,-92.52152795818866
1.7962403616169709,9.514589243545913,-92.54912815757017
1.7970256811102416,9.53506336359527,-92.57674690652671
1.7978110006035124,9.555599180266569,-92.60438421290374
1.7985963200967832,9.576197014245151,-92.63204008457515
1.799381639590054,9.596857188782637,-92.65971452944326
1.8001669590833247,9.617580029724293,-92.68740755543868
1.8009522785765955,9.638365865536686,-92.71511917052052
1.8017375980698662,9.65921502733574,-92.74284938267634
1.802522917563137,9.680127848915186,-92.77059819992202
1.8033082370564077,9.701104666775354,-92.79836563030199
1.8040935565496785,9.722145820152381,-92.82615168188903
1.8048788760429493,9.743251651047833,-92.85395636278454
1.80566419553622,9.764422504258665,-92.88177968111826
1.8064495150294908,9.785658727407668,-92.90962164504845
1.8072348345227616,9.806960670974265,-92.93748226276192
1.8080201540160323,9.828328688325795,-92.96536154247391
1.808805473509303,9.849763135749134,-92.99325949242824
1.8095907930025739,9.871264372482868,-93.02117612089725
1.8103761124958446,9.892832760749792,-93.04911143618179
1.8111614319891154,9.91446866578996,-93.0770654466113
1.8119467514823862,9.936172455894118,-93.10503816054377
1.812732070975657,9.957944502437662,-93.13302958636575
1.8135173904689277,9.979785179915018,-93.16103973249237
1.8143027099621984,10.001694865974535,-93.18906860736739
1.8150880294554692,10.023673941453861,-93.21711621946314
1.81587334894874,10.045722790415821,-93.24518257728063
1.8166586684420107,10.067841800184778,-93.27326768934938
1.8174439879352815,10.090031361383566,-93.30137156422767
1.8182293074285523,10.112291867970862,-93.32949421050236
1.819014626921823,10.134623717279158,-93.35763563678901
1.8197999464150938,10.157027310053268,-93.38579585173186
1.8205852659083646,10.179503050489348,-93.41397486400373
1.8213705854016353,10.202051346274514,-93.44217268230629
1.822155904894906,10.224672608627014,-93.4703893153698
1.8229412243881769,10.24736725233698,-93.4986247719533
1.8237265438814476,10.270135695807788,-93.52687906084451
1.8245118633747184,10.292978361097987,-93.55515219085991
1.8252971828679891,10.315895673963862,-93.58344417084479
1.82608250236126,10.33888806390262,-93.61175500967306
1.8268678218545307,10.361955964196198,-93.64008471624756
1.8276531413478014,10.385099811955719,-93.66843329949978
1.8284384608410722,10.408320048166601,-93.69680076839009
1.829223780334343,10.431617117734348,-93.72518713190762
1.8300090998276137,10.454991469530988,-93.7535923990704
1.8307944193208845,10.478443556442238,-93.78201657892515
1.8315797388141553,10.50197383541535,-93.81045968054752
1.832365058307426,10.525582767507679,-93.83892171304204
1.8331503778006968,10.549270817935986,-93.86740268554202
1.8339356972939675,10.57303845612645,-93.89590260720968
1.8347210167872383,10.596886155765517,-93.9244214872361
1.835506336280509,10.620814394851399,-93.95295933484132
1.8362916557737798,10.64482365574647,-93.98151615927428
1.8370769752670506,10.66891442523038,-94.01009196981273
1.8378622947603214,10.693087194554042,-94.03868677576345
1.8386476142535921,10.717342459494375,-94.06730058646215
1.839432933746863,10.741680720409965,-94.09593341127345
1.8402182532401337,10.766102482297535,-94.12458525959102
1.8410035727334044,10.790608254849305,-94.15325614083739
1.8417888922266752,10.81519855251124,-94.18194606446414
1.842574211719946,10.839873894542203,-94.21065503995186
1.8433595312132167,10.864634805074028,-94.23938307681014
1.8441448507064875,10.889481813172562,-94.26813018457752
1.8449301701997582,10.914415452899618,-94.29689637282169
1.845715489693029,10.939436263375939,-94.32568165113933
1.8465008091863,10.96454478884517,-94.35448602915615
1.8472861286795708,10.989741578738785,-94.38330951652692
1.8480714481728415,11.015027187742115,-94.41215212293554
1.8488567676661123,11.040402175861397,-94.44101385809496
1.849642087159383,11.065867108491908,-94.46989473174729
1.8504274066526538,11.091422556487164,-94.49879475366363
1.8512127261459246,11.117069096229281,-94.52771393364429
1.8519980456391953,11.142807309700444,-94.55665228151872
1.852783365132466,11.168637784555537,-94.58560980714554
1.8535686846257369,11.194561114195968,-94.61458652041242
1.8543540041190076,11.22057789784469,-94.64358243123631
1.8551393236122784,11.246688740622456,-94.67259754956322
1.8559246431055492,11.27289425362531,-94.70163188536851
1.85670996259882,11.299195054003402,-94.73068544865663
1.8574952820920907,11.325591765041036,-94.75975824946123
1.8582806015853615,11.352085016238133,-94.78885029784529
1.8590659210786322,11.37867544339296,-94.81796160390098
1.859851240571903,11.405363688686323,-94.84709217774962
1.8606365600651738,11.432150400767103,-94.87624202954196
1.8614218795584445,11.459036234839296,-94.9054111694579
1.8622071990517153,11.486021852750472,-94.93459960770664
1.862992518544986,11.513107923081748,-94.96380735452678
1.8637778380382568,11.5402951212393,-94.99303442018608
1.8645631575315276,11.567584129547438,-95.02228081498166
1.8653484770247983,11.594975637343234,-95.0515465492401
1.866133796518069,11.622470341072841,-95.08083163331708
1.8669191160113399,11.650068944389414,-95.11013607759784
1.8677044355046106,11.67777215825276,-95.1394598924969
1.8684897549978814,11.705580701030687,-95.16880308845819
1.8692750744911522,11.733495298602143,-95.19816567595493
1.870060393984423,11.761516684462157,-95.22754766548985
1.8708457134776937,11.78964559982859,-95.25694906759507
1.8716310329709644,11.817882793750812,-95.28636989283213
1.8724163524642352,11.846229023220243,-95.3158101517919
1.873201671957506,11.874685053282901,-95.34526985509486
1.8739869914507767,11.903251657153929,-95.37474901339083
1.8747723109440475,11.931929616334152,-95.40424763735909
1.8755576304373183,11.960719720728765,-95.4337657377085
1.876342949930589,11.989622768768108,-95.46330332517735
1.8771282694238598,12.018639567530636,-95.4928604105334
1.8779135889171306,12.047770932868147,-95.52243700457393
1.8786989084104013,12.077017689533214,-95.55203311812585
1.879484227903672,12.106380671309015,-95.58164876204548
1.8802695473969429,12.135860721141507,-95.61128394721872
1.8810548668902136,12.165458691274019,-95.64093868456104
1.8818401863834844,12.195175443384327,-95.67061298501751
1.8826255058767551,12.225011848724321,-95.70030685956274
1.883410825370026,12.254968788262149,-95.73002031920093
1.8841961448632967,12.285047152827167,-95.7597533749659
1.8849814643565674,12.315247843257445,-95.7895060379211
1.8857667838498382,12.345571770550169,-95.81927831915957
1.886552103343109,12.376019856014807,-95.84907022980403
1.8873374228363797,12.40659303142918,-95.87888178100681
1.8881227423296505,12.437292239198541,-95.90871298394997
1.8889080618229213,12.468118432517656,-95.93856384984511
1.889693381316192,12.499072575535962,-95.96843438993366
1.8904787008094628,12.530155643525969,-95.99832461548667
1.8912640203027336,12.561368623054847,-96.02823453780489
1.8920493397960043,12.592712512159352,-96.05816416821884
1.892834659289275,12.62418832052419,-96.0881135180887
1.8936199787825458,12.655797069663816,-96.11808259880442
1.8944052982758166,12.687539793107817,-96.14807142178573
1.8951906177690874,12.719417536589914,-96.17807999848212
1.8959759372623581,12.75143135824078,-96.20810834037276
1.896761256755629,12.783582328784549,-96.23815645896676
1.8975465762488997,12.815871531739358,-96.26822436580288
1.8983318957421704,12.848300063621851,-96.2983120724498
1.8991172152354412,12.880869034155747,-96.32841959050592
1.899902534728712,12.913579566484684,-96.35854693159958
1.9006878542219827,12.946432797389305,-96.38869410738886
1.9014731737152535,12.979429877508819,-96.41886112956175
1.9022584932085242,13.012571971567013,-96.44904800983605
1.903043812701795,13.045860258602907,-96.47925475995953
1.9038291321950658,13.079295932206218,-96.50948139170971
1.9046144516883365,13.11288020075759,-96.53972791689415
1.9053997711816073,13.146614287673868,-96.56999434735025
1.906185090674878,13.180499431658445,-96.6002806949453
1.9069704101681488,13.214536886956898,-96.63058697157655
1.9077557296614196,13.248727923617889,-96.66091318917118
1.9085410491546904,13.283073827759676,-96.69125935968634
1.9093263686479611,13.317575901842192,-96.72162549510917
1.910111688141232,13.352235464944965,-96.75201160745671
1.9108970076345027,13.387053853050892,-96.78241770877595
1.9116823271277734,13.422032419336205,-96.81284381114409
1.9124676466210442,13.45717253446659,-96.84328992666808
1.913252966114315,13.492475586899747,-96.87375606748506
1.9140382856075857,13.52794298319455,-96.9042422457621
1.9148236051008565,13.563576148326895,-96.93474847369639
1.9156089245941272,13.599376526012518,-96.96527476351505
1.916394244087398,13.635345579036876,-96.9958211274754
1.9171795635806688,13.67148478959239,-97.02638757786472
1.9179648830739395,13.70779565962308,-97.05697412700044
1.9187502025672103,13.744279711176969,-97.08758078723007
1.919535522060481,13.780938486766344,-97.11820757093122
1.9203208415537518,13.817773549736156,-97.14885449051154
1.9211061610470226,13.854786484640673,-97.17952155840891
1.9218914805402934,13.891978897628798,-97.2102087870913
1.9226768000335641,13.929352416838093,-97.24091618905688
1.9234621195268349,13.966908692797853,-97.27164377683384
1.9242474390201056,14.004649398841487,-97.30239156298065
1.9250327585133764,14.042576231528422,-97.33315956008593
1.9258180780066472,14.080690911075775,-97.3639477807685
1.926603397499918,14.118995181800173,-97.39475623767736
1.9273887169931887,14.157490812569893,-97.42558494349174
1.9281740364864595,14.196179597267642,-97.45643391092099
1.9289593559797302,14.23506335526434,-97.48730315270485
1.929744675473001,14.27414393190416,-97.51819268161319
1.9305299949662718,14.313423199001125,-97.54910251044609
1.9313153144595425,14.352903055347682,-97.58003265203408
1.9321006339528133,14.392585427235547,-97.61098311923774
1.932885953446084,14.432472268989134,-97.64195392494806
1.9336712729393548,14.472565563512045,-97.6729450820863
1.9344565924326256,14.51286732284691,-97.70395660360393
1.9352419119258963,14.55337958874901,-97.73498850248288
1.936027231419167,14.594104433274076,-97.7660407917353
1.9368125509124379,14.635043959380745,-97.7971134844037
1.9375978704057086,14.676200301548,-97.82820659356094
1.9383831898989794,14.71757562640815,-97.85932013231016
1.9391685093922502,14.759172133395799,-97.89045411378494
1.939953828885521,14.800992055413207,-97.92160855114925
1.940739148378792,14.843037659512701,-97.95278345759735
1.9415244678720627,14.885311247596446,-97.98397884635395
1.9423097873653334,14.927815157134408,-98.01519473067411
1.9430951068586042,14.970551761900728,-98.04643112384338
1.943880426351875,15.013523472729362,-98.07768803917764
1.9446657458451457,15.05673273828947,-98.10896549002325
1.9454510653384165,15.100182045881155,-98.14026348975698
1.9462363848316873,15.143873922252256,-98.1715820517861
1.947021704324958,15.187810934436879,-98.2029211895483
1.9478070238182288,15.231995690616287,-98.23428091651168
1.9485923433114996,15.276430841002904,-98.26566124617496
1.9493776628047703,15.321119078748266,-98.29706219206717
1.950162982298041,15.36606314087549,-98.32848376774795
1.9509483017913118,15.411265809237364,-98.35992598680741
1.9517336212845826,15.456729911500585,-98.39138886286622
1.9525189407778534,15.502458322157256,-98.42287240957549
1.9533042602711241,15.548453963564421,-98.45437664061684
1.954089579764395,15.594719807012602,-98.48590156970268
1.9548748992576657,15.641258873824357,-98.51744721057555
1.9556602187509364,15.68807423648381,-98.54901357700894
1.9564455382442072,15.73516901979827,-98.58060068280666
1.957230857737478,15.782546402092976,-98.61220854180326
1.9580161772307487,15.830209616440175,-98.6438371678637
1.9588014967240195,15.878161951923657,-98.67548657488366
1.9595868162172903,15.926406754940054,-98.70715677678945
1.960372135710561,15.974947430538142,-98.73884778753785
1.9611574552038318,16.02378744379743,-98.77055962111646
1.9619427746971025,16.072930321247654,-98.80229229154325
1.9627280941903733,16.12237965233028,-98.83404581286709
1.963513413683644,16.172139090903897,-98.86582019916735
1.9642987331769148,16.222212356794802,-98.897615464554
1.9650840526701856,16.27260323739456,-98.92943162316784
1.9658693721634564,16.323315589306254,-98.96126868918024
1.9666546916567271,16.374353340041115,-98.99312667679327
1.967440011149998,16.425720489767546,-99.02500560023962
1.9682253306432687,16.477421113114335,-99.0569054737828
1.9690106501365394,16.52945936103024,-99.08882631171696
1.9697959696298102,16.581839462701918,-99.12076812836692
1.970581289123081,16.634565727532515,-99.15273093808833
1.9713666086163517,16.68764254718325,-99.1847147552674
1.9721519281096225,16.741074397680308,-99.21671959432123
1.9729372476028932,16.79486584158964,-99.24874546969762
1.973722567096164,16.849021530262334,-99.28079239587511
1.9745078865894348,16.903546206153237,-99.31286038736296
1.9752932060827055,16.958444705215822,-99.34494945870125
1.9760785255759763,17.01372195937624,-99.37705962446087
1.976863845069247,17.06938299908976,-99.40919089924338
1.9776491645625178,17.12543295598289,-99.44134329768124
1.9784344840557886,17.181877065584718,-99.47351683443766
1.9792198035490594,17.238720670150972,-99.50571152420656
1.9800051230423301,17.295969221584787,-99.53792738171292
1.9807904425356009,17.35362828445797,-99.5701644217122
1.9815757620288716,17.41170353913716,-99.60242265899103
1.9823610815221424,17.47020078501913,-99.63470210836662
1.9831464010154132,17.52912594387982,-99.66700278468714
1.983931720508684,17.588485063342134,-99.69932470283159
1.9847170400019547,17.64828432046732,-99.73166787770968
1.9855023594952255,17.70853002547547,-99.76403232426229
1.9862876789884962,17.769228625600604,-99.79641805746098
1.987072998481767,17.83038670908638,-99.82882509230807
1.9878583179750378,17.892011009328424,-99.8612534438369
1.9886436374683085,17.95410840916997,-99.89370312711178
1.9894289569615793,18.016685945357622,-99.92617415722775
1.99021427645485,18.079750813164335,-99.9586665493108
1.9909995959481208,18.143310371187404,-99.9911803185178
1.9917849154413916,18.20737214632929,-100.02371548003667
1.9925702349346623,18.27194383896982,-100.05627204908609
1.993355554427933,18.337033328338585,-100.08885004091573
1.9941408739212039,18.402648678097002,-100.1214494708062
1.9949261934144746,18.46879814213981,-100.15407035406898
1.9957115129077454,18.53549017062652,-100.18671270604656
1.9964968324010162,18.602733416253816,-100.21937654211234
1.997282151894287,18.670536740780577,-100.25206187767078
1.9980674713875577,18.73890922181777,-100.28476872815719
1.9988527908808285,18.80786015989632,-100.31749710903773
1.9996381103740992,18.877399085826557,-100.35024703580986
2.00042342986737,18.94753576836408,-100.38301852400164
2.0012087493606407,19.018280222197,-100.4158115891724
2.0019940688539117,19.089642716271666,-100.44862624691234
2.0027793883471823,19.16163378247304,-100.4814625128427
2.0035647078404533,19.2342642246795,-100.51432040261554
2.004350027333724,19.307545128209995,-100.5471999319142
2.005135346826995,19.381487869685742,-100.58010111645278
2.0059206663202653,19.456104127326995,-100.6130239719765
2.0067059858135363,19.53140589170948,-100.64596851426171
2.007491305306807,19.607405477004065,-100.67893475911553
2.008276624800078,19.684115532727198,-100.71192272237627
2.0090619442933484,19.761549056028997,-100.74493241991328
2.0098472637866194,19.83971940455,-100.77796386762685
2.01063258327989,19.9186403098772,-100.8110170814483
2.011417902773161,19.998325891634583,-100.84409207734006
2.0122032222664314,20.078790672242818,-100.87718887129567
2.0129885417597024,20.160049592388383,-100.91030747933964
2.013773861252973,20.2421180272416,-100.9434479175275
2.014559180746244,20.325011803469295,-100.97661020194576
2.0153445002395145,20.40874721708757,-101.00979434871225
2.0161298197327855,20.493341052206624,-101.04300037397559
2.016915139226056,20.57881060072002,-101.07622829391575
2.017700458719327,20.66517368299764,-101.10947812474346
2.0184857782125976,20.752448669642895,-101.14274988270076
2.0192710977058685,20.84065450438198,-101.17604358406068
2.020056417199139,20.929810728155125,-101.2093592451273
2.02084173669241,21.019937504487988,-101.24269688223582
2.0216270561856806,21.11105564622398,-101.27605651175259
2.0224123756789516,21.203186643707802,-101.30943815007485
2.023197695172222,21.296352694514145,-101.34284181363127
2.023983014665493,21.390576734825867,-101.3762675188812
2.0247683341587637,21.485882472571177,-101.40971528231533
2.0255536536520347,21.582294422441063,-101.44318512045564
2.026338973145305,21.67983794291489,-101.4766770498547
2.027124292638576,21.778539275435577,-101.51019108709671
2.0279096121318467,21.878425585884088,-101.54372724879646
2.0286949316251177,21.979525008519104,-101.57728555160048
2.0294802511183883,22.081866692557778,-101.61086601218572
2.0302655706116592,22.185480851592352,-101.64446864726084
2.03105089010493,22.290398816050452,-101.6780934735651
2.0318362095982008,22.396653088928776,-101.71174050786932
2.0326215290914713,22.504277405046377,-101.74540976697516
2.0334068485847423,22.613306794089812,-101.77910126771549
2.034192168078013,22.723777647742814,-101.8128150269543
2.034977487571284,22.835727791224528,-101.84655106158658
2.0357628070645544,22.949196559586177,-101.88030938853873
2.0365481265578254,23.06422487915329,-101.91409002476797
2.037333446051096,23.180855354533243,-101.9478929872626
2.038118765544367,23.299132361653292,-101.98171829304239
2.0389040850376374,23.4191021473354,-102.01556595915801
2.0396894045309084,23.540812935968876,-102.0494360026914
2.040474724024179,23.664315043894874,-102.08332844075518
2.04126004351745,23.789661002183603,-102.11724329049362
2.0420453630107205,23.91690568855193,-102.15118056908186
2.0428306825039915,24.046106469252937,-102.18514029372633
2.043616001997262,24.177323351852923,-102.21912248166436
2.044401321490533,24.310619149917287,-102.2531271501644
2.0451866409838035,24.446059660733397,-102.28715431652624
2.0459719604770745,24.58371385733239,-102.32120399808069
2.046757279970345,24.723654096209696,-102.35527621218958
2.047542599463616,24.86595634231305,-102.38937097624603
2.0483279189568866,25.01070041304692,-102.42348830767406
2.0491132384501576,25.157970243258063,-102.45762822392915
2.049898557943428,25.307854173402255,-102.49179074249741
2.050683877436699,25.460445263371923,-102.52597588089661
2.0514691969299697,25.615841634773687,-102.56018365667495
2.0522545164232406,25.77414684481093,-102.59441408741264
2.053039835916511,25.935470295336422,-102.62866719072022
2.053825155409782,26.099927681124207,-102.66294298423972
2.0546104749030527,26.267641481958528,-102.697241485644
2.0553957943963237,26.43874150378489,-102.7315627126374
2.0561811138895942,26.613365474909866,-102.76590668295488
2.0569664333828652,26.79165970411235,-102.80027341436312
2.0577517528761358,26.973779808541813,-102.83466292465936
2.0585370723694068,27.15989152048014,-102.86907523167187
2.0593223918626773,27.350171583444315,-102.90351035326074
2.0601077113559483,27.544808749775406,-102.93796830731651
2.060893030849219,27.744004893822684,-102.97244911176062
2.06167835034249,27.947976257182287,-103.00695278454606
2.0624636698357603,28.15695484524245,-103.04147934365713
2.0632489893290313,28.37118999765273,-103.07602880710819
2.064034308822302,28.5909501593695,-103.11060119294586
2.064819628315573,28.816524883831647,-103.14519651924687
2.0656049478088434,29.048227105755878,-103.17981480411966
2.0663902673021144,29.286395728312854,-103.2144560657032
2.067175586795385,29.531398578349993,-103.24912032216797
2.067960906288656,29.783635794340547,-103.28380759171503
2.0687462257819265,30.04354372538861,-103.3185178925771
2.0695315452751974,30.311599436689804,-103.35325124301734
2.070316864768468,30.58832593828057,-103.3880076613303
2.071102184261739,30.874298281054017,-103.42278716584141
2.0718875037550095,31.170150698595435,-103.45758977490684
2.0726728232482805,31.476585017819367,-103.49241550691474
2.073458142741551,31.794380618893566,-103.52726438028283
2.074243462234822,32.12440630006335,-103.56213641346102
2.0750287817280926,32.467634502007805,-103.59703162492977
2.0758141012213636,32.8251584782234,-103.63195003320052
2.076599420714634,33.1982131753732,-103.66689165681561
2.077384740207905,33.588200829149685,-103.7018565143489
2.0781700597011756,33.99672261425527,-103.73684462440427
2.0789553791944466,34.425618152558755,-103.77185600561705
2.079740698687717,34.87701534357938,-103.80689067665412
2.080526018180988,35.35339393291246,-103.84194865621235
2.0813113376742587,35.85766763012356,-103.87702996301981
2.0820966571675297,36.39329167623962,-103.9121346158362
2.0828819766608007,36.96440595455322,-103.94726263345069
2.083667296154071,37.576028741687445,-103.98241403468528
2.084452615647342,38.234324250787196,-104.01758883839165
2.0852379351406127,38.94698049348888,-104.05278706345122
2.0860232546338837,39.723756993210635,-104.08800872877988
2.0868085741271543,40.577303100031855,-104.12325385332056
2.0875938936204252,41.524425104792755,-104.15852245604907
2.088379213113696,42.58813432446896,-104.19381455597214
2.0891645326069668,43.80113604558785,-104.22913017212686
2.0899498521002373,45.212177984392305,-104.26446932357999
2.0907351715935083,46.89863245964612,-104.29983202943251
2.091520491086779,48.994496187731755,-104.33521830881266
2.09230581058005,51.764086828347416,-104.37062818088091
2.0930911300733204,55.85669279867523,-104.4060616648276
2.0938764495665914,63.86251790640057,-104.4415187798774
2.094661769059862,69.63867215396212,75.5230004547227
2.095447088553133,57.71584145872942,75.4874960196738
2.0962324080464034,52.87041021488296,75.45196789567697
2.0970177275396744,49.777311754595466,75.41641606338521
2.097803047032945,47.50018456135528,75.38084050341746
2.098588366526216,45.69699108923687,75.34524119636926
2.0993736860194865,44.20392091940193,75.30961812280283
2.1001590055127575,42.92970645168871,75.27397126325191
2.100944325006028,41.81824898644307,75.23830059821654
2.101729644499299,40.83258934058467,75.20260610816631
2.1025149639925695,39.94708363553365,75.1668877735426
2.1033002834858405,39.143209061443265,75.13114557475318
2.104085602979111,38.40714921923889,75.0953794921782
2.104870922472382,37.72832342677947,75.059589506164
2.1056562419656526,37.09844909544133,75.0237755970299
2.1064415614589236,36.51092090693868,74.98793774506142
2.107226880952194,35.960386434211536,74.9520759305145
2.108012200445465,35.44244803367431,74.91619013361522
2.1087975199387357,34.95344844453571,74.88028033455879
2.1095828394320066,34.49031338330619,74.84434651350946
2.110368158925277,34.05043386614552,74.80838865060088
2.111153478418548,33.63157680267217,74.772406725937
2.1119387979118187,33.23181608306273,74.73640071959022
2.1127241174050897,32.84947876780468,74.70037061160352
2.1135094368983602,32.483102574531244,74.66431638198853
2.1142947563916312,32.13140193016147,74.62823801072682
2.1150800758849018,31.793240597489042,74.59213547776963
2.1158653953781728,31.46760940514266,74.5560087630374
2.1166507148714433,31.15360798010807,74.51985784642059
2.1174360343647143,30.85042964942755,74.48368270777904
2.118221353857985,30.55734887337183,74.44748332694203
2.119006673351256,30.27371071723175,74.41125968370869
2.1197919928445264,29.99892197732235,74.3750117578481
2.1205773123377973,29.73244365877796,74.33873952909873
2.121362631831068,29.47378456532686,74.30244297716858
2.122147951324339,29.222495809436243,74.26612208173563
2.1229332708176094,28.97816608867412,74.22977682244725
2.1237185903108804,28.740417603432434,74.19340717892119
2.124503909804151,28.50890251427345,74.15701313074455
2.125289229297422,28.283299855498704,74.12059465747407
2.1260745487906925,28.063312836207707,74.08415173863645
2.1268598682839635,27.848666471893054,74.04768435372873
2.127645187777234,27.639105499157154,74.01119248221694
2.128430507270505,27.43439253388097,73.97467610353728
2.1292158267637755,27.234306439517418,73.93813519709633
2.1300011462570465,27.03864087738037,73.90156974226983
2.130786465750317,26.847203015104174,73.86497971840417
2.131571785243588,26.659812373003163,73.82836510481502
2.1323571047368586,26.476299791034606,73.79172588078845
2.1331424242301296,26.29650650154167,73.75506202558034
2.1339277437234,26.120283295041844,73.71837351841681
2.134713063216671,25.94748976807405,73.68166033849378
2.1354983827099416,25.777993643607818,73.64492246497724
2.1362837022032126,25.611670155769936,73.60815987700335
2.137069021696483,25.448401491722557,73.5713725536784
2.137854341189754,25.288076284435398,73.53456047407886
2.1386396606830247,25.130589150885484,73.49772361725117
2.1394249801762957,24.97584027088497,73.46086196221209
2.140210299669566,24.823735002324995,73.42397548794844
2.140995619162837,24.674183529118167,73.38706417341743
2.1417809386561077,24.527100538563744,73.35012799754664
2.1425662581493787,24.382404925230176,73.31316693923334
2.1433515776426493,24.24001951878494,73.27618097734567
2.1441368971359203,24.099870833481486,73.23917009072193
2.144922216629191,23.961888837270912,73.20213425817073
2.145707536122462,23.826006738718867,73.16507345847107
2.1464928556157323,23.692160790107735,73.12798767037239
2.1472781751090033,23.560290105268574,73.09087687259446
2.148063494602274,23.43033649084184,73.05374104382766
2.148848814095545,23.302244289794626,73.01658016273272
2.1496341335888154,23.17596023614303,72.97939420794087
2.1504194530820864,23.051433319928503,72.94218315805402
2.151204772575357,22.928614661593855,72.90494699164438
2.151990092068628,22.807457394982336,72.86768568725522
2.1527754115618984,22.6879165582612,72.83039922339978
2.1535607310551694,22.56994899213222,72.79308757856259
2.15434605054844,22.453513244754614,72.75575073119832
2.155131370041711,22.338569482854513,72.71838865973282
2.1559166895349815,22.225079408545273,72.68100134256228
2.1567020090282525,22.11300618142306,72.64358875805391
2.157487328521523,22.002314345542146,72.60615088454576
2.158272648014794,21.892969760906528,72.5686877003463
2.1590579675080646,21.784939539148247,72.5311991837353
2.1598432870013355,21.678191983087366,72.49368531296328
2.160628606494606,21.572696529897627,72.45614606625169
2.161413925987877,21.46842369762103,72.41858142179285
2.1621992454811476,21.365345034798914,72.3809913577501
2.1629845649744186,21.26343307300244,72.3433758522579
2.163769884467689,21.162661282066225,72.30573488342158
2.16455520396096,21.06300402784075,72.2680684293176
2.1653405234542307,20.96443653229712,72.23037646799385
2.1661258429475017,20.866934835826953,72.19265897746874
2.166911162440772,20.770475761595762,72.15491593573265
2.167696481934043,20.675036881815473,72.11714732074631
2.1684818014273137,20.580596485814816,72.07935311044245
2.1692671209205847,20.48713354979252,72.04153328272471
2.1700524404138553,20.39462770814933,72.00368781546808
2.1708377599071262,20.303059226299325,71.96581668651902
2.171623079400397,20.21240897487186,71.92791987369533
2.1724083988936678,20.122658405217617,71.88999735478612
2.1731937183869383,20.03378952614218,71.8520491075522
2.1739790378802093,19.94578488179264,71.81407510972564
2.17476435737348,19.858627530630663,71.77607533901035
2.175549676866751,19.772301025427105,71.73804977308151
2.1763349963600214,19.68678939422081,71.69999838958591
2.1771203158532924,19.60207712218476,71.66192116614248
2.1779056353465633,19.518149134349617,71.62381808034122
2.178690954839834,19.434990779135447,71.58568910974422
2.179476274333105,19.35258781264691,71.54753423188528
2.1802615938263754,19.270926383690494,71.50935342426996
2.1810469133196464,19.189993019473096,71.47114666437567
2.181832232812917,19.109774611946506,71.43291392965183
2.182617552306188,19.03025840476168,71.39465519751964
2.1834028717994585,18.951431980801846,71.35637044537235
2.1841881912927295,18.87328325026243,71.31805965057517
2.184973510786,18.795800439250755,71.27972279046556
2.185758830279271,18.718972078877087,71.24135984235271
2.1865441497725415,18.64278699481331,71.20297078351831
2.1873294692658125,18.5672342972938,71.16455559121611
2.188114788759083,18.492303371537908,71.12611424267203
2.188900108252354,18.417983868571206,71.08764671508426
2.1896854277456246,18.344265696427264,71.04915298562341
2.1904707472388956,18.271139011709884,71.01063303143229
2.191256066732166,18.198594211499387,70.9720868296264
2.192041386225437,18.126621925585063,70.93351435729335
2.1928267057187076,18.05521300900937,70.89491559149344
2.1936120252119786,17.984358534907795,70.85629050925947
2.194397344705249,17.914049787631505,70.81763908759676
2.19518266419852,17.844278256138523,70.77896130348333
2.1959679836917907,17.775035627641827,70.74025713387012
2.1967533031850617,17.70631378150158,70.70152655568018
2.197538622678332,17.638104783351345,70.66276954580997
2.198323942171603,17.570400879446467,70.62398608112846
2.1991092616648737,17.50319449122572,70.58517613847751
2.1998945811581447,17.436478210075702,70.54633969467194
2.2006799006514153,17.37024479228974,70.50747672649962
2.2014652201446863,17.30448715421197,70.46858721072124
2.202250539637957,17.239198367559336,70.42967112407078
2.203035859131228,17.174371654912704,70.39072844325523
2.2038211786244983,17.110000385370963,70.35175914495476
2.2046064981177693,17.046078070359936,70.31276320582278
2.20539181761104,16.982598359590703,70.27374060248604
2.206177137104311,16.919555037159675,70.23469131154438
2.2069624565975814,16.85694201778601,70.1956153095713
2.2077477760908524,16.794753343178986,70.15651257311356
2.208533095584123,16.732983178531562,70.11738307869166
2.209318415077394,16.67162580913346,70.0782268027992
2.2101037345706644,16.61067563710021,70.03904372190381
2.2108890540639354,16.550127178212232,69.99983381244651
2.211674373557206,16.489975058860626,69.9605970508421
2.212459693050477,16.430214013094474,69.92133341347916
2.2132450125437475,16.37083887976635,69.88204287672013
2.2140303320370185,16.31184459977151,69.84272541690115
2.214815651530289,16.25322621337776,69.80338101033249
2.21560097102356,16.19497885764169,69.76400963329836
2.2163862905168306,16.1370977639088,69.72461126205692
2.2171716100101015,16.079578255393375,69.68518587284052
2.217956929503372,16.022415744836035,69.64573344185568
2.218742248996643,15.965605732234833,69.60625394528306
2.2195275684899136,15.909143802648536,69.56674735927771
2.2203128879831846,15.853025624067891,69.52721365996885
2.221098207476455,15.797246945353695,69.4876528234604
2.221883526969726,15.741803594238018,69.44806482583039
2.2226688464629967,15.686691475387352,69.40844964313166
2.2234541659562677,15.631906568524318,69.36880725139144
2.224239485449538,15.577444926606852,69.32913762661178
2.225024804942809,15.523302674061835,69.28944074476928
2.2258101244360797,15.469476005072107,69.24971658181538
2.2265954439293507,15.415961181914046,69.20996511367638
2.2273807634226213,15.36275453334487,69.17018631625348
2.2281660829158922,15.309852453036935,69.13038016542284
2.228951402409163,15.257251398058312,69.09054663703569
2.2297367219024338,15.204947887397127,69.05068570691812
2.2305220413957043,15.152938500529046,69.01079735087177
2.2313073608889753,15.101219876025535,68.97088154467318
2.232092680382246,15.049788710202314,68.93093826407444
2.232877999875517,14.998641755805856,68.89096748480279
2.2336633193687874,14.947775820737428,68.85096918256104
2.2344486388620584,14.897187766812607,68.81094333302748
2.235233958355329,14.846874508555864,68.77088991185586
2.2360192778486,14.796833012028276,68.7308088946757
2.2368045973418704,14.747060293688051,68.69070025709223
2.2375899168351414,14.697553419282002,68.65056397468638
2.238375236328412,14.648309502767685,68.61040002301488
2.239160555821683,14.599325705264503,68.57020837761056
2.2399458753149535,14.550599234033573,68.52998901398216
2.2407311948082245,14.50212734148463,68.48974190761439
2.241516514301495,14.453907324209933,68.44946703396826
2.242301833794766,14.405936522043422,68.40916436848082
2.2430871532880365,14.358212317145293,68.36883388656565
2.2438724727813075,14.31073213311019,68.32847556361236
2.244657792274578,14.263493434099201,68.2880893749873
2.245443111767849,14.216493723994091,68.24767529603311
2.2462284312611196,14.169730545573845,68.2072333020692
2.2470137507543906,14.12320147971207,68.16676336839149
2.247799070247661,14.07690414459534,68.12626547027274
2.248584389740932,14.030836194961205,68.08573958296246
2.2493697092342027,13.984995321355843,68.04518568168713
2.2501550287274736,13.939379249410157,68.00460374165012
2.250940348220744,13.893985739134418,67.96399373803192
2.251725667714015,13.848812584230192,67.9233556459901
2.2525109872072857,13.803857611419804,67.88268944065953
2.2532963067005567,13.759118679791982,67.84199509715224
2.2540816261938272,13.714593680164043,67.80127259055776
2.2548669456870982,13.670280534459343,67.760521895943
2.2556522651803688,13.626177195100304,67.71974298835251
2.2564375846736398,13.58228164441579,67.67893584280827
2.2572229041669103,13.538591894063233,67.63810043431019
2.2580082236601813,13.495105984464196,67.5972367378358
2.258793543153452,13.451821984253943,67.55634472834063
2.259578862646723,13.408737989743642,67.51542438075802
2.2603641821399933,13.365852124395792,67.47447566999955
2.2611495016332643,13.323162538311548,67.43349857095477
2.261934821126535,13.280667407730606,67.39249305849157
2.262720140619806,13.238364934542254,67.35145910745595
2.2635054601130764,13.19625334580831,67.3103966926726
2.2642907796063474,13.154330893296658,67.26930578894442
2.265076099099618,13.112595853025919,67.22818637105306
2.265861418592889,13.071046524820265,67.18703841375869
2.2666467380861595,13.029681231874697,67.14586189180037
2.2674320575794304,12.98849832032988,67.10465677989592
2.268217377072701,12.947496158856989,67.06342305274208
2.269002696565972,12.906673138251483,67.02216068501471
2.2697880160592425,12.86602767103647,66.9808696513687
2.2705733355525135,12.825558191074432,66.93954992643815
2.271358655045784,12.78526315318804,66.89820148483658
2.272143974539055,12.745141032789038,66.85682430115672
2.272929294032326,12.705190325515485,66.81541834997095
2.2737146135255966,12.665409546876914,66.77398360583125
2.2744999330188675,12.625797231907134,66.73252004326913
2.275285252512138,12.586351934824869,66.69102763679608
2.276070572005409,12.547072228701344,66.64950636090329
2.2768558914986796,12.507956705135507,66.60795619006207
2.2776412109919506,12.469003973935742,66.56637709872376
2.278426530485221,12.430212662808822,66.52476906131986
2.279211849978492,12.391581417055132,66.48313205226212
2.2799971694717627,12.35310889927069,66.4414660459428
2.2807824889650337,12.314793789055091,66.39977101673445
2.281567808458304,12.27663478272595,66.35804693899038
2.282353127951575,12.23863059303903,66.31629378704442
2.2831384474448457,12.200779948914434,66.27451153521137
2.2839237669381167,12.16308159516828,66.23270015778677
2.2847090864313873,12.125534292250142,66.19085962904715
2.2854944059246582,12.088136815985646,66.14898992325031
2.286279725417929,12.050887957324647,66.10709101463509
2.2870650449111998,12.013786522094161,66.06516287742163
2.2878503644044703,11.97683133075679,66.02320548581166
2.2886356838977413,11.940021218173571,65.98121881398825
2.289421003391012,11.90335503337202,65.9392028361162
2.290206322884283,11.86683163931847,65.89715752634199
2.2909916423775534,11.830449912695345,65.85508285879409
2.2917769618708244,11.794208743682468,65.81297880758278
2.292562281364095,11.758107035743112,65.77084534680053
2.293347600857366,11.722143705413936,65.72868245052184
2.2941329203506364,11.686317682099325,65.68649009280371
2.2949182398439074,11.650627907869545,65.64426824768537
2.295703559337178,11.615073337263093,65.60201688918873
2.296488878830449,11.579652937092588,65.55973599131818
2.2972741983237195,11.544365686254777,65.517425528061
2.2980595178169905,11.509210575543813,65.47508547338724
2.298844837310261,11.474186607468589,65.43271580125001
2.299630156803532,11.439292796073083,65.39031648558544
2.3004154762968025,11.404528166760574,65.34788750031299
2.3012007957900735,11.369891756120866,65.30542881933539
2.301986115283344,11.335382611761041,65.26294041653883
2.302771434776615,11.300999792139182,65.22042226579303
2.3035567542698856,11.26674236640145,65.17787434095148
2.3043420737631566,11.23260941422199,65.13529661585147
2.305127393256427,11.198600025646048,65.09268906431426
2.305912712749698,11.16471330093578,65.05005166014507
2.3066980322429687,11.130948350419153,65.00738437713345
2.3074833517362396,11.097304294341392,64.96468718905312
2.30826867122951,11.063780262719423,64.92196006966235
2.309053990722781,11.030375395198686,64.8792029927039
2.3098393102160517,10.997088840912904,64.83641593190525
2.3106246297093227,10.963919758346034,64.79359886097862
2.3114099492025932,10.930867315197098,64.75075175362129
2.3121952686958642,10.897930688247076,64.70787458351552
2.3129805881891348,10.865109063228577,64.6649673243288
2.3137659076824058,10.832401634697487,64.62202994971392
2.3145512271756763,10.799807605907223,64.57906243330926
2.3153365466689473,10.767326188684944,64.53606474873853
2.316121866162218,10.73495660331027,64.49303686961143
2.316907185655489,10.702698078395779,64.4499787695233
2.3176925051487594,10.67054985076999,64.4068904220557
2.3184778246420303,10.638511165362045,64.36377180077604
2.319263144135301,10.606581275088756,64.3206228792382
2.320048463628572,10.574759440743268,64.2774436309824
2.3208337831218424,10.543044930885998,64.23423402953529
2.3216191026151134,10.511437021737146,64.19099404841033
2.322404422108384,10.47993499707135,64.14772366110772
2.323189741601655,10.448538148113888,64.10442284111456
2.3239750610949255,10.417245773438925,64.06109156190514
2.3247603805881965,10.386057178869198,64.01772979694086
2.325545700081467,10.354971677377735,63.97433751967057
2.326331019574738,10.32398858899094,63.9309147035306
2.3271163390680085,10.293107240693555,63.88746132194488
2.3279016585612795,10.262326966335023,63.843977348325225
2.32868697805455,10.23164710653762,63.800462756071354
2.329472297547821,10.201067008605948,63.756917518570965
2.3302576170410916,10.170586026438075,63.71334160920018
2.3310429365343626,10.140203520438034,63.66973500132333
2.331828256027633,10.109918857429893,63.62609766829339
2.332613575520904,10.079731410573118,63.582429583451884
2.3333988950141746,10.049640559279464,63.53873072012925
2.3341842145074456,10.019645689131087,63.495001051644856
2.334969534000716,9.989746191800142,63.45124055130722
2.335754853493987,9.95994146496953,63.40744919241408
2.3365401729872577,9.930230912255123,63.3636269482527
2.3373254924805287,9.900613943129034,63.319773792099774
2.338110811973799,9.871089972844365,63.2758896972219
2.33889613146707,9.841658422360878,63.231974636875364
2.3396814509603407,9.81231871827221,63.188028584306714
2.3404667704536117,9.78307029273386,63.144051512752476
2.3412520899468823,9.753912583392724,63.10004339543975
2.3420374094401533,9.724845033317353,63.056004205585964
2.342822728933424,9.695867090929692,63.01193391639935
2.343608048426695,9.666978209937565,62.9678325010789
2.3443933679199653,9.638177849268509,62.92369993281467
2.3451786874132363,9.609465473004391,62.87953618478774
2.345964006906507,9.580840550317278,62.83534123017065
2.346749326399778,9.552302555406087,62.79111504212735
2.3475346458930484,9.523850967434443,62.74685759381351
2.3483199653863194,9.495485270469295,62.702568858376424
2.34910528487959,9.467204953420628,62.65824880895562
2.349890604372861,9.439009509982005,62.61389741868259
2.3506759238661314,9.41089843857214,62.56951466068117
2.3514612433594024,9.382871242277158,62.52510050806769
2.352246562852673,9.35492742879404,62.48065493395121
2.353031882345944,9.32706651037459,62.436177911433425
2.3538172018392145,9.299288003770542,62.3916694136092
2.3546025213324855,9.271591430179292,62.34712941356642
2.355387840825756,9.243976315190595,62.30255788438647
2.356173160319027,9.216442188733925,62.25795479914403
2.3569584798122976,9.188988585026792,62.2133201309077
2.3577437993055685,9.16161504252361,62.16865385273971
2.358529118798839,9.134321103865599,62.12395593769649
2.35931443829211,9.107106315831148,62.07922635882861
2.3600997577853806,9.07997022928715,62.03446508918108
2.3608850772786516,9.05291239914089,61.98967210179336
2.361670396771922,9.025932384292773,61.94484736969986
2.362455716265193,8.999029747589578,61.899990865929716
2.3632410357584637,8.97220405577863,61.855102563507344
2.3640263552517347,8.945454879462375,61.81018243545232
2.364811674745005,8.918781793053878,61.7652304547798
2.365596994238276,8.892184374732707,61.72024659450054
2.366382313731547,8.865662206401701,61.67523082762114
2.3671676332248177,8.839214873644204,61.63018312714438
2.3679529527180887,8.812841965681914,61.585103466069015
2.3687382722113592,8.786543075333462,61.539991817390465
2.3695235917046302,8.760317798973414,61.49484815410054
2.3703089111979008,8.734165736492056,61.449672449188014
2.3710942306911718,8.708086491255502,61.404464675638486
2.3718795501844423,8.682079670066651,61.3592248064349
2.3726648696777133,8.656144883126416,61.31395281455739
2.373450189170984,8.63028174399576,61.26864867298381
2.374235508664255,8.604489869558016,61.22331235468966
2.3750208281575254,8.578768879981997,61.17794383264848
2.3758061476507963,8.553118398685335,61.13254307983189
2.376591467144067,8.527538052298636,61.0871100692099
2.377376786637338,8.50202747062983,61.04164477375102
2.3781621061306084,8.476586286629308,60.99614716642258
2.3789474256238794,8.451214136355254,60.95061722019078
2.37973274511715,8.425910658939745,60.905054908021064
2.380518064610421,8.40067549655503,60.85946020287808
2.3813033841036915,8.375508294380525,60.81383307772626
2.3820887035969625,8.350408700570078,60.76817350552954
2.382874023090233,8.325376366219801,60.72248145925205
2.383659342583504,8.30041094533621,60.67675691185788
2.3844446620767745,8.275512094805,60.63099983631171
2.3852299815700455,8.250679474359972,60.58521020557863
2.386015301063316,8.225912746552655,60.53938799262467
2.386800620556587,8.201211576722113,60.49353317041678
2.3875859400498576,8.176575632965319,60.44764571192323
2.3883712595431286,8.1520045861078,60.40172559011356
2.389156579036399,8.127498109674807,60.355772777959146
2.38994189852967,8.103055879862692,60.309787248433075
2.3907272180229406,8.078677575510884,60.26376897451065
2.3915125375162116,8.05436287807401,60.21771792916936
2.392297857009482,8.030111471594596,60.17163408538925
2.393083176502753,8.005923042675915,60.12551741615311
2.3938684959960237,7.981797280455436,60.079367894446705
2.3946538154892947,7.957733876578356,60.03318549325887
2.395439134982565,7.933732525171711,59.98697018558197
2.396224454475836,7.909792922818633,59.94072194441189
2.3970097739691067,7.88591476853315,59.89444074274842
2.3977950934623777,7.862097763735059,59.84812655359541
2.3985804129556483,7.838341612225397,59.80177934996095
2.3993657324489193,7.814646020161956,59.755399104857716
2.40015105194219,7.791010696035375,59.70898579130314
2.400936371435461,7.767435350645321,59.66253938231952
2.4017216909287313,7.743919697077123,59.616059850934576
2.4025070104220023,7.720463450678613,59.56954717018123
2.403292329915273,7.697066329037341,59.523001313098234
2.404077649408544,7.673728051957982,59.47642225273021
2.4048629689018144,7.650448341440138,59.42980996212792
2.4056482883950854,7.627226921656318,59.383164414348485
2.406433607888356,7.6040635189303,59.33648558245567
2.407218927381627,7.580957861715642,59.2897734395201
2.4080042468748974,7.557909680574616,59.24302795861942
2.4087895663681684,7.534918708157221,59.19624911283871
2.409574885861439,7.511984679180678,59.14943687527055
2.41036020535471,7.489107330408919,59.102591219015366
2.4111455248479805,7.46628640063261,59.05571211718165
2.4119308443412515,7.443521630649178,59.008799542886145
2.412716163834522,7.420812763243278,58.96185346925425
2.413501483327793,7.39815954316732,58.914873869420006
2.4142868028210636,7.375561717122442,58.86786071652662
2.4150721223143345,7.3530190337394785,58.82081398372655
2.415857441807605,7.330531243560413,58.77373364418183
2.416642761300876,7.308098099019835,58.72661967106419
2.4174280807941466,7.28571935442678,58.679472037555534
2.4182134002874176,7.263394765946682,58.632290716847976
2.418998719780688,7.241124091583664,58.58507568214419
2.419784039273959,7.218907091162884,58.53782690665769
2.4205693587672297,7.196743526313273,58.49054436361306
2.4213546782605007,7.174633160450291,58.44322802624618
2.422139997753771,7.152575758759111,58.395877867804536
2.422925317247042,7.130571088177743,58.3484938615474
2.4237106367403127,7.108618917380643,58.301075980746226
2.4244959562335837,7.086719016762245,58.253624198684754
2.4252812757268543,7.064871158420925,58.20613848865946
2.4260665952201252,7.043075116142968,58.1586188239796
2.426851914713396,7.021330665386875,58.111065177967674
2.4276372342066668,6.999637583267713,58.063477523959534
2.4284225536999373,6.977995648541788,58.01585583530483
2.4292078731932083,6.956404641591389,57.96820008536703
2.429993192686479,6.934864344409802,57.920510247524014
2.43077851217975,6.9133745405863785,57.872786295168
2.4315638316730204,6.891935015291945,57.82502820170608
2.4323491511662914,6.870545555264194,57.77723594056039
2.433134470659562,6.849205948793438,57.729409485168375
2.433919790152833,6.827915985708334,57.68154880898308
2.4347051096461034,6.806675457361972,57.63365388547349
2.4354904291393744,6.785484156617913,57.58572468812463
2.436275748632645,6.764341877836611,57.53776119043809
2.437061068125916,6.743248416861766,57.4897633659321
2.4378463876191865,6.722203571007071,57.44173118814198
2.4386317071124575,6.70120713904284,57.39366463062017
2.439417026605728,6.680258921183071,57.3455636669369
2.440202346098999,6.6593587190724115,57.29742827068006
2.4409876655922695,6.638506335773472,57.24925841545586
2.4417729850855405,6.617701575754093,57.20105407488876
2.442558304578811,6.596944244874955,57.15281522262212
2.443343624072082,6.57623415037714,57.10454183231814
2.4441289435653526,6.555571100869992,57.05623387765849
2.4449142630586236,6.534954906318974,57.00789133234428
2.445699582551894,6.51438537803381,56.95951417009667
2.446484902045165,6.493862328656573,56.91110236465682
2.4472702215384357,6.473385572150146,56.86265588978658
2.4480555410317066,6.452954923786544,56.81417471926841
2.448840860524977,6.432570200135609,56.765658826905934
2.449626180018248,6.412231219053628,56.717108186524094
2.4504114995115187,6.39193779967226,56.66852277196964
2.4511968190047897,6.371689762387409,56.61990255711117
2.4519821384980602,6.351486928848392,56.571247515839616
2.4527674579913312,6.331329121947052,56.52255762206851
2.4535527774846018,6.311216165807152,56.47383284973435
2.4543380969778728,6.291147885773758,56.42507317279667
2.4551234164711433,6.271124108402847,56.37627856523868
2.4559087359644143,6.251144661450892,56.32744900106737
2.456694055457685,6.231209373864745,56.27858445431384
2.457479374950956,6.211318075771414,56.22968489903363
2.4582646944442264,6.191470598468166,56.18075030930713
2.4590500139374973,6.171666774412542,56.13178065923969
2.459835333430768,6.151906437212653,56.08277592296216
2.460620652924039,6.132189421617422,56.033736074631044
2.46140597241731,6.112515563507072,55.98466108842888
2.4621912919105804,6.092884699883625,55.9355509385646
2.4629766114038514,6.073296668861494,55.88640559927374
2.463761930897122,6.0537513096582884,55.837225044818965
2.464547250390393,6.034248462585539,55.78800924949005
2.4653325698836634,6.014787969039733,55.73875818760462
2.4661178893769344,5.995369671493212,55.68947183350813
2.466903208870205,5.975993413485414,55.64015016157444
2.467688528363476,5.956659039613957,55.59079314620593
2.4684738478567465,5.937366395526043,55.541400761834076
2.4692591673500175,5.9181153279097645,55.491972982919464
2.470044486843288,5.898905684485665,55.442509783952524
2.470829806336559,5.879737313998241,55.39301113945341
2.4716151258298296,5.860610066207652,55.34347702397279
2.4724004453231005,5.8415237918814285,55.29390741209176
2.473185764816371,5.822478342786343,55.244302278422566
2.473971084309642,5.80347357168028,55.194661597608615
2.4747564038029126,5.784509332304291,55.14498534432505
2.4755417232961836,5.765585479374616,55.095273493278945
2.476327042789454,5.746701868574919,55.045526019209774
2.477112362282725,5.727858356548464,54.995742896889624
2.4778976817759957,5.709054800890485,54.94592410112365
2.4786830012692667,5.690291060140568,54.896069606750316
2.479468320762537,5.671566993775171,54.84617938864189
2.480253640255808,5.652882462200114,54.79625342170464
2.4810389597490787,5.6342373267432775,54.7462916808793
2.4818242792423497,5.6156314496472675,54.696294141141315
2.4826095987356203,5.597064694062244,54.64626077750135
2.4833949182288912,5.578536924038712,54.59619156500538
2.484180237722162,5.560048004520539,54.546086478735454
2.4849655572154328,5.541597801337856,54.49594549380962
2.4857508767087033,5.523186181200213,54.44576858538257
2.4865361962019743,5.50481301168965,54.39555572864581
2.487321515695245,5.486478161253975,54.345306898828326
2.488106835188516,5.468181499199956,54.29502207119649
2.4888921546817864,5.449922895686764,54.24470122105484
2.4896774741750574,5.431702221719288,54.19434432374626
2.490462793668328,5.413519349141691,54.14395135465231
2.491248113161599,5.395374150630868,54.09352228919363
2.4920334326548694,5.377266499690152,54.0430571028305
2.4928187521481404,5.359196270642867,53.99255577106283
2.493604071641411,5.341163338626177,53.94201826943089
2.494389391134682,5.32316757958476,53.89144457351544
2.4951747106279525,5.305208870264765,53.84083465893828
2.4959600301212235,5.287287088207639,53.790188501362486
2.496745349614494,5.26940211174418,53.73950607649292
2.497530669107765,5.251553819988491,53.68878736007644
2.4983159886010355,5.233742092832138,53.638032327902486
2.4991013080943065,5.215966810938241,53.58724095580326
2.499886627587577,5.198227855735736,53.536413219654285
2.500671947080848,5.18052510941356,53.48554909537463
2.5014572665741186,5.16285845491506,53.43464855892742
2.5022425860673896,5.145227775932267,53.38371158632016
2.50302790556066,5.12763295690041,53.332738153605156
2.503813225053931,5.110073882992319,53.28172823687983
2.5045985445472017,5.092550440113028,53.230681812287266
2.5053838640404726,5.075062514894277,53.1795988560164
2.506169183533743,5.057609994689246,53.128479344302576
2.506954503027014,5.040192767567142,53.077323253427885
2.5077398225202847,5.022810722308021,53.02613055972153
2.5085251420135557,5.005463748397507,52.97490123956027
2.5093104615068262,4.988151736021703,52.9236352693688
2.5100957810000972,4.970874576061993,52.8723326256201
2.5108811004933678,4.953632160090051,52.82099328483606
2.5116664199866388,4.936424380362772,52.769617223587446
2.5124517394799093,4.919251129817345,52.718204418494814
2.5132370589731803,4.902112302066275,52.666754846228535
2.514022378466451,4.885007791392574,52.61526848350941
2.514807697959722,4.8679374927448436,52.56374530710889
2.5155930174529924,4.850901301732591,52.51218529384979
2.5163783369462633,4.83389911462139,52.46058842060634
2.517163656439534,4.816930828328256,52.40895466430493
2.517948975932805,4.799996340416927,52.35728400192418
2.5187342954260754,4.783095549093334,52.305576410495725
2.5195196149193464,4.766228353200936,52.253831867104296
2.520304934412617,4.74939465221629,52.20205034888843
2.521090253905888,4.732594346244477,52.150231833040586
2.5218755733991585,4.715827336014743,52.098376296807906
2.5226608928924295,4.699093522876018,52.0464837174923
2.5234462123857,4.682392808792631,51.99455407245119
2.524231531878971,4.665725096339905,51.942587339097564
2.5250168513722415,4.649090288699967,51.89058349490083
2.5258021708655125,4.632488289657408,51.838542517386884
2.526587490358783,4.615919003595171,51.78646438413876
2.527372809852054,4.5993823354903,51.73434907279689
2.5281581293453246,4.582878190909891,51.682196561059754
2.5289434488385956,4.566406476006911,51.63000682668402
2.529728768331866,4.549967097516242,51.57777984748535
2.530514087825137,4.533559962750577,51.525515601338405
2.5312994073184076,4.517184979596506,51.47321406617773
2.5320847268116786,4.500842056510502,51.420875219997725
2.532870046304949,4.484531102515088,51.3684990408536
2.53365536579822,4.468252027194873,51.3160855068613
2.5344406852914907,4.452004740692815,51.26363459619835
2.5352260047847617,4.435789153706304,51.21114628710408
2.536011324278032,4.4196051774834775,51.15862055788014
2.536796643771303,4.403452723819422,51.10605738689093
2.5375819632645737,4.387331705052524,51.053456752564124
2.5383672827578447,4.371242034060715,51.00081863339088
2.5391526022511153,4.35518362425792,50.94814300792671
2.5399379217443863,4.3391563895903875,50.895429854791466
2.540723241237657,4.323160244533144,50.84267915267012
2.541508560730928,4.307195104086407,50.78989088031308
2.5422938802241983,4.291260883772146,50.73706501653675
2.5430791997174693,4.275357499630504,50.684201540223725
2.54386451921074,4.259484868216431,50.631300430323684
2.544649838704011,4.243642906596188,50.57836166585342
2.5454351581972814,4.227831532344016,50.525385225897594
2.5462204776905524,4.212050663538714,50.47237108960903
2.547005797183823,4.196300218760359,50.41931923620926
2.547791116677094,4.180580117086951,50.366229644988955
2.5485764361703644,4.164890278091177,50.31310229530848
2.5493617556636354,4.149230621837115,50.25993716659818
2.550147075156906,4.133601068877088,50.20673423835906
2.550932394650177,4.118001540248358,50.15349349016304
2.5517177141434475,4.102431957470079,50.10021490165368
2.5525030336367185,4.086892242540064,50.0468984525464
2.553288353129989,4.071382317931746,49.99354412262918
2.55407367262326,4.055902106591018,49.940151891762774
2.5548589921165306,4.040451531933249,49.88672173988153
2.5556443116098015,4.025030517840188,49.83325364699351
2.5564296311030725,4.009638988656986,49.779747593181256
2.557214950596343,3.9942768691892327,49.72620355860214
2.558000270089614,3.978944084699942,49.67262152348879
2.5587855895828846,3.963640560906676,49.61900146814976
2.5595709090761556,3.9483662239785975,49.565343372969814
2.560356228569426,3.9331210005336255,49.511647218410516
2.561141548062697,3.9179048176355282,49.45791298501076
2.5619268675559677,3.9027176027911485,49.40414065338717
2.5627121870492386,3.887559283947514,49.3503302042346
2.563497506542509,3.8724297894891313,49.29648161832672
2.56428282603578,3.8573290482351603,49.24259487651641
2.5650681455290507,3.8422569894367102,49.188669959736245
2.5658534650223217,3.827213542774082,49.1347068489991
2.5666387845155922,3.8121986383541278,49.08070552539857
2.5674241040088632,3.7972122067075036,49.02666597010944
2.5682094235021338,3.782254178786098,48.97258816438833
2.5689947429954048,3.767324485960321,48.918472089573896
2.5697800624886753,3.7524230600165693,48.86431772708778
2.5705653819819463,3.737549833154565,48.810125058434636
2.571350701475217,3.722704737984876,48.755894065203094
2.572136020968488,3.7078877075262677,48.701624729065784
2.5729213404617584,3.693098675203284,48.647317031780304
2.5737066599550293,3.67833757484365,48.592970955189415
2.5744919794483,3.6636043406758683,48.53858648122175
2.575277298941571,3.648898907326681,48.48416359189207
2.5760626184348414,3.634221209818694,48.42970226930217
2.5768479379281124,3.6195711835678868,48.37520249564093
2.577633257421383,3.6049487643812834,48.32066425318529
2.578418576914654,3.5903538884544854,48.266087524300374
2.5792038964079245,3.5757864923693856,48.211472291440295
2.5799892159011955,3.5612465130917426,48.156818537148474
2.580774535394466,3.5467338879689296,48.10212624405832
2.581559854887737,3.532248554727553,48.047395394893584
2.5823451743810075,3.517790451471223,47.992625972469106
2.5831304938742785,3.5033595166782328,47.937817959691095
2.583915813367549,3.4889556891993463,47.88297133955786
2.58470113286082,3.4745789082555016,47.82808609516015
2.5854864523540906,3.460229113435671,47.773162209681914
2.5862717718473616,3.4459062446945756,47.71819966640053
2.587057091340632,3.4316102423505823,47.663198448687695
2.587842410833903,3.4173410470834535,47.60815854000957
2.5886277303271736,3.403098599932277,47.5530799239277
2.5894130498204446,3.3888828422932598,47.4979625840992
2.590198369313715,3.3746937159176738,47.44280650427756
2.590983688806986,3.3605311629097017,47.387611668312985
2.5917690083002567,3.346395125724408,47.33237806015314
2.5925543277935277,3.3322855471656005,47.277105663843386
2.593339647286798,3.3182023703838674,47.22179446352771
2.594124966780069,3.3041455388744496,47.166444443448924
2.5949102862733398,3.2901149964752947,47.11105558794942
2.5956956057666107,3.276110687364998,47.055627881471544
2.5964809252598813,3.2621325560608634,47.0001613085584
2.5972662447531523,3.2481805474168763,46.94465585385404
2.598051564246423,3.234254606621796,46.88911150210441
2.598836883739694,3.2203546791971616,46.83352823815751
2.5996222032329643,3.2064807109954185,46.7779060469643
2.6004075227262353,3.1926326481979443,46.7222449135789
2.601192842219506,3.1788104373132087,46.66654482315954
2.601978161712777,3.1650140251748287,46.610805760968674
2.6027634812060474,3.1512433589397615,46.55502771237399
2.6035488006993184,3.137498386086377,46.49921066284854
2.604334120192589,3.1237790544126915,46.44335459797163
2.60511943968586,3.1100853120344585,46.38745950342915
2.6059047591791304,3.096417107383429,46.33152536501429
2.6066900786724014,3.0827743892054875,46.27555216862802
2.607475398165672,3.0691571065589147,46.219539900279656
2.608260717658943,3.055565208812566,46.16348854608744
2.6090460371522135,3.041998645644164,46.10739809227914
2.6098313566454845,3.0284573670384765,46.051268525192526
2.610616676138755,3.014941323285672,45.99509983127603
2.611401995632026,3.0014504649795004,45.93889199708921
2.6121873151252966,2.987984743015677,45.882645009303474
2.6129726346185675,2.9745441085900985,45.826358854702434
2.613757954111838,2.961128513197236,45.77003352018275
2.614543273605109,2.9477379086283957,45.713668992754386
2.6153285930983796,2.934372246970117,45.65726525954149
2.6161139125916506,2.921031480602459,45.60082230778271
2.616899232084921,2.907715562197453,45.54434012483198
2.617684551578192,2.8944244447173757,45.48781869815894
2.6184698710714627,2.8811580814132283,45.43125801534959
2.6192551905647337,2.8679164258230676,45.37465806410685
2.620040510058004,2.854699431770472,45.31801883225117
2.620825829551275,2.8415070533629088,45.261340307721035
2.6216111490445457,2.8283392449902367,45.20462247857366
2.6223964685378167,2.815195961323061,45.14786533298539
2.6231817880310873,2.80207715731129,45.09106885925256
2.6239671075243582,2.7889827881825098,45.03423304579176
2.624752427017629,2.7759128094405447,44.9773578811407
2.6255377465108998,2.762867176863872,44.920443353958575
2.6263230660041703,2.749845846504189,44.86348945302686
2.6271083854974413,2.7368487746848613,44.806496167249705
2.627893704990712,2.723875917999506,44.74946348565467
2.628679024483983,2.710927233310457,44.69239139739317
2.6294643439772534,2.6980026777473762,44.635279891741334
2.6302496634705244,2.6851022087057466,44.57812895810015
2.631034982963795,2.672225783845473,44.52093858599656
2.631820302457066,2.659373361089426,44.463708765083695
2.6326056219503364,2.646544898622063,44.406439485141654
2.6333909414436074,2.6337403548879696,44.34913073607796
2.634176260936878,2.620959688590516,44.291782507928346
2.634961580430149,2.608202858690414,44.23439479085712
2.6357468999234195,2.595469824404394,44.17696757515803
2.6365322194166905,2.582760545203782,44.11950085125456
2.637317538909961,2.570074980813197,44.06199460970083
2.638102858403232,2.5574130912091313,44.00444884118197
2.6388881778965025,2.5447748366186884,43.94686353651487
2.6396734973897735,2.532160177518177,43.88923868664864
2.640458816883044,2.519569074631856,43.83157428266542
2.641244136376315,2.5070014889305545,43.773870315780755
2.6420294558695856,2.4944573816304256,43.71612677734436
2.6428147753628566,2.4819367141916087,43.658343658840636
2.643600094856127,2.469439448316977,43.60052095188938
2.644385414349398,2.456965545950816,43.54265864824625
2.6451707338426687,2.4445149692776105,43.484756739803544
2.6459560533359396,2.4320876807207115,43.4268152185906
2.64674137282921,2.419683642941174,43.36883407677465
2.647526692322481,2.407302818836417,43.31081330666119
2.6483120118157517,2.394945171539062,43.25275290069482
2.6490973313090227,2.38261066441566,43.19465285145963
2.6498826508022932,2.3702992610655,43.13651315168006
2.6506679702955642,2.358010925319371,43.0783337942212
2.651453289788835,2.3457456212383883,43.02011477208979
2.6522386092821058,2.333503313112783,42.96185607843452
2.6530239287753767,2.3212839654606925,42.90355770654672
2.6538092482686473,2.3090875430270357,42.84521964986116
2.6545945677619183,2.296914010782266,42.78684190195632
2.655379887255189,2.2847633339212914,42.72842445655546
2.65616520674846,2.2726354778622295,42.66996730752673
2.6569505262417303,2.260530408245351,42.61147044888426
2.6577358457350013,2.2484480909318374,42.552933874788444
2.658521165228272,2.2363884920027486,42.49435757954677
2.659306484721543,2.2243515777578016,42.43574155761427
2.6600918042148134,2.212337314714329,42.37708580359437
2.6608771237080844,2.2003456696060986,42.31839031223919
2.661662443201355,2.188376609382275,42.25965507845052
2.662447762694626,2.1764301012062495,42.20088009728016
2.6632330821878964,2.164506112454621,42.14206536393076
2.6640184016811674,2.1526046107160464,42.08321087375624
2.664803721174438,2.1407255637902063,42.02431662226261
2.665589040667709,2.1288689396867135,41.96538260510843
2.6663743601609795,2.11703470662406,41.906408818105625
2.6671596796542505,2.1052228330285434,41.84739525721985
2.667944999147521,2.0934332875332435,41.78834191857146
2.668730318640792,2.0816660389769415,41.72924879843572
2.6695156381340626,2.06992105640311,41.67011589324389
2.6703009576273335,2.0581983090588736,41.61094319958344
2.671086277120604,2.0464977663939825,41.551730714199
2.671871596613875,2.03481939805978,41.492478433992744
2.6726569161071456,2.023163173908235,41.43318635602527
2.6734422356004166,2.0115290639908685,41.373854477515906
2.674227555093687,1.99991703855782,41.314482795843745
2.675012874586958,1.9883270680567977,41.25507130854786
2.6757981940802287,1.976759123132138,41.1956200133283
2.6765835135734997,1.965213174623785,41.13612890804642
2.67736883306677,1.9536891935663439,41.07659799072579
2.678154152560041,1.942187151188075,41.01702725955257
2.6789394720533117,1.930707018909995,40.957416712876345
2.6797247915465827,1.919248768344828,40.89776634921063
2.6805101110398533,1.9078123712961377,40.83807616723361
2.6812954305331242,1.8963977997573203,40.77834616578865
2.682080750026395,1.8850050259107007,40.718576343885076
2.6828660695196658,1.8736340221265695,40.65876670069864
2.6836513890129363,1.8622847609622852,40.59891723557236
2.6844367085062073,1.8509572151612985,40.539027948016916
2.685222027999478,1.8396513576523024,40.47909883771154
2.686007347492749,1.828367161548249,40.41912990450441
2.6867926669860194,1.8171046001454942,40.35912114841352
2.6875779864792904,1.8058636469228544,40.29907256962706
2.688363305972561,1.7946442755407381,40.23898416850435
2.689148625465832,1.7834464598402353,40.17885594557617
2.6899339449591024,1.7722701738422464,40.11868790154566
2.6907192644523734,1.761115391746573,40.05848003728876
2.691504583945644,1.7499820879310726,39.998232353855016
2.692289903438915,1.7388702369507525,39.93794485246801
2.6930752229321855,1.7277798135369482,39.87761753452626
2.6938605424254565,1.7167107925963943,39.81725040160357
2.694645861918727,1.7056631492104453,39.75684345544997
2.695431181411998,1.6946368586341463,39.696396697992064
2.6962165009052685,1.6836318962954553,39.635910131333915
2.6970018203985395,1.6726482377943377,39.57538375775744
2.69778713989181,1.661685858901978,39.514817579723314
2.698572459385081,1.6507447355599023,39.45421159987135
2.6993577788783516,1.6398248438792011,39.3935658210214
2.7001430983716226,1.6289261601396354,39.33288024617368
2.700928417864893,1.6180486607888995,39.27215487850973
2.701713737358164,1.6071923224417197,39.21138972139279
2.7024990568514347,1.5963571218791244,39.15058477836864
2.7032843763447056,1.5855430360475626,39.089740053166075
2.704069695837976,1.5747500420581684,39.028855549697674
2.704855015331247,1.5639781171859102,38.967931272060305
2.7056403348245177,1.5532272388688355,38.90696722453591
2.7064256543177887,1.5424973847072467,38.84596341159198
2.7072109738110592,1.531788532462961,38.784919837882406
2.7079962933043302,1.5211006600584742,38.72383650824781
2.7087816127976008,1.510433745576238,38.66271342771657
2.7095669322908718,1.4997877672578461,38.60155060150504
2.7103522517841423,1.4891627035033008,38.54034803501854
2.7111375712774133,1.4785585328702018,38.479105733851746
2.711922890770684,1.4679752340730459,38.41782370378951
2.712708210263955,1.4574127859824146,38.35650195080732
2.7134935297572254,1.446871167624262,38.29514048107213
2.7142788492504963,1.436350358179145,38.23373930094273
2.715064168743767,1.4258503369814866,38.172298416970726
2.715849488237038,1.4153710835188233,38.1108178359008
2.7166348077303084,1.404912577431099,38.049297564671704
2.7174201272235794,1.394474798509884,37.98773761041657
2.71820544671685,1.3840577266977003,37.92613798046383
2.718990766210121,1.3736613420872388,37.864498682337526
2.7197760857033915,1.363285624920697,37.80281972375835
2.7205614051966625,1.3529305555890037,37.74110111264382
2.721346724689933,1.3425961146311505,37.67934285710936
2.722132044183204,1.3322822827334482,37.617544965468554
2.7229173636764745,1.3219890407288435,37.55570744623401
2.7237026831697455,1.311716369596187,37.49383030811787
2.724488002663016,1.301464250459568,37.43191356003258
2.725273322156287,1.2912326645875853,37.369957211091226
2.7260586416495576,1.2810215933926772,37.3079612706086
2.7268439611428286,1.2708310184304068,37.24592574810138
2.727629280636099,1.260660921398813,37.18385065328912
2.72841460012937,1.250511284137671,37.12173599609456
2.7291999196226406,1.2403820886278816,37.05958178664457
2.7299852391159116,1.2302733169907158,36.99738803527048
2.730770558609182,1.2201849514872256,36.93515475250894
2.731555878102453,1.2101169745174918,36.87288194910235
2.7323411975957237,1.2000693686200252,36.81056963599965
2.7331265170889947,1.1900421164710488,36.748217824356786
2.733911836582265,1.180035200883884,36.685826525537514
2.734697156075536,1.1700486048082461,36.62339575111382
2.7354824755688067,1.160082311329634,36.56092551286668
2.7362677950620777,1.1501363036686347,36.49841582278661
2.7370531145553483,1.1402105651803276,36.435866693074395
2.7378384340486193,1.130305079353575,36.37327813614145
2.73862375354189,1.1204198298104435,36.3106501646108
2.739409073035161,1.1105548003055092,36.24798279131734
2.7401943925284313,1.1007099747252649,36.18527602930875
2.7409797120217023,1.0908853370874492,36.12252989184583
2.741765031514973,1.0810808715404536,36.059744392403346
2.742550351008244,1.0712965623626503,35.99691954467051
2.7433356705015144,1.061532393961819,35.93405536255168
2.7441209899947854,1.051788350874465,35.87115186016679
2.7449063094880564,1.0420644177652527,35.80820905185221
2.745691628981327,1.0323605794263633,35.74522695216124
2.746476948474598,1.022676820776872,35.68220557586456
2.7472622679678684,1.0130131268621632,35.61914493795114
2.7480475874611394,1.0033694828532909,35.55604505362856
2.74883290695441,0.9937458740464016,35.49290593832385
2.749618226447681,0.984142285862109,35.42972760768387
2.7504035459409515,0.9745587038449055,35.36651007757611
2.7511888654342225,0.9649951136625543,35.30325336408913
2.751974184927493,0.9554515011055096,35.23995748353331
2.752759504420764,0.945927852086297,35.17662245244122
2.7535448239140345,0.9364241526389492,35.11324828756855
2.7543301434073055,0.9269403889183968,35.049835005894344
2.755115462900576,0.9174765471999144,34.98638262462191
2.755900782393847,0.9080326138784842,34.92289116117911
2.7566861018871176,0.8986085754682716,34.859360633219275
2.7574714213803886,0.8892044186020058,34.79579105862146
2.758256740873659,0.8798201300304308,34.732182455491355
2.75904206036693,0.8704556966217075,34.66853484216157
2.7598273798602007,0.8611111053608705,34.60484823719249
2.7606126993534716,0.8517863433492205,34.54112265937263
2.761398018846742,0.8424813978038108,34.4773581277194
2.762183338340013,0.8331962560568225,34.41355466147951
2.7629686578332837,0.8239309055550569,34.34971228012978
2.7637539773265547,0.8146853338593285,34.285831003377425
2.7645392968198252,0.805459528643953,34.22191085116095
2.7653246163130962,0.7962534776961423,34.157951843650395
2.7661099358063668,0.7870671689155052,34.093954001248235
2.7668952552996378,0.7779005903134426,34.02991734458964
2.7676805747929083,0.7687537300126497,33.965841894543345
2.7684658942861793,0.7596265762465166,33.901727672211926
2.76925121377945,0.7505191173586377,33.837574698932656
2.770036533272721,0.7414313418022169,33.77338299627775
2.7708218527659914,0.7323632381395723,33.709152586055275
2.7716071722592623,0.7233147950415646,33.644883490309404
2.772392491752533,0.7142860012870851,33.5805757313212
2.773177811245804,0.7052768457624919,33.516229331608955
2.7739631307390744,0.6962873174611139,33.45184431392908
2.7747484502323454,0.6873174054826929,33.38742070127619
2.775533769725616,0.6783670990328661,33.32295851688418
2.776319089218887,0.6694363874226272,33.258457784226266
2.7771044087121575,0.6605252600678349,33.19391852701598
2.7778897282054285,0.6516337064886408,33.12934076920737
2.778675047698699,0.6427617163090137,33.0647245349958
2.77946036719197,0.6339092792561924,33.000069848818235
2.7802456866852405,0.625076385160187,32.93537673535413
2.7810310061785115,0.616263023953235,32.87064521952557
2.781816325671782,0.6074691856693427,32.80587532649816
2.782601645165053,0.5986948604437027,32.741067081681216
2.7833869646583236,0.5899400385122484,32.67622051072872
2.7841722841515946,0.5812047102110967,32.61133563953937
2.784957603644865,0.5724888659760812,32.546412494257524
2.785742923138136,0.5637924963422145,32.481451101273436
2.7865282426314066,0.5551155919432172,32.416451487224016
2.7873135621246776,0.5464581435109827,32.35141367899307
2.788098881617948,0.5378201418751136,32.286337703712135
2.788884201111219,0.5292015779623918,32.2212235887607
2.7896695206044897,0.5206024427963144,32.156071361767005
2.7904548400977607,0.5120227274965653,32.09088105060824
2.7912401595910312,0.5034624232785494,32.02565268341138
2.792025479084302,0.4949215214528941,31.960386288553394
2.7928107985775728,0.48640001342495987,31.89508189466203
2.7935961180708437,0.47789789069433775,31.82973953061603
2.7943814375641143,0.4694151448544005,31.764359225545917
2.7951667570573853,0.4609517675917745,31.69894100883421
2.795952076550656,0.452507750685885,31.63348491011622
2.796737396043927,0.44408308600846724,31.567990959280227
2.7975227155371973,0.4356777655230927,31.502459186468275
2.7983080350304683,0.4272917812846699,31.436889622076368
2.799093354523739,0.4189251254390065,31.371282296755233
2.79987867401701,0.4105777902222769,31.30563724141055
2.8006639935102804,0.4022497679606193,31.239954487203676
2.8014493130035514,0.39394105106959815,31.17423406555186
2.802234632496822,0.38565163205377884,31.10847600812898
2.803019951990093,0.37738150350623056,31.04268034686578
2.8038052714833634,0.3691306581080802,30.97684711395055
2.8045905909766344,0.36089908862802045,30.91097634182938
2.805375910469905,0.3526867879218828,30.84506806320687
2.806161229963176,0.3444937489321255,30.77912231104629
2.8069465494564465,0.3363199646874139,30.71313911857037
2.8077318689497175,0.3281654283021415,30.647118519261454
2.808517188442988,0.32003013297596217,30.581060546862204
2.809302507936259,0.31191407199335447,30.514965235375765
2.8100878274295296,0.3038172387231432,30.448832619066593
2.8108731469228005,0.29573962661805503,30.382662732460474
2.811658466416071,0.28768122921427813,30.316455610345358
2.812443785909342,0.2796420401309702,30.25021128777144
2.8132291054026126,0.27162205306985315,30.183929800051942
2.8140144248958836,0.26362126181472223,30.117611182763174
2.814799744389154,0.2556396602310401,30.051255471745357
2.815585063882425,0.2476772422654424,29.984862703102667
2.8163703833756957,0.23973400194533337,29.918432913204008
2.8171557028689667,0.23180993337841185,29.851966138683114
2.817941022362237,0.22390503075225457,29.785462416439223
2.818726341855508,0.21601928833383074,29.71892178363728
2.8195116613487787,0.20815270046911782,29.652344277708572
2.8202969808420497,0.20030526158261144,29.585729936350855
2.8210823003353203,0.1924769661769209,29.519078797529087
2.8218676198285912,0.18466780883230094,29.452390899475468
2.822652939321862,0.17687778420626174,29.38566628069017
2.8234382588151328,0.16910688703307117,29.318904979941458
2.8242235783084033,0.16135511212338183,29.25210703626633
2.8250088978016743,0.15362245436374966,29.18527248897061
2.825794217294945,0.14590890871624188,29.118401377629695
2.826579536788216,0.13821447021797453,29.051493742088535
2.8273648562814864,0.130539133980709,28.98454962246238
2.8281501757747574,0.12288289519038781,28.91756905913684
2.828935495268028,0.11524574910677148,28.850552092768513
2.829720814761299,0.10762769106293096,28.783498764285113
2.8305061342545694,0.10002871646489653,28.716409114886087
2.8312914537478404,0.09244882079117764,28.6492831860427
2.832076773241111,0.0848879995923859,28.582121019498654
2.832862092734382,0.07734624849077124,28.514922657270187
2.8336474122276525,0.06982356317984224,28.44768814164668
2.8344327317209235,0.06231993942390725,28.380417515190725
2.835218051214194,0.054835373057696216,28.31311082073876
2.836003370707465,0.0473698599859032,28.24576810140108
2.8367886902007355,0.039923396182809996,28.178389400562523
2.8375740096940065,0.03249597769182834,28.11097476188243
2.838359329187277,0.02508760062512744,28.043524229295357
2.839144648680548,0.01769826116318966,27.976037847010968
2.839929968173819,0.010327955554411414,27.908515659514777
2.8407152876670896,0.0029766801147034175,27.840957711568223
2.8415006071603606,-0.004355568772954146,27.773364048208887
2.842285926653631,-0.011668794658879022,27.705734714751134
2.843071246146902,-0.018963001027131027,27.638069756786013
2.8438565656401726,-0.026238191295881435,27.57036922018194
2.8446418851334436,-0.03349436881786784,27.502633151084623
2.845427204626714,-0.040731536880749895,27.4348615959177
2.846212524119985,-0.04794969870754753,27.367054601382712
2.8469978436132557,-0.05514885745702243,27.299212214459686
2.8477831631065267,-0.062329016224108164,27.231334482407064
2.8485684825997972,-0.06949017804027359,27.163421452762364
2.849353802093068,-0.07663234587395718,27.095473173342096
2.8501391215863388,-0.08375552263094514,27.02748969224231
2.8509244410796097,-0.09085971115478553,26.959471057838602
2.8517097605728803,-0.09794491422717491,26.891417318786637
2.8524950800661513,-0.10501113456835595,26.823328524022145
2.853280399559422,-0.11205837483750954,26.75520472276138
2.854065719052693,-0.11908663763317837,26.68704596450117
2.8548510385459633,-0.12609592549361087,26.61885229901939
2.8556363580392343,-0.13308624089720464,26.550623776374902
2.856421677532505,-0.14005758626286138,26.48236044690812
2.857206997025776,-0.14700996395039925,26.41406236124089
2.8579923165190464,-0.15394337626093346,26.345729570277058
2.8587776360123174,-0.16085782543727273,26.277362125202348
2.859562955505588,-0.16775331366430463,26.208960077484903
2.860348274998859,-0.17462984306938534,26.140523478875167
2.8611335944921295,-0.18148741572271146,26.072052381406426
2.8619189139854004,-0.18832603363773892,26.00354683739465
2.862704233478671,-0.19514569877153862,25.935006899439077
2.863489552971942,-0.20194641302518812,25.866432620421982
2.8642748724652125,-0.2087281782441649,25.79782405350928
2.8650601919584835,-0.21549099621872148,25.729181252150333
2.865845511451754,-0.2222348686842551,25.660504270078466
2.866630830945025,-0.22895979732172803,25.59179316131079
2.8674161504382956,-0.2356657837579929,25.52304798014874
2.8682014699315665,-0.24235282956622664,25.454268781177888
2.868986789424837,-0.24902093626625993,25.385455619268395
2.869772108918108,-0.2556701053250024,25.316608549574873
2.8705574284113786,-0.26230033815676945,25.247727627536875
2.8713427479046496,-0.2689116361237045,25.17881290887869
2.87212806739792,-0.27550400053612634,25.10986444960976
2.872913386891191,-0.2820774326529186,25.040882306024592
2.8736987063844617,-0.28863193368187934,24.971866534703118
2.8744840258777327,-0.2951675047801332,24.90281719251055
2.875269345371003,-0.30168414705446495,24.833734336597793
2.876054664864274,-0.30818186156172,24.764618024401244
2.8768399843575447,-0.31466064930914617,24.69546831364322
2.8776253038508157,-0.32112051125480096,24.626285262331777
2.8784106233440863,-0.32756144830788086,24.557068928761062
2.8791959428373572,-0.33398346132911927,24.487819371511133
2.879981262330628,-0.3403865511311352,24.418536649448367
2.8807665818238988,-0.3467707184788133,24.349220821725208
2.8815519013171693,-0.35313596408966175,24.279871947780553
2.8823372208104403,-0.3594822886341817,24.21049008733956
2.883122540303711,-0.36580969273621894,24.14107530041397
2.883907859796982,-0.3721181769733565,24.071627647301913
2.8846931792902524,-0.3784077418772439,24.002147188588207
2.8854784987835234,-0.3846783879339779,23.932633985144182
2.886263818276794,-0.39093011558446333,23.863088098127974
2.887049137770065,-0.39716292522477326,23.79350958898431
2.8878344572633354,-0.4033768172064945,23.723898519444784
2.8886197767566064,-0.4095717918371134,23.65425495152766
2.889405096249877,-0.41574784938034176,23.584578947538162
2.890190415743148,-0.42190499005650917,23.514870570068172
2.8909757352364185,-0.42804321404288626,23.445129881996603
2.8917610547296895,-0.43416252147407863,23.37535694648907
2.89254637422296,-0.4402629124423288,23.305551826998194
2.893331693716231,-0.4463443869979339,23.235714587263335
2.8941170132095015,-0.4524069451495428,23.16584529131083
2.8949023327027725,-0.4584505868645573,23.095944003453738
2.895687652196043,-0.4644753120694366,23.02601078829211
2.896472971689314,-0.4704811206500998,22.956045710712633
2.8972582911825846,-0.4764680124522237,22.886048835888957
2.8980436106758556,-0.4824359872816439,22.816020229281296
2.898828930169126,-0.48838504490466533,22.74595995663676
2.899614249662397,-0.49431518504843786,22.67586808398897
2.9003995691556677,-0.5002264074012726,22.605744677658286
2.9011848886489386,-0.5061187116130336,22.535589804251533
2.901970208142209,-0.5119920972954372,22.465403530662144
2.90275552763548,-0.5178465640224404,22.395185924069857
2.9035408471287507,-0.5236821113305413,22.324937051940925
2.9043261666220217,-0.5294987387191764,22.25465698202774
2.9051114861152922,-0.5352964456510112,22.184345782369032
2.9058968056085632,-0.5410752315523205,22.11400352128952
2.9066821251018338,-0.5468350958133052,22.043630267400058
2.9074674445951048,-0.5525760377884669,21.973226089597308
2.9082527640883753,-0.5582980567968997,21.902791057063872
2.9090380835816463,-0.5640011521226822,21.8323252392679
2.909823403074917,-0.5696853230151809,21.761828705963293
2.910608722568188,-0.5753505686893937,21.69130152718924
2.9113940420614584,-0.5809968883263069,21.620743773270437
2.9121793615547293,-0.5866242810732157,21.55015551481659
2.912964681048,-0.5922327460440555,21.479536822722654
2.913750000541271,-0.5978222823197598,21.40888776816829
2.9145353200345414,-0.6033928889485649,21.33820842261811
2.9153206395278124,-0.6089445649463805,21.267498857821153
2.916105959021083,-0.614477309297078,21.196759145811026
2.916891278514354,-0.6199911209528737,21.12598935890547
2.9176765980076245,-0.6254859988346124,21.055189569706453
2.9184619175008955,-0.6309619418321462,20.984359851099704
2.919247236994166,-0.6364189488046067,20.913500276254794
2.920032556487437,-0.6418570185808012,20.842610918624686
2.9208178759807075,-0.6472761499594863,20.771691851945814
2.9216031954739785,-0.6526763417097319,20.700743150237546
2.922388514967249,-0.6580575925712264,20.629764887802363
2.92317383446052,-0.6634199012546129,20.55875713922521
2.9239591539537906,-0.6687632664418208,20.48771997937371
2.9247444734470616,-0.6740876867863831,20.416653483397496
2.925529792940332,-0.6793931609137533,20.34555772672841
2.926315112433603,-0.6846796874216527,20.27443278507984
2.9271004319268736,-0.689947264880369,20.20327873444687
2.9278857514201446,-0.6951958918330993,20.13209565110565
2.928671070913415,-0.70042556679625,20.0608836116135
2.929456390406686,-0.7056362882597833,19.989642692808285
2.9302417098999567,-0.7108280546875083,19.918372971808477
2.9310270293932277,-0.7160008645174278,19.847074526012563
2.931812348886498,-0.7211547161620352,19.77574743309908
2.932597668379769,-0.7262896080086527,19.704391771025982
2.9333829878730397,-0.7314055384197292,19.63300761803069
2.9341683073663107,-0.7365025057331662,19.561595052629443
2.9349536268595817,-0.7415805082626353,19.490154153617304
2.9357389463528523,-0.7466395442978885,19.418685000067686
2.9365242658461232,-0.7516796121050802,19.347187671331916
2.937309585339394,-0.7567007099270628,19.275662247039218
2.9380949048326648,-0.7617028359837206,19.204108807096016
2.9388802243259353,-0.7666859884722665,19.132527431685947
2.9396655438192063,-0.7716501655675668,19.060918201269164
2.940450863312477,-0.776595365422431,18.98928119658234
2.941236182805748,-0.7815215861679452,18.917616498637937
2.9420215022990184,-0.7864288259137695,18.84592418872422
2.9428068217922894,-0.7913170827484374,18.774204348404503
2.94359214128556,-0.796186354739675,18.702457059517133
2.944377460778831,-0.8010366399347114,18.63068240417479
2.9451627802721014,-0.8058679363605686,18.558880464764385
2.9459480997653724,-0.8106802420243822,18.487051323946336
2.946733419258643,-0.8154735549136914,18.415195064654537
2.947518738751914,-0.8202478729967551,18.343311770095564
2.9483040582451845,-0.825003194222847,18.271401523748644
2.9490893777384555,-0.8297395165225656,18.199464409364843
2.949874697231726,-0.8344568378081147,18.127500510967014
2.950660016724997,-0.8391551559736332,18.055509912849008
2.9514453362182675,-0.8438344688954649,17.983492699575567
2.9522306557115385,-0.8484947744324898,17.91144895598153
2.953015975204809,-0.8531360704263801,17.83937876717176
2.95380129469808,-0.8577583547019519,17.76728221852029
2.9545866141913506,-0.8623616250673948,17.695159395670213
2.9553719336846216,-0.8669458793146303,17.623010384532886
2.956157253177892,-0.8715111152195634,17.550835271287763
2.956942572671163,-0.8760573305424036,17.4786341423816
2.9577278921644337,-0.8805845230279357,17.406407084528272
2.9585132116577046,-0.8850926904058298,17.334154184707938
2.959298531150975,-0.8895818303909182,17.2618755301669
2.960083850644246,-0.8940519406835045,17.18957120841671
2.9608691701375167,-0.8985030189696296,17.11724130723404
2.9616544896307877,-0.9029350629213821,17.044885914659776
2.9624398091240582,-0.907348070197167,16.97250511899884
2.9632251286173292,-0.9117420384420123,16.900099008819318
2.9640104481105998,-0.916116965287847,16.827667672952256
2.9647957676038708,-0.9204728483537744,16.755211200490756
2.9655810870971413,-0.9248096852463751,16.68272968078977
2.9663664065904123,-0.9291274735599913,16.61022320346521
2.967151726083683,-0.9334262108769802,16.537691858393675
2.967937045576954,-0.9377058947680461,16.465135735711588
2.9687223650702244,-0.9419665227924727,16.392554925814903
2.9695076845634953,-0.9462080924984311,16.319949519358207
2.970293004056766,-0.9504306014232501,16.247319607254475
2.971078323550037,-0.9546340470937025,16.174665280674088
2.9718636430433074,-0.9588184270262756,16.101986631044593
2.9726489625365784,-0.962983738727454,16.02928375004975
2.973434282029849,-0.9671299796939787,15.956556729629234
2.97421960152312,-0.9712571474131487,15.88380566197767
2.9750049210163905,-0.9753652393630731,15.81103063954436
2.9757902405096615,-0.9794542530129692,15.73823175503228
2.976575560002932,-0.983524185823394,15.665409101397774
2.977360879496203,-0.9875750352465639,15.592562771849565
2.9781461989894735,-0.9916067987265859,15.519692859848465
2.9789315184827445,-0.9956194736997558,15.446799459106309
2.979716837976015,-0.9996130575948097,15.373882663585661
2.980502157469286,-1.0035875478331988,15.300942567498804
2.9812874769625566,-1.0075429418293471,15.227979265307361
2.9820727964558276,-1.011479236990949,15.1549928517213
2.982858115949098,-1.0153964307191763,15.081983421698538
2.983643435442369,-1.0192945204090127,15.008951070443935
2.9844287549356396,-1.0231735034494522,14.935895893408885
2.9852140744289106,-1.0270333772238096,14.86281798629031
2.985999393922181,-1.030874139109959,14.789717445030211
2.986784713415452,-1.0346957864805932,14.716594365814657
2.9875700329087227,-1.0384983167034965,14.643448845073348
2.9883553524019937,-1.042281727141792,14.570280979478563
2.9891406718952642,-1.0460460151542026,14.497090865944728
2.989925991388535,-1.049791178095314,14.423878601627338
2.9907113108818058,-1.0535172133158122,14.350644283922518
2.9914966303750767,-1.0572241181627717,14.277388010465947
2.9922819498683473,-1.0609118899798637,14.20410987913237
2.9930672693616183,-1.0645805261076524,14.130809988034542
2.993852588854889,-1.068230023883823,14.057488435522732
2.99463790834816,-1.071860380643437,13.984145320183618
2.9954232278414303,-1.075471593719181,13.910780740839808
2.9962085473347013,-1.0790636604416273,13.837394796548713
2.996993866827972,-1.0826365781394582,13.76398758660207
2.997779186321243,-1.0861903441397442,13.690559210524782
2.9985645058145134,-1.0897249557681605,13.617109768074423
2.9993498253077844,-1.09324041034925,13.543639359240093
3.000135144801055,-1.0967367052066597,13.47014808424191
3.000920464294326,-1.1002138376633908,13.396636043529806
3.0017057837875964,-1.10367180504203,13.323103337783062
3.0024911032808674,-1.1071106046649954,13.24955006790908
3.003276422774138,-1.1105302338547924,13.175976335042868
3.004061742267409,-1.1139306899342176,13.102382240545841
3.0048470617606795,-1.1173119702266265,13.028767886005284
3.0056323812539505,-1.1206740720561612,12.955133373233133
3.006417700747221,-1.1240169927479797,12.881478804265432
3.007203020240492,-1.1273407296285116,12.807804281361095
3.0079883397337626,-1.1306452800256555,12.734109907001345
3.0087736592270335,-1.1339306412690484,12.660395783888506
3.009558978720304,-1.1371968106902757,12.586662014945365
3.010344298213575,-1.1404437856231107,12.512908703313993
3.0111296177068456,-1.1436715634037367,12.43913595235512
3.0119149372001166,-1.1468801413709833,12.365343865646858
3.012700256693387,-1.1500695168665556,12.291532546984147
3.013485576186658,-1.153239687235247,12.217702100377444
3.0142708956799287,-1.1563906498251724,12.143852630052129
3.0150562151731997,-1.1595224019880073,12.069984240447212
3.01584153466647,-1.1626349410791676,11.996097036214715
3.016626854159741,-1.1657282644580924,11.922191122218374
3.0174121736530117,-1.1688023694884078,11.84826660353301
3.0181974931462827,-1.1718572535381904,11.774323585443206
3.0189828126395533,-1.1748929139801532,11.70036217344267
3.0197681321328242,-1.177909348191881,11.626382473232912
3.020553451626095,-1.1809065535560401,11.552384590722594
3.0213387711193658,-1.1838845274606065,11.478368632026182
3.0221240906126363,-1.1868432672990556,11.4043347034633
3.0229094101059073,-1.1897827704706014,11.330282911557362
3.023694729599178,-1.1927030343803837,11.256213363034895
3.024480049092449,-1.195604056439708,11.182126164824213
3.0252653685857194,-1.1984858340662188,11.108021424054678
3.0260506880789904,-1.2013483646841492,11.033899248055373
3.026836007572261,-1.2041916457244843,10.959759744354386
3.027621327065532,-1.2070156746252148,10.88560302067742
3.0284066465588024,-1.2098204488314939,10.811429184947096
3.0291919660520734,-1.2126059657958785,10.73723834528155
3.0299772855453444,-1.2153722229785193,10.66303060999369
3.030762605038615,-1.2181192178473474,10.588806087589965
3.031547924531886,-1.2208469478783037,10.514564886769213
3.0323332440251565,-1.2235554105555104,10.440307116421838
3.0331185635184275,-1.2262446033714904,10.366032885628421
3.033903883011698,-1.2289145238273511,10.291742303658959
3.034689202504969,-1.23156516943299,10.217435479971437
3.0354745219982395,-1.2341965377072648,10.143112524211052
3.0362598414915105,-1.2368086261782267,10.068773546208803
3.037045160984781,-1.2394014323832834,9.99441865598069
3.037830480478052,-1.2419749538693896,9.920047963726288
3.0386157999713226,-1.244529188193252,9.84566157982794
3.0394011194645936,-1.2470641329215109,9.771259614849306
3.040186438957864,-1.2495797856309179,9.696842179534588
3.040971758451135,-1.2520761439085395,9.622409384807021
3.0417570779444056,-1.254553205351934,9.547961341768104
3.0425423974376766,-1.2570109675693257,9.4734981616961
3.043327716930947,-1.2594494281798005,9.399019956045226
3.044113036424218,-1.2618685848134787,9.324526836444173
3.0448983559174887,-1.2642684351116975,9.250018914695241
3.0456836754107597,-1.2666489767272007,9.175496302772899
3.0464689949040302,-1.2690102073242904,9.100959112822903
3.047254314397301,-1.2713521245790258,9.026407457160799
3.0480396338905718,-1.2736747261793906,8.951841448271084
3.0488249533838427,-1.2759780098254623,8.87726119880568
3.0496102728771133,-1.2782619732295941,8.80266682158307
3.0503955923703843,-1.2805266141165745,8.72805842958679
3.051180911863655,-1.282771930223803,8.65343613596454
3.051966231356926,-1.284997919301461,8.578800054026654
3.0527515508501963,-1.2872045791126752,8.504150297245241
3.0535368703434673,-1.2893919074336913,8.429486979252609
3.054322189836738,-1.2915599020540112,8.354810213840386
3.055107509330009,-1.293708560776601,8.280120114957986
3.0558928288232794,-1.295837881418016,8.205416796711686
3.0566781483165504,-1.2979478618085785,8.130700373363075
3.057463467809821,-1.3000384997925325,8.055970959328143
3.058248787303092,-1.3021097932281924,7.981228669175703
3.0590341067963625,-1.3041617399881302,7.906473617626498
3.0598194262896334,-1.306194337959297,7.8317059195515855
3.060604745782904,-1.3082075850431858,7.756925689971442
3.061390065276175,-1.3102014791560066,7.68213304405435
3.0621753847694455,-1.3121760182288016,7.607328097115484
3.0629607042627165,-1.3141312002076309,7.532510964615294
3.063746023755987,-1.31606702305369,7.457681762158572
3.064531343249258,-1.317983484743483,7.382840605492852
3.0653166627425286,-1.3198805832689522,7.307987610507429
3.0661019822357996,-1.321758316637631,7.233122893231787
3.06688730172907,-1.323616682872787,7.158246569834598
3.067672621222341,-1.3254556800135568,7.083358756622122
3.0684579407156116,-1.3272753061150948,7.0084595700372345
3.0692432602088826,-1.3290755592487102,6.933549126657783
3.070028579702153,-1.330856437502006,6.858627543195633
3.070813899195424,-1.3326179389790125,6.7836949364949986
3.0715992186886947,-1.3343600618003226,6.708751423531485
3.0723845381819657,-1.3360828041032349,6.633797121410417
3.073169857675236,-1.3377861640418724,6.558832147365874
3.073955177168507,-1.3394701397873257,6.4838566187590025
3.0747404966617777,-1.3411347295277656,6.4088706530770425
3.0755258161550487,-1.3427799314686049,6.333874367931646
3.0763111356483193,-1.3444057438325832,6.258867881057882
3.0770964551415902,-1.3460121648599277,6.18385131031256
3.077881774634861,-1.347599192808451,6.108824773673213
3.0786670941281318,-1.3491668259536935,6.033788389236414
3.0794524136214023,-1.3507150625890405,5.958742275216777
3.0802377331146733,-1.3522439010258367,5.883686549945244
3.081023052607944,-1.3537533395935066,5.8086213318680695
3.081808372101215,-1.3552433766396679,5.733546739545125
3.0825936915944854,-1.356714010530255,5.658462891648868
3.0833790110877564,-1.358165239649638,5.5833699069626315
3.084164330581027,-1.3595970624007192,5.508267904379592
3.084949650074298,-1.3610094772050605,5.433157002901053
3.0857349695675684,-1.3624024825029768,5.358037321635413
3.0865202890608394,-1.3637760767536675,5.282908979796428
3.08730560855411,-1.3651302584353044,5.2077720967021754
3.088090928047381,-1.3664650260451374,5.132626791773322
3.0888762475406515,-1.3677803780996207,5.057473184532078
3.0896615670339225,-1.369076313134487,4.982311394600453
3.090446886527193,-1.3703528297048768,4.907141541699199
3.091232206020464,-1.3716099263854082,4.8319637456460685
3.0920175255137345,-1.3728476017703064,4.756778126354762
3.0928028450070055,-1.3740658544734856,4.681584803833162
3.093588164500276,-1.37526468312863,4.606383898182273
3.094373483993547,-1.3764440863893186,4.531175529594474
3.0951588034868176,-1.377604062929112,4.455959818352425
3.0959441229800886,-1.3787446114416058,4.38073688482733
3.096729442473359,-1.3798657306405724,4.305506849477837
3.09751476196663,-1.3809674192600312,4.230269832848286
3.0983000814599007,-1.3820496760543182,4.155025955567617
3.0990854009531716,-1.3831124997981834,4.079775338347602
3.099870720446442,-1.3841558892868897,4.004518101981751
3.100656039939713,-1.3851798433362688,3.9292543673435434
3.1014413594329837,-1.3861843607828241,3.853984255385328
3.1022266789262547,-1.3871694404838022,3.778707887136539
3.1030119984195252,-1.3881350813172657,3.703425383702603
3.1037973179127962,-1.3890812821821772,3.6281368662631484
3.1045826374060668,-1.390008041998478,3.552842456070903
3.1053679568993378,-1.3909153597071477,3.4775422744499056
3.1061532763926083,-1.391803234270289,3.4022364427943925
3.1069385958858793,-1.3926716646711994,3.326925082567006
3.10772391537915,-1.3935206499144195,3.25160831529768
3.108509234872421,-1.3943501890258432,3.1762862625818453
3.1092945543656914,-1.3951602810527381,3.1009590460793053
3.1100798738589623,-1.3959509250638318,3.0256267875124365
3.110865193352233,-1.3967221201493847,2.9502896086650714
3.111650512845504,-1.3974738654212262,2.8749476313806848
3.1124358323387744,-1.3982061600128368,2.7996009775612736
3.1132211518320454,-1.3989190030794008,2.7242497691655463
3.114006471325316,-1.3996123937978626,2.6488941282077936
3.114791790818587,-1.4002863313669753,2.5735341767560715
3.1155771103118575,-1.400940815007374,2.4981700369310733
3.1163624298051285,-1.4015758439616042,2.4228018309043144
3.117147749298399,-1.4021914174941916,2.347429680896994
3.11793306879167,-1.4027875348916852,2.272053709178172
3.1187183882849405,-1.4033641954627085,2.196674038063637
3.1195037077782115,-1.4039213985379997,2.1212907899140823
3.120289027271482,-1.4044591434704596,2.045904087133958
3.121074346764753,-1.40497742963521,1.970514052169658
3.1218596662580236,-1.4054762564296006,1.8951208075083608
3.1226449857512946,-1.405955623273295,1.8197244756762152
3.1234303052445656,-1.4064155296082679,1.7443251792371421
3.124215624737836,-1.4068559748988718,1.6689230407912226
3.125000944231107,-1.407276958631868,1.5935181829730756
3.1257862637243776,-1.4076784803164368,1.5181107284506699
3.1265715832176486,-1.4080605394842491,1.4427007999234869
3.127356902710919,-1.4084231356894672,1.3672885201213707
3.12814222220419,-1.4087662685087998,1.2918740118026915
3.1289275416974607,-1.409089937541501,1.216457397753193
3.1297128611907317,-1.4093941424094203,1.1410388007841539
3.130498180684002,-1.4096788827570244,1.0656183437312319
3.131283500177273,-1.4099441582514116,0.9901961494526298
3.1320688196705437,-1.410189968582352,0.9147723408279312
3.1328541391638147,-1.4104163134622776,0.8393470407562661
3.1336394586570853,-1.4106231926263415,0.7639203721551496
3.1344247781503562,-1.4108106058324004,0.6884924579586434
3.135210097643627,-1.4109785528610517,0.613063421116193
3.135995417136898,-1.4111270335156412,0.5376333845907891
3.1367807366301683,-1.4112560476222813,0.4622024713578042
3.1375660561234393,-1.4113655950298496,0.3867708044031519
3.13835137561671,-1.4114556756100214,0.31133850672212526
3.139136695109981,-1.4115262892572489,0.2359057013175521
3.1399220146032514,-1.4115774358887954,0.16047251119863518
3.1407073340965224,-1.4116091154447277,0.08503905937910695
3.141492653589793,-1.4116213278879244,0.009605468876068383
