theta,re,im
-3.141592653589793,0.85,-1.7451216887849783e-16
-3.1384509823944233,0.8500034545655203,-0.004476921571144562
-3.1353093111990535,0.8500138186371611,-0.008954083857462035
-3.132167640003684,0.8500310933402615,-0.013431727617720855
-3.1290259688083144,0.8500552805507253,-0.017910093697899268
-3.1258842976129446,0.8500863828955264,-0.022389423074827008
-3.1227426264175753,0.8501244037534208,-0.026869956899882058
-3.1196009552222055,0.8501693472558572,-0.03135193654275341
-3.1164592840268357,0.850221218288096,-0.035835603635280905
-3.113317612831466,0.8502800224905316,-0.04032120011540078
-3.110175941636096,0.8503457662602166,-0.04480896827120395
-3.1070342704407268,0.8504184567525979,-0.04929915078512741
-3.103892599245357,0.8504981018834527,-0.05379199077829828
-3.100750928049987,0.8505847103310388,-0.058287731855038494
-3.097609256854618,0.8506782915384482,-0.06278661814755884
-3.094467585659248,0.8507788557161763,-0.0672888943608542
-3.0913259144638783,0.8508864138448962,-0.07179480581781113
-3.0881842432685085,0.8510009776784505,-0.0763045985045581
-3.0850425720731387,0.8511225597470564,-0.08081851911606562
-3.0819009008777694,0.8512511733607248,-0.08533681510201792
-3.0787592296823996,0.8513868326128998,-0.08985973471297706
-3.07561755848703,0.8515295523843149,-0.09438752704684797
-3.0724758872916604,0.8516793483470747,-0.0989204420956753
-3.0693342160962906,0.851836236968954,-0.10345873079278439
-3.066192544900921,0.85200023551793,-0.10800264506028004
-3.063050873705551,0.8521713620669369,-0.11255243785693383
-3.0599092025101813,0.8523496354988547,-0.11710836322646982
-3.056767531314812,0.8525350755117282,-0.12167067634627143
-3.053625860119442,0.8527277026242253,-0.12623963357653287
-3.0504841889240724,0.8529275381813308,-0.1308154925098649
-3.047342517728703,0.8531346043602849,-0.13539851202138872
-3.0442008465333332,0.8533489241767632,-0.13998895231933162
-3.0410591753379634,0.8535705214913087,-0.14458707499614123
-3.0379175041425936,0.8537994210160118,-0.14919314308015066
-3.034775832947224,0.8540356483214473,-0.15380742108780793
-3.0316341617518545,0.8542792298438696,-0.15843017507649457
-3.0284924905564847,0.8545301928926698,-0.163061672697959
-3.025350819361115,0.8547885656581008,-0.1677021832523789
-3.0222091481657456,0.8550543772192709,-0.1723519777430878
-3.019067476970376,0.8553276575524145,-0.17701132893198396
-3.015925805775006,0.8556084375394394,-0.18168051139564037
-3.0127841345796362,0.8558967489767624,-0.1863598015821535
-3.0096424633842664,0.8561926245844284,-0.1910494778687458
-3.006500792188897,0.8564960980155275,-0.19574982062015134
-3.0033591209935273,0.8568072038659087,-0.2004611122478154
-3.0002174497981575,0.8571259776841991,-0.20518363726992336
-2.997075778602788,0.8574524559821308,-0.20991768237230127
-2.9939341074074184,0.8577866762451869,-0.21466353647020903
-2.9907924362120486,0.8581286769435641,-0.21942149077104908
-2.987650765016679,0.8584784975434682,-0.22419183883803492
-2.984509093821309,0.8588361785187377,-0.2289748766548365
-2.9813674226259397,0.8592017613628131,-0.23377090269124043
-2.97822575143057,0.8595752886010488,-0.23858021796985657
-2.9750840802352,0.8599568038033834,-0.2434031261338974
-2.9719424090398308,0.8603463515973667,-0.24823993351607254
-2.968800737844461,0.8607439776815605,-0.25309094920862935
-2.965659066649091,0.861149728839312,-0.2579564851345668
-2.9625173954537214,0.861563652952913,-0.26283685612007296
-2.9593757242583516,0.8619857990181539,-0.26773237996821103
-2.9562340530629823,0.8624162171592749,-0.272643377533897
-2.9530923818676125,0.8628549586443316,-0.27757017280020946
-2.9499507106722427,0.8633020759009762,-0.28251309295606203
-2.9468090394768733,0.8637576225326709,-0.287472468475293
-2.9436673682815035,0.8642216533353346,-0.29244863319720593
-2.9405256970861338,0.8646942243144442,-0.29744192440860034
-2.937384025890764,0.8651753927025883,-0.3024526829273484
-2.934242354695394,0.8656652169774938,-0.3074812531875532
-2.931100683500025,0.8661637568805324,-0.31252798332633963
-2.927959012304655,0.8666710734357174,-0.3175932252723282
-2.9248173411092853,0.8671872289692054,-0.32267733483583144
-2.921675669913916,0.8677122871293119,-0.3277806718008367
-2.918533998718546,0.8682463129070571,-0.3329036000188219
-2.9153923275231763,0.8687893726572488,-0.33804648750445127
-2.9122506563278066,0.8693415341201259,-0.34320970653321986
-2.9091089851324368,0.869902866443563,-0.3483936337410933
-2.9059673139370674,0.8704734402058615,-0.35359865022620446
-2.9028256427416976,0.8710533274391377,-0.35882514165267304
-2.899683971546328,0.8716426016533206,-0.3640734983565959
-2.8965423003509585,0.8722413378607798,-0.3693441154542897
-2.8934006291555887,0.8728496126015981,-0.3746373929528424
-2.890258957960219,0.8734675039695002,-0.3799537358630371
-2.887117286764849,0.8740950916384663,-0.3852935543147307
-2.8839756155694793,0.8747324568900362,-0.39065726367475007
-2.88083394437411,0.8753796826413299,-0.39604528466738137
-2.87769227317874,0.876036853473802,-0.40145804349753633
-2.8745506019833704,0.8767040556627477,-0.4068959719766614
-2.871408930788001,0.8773813772075837,-0.41235950765148466
-2.8682672595926313,0.8780689078629227,-0.4178490939356812
-2.8651255883972615,0.8787667391704639,-0.423365180244534
-2.8619839172018917,0.8794749644917229,-0.4289082221326952
-2.858842246006522,0.8801936790416222,-0.43447868143513135
-2.8557005748111526,0.8809229799229692,-0.4400770264113461
-2.852558903615783,0.8816629661618433,-0.4457037318929915
-2.849417232420413,0.8824137387439186,-0.45135927943494836
-2.8462755612250437,0.8831754006517532,-0.4570441574700049
-2.843133890029674,0.883948056903063,-0.46275886146722706
-2.839992218834304,0.884731814590019,-0.4685038940941335
-2.8368505476389343,0.8855267829195893,-0.47427976538279876
-2.8337088764435645,0.8863330732549607,-0.48008699289999884
-2.830567205248195,0.8871507991580703,-0.48592610192152424
-2.8274255340528254,0.8879800764332776,-0.49179762561079005
-2.8242838628574556,0.8888210231722147,-0.49770210520187114
-2.8211421916620862,0.8896737597998444,-0.5036400901871053
-2.8180005204667165,0.8905384091217665,-0.5096121385094063
-2.8148588492713467,0.8914150963728089,-0.5156188167594223
-2.811717178075977,0.892303949266938,-0.521660700377707
-2.808575506880607,0.8932050980485352,-0.5277383738620512
-2.8054338356852377,0.8941186755450753,-0.5338524309801361
-2.802292164489868,0.8950448172212512,-0.5400034749876856
-2.799150493294498,0.8959836612345927,-0.5461921188522777
-2.796008822099129,0.8969353484926188,-0.5524189854830085
-2.792867150903759,0.8979000227115788,-0.5586847079661931
-2.7897254797083892,0.8988778304768237,-0.5649899298072836
-2.7865838085130195,0.8998689213048687,-0.5713353051792263
-2.7834421373176497,0.9008734477071892,-0.5777214991774485
-2.7803004661222803,0.9018915652558149,-0.5841491880816964
-2.7771587949269105,0.902923432650773,-0.5906190596249522
-2.7740171237315407,0.903969211789441,-0.5971318132696478
-2.7708754525361714,0.9050290678378754,-0.6036881604914306
-2.7677337813408016,0.9061031693041719,-0.610288825070725
-2.764592110145432,0.9071916881139287,-0.6169345433923367
-2.761450438950062,0.908294799687882,-0.6236260647533878
-2.7583087677546922,0.9094126830217819,-0.6303641516798432
-2.755167096559323,0.9105455207685832,-0.6371495802519244
-2.752025425363953,0.9116934993230342,-0.6439831404387149
-2.7488837541685833,0.9128568089087306,-0.6508656364422502
-2.745742082973214,0.9140356436677302,-0.6577978870514375
-2.742600411777844,0.9152302017528093,-0.66478072600613
-2.7394587405824744,0.9164406854224473,-0.6718150023716946
-2.7363170693871046,0.9176673011386391,-0.6789015809244556
-2.733175398191735,0.918910259667625,-0.6860413425483731
-2.7300337269963655,0.9201697761836454,-0.6932351846433547
-2.7268920558009957,0.9214460703758205,-0.7004840215456097
-2.723750384605626,0.9227393665582632,-0.7077887849604548
-2.7206087134102566,0.9240498937835411,-0.7151504244080297
-2.7174670422148868,0.9253778859596071,-0.7225699076823708
-2.714325371019517,0.9267235819703112,-0.7300482213243085
-2.711183699824147,0.9280872257996339,-0.7375863711087048
-2.7080420286287774,0.9294690666597653,-0.7451853825465302
-2.704900357433408,0.9308693591231697,-0.7528463014023198
-2.7017586862380383,0.9322883632587835,-0.7605701942275768
-2.6986170150426685,0.9337263447724883,-0.7683581489106849
-2.695475343847299,0.9351835751520242,-0.7762112752439595
-2.6923336726519294,0.9366603318165012,-0.7841307055084571
-2.6891920014565596,0.9381568982706757,-0.7921175950771947
-2.68605033026119,0.9396735642641785,-0.8001731230374838
-2.68290865906582,0.9412106259558654,-0.8082984928330771
-2.6797669878704506,0.942768386083495,-0.8164949329268847
-2.676625316675081,0.9443471541389257,-0.8247636974850372
-2.673483645479711,0.945947246549047,-0.8331060670830971
-2.6703419742843417,0.9475689868626583,-0.8415233494352837
-2.667200303088972,0.9492127059435287,-0.8500168801475876
-2.664058631893602,0.950878742169869,-0.8585880234956882
-2.6609169606982324,0.9525674416404744,-0.8672381732286615
-2.6577752895028626,0.9542791583877865,-0.8759687533994656
-2.6546336183074932,0.9560142545981557,-0.8847812192232706
-2.6514919471121234,0.9577731008395791,-0.8936770579647264
-2.6483502759167536,0.9595560762972212,-0.9026577898553148
-2.6452086047213843,0.9613635690170113,-0.911724969042001
-2.6420669335260145,0.9631959761576638,-0.9208801845684385
-2.6389252623306447,0.9650537042514378,-0.9301250613900269
-2.635783591135275,0.9669371694740098,-0.9394612614242305
-2.632641919939905,0.9688467979238158,-0.9488904846375702
-2.629500248744536,0.9707830259112681,-0.958414470170815
-2.626358577549166,0.9727463002582394,-0.9680349975039526
-2.6232169063537962,0.9747370786082474,-0.9777538876625766
-2.620075235158427,0.9767558297477889,-0.9875730044674522
-2.616933563963057,0.9788030339392928,-0.9974942558290651
-2.6137918927676873,0.9808791832661747,-1.007519595089045
-2.6106502215723175,0.9829847819905199,-1.0176510224104927
-2.6075085503769477,0.9851203469239286,-1.0278905862192833
-2.6043668791815784,0.9872864078120941,-1.0382403846985564
-2.6012252079862086,0.989483507733706,-1.048702567338701
-2.598083536790839,0.9917122035143049,-1.0592793365452502
-2.5949418655954695,0.9939730661557501,-1.0699729493072498
-2.5918001944000997,0.9962666812819807,-1.0807857189287609
-2.58865852320473,0.9985936496018031,-1.091720016826306
-2.58551685200936,1.0009545873894627,-1.1027782743952237
-2.5823751808139903,1.003350126983803,-1.1139629849480313
-2.579233509618621,1.0057809173068524,-1.1252767057280642
-2.576091838423251,1.0082476244027296,-1.1367220600018322
-2.5729501672278814,1.0107509319977954,-1.1483017392336996
-2.569808496032512,1.0132915420830386,-1.1600185053467187
-2.5666668248371423,1.0158701755197284,-1.1718751930736204
-2.5635251536417725,1.018487572669423,-1.1838747124021722
-2.5603834824464027,1.0211444940494856,-1.1960200511193915
-2.557241811251033,1.0238417210153203,-1.2083142774592868
-2.5541001400556635,1.0265800564705991,-1.2207605428590844
-2.5509584688602938,1.0293603256068407,-1.233362084829189
-2.547816797664924,1.0321833766737472,-1.2461222299423511
-2.5446751264695546,1.0350500817818191,-1.2590443969479161
-2.541533455274185,1.0379613377388222,-1.2721321000172723
-2.538391784078815,1.0409180669217877,-1.2853889521270063
-2.5352501128834453,1.0439212181863184,-1.2988186685866432
-2.5321084416880755,1.046971767815077,-1.3124250707182339
-2.528966770492706,1.0500707205074291,-1.3262120896954648
-2.5258250992973363,1.0532191104123547,-1.3401837705504462
-2.5226834281019666,1.0564180022068355,-1.3543442763567544
-2.519541756906597,1.059668492222074,-1.3686978925978797
-2.5164000857112274,1.0629717096200413,-1.3832490317307369
-2.5132584145158576,1.066328817622994,-1.39800223795445
-2.510116743320488,1.0697410147987547,-1.4129621921953206
-2.506975072125118,1.0732095364047398,-1.428133717319461
-2.5038334009297487,1.0767356557938772,-1.4435217835853453
-2.500691729734379,1.0803206858857834,-1.4591315143492685
-2.497550058539009,1.0839659807067266,-1.474968192037477
-2.49440838734364,1.0876729370021967,-1.4910372643996785
-2.49126671614827,1.0914429959260779,-1.5073443510595046
-2.4881250449529,1.0952776448107024,-1.5238952503784815
-2.4849833737575304,1.0991784190223608,-1.5406959466512276
-2.4818417025621606,1.1031469039070967,-1.557752617650618
-2.4787000313667913,1.1071847368319603,-1.5750716425429814
-2.4755583601714215,1.1112936093272356,-1.5926596101946673
-2.4724166889760517,1.1154752693354972,-1.6105233278927364
-2.4692750177806824,1.119731523573782,-1.6286698305041027
-2.4661333465853126,1.1240642400155607,-1.6471063900990528
-2.462991675389943,1.1284753504996488,-1.6658405260668232
-2.459850004194573,1.132966853473707,-1.6848800157528845
-2.456708332999203,1.1375408168804966,-1.7042329056495928
-2.453566661803834,1.1421993811956217,-1.7239075231740606
-2.450424990608464,1.1469447626261358,-1.7439124890695754
-2.4472833194130943,1.15177925648001,-1.764256730469351
-2.444141648217725,1.1567052407172285,-1.7849494946643392
-2.440999977022355,1.16172517969403,-1.806000363619731
-2.4378583058269854,1.1668416281126464,-1.827419269288063
-2.4347166346316156,1.1720572351898486,-1.8492165097704787
-2.431574963436246,1.177374749058537,-1.8714027663813884
-2.4284332922408765,1.1827970214177397,-1.893989121676056
-2.4252916210455067,1.1883270124475298,-1.916987078505098
-2.422149949850137,1.1939677960066102,-1.9404085801647653
-2.4190082786547675,1.1997225651317591,-1.9642660317172977
-2.4158666074593977,1.2055946378597489,-1.9885723225613896
-2.412724936264028,1.211587463394023,-2.013340850339059
-2.409583265068658,1.2177046286402102,-2.0385855462722775
-2.4064415938732884,1.2239498651364327,-2.06432090203003
-2.403299922677919,1.2303270564065498,-2.0905619982348242
-2.4001582514825492,1.2368402457667302,-2.1173245347265377
-2.3970165802871795,1.2434936446183014,-2.144624862711284
-2.39387490909181,1.250291641262603,-2.1724800189337943
-2.3907332378964403,1.257238810276558,-2.2009077620234216
-2.3875915667010705,1.264339922491032,-2.2299266111768055
-2.3844498955057007,1.2715999556176873,-2.259555887354415
-2.381308224310331,1.2790241055740166,-2.2898157571835887
-2.3781665531149616,1.2866177985606995,-2.3207272797778824
-2.375024881919592,1.2943867039502048,-2.3523124567012195
-2.371883210724222,1.3023367480509422,-2.38459428532609
-2.3687415395288527,1.3104741288171584,-2.4175968158578836
-2.365599868333483,1.3188053315812576,-2.4513452123226367
-2.362458197138113,1.3273371458924106,-2.4858658178433104
-2.3593165259427433,1.3360766835533269,-2.521186224560663
-2.3561748547473735,1.3450313979557984,-2.557335348588859
-2.353033183552004,1.3542091048254885,-2.594343510433924
-2.3498915123566344,1.3636180044972346,-2.6322425213452787
-2.3467498411612646,1.3732667058542656,-2.6710657761173375
-2.3436081699658953,1.3831642520781442,-2.7108483529104355
-2.3404664987705255,1.3933201483712803,-2.751627120718363
-2.3373248275751557,1.403744391830589,-2.7934408551747225
-2.334183156379786,1.4144475036695257,-2.8363303634629102
-2.331041485184416,1.4254405640068428,-2.8803386191757587
-2.3278998139890468,1.4367352494636794,-2.9255109080618165
-2.324758142793677,1.448343873837179,-2.971894985697705
-2.321616471598307,1.4602794321483143,-3.019541248240642
-2.318474800402938,1.4725556483951676,-3.0685029175450294
-2.315333129207568,1.4851870273803385,-3.118836242072792
-2.3121914580121983,1.4981889110239754,-3.170600715192197
-2.3090497868168285,1.511577539621796,-3.223859312646727
-2.3059081156214587,1.5253701185622066,-3.278678751187181
-2.3027664444260894,1.5395848910782879,-3.33512977060064
-2.2996247732307196,1.5542412176808986,-3.393287441643623
-2.2964831020353498,1.5693596629987605,-3.453231502698556
-2.2933414308399804,1.5849620908423796,-3.515046728329285
-2.2901997596446106,1.6010717684115334,-3.5788233333193227
-2.287058088449241,1.617713480682828,-3.644657416244733
-2.283916417253871,1.634913656145412,-3.7126514471727394
-2.2807747460585013,1.6527005051996166,-3.7829148046986822
-2.277633074863132,1.671104172694919,-3.8555643682538427
-2.274491403667762,1.690156906256771,-3.9307251724530197
-2.2713497324723924,1.7098932422294515,-4.008531131226323
-2.268208061277023,1.7303502112307325,-4.089125840624494
-2.2650663900816532,1.7515675654472245,-4.172663470536657
-2.2619247188862834,1.7735880298547297,-4.259309757163216
-2.2587830476909136,1.796457579452007,-4.349243110007637
-2.255641376495544,1.820225744234302,-4.4426558494719
-2.2524997053001745,1.8449459428230284,-4.539755593975606
-2.2493580341048047,1.8706758441325813,-4.640766819019396
-2.246216362909435,1.897477753779404,-4.745932614984917
-2.2430746917140656,1.9254190175113541,-4.855516675986998
-2.239933020518696,1.9545724268789608,-4.969805559142997
-2.236791349323326,1.9850166014439592,-5.089111262708418
-2.2336496781279562,2.0168363053089937,-5.2137741833187405
-2.2305080069325864,2.0501226313249323,-5.3441665279615185
-2.227366335737217,2.084972950894647,-5.4806962764309
-2.2242246645418473,2.121490476811365,-5.623811816351548
-2.2210829933464775,2.159783215903948,-5.774007407221745
-2.217941322151108,2.1999619909899035,-5.931829674508736
-2.2147996509557384,2.2421370798986615,-6.09788539214708
-2.2116579797603686,2.286412843678115,-6.272850884509324
-2.208516308564999,2.3328794853497308,-6.457483469437785
-2.205374637369629,2.3816007815740963,-6.652635473530181
-2.2022329661742597,2.432596246794318,-6.859271478112346
-2.19909129497889,2.4858157041086306,-7.078489592097367
-2.19594962378352,2.541103625854754,-7.311547678351717
-2.1928079525881508,2.5981498389212123,-7.559895546069763
-2.189666281392781,2.656422223054561,-7.825214092437592
-2.186524610197411,2.715075806183008,-8.109462106316949
-2.1833829390020414,2.772831098633215,-8.414930718179141
-2.1802412678066716,2.82781250628854,-8.74430393423471
-2.1770995966113023,2.8773351161644163,-9.100720746969264
-2.1739579254159325,2.91762501194576,-9.48782905194498
-2.1708162542205627,2.943454733299108,-9.909812613667858
-2.1676745830251933,2.947672324030419,-10.371357525466905
-2.1645329118298235,2.9206017783420135,-10.877501087662871
-2.1613912406344538,2.849299597254805,-11.433270181740113
-2.158249569439084,2.7166770085176104,-12.042964842007478
-2.155107898243714,2.500559747044657,-12.708876660284542
-2.151966227048345,2.1728896756114313,-13.429165218585865
-2.148824555852975,1.6995187199084476,-14.194596944765474
-2.1456828846576053,1.0414370511906885,-14.98399537227948
-2.142541213462236,0.158754277204334,-15.758775450912474
-2.139399542266866,-0.9810073410512902,-16.458107355300577
-2.1362578710714963,-2.3895297035184684,-16.998097072935515
-2.1331161998761266,-4.041329463466402,-17.279927396398808
-2.1299745286807568,-5.8615292396608405,-17.210611439304106
-2.1268328574853874,-7.72866224133588,-16.733153984545826
-2.1236911862900176,-9.4993122046689,-15.852642759340837
-2.120549515094648,-11.047427045030622,-14.641137286843938
-2.1174078438992785,-12.298224656760997,-13.215570980516125
-2.1142661727039087,-13.239386819646004,-11.701224721070556
-2.111124501508539,-13.908760756965236,-10.200618516129413
-2.107982830313169,-14.371115217456376,-8.77902627768271
-2.1048411591177993,-14.696971471917228,-7.465126750453464
-2.10169948792243,-14.949379342667237,-6.259304070405918
-2.09855781672706,-15.178183782001042,-5.143070290630744
-2.0954161455316904,-15.418830622131058,-4.0864076466870225
-2.092274474336321,-15.692886454699362,-3.0524370505096687
-2.0891328031409513,-16.008409082409273,-2.000120892575532
-2.0859911319455815,-16.3592073445174,-0.8862001764044058
-2.0828494607502117,-16.722757610597284,0.3322213616081578
-2.079707789554842,-17.057349353759818,1.6928941827163053
-2.0765661183594726,-17.300218749619674,3.220037533220486
-2.073424447164103,-17.369984881738674,4.912062008398319
-2.070282775968733,-17.17767682908547,6.7280344448300715
-2.0671411047733637,-16.648739127129485,8.579990923530637
-2.063999433577994,-15.75153827618523,10.34083535811551
-2.060857762382624,-14.51871593134502,11.872484248981921
-2.0577160911872543,-13.045839594313266,13.065171859519554
-2.0545744199918845,-11.464251710069687,13.867547447391829
-2.051432748796515,-9.90283564039844,14.291966711737963
-2.0482910776011454,-8.458879963132373,14.39682038186288
-2.0451494064057756,-7.187805877868456,14.260347877232201
-2.0420077352104062,-6.108290371207795,13.95926935102074
-2.0388660640150365,-5.213998173673023,13.557245507750888
-2.0357243928196667,-4.485091609193187,13.101641714996154
-2.032582721624297,-3.896608072468388,12.624996619745314
-2.029441050428927,-3.4234837242117355,12.148238133163295
-2.0262993792335577,-3.0430639516553923,11.68398437382463
-2.023157708038188,-2.73604848142412,11.239258503829932
-2.020016036842818,-2.4865859131797556,10.81748684206863
-2.016874365647449,-2.2819677918136314,10.419874005595142
-2.013732694452079,-2.112174782071284,10.046307382350731
-2.0105910232567092,-1.9694035070646638,9.695932415195301
-2.0074493520613395,-1.8476323594268251,9.367508663761514
-2.0043076808659697,-1.7422476948912509,9.059624783860984
-2.0011660096706003,-1.649733772503391,8.770824998091012
-1.9980243384752305,-1.567421756698753,8.499681132571494
-1.9948826672798607,-1.4932900822586093,8.244831704622195
-1.9917409960844912,-1.425807879753107,8.005001326814424
-1.9885993248891216,-1.363813636346188,7.779008491803482
-1.9854576536937518,-1.3064221722374425,7.565766591090405
-1.982315982498382,-1.2529540352359922,7.364281075479307
-1.9791743113030125,-1.2028824109913847,7.173644501758951
-1.976032640107643,-1.1557935512110333,6.993030518550201
-1.9728909689122731,-1.1113575130336044,6.821687431737009
-1.9697492977169033,-1.0693066752389133,6.658931740541858
-1.9666076265215338,-1.0294200565270024,6.504141881185072
-1.9634659553261642,-0.9915119179076266,6.356752317181496
-1.9603242841307944,-0.9554234977132866,6.216248051550979
-1.9571826129354246,-0.9210170169141406,6.08215959397357
-1.954040941740055,-0.8881713169658298,5.954058387894234
-1.9508992705446855,-0.8567786641168079,5.831552684330373
-1.9477575993493157,-0.8267423834194728,5.71428383778173
-1.944615928153946,-0.7979750816760537,5.601922993198909
-1.9414742569585763,-0.7703972887968019,5.494168129991278
-1.9383325857632068,-0.7439363977661457,5.390741428469017
-1.935190914567837,-0.7185258195638793,5.291386925107563
-1.9320492433724672,-0.6941042948515641,5.1958684249926
-1.9289075721770976,-0.6706153219762196,5.103967642313481
-1.925765900981728,-0.6480066730913601,5.01548254251322
-1.9226242297863583,-0.6262299785877038,4.930225862467302
-1.9194825585909885,-0.6052403657491569,4.848023787719016
-1.916340887395619,-0.5849961414448062,4.768714768269066
-1.9131992162002494,-0.56545851132574,4.692148456664347
-1.9100575450048796,-0.5465913298215189,4.61818475414159
-1.9069158738095098,-0.5283608765012788,4.546692952361609
-1.9037742026141402,-0.5107356552640411,4.477550959832468
-1.9006325314187706,-0.493686213474621,4.410644603484531
-1.8974908602234009,-0.47718497864637544,4.345866997047685
-1.894349189028031,-0.4612061106433077,4.283117968912151
-1.8912075178326615,-0.4457253676654796,4.222303543049173
-1.888065846637292,-0.43071998451711563,4.163335467344263
-1.8849241754419221,-0.41616856185051776,4.106130784369735
-1.8817825042465524,-0.4020509652406448,4.050611440209333
-1.8786408330511828,-0.3883482330834274,3.9967039274575304
-1.8754991618558132,-0.37504249242832516,3.94433895896089
-1.8723574906604434,-0.36211688195800096,3.893451169257007
-1.8692158194650736,-0.34955548141621057,3.84397884100616
-1.866074148269704,-0.3373432468625366,3.795863654008515
-1.8629324770743345,-0.32546595120003374,3.7490504546610253
-1.8597908058789647,-0.3139101294815509,3.7034870439380647
-1.856649134683595,-0.3026630285525068,3.659123982182343
-1.8535074634882254,-0.2917125606342926,3.6159144091714013
-1.8503657922928558,-0.2810472604931314,3.5738138780830857
-1.847224121097486,-0.27065624587536824,3.532780202123379
-1.8440824499021162,-0.26052918092225136,3.4927733127040845
-1.8409407787067467,-0.2506562423056232,3.453755128168221
-1.837799107511377,-0.2410280878513617,3.4156894321591174
-1.8346574363160073,-0.23163582743993005,3.37854176081672
-1.8315157651206375,-0.2224709959935322,3.3422792980626292
-1.828374093925268,-0.2135255283773788,3.306870778305171
-1.8252324227298984,-0.2047917360586646,3.2722863959582766
-1.8220907515345286,-0.19626228538132756,3.2384977212238715
-1.8189490803391588,-0.18793017732755427,3.2054776216377006
-1.8158074091437892,-0.17978872864868467,3.1732001889236003
-1.8126657379484197,-0.1718315542586223,3.1416406707418645
-1.8095240667530499,-0.1640525507922753,3.110775406953888
-1.80638239555768,-0.15644588124008346,3.080581770058233
-1.8032407243623105,-0.149005960577341,3.0510381094830343
-1.800099053166941,-0.1417274423139821,3.022123699446578
-1.7969573819715712,-0.13460520589677255,2.9938186901222448
-1.7938157107762014,-0.1276343449015419,2.966104061866046
-1.7906740395808318,-0.12081015595825201,2.9389615822849886
-1.7875323683854623,-0.11412812835637508,2.9123737659426996
-1.7843906971900925,-0.10758393428233257,2.8863238365152073
-1.7812490259947227,-0.10117341964459799,2.8607956912248262
-1.7781073547993531,-0.09489259544560393,2.8357738673937187
-1.7749656836039835,-0.08873762966280632,2.811243510971238
-1.7718240124086138,-0.08270483960419905,2.787190346900452
-1.768682341213244,-0.07679068470624162,2.763600651199711
-1.7655406700178744,-0.07099175974460908,2.7404612246445206
-1.7623989988225048,-0.06530478843042882,2.717759367943748
-1.759257327627135,-0.059726617366694115,2.6954828583121064
-1.7561156564317653,-0.05425421034145924,2.6736199273481147
-1.7529739852363957,-0.048884642936103825,2.6521592401334866
-1.7498323140410261,-0.04361509742856664,2.631089875475944
-1.7466906428456563,-0.03844285797289366,2.610401307223182
-1.7435489716502865,-0.033365306037772345,2.590083386580824
-1.740407300454917,-0.028379916087978265,2.570126325371979
-1.7372656292595474,-0.023484251493751593,2.5505206801804414
-1.7341239580641776,-0.018675960654217352,2.5312573373235914
-1.7309822868688078,-0.013952773321873838,2.512327498604781
-1.7278406156734383,-0.009312497116100722,2.49372266779844
-1.7246989444780687,-0.004753014214436219,2.475434637824313
-1.721557273282699,-0.00027227821113666185,2.4574554785702047
-1.7184156020873291,0.004131688866757753,2.4397775253252636
-1.7152739308919596,0.008460799395001268,2.4223933677884193
-1.71213225969659,0.012716902847886492,2.4052958396188684
-1.7089905885012202,0.016901788362141786,2.388478008497687
-1.7058489173058504,0.021017187176437073,2.3719331666716506
-1.7027072461104809,0.02506477495349501,2.3556548219521574
-1.6995655749151113,0.02904617399132971,2.3396366891439384
-1.6964239037197415,0.032962955329753234,2.3238726818797915
-1.6932822325243717,0.03681664075788403,2.3083569048390826
-1.6901405613290021,0.04060870472804788,2.2930836463291318
-1.6869988901336326,0.0443405761811202,2.2780473712098943
-1.6838572189382628,0.04801364028805797,2.2632427141435687
-1.680715547742893,0.05162924011207212,2.248664473151834
-1.6775738765475234,0.05518867819563069,2.23430760346449
-1.6744322053521539,0.058693218076230354,2.220167211644262
-1.671290534156784,0.06214408573463042,2.2062385499733836
-1.6681488629614143,0.06554247097904897,2.192517011088493
-1.6650071917660447,0.06888952876858226,2.178998122851082
-1.6618655205706752,0.07218638047895387,2.1656775434415554
-1.6587238493753054,0.07543411511349686,2.1525510566655957
-1.6555821781799356,0.07863379046211073,2.1396145674622065
-1.652440506984566,0.08178643421079311,2.1268640976033892
-1.6492988357891964,0.08489304500417322,2.114295781575987
-1.6461571645938267,0.08795459346336755,2.101905862636764
-1.6430154933984569,0.09097202316132365,2.0896906890322855
-1.6398738222030873,0.09394625155771555,2.0776467103756047
-1.6367321510077177,0.09687817089532925,2.0657704741722442
-1.633590479812348,0.09976864905978473,2.05405862248834
-1.6304488086169782,0.10261853040431784,2.042507888754204
-1.6273071374216086,0.10542863654128362,2.031115094696947
-1.624165466226239,0.10819976710192687,2.019877147396094
-1.6210237950308692,0.11093270046589723,2.0087910364565285
-1.6178821238354995,0.11362819446190286,1.9978538312932979
-1.6147404526401299,0.11628698704083155,1.9870626785231962
-1.6115987814447603,0.11890979692258871,1.9764147994582293
-1.6084571102493905,0.12149732421784226,1.9659074876963738
-1.6053154390540207,0.12405025102580282,1.9555381068052444
-1.6021737678586512,0.12656924200911315,1.945304088094528
-1.5990320966632816,0.12905494494685688,1.935202928473226
-1.5958904254679118,0.13150799126665985,1.9252321883879944
-1.592748754272542,0.1339289965567903,1.9153894898389998
-1.5896070830771725,0.13631856105914036,1.9056725144699296
-1.586465411881803,0.13867727014391015,1.8960790017289408
-1.5833237406864331,0.14100569476678093,1.8866067470974979
-1.5801820694910633,0.14330439190932995,1.8772536003842017
-1.5770403982956938,0.1455739050033986,1.8680174640808362
-1.5738987271003242,0.14781476434008864,1.858896291778017
-1.5707570559049544,0.15002748746403805,1.8498880866379288
-1.5676153847095846,0.15221257955358436,1.8409908999217848
-1.564473713514215,0.1543705337874045,1.8322028295697175
-1.5613320423188455,0.15650183169819143,1.8235220188309533
-1.5581903711234757,0.15860694351389423,1.814946654942208
-1.555048699928106,0.1606863284870321,1.8064749678523344
-1.5519070287327363,0.16274043521256354,1.7981052289913473
-1.5487653575373668,0.16476970193477644,1.7898357500820379
-1.545623686341997,0.16677455684363385,1.7816648819924827
-1.5424820151466272,0.16875541836099472,1.7735910136278006
-1.5393403439512576,0.17071269541711986,1.7656125708596178
-1.536198672755888,0.17264678771783593,1.7577280154917498
-1.5330570015605183,0.17455808600272682,1.7499358442606825
-1.5299153303651485,0.17644697229470385,1.7422345878695067
-1.526773659169779,0.17831382014128783,1.7346228100539918
-1.5236319879744094,0.18015899484792008,1.7270991066795833
-1.5204903167790396,0.18198285370361056,1.719662104868123
-1.5173486455836698,0.18378574619921428,1.7123104621531746
-1.5142069743883002,0.18556801423861638,1.7050428656628567
-1.5110653031929306,0.18732999234308925,1.697858031329157
-1.5079236319975609,0.18907200784908468,1.6907547031227346
-1.504781960802191,0.19079438109969882,1.6837316523122645
-1.5016402896068215,0.192497425630048,1.6767876767473973
-1.498498618411452,0.19418144834678253,1.6699216001644877
-1.4953569472160821,0.1958467497019486,1.6631322715142427
-1.4922152760207124,0.19749362386140795,1.6564185643104916
-1.4890736048253428,0.19912235886801244,1.6497793759993178
-1.4859319336299732,0.2007332367997211,1.643213627347805
-1.4827902624346034,0.20232653392284916,1.6367202618517096
-1.4796485912392336,0.20390252084060834,1.6302982451613754
-1.476506920043864,0.20546146263712362,1.6239465645252378
-1.4733652488484945,0.20700361901707265,1.6176642282503035
-1.4702235776531247,0.20852924444110987,1.6114502651790086
-1.467081906457755,0.21003858825722022,1.6053037241818777
-1.4639402352623854,0.21153189482814383,1.599223673665437
-1.4607985640670158,0.21300940365501309,1.5932092010948506
-1.457656892871646,0.21447134949732244,1.5872594125307788
-1.4545152216762762,0.2159179624893699,1.581373432179963
-1.4513735504809067,0.2173494682532811,1.575550401959078
-1.448231879285537,0.21876608800873643,1.5697894810713886
-1.4450902080901673,0.22016803867951285,1.5640898455957957
-1.4419485368947975,0.22155553299694497,1.5584506880878388
-1.438806865699428,0.2229287796004139,1.5528712171922674
-1.4356651945040584,0.22428798313495746,1.5473506572667879
-1.4325235233086886,0.22563334434610194,1.5418882480166216
-1.4293818521133188,0.2269650601720028,1.5364832441395202
-1.4262401809179492,0.2282833238329875,1.5311349149808842
-1.4230985097225797,0.22958832491858466,1.5258425441986692
-1.4199568385272099,0.23088024947211594,1.520605429437749
-1.41681516733184,0.23215928007293846,1.5154228820134494
-1.4136734961364705,0.23342559591640666,1.510294226603929
-1.410531824941101,0.23467937289163254,1.5052188009511551
-1.4073901537457312,0.23592078365710778,1.5001959555701765
-1.4042484825503614,0.23714999771426304,1.4952250534664489
-1.4011068113549918,0.23836718147902602,1.490305469860944
-1.3979651401596223,0.23957249835144212,1.4854365919228094
-1.3948234689642525,0.2407661087834181,1.4806178185093373
-1.3916817977688827,0.24194817034464972,1.4758485599130196
-1.3885401265735131,0.24311883778678584,1.4711282376154637
-1.3853984553781435,0.24427826310588874,1.4664562840479651
-1.3822567841827738,0.24542659560323993,1.4618321423585292
-1.379115112987404,0.24656398194454127,1.4572552661851468
-1.3759734417920344,0.24769056621756513,1.4527251194351338
-1.3728317705966648,0.2488064899882959,1.4482411760703493
-1.369690099401295,0.2499118923556124,1.4438029198981215
-1.3665484282059253,0.25100691000455233,1.439409844367707
-1.3634067570105557,0.252091677258204,1.4350614523721181
-1.3602650858151861,0.2531663261282645,1.4307572560551596
-1.3571234146198163,0.25423098636430463,1.4264967766235273
-1.3539817434244465,0.25528578550178044,1.4222795441638099
-1.350840072229077,0.2563308489088244,1.4181050974642628
-1.3476984010337074,0.25736629983185977,1.4139729838412018
-1.3445567298383376,0.25839225944006294,1.4098827589698981
-1.3414150586429678,0.25940884686871496,1.4058339867198342
-1.3382733874475983,0.260416179261471,1.401826238994201
-1.3351317162522287,0.2614143718115817,1.3978590955735122
-1.331990045056859,0.2624035378020921,1.3939321439632268
-1.3288483738614891,0.26338378864505235,1.3900449792452563
-1.3257067026661196,0.264355233919767,1.386197203933255
-1.32256503147075,0.265317981410108,1.3823884278315877
-1.3194233602753802,0.26627213714091996,1.3786182678978687
-1.3162816890800104,0.26721780541354556,1.374886348108979
-1.3131400178846409,0.26815508884049016,1.37119229933046
-1.3099983466892713,0.2690840883792547,1.3675357591891968
-1.3068566754939015,0.2700049033653593,1.3639163719493006
-1.3037150042985317,0.2709176315445766,1.3603337883911018
-1.3005733331031621,0.27182236910440183,1.3567876656931706
-1.2974316619077926,0.2727192107047767,1.3532776673172873
-1.2942899907124228,0.273608249508091,1.34980346289628
-1.291148319517053,0.27448957720847605,1.346364728124657
-1.2880066483216834,0.275363284060417,1.3429611446519565
-1.2848649771263139,0.2762294589066972,1.3395923999787478
-1.281723305930944,0.27708818920569284,1.336258187355211
-1.2785816347355743,0.27793956105803813,1.3329582056822313
-1.2754399635402047,0.2787836592326756,1.3296921594149402
-1.2722982923448352,0.279620567192309,1.326459758468644
-1.2691566211494654,0.28045036711827437,1.3232607181270775
-1.2660149499540956,0.28127313993484526,1.320094758952926
-1.262873278758726,0.28208896533298533,1.3169616067005574
-1.2597316075633564,0.28289792179356693,1.3138609922309057
-1.2565899363679867,0.2837000866100623,1.310792651428462
-1.2534482651726169,0.2844955359107318,1.3077563251203124
-1.2503065939772473,0.28528434468031094,1.3047517589971762
-1.2471649227818777,0.28606658678121755,1.3017787035363966
-1.244023251586508,0.2868423349742881,1.2988369139268334
-1.2408815803911382,0.2876116609390549,1.2959261499956205
-1.2377399091957686,0.2883746352935772,1.2930461761367307
-1.234598238000399,0.2891313276138387,1.2901967612413183
-1.2314565668050292,0.28988180645271694,1.2873776786297897
-1.2283148956096595,0.2906261393585453,1.2845887059855647
-1.2251732244142899,0.29136439289326665,1.2818296252904906
-1.2220315532189203,0.2920966326501982,1.2791002227618673
-1.2188898820235505,0.2928229232714119,1.2764002887910515
-1.2157482108281807,0.2935433284647415,1.2737296178836024
-1.2126065396328112,0.2942579110204266,1.2710880086009357
-1.2094648684374416,0.29496673282740143,1.2684752635034464
-1.2063231972420718,0.2956698548892377,1.2658911890950806
-1.203181526046702,0.29636733733974935,1.2633355957693122
-1.2000398548513325,0.29705923945826934,1.260808297756503
-1.196898183655963,0.2977456196846038,1.2583091130726107
-1.1937565124605931,0.2984265356336744,1.2558378634692213
-1.1906148412652233,0.29910204410985364,1.253394374384875
-1.1874731700698538,0.2997722011210021,1.2509784748976616
-1.1843314988744842,0.3004370618922172,1.2485899976790544
-1.1811898276791144,0.30109668087929276,1.2462287789489666
-1.1780481564837446,0.3017511117819064,1.2438946584319952
-1.174906485288375,0.3024004075565338,1.2415874793148378
-1.1717648140930055,0.30304462042909913,1.2393070882048525
-1.1686231428976357,0.3036838019073675,1.237053335089746
-1.165481471702266,0.3043180027930863,1.234826073298364
-1.1623398005068963,0.30494727319388,1.2326251594625597
-1.1591981293115268,0.30557166253490625,1.230450453480131
-1.156056458116157,0.30619121957027456,1.2283018184787973
-1.1529147869207872,0.3068059923942396,1.2261791207812023
-1.1497731157254176,0.30741602845216853,1.224082229870923
-1.146631444530048,0.3080213745512916,1.2220110183594668
-1.1434897733346783,0.30862207687123666,1.2199653619542414
-1.1403481021393085,0.30921818097435877,1.2179451394274836
-1.1372064309439391,0.30980973181586313,1.215950232586121
-1.1340647597485694,0.31039677375373115,1.2139805262425682
-1.1309230885531996,0.3109793505584501,1.212035908186425
-1.1277814173578298,0.3115575054225548,1.2101162691570764
-1.12463974616246,0.3121312809699816,1.2082215028171748
-1.1214980749670906,0.31270071926524245,1.206351505726987
-1.1183564037717209,0.31326586182242067,1.2045061773196037
-1.115214732576351,0.31382674961399304,1.2026854198769943
-1.1120730613809817,0.3143834230794829,1.2008891385068892
-1.108931390185612,0.31493592213394794,1.199117241120489
-1.1057897189902421,0.3154842861763039,1.1973696384109844
-1.1026480477948724,0.31602855409749264,1.1956462438328783
-1.0995063765995026,0.31656876428849207,1.1939469735820925
-1.0963647054041332,0.3171049546481769,1.1922717465768669
-1.0932230342087634,0.3176371625910307,1.1906204844394206
-1.0900813630133936,0.31816542505471196,1.1889931114783867
-1.0869396918180243,0.3186897785074784,1.1873895546719966
-1.0837980206226545,0.31921025895547434,1.1858097436520134
-1.0806563494272847,0.3197269019498795,1.1842536106884114
-1.077514678231915,0.32023974259392785,1.1827210906747803
-1.0743730070365451,0.320748815549794,1.1812121211144668
-1.0712313358411758,0.32125415504535415,1.1797266421074277
-1.068089664645806,0.3217557948808219,1.178264596337805
-1.0649479934504362,0.3222537684352623,1.1768259290622076
-1.0618063222550669,0.3227481086729869,1.1754105880986974
-1.058664651059697,0.32323884814983206,1.1740185238164749
-1.0555229798643273,0.32372601901932285,1.1726496891262628
-1.0523813086689575,0.32420965303872534,1.1713040394713758
-1.0492396374735877,0.32468978157499007,1.1699815328194834
-1.0460979662782184,0.32516643561058717,1.1686821296550522
-1.0429562950828486,0.3256396457492378,1.1674057929724708
-1.0398146238874788,0.326109442221542,1.1661524882698553
-1.0366729526921095,0.3265758548905056,1.164922183543528
-1.0335312814967397,0.32703891325697143,1.1637148492831697
-1.0303896103013699,0.3274986464649496,1.1625304584676481
-1.027247939106,0.3279550833068571,1.1613689865615144
-1.0241062679106303,0.3284082522286632,1.160230411512169
-1.020964596715261,0.3288581813349445,1.1591147137477
-1.0178229255198912,0.32930489839385124,1.158021876175389
-1.0146812543245214,0.32974843084198635,1.1569518841808852
-1.011539583129152,0.3301888057892002,1.1559047256280512
-1.0083979119337823,0.33062605002330037,1.1548803908594771
-1.0052562407384125,0.33106019001468123,1.153878872697667
-1.0021145695430427,0.331491251920872,1.152900166446899
-0.9989728983476729,0.3319192615910079,1.151944269895757
-0.9958312271523035,0.33234424457022194,1.1510111833203425
-0.9926895559569338,0.33276622610396395,1.150100909488161
-0.989547884761564,0.3331852311422433,1.149213453662695
-0.9864062135661946,0.3336012843438015,1.1483488236086596
-0.9832645423708248,0.3340144100802114,1.1475070295979435
-0.980122871175455,0.33442463243990805,1.1466880844162477
-0.9769811999800853,0.33483197523215213,1.1458920033704159
-0.9738395287847155,0.33523646199092383,1.1451188042964697
-0.9706978575893461,0.33563811597875415,1.1443685075683447
-0.9675561863939763,0.3360369601904899,1.1436411361073429
-0.9644145151986065,0.33643301735699604,1.1429367153922985
-0.9612728440032372,0.33682630994879614,1.1422552734704676
-0.9581311728078674,0.3372168601796532,1.1415968409691473
-0.9549895016124976,0.33760469001008914,1.1409614511080308
-0.9518478304171278,0.33798982115084714,1.140349139712305
-0.948706159221758,0.33837227506629736,1.139759945226502
-0.9455644880263887,0.33875207297778404,1.1391939087291059
-0.9424228168310189,0.33912923586692084,1.1386510739479287
-0.9392811456356491,0.33950378447882945,1.1381314872762647
-0.9361394744402798,0.3398757393253264,1.1376351977898274
-0.93299780324491,0.34024512068805846,1.1371622572644837
-0.9298561320495402,0.34061194862158517,1.1367127201947944
-0.9267144608541704,0.3409762429564132,1.1362866438133712
-0.9235727896588006,0.3413380233019808,1.135884088111059
-0.9204311184634313,0.3416973090495937,1.1355051158579612
-0.9172894472680615,0.34205411937531466,1.1351497926253156
-0.9141477760726917,0.3424084732428056,1.134818186808231
-0.9110061048773224,0.3427603894061252,1.134510369649309
-0.9078644336819526,0.34310988641248047,1.1342264152631465
-0.9047227624865828,0.34345698260493573,1.133966400661753
-0.901581091291213,0.3438016961250781,1.133730405780884
-0.8984394200958432,0.34414404491564016,1.1335185135073083
-0.8952977489004739,0.34448404672308175,1.1333308097070316
-0.8921560777051041,0.344821719100131,1.1331673832544822
-0.8890144065097343,0.345157079408285,1.1330283260626879
-0.885872735314365,0.3454901448202709,1.1329137331144512
-0.8827310641189952,0.34582093232246974,1.132823702494549
-0.8795893929236254,0.34614945871730113,1.1327583354229709
-0.8764477217282556,0.3464757406255705,1.13271773628922
-0.8733060505328858,0.3467997944887818,1.1327020126876912
-0.8701643793375164,0.3471216365714118,1.1327112754541555
-0.8670227081421467,0.34744128296315113,1.1327456387033648
-0.8638810369467769,0.34775874958110997,1.1328052198678051
-0.8607393657514075,0.34807405217198895,1.1328901397376214
-0.8575976945560377,0.3483872063142184,1.133000522501732
-0.854456023360668,0.34869822742006334,1.1331364957901688
-0.8513143521652982,0.34900713073769707,1.1332981907176574
-0.8481726809699284,0.3493139313532425,1.1334857419284734
-0.845031009774559,0.3496186441927835,1.1336992876425984
-0.8418893385791892,0.349921284024344,1.1339389697032025
-0.8387476673838195,0.3502218654598386,1.1342049336254878
-0.8356059961884501,0.35052040295699255,1.13449732864692
-0.8324643249930803,0.3508169108212345,1.1348163077788824
-0.8293226537977105,0.3511114032075586,1.1351620278597803
-0.8261809826023407,0.3514038941223592,1.135534649609637
-0.823039311406971,0.35169439742524006,1.1359343376862103
-0.8198976402116016,0.35198292683079313,1.1363612607426654
-0.8167559690162318,0.35226949591035406,1.1368155914868499
-0.813614297820862,0.35255411809372944,1.1372975067421964
-0.8104726266254927,0.3528368066708989,1.137807187510305
-0.8073309554301229,0.3531175747936925,1.138344819035238
-0.8041892842347531,0.35339643547744265,1.1389105908695762
-0.8010476130393833,0.3536734016026128,1.1395046969422733
-0.7979059418440135,0.35394848591639977,1.1401273356283628
-0.7947642706486442,0.3542217010343159,1.1407787098205546
-0.7916225994532744,0.35449305944174475,1.1414590270027813
-0.7884809282579046,0.3547625734954765,1.1421684993257322
-0.7853392570625353,0.3550302554252193,1.1429073436844346
-0.7821975858671655,0.3552961173350897,1.1436757817979368
-0.7790559146717957,0.35556017120508054,1.1444740402911409
-0.7759142434764259,0.3558224288925084,1.1453023507788527
-0.7727725722810561,0.35608290213343935,1.1461609499520977
-0.7696309010856868,0.35634160254409475,1.1470500796667717
-0.766489229890317,0.35659854162223603,1.1479699870346896
-0.7633475586949472,0.3568537307485307,1.1489209245170884
-0.7602058874995778,0.3571071811878974,1.1499031500206662
-0.7570642163042081,0.3573589040908325,1.1509169269962163
-0.7539225451088383,0.35760891049471777,1.151962524539932
-0.7507808739134685,0.35785721132510906,1.15304021749746
-0.7476392027180987,0.35810381739700614,1.1541502865707747
-0.7444975315227293,0.3583487394161069,1.155293018427959
-0.7413558603273596,0.35859198798003983,1.1564687058159695
-0.7382141891319898,0.35883357357958223,1.1576776476764747
-0.7350725179366204,0.3590735065998607,1.1589201492648553
-0.7319308467412506,0.35931179732153273,1.1601965222724586
-0.7287891755458809,0.35954845592195456,1.1615070849521973
-0.7256475043505111,0.35978349247633007,1.1628521622476002
-0.7225058331551413,0.36001691695884586,1.164232085925409
-0.7193641619597719,0.36024873924378775,1.1656471947118296
-0.7162224907644021,0.3604789691066441,1.1670978344325487
-0.7130808195690324,0.3607076162251933,1.1685843581566258
-0.709939148373663,0.3609346901805742,1.1701071263443799
-0.7067974771782932,0.3611602004583446,1.1716665069993952
-0.7036558059829234,0.36138415644952315,1.1732628758247639
-0.7005141347875536,0.36160656745161596,1.174896616383704
-0.6973724635921839,0.36182744266963285,1.1765681202646858
-0.6942307923968145,0.3620467912170847,1.178277787251205
-0.6910891212014447,0.3622646221169705,1.1800260254963475
-0.6879474500060749,0.36248094430275035,1.181813251702303
-0.6848057788107056,0.3626957666193027,1.1836398913049724
-0.6816641076153358,0.36290909782387226,1.1855063786638436
-0.678522436419966,0.3631209465870019,1.1874131572572937
-0.6753807652245962,0.36333132149345293,1.1893606798834975
-0.6722390940292264,0.36354023104311295,1.1913494088671224
-0.6690974228338571,0.3637476836518915,1.193379816271997
-0.6659557516384873,0.36395368765260316,1.1954523841199478
-0.6628140804431175,0.3641582512958381,1.1975676046160075
-0.6596724092477482,0.3643613827508224,1.1997259803802032
-0.6565307380523784,0.36456309010626525,1.2019280246861486
-0.6533890668570086,0.3647633813711957,1.2041742617066555
-0.6502473956616388,0.36496226447578706,1.2064652267666147
-0.647105724466269,0.36515974727217204,1.2088014666033768
-0.6439640532708997,0.36535583753524414,1.2111835396348973
-0.6408223820755299,0.3655505429634519,1.2136120162359068
-0.6376807108801601,0.3657438711795785,1.216087479022377
-0.6345390396847908,0.3659358297315145,1.2186105231445785
-0.631397368489421,0.3661264260930179,1.221181756589014
-0.6282556972940512,0.36631566766446444,1.2238018004895472
-0.6251140260986814,0.36650356177359034,1.2264712894480432
-0.6219723549033116,0.36669011567622034,1.229190871864855
-0.6188306837079423,0.366875336556991,1.231961210279506
-0.6156890125125725,0.3670592315300615,1.234782981721932
-0.6125473413172027,0.36724180763981523,1.2376568780746522
-0.6094056701218333,0.36742307186155443,1.2405836064462732
-0.6062639989264635,0.3676030311021815,1.2435638895567278
-0.6031223277310938,0.3677816922008754,1.246598466134675
-0.599980656535724,0.36795906192975636,1.2496880913275057
-0.5968389853403542,0.3681351469945441,1.252833537124423
-0.5936973141449848,0.3683099540352052,1.2560355927930698
-0.590555642949615,0.36848348962659294,1.2592950653302113
-0.5874139717542453,0.368655760279079,1.2626127799269988
-0.5842723005588759,0.3688267724391773,1.265989580449359
-0.5811306293635061,0.36899653249015724,1.2694263299340809
-0.5779889581681363,0.3691650467526528,1.2729239111011936
-0.5748472869727665,0.36933232148525946,1.2764832268832604
-0.5717056157773968,0.3694983628851274,1.2801052009722371
-0.5685639445820274,0.369663177088543,1.283790778384569
-0.5654222733866576,0.36982677017150667,1.287540926045241
-0.5622806021912878,0.36998914815029943,1.2913566333915116
-0.5591389309959185,0.3701503169820452,1.2952389129971122
-0.5559972598005487,0.370310282565264,1.2991888012177166
-0.5528555886051789,0.3704690507404186,1.3032073588585207
-0.5497139174098091,0.3706266272904534,1.3072956718648234
-0.5465722462144393,0.3707830179413275,1.3114548520365266
-0.54343057501907,0.37093822836254,1.3156860377675244
-0.5402889038237002,0.37109226416764907,1.319990394810992
-0.5371472326283304,0.37124513091478306,1.3243691170716292
-0.5340055614329611,0.37139683410714663,1.3288234274259754
-0.5308638902375913,0.37154737919351966,1.3333545785719532
-0.5277222190422215,0.37169677156874914,1.3379638539088552
-0.5245805478468517,0.3718450165742359,1.3426525684490487
-0.5214388766514819,0.3719921194984132,1.3474220697627448
-0.5182972054561126,0.3721380855772224,1.352273738957217
-0.5151555342607428,0.37228291999457863,1.3572089916919552
-0.512013863065373,0.37242662788283226,1.3622292792312793
-0.5088721918700037,0.37256921432322626,1.3673360895360527
-0.5057305206746339,0.37271068434634436,1.3725309483961723
-0.5025888494792641,0.37285104293255483,1.3778154206056314
-0.4994471782838943,0.3729902950124494,1.3831911111820259
-0.4963055070885245,0.3731284454672763,1.3886596666324684
-0.49316383589315516,0.3732654991293651,1.3942227762679846
-0.49002216469778537,0.3734014607825508,1.3998821735685647
-0.4868804935024156,0.3735363351625889,1.4056396376011457
-0.48373882230704623,0.3736701269575649,1.4114969944929519
-0.48059715111167645,0.3738028408083019,1.4174561189627035
-0.47745547991630666,0.3739344813087592,1.4235189359123746
-0.47431380872093687,0.3740650530064287,1.4296874220822884
-0.4711721375255671,0.37419456040272386,1.4359636077725317
-0.46803046633019774,0.37432300795336554,1.4423495786337677
-0.46488879513482795,0.37445040006876107,1.4488474775307703
-0.46174712393945816,0.37457674111438116,1.4554595064821019
-0.4586054527440888,0.37470203541112795,1.4621879286796131
-0.455463781548719,0.37482628723570316,1.4690350705916129
-0.45232211035334924,0.3749495008209668,1.476003324153758
-0.44918043915797945,0.3750716803562947,1.483095149051979
-0.44603876796260966,0.37519282998792924,1.490313075101969
-0.4428970967672403,0.37531295381932844,1.497659704730022
-0.43975542557187053,0.3754320559115063,1.505137715560306
-0.43661375437650074,0.37555014028337186,1.5127498631139082
-0.4334720831811314,0.3756672109120632,1.5204989836253424
-0.4303304119857616,0.3757832717332781,1.5283879969825134
-0.4271887407903918,0.3758983266415964,1.5364199097964788
-0.42404706959502203,0.3760123794908054,1.5445978186077685
-0.42090539839965224,0.3761254340942127,1.5529249132363638
-0.4177637272042829,0.3762374942249604,1.561404480282922
-0.4146220560089131,0.37634856361633556,1.5700399067892585
-0.4114803848135433,0.3764586459620732,1.5788346840665843
-0.408338713618174,0.3765677449166567,1.5877924117005604
-0.4051970424228042,0.3766758640956166,1.5969168017427455
-0.4020553712274344,0.3767830070758221,1.6062116830986222
-0.3989137000320646,0.37688917739577066,1.6156810061230698
-0.3957720288366948,0.3769943785558731,1.6253288474347816
-0.3926303576413255,0.3770986140187362,1.6351594149618964
-0.3894886864459557,0.3772018872094397,1.6451770532319108
-0.3863470152505859,0.37730420151581207,1.6553862489197484
-0.38320534405521656,0.3774055602886996,1.6657916366688383
-0.38006367285984677,0.37750596684223336,1.6763980052009675
-0.376922001664477,0.3776054244540956,1.6872103037317654
-0.3737803304691072,0.377703936365776,1.698233648709808
-0.3706386592737374,0.37780150578283234,1.709473330898536
-0.36749698807836806,0.3778981358751402,1.7209348228215
-0.36435531688299827,0.3779938297771462,1.7326237865928695
-0.3612136456876285,0.3780885905881119,1.7445460821566434
-0.35807197449225914,0.3781824213723587,1.756707775959685
-0.35493030329688935,0.3782753251595074,1.7691151500854505
-0.35178863210151956,0.3783673049447146,1.7817747118771923
-0.34864696090614977,0.3784583636889083,1.794693204081553
-0.34550528971078,0.37854850431901405,1.8078776155456233
-0.34236361851541064,0.3786377297281882,1.8213351925030568
-0.33922194732004085,0.3787260427760376,1.8350734504874033
-0.33608027612467106,0.378813446288843,1.849100186913709
-0.3329386049293017,0.37889994305977565,1.8634234943725214
-0.32979693373393193,0.37898553584911515,1.8780517746838328
-0.32665526253856214,0.37907022738445806,1.8929937537620554
-0.32351359134319235,0.3791540203609318,1.9082584973472405
-0.32037192014782256,0.3792369174413965,1.923855427661941
-0.3172302489524532,0.37931892125665106,1.9397943410579221
-0.31408857775708343,0.3794000344056345,1.9560854267220131
-0.31094690656171364,0.3794802594556228,1.9727392865159967
-0.3078052353663443,0.3795595989424229,1.9897669560315812
-0.3046635641709745,0.37963805537056755,2.0071799269481563
-0.3015218929756047,0.37971563121350316,2.024990170788327
-0.29838022178023493,0.3797923289137776,2.0432101641742886
-0.29523855058486514,0.3798681508832252,2.0618529156968006
-0.2920968793894958,0.379943099503146,2.0809319945181866
-0.288955208194126,0.38001717712448757,2.1004615608413415
-0.2858135369987562,0.3800903860680201,2.1204563983882845
-0.2826718658033869,0.3801627286245102,2.1409319490446417
-0.2795301946080171,0.3802342070548932,2.1619043498404613
-0.2763885234126473,0.3803048235904404,2.183390472453197
-0.2732468522172775,0.3803745804329262,2.205407965435931
-0.2701051810219077,0.38044347975479403,2.227975299392663
-0.2669635098265384,0.3805115236993125,2.2511118153434704
-0.2638218386311686,0.38057871438074126,2.2748377765454277
-0.2606801674357988,0.3806450538844824,2.299174424060796
-0.25753849624042946,0.38071054426723433,2.3241440363925245
-0.25439682504505967,0.38077518755714856,2.3497699935386342
-0.2512551538496899,0.3808389857539752,2.376076845852232
-0.2481134826543201,0.38090194082921097,2.4030903881331613
-0.2449718114589503,0.38096405472624506,2.4308377394209066
-0.24183014026358096,0.38102532936049915,2.459347429007211
-0.23868846906821117,0.3810857666195714,2.4886494892415074
-0.23554679787284138,0.38114536836337737,2.5187755557632943
-0.23240512667747204,0.3812041364242826,2.5497589758643175
-0.22926345548210225,0.38126207260724637,2.581634925760382
-0.22612178428673246,0.3813191786899648,2.6144405376392212
-0.22298011309136267,0.38137545642302506,2.64821503744874
-0.2198384418959929,0.3814309075301005,2.682999894499937
-0.21669677070062354,0.3814855337081843,2.7188389840835896
-0.21355509950525375,0.3815393366279811,2.7557787644408314
-0.21041342830988397,0.3815923179345427,2.793868469587814
-0.20727175711451462,0.3816444792484859,2.8331603196766384
-0.20413008591914483,0.38169582216824405,2.8737097507817726
-0.20098841472377504,0.3817463482745145,2.915575666237411
-0.19784674352840526,0.3817960591388331,2.9588207119213483
-0.19470507233303547,0.38184495634015975,3.0035115781900457
-0.19156340113766612,0.38189304149666137,3.0497193315244604
-0.18842172994229633,0.38194031632593495,3.0975197793544087
-0.18528005874692655,0.381986782758049,3.1469938719994146
-0.1821383875515572,0.3820324431451786,3.198228146207685
-0.1789967163561874,0.3820773006460481,3.251315215403903
-0.17585504516081762,0.3821213599227552,3.3063543124869192
-0.17271337396544784,0.3821646283892322,3.363451891868624
-0.16957170277007805,0.38220711842185917,3.4227222984367307
-0.1664300315747087,0.3822488512281208,3.48428851228452
-0.16328836037933891,0.38228986353754485,3.548282979411582
-0.16014668918396913,0.3823302190381717,3.614848540200805
-0.15700501798859978,0.38237002769430556,3.6841394693666496
-0.15386334679323,0.3824094779928895,3.75632264330644
-0.1507216755978602,0.3824488901360695,3.831578853442461
-0.14758000440249042,0.38248880274976954,3.9101042873080036
-0.14443833320712063,0.38253011255498964,3.9921122029136
-0.14129666201175128,0.38257429668896653,4.077834826469114
-0.1381549908163815,0.3826237623925698,4.167525509000775
-0.1350133196210117,0.3826823905138863,4.261461183998832
-0.13187164842564236,0.3827563702449143,4.359945176217144
-0.12872997723027257,0.3828554659722332,4.463310421424058
-0.12558830603490279,0.38299491721163403,4.571923168623349
-0.122446634839533,0.3831982544171823,4.686187250385086
-0.11930496364416321,0.38350142318111413,4.806549023737555
-0.11616329244879386,0.38395875427700676,4.933503103602563
-0.11302162125342408,0.38465150560113515,5.067599032379256
-0.10987995005805429,0.38569994394080176,5.209449050935209
-0.10673827886268494,0.3872802404046085,5.3597371530082665
-0.10359660766731515,0.38964783525765345,5.519229606435415
-0.10045493647194537,0.3931693991707097,5.6887870903239195
-0.09731326527657558,0.39836609354623415,5.869378489449805
-0.09417159408120579,0.4059715294888253,6.062096138545734
-0.09102992288583645,0.41700866099068373,6.268171804341784
-0.08788825169046666,0.43289083748334495,6.488991740703468
-0.08474658049509687,0.45555338143890384,6.726107443773713
-0.08160490929972752,0.4876232925050702,6.981235789115329
-0.07846323810435774,0.5326358179077935,7.256237327723007
-0.07532156690898795,0.5953071585047892,7.553053609675451
-0.07217989571361816,0.6818713080926824,7.873572089964103
-0.06903822451824837,0.8004833961562267,8.219368796382899
-0.06589655332287903,0.9616768432958389,8.591253158259093
-0.06275488212750924,1.1788278182987393,8.988506868906402
-0.05961321093213945,1.4685124947545551,9.407676288210771
-0.056471539736770104,1.850519194053617,9.840767874582435
-0.053329868541400316,2.347080538320601,10.272761800698245
-0.05018819734603053,2.9806376325839063,10.67860319909017
-0.04704652615066074,3.769268844426049,11.020399509932608
-0.04390485495529095,4.719167981193629,11.246525645012339
-0.040763183759921606,5.814845336465562,11.29540099715043
-0.03762151256455182,7.010431747312636,11.106673931134214
-0.03447984136918203,8.228460436640177,10.63957337319892
-0.031338170173812685,9.37217901614262,9.891959226941125
-0.028196498978442897,10.35044331800758,8.90863273319602
-0.025054827783073108,11.10398000068713,7.7710355714280475
-0.02191315658770332,11.618718266144146,6.572593265415933
-0.01877148539233353,11.920816845145218,5.393444465714567
-0.015629814196964187,12.060032826048799,4.2860310585585735
-0.012488143001594398,12.092157245021516,3.273461685154184
-0.00934647180622461,12.06709977907469,2.3556485573141392
-0.006204800610855266,12.023493098038637,1.51740627575099
-0.003063129415485477,11.987683695285419,0.7351471655372885
7.854177988431132e-05,11.974632141892329,-0.018733690028569845
0.0032202129752540998,11.989014882546828,-0.7733475391864048
0.006361884170623888,12.025659007927679,-1.5577709681990424
0.009503555365993233,12.069063881953024,-2.3994798959070027
0.012645226561363021,12.092282681985147,-3.3217647880603995
0.01578689775673281,12.056069365787206,-4.339233741921275
0.018928568952102154,11.910044202601162,-5.4510092650893025
0.022070240147471942,11.59837651234389,-6.632623535660518
0.02521191134284173,11.07204242410542,-7.8301189135300255
0.02835358253821152,10.306551180093564,-8.962235496647546
0.03149525373358131,9.31825673019226,-9.935491798258242
0.03463692492895065,8.16849431703319,-10.669763372780443
0.03777859612432044,6.949364359325875,-11.122512053973834
0.04092026731969023,5.757171768572507,-11.298143322559998
0.04406193851505957,4.66796992784705,-11.238896707591614
0.04720360971042936,3.7259879709253623,-11.005575814205326
0.05034528090579915,2.945393846174633,-10.659460373860815
0.05348695210116894,2.3191775882049233,-10.251526845733737
0.05662862329653873,1.8288891434260612,-9.818979076878373
0.05977029449190807,1.4520121923115903,-9.386296929255733
0.06291196568727786,1.1663988203597135,-8.968080128200354
0.06605363688264765,0.952411911861521,-8.572041805718042
0.06919530807801699,0.7936398220757627,-8.201461491135412
0.07233697927338678,0.6768585986798572,-7.8569567638088555
0.07547865046875657,0.5916650198428954,-7.537664852791649
0.07862032166412636,0.5300105340578403,-7.241985373225444
0.08176199285949615,0.48574607909634937,-6.968023326990188
0.08490366405486549,0.4542219443443041,-6.71383877308409
0.08804533525023528,0.4319542682540236,-6.477577298927347
0.09118700644560507,0.4163553514477165,-6.257530025362918
0.09432867764097441,0.4055196498927883,-6.052153845192236
0.0974703488363442,0.3980561764329784,-5.860070539501382
0.10061202003171399,0.3929586196052402,-5.680055688452595
0.10375369122708378,0.38950564021210327,-5.511023507932565
0.10689536242245357,0.3871850400774453,-5.352010875214646
0.11003703361782291,0.3856366310488772,-5.2021621458660094
0.1131787048131927,0.3846096140381804,-5.060715440149063
0.11632037600856249,0.3839311065339031,-4.926990588951805
0.11946204720393183,0.38348314743907447,-4.800378689943263
0.12260371839930162,0.3831860781345852,-4.680333121786521
0.1257453895946714,0.38298666512586305,-4.566361832440064
0.1288870607900412,0.38284970743358515,-4.4580207201346935
0.13202873198541099,0.3827521743196539,-4.354907942791037
0.13517040318078033,0.38267915790465534,-4.256659013380091
0.13831207437615012,0.38262111143306426,-4.162942560279979
0.1414537455715199,0.38257198692700345,-4.073456651084561
0.14459541676688925,0.38252799413614896,-3.987925594992128
0.14773708796225904,0.3824867832875286,-3.9060971528955055
0.15087875915762883,0.38244691328438,-3.8277400959036285
0.15402043035299862,0.3824075097520453,-3.752642062609984
0.1571621015483684,0.38236804776275424,-3.6806076733327497
0.16030377274373775,0.38232821541579304,-3.6114568660856716
0.16344544393910754,0.3822878291977785,-3.5450234244514687
0.16658711513447733,0.38224678209010865,-3.48115367202728
0.16972878632984667,0.382205012129405,-3.4197053118610223
0.17287045752521646,0.38216248358416516,-3.360546392434884
0.17601212872058625,0.38211917581768606,-3.3035543843854125
0.17915379991595604,0.38207507677605596,-3.2486153543672946
0.18229547111132582,0.38203017922522314,-3.195623224342096
0.18543714230669517,0.38198447860200163,-3.1444791061612993
0.18857881350206496,0.3819379718012027,-3.095090702663073
0.19172048469743475,0.3818906564989985,-3.0473717676533947
0.1948621558928041,0.38184253077988345,-3.0012416181259045
0.19800382708817388,0.38179359293332527,-2.9566246929186013
0.20114549828354367,0.38174384134425415,-2.9134501527304133
0.20428716947891346,0.381693274434658,-2.8716515170451054
0.20742884067428324,0.38164189063285553,-2.83116633404971
0.2105705118696526,0.3815896883574181,-2.7919358801015477
0.21371218306502238,0.3815366660088767,-2.7539048857031565
0.21685385426039216,0.38148282196544686,-2.7170212852969935
0.2199955254557615,0.3814281545808076,-2.6812359884986705
0.2231371966511313,0.38137266218295823,-2.6465026706558734
0.22627886784650109,0.3813163430735755,-2.6127775808547544
0.22942053904187087,0.38125919552764637,-2.580019365701255
0.23256221023724066,0.3812012177932318,-2.548188907385701
0.23570388143261,0.38114240809127664,-2.5172491746979837
0.2388455526279798,0.38108276461545443,-2.487165085800895
0.24198722382334958,0.3810222855320256,-2.4579033816930824
0.24512889501871893,0.3809609689796931,-2.4294325094025497
0.24827056621408872,0.3808988130694714,-2.4017225140488034
0.2514122374094585,0.3808358158845461,-2.3747449389979143
0.2545539086048283,0.38077197548012215,-2.348472733411253
0.2576955798001981,0.3807072898832953,-2.3228801665569865
0.2608372509955674,0.380641757092899,-2.297942748314125
0.2639789221909372,0.38057537507935874,-2.2736371553532213
0.267120593386307,0.38050814178454295,-2.249941162526414
0.27026226458167635,0.3804400551216104,-2.2268335790428653
0.27340393577704614,0.3803711129748571,-2.2042941890447
0.2765456069724159,0.3803013131995564,-2.1823036962335305
0.2796872781677857,0.38023065362180386,-2.1608436722290185
0.2828289493631555,0.38015913203835466,-2.139896508369333
0.28597062055852485,0.3800867462164562,-2.1194453706887924
0.28911229175389463,0.3800134938936878,-2.099474157831007
0.2922539629492644,0.3799393727777856,-2.079967461676677
0.29539563414463377,0.37986438054647476,-2.0609105304838753
0.29853730534000356,0.3797885148472954,-2.042289234355788
0.30167897653537334,0.37971177329742345,-2.024090032866234
0.30482064773074313,0.3796341534834943,-2.0062999446872714
0.3079623189261129,0.37955565296141835,-1.9889065190759452
0.31110399012148227,0.3794762692562014,-1.9718978090887356
0.31424566131685205,0.37939599986174954,-1.9552623464028083
0.31738733251222184,0.3793148422406878,-1.938989117632745
0.3205290037075912,0.3792327938241612,-1.9230675420401242
0.323670674902961,0.37914985201164325,-1.9074874505413206
0.32681234609833076,0.3790660141707362,-1.8922390659261976
0.32995401729370055,0.37898127763697176,-1.8773129842069352
0.33309568848907034,0.37889563971360446,-1.8627001570224186
0.3362373596844397,0.3788090976714066,-1.8483918750291395
0.3393790308798095,0.3787216487484615,-1.8343797522146645
0.34252070207517926,0.3786332901499459,-1.8206557110744788
0.3456623732705486,0.37854401904791896,-1.807211968597241
0.3488040444659184,0.3784538325811006,-1.7940410230074764
0.3519457156612882,0.37836272785465286,-1.7811356412184298
0.35508738685665797,0.3782707019399544,-1.7684888469510274
0.35822905805202776,0.37817775187437114,-1.7560939094781143
0.3613707292473971,0.3780838746610291,-1.7439443329558804
0.3645124004427669,0.37798906726857867,-1.73203384630706
0.3676540716381367,0.3778933266309566,-1.7203563936229156
0.370795742833506,0.3777966496471473,-1.7089061250532145
0.3739374140288758,0.3776990331809403,-1.6976773881555
0.3770790852242456,0.37760047406068037,-1.6866647196769096
0.3802207564196154,0.3775009690790201,-1.675862837743463
0.3833624276149852,0.3774005149926657,-1.665266634433495
0.3865040988103545,0.3772991085221185,-1.6548711687133588
0.3896457700057243,0.3771967463514187,-1.6446716597149393
0.3927874412010941,0.377093425127876,-1.6346634803358764
0.39592911239646345,0.37698914146180756,-1.6248421511445355
0.39907078359183323,0.37688389192626265,-1.6152033345729506
0.402212454787203,0.3767776730567519,-1.605742829382005
0.4053541259825728,0.376670481350966,-1.5964565653840572
0.4084957971779426,0.3765623132684956,-1.5873405984091715
0.41163746837331194,0.3764531652305454,-1.5783911055019326
0.41477913956868173,0.37634303361964555,-1.5696043803366169
0.4179208107640515,0.37623191477935514,-1.5609768288392425
0.42106248195942086,0.3761198050139699,-1.5525049650056812
0.42420415315479065,0.3760067005882175,-1.5441854069056653
0.42734582435016044,0.3758925977269547,-1.5360148728631509
0.43048749554553023,0.3757774926148561,-1.5279901778039933
0.4336291667409,0.3756613813961045,-1.5201082297624753
0.43677083793626936,0.37554426017407017,-1.5123660265386827
0.43991250913163915,0.375426125010992,-1.5047606524991823
0.44305418032700894,0.37530697192765117,-1.4972892755139038
0.4461958515223783,0.3751867969030405,-1.4899491440224983
0.4493375227177481,0.3750655958740324,-1.4827375842238428
0.45247919391311786,0.3749433647350383,-1.4756519973827134
0.45562086510848765,0.37482009933766686,-1.468689857247964
0.45876253630385744,0.3746957954903765,-1.4618487075768685
0.4619042074992268,0.3745704489581237,-1.4551261597605738
0.46504587869459657,0.37444405546200527,-1.448519890545882
0.46818754988996636,0.37431661067889943,-1.4420276398488447
0.4713292210853357,0.37418811024109727,-1.4356472086558734
0.4744708922807055,0.3740585497359351,-1.429376457008321
0.4776125634760753,0.3739279247054163,-1.4232133020666904
0.48075423467144507,0.3737962306458323,-1.4171557162508295
0.48389590586681486,0.37366346300737796,-1.4112017254526485
0.4870375770621842,0.3735296171937597,-1.4053494073181096
0.490179248257554,0.37339468856180114,-1.399596889595354
0.4933209194529238,0.37325867242104227,-1.3939423485460496
0.4964625906482931,0.3731215640333342,-1.3883840074171259
0.4996042618436629,0.37298335861242643,-1.3829201349702698
0.5027459330390327,0.37284405132355386,-1.3775490440666402
0.5058876042344025,0.37270363728301176,-1.3722690903044064
0.5090292754297723,0.37256211155772934,-1.3670786707068225
0.5121709466251416,0.3724194691648379,-1.3619762224586889
0.5153126178205114,0.3722757050712317,-1.3569602216891044
0.5184542890158812,0.3721308141931229,-1.3520291822985844
0.5215959602112505,0.37198479139559404,-1.3471816548286468
0.5247376314066203,0.3718376314921393,-1.3424162253720937
0.5278793026019901,0.37168932924420417,-1.3377315145223099
0.5310209737973599,0.3715398793607177,-1.3331261763599422
0.5341626449927297,0.3713892764976193,-1.3285988974754328
0.537304316188099,0.37123751525737614,-1.3241483960259433
0.5404459873834688,0.37108459018849893,-1.319773420825261
0.5435876585788386,0.3709304957850491,-1.315472750465367
0.546729329774208,0.37077522648613837,-1.3112451924683832
0.5498710009695778,0.370618776675424,-1.3070895824676847
0.5530126721649475,0.37046114068059643,-1.3030047834170344
0.5561543433603173,0.3703023127728595,-1.2989896848266096
0.5592960145556871,0.37014228716640574,-1.2950432020248823
0.5624376857510565,0.3699810580178824,-1.2911642754453405
0.5655793569464262,0.36981861942585204,-1.2873518699370743
0.568721028141796,0.3696549654302468,-1.283604974098326
0.5718626993371654,0.36949009001181204,-1.2799225996321024
0.5750043705325352,0.36932398709154785,-1.276303780723017
0.578146041727905,0.3691566505301376,-1.2727475734345606
0.5812877129232747,0.3689880741273727,-1.2692530551260128
0.5844293841186445,0.3688182516215698,-1.2658193238882762
0.5875710553140139,0.36864717668897806,-1.262445497997912
0.5907127265093837,0.3684748429431799,-1.2591307153887046
0.5938543977047535,0.36830124393448355,-1.2558741331401158
0.5969960689001228,0.3681263731493074,-1.2526749269819946
0.6001377400954926,0.3679502240095582,-1.2495322908149589
0.6032794112908624,0.3677727898719966,-1.2464454362458717
0.6064210824862322,0.36759406402759887,-1.2434135921378768
0.609562753681602,0.367414039700907,-1.2404360041744564
0.6127044248769713,0.36723271004937197,-1.2375119344370198
0.6158460960723411,0.36705006816268704,-1.2346406609955356
0.6189877672677109,0.36686610706211276,-1.231821477511752
0.6221294384630802,0.3666808196997935,-1.2290536928545532
0.62527110965845,0.36649419895806257,-1.2263366307270336
0.6284127808538198,0.36630623764874143,-1.223669629304881
0.6315544520491896,0.3661169285124264,-1.2210520408856713
0.6346961232445594,0.3659262642177674,-1.2184832315487062
0.6378377944399287,0.36573423736073685,-1.2159625808250245
0.6409794656352985,0.365540840463888,-1.2134894813772457
0.6441211368306683,0.36534606597560404,-1.211063338688912
0.6472628080260376,0.3651499062693365,-1.208683570763
0.6504044792214074,0.36495235364283385,-1.2063496078293037
0.6535461504167772,0.36475340031735903,-1.2040608920603897
0.656687821612147,0.3645530384368967,-1.2018168772958324
0.6598294928075168,0.36435126006735036,-1.199617028774467
0.6629711640028861,0.3641480571957263,-1.1974608228743848
0.6661128351982559,0.36394342172930955,-1.195347746860427
0.6692545063936257,0.3637373454948261,-1.193277298638923
0.6723961775889951,0.36352982023759484,-1.1912489865194515
0.6755378487843648,0.3633208376206676,-1.1892623289833804
0.6786795199797346,0.3631103892239571,-1.1873168544589845
0.6818211911751044,0.3628984665433529,-1.1854121011029217
0.6849628623704742,0.36268506098982645,-1.1835476165878662
0.6881045335658436,0.3624701638885219,-1.1817229578961108
0.6912462047612133,0.3622537664778353,-1.179937691118939
0.6943878759565831,0.3620358599084811,-1.1781913912616004
0.6975295471519525,0.3618164352425457,-1.176483642053703
0.7006712183473223,0.3615954834525274,-1.1748140357648609
0.703812889542692,0.36137299542036394,-1.173182173025435
0.7069545607380618,0.3611489619364451,-1.171587662652212
0.7100962319334316,0.3609233736986124,-1.170030121478862
0.713237903128801,0.36069622131114515,-1.1685091741910478
0.7163795743241708,0.3604674952837319,-1.167024453166022
0.7195212455195406,0.36023718603042626,-1.1655755983166054
0.7226629167149099,0.36000528386859043,-1.1641622569393841
0.7258045879102797,0.3597717790178219,-1.1627840835670318
0.7289462591056495,0.3595366615988659,-1.1614407398246078
0.7320879303010193,0.3592999216325123,-1.1601318942897378
0.735229601496389,0.3590615490384761,-1.1588572223565425
0.7383712726917584,0.35882153363426383,-1.1576164061032226
0.7415129438871282,0.35857986513402185,-1.156409134163185
0.744654615082498,0.3583365331473698,-1.1552351015996098
0.7477962862778673,0.35809152717821646,-1.1540940097833645
0.7509379574732371,0.35784483662355815,-1.1529855662741608
0.7540796286686069,0.35759645077226254,-1.1519094847048745
0.7572212998639767,0.35734635880383125,-1.1508654846689306
0.7603629710593465,0.3570945497871472,-1.1498532916106692
0.7635046422547158,0.35684101267920426,-1.1488726367186155
0.7666463134500856,0.35658573632381585,-1.147923256821564
0.7697879846454554,0.35632870945030753,-1.147004894287411
0.7729296558408247,0.35606992067218945,-1.1461172969246494
0.7760713270361945,0.35580935848580947,-1.1452602178864604
0.7792129982315643,0.3555470112689871,-1.1444334155773348
0.7823546694269341,0.3552828672796276,-1.1436366535621423
0.7854963406223039,0.3550169146543143,-1.142869700477605
0.7886380118176732,0.35474914140688274,-1.14213232994609
0.791779683013043,0.3544795354269721,-1.1414243204916756
0.7949213542084128,0.3542080844785552,-1.140745455458426
0.7980630254037822,0.3539347761984489,-1.140095522930815
0.8012046965991519,0.35365959809479947,-1.1394743156562495
0.8043463677945217,0.3533825375455477,-1.1388816309696324
0.8074880389898915,0.35310358179687074,-1.1383172707199192
0.8106297101852613,0.35282271796160064,-1.1377810411986147
0.8137713813806307,0.35253993301761843,-1.1372727530701607
0.8169130525760004,0.3522552138062264,-1.1367922213041715
0.8200547237713702,0.35196854703049313,-1.1363392651094686
0.8231963949667396,0.35167991925357667,-1.1359137078698696
0.8263380661621094,0.35138931689701974,-1.135515377081696
0.8294797373574792,0.3510967262390213,-1.135144104292945
0.8326214085528489,0.3508021334126812,-1.1347997250441038
0.8357630797482187,0.3505055244042177,-1.1344820788105492
0.8389047509435881,0.35020688505115893,-1.1341910089465113
0.8420464221389579,0.349906201040506,-1.1339263626305518
0.8451880933343277,0.3496034579068693,-1.1336879908125328
0.848329764529697,0.3492986410305747,-1.1334757481620352
0.8514714357250668,0.34899173563574143,-1.1332894930181967
0.8546131069204366,0.34868272678833157,-1.133129087340938
0.8577547781158064,0.3483715993941672,-1.1329943966635465
0.8608964493111761,0.34805833819691945,-1.1328852900465847
0.8640381205065459,0.3477429277760642,-1.1328016400331022
0.8671797917019148,0.3474253525448085,-1.1327433226051142
0.8703214628972846,0.3471055967479814,-1.1327102171413252
0.8734631340926544,0.34678364445989646,-1.1327022063760743
0.8766048052880242,0.346459479582176,-1.1327191763594693
0.879746476483394,0.3461330858415454,-1.132761016418692
0.8828881476787638,0.34580444678759015,-1.1328276191204485
0.8860298188741336,0.3454735457904789,-1.1329188802345436
0.8891714900695034,0.3451403660386503,-1.1330346986985536
0.8923131612648731,0.3448048905364631,-1.133174976583581
0.895454832460242,0.34446710210180953,-1.1333396190610678
0.8985965036556118,0.34412698336368935,-1.1335285343706494
0.9017381748509816,0.3437845167597478,-1.1337416337890254
0.9048798460463514,0.34343968453377227,-1.1339788315998385
0.9080215172417212,0.34309246873314875,-1.134240045064532
0.911163188437091,0.3427428512062791,-1.1345251943941779
0.9143048596324608,0.34239081359995555,-1.1348342027222555
0.9174465308278297,0.3420363373566931,-1.1351669960783617
0.9205882020231995,0.3416794037120186,-1.1355235033628461
0.9237298732185693,0.34131999369171695,-1.1359036563223464
0.926871544413939,0.34095808810903133,-1.1363073895262144
0.9300132156093088,0.34059366756181825,-1.1367346403438219
0.9331548868046786,0.34022671242965596,-1.1371853489227277
0.9362965580000484,0.33985720287090687,-1.1376594581676958
0.9394382291954182,0.339485118819729,-1.1381569137205527
0.942579900390788,0.33911043998304125,-1.1386776639408722
0.9457215715861569,0.3387331458374365,-1.1392216598874767
0.9488632427815267,0.33835321562604453,-1.1397888553007425
0.9520049139768965,0.3379706283553426,-1.1403792065856997
0.9551465851722662,0.33758536279191365,-1.1409926727959212
0.958288256367636,0.3371973974591493,-1.141629215618183
0.9614299275630058,0.3368067106338984,-1.1422887993578956
0.9645715987583756,0.33641328034305973,-1.14297139092529
0.9677132699537445,0.3360170843601168,-1.1436769598223584
0.9708549411491143,0.33561810020161387,-1.1444054781305364
0.9739966123444841,0.3352163051235741,-1.1451569204991185
0.9771382835398539,0.3348116761178548,-1.1459312641344068
0.9802799547352237,0.33440418990844273,-1.1467284887895792
0.9834216259305935,0.333993822947685,-1.1475485767552753
0.9865632971259632,0.33358055141245546,-1.148391512850893
0.989704968321333,0.33316435120025667,-1.1492572844165907
0.9928466395167028,0.33274519792525364,-1.15014588130599
0.9959883107120717,0.3323230669142398,-1.1510572958795724
0.9991299819074415,0.3318979332025329,-1.151991522998775
1.0022716531028113,0.33146977152980056,-1.1529485600207632
1.005413324298181,0.33103855633581275,-1.1539284067938995
1.0085549954935509,0.3306042617561197,-1.1549310656538854
1.0116966666889207,0.3301668616176558,-1.1559565414205868
1.0148383378842905,0.3297263294342643,-1.1570048413955327
1.0179800090796594,0.32928263840214655,-1.1580759753600922
1.0211216802750291,0.32883576139522674,-1.1591699555743207
1.024263351470399,0.3283856709604394,-1.1602867967764776
1.0274050226657687,0.32793233931292937,-1.161426516183216
1.0305466938611385,0.3274757383311694,-1.1625891334904412
1.0336883650565083,0.3270158395519884,-1.1637746708748378
1.036830036251878,0.32655261416551273,-1.1649831529960664
1.0399717074472479,0.3260860330100156,-1.1662146069996304
1.0431133786426177,0.32561606656667413,-1.167469062520411
1.0462550498379866,0.325142684954232,-1.1687465516868762
1.0493967210333564,0.3246658579235652,-1.1700471091259599
1.0525383922287261,0.3241855548521498,-1.171370771968616
1.055680063424096,0.32370174473842855,-1.1727175798560494
1.0588217346194657,0.32321439619607495,-1.1740875749466233
1.0619634058148355,0.32272347744815155,-1.1754808019234508
1.0651050770102053,0.32222895632116244,-1.176897308002668
1.0682467482055742,0.3217308002389953,-1.178337142942396
1.071388419400944,0.32122897621675023,-1.1798003590523964
1.0745300905963138,0.3207234508544582,-1.1812870112044151
1.0776717617916836,0.320214190330678,-1.1827971568432358
1.0808134329870533,0.3197011603959772,-1.1843308559984307
1.0839551041824231,0.3191843263662897,-1.1858881712968232
1.087096775377793,0.3186636531161491,-1.1874691679756686
1.0902384465731627,0.31813910507179477,-1.1890739138965514
1.0933801177685325,0.31761064620414814,-1.190702479560014
1.0965217889639014,0.3170782400216556,-1.1923549381209175
1.0996634601592712,0.3165418495629944,-1.1940313654045451
1.102805131354641,0.31600143738964304,-1.1957318399234511
1.1059468025500108,0.3154569655783056,-1.1974564428950714
1.1090884737453806,0.31490839571319373,-1.199205258260093
1.1122301449407503,0.3143556888781588,-1.200978372701602
1.1153718161361201,0.31379880564867296,-1.2027758756650082
1.118513487331489,0.3132377060836547,-1.204597859378767
1.1216551585268588,0.31267234971713553,-1.2064444188759007
1.1247968297222286,0.31210269554976516,-1.2083156520163287
1.1279385009175984,0.3115287020401499,-1.2102116595100247
1.1310801721129682,0.31095032709602205,-1.212132544941006
1.134221843308338,0.31036752806523427,-1.2140784147921693
1.1373635145037078,0.30978026172657813,-1.2160493784709805
1.1405051856990776,0.30918848428041956,-1.2180455483360406
1.1436468568944473,0.3085921513391489,-1.220067039724531
1.1467885280898162,0.3079912179174406,-1.2221139709805549
1.149930199285186,0.3073856384223184,-1.2241864634843964
1.1530718704805558,0.30677536664302063,-1.226284641682695
1.1562135416759256,0.3061603557406628,-1.2284086331195718
1.1593552128712954,0.3055405582376904,-1.2305585684687048
1.1624968840666652,0.30491592600711837,-1.2327345815663806
1.165638555262035,0.3042864102615519,-1.2349368094455364
1.1687802264574039,0.30365196154198426,-1.2371653923708064
1.1719218976527737,0.3030125297063627,-1.2394204738745997
1.1750635688481434,0.3023680639179239,-1.2417022007942131
1.1782052400435132,0.30171851263328475,-1.2440107233100175
1.181346911238883,0.30106382359029044,-1.2463461949847197
1.1844885824342528,0.3004039437956078,-1.2487087728037345
1.1876302536296226,0.29973881951206205,-1.2510986172166778
1.1907719248249924,0.2990683962457097,-1.2535158921800098
1.1939135960203622,0.29839261873263756,-1.2559607652008482
1.197055267215731,0.29771143092548813,-1.2584334073819738
1.2001969384111009,0.2970247759796968,-1.2609339934680595
1.2033386096064707,0.29633259623944147,-1.2634627018931324
1.2064802808018404,0.2956348332232893,-1.2660197148293175
1.2096219519972102,0.29493142760954166,-1.2686052182368686
1.21276362319258,0.2942223192212618,-1.271219401915526
1.2159052943879498,0.29350744701098364,-1.273862459557227
1.2190469655833187,0.29278674904508917,-1.2765345888001958
1.2221886367786885,0.2920601624878484,-1.2792359912844486
1.2253303079740583,0.29132762358511416,-1.2819668727087379
1.228471979169428,0.2905890676476594,-1.2847274428889746
1.2316136503647979,0.2898444290341514,-1.2875179158181609
1.2347553215601677,0.2890936411337529,-1.2903385097278617
1.2378969927555374,0.28833663634833806,-1.2931894471512608
1.2410386639509072,0.2875733460743175,-1.2960709549878273
1.244180335146277,0.28680370068405875,-1.2989832645696382
1.247322006341646,0.2860276295068928,-1.3019266117293922
1.2504636775370157,0.2852450608096962,-1.3049012368701607
1.2536053487323855,0.2844559217770396,-1.3079073850369034
1.2567470199277553,0.28366013849088495,-1.3109453059898084
1.259888691123125,0.28285763590982854,-1.3140152542794938
1.2630303623184949,0.28204833784786865,-1.3171174893241115
1.2661720335138646,0.2812321669526935,-1.3202522754884083
1.2693137047092335,0.28040904468347055,-1.3234198821647882
1.2724553759046033,0.2795788912881253,-1.3266205838564311
1.2755970470999731,0.2787416257801003,-1.3298546602625074
1.278738718295343,0.2778971659145732,-1.3331223963655596
1.2818803894907127,0.27704542816412325,-1.336424082521092
1.2850220606860825,0.276186327693833,-1.3397600145494315
1.2881637318814523,0.27531977833580495,-1.3431304938299182
1.291305403076822,0.274445692563081,-1.3465358273974823
1.2944470742721919,0.2735639814629462,-1.3499763280416759
1.2975887454675608,0.2726745547096029,-1.3534523144082191
1.3007304166629305,0.2717773205361903,-1.3569641111031356
1.3038720878583003,0.2708721857061443,-1.3605120487995277
1.3070137590536701,0.26995905548386306,-1.3640964643470879
1.31015543024904,0.2690378336046736,-1.3677177008844024
1.3132971014444097,0.2681084222440691,-1.371376107954125
1.3164387726397795,0.2671707219862034,-1.3750720416211055
1.3195804438351484,0.26622463179161565,-1.3788058645935517
1.3227221150305182,0.2652700489641688,-1.3825779463473062
1.325863786225888,0.2643068691171757,-1.3863886632533213
1.3290054574212578,0.26333498613869133,-1.3902383987084337
1.3321471286166275,0.26235429215594386,-1.3941275432695204
1.3352887998119973,0.2613646774988857,-1.398056494791135
1.3384304710073671,0.26036603066283304,-1.40202565856672
1.341572142202737,0.2593582382701699,-1.4060354474735062
1.3447138133981067,0.2583411850310888,-1.4100862821211932
1.3478554845934756,0.2573147537033409,-1.414178591004527
1.3509971557888454,0.25627882505096267,-1.4183128106598908
1.3541388269842152,0.25523327780195415,-1.4224893858260126
1.357280498179585,0.2541779886048728,-1.4267087696089251
1.3604221693749547,0.25311283198431156,-1.4309714236512967
1.3635638405703245,0.252037680295231,-1.4352778183062602
1.3667055117656943,0.2509524036761044,-1.4396284328158786
1.3698471829610632,0.24985687000084594,-1.4440237554943807
1.372988854156433,0.2487509448294808,-1.4484642839163195
1.3761305253518028,0.24763449135752347,-1.4529505251097832
1.3792721965471726,0.24650737036401643,-1.4574829957548374
1.3824138677425424,0.24536944015819595,-1.4620622223873374
1.3855555389379122,0.24422055652473984,-1.4666887416082846
1.388697210133282,0.243060572667548,-1.4713631002988983
1.3918388813286517,0.24188933915202032,-1.4760858558415706
1.3949805525240215,0.24070670384577253,-1.480857576346906
1.3981222237193904,0.23951251185775058,-1.4856788408870099
1.4012638949147602,0.23830660547568616,-1.4905502397352532
1.40440556611013,0.2370888241018464,-1.4954723746126832
1.4075472373054998,0.23585900418701639,-1.5004458589413256
1.4106889085008696,0.23461697916266255,-1.5054713181045738
1.4138305796962394,0.23336257937121674,-1.5105493897149005
1.4169722508916092,0.23209563199441996,-1.5156807238891303
1.420113922086978,0.23081596097966306,-1.5208659835315133
1.4232555932823479,0.22952338696425467,-1.5261058446248619
1.4263972644777176,0.2282177271975579,-1.5314009965299964
1.4295389356730874,0.22689879546091252,-1.536752142293794
1.4326806068684572,0.22556640198528005,-1.5421599989661172
1.435822278063827,0.2242203533665288,-1.5476252979259089
1.4389639492591968,0.22286045247828157,-1.5531487852167725
1.4421056204545666,0.2214864983822482,-1.5587312218923435
1.4452472916499364,0.22009828623594818,-1.5643733843717964
1.4483889628453053,0.21869560719774517,-1.5700760648058134
1.451530634040675,0.21727824832909193,-1.5758400714533944
1.4546723052360448,0.21584599249389969,-1.581666229069845
1.4578139764314146,0.2143986182549218,-1.587555379306367
1.4609556476267844,0.2129358997670575,-1.5935083811216246
1.4640973188221542,0.21145760666746094,-1.5995261112057135
1.467238990017524,0.20996350396234953,-1.605609464416962
1.470380661212893,0.20845335191039116,-1.6117593542320194
1.4735223324082627,0.20692690590254914,-1.617976713209707
1.4766640036036325,0.20538391633826436,-1.6242624934690904
1.4798056747990023,0.20382412849783382,-1.6306176671823271
1.482947345994372,0.2022472824108582,-1.63704322708278
1.4860890171897418,0.20065311272061126,-1.6435401869889652
1.4892306883851116,0.1990413485441821,-1.6501095823449101
1.4923723595804814,0.19741171332824092,-1.6567524707775072
1.4955140307758512,0.1957639247002625,-1.6634699326714992
1.4986557019712201,0.1940976943150418,-1.670263071762738
1.50179737316659,0.19241272769632478,-1.677133015750404
1.5049390443619597,0.19070872407338058,-1.6840809169288677
1.5080807155573295,0.1889853762123111,-1.6911079528399613
1.5112223867526993,0.1872423702419108,-1.698215326946407
1.514364057948069,0.18547938547386977,-1.7054042693272118
1.5175057291434388,0.18369609421709365,-1.7126760373958567
1.5206474003388077,0.18189216158593058,-1.720031916642164
1.5237890715341775,0.180067245302056,-1.7274732213987525
1.5269307427295473,0.17822099548978,-1.7350012956330114
1.530072413924917,0.17635305446451613,-1.7426175137656235
1.533214085120287,0.1744630565141401,-1.7503232815166443
1.5363557563156567,0.1725506276729678,-1.7581200367802394
1.5394974275110265,0.170615385488053,-1.7660092505292067
1.5426390987063963,0.16865693877749646,-1.7739924277504766
1.545780769901766,0.16667488738045552,-1.7820711084128193
1.548922441097135,0.1646688218985114,-1.7902468684680737
1.5520641122925047,0.16263832342804385,-1.798521320887244
1.5552057834878745,0.16058296328325586,-1.8068961167328759
1.5583474546832443,0.15850230270944965,-1.8153729462692283
1.561489125878614,0.1563958925861664,-1.8239535401117757
1.564630797073984,0.1542632731197581,-1.832639670417675
1.5677724682693537,0.15210397352495708,-1.8414331521189178
1.5709141394647226,0.14991751169497752,-1.850335844199949
1.5740558106600924,0.1477033938596636,-1.8593496510216443
1.5771974818554622,0.14546111423118102,-1.8684765236935865
1.580339153050832,0.143190154636713,-1.8777184614967486
1.5834808242462017,0.14088998413760387,-1.8870775133587212
1.5866224954415715,0.13856005863436457,-1.8965557793837644
1.5897641666369413,0.13619982045692178,-1.9061554124400852
1.592905837832311,0.13380869793946443,-1.9158786198068336
1.5960475090276809,0.13138610497920877,-1.9257276648834587
1.5991891802230498,0.12893144057836697,-1.935704868964192
1.6023308514184196,0.12644408836856438,-1.9458126130805833
1.6054725226137894,0.12392341611692922,-1.9560533399151026
1.6086141938091592,0.12136877521300632,-1.9664295557890874
1.611755865004529,0.11877950013563718,-1.9769438327283781
1.6148975361998987,0.11615490789887782,-1.9875988106102151
1.6180392073952685,0.11349429747598991,-1.9983971993951508
1.6211808785906374,0.11079694920049099,-2.0093417814479264
1.6243225497860072,0.10806212414317627,-2.0204354139514864
1.627464220981377,0.10528906346400072,-2.031681031418468
1.6306058921767468,0.10247698773761138,-2.0430816483048635
1.6337475633721166,0.09962509625127881,-2.0546403617306708
1.6368892345674864,0.09673256627390626,-2.0663603543126925
1.6400309057628562,0.09379855229470636,-2.078244897114928
1.643172576958226,0.09082218523007508,-2.0902973527222577
1.6463142481535957,0.08780257159709562,-2.102521178443494
1.6494559193489646,0.08473879265203392,-2.1149199296501875
1.6525975905443344,0.08162990349206427,-2.1274972632579456
1.6557392617397042,0.07847493211840466,-2.14025694135738
1.658880932935074,0.0752728784588932,-2.153202835002291
1.6620226041304438,0.07202271334795418,-2.166338928163047
1.6651642753258136,0.06872337746176807,-2.1796693218536234
1.6683059465211834,0.06537378020633003,-2.193198238441281
1.6714476177165523,0.06197279855595251,-2.2069300261483646
1.674589288911922,0.058519275839610294,-2.2208691637563027
1.6777309601072918,0.05501202047238318,-2.2350202655224405
1.6808726313026616,0.05144980462906759,-2.249388086321085
1.6840143024980314,0.04783136285686184,-2.2639775270207205
1.6871559736934012,0.04415539062383675,-2.278793640110179
1.690297644888771,0.04042054279969322,-2.2938416355873046
1.6934393160841408,0.03662543206509804,-2.309126887124506
1.6965809872795106,0.032768627245642175,-2.3246549385265047
1.6997226584748795,0.028848651566229486,-2.34043151049656
1.7028643296702493,0.024863980821417463,-2.3564625077285175
1.706006000865619,0.020813041456964568,-2.3727540263430638
1.7091476720609888,0.01669420855749576,-2.3893123616879257
1.7122893432563586,0.012505803734905873,-2.406144016522893
1.7154310144517284,0.008246092911719478,-2.4232557096120284
1.7185726856470982,0.003913283993272923,-2.4406543847468636
1.721714356842467,-0.0004944755778395454,-2.4583472202260457
1.7248560280378369,-0.004979101392081751,-2.4763416388185924
1.7279976992332067,-0.009542574775509861,-2.4946453182397255
1.7311393704285765,-0.014186945632563026,-2.513266202170409
1.7342810416239463,-0.018914335437652887,-2.532212511853714
1.737422712819316,-0.02372694038472704,-2.5514927583035982
1.7405643840146858,-0.028627034704626787,-2.571115755164122
1.7437060552100556,-0.03361697416075831,-2.591090632259918
1.7468477264054254,-0.038699199734358904,-2.6114268498816413
1.7499893976007943,-0.043876241511469224,-2.6321342138533357
1.753131068796164,-0.049150722784612015,-2.653222891432117
1.7562727399915339,-0.05452536438312686,-2.674703428094246
1.7594144111869037,-0.060002989247189706,-2.6965867652658826
1.7625560823822735,-0.06558652726166896,-2.7188842590610407
1.7656977535776432,-0.07127902036717203,-2.741607700094174
1.768839424773013,-0.0770836279670533,-2.764769334439963
1.771981095968382,-0.08300363265052589,-2.788381885818569
1.7751227671637517,-0.08904244625369133,-2.8124585790907806
1.7782644383591215,-0.09520361628194851,-2.8370131651540955
1.7814061095544913,-0.10149083271922904,-2.8620599473382873
1.784547780749861,-0.10790793525146052,-2.8876138094067993
1.7876894519452309,-0.11445892093399722,-2.913690245279143
1.7908311231406007,-0.12114795233516429,-2.9403053905989576
1.7939727943359705,-0.12797936619076794,-2.9674760562828664
1.7971144655313402,-0.1349576826073835,-2.9952197641966243
1.8002561367267091,-0.14208761485542998,-3.023554785117639
1.803397807922079,-0.1493740797966327,-3.052500179156662
1.8065394791174487,-0.15682220899430363,-3.082075838826432
1.8096811503128185,-0.16443736055921823,-3.112302534961887
1.8128228215081883,-0.17222513178851845,-3.143201965714506
1.815964492703558,-0.1801913726602804,-3.1747968088636855
1.8191061638989279,-0.18834220025211013,-3.2071107777100902
1.8222478350942968,-0.19668401415843545,-3.2401686808404304
1.8253895062896666,-0.20522351298813704,-3.2739964860802258
1.8285311774850364,-0.21396771203186285,-3.3086213889808205
1.8316728486804061,-0.22292396219698432,-3.3440718862204064
1.834814519875776,-0.2320999703175418,-3.3803778543352028
1.8379561910711457,-0.2415038209571133,-3.4175706342379724
1.8410978622665155,-0.25114399983423663,-3.455683122026323
1.8442395334618853,-0.26102941901300336,-3.4947498666337373
1.847381204657255,-0.27116944401600024,-3.534807174932551
1.850522875852624,-0.2815739230329289,-3.5758932249608435
1.8536645470479938,-0.2922532184163833,-3.6180481880154978
1.8568062182433636,-0.3032182406764438,-3.661314360431871
1.8599478894387333,-0.31448048520852906,-3.705736305958984
1.8630895606341031,-0.3260520720143573,-3.7513610097374133
1.866231231829473,-0.3379457887044849,-3.798238044998302
1.8693729030248427,-0.35017513710320486,-3.846419753726686
1.8725145742202116,-0.3627543838127927,-3.8959614426732574
1.8756562454155814,-0.3756986151352774,-3.9469215962576953
1.8787979166109512,-0.389023796796163,-3.9993621080863595
1.881939587806321,-0.4027468389673947,-4.053348533011425
1.8850812590016908,-0.41688566714651126,-4.108950361889356
1.8882229301970606,-0.43145929951705736,-4.1662413214599665
1.8913646013924303,-0.4464879314932208,-4.225299702066858
1.8945062725878001,-0.46199302824071764,-4.28620871628182
1.89764794378317,-0.4779974260686995,-4.349056891886816
1.9007896149785388,-0.49452544370627344,-4.413938503114625
1.9039312861739086,-0.5116030046160027,-4.480954044562981
1.9070729573692784,-0.5292577716601887,-4.5502107527866045
1.9102146285646482,-0.547519295631438,-4.621823181251155
1.913356299760018,-0.5664191793963262,-4.695913835114314
1.9164979709553878,-0.5859912596963045,-4.772613873200818
1.9196396421507576,-0.6062718090257248,-4.8520638855766265
1.9227813133461265,-0.6272997604987219,-4.9344147563231004
1.9259229845414962,-0.6491169592785867,-5.019828622486328
1.929064655736866,-0.6717684450580882,-5.108479941749086
1.9322063269322358,-0.6953027713722655,-5.20055668316521
1.9353479981276056,-0.7197723693851921,-5.296261657318017
1.9384896693229754,-0.7452339665011831,-5.3958140045234275
1.9416313405183452,-0.7717490741219559,-5.499450862178914
1.944773011713715,-0.7993845647051453,-5.607429235022567
1.9479146829090848,-0.8282133668334851,-5.720028094832982
1.9510563541044537,-0.8583153194832545,-5.837550738835317
1.9541980252998234,-0.8897782447502212,-5.960327438569682
1.9573396964951932,-0.9226993242114273,-6.088718412910426
1.960481367690563,-0.957186900880595,-6.223117159856264
1.9636230388859328,-0.9933628802817666,-6.363954181025636
1.9667647100813026,-1.031365975540976,-6.511701129671733
1.9699063812766724,-1.0713561388566064,-6.666875406380523
1.9730480524720413,-1.1135206529186736,-6.830045214969224
1.976189723667411,-1.1580825299255777,-7.001835072440489
1.9793313948627809,-1.205312093340824,-7.182931738232617
1.9824730660581507,-1.2555429102563247,-7.374090484890494
1.9856147372535204,-1.309193612908199,-7.576141567155239
1.9887564084488902,-1.3667976095526067,-7.789996646403088
1.99189807964426,-1.429043249894138,-8.016654769588902
1.9950397508396298,-1.4968276886147593,-8.257207246256124
1.9981814220349996,-1.5713284873043591,-8.512840343952433
2.0013230932303685,-1.6540979051953097,-8.784834012585492
2.0044647644257383,-1.7471858274441974,-9.074553654474535
2.007606435621108,-1.8532983004421977,-9.383429961376702
2.010748106816478,-1.9759995369609158,-9.71291854851249
2.0138897780118477,-2.119965696584244,-10.064425790843678
2.0170314492072174,-2.2912980621997745,-10.43917886357843
2.0201731204025872,-2.4979000440444272,-10.838005140041833
2.023314791597956,-2.7499140370790416,-11.26096726800964
2.026456462793326,-3.0601954197490433,-11.706774319875986
2.0295981339886957,-3.444762812984679,-12.171857371732147
2.0327398051840655,-3.9230913022721583,-12.64896673914184
2.0358814763794353,-4.517988048739177,-13.125139270916689
2.039023147574805,-5.254588241450693,-13.578948179040115
2.042164818770175,-6.1577427349360345,-13.977184123251769
2.0453064899655446,-7.246842941414991,-14.271676875254393
2.0484481611609144,-8.52726654111663,-14.397981140936194
2.0515898323562833,-9.97875735346258,-14.278944218014734
2.054731503551653,-11.543829068577152,-13.836736671805982
2.057873174747023,-13.123209468331115,-13.014652608533261
2.0610148459423927,-14.587059612433427,-11.803243822534023
2.0641565171377625,-15.804921333882373,-10.257137702828693
2.0672981883331323,-16.683908356364267,-8.488394024537863
2.070439859528502,-17.194793614216596,-6.635461486391094
2.073581530723871,-17.3719945145966,-4.823989627951684
2.0767232019192408,-17.29145202542311,-3.1396128599471727
2.0798648731146105,-17.042191474436187,-1.621026690016826
2.0830065443099803,-16.704836877724553,-0.2681981358568842
2.08614821550535,-16.341104411033328,0.9440319105715613
2.08928988670072,-15.991681969792678,2.053836165833516
2.0924315578960897,-15.678210431794865,3.1042179467370103
2.0955732290914595,-15.40612943163551,4.138375040030163
2.0987149002868293,-15.166699475697023,5.197184064419565
2.101856571482198,-14.937675251129495,6.317257157259308
2.104998242677568,-14.682898314290599,7.528167094872793
2.1081399138729378,-14.35181021755821,8.847655462243274
2.1112815850683075,-13.880799835607846,10.274156334486621
2.1144232562636773,-13.199247884412602,11.77732637850915
2.117564927459047,-12.243174441961907,13.289946554455394
2.120706598654417,-10.976717695200112,14.707865108485365
2.123848269849786,-9.415183330433965,15.9053660065361
2.1269899410451556,-7.636406119190936,16.766928340950333
2.1301316122405254,-5.768247412166058,17.223517024969254
2.133273283435895,-3.953906840570813,17.273495231377964
2.136414954631265,-2.3129258425574064,16.97638597194099
2.1395566258266348,-0.9176100380096526,16.4261440624945
2.1426982970220045,0.20878215260081162,15.7212251631673
2.1458399682173743,1.0793559004501456,14.944468080389818
2.148981639412744,1.7272367131068536,14.155518973388197
2.152123310608113,2.1924262796560163,13.3919620746103
2.155264981803483,2.5137566309214834,12.674250832179865
2.1584066529988526,2.725084029260747,12.011151614319951
2.1615483241942224,2.8541599588154236,11.40423130854668
2.164689995389592,2.9228829671983636,10.85105570813443
2.167831666584962,2.948112220246936,10.347263720925099
2.1709733377803317,2.9426079670010097,9.887814612136705
2.1741150089757006,2.91590357427485,9.467682288786344
2.1772566801710704,2.875041686175396,9.082203467417983
2.1803983513664402,2.8251668778196266,8.727221066852305
2.18354002256181,2.769990745917565,8.399113606603388
2.18668169375718,2.7121517160241395,8.094766249346291
2.1898233649525496,2.6534909968195497,7.8115161230898025
2.1929650361479194,2.5952628889747293,7.547090113433029
2.196106707343289,2.5382941214926134,7.299544558597571
2.199248378538659,2.4831037805751954,7.067211162039111
2.202390049734028,2.4299928787291,6.848650580113633
2.2055317209293976,2.3791106345964628,6.642613648455834
2.2086733921247674,2.3305029910172492,6.448009512210691
2.211815063320137,2.284147689169859,6.263879670988684
2.214956734515507,2.2399792610632216,6.089376928371979
2.218098405710877,2.197906543406767,5.923748325228624
2.2212400769062466,2.157824711568193,5.766321267558789
2.2243817481016155,2.1196233526489086,5.616492197143713
2.2275234192969853,2.0831917185150957,5.473717279731997
2.230665090492355,2.0484220043789607,5.337504694151441
2.233806761687725,2.015211270826441,5.207408195317643
2.2369484328830946,1.9834624539842898,5.083021695998455
2.2400901040784644,1.953084778715298,4.963974668811185
2.243231775273834,1.9239937939628273,4.84992821394367
2.246373446469204,1.8961111798509545,4.74057167200299
2.249515117664574,1.8693644265299434,4.635619687380122
2.2526567888599427,1.8436864499566916,4.534809647377444
2.2557984600553125,1.8190151858353352,4.437899437525528
2.2589401312506823,1.795293186759832,4.344665465152922
2.262081802446052,1.7724672369043564,4.25490091223888
2.265223473641422,1.7504879917081788,4.168414185543091
2.2683651448367916,1.7293096456806865,4.085027537463016
2.2715068160321614,1.7088896288457227,4.004575835391966
2.2746484872275303,1.689188330853927,3.9269054608141993
2.2777901584229,1.6701688510099157,3.851873322179069
2.28093182961827,1.6517967721157834,3.7793459678958317
2.2840735008136397,1.6340399559467704,3.7091987876929684
2.2872151720090095,1.6168683582352668,3.641315292176395
2.2903568432043793,1.6002538611753414,3.575586461759119
2.293498514399749,1.58417012162949,3.5119101572702123
2.296640185595119,1.568592433396754,3.4501905855192665
2.2997818567904886,1.553497602074417,3.3903378139223492
2.3029235279858575,1.538863831205986,3.3322673290100577
2.3060651991812273,1.524670618554479,3.275899634255459
2.309206870376597,1.510898661470678,3.2211598831951265
2.312348541571967,1.4975297704419153,3.1679775442809994
2.3154902127673367,1.4845467900096339,3.1162860943066715
2.3186318839627065,1.471933526333821,3.0660227376053806
2.3217735551580763,1.4596746807619854,3.0171281485270085
2.324915226353445,1.4477557888301311,2.9695462349731967
2.328056897548815,1.436163164184473,2.923223921008529
2.3311985687441847,1.424883846967135,2.8781109467764088
2.3343402399395545,1.4139055562565825,2.8341596841332986
2.3374819111349243,1.4032166461960662,2.7913249665795368
2.340623582330294,1.392806065480644,2.7495639322097154
2.343765253525664,1.3826633199066456,2.708835878534488
2.3469069247210337,1.3727784377167886,2.669102128139901
2.3500485959164035,1.3631419375005551,2.6303259042519564
2.3531902671117724,1.35374479843262,2.59247221536472
2.356331938307142,1.3445784326530477,2.555507748170962
2.359473609502512,1.3356346596116178,2.519400768106656
2.3626152806978817,1.3269056822151568,2.484121026884881
2.3657569518932515,1.3183840646318288,2.449639676452841
2.3688986230886213,1.3100627116195933,2.415929188857341
2.372040294283991,1.3019348492581369,2.382963281550756
2.37518196547936,1.2939940069743325,2.3507168477113725
2.37832363667473,1.286234000761034,2.3191658911896678
2.3814653078700996,1.2786489174978326,2.2882874657262784
2.3846069790654694,1.2712331002901929,2.258059618117786
2.387748650260839,1.2639811347507073,2.228461335034479
2.390890321456209,1.2568878361525226,2.199472493219184
2.3940319926515787,1.2499482373909754,2.1710738128190026
2.3971736638469485,1.2431575776946973,2.1432468136224245
2.4003153350423183,1.2365112920323431,2.1159737739929314
2.403457006237687,1.2300050011654189,2.0892376923072367
2.406598677433057,1.2236345023017112,2.063022250721706
2.409740348628427,1.2173957603074446,2.037311781104669
2.4128820198237966,1.2112848994395555,2.0120912329849507
2.4160236910191664,1.2052981955625486,1.9873461433788517
2.419165362214536,1.199432068817109,1.963062608368345
2.422307033409906,1.1936830767101754,1.939227256313039
2.425448704605275,1.1880479075984773,1.9158272225873916
2.4285903758006446,1.1825233745396408,1.892850125742759
2.4317320469960144,1.177106409486913,1.8702840450014961
2.434873718191384,1.171794057805295,1.848117498996929
2.438015389386754,1.1665834730885203,1.826339425679572
2.441157060582124,1.1614719122578026,1.8049391633155745
2.4442987317774936,1.1564567309246405,1.7839064325087686
2.4474404029728634,1.1515353790012266,1.7632313191825415
2.450582074168233,1.1467053965431828,1.7429042584622843
2.453723745363602,1.1419644098103978,1.7229160194032875
2.456865416558972,1.1373101275327262,1.703257690512779
2.4600070877543416,1.1327403373682539,1.6839206660183847
2.4631487589497114,1.1282529025426056,1.6648966328384238
2.466290430145081,1.1238457586586277,1.646177558212587
2.469432101340451,1.1195169106664264,1.6277556779542568
2.472573772535821,1.1152644299844636,1.6096234852883182
2.4757154437311897,1.1110864517629664,1.5917737202407012
2.4788571149265595,1.1069811722815412,1.5741993595480606
2.4819987861219293,1.1029468464733643,1.5568936070581552
2.485140457317299,1.0989817855688158,1.539849884593221
2.488282128512669,1.0950843548519125,1.5230618232505382
2.4914237997080386,1.0912529715232608,1.5065232551159689
2.4945654709034084,1.0874861026637126,1.4902282053677607
2.497707142098778,1.0837822632931924,1.4741708847493347
2.500848813294148,1.0801400145195885,1.4583456823911063
2.503990484489517,1.0765579617728362,1.4427471589625827
2.5071321556848867,1.0730347531196756,1.4273700401371234
2.5102738268802565,1.0695690776548146,1.4122092103528971
2.5134154980756263,1.0661596639644837,1.3972597068543935
2.516557169270996,1.0628052786586093,1.3825167139999424
2.519698840466366,1.0595047249680674,1.3679755578214614
2.5228405116617356,1.0562568414036653,1.3536317008234846
2.5259821828571045,1.053060500473722,1.3394807370092872
2.5291238540524743,1.049914607457256,1.3255183871225835
2.532265525247844,1.0468180992300296,1.3117404940940465
2.535407196443214,1.0437699431407663,1.2981430186823353
2.5385488676385837,1.040769135935099,1.2847220353000777
2.5416905388339535,1.0378147027248725,1.271473728015669
2.5448322100293232,1.034905696000605,1.2583943867223282
2.547973881224693,1.0320411946850059,1.2454804034662812
2.551115552420063,1.029220303225582,1.2327282689264218
2.5542572236154317,1.0264421507244514,1.2201345690382008
2.5573988948108015,1.0237058901036054,1.2076959817548747
2.5605405660061713,1.0210106973039546,1.1954092739396847
2.563682237201541,1.018355770516554,1.183271298382756
2.566823908396911,1.0157403294445335,1.1712789909369683
2.5699655795922807,1.0131636145942933,1.1594293677672705
2.5731072507876505,1.010624886594643,1.1477195227082302
2.5762489219830194,1.0081234255425835,1.1361466247248817
2.579390593178389,1.0056585303745438,1.1247079154721693
2.582532264373759,1.003229518261916,1.1134007069485856
2.5856739355691287,1.0008357240298107,1.1022223792397312
2.5888156067644985,0.9984764995979847,1.091170378347836
2.5919572779598683,0.9961512134429765,1.0802422141034256
2.595098949155238,0.9938592500805087,1.0694354581555257
2.598240620350608,0.9916000095672818,1.0587477420369786
2.6013822915459777,0.9893729070213069,1.0481767553016044
2.6045239627413466,0.9871773721599905,1.037720243730122
2.6076656339367164,0.985012848855199,1.0273760076018599
2.610807305132086,0.9828787947045967,1.0171419000294917
2.613948976327456,0.9807746806185476,1.007015825354082
2.6170906475228257,0.9786999904219432,0.9969957375979361
2.6202323187181955,0.9766542204703285,0.9870796389728265
2.6233739899135653,0.9746368792797243,0.9772655784412834
2.626515661108934,0.9726474871695928,0.967551650328775
2.629657332304304,0.9706855759183927,0.9579359929846517
2.6327990034996738,0.9687506884312262,0.9484167874899122
2.6359406746950436,0.966842378419071,0.9389922564098333
2.6390823458904134,0.9649602100891388,0.9296606625896875
2.642224017085783,0.9631037578459165,0.9204203079918065
2.645365688281153,0.9612726060024525,0.9112695325723345
2.6485073594765227,0.9594663485014968,0.902206713196104
2.6516490306718925,0.9576845886460947,0.8932302625881192
2.6547907018672614,0.9559269388392683,0.884338628320218
2.657932373062631,0.9541930203324281,0.8755302918315196
2.661074044258001,0.9524824629821871,0.8668037674813843
2.6642157154533708,0.950794905015237,0.858157601633581
2.6673573866487406,0.9491299928009873,0.849590371770493
2.6704990578441103,0.9474873806316747,0.8411006856362122
2.67364072903948,0.9458667305096491,0.8326871804074125
2.676782400234849,0.9442677119415738,0.8243485218909613
2.679924071430219,0.9426900017392769,0.8160834037472511
2.6830657426255886,0.9411332838270091,0.8078905467383162
2.6862074138209584,0.9395972490548655,0.7997686979997747
2.689349085016328,0.9380815950181465,0.7917166303357386
2.692490756211698,0.9365860258824428,0.7837331415358428
2.6956324274070678,0.9351102522142272,0.775817053713574
2.6987740986024376,0.9336539908167649,0.7679672126651309
2.7019157697978073,0.9322169645711389,0.7601824872480669
2.7050574409931762,0.9307989022822135,0.7524617687790024
2.708199112188546,0.9293995385293581,0.7448039704497159
2.711340783383916,0.9280186135217612,0.7372080267609774
2.7144824545792856,0.926655872958171,0.7296728929734623
2.7176241257746554,0.9253110678909108,0.7221975445751653
2.720765796970025,0.9239839545940166,0.7147809767647241
2.723907468165395,0.9226742944353511,0.7074222039500982
2.727049139360764,0.9213818537525645,0.7001202592620646
2.7301908105561337,0.920106403732758,0.6928741940820092
2.7333324817515035,0.918847720295735,0.6856830775835492
2.7364741529468732,0.9176055839807078,0.6785459962874653
2.739615824142243,0.9163797798363479,0.6714620536295286
2.742757495337613,0.9151700973140648,0.6644303695407595
2.7458991665329826,0.9139763301644083,0.6574500800397077
2.7490408377283524,0.9127982763364827,0.6505203368363439
2.752182508923722,0.9116357378802812,0.6436403069471707
2.755324180119091,0.9104885208518372,0.6368091723211868
2.758465851314461,0.9093564352211033,0.630026129476322
2.7616075225098307,0.9082392947824695,0.6232903891460322
2.7647491937052004,0.9071369170678286,0.6166011759356762
2.7678908649005702,0.9060491232621141,0.6099577279883853
2.77103253609594,0.9049757381212248,0.6033592966600978
2.77417420729131,0.9039165898922628,0.5968051462034696
2.7773158784866787,0.9028715102360095,0.5902945534603665
2.7804575496820485,0.9018403341515676,0.5838268075626554
2.7835992208774183,0.900822899903103,0.577401209641054
2.786740892072788,0.899819048948621,0.5710170725417425
2.789882563268158,0.8988286258707051,0.5646737205505161
2.7930242344635277,0.8978514783091709,0.5583704891242327
2.7961659056588974,0.8968874568955616,0.5521067246293206
2.7993075768542672,0.8959364151894409,0.5458817840871278
2.802449248049637,0.8949982096164167,0.5396950349258953
2.805590919245006,0.8940726994078507,0.5335458547391501
2.8087325904403757,0.8931597465421999,0.5274336310503082
2.8118742616357455,0.8922592156879396,0.5213577610833187
2.8150159328311153,0.8913709741480236,0.5153176515391287
2.818157604026485,0.8904948918058305,0.5093127183778154
2.821299275221855,0.889630841072557,0.5033423866062005
2.8244409464172247,0.8887786968360114,0.4974060900707812
2.8275826176125936,0.8879383364107682,0.4915032712558173
2.8307242888079633,0.8871096394896446,0.48563338108640774
2.833865960003333,0.8862924880964554,0.47979587873642904
2.837007631198703,0.8854867665400179,0.47399023144115787
2.8401493023940727,0.8846923613693601,0.46821591431445986
2.8432909735894425,0.8839091613301066,0.46247241017039903
2.8464326447848123,0.8831370573220039,0.45675920934913494
2.849574315980182,0.8823759423575532,0.4510758095469832
2.852715987175552,0.8816257115217209,0.4454217156505124
2.8558576583709208,0.8808862619326947,0.439796439574561
2.8589993295662905,0.8801574927036566,0.4341995001040486
2.8621410007616603,0.8794393049055459,0.4286304227394932
2.86528267195703,0.8787316015307828,0.4230887395460937
2.8684243431524,0.8780342874579257,0.41757398900629755
2.8715660143477697,0.8773472694172411,0.4120857158757413
2.8747076855431395,0.8766704559571534,0.4066234710424672
2.8778493567385084,0.8760037574115612,0.40118681138932394
2.880991027933878,0.8753470858679849,0.3957752996594456
2.884132699129248,0.8747003551365339,0.3903885043247475
2.8872743703246178,0.8740634807196651,0.38502599945731797
2.8904160415199875,0.8734363797827133,0.37968736460364494
2.8935577127153573,0.8728189711251769,0.3743721846615907
2.896699383910727,0.8722111751527314,0.3690800497600303
2.899841055106097,0.8716129138499598,0.36381055514108473
2.9029827263014667,0.8710241107537757,0.35856330104486733
2.9061243974968356,0.8704446909275264,0.35333789259667975
2.9092660686922054,0.8698745809357527,0.34813393969657197
2.912407739887575,0.8693137088195938,0.34295105691122557
2.915549411082945,0.8687620040728203,0.337788863368063
2.9186910822783148,0.8682193976184761,0.33264698265154025
2.9218327534736845,0.8676858217861166,0.32752504270155347
2.9249744246690543,0.8671612102896319,0.3224226757138996
2.9281160958644232,0.8666454982056339,0.31733951804273497
2.931257767059793,0.8661386219523979,0.31227521010496495
2.934399438255163,0.8656405192693462,0.30722939628653234
2.9375411094505326,0.865151129197056,0.30220172485052
2.9406827806459024,0.8646703920577854,0.2971918478470407
2.943824451841272,0.8641982494364997,0.2921994210248506
2.946966123036642,0.8637346441623892,0.2872241037446397
2.9501077942320117,0.8632795202908694,0.28226555889395505
2.9532494654273815,0.8628328230860454,0.2773234528037032
2.9563911366227504,0.8623944990036386,0.2723974551661936
2.9595328078181202,0.861964495674357,0.26748723895466725
2.96267447901349,0.8615427618877068,0.26259248034428945
2.96581615020886,0.8611292475762325,0.25771285863453763
2.9689578214042296,0.8607239038001699,0.25284805617296185
2.9720994925995994,0.860326682732517,0.2479977582802732
2.975241163794969,0.8599375376444989,0.24316165317671973
2.978382834990338,0.8595564228914286,0.238339431909715
2.981524506185708,0.8591832938989519,0.23353078828267465
2.9846661773810776,0.8588181071496653,0.22873541878504405
2.9878078485764474,0.8584608201701084,0.2239530225234562
2.9909495197718172,0.8581113915181104,0.2191833011540054
2.994091190967187,0.8577697807704957,0.21442595881559526
2.997232862162557,0.8574359485111327,0.20968070206433007
3.0003745333579266,0.857109856319325,0.2049472398089177
3.0035162045532964,0.8567914667585352,0.20022528324705283
3.0066578757486653,0.8564807433654367,0.1955145458027523
3.009799546944035,0.8561776506392837,0.19081474306460347
3.012941218139405,0.8558821540316011,0.18612559272491788
3.0160828893347746,0.8555942199361787,0.18144681451973546
3.0192245605301444,0.8553138156793744,0.17677813016967014
3.022366231725514,0.8550409095107112,0.17211926332156338
3.025507902920884,0.8547754705937719,0.16746993949091904
3.028649574116253,0.8545174689973798,0.16282988600509657
3.0317912453116227,0.8542668756870627,0.15819883194722698
3.0349329165069925,0.8540236625167991,0.15357650810084908
3.0380745877023623,0.8537878022210352,0.1489626468952124
3.041216258897732,0.8535592684069767,0.14435698235124572
3.044357930093102,0.8533380355471404,0.1397592500281559
3.0474996012884716,0.8531240789721765,0.1351691869706397
3.0506412724838414,0.852917374863942,0.13058653165668258
3.053782943679211,0.8527179002488336,0.12601102394592315
3.05692461487458,0.8525256329913687,0.12144240502856382
3.06006628606995,0.852340551788017,0.1168804173747971
3.0632079572653197,0.8521626361612757,0.11232480468474614
3.0663496284606895,0.8519918664539853,0.10777531183887336
3.0694912996560593,0.8518282238238851,0.10323168484885556
3.072632970851429,0.8516716902384057,0.09869367080889792
3.075774642046799,0.8515222484696913,0.09416101784746804
3.0789163132421677,0.851379882089855,0.08963347507943206
3.0820579844375375,0.8512445754664623,0.08511079255856588
3.0851996556329073,0.8511163137582388,0.08059272123044098
3.088341326828277,0.8509950829110021,0.07607901288564138
3.091482998023647,0.8508808696538147,0.07156942011331177
3.0946246692190167,0.8507736614953587,0.06706369625501092
3.0977663404143865,0.8506734467205237,0.06256159535885325
3.1009080116097563,0.8505802143872144,0.05806287213392121
3.104049682805126,0.8504939543233707,0.053567281904929834
3.107191354000495,0.8504146571242012,0.04907458056712789
3.1103330251958647,0.8503423141496261,0.04458452454140992
3.1134746963912345,0.8502769175219334,0.04009687072964136
3.1166163675866043,0.8502184601236413,0.03561137647015377
3.119758038781974,0.850166935595569,0.031127799493412295
3.122899709977344,0.8501223383351134,0.02664589787783091
3.1260413811727137,0.8500846634947351,0.022165430005719498
3.1291830523680826,0.8500539069806435,0.017686154519347585
3.1323247235634524,0.8500300654516926,0.013207830277100145
3.135466394758822,0.8500131363184772,0.008730216309728036
3.138608065954192,0.8500031177426319,0.0042530717766508935
