frequency_rad_s,magnitude_dB,phase_deg
0.001,34.334049154957,-359.959892956766
0.00100461733293603,34.3340498373947,-359.959707769217
0.0010092559856355,34.334050526149,-359.959521726596
0.00101391605653885,34.3340512212785,-359.959334824954
0.00101859764454108,34.3340519228421,-359.959147060325
0.00102330084899378,34.3340526308995,-359.958958428725
0.0010280257697073,34.3340533455107,-359.958768926151
0.00103277250695285,34.3340540667363,-359.95857854858
0.00103754116146463,34.3340547946377,-359.958387291973
0.00104233183444194,34.3340555292766,-359.958195152271
0.00104714462755138,34.3340562707154,-359.958002125396
0.00105197964292896,34.3340570190169,-359.957808207252
0.00105683698318228,34.3340577742448,-359.957613393724
0.00106171675139274,34.3340585364632,-359.957417680678
0.00106661905111768,34.3340593057367,-359.957221063959
0.0010715439863926,34.3340600821306,-359.957023539396
0.00107649166173337,34.3340608657109,-359.956825102797
0.00108146218213845,34.3340616565441,-359.95662574995
0.00108645565309111,34.3340624546973,-359.956425476625
0.00109147218056166,34.3340632602382,-359.956224278572
0.00109651187100972,34.3340640732353,-359.956022151521
0.00110157483138648,34.3340648937576,-359.955819091183
0.00110666116913694,34.3340657218747,-359.955615093248
0.00111177099220222,34.3340665576569,-359.955410153386
0.00111690440902183,34.3340674011751,-359.95520426725
0.001122061528536,34.3340682525011,-359.954997430469
0.00112724246018796,34.334069111707,-359.954789638655
0.00113244731392627,34.3340699788657,-359.954580887396
0.00113767620020718,34.334070854051,-359.954371172264
0.00114292922999693,34.334071737337,-359.954160488809
0.00114820651477415,34.3340726287988,-359.953948832558
0.00115350816653217,34.3340735285121,-359.953736199019
0.00115883429778148,34.3340744365532,-359.953522583682
0.00116418502155202,34.3340753529992,-359.953307982012
0.00116956045139566,34.3340762779279,-359.953092389455
0.00117496070138857,34.3340772114178,-359.952875801436
0.00118038588613362,34.3340781535482,-359.952658213359
0.00118583612076289,34.334079104399,-359.952439620605
0.00119131152094002,34.334080064051,-359.952220018536
0.00119681220286273,34.3340810325857,-359.951999402492
0.00120233828326524,34.3340820100851,-359.951777767791
0.00120788987942081,34.3340829966324,-359.951555109729
0.00121346710914415,34.3340839923113,-359.951331423582
0.00121907009079399,34.3340849972063,-359.951106704601
0.00122469894327554,34.3340860114027,-359.950880948019
0.00123035378604304,34.3340870349866,-359.950654149044
0.0012360347391023,34.3340880680449,-359.950426302863
0.00124174192301323,34.3340891106652,-359.950197404641
0.00124747545889241,34.3340901629362,-359.94996744952
0.00125323546841564,34.3340912249471,-359.949736432621
0.00125902207382055,34.3340922967881,-359.94950434904
0.00126483539790919,34.3340933785502,-359.949271193853
0.00127067556405061,34.3340944703252,-359.949036962111
0.0012765426961835,34.3340955722057,-359.948801648844
0.00128243691881883,34.3340966842854,-359.948565249058
0.00128835835704247,34.3340978066587,-359.948327757736
0.00129430713651785,34.3340989394207,-359.948089169838
0.00130028338348863,34.3341000826677,-359.947849480301
0.00130628722478138,34.3341012364967,-359.947608684038
0.00131231878780828,34.3341024010058,-359.94736677594
0.00131837820056979,34.3341035762936,-359.947123750872
0.00132446559165742,34.33410476246,-359.946879603677
0.00133058109025641,34.3341059596058,-359.946634329174
0.00133672482614851,34.3341071678324,-359.946387922157
0.00134289692971469,34.3341083872426,-359.946140377398
0.00134909753193795,34.3341096179398,-359.945891689644
0.00135532676440608,34.3341108600284,-359.945641853615
0.00136158475931445,34.334112113614,-359.945390864012
0.00136787164946883,34.3341133788029,-359.945138715507
0.00137418756828818,34.3341146557026,-359.944885402749
0.00138053264980751,34.3341159444214,-359.944630920362
0.00138690702868073,34.3341172450688,-359.944375262946
0.00139331084018346,34.3341185577552,-359.944118425076
0.00139974422021597,34.3341198825919,-359.943860401301
0.00140620730530598,34.3341212196915,-359.943601186144
0.00141270023261165,34.3341225691675,-359.943340774106
0.00141922313992442,34.3341239311344,-359.94307915966
0.00142577616567197,34.3341253057079,-359.942816337254
0.00143235944892113,34.3341266930046,-359.94255230131
0.00143897312938086,34.3341280931423,-359.942287046225
0.00144561734740521,34.3341295062399,-359.94202056637
0.00145229224399628,34.3341309324174,-359.941752856089
0.00145899796080722,34.3341323717957,-359.941483909702
0.00146573464014525,34.3341338244972,-359.941213721501
0.00147250242497467,34.3341352906451,-359.940942285752
0.00147930145891988,34.3341367703638,-359.940669596695
0.00148613188626846,34.3341382637791,-359.940395648543
0.00149299385197421,34.3341397710176,-359.940120435482
0.00149988750166022,34.3341412922074,-359.939843951672
0.00150681298162197,34.3341428274775,-359.939566191244
0.00151377043883045,34.3341443769584,-359.939287148306
0.00152076002093524,34.3341459407815,-359.939006816934
0.0015277818762677,34.3341475190796,-359.938725191181
0.00153483615384405,34.3341491119866,-359.938442265068
0.0015419230033686,34.3341507196379,-359.938158032593
0.00154904257523688,34.3341523421699,-359.937872487723
0.00155619502053882,34.3341539797203,-359.937585624398
0.00156338049106204,34.3341556324281,-359.937297436531
0.00157059913929496,34.3341573004337,-359.937007918005
0.00157785111843013,34.3341589838787,-359.936717062678
0.0015851365823674,34.3341606829059,-359.936424864376
0.00159245568571727,34.3341623976596,-359.936131316898
0.00159980858380409,34.3341641282853,-359.935836414015
0.00160719543266943,34.3341658749301,-359.935540149468
0.00161461638907533,34.3341676377421,-359.935242516971
0.00162207161050765,34.334169416871,-359.934943510207
0.00162956125517944,34.3341712124679,-359.93464312283
0.00163708548203426,34.3341730246851,-359.934341348466
0.00164464445074955,34.3341748536766,-359.934038180711
0.00165223832174005,34.3341766995976,-359.93373361313
0.00165986725616118,34.3341785626048,-359.933427639261
0.00166753141591249,34.3341804428563,-359.933120252611
0.00167523096364104,34.3341823405118,-359.932811446655
0.00168296606274491,34.3341842557324,-359.932501214841
0.00169073687737664,34.3341861886806,-359.932189550584
0.0016985435724467,34.3341881395207,-359.931876447272
0.00170638631362704,34.3341901084181,-359.931561898259
0.00171426526735454,34.33419209554,-359.931245896869
0.00172218060083458,34.3341941010551,-359.930928436398
0.0017301324820446,34.3341961251337,-359.930609510108
0.00173812107973763,34.3341981679476,-359.93028911123
0.00174614656344591,34.3342002296702,-359.929967232966
0.00175420910348444,34.3342023104766,-359.929643868484
0.00176230887095464,34.3342044105434,-359.929319010923
0.00177044603774795,34.3342065300489,-359.928992653387
0.0017786207765495,34.334208669173,-359.928664788952
0.00178683326084176,34.3342108280973,-359.92833541066
0.00179508366490824,34.3342130070051,-359.928004511519
0.00180337216383714,34.3342152060813,-359.92767208451
0.00181169893352514,34.3342174255128,-359.927338122576
0.00182006415068107,34.3342196654878,-359.92700261863
0.00182846799282969,34.3342219261965,-359.926665565553
0.00183691063831546,34.3342242078309,-359.926326956191
0.00184539226630629,34.3342265105847,-359.925986783359
0.00185391305679739,34.3342288346534,-359.925645039838
0.00186247319061507,34.3342311802341,-359.925301718375
0.00187107284942057,34.3342335475262,-359.924956811685
0.0018797122157139,34.3342359367305,-359.924610312448
0.00188839147283777,34.3342383480499,-359.92426221331
0.00189711080498142,34.3342407816891,-359.923912506885
0.00190587039718455,34.3342432378547,-359.923561185751
0.00191467043534127,34.3342457167552,-359.923208242453
0.00192351110620401,34.334248218601,-359.922853669499
0.0019323925973875,34.3342507436046,-359.922497459367
0.00194131509737275,34.3342532919804,-359.922139604497
0.00195027879551106,34.3342558639446,-359.921780097293
0.001959283882028,34.3342584597155,-359.921418930127
0.00196833054802752,34.3342610795137,-359.921056095335
0.00197741898549592,34.3342637235615,-359.920691585216
0.00198654938730597,34.3342663920833,-359.920325392034
0.00199572194722102,34.3342690853057,-359.91995750802
0.00200493685989908,34.3342718034573,-359.919587925365
0.00201419432089694,34.334274546769,-359.919216636226
0.00202349452667438,34.3342773154735,-359.918843632724
0.00203283767459826,34.3342801098061,-359.918468906943
0.00204222396294678,34.3342829300037,-359.918092450931
0.00205165359091364,34.334285776306,-359.917714256699
0.00206112675861228,34.3342886489546,-359.917334316221
0.00207064366708015,34.3342915481932,-359.916952621434
0.00208020451828294,34.3342944742681,-359.916569164238
0.00208980951511888,34.3342974274277,-359.916183936496
0.00209945886142306,34.3343004079227,-359.915796930031
0.00210915276197174,34.3343034160061,-359.915408136631
0.0021188914224867,34.3343064519332,-359.915017548046
0.00212867504963962,34.334309515962,-359.914625155986
0.00213850385105642,34.3343126083523,-359.914230952124
0.00214837803532172,34.3343157293669,-359.913834928095
0.00215829781198325,34.3343188792706,-359.913437075495
0.00216826339155627,34.3343220583309,-359.913037385879
0.00217827498552809,34.3343252668177,-359.912635850767
0.00218833280636249,34.3343285050034,-359.912232461636
0.0021984370675043,34.3343317731628,-359.911827209927
0.00220858798338387,34.3343350715735,-359.911420087039
0.00221878576942166,34.3343384005154,-359.911011084332
0.0022290306420328,34.3343417602712,-359.910600193127
0.00223932281863167,34.3343451511262,-359.910187404704
0.00224966251763653,34.3343485733681,-359.909772710303
0.00226004995847416,34.3343520272876,-359.909356101124
0.00227048536158449,34.3343555131778,-359.908937568324
0.0022809689484253,34.3343590313348,-359.908517103023
0.00229150094147692,34.3343625820572,-359.908094696297
0.00230208156424694,34.3343661656464,-359.907670339183
0.00231271104127496,34.3343697824067,-359.907244022674
0.00232338959813735,34.3343734326452,-359.906815737724
0.00233411746145205,34.3343771166717,-359.906385475244
0.00234489485888337,34.334380834799,-359.905953226102
0.00235572201914681,34.3343845873429,-359.905518981126
0.00236659917201394,34.3343883746218,-359.905082731101
0.00237752654831726,34.3343921969573,-359.904644466768
0.00238850437995508,34.3343960546739,-359.904204178827
0.00239953289989649,34.3343999480992,-359.903761857934
0.00241061234218626,34.3344038775637,-359.903317494703
0.00242174294194983,34.334407843401,-359.902871079702
0.00243292493539829,34.3344118459478,-359.90242260346
0.00244415855983339,34.3344158855439,-359.901972056458
0.00245544405365258,34.3344199625323,-359.901519429135
0.00246678165635408,34.3344240772591,-359.901064711885
0.00247817160854195,34.3344282300736,-359.90060789506
0.0024896141519312,34.3344324213285,-359.900148968963
0.00250110952935291,34.3344366513796,-359.899687923857
0.0025126579847594,34.3344409205859,-359.899224749957
0.0025242597632294,34.3344452293101,-359.898759437433
0.00253591511097325,34.3344495779178,-359.898291976412
0.00254762427533811,34.3344539667782,-359.897822356973
0.00255938750481325,34.3344583962641,-359.897350569149
0.00257120504903528,34.3344628667515,-359.896876602929
0.00258307715879347,34.3344673786198,-359.896400448255
0.00259500408603507,34.3344719322522,-359.895922095021
0.00260698608387064,34.3344765280354,-359.895441533077
0.00261902340657946,34.3344811663594,-359.894958752223
0.00263111630961489,34.334485847618,-359.894473742216
0.00264326504960979,34.3344905722088,-359.893986492761
0.002655469884382,34.3344953405329,-359.893496993519
0.00266773107293979,34.3345001529951,-359.893005234101
0.00268004887548733,34.3345050100039,-359.892511204073
0.00269242355343028,34.3345099119718,-359.89201489295
0.00270485536938127,34.3345148593149,-359.891516290198
0.00271734458716551,34.3345198524534,-359.891015385238
0.00272989147182636,34.334524891811,-359.89051216744
0.002742496289631,34.3345299778158,-359.890006626123
0.00275515930807605,34.3345351108994,-359.88949875056
0.00276788079589323,34.3345402914977,-359.888988529974
0.0027806610230551,34.3345455200507,-359.888475953535
0.00279350026078078,34.334550797002,-359.887961010367
0.00280639878154168,34.3345561227999,-359.887443689542
0.00281935685906732,34.3345614978966,-359.886923980081
0.00283237476835111,34.3345669227482,-359.886401870955
0.00284545278565619,34.3345723978156,-359.885877351085
0.00285859118852131,34.3345779235634,-359.885350409339
0.00287179025576671,34.3345835004609,-359.884821034535
0.00288505026750002,34.3345891289816,-359.884289215438
0.00289837150512224,34.3345948096034,-359.883754940763
0.00291175425133368,34.3346005428086,-359.883218199172
0.00292519879013998,34.3346063290839,-359.882678979273
0.00293870540685812,34.3346121689207,-359.882137269625
0.00295227438812249,34.3346180628147,-359.88159305873
0.00296590602189095,34.3346240112665,-359.881046335041
0.00297960059745099,34.334630014781,-359.880497086954
0.00299335840542581,34.334636073868,-359.879945302814
0.00300717973778051,34.334642189042,-359.879390970912
0.00302106488782832,34.3346483608221,-359.878834079483
0.00303501415023676,34.3346545897324,-359.878274616709
0.00304902782103396,34.3346608763018,-359.877712570718
0.00306310619761488,34.3346672210641,-359.877147929583
0.00307724957874768,34.3346736245579,-359.87658068132
0.00309145826458,34.3346800873269,-359.876010813892
0.0031057325566454,34.33468660992,-359.875438315206
0.0031200727578697,34.3346931928908,-359.874863173112
0.00313447917257741,34.3346998367984,-359.874285375404
0.00314895210649824,34.3347065422069,-359.873704909822
0.00316349186677354,34.3347133096856,-359.873121764047
0.00317809876196285,34.3347201398092,-359.872535925703
0.00319277310205041,34.3347270331575,-359.871947382359
0.00320751519845177,34.3347339903159,-359.871356121524
0.00322232536402038,34.3347410118751,-359.870762130651
0.00323720391305427,34.3347480984313,-359.870165397135
0.00325215116130265,34.3347552505862,-359.869565908312
0.00326716742597268,34.3347624689471,-359.86896365146
0.00328225302573613,34.3347697541269,-359.868358613799
0.00329740828073624,34.3347771067442,-359.867750782488
0.00331263351259441,34.3347845274233,-359.867140144629
0.0033279290444171,34.3347920167943,-359.866526687263
0.00334329520080265,34.3347995754931,-359.865910397371
0.00335873230784817,34.3348072041616,-359.865291261875
0.0033742406931565,34.3348149034474,-359.864669267637
0.00338982068584309,34.3348226740044,-359.864044401455
0.00340547261654306,34.3348305164923,-359.863416650071
0.00342119681741817,34.3348384315771,-359.862786000162
0.00343699362216386,34.3348464199309,-359.862152438344
0.00345286336601639,34.3348544822319,-359.861515951173
0.0034688063857599,34.3348626191648,-359.860876525142
0.00348482301973357,34.3348708314205,-359.860234146681
0.00350091360783881,34.3348791196962,-359.859588802157
0.00351707849154647,34.3348874846959,-359.858940477877
0.00353331801390408,34.3348959271297,-359.85828916008
0.00354963251954313,34.3349044477146,-359.857634834947
0.00356602235468641,34.3349130471741,-359.85697748859
0.00358248786715532,34.3349217262384,-359.85631710706
0.00359902940637725,34.3349304856444,-359.855653676343
0.00361564732339305,34.334939326136,-359.85498718236
0.00363234197086441,34.3349482484639,-359.854317610967
0.00364911370308139,34.3349572533857,-359.853644947955
0.00366596287596994,34.3349663416659,-359.852969179049
0.0036828898470994,34.3349755140765,-359.852290289908
0.00369989497569017,34.3349847713963,-359.851608266125
0.00371697862262127,34.3349941144113,-359.850923093227
0.00373414115043801,34.3350035439149,-359.850234756674
0.0037513829233597,34.3350130607079,-359.849543241858
0.00376870430728738,34.3350226655983,-359.848848534103
0.00378610566981156,34.3350323594019,-359.848150618669
0.00380358738022006,34.3350421429417,-359.847449480743
0.00382114980950581,34.3350520170486,-359.846745105447
0.00383879333037473,34.3350619825611,-359.846037477833
0.00385651831725367,34.3350720403254,-359.845326582885
0.00387432514629832,34.3350821911955,-359.844612405515
0.0038922141954012,34.3350924360336,-359.843894930569
0.0039101858441997,34.3351027757096,-359.84317414282
0.00392824047408411,34.3351132111014,-359.842450026973
0.00394637846820573,34.3351237430954,-359.841722567661
0.003964600211485,34.3351343725858,-359.840991749446
0.00398290609061967,34.3351451004753,-359.840257556819
0.00400129649409299,34.335155927675,-359.8395199742
0.00401977181218198,34.3351668551042,-359.838778985936
0.00403833243696568,34.3351778836911,-359.838034576303
0.00405697876233351,34.335189014372,-359.837286729503
0.00407571118399359,34.3352002480923,-359.836535429666
0.00409453009948118,34.3352115858059,-359.835780660848
0.00411343590816707,34.3352230284757,-359.835022407033
0.00413242901126608,34.3352345770734,-359.834260652129
0.0041515098118456,34.3352462325798,-359.833495379971
0.00417067871483407,34.3352579959847,-359.832726574319
0.00418993612702966,34.335269868287,-359.831954218857
0.00420928245710884,34.335281850495,-359.831178297196
0.00422871811563509,34.3352939436263,-359.83039879287
0.00424824351506759,34.335306148708,-359.829615689336
0.00426785906976997,34.3353184667764,-359.828828969975
0.00428756519601914,34.3353308988778,-359.828038618094
0.00430736231201409,34.3353434460679,-359.827244616919
0.00432725083788475,34.3353561094123,-359.826446949602
0.00434723119570096,34.3353688899865,-359.825645599213
0.0043673038094814,34.3353817888758,-359.824840548749
0.00438746910520255,34.3353948071759,-359.824031781124
0.0044077275108078,34.3354079459921,-359.823219279177
0.00442807945621649,34.3354212064405,-359.822403025663
0.00444852537333302,34.3354345896472,-359.821583003263
0.00446906569605606,34.3354480967488,-359.820759194573
0.00448970086028773,34.3354617288925,-359.819931582112
0.00451043130394285,34.3354754872359,-359.819100148316
0.00453125746695823,34.3354893729477,-359.818264875542
0.00455217979130204,34.3355033872072,-359.817425746065
0.00457319872098313,34.3355175312045,-359.816582742077
0.00459431470206052,34.3355318061409,-359.815735845688
0.00461552818265282,34.3355462132289,-359.814885038926
0.00463683961294774,34.335560753692,-359.814030303737
0.00465824944521168,34.3355754287652,-359.813171621982
0.00467975813379928,34.3355902396949,-359.812308975439
0.00470136613516311,34.335605187739,-359.811442345801
0.00472307390786333,34.3356202741671,-359.810571714677
0.0047448819125774,34.3356355002606,-359.809697063593
0.0047667906121099,34.3356508673127,-359.808818373986
0.00478880047140234,34.3356663766285,-359.80793562721
0.004810911957543,34.3356820295254,-359.807048804533
0.00483312553977689,34.3356978273329,-359.806157887134
0.00485544168951566,34.3357137713926,-359.805262856109
0.00487786088034762,34.335729863059,-359.804363692462
0.0049003835880478,34.3357461036987,-359.803460377113
0.00492301029058806,34.3357624946912,-359.802552890893
0.0049457414681472,34.3357790374288,-359.801641214544
0.00496857760312115,34.3357957333164,-359.80072532872
0.00499151918013324,34.3358125837723,-359.799805213983
0.00501456668604448,34.3358295902277,-359.798880850809
0.00503772060996386,34.3358467541271,-359.797952219581
0.00506098144325875,34.3358640769285,-359.797019300594
0.00508434967956533,34.3358815601032,-359.796082074049
0.00510782581479906,34.3358992051363,-359.795140520057
0.00513141034716522,34.3359170135266,-359.794194618639
0.00515510377716945,34.3359349867868,-359.793244349721
0.00517890660762842,34.3359531264435,-359.792289693137
0.00520281934368043,34.3359714340377,-359.791330628629
0.0052268424927962,34.3359899111244,-359.790367135844
0.00525097656478962,34.3360085592731,-359.789399194336
0.00527522207182853,34.3360273800679,-359.788426783565
0.00529957952844564,34.3360463751076,-359.787449882896
0.00532404945154942,34.3360655460057,-359.786468471596
0.0053486323604351,34.3360848943907,-359.785482528841
0.00537332877679563,34.3361044219061,-359.784492033707
0.00539813922473283,34.3361241302108,-359.783496965176
0.00542306423076845,34.336144020979,-359.78249730213
0.00544810432385537,34.3361640959004,-359.781493023357
0.00547326003538882,34.3361843566803,-359.780484107544
0.00549853189921766,34.3362048050398,-359.779470533282
0.00552392045165571,34.3362254427161,-359.778452279061
0.00554942623149313,34.3362462714623,-359.777429323274
0.00557504978000786,34.3362672930479,-359.776401644212
0.00560079164097708,34.3362885092586,-359.775369220068
0.00562665236068879,34.336309921897,-359.774332028932
0.00565263248795337,34.336331532782,-359.773290048794
0.00567873257411526,34.3363533437495,-359.772243257543
0.00570495317306461,34.3363753566526,-359.771191632965
0.00573129484124909,34.3363975733613,-359.770135152743
0.00575775813768567,34.336419995763,-359.769073794459
0.00578434362397248,34.3364426257627,-359.76800753559
0.00581105186430075,34.3364654652829,-359.766936353508
0.00583788342546674,34.3364885162641,-359.765860225483
0.00586483887688384,34.3365117806646,-359.764779128678
0.00589191879059456,34.3365352604609,-359.763693040151
0.00591912374128277,34.3365589576479,-359.762601936855
0.00594645430628582,34.3365828742389,-359.761505795637
0.00597391106560681,34.3366070122658,-359.760404593234
0.00600149460192693,34.3366313737794,-359.75929830628
0.0060292055006178,34.3366559608497,-359.758186911297
0.00605704434975388,34.3366807755655,-359.757070384701
0.00608501174012497,34.3367058200352,-359.755948702799
0.00611310826524876,34.3367310963867,-359.754821841788
0.00614133452138339,34.3367566067676,-359.753689777756
0.00616969110754013,34.3367823533454,-359.752552486678
0.0061981786254961,34.3368083383078,-359.751409944422
0.00622679767980698,34.3368345638625,-359.750262126741
0.00625554887781993,34.3368610322379,-359.749109009279
0.00628443282968641,34.336887745683,-359.747950567565
0.00631345014837517,34.3369147064676,-359.746786777017
0.00634260144968523,34.3369419168827,-359.745617612939
0.00637188735225895,34.3369693792402,-359.744443050519
0.00640130847759519,34.3369970958737,-359.743263064834
0.00643086545006246,34.3370250691384,-359.742077630844
0.00646055889691219,34.3370533014112,-359.740886723392
0.00649038944829205,34.3370817950912,-359.739690317207
0.00652035773725929,34.3371105525996,-359.738488386902
0.00655046439979421,34.33713957638,-359.73728090697
0.00658071007481365,34.337168868899,-359.736067851788
0.00661109540418453,34.3371984326455,-359.734849195615
0.00664162103273749,34.337228270132,-359.73362491259
0.00667228760828056,34.3372583838939,-359.732394976733
0.00670309578161292,34.3372887764904,-359.731159361945
0.0067340462065387,34.3373194505042,-359.729918042005
0.00676513953988088,34.3373504085421,-359.728670990572
0.0067963764414952,34.3373816532349,-359.727418181184
0.00682775757428415,34.3374131872379,-359.726159587254
0.0068592836042111,34.337445013231,-359.724895182076
0.00689095520031437,34.337477133919,-359.723624938818
0.00692277303472147,34.3375095520317,-359.722348830526
0.00695473778266333,34.3375422703241,-359.721066830119
0.00698685012248865,34.337575291577,-359.719778910394
0.0070191107356783,34.3376086185968,-359.71848504402
0.00705152030685977,34.3376422542159,-359.717185203541
0.00708407952382169,34.337676201293,-359.715879361375
0.00711678907752847,34.3377104627135,-359.71456748981
0.0071496496621349,34.3377450413891,-359.71324956101
0.00718266197500093,34.337779940259,-359.711925547006
0.00721582671670645,34.3378151622892,-359.710595419704
0.00724914459106616,34.3378507104737,-359.709259150878
0.00728261630514451,34.3378865878337,-359.707916712171
0.0073162425692707,34.3379227974188,-359.706568075097
0.00735002409705376,34.3379593423068,-359.705213211039
0.00738396160539768,34.3379962256039,-359.703852091244
0.00741805581451664,34.3380334504453,-359.702484686831
0.0074523074479503,34.3380710199952,-359.701110968783
0.00748671723257912,34.338108937447,-359.69973090795
0.00752128589863982,34.3381472060239,-359.698344475046
0.00755601417974089,34.3381858289789,-359.696951640652
0.00759090281287809,34.3382248095953,-359.69555237521
0.00762595253845017,34.3382641511865,-359.69414664903
0.00766116410027454,34.338303857097,-359.692734432282
0.00769653824560304,34.3383439307022,-359.691315694998
0.00773207572513785,34.3383843754087,-359.689890407072
0.00776777729304739,34.3384251946547,-359.688458538261
0.00780364370698231,34.3384663919106,-359.687020058179
0.00783967572809157,34.3385079706785,-359.685574936304
0.00787587412103866,34.3385499344934,-359.684123141968
0.00791223965401773,34.3385922869227,-359.682664644366
0.00794877309876997,34.3386350315673,-359.681199412549
0.00798547523059992,34.3386781720612,-359.679727415424
0.008022346828392,34.3387217120722,-359.678248621755
0.00805938867462696,34.3387656553022,-359.676763000164
0.00809660155539856,34.3388100054872,-359.675270519125
0.00813398626043019,34.3388547663981,-359.673771146969
0.00817154358309167,34.3388999418407,-359.672264851879
0.00820927432041606,34.3389455356561,-359.670751601891
0.0082471792731166,34.338991551721,-359.669231364897
0.00828525924560368,34.3390379939481,-359.667704108635
0.00832351504600192,34.3390848662863,-359.666169800699
0.00836194748616734,34.3391321727214,-359.66462840853
0.00840055738170455,34.3391799172758,-359.663079899422
0.00843934555198408,34.3392281040095,-359.661524240515
0.00847831282015977,34.3392767370201,-359.6599613988
0.00851746001318623,34.3393258204431,-359.658391341112
0.00855678796183641,34.3393753584526,-359.656814034137
0.0085962975007192,34.3394253552611,-359.655229444404
0.00863598946829716,34.3394758151206,-359.653637538289
0.00867586470690431,34.3395267423221,-359.652038282013
0.00871592406276401,34.3395781411968,-359.650431641641
0.00875616838600692,34.3396300161159,-359.64881758308
0.00879659853068902,34.3396823714911,-359.647196072081
0.00883721535480978,34.3397352117752,-359.645567074237
0.00887801972033031,34.3397885414623,-359.64393055498
0.00891901249319168,34.3398423650881,-359.642286479587
0.00896019454333334,34.3398966872304,-359.640634813169
0.00900156674471148,34.3399515125095,-359.638975520681
0.00904312997531768,34.3400068455887,-359.637308566912
0.00908488511719749,34.3400626911745,-359.635633916492
0.00912683305646915,34.3401190540169,-359.633951533885
0.0091689746833424,34.3401759389103,-359.632261383393
0.00921131089213739,34.3402333506934,-359.630563429152
0.00925384258130364,34.3402912942499,-359.628857635133
0.0092965706534391,34.3403497745087,-359.62714396514
0.00933949601530933,34.3404087964446,-359.625422382811
0.00938261957786672,34.3404683650784,-359.623692851616
0.00942594225626981,34.3405284854778,-359.621955334855
0.00946946496990277,34.3405891627573,-359.62020979566
0.00951318864239486,34.3406504020789,-359.618456196991
0.00955711420164003,34.3407122086525,-359.616694501641
0.00960124257981663,34.3407745877366,-359.614924672227
0.0096455747134072,34.3408375446382,-359.613146671195
0.00969011154321832,34.3409010847138,-359.611360460818
0.0097348540144006,34.3409652133695,-359.609566003195
0.0097798030764687,34.3410299360616,-359.607763260249
0.00982495968332155,34.3410952582972,-359.605952193729
0.00987032479326249,34.3411611856344,-359.604132765205
0.0099158993690197,34.3412277236829,-359.602304936071
0.0099616843777666,34.3412948781045,-359.600468667543
0.0100076807911424,34.3413626546138,-359.598623920658
0.0100538895852726,34.3414310589781,-359.596770656273
0.0101003117407898,34.3415000970185,-359.594908835064
0.0101469482428547,34.3415697746101,-359.593038417526
0.0101938000811766,34.3416400976825,-359.59115936397
0.0102408682500347,34.3417110722204,-359.589271634526
0.0102881537482991,34.3417827042642,-359.58737518914
0.010335657579452,34.3418549999103,-359.58546998757
0.0103833807516091,34.3419279653118,-359.583555989393
0.0104313242775408,34.3420016066787,-359.581633153995
0.0104794891746939,34.342075930279,-359.579701440578
0.0105278764652129,34.3421509424387,-359.577760808153
0.0105764871759622,34.3422266495428,-359.575811215543
0.0106253223385472,34.3423030580354,-359.57385262138
0.0106743829893369,34.3423801744206,-359.571884984108
0.0107236701694853,34.3424580052627,-359.569908261976
0.010773184924954,34.3425365571874,-359.567922413042
0.0108229283065339,34.3426158368815,-359.565927395169
0.0108729013698679,34.3426958510943,-359.563923166027
0.0109231051754732,34.3427766066375,-359.561909683089
0.0109735407887636,34.3428581103864,-359.559886903634
0.0110242092800724,34.3429403692799,-359.557854784741
0.0110751117246749,34.3430233903216,-359.555813283294
0.0111262492028114,34.3431071805801,-359.553762355975
0.01117762279971,34.3431917471897,-359.551701959269
0.0112292336056096,34.343277097351,-359.549632049457
0.0112810827157831,34.3433632383314,-359.54755258262
0.0113331712305607,34.3434501774661,-359.545463514638
0.0113855002553533,34.3435379221583,-359.543364801183
0.0114380709006754,34.34362647988,-359.541256397727
0.0114908842821697,34.3437158581729,-359.539138259533
0.0115439415206299,34.3438060646483,-359.53701034166
0.0115972437420246,34.3438971069889,-359.534872598957
0.0116507920775218,34.3439889929483,-359.532724986068
0.0117045876635122,34.3440817303524,-359.530567457424
0.0117586316416335,34.3441753270999,-359.528399967249
0.011812925158795,34.3442697911629,-359.526222469553
0.0118674693672016,34.3443651305875,-359.524034918136
0.011922265424378,34.3444613534948,-359.521837266583
0.0119773144931941,34.3445584680814,-359.519629468265
0.0120326177418887,34.3446564826199,-359.517411476339
0.0120881763440949,34.34475540546,-359.515183243746
0.012143991478865,34.3448552450293,-359.512944723207
0.0122000643306952,34.3449560098332,-359.510695867228
0.012256396089551,34.3450577084567,-359.508436628095
0.0123129879508922,34.3451603495646,-359.506166957872
0.0123698411156988,34.3452639419019,-359.503886808404
0.0124269567904957,34.3453684942954,-359.501596131313
0.0124843361873791,34.3454740156539,-359.499294877997
0.0125419805240415,34.3455805149689,-359.49698299963
0.0125998910237982,34.3456880013158,-359.494660447162
0.0126580689156127,34.3457964838541,-359.492327171316
0.0127165154341232,34.345905971829,-359.489983122585
0.0127752318196687,34.3460164745712,-359.487628251238
0.0128342193183151,34.3461280014987,-359.485262507311
0.0128934791818817,34.3462405621167,-359.482885840611
0.0129530126679682,34.3463541660193,-359.480498200713
0.0130128210399808,34.3464688228896,-359.47809953696
0.0130729055671593,34.3465845425008,-359.475689798459
0.0131332675246041,34.3467013347172,-359.473268934086
0.0131939081933031,34.3468192094949,-359.470836892476
0.013254828860159,34.3469381768826,-359.468393622032
0.0133160308180164,34.3470582470226,-359.465939070915
0.0133775153656896,34.3471794301516,-359.46347318705
0.0134392838079898,34.3473017366017,-359.460995918118
0.013501337455753,34.3474251768011,-359.458507211563
0.0135636776258679,34.3475497612749,-359.456007014583
0.0136263056413034,34.3476755006467,-359.453495274133
0.0136892228311374,34.3478024056385,-359.450971936925
0.0137524305305842,34.3479304870725,-359.448436949422
0.0138159300810235,34.3480597558716,-359.445890257844
0.0138797228300285,34.3481902230603,-359.443331808159
0.0139438101313945,34.348321899766,-359.440761546087
0.0140081933451679,34.3484547972195,-359.438179417099
0.0140728738376748,34.3485889267565,-359.435585366413
0.01413785298155,34.3487242998181,-359.432979338994
0.0142031321557664,34.348860927952,-359.430361279553
0.014268712745664,34.3489988228136,-359.427731132547
0.0143345961429793,34.3491379961667,-359.425088842176
0.0144007837458749,34.349278459885,-359.422434352382
0.0144672769589693,34.3494202259527,-359.419767606849
0.0145340771933666,34.3495633064655,-359.417088549002
0.0146011858666863,34.349707713632,-359.414397122003
0.0146686044030936,34.3498534597748,-359.411693268753
0.0147363342333295,34.350000557331,-359.40897693189
0.0148043767947414,34.3501490188538,-359.406248053785
0.0148727335313131,34.3502988570134,-359.403506576546
0.014941405893696,34.3504500845981,-359.400752442012
0.0150103953392395,34.3506027145155,-359.397985591754
0.0150797033320221,34.3507567597935,-359.395205967075
0.0151493313428826,34.3509122335814,-359.392413509004
0.0152192808494509,34.3510691491513,-359.389608158301
0.0152895533361797,34.3512275198989,-359.386789855451
0.015360150294376,34.3513873593449,-359.383958540664
0.0154310732222325,34.3515486811362,-359.381114153877
0.0155023236248598,34.3517114990469,-359.378256634746
0.0155739030143178,34.3518758269796,-359.375385922651
0.0156458129096483,34.3520416789666,-359.372501956691
0.0157180548369069,34.3522090691711,-359.369604675686
0.0157906303291957,34.3523780118885,-359.366694018173
0.0158635409266953,34.3525485215475,-359.363769922403
0.0159367881766981,34.3527206127117,-359.360832326345
0.0160103736336409,34.3528943000803,-359.357881167681
0.0160842988591376,34.3530695984898,-359.354916383805
0.0161585654220128,34.3532465229153,-359.351937911823
0.0162331748983348,34.3534250884716,-359.34894568855
0.0163081288714492,34.3536053104146,-359.34593965051
0.0163834289320123,34.3537872041426,-359.342919733934
0.0164590766780251,34.3539707851977,-359.339885874759
0.0165350737148672,34.3541560692672,-359.336838008626
0.0166114216553304,34.3543430721848,-359.33377607088
0.0166881221196538,34.3545318099321,-359.330699996566
0.0167651767355573,34.35472229864,-359.327609720432
0.0168425871382768,34.3549145545901,-359.324505176923
0.0169203549705982,34.3551085942161,-359.321386300182
0.0169984818828932,34.355304434105,-359.318253024048
0.0170769695331536,34.3555020909991,-359.315105282055
0.0171558195870265,34.355701581797,-359.31194300743
0.0172350337178503,34.3559029235551,-359.308766133094
0.0173146136066892,34.3561061334894,-359.305574591656
0.01739456094237,34.3563112289768,-359.302368315416
0.0174748774215169,34.3565182275564,-359.299147236359
0.0175555647485883,34.3567271469315,-359.29591128616
0.0176366246359125,34.3569380049709,-359.292660396176
0.0177180588037243,34.3571508197102,-359.289394497449
0.0177998689802011,34.357365609354,-359.286113520702
0.0178820569015004,34.3575823922769,-359.282817396338
0.0179646243117956,34.3578011870254,-359.279506054441
0.0180475729633138,34.3580220123196,-359.27617942477
0.0181309046163727,34.3582448870546,-359.272837436762
0.0182146210394178,34.3584698303022,-359.269480019527
0.0182987240090604,34.3586968613129,-359.26610710185
0.0183832153101147,34.3589259995169,-359.262718612185
0.0184680967356361,34.3591572645267,-359.259314478659
0.0185533700869593,34.359390676138,-359.255894629064
0.0186390371737361,34.3596262543319,-359.252458990862
0.0187250998139743,34.3598640192767,-359.249007491178
0.0188115598340757,34.3601039913293,-359.245540056804
0.0188984190688756,34.3603461910372,-359.242056614191
0.0189856793616812,34.3605906391405,-359.238557089453
0.0190733425643107,34.3608373565733,-359.235041408363
0.019161410537133,34.3610863644659,-359.23150949635
0.0192498851491069,34.3613376841465,-359.227961278501
0.0193387682778206,34.3615913371431,-359.224396679557
0.019428061809532,34.3618473451853,-359.220815623911
0.0195177676392083,34.3621057302065,-359.217218035609
0.0196078876705665,34.3623665143455,-359.213603838345
0.0196984238161138,34.3626297199485,-359.209972955463
0.0197893779971877,34.3628953695715,-359.206325309951
0.0198807521439976,34.3631634859815,-359.202660824444
0.0199725481956651,34.3634340921593,-359.19897942122
0.0200647681002653,34.3637072113009,-359.195281022197
0.0201574138148684,34.3639828668201,-359.191565548935
0.0202504873055809,34.3642610823501,-359.187832922631
0.0203439905475876,34.3645418817458,-359.184083064119
0.0204379255251932,34.364825289086,-359.180315893868
0.0205322942318647,34.3651113286752,-359.17653133198
0.0206270986702737,34.3654000250462,-359.172729298188
0.0207223408523386,34.3656914029619,-359.168909711858
0.0208180227992677,34.3659854874175,-359.16507249198
0.0209141465416017,34.3662823036431,-359.161217557172
0.0210107141192572,34.3665818771054,-359.157344825679
0.0211077275815695,34.3668842335104,-359.153454215366
0.0212051889873365,34.3671893988054,-359.14954564372
0.0213031004048624,34.3674973991814,-359.145619027849
0.0214014639120013,34.3678082610755,-359.141674284478
0.0215002815962014,34.368122011173,-359.137711329947
0.0215995555545494,34.3684386764101,-359.133730080211
0.0216992878938149,34.3687582839759,-359.129730450839
0.0217994807304954,34.3690808613154,-359.125712357009
0.0219001361908606,34.3694064361311,-359.121675713509
0.0220012564109981,34.3697350363862,-359.117620434732
0.0221028435368586,34.3700666903069,-359.11354643468
0.0222048997243012,34.3704014263846,-359.109453626955
0.0223074271391394,34.3707392733788,-359.105341924762
0.0224104279571869,34.3710802603195,-359.101211240908
0.0225139043643041,34.3714244165097,-359.097061487794
0.022617858556444,34.3717717715284,-359.092892577421
0.0227222927396991,34.3721223552326,-359.088704421381
0.0228272091303481,34.3724761977605,-359.084496930862
0.0229326099549032,34.3728333295341,-359.08027001664
0.0230384974501571,34.3731937812615,-359.07602358908
0.0231448738632303,34.3735575839404,-359.071757558136
0.0232517414516191,34.37392476886,-359.067471833343
0.0233591024832437,34.3742953676045,-359.063166323823
0.0234669592364956,34.3746694120556,-359.058840938276
0.0235753140002867,34.3750469343953,-359.054495584985
0.0236841690740974,34.375427967109,-359.050130171806
0.0237935267680256,34.3758125429883,-359.045744606173
0.0239033894028359,34.3762006951338,-359.041338795092
0.0240137593100083,34.3765924569583,-359.036912645142
0.0241246388317882,34.3769878621897,-359.03246606247
0.024236030321236,34.3773869448739,-359.02799895279
0.0243479361422768,34.3777897393781,-359.023511221384
0.0244603586697508,34.3781962803937,-359.019002773095
0.0245733002894636,34.3786066029396,-359.014473512329
0.0246867633982371,34.3790207423649,-359.009923343051
0.0248007504039597,34.3794387343529,-359.005352168782
0.024915263725638,34.3798606149234,-359.000759892601
0.0250303057934482,34.3802864204364,-358.996146417139
0.0251458790487871,34.3807161875957,-358.991511644579
0.0252619859443245,34.3811499534514,-358.986855476651
0.0253786289440546,34.3815877554039,-358.982177814635
0.0254958105233492,34.382029631207,-358.977478559355
0.0256135331690094,34.3824756189715,-358.972757611178
0.0257317993793187,34.3829257571684,-358.968014870013
0.025850611664096,34.3833800846324,-358.963250235306
0.0259699725447491,34.3838386405657,-358.95846360604
0.0260898845543277,34.3843014645412,-358.953654880734
0.0262103502375775,34.3847685965064,-358.948823957438
0.0263313721509943,34.3852400767866,-358.943970733734
0.0264529528628779,34.385715946089,-358.939095106731
0.0265750949533868,34.3861962455061,-358.934196973063
0.0266978010145931,34.3866810165197,-358.92927622889
0.0268210736505373,34.3871703010043,-358.924332769892
0.0269449154772835,34.3876641412312,-358.919366491269
0.0270693291229753,34.3881625798723,-358.914377287739
0.0271943172278909,34.3886656600036,-358.909365053534
0.0273198824445,34.38917342511,-358.904329682398
0.0274460274375194,34.3896859190882,-358.899271067589
0.0275727548839698,34.3902031862515,-358.894189101869
0.0277000674732325,34.3907252713335,-358.889083677509
0.0278279679071069,34.3912522194923,-358.883954686282
0.027956458899867,34.3917840763143,-358.878802019465
0.0280855431783201,34.3923208878189,-358.873625567832
0.0282152234818635,34.3928627004623,-358.868425221654
0.0283455025625437,34.3934095611421,-358.863200870698
0.028476383185114,34.393961517201,-358.857952404223
0.0286078681270935,34.3945186164319,-358.852679710976
0.0287399601788263,34.3950809070817,-358.847382679196
0.0288726621435401,34.395648437856,-358.842061196602
0.0290059768374062,34.3962212579235,-358.836715150401
0.0291399070895992,34.3967994169204,-358.831344427277
0.0292744557423568,34.3973829649554,-358.825948913393
0.0294096256510402,34.3979719526137,-358.82052849439
0.029545419684195,34.3985664309621,-358.81508305538
0.0296818407236116,34.3991664515535,-358.809612480946
0.0298188916643866,34.3997720664318,-358.804116655142
0.0299565754149844,34.4003833281366,-358.798595461485
0.0300948948972986,34.401000289708,-358.793048782958
0.0302338530467142,34.4016230046917,-358.787476502005
0.0303734528121698,34.4022515271438,-358.781878500528
0.0305136971562203,34.4028859116357,-358.776254659887
0.0306545890550996,34.4035262132597,-358.770604860892
0.0307961314987841,34.4041724876331,-358.76492898381
0.0309383274910557,34.4048247909046,-358.759226908351
0.0310811800495657,34.4054831797584,-358.753498513676
0.0312246922058991,34.4061477114202,-358.747743678388
0.0313688670056387,34.4068184436623,-358.74196228053
0.0315137075084297,34.4074954348087,-358.736154197585
0.0316592167880447,34.4081787437411,-358.730319306473
0.031805397932449,34.408868429904,-358.724457483546
0.0319522540438659,34.4095645533101,-358.718568604587
0.032099788238843,34.4102671745466,-358.712652544808
0.0322480036483177,34.4109763547798,-358.706709178848
0.0323969034176842,34.4116921557621,-358.700738380765
0.0325464907068599,34.4124146398365,-358.694740024042
0.0326967686903528,34.4131438699434,-358.688713981577
0.0328477405573284,34.4138799096262,-358.682660125686
0.0329994095116778,34.414622823037,-358.676578328093
0.0331517787720855,34.4153726749431,-358.670468459936
0.0333048515720978,34.4161295307327,-358.664330391759
0.0334586311601911,34.4168934564212,-358.658163993509
0.0336131207998415,34.4176645186575,-358.651969134536
0.0337683237695932,34.4184427847303,-358.645745683588
0.033924243363129,34.4192283225743,-358.639493508811
0.0340808828893393,34.4200212007766,-358.633212477743
0.0342382456723932,34.4208214885834,-358.626902457312
0.0343963350518081,34.4216292559066,-358.620563313836
0.0345551543825214,34.42244457333,-358.614194913017
0.0347147070349613,34.4232675121164,-358.607797119938
0.0348749963951184,34.4240981442144,-358.601369799064
0.0350360258646174,34.4249365422647,-358.594912814235
0.0351977988607896,34.4257827796078,-358.588426028666
0.0353603188167452,34.4266369302904,-358.581909304941
0.0355235891814461,34.4274990690727,-358.575362505014
0.0356876134197795,34.4283692714355,-358.568785490203
0.0358523950126309,34.4292476135874,-358.56217812119
0.0360179374569581,34.4301341724721,-358.555540258014
0.0361842442658659,34.4310290257756,-358.548871760072
0.0363513189686799,34.4319322519342,-358.542172486114
0.036519165111022,34.4328439301414,-358.535442294241
0.0366877862548854,34.4337641403556,-358.528681041902
0.03685718597871,34.4346929633084,-358.52188858589
0.0370273678774587,34.4356304805115,-358.515064782339
0.0371983355626937,34.4365767742652,-358.508209486723
0.0373700926626527,34.4375319276662,-358.501322553851
0.0375426428223264,34.4384960246152,-358.494403837866
0.0377159897035354,34.4394691498259,-358.487453192238
0.0378901369850084,34.4404513888323,-358.480470469765
0.0380650883624598,34.4414428279975,-358.47345552257
0.0382408475486686,34.4424435545219,-358.466408202093
0.0384174182735567,34.4434536564519,-358.459328359094
0.0385948042842683,34.4444732226881,-358.452215843647
0.0387730093452495,34.4455023429945,-358.445070505135
0.0389520372383282,34.4465411080065,-358.437892192252
0.0391318917627941,34.4475896092405,-358.430680752995
0.0393125767354795,34.4486479391025,-358.423436034661
0.0394940959908403,34.449716190897,-358.41615788385
0.0396764533810375,34.4507944588366,-358.408846146453
0.0398596527760185,34.4518828380508,-358.401500667656
0.0400436980635998,34.4529814245955,-358.394121291931
0.0402285931495492,34.4540903154626,-358.386707863038
0.0404143419576686,34.4552096085895,-358.379260224018
0.0406009484298776,34.4563394028685,-358.371778217193
0.0407884165262968,34.4574797981571,-358.364261684158
0.040976750225332,34.4586308952872,-358.356710465783
0.0411659535237588,34.4597927960759,-358.349124402205
0.041356030436807,34.4609656033346,-358.34150333283
0.0415469849982462,34.4621494208803,-358.333847096324
0.0417388212604713,34.4633443535452,-358.326155530613
0.0419315432945882,34.4645505071873,-358.318428472879
0.0421251551905007,34.465767988701,-358.310665759557
0.0423196610569971,34.466996906028,-358.30286722633
0.042515065021837,34.4682373681676,-358.295032708127
0.0427113712318397,34.4694894851882,-358.28716203912
0.0429085838529713,34.470753368238,-358.279255052719
0.0431067070704339,34.472029129556,-358.27131158157
0.0433057450887539,34.4733168824839,-358.263331457552
0.0435057021318714,34.4746167414768,-358.255314511769
0.0437065824432299,34.4759288221154,-358.247260574554
0.0439083902858662,34.4772532411172,-358.239169475459
0.044111129942501,34.4785901163487,-358.231041043254
0.0443148057156299,34.479939566837,-358.222875105925
0.0445194219276143,34.4813017127822,-358.214671490666
0.0447249829207736,34.4826766755693,-358.206430023882
0.0449314930574769,34.484064577781,-358.198150531178
0.0451389567202361,34.4854655432098,-358.189832837362
0.0453473783117983,34.486879696871,-358.181476766435
0.0455567622552399,34.4883071650151,-358.173082141596
0.0457671129940597,34.4897480751411,-358.164648785227
0.0459784349922741,34.4912025560094,-358.1561765189
0.0461907327345109,34.4926707376553,-358.147665163367
0.0464040107261051,34.4941527514021,-358.139114538558
0.0466182734931945,34.4956487298747,-358.130524463578
0.0468335255828154,34.4971588070135,-358.121894756703
0.0470497715629992,34.4986831180883,-358.113225235374
0.0472670160228696,34.500221799712,-358.104515716198
0.0474852635727397,34.5017749898552,-358.095766014938
0.04770451884421,34.5033428278601,-358.086975946516
0.0479247864902667,34.5049254544557,-358.078145325003
0.0481460711853803,34.5065230117719,-358.069273963619
0.0483683776256048,34.5081356433548,-358.060361674729
0.0485917105286777,34.5097634941812,-358.051408269836
0.0488160746341197,34.5114067106748,-358.042413559581
0.0490414747033353,34.5130654407204,-358.033377353737
0.0492679155197144,34.5147398336806,-358.024299461206
0.049495401888733,34.516430040411,-358.015179690013
0.0497239386380557,34.518136213276,-358.006017847307
0.0499535306176382,34.5198585061658,-357.996813739349
0.0501841826998298,34.5215970745116,-357.987567171516
0.0504158997794774,34.5233520753033,-357.978277948293
0.0506486867740286,34.5251236671053,-357.96894587327
0.0508825486236368,34.5269120100741,-357.959570749137
0.0511174902912657,34.5287172659752,-357.950152377681
0.0513535167627946,34.5305395982005,-357.940690559781
0.0515906330471243,34.5323791717856,-357.931185095404
0.0518288441762832,34.5342361534283,-357.921635783605
0.0520681552055346,34.5361107115059,-357.912042422513
0.0523085712134833,34.5380030160937,-357.90240480934
0.0525500973021838,34.5399132389833,-357.892722740364
0.0527927385972486,34.5418415537017,-357.882996010935
0.0530365002479567,34.5437881355298,-357.873224415465
0.0532813874273632,34.5457531615213,-357.863407747424
0.0535274053324088,34.5477368105229,-357.85354579934
0.0537745591840302,34.5497392631932,-357.84363836279
0.054022854227271,34.5517607020225,-357.833685228399
0.0542722957313927,34.5538013113535,-357.823686185832
0.0545228889899871,34.5558612774011,-357.813641023796
0.0547746393210879,34.5579407882733,-357.803549530028
0.0550275520672841,34.5600400339918,-357.793411491297
0.0552816325958334,34.5621592065133,-357.783226693395
0.0555368862987754,34.5642984997508,-357.772994921137
0.0557933185930472,34.5664581095954,-357.762715958353
0.0560509349205971,34.5686382339379,-357.752389587886
0.056309740748501,34.5708390726912,-357.742015591585
0.0565697415690783,34.5730608278129,-357.731593750303
0.0568309429000077,34.5753037033277,-357.721123843892
0.0570933502844454,34.5775679053507,-357.710605651197
0.0573569692911419,34.5798536421108,-357.700038950055
0.0576218055145605,34.5821611239741,-357.689423517285
0.0578878645749963,34.584490563468,-357.67875912869
0.0581551521186947,34.5868421753053,-357.668045559046
0.058423673817972,34.5892161764089,-357.657282582102
0.0586934353713354,34.5916127859367,-357.646469970574
0.058964442503604,34.5940322253065,-357.63560749614
0.0592367009660304,34.596474718222,-357.624694929437
0.0595102165364224,34.598940490698,-357.613732040051
0.0597849950192661,34.6014297710873,-357.602718596522
0.0600610422458488,34.6039427901066,-357.59165436633
0.0603383640743827,34.6064797808636,-357.580539115893
0.0606169663901293,34.6090409788844,-357.569372610568
0.0608968551055245,34.6116266221408,-357.558154614636
0.0611780361603037,34.6142369510783,-357.546884891308
0.0614605155216281,34.6168722086445,-357.535563202709
0.0617442991842113,34.6195326403178,-357.524189309885
0.0620293931704465,34.622218494136,-357.512762972789
0.0623158035305342,34.6249300207266,-357.50128395028
0.0626035363426107,34.6276674733357,-357.489752000119
0.0628925977128772,34.6304311078588,-357.47816687896
0.0631829937757291,34.6332211828713,-357.466528342351
0.0634747306938866,34.6360379596595,-357.454836144723
0.0637678146585249,34.6388817022521,-357.443090039391
0.0640622518894062,34.641752677452,-357.431289778543
0.0643580486350112,34.6446511548687,-357.419435113241
0.064655211172672,34.6475774069509,-357.40752579341
0.0649537458087054,34.6505317090199,-357.395561567839
0.0652536588785463,34.6535143393031,-357.383542184171
0.0655549567468825,34.6565255789681,-357.371467388901
0.0658576458077897,34.6595657121574,-357.359336927369
0.0661617324848672,34.6626350260231,-357.347150543756
0.0664672232313742,34.6657338107629,-357.334907981078
0.0667741245303666,34.6688623596556,-357.322608981184
0.0670824428948351,34.6720209690982,-357.310253284745
0.0673921848678425,34.6752099386422,-357.297840631255
0.0677033570226636,34.6784295710317,-357.285370759021
0.068015965962924,34.6816801722413,-357.27284340516
0.0683300183227403,34.6849620515144,-357.260258305593
0.0686455207668612,34.6882755214027,-357.247615195043
0.0689624799908087,34.6916208978055,-357.234913807023
0.0692809027210204,34.6949985000105,-357.222153873838
0.0696007957149919,34.6984086507337,-357.209335126574
0.0699221657614204,34.7018516761617,-357.196457295095
0.0702450196803489,34.7053279059931,-357.183520108039
0.0705693643233108,34.708837673481,-357.17052329281
0.0708952065734754,34.7123813154766,-357.157466575573
0.0712225533457935,34.7159591724725,-357.144349681253
0.071551411587145,34.7195715886475,-357.131172333521
0.0718817882764855,34.7232189119114,-357.117934254796
0.0722136904249951,34.7269014939507,-357.104635166238
0.0725471250762264,34.7306196902751,-357.091274787737
0.072882099306255,34.7343738602643,-357.077852837917
0.0732186202238285,34.7381643672159,-357.064369034122
0.0735566949705185,34.741991578394,-357.050823092414
0.0738963307208711,34.7458558650776,-357.037214727569
0.0742375346825601,34.7497576026112,-357.023543653067
0.0745803140965394,34.7536971704551,-357.009809581089
0.0749246762371966,34.7576749522366,-356.996012222514
0.0752706284125077,34.7616913358022,-356.982151286907
0.0756181779641922,34.7657467132704,-356.968226482519
0.0759673322678687,34.7698414810855,-356.954237516278
0.0763180987332112,34.7739760400715,-356.940184093783
0.076670484804107,34.7781507954883,-356.926065919301
0.0770244979588142,34.782366157087,-356.911882695761
0.0773801457101203,34.7866225391669,-356.897634124744
0.0777374356055022,34.7909203606338,-356.883319906482
0.0780963752272858,34.7952600450582,-356.868939739848
0.0784569721928071,34.799642020735,-356.854493322354
0.0788192341545739,34.8040667207441,-356.839980350144
0.0791831688004282,34.8085345830115,-356.825400517984
0.0795487838537094,34.8130460503721,-356.810753519264
0.0799160870734181,34.8176015706326,-356.796039045985
0.0802850862543805,34.8222015966358,-356.781256788753
0.0806557892274147,34.8268465863263,-356.766406436781
0.0810282038594956,34.8315370028164,-356.751487677873
0.0814023380539232,34.8362733144536,-356.736500198424
0.0817781997504892,34.8410559948887,-356.721443683412
0.0821557969256461,34.8458855231458,-356.706317816393
0.0825351375926764,34.8507623836924,-356.691122279492
0.0829162298018626,34.8556870665113,-356.6758567534
0.0832990816406579,34.8606600671733,-356.660520917368
0.0836837012338582,34.8656818869113,-356.645114449197
0.0840700967437739,34.8707530326952,-356.629637025236
0.0844582763704039,34.8758740173087,-356.614088320373
0.084848248351609,34.8810453594263,-356.598468008031
0.0852400209632871,34.8862675836927,-356.58277576016
0.0856336025195485,34.8915412208024,-356.567011247229
0.0860290013728927,34.8968668075816,-356.551174138226
0.0864262259143852,34.9022448870706,-356.535264100645
0.0868252845738362,34.907676008608,-356.519280800481
0.0872261858199789,34.9131607279161,-356.503223902226
0.0876289381606496,34.918699607188,-356.487093068863
0.0880335501429678,34.9242932151756,-356.470887961855
0.0884400303535183,34.9299421272796,-356.454608241143
0.0888483874185328,34.9356469256406,-356.438253565137
0.0892586300040733,34.9414081992322,-356.421823590711
0.0896707668162157,34.9472265439549,-356.405317973196
0.0900848066012351,34.9531025627324,-356.388736366372
0.0905007581457905,34.9590368656091,-356.372078422465
0.0909186302771125,34.9650300698489,-356.355343792136
0.0913384318631895,34.9710828000366,-356.338532124478
0.0917601718129565,34.9771956881805,-356.321643067006
0.0921838590764839,34.9833693738161,-356.304676265655
0.0926095026451678,34.989604504113,-356.287631364767
0.0930371115519204,34.9959017339827,-356.270508007091
0.0934666948713619,35.0022617261881,-356.25330583377
0.0938982617200131,35.0086851514554,-356.236024484341
0.0943318212564886,35.0151726885882,-356.218663596722
0.0947673826816915,35.0217250245827,-356.201222807207
0.0952049552390088,35.0283428547454,-356.183701750462
0.0956445482145069,35.0350268828134,-356.166100059515
0.0960861709371291,35.0417778210757,-356.14841736575
0.0965298327788938,35.0485963904977,-356.130653298901
0.096975543155093,35.0554833208472,-356.112807487044
0.0974233115244921,35.062439350823,-356.094879556589
0.097873147389531,35.0694652281858,-356.076869132278
0.0983250602965253,35.0765617098915,-356.058775837172
0.0987790598358693,35.0837295622264,-356.040599292645
0.0992351556422392,35.0909695609457,-356.022339118383
0.0996933573947978,35.0982824914139,-356.003994932368
0.1001536748174,35.1056691487477,-355.985566350878
0.100616117678798,35.1131303379621,-355.967052988476
0.101080695792852,35.1206668741189,-355.948454458005
0.101547419018733,35.1282795824776,-355.929770370579
0.102016297261137,35.1359692986494,-355.911000335579
0.102487340470492,35.1437368687543,-355.892143960642
0.102960558643172,35.151583149581,-355.873200851655
0.103435961821707,35.1595090087493,-355.85417061275
0.103913560094996,35.1675153248762,-355.835052846293
0.104393363598522,35.1756029877451,-355.815847152882
0.104875382514569,35.1837728984775,-355.796553131333
0.105359627072431,35.1920259697093,-355.777170378678
0.105846107548641,35.2003631257689,-355.757698490156
0.106334834267175,35.2087853028599,-355.738137059206
0.106825817599684,35.217293449247,-355.718485677456
0.107319067965705,35.2258885254453,-355.698743934724
0.107814595832887,35.2345715044134,-355.678911419001
0.10831241171721,35.2433433717503,-355.65898771645
0.108812526183213,35.2522051258964,-355.638972411395
0.109314949844211,35.2611577783379,-355.618865086318
0.109819693362527,35.2702023538158,-355.598665321845
0.110326767449714,35.2793398905387,-355.578372696744
0.110836182866785,35.2885714404002,-355.557986787916
0.111347950424439,35.2978980691999,-355.537507170385
0.111862080983293,35.30732085687,-355.516933417295
0.11237858545411,35.3168408977055,-355.496265099896
0.112897474798031,35.3264593005995,-355.475501787544
0.11341876002681,35.3361771892831,-355.454643047688
0.113942452203045,35.3459957025707,-355.433688445863
0.114468562440414,35.3559159946095,-355.412637545684
0.11499710190391,35.3659392351348,-355.391489908839
0.115528081810078,35.3760666097306,-355.370245095076
0.116061513427256,35.3862993200951,-355.348902662204
0.116597408075809,35.3966385843123,-355.327462166076
0.117135777128373,35.4070856371292,-355.305923160589
0.117676632010095,35.4176417302383,-355.284285197669
0.118219984198876,35.428308132567,-355.26254782727
0.118765845225614,35.4390861305723,-355.240710597363
0.119314226674449,35.4499770285426,-355.218773053926
0.11986514018301,35.460982148905,-355.196734740942
0.120418597442658,35.4721028325403,-355.174595200383
0.12097461019874,35.483340439104,-355.152353972212
0.121533190250834,35.4946963473546,-355.130010594364
0.122094349452999,35.5061719554893,-355.10756460275
0.122658099714032,35.5177686814866,-355.085015531237
0.123224452997712,35.5294879634566,-355.062362911649
0.123793421323062,35.5413312599996,-355.039606273757
0.1243650167646,35.5533000505717,-355.016745145267
0.124939251452597,35.5653958358594,-354.993779051816
0.125516137573332,35.5776201381624,-354.970707516964
0.126095687369352,35.5899745017846,-354.947530062185
0.126677913139733,35.6024604934349,-354.924246206855
0.127262827240341,35.6150797026359,-354.900855468253
0.127850442084089,35.6278337421431,-354.877357361544
0.12844077014121,35.6407242483732,-354.853751399776
0.129033823939512,35.6537528818422,-354.830037093869
0.129629616064649,35.6669213276138,-354.806213952609
0.130228159160389,35.6802312957584,-354.78228148264
0.130829465928878,35.693684521823,-354.758239188453
0.131433549130914,35.7072827673113,-354.734086572382
0.132040421586216,35.7210278201764,-354.709823134591
0.132650096173692,35.7349214953242,-354.685448373069
0.133262585831722,35.7489656351295,-354.660961783623
0.133877903558423,35.7631621099641,-354.636362859865
0.13449606241193,35.7775128187379,-354.611651093208
0.13511707551067,35.7920196894528,-354.586825972858
0.135740956033646,35.8066846797706,-354.561886985799
0.136367717220707,35.8215097775944,-354.536833616795
0.136997372372841,35.8364970016643,-354.511665348374
0.137629934852448,35.8516484021686,-354.486381660823
0.138265418083625,35.8669660613687,-354.460982032177
0.138903835552456,35.8824520942415,-354.435465938215
0.139545200807293,35.8981086491363,-354.409832852446
0.140189527459045,35.9139379084493,-354.384082246108
0.140836829181468,35.929942089315,-354.358213588152
0.141487119711453,35.9461234443149,-354.332226345237
0.14214041284932,35.962484262205,-354.306119981724
0.14279672245911,35.9790268686615,-354.279893959664
0.143456062468877,35.9957536270461,-354.25354773879
0.144118446870987,36.0126669391916,-354.227080776511
0.144783889722414,36.0297692462071,-354.200492527901
0.145452405145035,36.0470630293059,-354.173782445692
0.146124007325936,36.0645508106536,-354.146949980266
0.146798710517706,36.0822351542405,-354.119994579643
0.147476529038746,36.1001186667759,-354.092915689479
0.148157477273567,36.118203998608,-354.065712753052
0.148841569673101,36.1364938446669,-354.038385211254
0.149528820755003,36.1549909454352,-354.010932502587
0.15021924510396,36.1736980879434,-353.983354063149
0.150912857372004,36.1926181067944,-353.95564932663
0.151609672278817,36.211753885215,-353.927817724299
0.152309704612051,36.2311083561375,-353.899858685002
0.153012969227632,36.2506845033112,-353.871771635145
0.153719481050086,36.2704853624453,-353.843555998694
0.154429255072848,36.2905140223845,-353.81521119716
0.155142306358582,36.3107736263178,-353.786736649596
0.155858650039503,36.3312673730219,-353.758131772582
0.156578301317695,36.3519985181404,-353.729395980224
0.157301275465436,36.3729703755006,-353.700528684139
0.158027587825522,36.3941863184684,-353.671529293451
0.158757253811589,36.4156497813424,-353.642397214779
0.159490288908447,36.4373642607905,-353.613131852233
0.1602267086724,36.4593333173279,-353.583732607401
0.160966528731584,36.4815605768398,-353.554198879342
0.161709764786295,36.5040497321498,-353.52453006458
0.16245643260932,36.5268045446361,-353.494725557091
0.163206548046276,36.5498288458964,-353.464784748299
0.163960127015945,36.5731265394638,-353.434707027064
0.164717185510611,36.5967016025758,-353.404491779677
0.165477739596399,36.6205580879984,-353.374138389848
0.166241805413617,36.6447001259067,-353.3436462387
0.167009399177098,36.6691319258242,-353.31301470476
0.167780537176544,36.6938577786248,-353.28224316395
0.168555235776874,36.7188820585967,-353.25133098958
0.169333511418566,36.7442092255738,-353.220277552337
0.170115380618012,36.7698438271348,-353.189082220281
0.170900859967865,36.7957905008746,-353.15774435883
0.171689966137389,36.8220539767486,-353.126263330759
0.172482715872821,36.8486390794951,-353.094638496187
0.173279125997716,36.8755507311378,-353.06286921257
0.174079213413311,36.9027939535708,-353.030954834692
0.174882995098882,36.9303738712308,-352.998894714658
0.175690488112103,36.9582957138601,-352.966688201885
0.17650170958941,36.9865648193624,-352.934334643093
0.177316676746362,37.015186636757,-352.901833382299
0.17813540687801,37.0441667292349,-352.869183760805
0.17895791735926,37.0735107773205,-352.836385117194
0.179784225645246,37.1032245821443,-352.803436787319
0.180614349271696,37.1333140688301,-352.770338104297
0.181448305855307,37.1637852900033,-352.737088398496
0.182286113094119,37.1946444294236,-352.703686997536
0.183127788767889,37.2258978057483,-352.67013322627
0.183973350738469,37.2575518764327,-352.636426406784
0.184822816950185,37.2896132417722,-352.602565858387
0.185676205430218,37.3220886490929,-352.568550897599
0.186533534288988,37.354984997098,-352.534380838149
0.187394821720534,37.3883093403757,-352.500054990964
0.188260086002905,37.4220688940769,-352.46557266416
0.189129345498545,37.4562710387703,-352.430933163036
0.190002618654685,37.4909233254822,-352.396135790065
0.190879924003731,37.5260334809307,-352.361179844889
0.191761280163659,37.5616094129627,-352.326064624306
0.192646705838414,37.5976592162032,-352.290789422266
0.193536219818299,37.6341911779272,-352.255353529863
0.19442984098038,37.6712137841641,-352.219756235326
0.195327588288885,37.7087357260476,-352.183996824012
0.196229480795606,37.7467659064204,-352.1480745784
0.197135537640303,37.7853134467081,-352.111988778079
0.198045778051111,37.8243876940751,-352.075738699746
0.198960221344947,37.8639982288759,-352.039323617192
0.199878886927923,37.9041548724171,-352.002742801303
0.200801794295751,37.9448676950461,-351.965995520046
0.201728963034166,37.9861470245821,-351.929081038461
0.202660412819335,38.0280034551081,-351.891998618659
0.203596163418274,38.0704478561418,-351.854747519812
0.204536234689274,38.1134913822056,-351.817326998145
0.205480646582316,38.1571454828166,-351.779736306929
0.206429419139497,38.201421912919,-351.741974696475
0.207382572495454,38.2463327437823,-351.704041414127
0.208340126877795,38.2918903743911,-351.665935704253
0.209302102607524,38.3381075433529,-351.62765680824
0.210268520099474,38.3849973413523,-351.589203964488
0.211239399862739,38.4325732241829,-351.5505764084
0.212214762501112,38.4808490263878,-351.511773372376
0.213194628713519,38.5298389755448,-351.472794085811
0.214179019294462,38.5795577072326,-351.43363777508
0.215167955134456,38.630020280716,-351.39430366354
0.216161457220476,38.6812421953949,-351.354790971516
0.2171595466364,38.7332394080591,-351.315098916302
0.218162244563457,38.7860283509988,-351.275226712147
0.219169572280677,38.8396259510216,-351.235173570255
0.220181551165344,38.8940496494307,-351.194938698774
0.221198202693445,38.9493174230235,-351.154521302795
0.222219548440131,39.0054478061742,-351.113920584339
0.223245610080173,39.0624599140676,-351.073135742359
0.22427640938842,39.1203734671571,-351.032165972728
0.225311968240263,39.179208816925,-350.991010468235
0.2263523086121,39.2389869730305,-350.94966841858
0.2273974525818,39.2997296319336,-350.908139010368
0.228447422329175,39.3614592070946,-350.866421427103
0.229502240136445,39.4241988608535,-350.824514849183
0.230561928388719,39.4879725381025,-350.782418453894
0.231626509574463,39.5528050018741,-350.740131415406
0.232696006285978,39.6187218709784,-350.697652904765
0.233770441219884,39.6857496598303,-350.654982089892
0.234849837177598,39.7539158206235,-350.612118135574
0.235934217065819,39.823248788019,-350.569060203462
0.237023603897012,39.8937780265287,-350.525807452065
0.238118020789902,39.9655340807935,-350.482359036745
0.239217490969957,40.0385486289692,-350.438714109712
0.240322037769886,40.1128545394547,-350.394871820021
0.241431684630134,40.1884859312158,-350.350831313567
0.242546455099377,40.2654782379831,-350.306591733082
0.243666372835024,40.3438682766244,-350.262152218126
0.244791461603718,40.4236943200238,-350.21751190509
0.245921745281839,40.5049961748272,-350.172669927186
0.247057247856014,40.5878152644502,-350.127625414447
0.248197993423623,40.672194717782,-350.082377493723
0.249344006193314,40.7581794640595,-350.036925288675
0.250495310485511,40.8458163344361,-349.991267919774
0.251651930732936,40.9351541708178,-349.945404504296
0.252813891481124,41.0262439426024,-349.899334156322
0.253981217388945,41.1191388720177,-349.85305598673
0.255153933229128,41.2138945688327,-349.806569103197
0.256332063888783,41.3105691752945,-349.759872610193
0.257515634369937,41.409223522237,-349.71296560898
0.258704669790055,41.5099212974106,-349.665847197611
0.259899195382581,41.6127292272003,-349.618516470922
0.261099236497467,41.7177172730303,-349.570972520538
0.262304818601719,41.8249588439017,-349.523214434864
0.263515967279927,41.9345310266826,-349.475241299087
0.264732708234818,42.0465148359586,-349.427052195175
0.265955067287794,42.1609954854716,-349.37864620187
0.267183070379485,42.2780626834268,-349.330022394695
0.268416743570297,42.3978109542292,-349.281179845946
0.269656113040965,42.5203399895417,-349.232117624693
0.27090120509311,42.6457550319309,-349.182834796782
0.272152046149796,42.7741672947982,-349.13333042483
0.273408662756091,42.905694422796,-349.083603568226
0.27467108157963,43.0404609975033,-349.033653283135
0.275939329411181,43.1785990938084,-348.983478622489
0.277213433165217,43.3202488932237,-348.933078635998
0.27849341988048,43.4655593612721,-348.88245237014
0.279779316720561,43.6146889971465,-348.83159886817
0.281071150974474,43.7678066650991,-348.780517170113
0.282368950057235,43.9250925184928,-348.729206312771
0.283672741510446,44.0867390291882,-348.677665329724
0.284982553002875,44.2529521370163,-348.625893251325
0.286298412331048,44.4239525365453,-348.573889104708
0.287620347419836,44.599977121307,-348.521651913789
0.28894838632305,44.7812806091825,-348.469180699263
0.290282557224031,44.9681373769215,-348.416474478613
0.291622888436256,45.1608435369398,-348.363532266108
0.292969408403932,45.3597192958347,-348.310353072807
0.294322145702603,45.5651116417596,-348.256935906561
0.295681129039758,45.7773974172655,-348.203279772017
0.297046387255435,45.9969868459207,-348.149383670623
0.298417949322837,46.2243275955773,-348.095246600627
0.299795844348947,46.4599094793631,-348.040867557087
0.301180101575144,46.7042699184088,-347.98624553187
0.302570750377823,46.9580003194041,-347.931379513657
0.303967820269021,47.2217535572144,-347.876268487952
0.305371340897041,47.4962528006088,-347.820911437081
0.306781342047084,47.7823019812065,-347.765307340203
0.308197853641876,48.0807982870209,-347.709455173309
0.30962090574231,48.392747169419,-347.653353909234
0.311050528548076,48.7192804957935,-347.597002517659
0.31248675239831,49.0616786739793,-347.540399965119
0.313929607772231,49.4213978391302,-347.483545215008
0.315379125289791,49.8001035600552,-347.426437227589
0.316835335712327,50.199713035994,-347.369074959998
0.318298269943209,50.6224484870486,-347.311457366252
0.319767959028498,51.0709055021371,-347.253583397258
0.321244434157607,51.5481416729847,-347.195452000823
0.322727726663958,52.0577931978529,-347.137062121657
0.324217868025652,52.6042307642566,-347.078412701386
0.325714889866136,53.1927717427705,-347.019502678559
0.327218823954869,53.8299750162345,-346.960330988661
0.328729702208004,54.5240603480483,-346.900896564116
0.330247556689059,55.2855212913157,-346.841198334306
0.331772419609602,56.1280498228278,-346.781235225572
0.333304323329931,57.0699847201521,-346.721006161232
0.334843300359762,58.1366856993186,-346.66051006159
0.336389383358921,59.3646488779753,-346.599745843945
0.337942605138034,60.8091639662106,-346.538712422607
0.339502998659225,62.5599465573176,-346.477408708906
0.341070597036814,64.7774049485822,-346.415833611207
0.342645433538023,67.7943975231043,-346.35398603492
0.344227541583677,72.5110219471373,-346.291864882517
0.345816954748919,83.8079440526255,-346.229469053542
0.347413706763918,79.2227754948544,-166.166797444637
0.349017831514586,70.9098779875962,-166.103848949525
0.350629363043299,66.7117084171311,-166.040622459069
0.352248335549617,63.8721236994161,-165.977116861255
0.353874783391011,61.7188263422191,-165.91333104122
0.355508741083591,59.9807964852858,-165.849263881267
0.357150243302842,58.521370273421,-165.784914260878
0.358799324884354,57.2619039733616,-165.720281056739
0.360456020824567,56.1529668519455,-165.655363142749
0.36212036628151,55.1614539489084,-165.590159390044
0.363792396575547,54.2641045190882,-165.524668667013
0.365472147190132,53.4439485741451,-165.458889839316
0.367159653772553,52.6882248964682,-165.392821769906
0.368854952134698,51.9870949321858,-165.326463319047
0.370558078253806,51.3328132651664,-165.259813344336
0.372269068273238,50.7191729924169,-165.192870700722
0.37398795850324,50.1411234422387,-165.125634240528
0.375714785421715,49.5944997141734,-165.058102813473
0.377449585674995,49.0758269497711,-164.990275266697
0.379192396078622,48.5821758478209,-164.922150444777
0.380943253618126,48.1110541222273,-164.853727189758
0.382702195449815,47.660323679662,-164.785004341173
0.384469258901555,47.2281365333475,-164.715980736067
0.386244481473571,46.8128845861774,-164.646655209024
0.388027900839237,46.4131598302436,-164.577026592192
0.38981955484588,46.0277224729312,-164.507093715307
0.391619481515577,45.655475167562,-164.436855405725
0.393427719045969,45.2954419972065,-164.366310488441
0.395244305811066,44.9467511969192,-164.295457786125
0.397069280362064,44.6086208437347,-164.224296119145
0.398902681428165,44.2803469229692,-164.152824305598
0.400744547917392,43.9612933124806,-164.08104116134
0.402594918917425,43.6508833264785,-164.008945500015
0.404453833696419,43.3485925362586,-163.936536133087
0.406321331703848,43.0539426432431,-163.863811869869
0.408197452571334,42.7664962244954,-163.790771517558
0.410082236113494,42.4858522057412,-163.717413881266
0.411975722328781,42.2116419442743,-163.643737764055
0.413877951400333,41.9435258257298,-163.569741966967
0.415788963696829,41.6811902958955,-163.495425289062
0.417708799773343,41.4243452624876,-163.420786527455
0.419637500372205,41.172721812897,-163.345824477345
0.421575106423865,40.926070202891,-163.270537932059
0.423521659047765,40.6841580785594,-163.194925683086
0.425477199553207,40.4467688997831,-163.118986520115
0.427441769440233,40.2137005384219,-163.042719231073
0.429415410400503,39.9847640284902,-162.966122602166
0.431398164318183,39.7597824489633,-162.88919541792
0.433390073270831,39.5385899226766,-162.811936461217
0.435391179530291,39.3210307171348,-162.734344513344
0.437401525563592,39.1069584350306,-162.656418354027
0.439421154033845,38.8962352839421,-162.578156761482
0.441450107801153,38.6887314160941,-162.499558512454
0.443488429923516,38.4843243302678,-162.420622382261
0.445536163657748,38.2828983289702,-162.341347144844
0.447593352460396,38.0843440248447,-162.261731572809
0.449660039988659,37.8885578910617,-162.181774437475
0.451736270101313,37.6954418510661,-162.101474508922
0.45382208685965,37.5049029036204,-162.020830556042
0.455917534528404,37.3168527795601,-161.939841346583
0.458022657576694,37.131207627097,-161.858505647204
0.460137500678969,36.947887722868,-161.776822223525
0.462262108715956,36.7668172062413,-161.694789840176
0.464396526775607,36.5879238346715,-161.612407260855
0.466540800154065,36.4111387581312,-161.529673248377
0.468694974356616,36.2363963108636,-161.446586564731
0.470859095098663,36.0636338188831,-161.363145971134
0.47303320830669,35.8927914218164,-161.279350228089
0.475217360119239,35.7238119078214,-161.195198095439
0.47741159688789,35.5566405604478,-161.11068833243
0.479615965178241,35.3912250164183,-161.025819697767
0.481830511770903,35.2275151334089,-160.940590949671
0.484055283662486,35.0654628669964,-160.855000845948
0.486290328066598,34.9050221560202,-160.769048144041
0.488535692414852,34.7461488156789,-160.682731601102
0.490791424357864,34.5888004377421,-160.59604997405
0.493057571766271,34.4329362973175,-160.509002019635
0.495334182731745,34.2785172656636,-160.421586494509
0.497621305568012,34.1255057285822,-160.333802155289
0.49991898881188,33.9738655099698,-160.245647758624
0.502227281224266,33.8235618001393,-160.157122061267
0.504546231791234,33.6745610885607,-160.068223820141
0.506875889725032,33.5268311006972,-159.978951792413
0.509216304465138,33.3803407386417,-159.889304735564
0.511567525679306,33.2350600252817,-159.799281407463
0.513929603264627,33.0909600517444,-159.708880566439
0.51630258734858,32.9480129278943,-159.618100971358
0.518686528290101,32.806191735671,-159.526941381697
0.521081476680648,32.6654704850765,-159.435400557626
0.523487483345279,32.5258240726307,-159.343477260078
0.525904599343727,32.3872282421333,-159.251170250838
0.528332875971485,32.2496595475791,-159.158478292614
0.530772364760894,32.1130953180859,-159.065400149127
0.533223117482238,31.9775136247066,-158.971934585189
0.535685186144839,31.8428932490046,-158.878080366786
0.538158622998168,31.7092136532811,-158.783836261167
0.540643480532944,31.5764549523518,-158.689201036928
0.543139811482257,31.4445978867771,-158.594173464099
0.545647668822682,31.3136237974563,-158.498752314233
0.548167105775403,31.183514601504,-158.402936360497
0.550698175807346,31.054252769332,-158.306724377761
0.553240932632312,30.9258213028638,-158.210115142691
0.555795430212113,30.798203714817,-158.113107433844
0.558361722757725,30.6713840089902,-158.015700031758
0.560939864730431,30.5453466614967,-157.917891719055
0.563529910842981,30.4200766028913,-157.819681280531
0.566131916060753,30.2955592011397,-157.72106750326
0.568745935602916,30.1717802453831,-157.622049176688
0.571372024943607,30.0487259304533,-157.522625092741
0.574010239813103,29.9263828420986,-157.422794045921
0.576660636199009,29.8047379428801,-157.322554833412
0.579323270347441,29.683778558703,-157.221906255186
0.581998198764223,29.5634923659491,-157.120847114105
0.584685478216086,29.4438673791781,-157.019376216035
0.587385165731869,29.3248919393679,-156.917492369947
0.590097318603737,29.206554702666,-156.815194388036
0.592821994388387,29.088844629626,-156.712481085823
0.595559250908278,28.9717509749028,-156.609351282275
0.598309146252852,28.855263277385,-156.505803799915
0.601071738779771,28.7393713507416,-156.401837464942
0.603847087116154,28.6240652743625,-156.297451107342
0.60663525015982,28.5093353846725,-156.192643561011
0.609436287080538,28.395172266802,-156.087413663874
0.612250257321285,28.2815667465961,-155.981760258002
0.615077220599505,28.1685098829446,-155.875682189742
0.617917236908379,28.0559929604204,-155.769178309834
0.620770366518095,27.9440074822089,-155.66224747354
0.623636669977129,27.8325451633155,-155.554888540771
0.626516208113528,27.7215979240391,-155.447100376212
0.629409042036206,27.6111578836976,-155.338881849456
0.632315233136233,27.5012173545958,-155.230231835132
0.635234843088144,27.3917688362219,-155.121149213039
0.638167933851247,27.2828050096652,-155.011632868281
0.641114567670934,27.1743187322429,-154.9016816914
0.644074807080008,27.0663030323272,-154.791294578515
0.647048714900004,26.958751104364,-154.68047043146
0.650036354242526,26.8516563040751,-154.569208157924
0.653037788510584,26.7450121438351,-154.457506671592
0.656053081399945,26.6388122882153,-154.345364892291
0.659082296900475,26.5330505496885,-154.23278174613
0.662125499297505,26.4277208844868,-154.119756165648
0.665182753173195,26.3228173886063,-154.006287089964
0.668254123407899,26.2183342939523,-153.892373464922
0.671339675181546,26.1142659646192,-153.778014243245
0.674439473975023,26.0106068932992,-153.663208384684
0.677553585571565,25.9073516978158,-153.547954856176
0.680682076058148,25.8044951177743,-153.432252631995
0.683825011826894,25.7020320113275,-153.316100693911
0.686982459576482,25.5999573520499,-153.199498031348
0.690154486313557,25.4982662259167,-153.082443641545
0.693341159354159,25.3969538283834,-152.964936529714
0.696542546325148,25.2960154615622,-152.846975709206
0.699758715165639,25.1954465314912,-152.728560201677
0.702989734128446,25.0952425454917,-152.60968903725
0.706235671781526,24.9953991096128,-152.490361254686
0.70949659700944,24.8959119261569,-152.370575901549
0.712772579014811,24.7967767912848,-152.250332034384
0.716063687319793,24.6979895926973,-152.129628718883
0.719369991767547,24.5995463073892,-152.008465030061
0.722691562523725,24.5014429994745,-151.886840052432
0.726028470077954,24.4036758180787,-151.764752880186
0.729380785245339,24.3062409952969,-151.642202617369
0.732748579167957,24.2091348442144,-151.519188378058
0.736131923316376,24.1123537569877,-151.39570928655
0.739530889491166,24.0158942029842,-151.271764477539
0.742945549824423,23.9197527269776,-151.147353096305
0.746375976781302,23.8239259473976,-151.022474298901
0.749822243161553,23.7284105546315,-150.897127252335
0.753284422101069,23.6332033093767,-150.771311134766
0.756762587073432,23.5383010410406,-150.645025135694
0.760256811891479,23.4437006461887,-150.518268456149
0.763767170708865,23.3493990870362,-150.391040308889
0.767293738021635,23.2553933899843,-150.263339918593
0.770836588669809,23.161680644198,-150.135166522061
0.774395797838969,23.0682580002246,-150.006519368409
0.777971441061852,22.9751226686509,-149.877397719276
0.781563594219955,22.882271918799,-149.747800849015
0.785172333545147,22.7897030774576,-149.617728044907
0.788797735621282,22.6974135276496,-149.487178607361
0.792439877385829,22.6054007074325,-149.356151850117
0.796098836131504,22.513662108733,-149.224647100461
0.799774689507907,22.4221952762125,-149.092663699428
0.803467515523173,22.3309978061635,-148.960201002016
0.807177392545625,22.2400673454361,-148.827258377397
0.810904399305443,22.1494015903929,-148.693835209129
0.814648614896325,22.0589982858913,-148.559930895374
0.818410118777175,21.9688552242937,-148.425544849111
0.822188990773782,21.8789702445027,-148.290676498356
0.825985311080521,21.789341231022,-148.155325286382
0.829799160262047,21.6999661130415,-148.019490671934
0.833630619255013,21.6108428635456,-147.883172129459
0.83747976936978,21.5219694984451,-147.746369149321
0.841346692292147,21.4333440757303,-147.609081238031
0.845231470085085,21.3449646946459,-147.47130791847
0.849134185190475,21.2568294948868,-147.333048730117
0.853054920430862,21.1689366558134,-147.194303229277
0.856993759011207,21.0812843956866,-147.055070989312
0.860950784520659,20.9938709709216,-146.915351600868
0.864926080934324,20.9066946753601,-146.77514467211
0.868919732615051,20.8197538395595,-146.634449828957
0.872931824315218,20.7330468301001,-146.49326671531
0.876962441178535,20.646572048908,-146.351594993294
0.881011668741847,20.5603279325947,-146.209434343491
0.885079592936953,20.474312951812,-146.066784465177
0.889166300092426,20.3885256106221,-145.923645076564
0.893271876935448,20.3029644458822,-145.780015915037
0.897396410593649,20.2176280266431,-145.635896737398
0.901539988596955,20.1325149535624,-145.491287320102
0.90570269887945,20.0476238583301,-145.346187459507
0.909884629781234,19.9629534031077,-145.200596972111
0.914085870050308,19.8785022799794,-145.054515694802
0.918306508844448,19.7942692104162,-144.907943485099
0.922546635733103,19.7102529447512,-144.760880221404
0.926806340699295,19.6264522616663,-144.613325803243
0.931085714141524,19.5428659676909,-144.465280151516
0.935384846875694,19.4594928967104,-144.31674320875
0.939703830137034,19.3763319094856,-144.167714939342
0.944042755582036,19.2933818931826,-144.018195329813
0.948401715290403,19.2106417609116,-143.868184389057
0.952780801766998,19.1281104512768,-143.717682148594
0.95718010794381,19.0457869279342,-143.566688662822
0.961599727181929,18.9636701791588,-143.415204009266
0.966039753273521,18.8817592174216,-143.263228288837
0.970500280443822,18.8000530789732,-143.11076162608
0.974981403353139,18.7185508234378,-142.95780416943
0.979483217098855,18.6372515334133,-142.804356091468
0.984005817217451,18.5561543140808,-142.650417589173
0.988549299686532,18.4752582928206,-142.495988884177
0.993113760926861,18.3945626188359,-142.341070223023
0.99769929780441,18.3140664627839,-142.185661877417
1.00230600763241,18.2337690164135,-142.029764144485
1.00693398817343,18.1536694922098,-141.87337734703
1.01158333764143,18.0737671230453,-141.716501833785
1.01625415470386,17.9940611618375,-141.559137979672
1.02094653848375,17.9145508812122,-141.401286186053
1.02566058856181,17.8352355731736,-141.24294688099
1.03039640497856,17.7561145487796,-141.0841205195
1.03515408823643,17.6771871378226,-140.924807583809
1.03993373930191,17.5984526885169,-140.765008583605
1.04473545960767,17.5199105671902,-140.604724056298
1.04955935105476,17.4415601579809,-140.443954567271
1.0544055160147,17.3634008625403,-140.282700710135
1.05927405733172,17.2854320997402,-140.120963106981
1.06416507832492,17.207653305384,-139.958742408636
1.06907868279044,17.1300639319242,-139.796039294914
1.07401497500369,17.0526634481828,-139.632854474867
1.07897405972156,16.9754513390769,-139.469188687039
1.08395604218463,16.8984271053484,-139.305042699711
1.08896102811941,16.8215902632981,-139.140417311159
1.0939891237406,16.7449403445227,-138.975313349896
1.0990404357533,16.6684768956574,-138.809731674921
1.10411507135533,16.592199478121,-138.643673175968
1.10921313823946,16.5161076678648,-138.477138773751
1.11433474459573,16.4402010551257,-138.310129420208
1.11947999911371,16.3644792441825,-138.142646098745
1.12464901098484,16.2889418531151,-137.974689824479
1.12984188990473,16.2135885135673,-137.806261644476
1.13505874607549,16.1384188705136,-137.637362637994
1.14029969020807,16.0634325820272,-137.46799391672
1.14556483352461,15.988629319053,-137.298156625005
1.1508542877608,15.9140087651824,-137.127851940101
1.15616816516825,15.8395706164309,-136.957081072393
1.16150657851686,15.7653145810192,-136.78584526563
1.16686964109726,15.6912403791561,-136.614145797156
1.17225746672315,15.6173477428246,-136.441983978138
1.17767016973375,15.5436364155704,-136.269361153789
1.18310786499624,15.4701061522927,-136.096278703594
1.18857066790816,15.3967567190375,-135.922738041534
1.19405869439989,15.3235878927929,-135.7487406163
1.19957206093709,15.2505994612876,-135.574287911513
1.20511088452319,15.1777912227902,-135.399381445939
1.21067528270187,15.1051629859119,-135.224022773702
1.21626537355952,15.0327145694104,-135.048213484491
1.22188127572781,14.9604458019962,-134.871955203771
1.22752310838614,14.8883565221407,-134.695249592985
1.23319099126422,14.8164465778864,-134.518098349754
1.2388850446446,14.7447158266587,-134.340503208084
1.24460538936519,14.6731641350796,-134.162465938551
1.25035214682186,14.6017913787832,-133.983988348503
1.25612543897102,14.5305974422324,-133.805072282247
1.26192538833216,14.4595822185384,-133.625719621233
1.26775211799051,14.3887456092803,-133.445932284243
1.27360575159963,14.3180875243275,-133.265712227568
1.279486413384,14.2476078816627,-133.085061445185
1.28539422814172,14.1773066072073,-132.903981968931
1.2913293212471,14.107183634647,-132.722475868674
1.29729181865335,14.0372389052601,-132.540545252476
1.30328184689525,13.9674723677462,-132.35819226676
1.30929953309185,13.8978839780566,-132.175419096465
1.31534500494912,13.8284736992261,-131.992227965203
1.32141839076271,13.7592415012055,-131.808621135406
1.32751981942065,13.690187360696,-131.624600908478
1.33364942040609,13.6213112609844,-131.440169624935
1.33980732380004,13.5526131917793,-131.255329664541
1.34599366028416,13.4840931490489,-131.070083446448
1.35220856114347,13.4157511348594,-130.884433429317
1.35845215826922,13.3475871572149,-130.698382111452
1.36472458416161,13.2796012298978,-130.511932030914
1.37102597193266,13.211793372311,-130.32508576564
1.37735645530902,13.14416360932,-130.137845933551
1.38371616863476,13.0767119710973,-129.950215192664
1.39010524687431,13.0094384929664,-129.762196241187
1.39652382561525,12.9423432152478,-129.57379181762
1.40297204107121,12.8754261831053,-129.385004700842
1.40945003008477,12.8086874463931,-129.195837710201
1.41595793013037,12.7421270595046,-129.006293705593
1.42249587931719,12.6757450812209,-128.816375587538
1.42906401639212,12.609541574561,-128.626086297249
1.4356624807427,12.5435166066323,-128.435428816701
1.44229141240005,12.4776702484823,-128.244406168682
1.44895095204188,12.4120025749509,-128.053021416854
1.45564124099543,12.3465136645233,-127.861277665799
1.46236242124051,12.281203599184,-127.669178061059
1.46911463541252,12.2160724642712,-127.476725789172
1.47589802680541,12.1511203483325,-127.283924077706
1.48271273937479,12.0863473429805,-127.090776195279
1.48955891774097,12.0217535427498,-126.897285451579
1.49643670719201,11.9573390449546,-126.703455197377
1.50334625368681,11.8931039495468,-126.509288824529
1.51028770385821,11.8290483589748,-126.314789765981
1.51726120501611,11.7651723780431,-126.119961495758
1.52426690515059,11.7014761137727,-125.92480752895
1.53130495293504,11.6379596752621,-125.729331421696
1.53837549772932,11.5746231735488,-125.533536771155
1.54547868958297,11.5114667214715,-125.337427215473
1.55261467923831,11.4484904335333,-125.141006433745
1.55978361813371,11.3856944257652,-124.944278145965
1.5669856584068,11.3230788155906,-124.747246112978
1.57422095289764,11.2606437216899,-124.549914136415
1.58148965515204,11.1983892638666,-124.352286058629
1.58879191942476,11.1363155629132,-124.15436576262
1.59612790068281,11.0744227404785,-123.956157171953
1.60349775460874,11.0127109189349,-123.757664250673
1.61090163760394,10.951180221247,-123.558891003204
1.61833970679195,10.8898307708404,-123.359841474255
1.6258121200218,10.8286626914714,-123.160519748701
1.63331903587137,10.7676761070973,-122.960929951475
1.64086061365074,10.7068711417474,-122.761076247437
1.64843701340558,10.6462479193947,-122.560962841246
1.65604839592054,10.5858065638282,-122.36059397722
1.66369492272268,10.5255471985261,-122.15997393919
1.67137675608487,10.4654699465294,-121.959107050346
1.67909405902925,10.4055749303166,-121.757997673075
1.68684699533069,10.3458622716785,-121.556650208795
1.69463572952027,10.2863320915947,-121.355069097776
1.70246042688875,10.2269845101093,-121.153258818955
1.71032125349011,10.1678196462094,-120.951223889748
1.71821837614504,10.1088376177022,-120.74896886585
1.7261519624445,10.0500385410943,-120.546498341026
1.73412218075328,9.99142253147152,-120.343816946899
1.74212920021357,9.9329897023787,-120.140929352725
1.75017319074853,9.87474016570131,-119.937840265169
1.75825432306592,9.81667403154722,-119.734554428061
1.76637276866173,9.75879140812943,-119.531076622155
1.77452869982377,9.70109240164964,-119.327411664875
1.78272228963539,9.64357711618258,-119.123564410053
1.79095371197911,9.5862456535612,-118.919539747664
1.79922314154034,9.52909811326271,-118.715342603549
1.80753075381103,9.47213459229547,-118.510977939129
1.81587672509348,9.41535518508663,-118.306450751117
1.82426123250402,9.35875998337086,-118.101766071216
1.83268445397678,9.30234907607979,-117.896928965816
1.84114656826747,9.2461225492324,-117.691944535677
1.84964775495719,9.19008048582633,-117.486817915607
1.8581881944562,9.13422296573011,-117.281554274136
1.8667680680078,9.07855006557633,-117.076158813173
1.87538755769213,9.02306185865574,-116.870636767668
1.88404684643008,8.96775841481234,-116.664993405256
1.89274611798712,8.91263980033938,-116.459234025898
1.90148555697724,8.85770607787649,-116.253363961513
1.91026534886685,8.80295730630759,-116.047388575606
1.91908567997873,8.74839354066006,-115.841313262886
1.92794673749595,8.69401483200473,-115.635143448873
1.93684870946589,8.63982122735708,-115.428884589507
1.94579178480421,8.58581276957933,-115.222542170741
1.95477615329884,8.53198949728374,-115.016121708129
1.96380200561403,8.47835144473693,-114.809628746411
1.97286953329438,8.42489864176526,-114.603068859088
1.98197892876895,8.37163111366143,-114.396447647987
1.99113038535526,8.31854888109206,-114.189770742823
2.00032409726349,8.26565196000653,-113.983043800757
2.00956025960051,8.2129403615469,-113.776272505935
2.0188390683741,8.160414091959,-113.569462569038
2.02816072049704,8.10807315250472,-113.362619726809
2.03752541379135,8.0559175393755,-113.155749741583
2.04693334699244,8.00394724360696,-112.948858400806
2.05638471975336,7.9521622509948,-112.741951516553
2.06587973264902,7.90056254201194,-112.535034925032
2.07541858718045,7.84914809172686,-112.328114486087
2.08500148577908,7.79791886972321,-112.121196082692
2.09462863181103,7.7468748400207,-111.914285620445
2.10430022958144,7.69601596099724,-111.707389027047
2.11401648433877,7.64534218531243,-111.500512251779
2.12377760227921,7.59485345983229,-111.293661264978
2.13358379055101,7.54454972555533,-111.086842057498
2.1434352572589,7.49443091753997,-110.880060640173
2.15333221146848,7.44449696483326,-110.673323043273
2.1632748632107,7.39474779040099,-110.466635315951
2.17326342348629,7.34518331105911,-110.260003525688
2.18329810427021,7.29580343740661,-110.05343375773
2.19337911851622,7.24660807375967,-109.846932114529
2.20350668016134,7.19759711808727,-109.640504715162
2.21368100413041,7.14877046194824,-109.434157694763
2.22390230634064,7.10012799042963,-109.227897203938
2.23417080370621,7.05166958208656,-109.021729408185
2.24448671414287,7.00339510888351,-108.815660487296
2.25485025657256,6.95530443613699,-108.609696634772
2.26526165092804,6.90739742245975,-108.40384405722
2.27572111815759,6.85967391970639,-108.198108973751
2.28622888022967,6.8121337729204,-107.992497615376
2.29678516013765,6.76477682028277,-107.787016224394
2.30739018190453,6.71760289306199,-107.581671053781
2.3180441705877,6.67061181556561,-107.376468366567
2.32874735228372,6.62380340509321,-107.171414435224
2.33949995413311,6.57717747189097,-106.966515541036
2.35030220432516,6.53073381910766,-106.761777973474
2.36115433210281,6.48447224275218,-106.557208029563
2.37205656776747,6.43839253165263,-106.352812013257
2.38300914268394,6.39249446741684,-106.148596234795
2.39401228928531,6.34677782439454,-105.944567010068
2.40506624107788,6.3012423696409,-105.740730659974
2.41617123264614,6.25588786288177,-105.537093509783
2.42732749965771,6.2107140564803,-105.333661888482
2.43853527886841,6.16572069540526,-105.130442128138
2.44979480812719,6.12090751720075,-104.927440563241
2.46110632638126,6.07627425195754,-104.724663530059
2.47247007368113,6.03182062228594,-104.522117365984
2.48388629118568,5.98754634329021,-104.319808408879
2.49535522116731,5.94345112254451,-104.117742996424
2.5068771070171,5.89953466007041,-103.915927465458
2.5184521932499,5.85579664831594,-103.714368151325
2.5300807255096,5.81223677213618,-103.513071387218
2.5417629505743,5.76885470877541,-103.312043503514
2.55349911636156,5.72565012785079,-103.111290827125
2.56528947193366,5.68262269133757,-102.910819680831
2.57713426750286,5.63977205355592,-102.710636382627
2.58903375443676,5.59709786115916,-102.510747245059
2.60098818526361,5.55459975312364,-102.311158574569
2.61299781367764,5.51227736074009,-102.111876670833
2.6250628945445,5.47013030760655,-101.912907826107
2.63718368390663,5.42815820962273,-101.714258324563
2.64936043898868,5.38636067498601,-101.515934441639
2.66159341820303,5.34473730418885,-101.317942443378
2.67388288115521,5.30328769001775,-101.120288585774
2.68622908864945,5.26201141755373,-100.922979114118
2.69863230269418,5.22090806417424,-100.726020262348
2.71109278650764,5.17997719955665,-100.529418252392
2.72361080452341,5.13921838568311,-100.333179293523
2.73618662239605,5.09863117684702,-100.137309581711
2.74882050700676,5.05821511966081,-99.9418152989734
2.76151272646899,5.0179697530653,-99.7467026127344
2.77426355013417,4.97789460834048,-99.551977675181
2.78707324859742,4.93798920911765,-99.3576466226242
2.79994209370329,4.89825307139311,-99.1637155748616
2.81287035855152,4.85868570354322,-98.9701906345424
2.82585831750283,4.81928660634079,-98.777077886536
2.83890624618478,4.78005527297301,-98.5843833973022
2.85201442149758,4.74099118906069,-98.3921132142652
2.86518312161999,4.70209383267885,-98.2002733651905
2.87841262601519,4.66336267437876,-98.008869857565
2.89170321543677,4.62479717721124,-97.8179086779801
2.90505517193462,4.5863967967514,-97.6273957915188
2.91846877886097,4.54816098112459,-97.4373371411461
2.93194432087637,4.51008917103381,-97.247738647103
2.94548208395575,4.47218079978827,-97.0586062063045
2.95908235539448,4.43443529333338,-96.8699456917416
2.97274542381446,4.39685207028189,-96.6817629518871
2.98647157917026,4.35943054194642,-96.4940638101057
3.00026111275527,4.32217011237309,-96.3068540640684
3.01411431720787,4.28507017837655,-96.1201394851712
3.02803148651767,4.24813012957607,-95.9339258179585
3.04201291603169,4.21134934843294,-95.7482187795508
3.05605890246071,4.17472721028903,-95.5630240590774
3.07016974388548,4.13826308340648,-95.3783473171134
3.08434573976311,4.10195632900862,-95.1941941851223
3.09858719093342,4.06580630132197,-95.010570264903
3.11289439962526,4.0298123476194,-94.8274811280422
3.12726766946303,3.99397380826439,-94.6449323153718
3.14170730547301,3.95829001675636,-94.4629293364318
3.15621361408993,3.92276029977711,-94.2814776689382
3.1707869031634,3.8873839772383,-94.1005827582564
3.1854274819645,3.85216036232999,-93.9202500168808
3.2001356611923,3.81708876157015,-93.7404848239189
3.21491175298048,3.78216847485525,-93.5612925245817
3.22975607090394,3.74739879551181,-93.3826784296799
3.24466892998545,3.71277901034888,-93.2046478151257
3.25965064670238,3.67830839971158,-93.0272059214405
3.27470153899334,3.64398623753542,-92.8503579532686
3.28982192626499,3.60981179140174,-92.6741090788971
3.3050121293988,3.57578432259383,-92.4984644297815
3.32027247075784,3.54190308615413,-92.3234291000775
3.33560327419365,3.50816733094217,-92.1490081461796
3.35100486505311,3.47457629969339,-91.9752065862652
3.3664775701853,3.44112922907886,-91.8020293998452
3.38202171794852,3.40782534976566,-91.6294815273213
3.39763763821716,3.37466388647818,-91.4575678695492
3.41332566238878,3.34164405806019,-91.2862932874086
3.42908612339112,3.30876507753756,-91.1156626013798
3.44491935568913,3.27602615218188,-90.9456805911261
3.46082569529211,3.24342648357461,-90.7763519950839
3.47680547976083,3.21096526767211,-90.6076815100581
3.49285904821468,3.17864169487125,-90.4396737908254
3.50898674133891,3.14645495007567,-90.2723334497435
3.52518890139177,3.11440421276282,-90.1056650563668
3.54146587221189,3.08248865705146,-89.9396731370699
3.55781799922547,3.05070745176985,-89.7743621746765
3.57424562945368,3.01905976052458,-89.609736608096
3.59074911152001,2.98754474176989,-89.4458008319665
3.60732879565764,2.9561615488776,-89.2825591963049
3.6239850337169,2.92490933020756,-89.1200160061632
3.64071817917275,2.89378722917863,-88.9581755212924
3.65752858713224,2.86279438434013,-88.7970419558128
3.67441661434207,2.8319299294439,-88.6366194778911
3.69138261919615,2.8011929935166,-88.4769122094245
3.70842696174324,2.77058270093272,-88.3179242257318
3.72555000369455,2.74009817148787,-88.1596595552511
3.74275210843143,2.7097385204725,-88.0021221792445
3.76003364101307,2.67950285874608,-87.8453160315095
3.77739496818429,2.6493902928116,-87.6892449980977
3.79483645838327,2.61939992489054,-87.5339129170399
3.8123584817494,2.58953085299802,-87.3793235780777
3.82996141013112,2.55978217101848,-87.2254807224036
3.84764561709383,2.53015296878156,-87.0723880424055
3.8654114779278,2.5006423321383,-86.9200491814202
3.88325936965613,2.47124934303766,-86.7684677334923
3.90118967104278,2.44197307960328,-86.6176472431404
3.91920276260058,2.41281261621054,-86.4675912051304
3.9372990265993,2.38376702356382,-86.3183030642548
3.9554788470738,2.354835368774,-86.1697862151196
3.97374260983216,2.32601671543616,-86.0220440019367
3.99209070246383,2.29731012370756,-85.8750797183244
4.01052351434792,2.26871465038565,-85.7288966071139
4.02904143666143,2.24022934898639,-85.583497860162
4.04764486238754,2.21185326982267,-85.4388866181712
4.06633418632399,2.18358546008286,-85.2950659705159
4.08510980509139,2.1554249639095,-85.1520389550754
4.10397211714173,2.12737082247812,-85.0098085580733
4.12292152276674,2.09942207407614,-84.8683777139234
4.14195842410647,2.07157775418186,-84.7277493050822
4.16108322515775,2.04383689554356,-84.5879261619075
4.18029633178282,2.01619852825858,-84.4489110625239
4.19959815171791,1.98866167985257,-84.3107067326942
4.21898909458192,1.96122537535868,-84.1733158456974
4.23846957188507,1.93388863739679,-84.0367410222127
4.25803999703768,1.90665048625283,-83.9009848302104
4.27770078535893,1.87950993995801,-83.7660497848481
4.29745235408563,1.8524660143681,-83.6319383483739
4.31729512238116,1.82551772324266,-83.498652930035
4.33722951134428,1.79866407832428,-83.3661958859931
4.35725594401812,1.77190408941771,-83.2345695192455
4.37737484539913,1.74523676446903,-83.103776079552
4.39758664244613,1.71866110964468,-82.9738177633683
4.41789176408933,1.6921761294105,-82.8446967137849
4.43829064123946,1.66578082661057,-82.7164150204721
4.45878370679691,1.6394742025461,-82.5889747196305
4.47937139566093,1.61325525705411,-82.4623777939481
4.50005414473881,1.58712298858608,-82.3366261725622
4.52083239295522,1.56107639428641,-82.2117217310276
4.54170658126147,1.53511447007084,-82.0876662912902
4.5626771526449,1.50923621070466,-81.9644616216665
4.58374455213826,1.48344060988078,-81.8421094368286
4.60490922682918,1.45772666029774,-81.7206113977943
4.62617162586964,1.43209335373745,-81.5999691119234
4.64753220048548,1.40653968114281,-81.4801841329188
4.66899140398602,1.3810646326952,-81.3612579608336
4.69054969177368,1.35566719789169,-81.2431920420831
4.71220752135357,1.33034636562216,-81.1259877694622
4.73396535234331,1.30510112424616,-81.0096464821681
4.7558236464827,1.27993046166959,-80.8941694658286
4.77778286764354,1.2548333654212,-80.7795579525349
4.79984348183949,1.22980882272881,-80.6658131208799
4.82200595723597,1.20485582059537,-80.5529360960018
4.84427076416003,1.17997334587476,-80.4409279496323
4.86663837511042,1.15516038534736,-80.32978970015
4.88910926476755,1.13041592579541,-80.2195223126389
4.9116839100036,1.10573895407805,-80.1101266989518
4.93436278989261,1.08112845720622,-80.0016037177782
4.95714638572069,1.05658342241722,-79.8939541747174
4.98003518099618,1.03210283724901,-79.7871788223567
5.00302966145997,1.00768568961431,-79.6812783603532
5.02613031509575,0.983330967874359,-79.5762534355217
5.0493376321404,0.959037660912436,-79.4721046419264
5.0726521050944,0.934804758207093,-79.3688325209774
5.09607422873226,0.910631249905096,-79.2664375615319
5.11960450011303,0.88651612689408,-79.1649202000002
5.14324341859083,0.862458380874924,-79.0642808204552
5.16699148582549,0.838457004433796,-78.9645197547478
5.19084920579317,0.814510991113925,-78.8656372826256
5.21481708479702,0.79061933548707,-78.7676336318566
5.23889563147802,0.766781033224647,-78.6705089783569
5.26308535682565,0.742995081168562,-78.5742634463232
5.28738677418884,0.719260477401742,-78.4788971083687
5.31180039928681,0.695576221318296,-78.3844099856645
5.33632675022004,0.671941313693417,-78.2908020480841
5.36096634748124,0.648354756752902,-78.1980732143525
5.38571971396639,0.624815554242351,-78.1062233521999
5.4105873749859,0.601322711496055,-78.0152522785185
5.43556985827567,0.577875235505504,-77.9251597595244
5.46066769400836,0.554472134987603,-77.835945510923
5.48588141480461,0.531112420452487,-77.7476091980783
5.51121155574432,0.507795104271033,-77.6601504361866
5.53665865437807,0.484519200742001,-77.5735687904541
5.56222325073847,0.461283726158799,-77.4878637762777
5.58790588735164,0.438087698875946,-77.4030348594312
5.61370710924873,0.414930139375099,-77.3190814562535
5.63962746397747,0.391810070330791,-77.2360029338422
5.66566750161382,0.368726516675737,-77.15379861025
5.6918277747736,0.345678505665812,-77.0724677546853
5.71810883862425,0.322665066944628,-76.9920095877169
5.74451125089662,0.29968523260777,-76.9124232814814
5.77103557189676,0.276738037266605,-76.8337079598954
5.79768236451786,0.253822518111736,-76.7558626988706
5.82445219425218,0.230937714976074,-76.678886526533
5.85134562920301,0.208082670397524,-76.6027784234453
5.87836324009681,0.185256429681238,-76.5275373228334
5.90550560029524,0.162458040961534,-76.4531621108162
5.93277328580737,0.139686555263369,-76.3796516266386
5.96016687530191,0.116941026563448,-76.307004662909
5.98768695011946,0.0942205118508847,-76.2352199658388
6.01533409428487,0.0715240711875,-76.1642962354871
6.04310889451961,0.0488507677676954,-76.0942321260073
6.07101194025428,0.0261996679778868,-76.0250262458982
6.09904382364102,0.00356984145557426,-75.956677158258
6.12720513956619,-0.0190396388520698,-75.8891833810418
6.15549648566291,-0.0416296966299757,-75.8225433873223
6.18391846232376,-0.064201252137423,-75.7567556055544
6.21247167271355,-0.0867552221506975,-75.6918184198419
6.2411567227821,-0.109292519906172,-75.6277301702093
6.26997422127711,-0.131814055043837,-75.5644891528752
6.29892477975706,-0.154320733551284,-75.5020936205296
6.32800901260418,-0.176813457708092,-75.4405417826148
6.35722753703756,-0.199293126030702,-75.3798318056088
6.38658097312614,-0.221760633217713,-75.3199618133126
6.41606994380196,-0.244216870095655,-75.2609298871397
6.44569507487333,-0.266662723565198,-75.2027340664101
6.47545699503813,-0.28909907654783,-75.1453723486459
6.50535633589714,-0.311526807933011,-75.0888426898715
6.53539373196747,-0.333946792525777,-75.0331430049154
6.56556982069599,-0.356359900994842,-74.9782711677164
6.59588524247287,-0.378766999821135,-74.9242250116317
6.6263406406452,-0.401168951246871,-74.871002329749
6.65693666153058,-0.423566613225055,-74.8186008752009
6.68767395443091,-0.445960839369508,-74.7670183614825
6.71855317164612,-0.468352478905387,-74.7162524627718
6.74957496848801,-0.490742376620163,-74.6663008142537
6.78074000329419,-0.513131372815159,-74.6171610124457
6.81204893744204,-0.535520303257544,-74.5688306155275
6.84350243536271,-0.557909999132846,-74.5213071436731
6.87510116455529,-0.580301286998007,-74.4745880793855
6.90684579560091,-0.602694988734927,-74.4286708678347
6.938737002177,-0.62509192150454,-74.3835529171981
6.97077546107158,-0.647492897701407,-74.3392315990037
7.00296185219764,-0.669898724908877,-74.2957042484761
7.03529685860753,-0.692310205854728,-74.2529681648853
7.0677811665075,-0.714728138367402,-74.2110206118979
7.10041546527225,-0.737153315332741,-74.1698588179314
7.13320044745953,-0.759586524651313,-74.1294799765104
7.16613680882486,-0.782028549196263,-74.0898812466264
7.19922524833633,-0.804480166771725,-74.0510597530991
7.23246646818935,-0.826942150071841,-74.0130125869409
7.26586117382163,-0.849415266640267,-73.9757368057239
7.29941007392812,-0.871900278830338,-73.9392294339491
7.33311388047603,-0.894397943765756,-73.9034874634181
7.36697330871999,-0.916909013301875,-73.8685078536074
7.40098907721717,-0.939434233987607,-73.8342875320448
7.43516190784258,-0.961974347027841,-73.8008233946886
7.46949252580436,-0.984530088246562,-73.7681123063085
7.50398165965916,-1.00710218805048,-73.7361511008693
7.53863004132765,-1.02969137139335,-73.7049365819166
7.57343840610999,-1.0522983577408,-73.6744655229648
7.6084074927015,-1.07492386103589,-73.6447346678871
7.64353804320826,-1.09756858966524,-73.6157407313079
7.67883080316294,-1.12023324642574,-73.5874803989973
7.71428652154056,-1.14291852849196,-73.5599503282672
7.74990595077442,-1.16562512738418,-73.53314714837
7.78568984677205,-1.18835372893706,-73.507067460899
7.82163896893124,-1.21110501326892,-73.4817078401907
7.8577540801562,-1.23387965475169,-73.457064833729
7.8940359468737,-1.25667832198158,-73.4331349625516
7.93048533904938,-1.27950167775028,-73.4099147216578
7.96710303020405,-1.30235037901697,-73.387400580418
8.00388979743014,-1.32522507688084,-73.3655889829853
8.04084642140814,-1.34812641655445,-73.3444763487089
8.07797368642324,-1.37105503733762,-73.3240590725482
8.11527238038192,-1.39401157259212,-73.3043335254895
8.15274329482869,-1.41699664971692,-73.2852960549641
8.19038722496288,-1.4400108901243,-73.266942985267
8.22820496965551,-1.46305490921645,-73.2492706179782
8.26619733146628,-1.48612931636297,-73.2322752323846
8.30436511666056,-1.50923471487889,-73.2159530859036
8.34270913522651,-1.53237170200356,-73.2003004145078
8.38123020089229,-1.55554086888011,-73.1853134331512
8.41992913114329,-1.57874280053571,-73.1709883361959
8.45880674723953,-1.60197807586255,-73.1573212978409
8.49786387423305,-1.62524726759946,-73.1443084725513
8.53710134098542,-1.64855094231435,-73.1319459954885
8.57651998018535,-1.67188966038729,-73.1202299829417
8.61612062836635,-1.69526397599443,-73.1091565327601
8.65590412592449,-1.71867443709252,-73.0987217247859
8.69587131713621,-1.74212158540427,-73.088921621288
8.73602305017628,-1.76560595640444,-73.0797522673968
8.77636017713575,-1.78912807930656,-73.0712096915394
8.81688355404007,-1.81268847705057,-73.0632899058749
8.85759404086726,-1.83628766629108,-73.0559889067316
8.89849250156611,-1.85992615738641,-73.0493026750428
8.93957980407458,-1.88360445438839,-73.0432271767847
8.98085682033817,-1.90732305503292,-73.0377583634141
9.02232442632846,-1.93108245073127,-73.0328921723053
9.06398350206167,-1.95488312656214,-73.0286245271893
9.10583493161734,-1.97872556126448,-73.0249513385911
9.14787960315713,-2.00261022723109,-73.0218685042686
9.19011840894359,-2.02653759050293,-73.0193719096506
9.2325522453592,-2.05050811076422,-73.0174574282751
9.27518201292528,-2.07452224133835,-73.0161209222275
9.31800861632121,-2.09858042918447,-73.0153582425786
9.36103296440353,-2.12268311489489,-73.0151652298225
9.40425597022531,-2.14683073269326,-73.0155377143134
9.44767855105546,-2.17102371043343,-73.0164715167034
9.49130162839824,-2.19526246959922,-73.0179624483785
9.53512612801281,-2.21954742530482,-73.0200063118949
9.57915297993285,-2.243878986296,-73.0225989014146
9.62338311848634,-2.26825755495211,-73.0257360031397
9.66781748231533,-2.29268352728881,-73.029413395747
9.71245701439593,-2.31715729296156,-73.0336268508209
9.75730266205824,-2.34167923526994,-73.0383721332861
9.80235537700655,-2.36624973116257,-73.0436450018387
9.84761611533944,-2.39086915124298,-73.0494412093769
9.89308583757015,-2.41553785977611,-73.0557565034304
9.9387655086469,-2.44025621469561,-73.0625866265882
9.98465609797342,-2.46502456761185,-73.0699273169261
10.0307585794295,-2.48984326382076,-73.0777743084321
10.0770739313916,-2.51471264231333,-73.0861233314309
10.1236031367538,-2.53963303578592,-73.0949701130064
10.1703471829484,-2.56460477065127,-73.1043103774237
10.2173070619671,-2.58962816705027,-73.1141398465484
10.2644837703818,-2.61470353886446,-73.1244542402652
10.3118783093661,-2.63983119372923,-73.1352492768939
10.3594916847162,-2.66501143304787,-73.1465206736047
10.4073249068726,-2.69024455200611,-73.1582641468302
10.455378990941,-2.71553083958767,-73.1704754126773
10.5036549567145,-2.7408705785903,-73.1831501873355
10.5521538286948,-2.7662640456426,-73.1962841874839
10.6008766361141,-2.7917115112216,-73.2098731306961
10.6498244129568,-2.81721323967101,-73.2239127358425
10.6989981979816,-2.8427694892201,-73.2383987234912
10.7483990347437,-2.86838051200337,-73.2533268163055
10.7980279716163,-2.89404655408086,-73.2686927394395
10.8478860618138,-2.91976785545913,-73.2844922209316
10.8979743634133,-2.94554465011297,-73.3007209920953
10.9482939393775,-2.97137716600769,-73.3173747879065
10.9988458575771,-2.99726562512215,-73.33444934739
11.0496311908135,-3.02321024347243,-73.3519404140014
11.1006510168418,-3.04921123113611,-73.3698437360076
11.1519064183932,-3.07526879227723,-73.3881550668637
11.2033984831984,-3.1013831251719,-73.4068701655876
11.2551283040103,-3.12755442223451,-73.425984797131
11.3070969786276,-3.15378287004453,-73.445494732748
11.3593056099179,-3.18006864937402,-73.4653957503603
11.4117553058409,-3.20641193521568,-73.4856836349193
11.4644471794725,-3.23281289681148,-73.5063541787654
11.5173823490276,-3.25927169768195,-73.5274031819835
11.5705619378846,-3.28578849565598,-73.5488264527557
11.6239870746087,-3.31236344290126,-73.5706198077106
11.6776588929763,-3.33899668595528,-73.5927790722686
11.7315785319985,-3.3656883657568,-73.615300080985
11.7857471359459,-3.39243861767799,-73.6381786778883
11.8401658543724,-3.41924757155707,-73.6614107168161
11.8948358421398,-3.44611535173143,-73.6849920617465
11.9497582594423,-3.47304207707134,-73.7089185871265
12.0049342718312,-3.50002786101415,-73.7331861781964
12.0603650502394,-3.52707281159899,-73.7577907313107
12.1160517710063,-3.55417703150199,-73.7827281542552
12.1719956159032,-3.58134061807194,-73.80799436656
12.2281977721577,-3.60856366336648,-73.8335852998094
12.2846594324793,-3.63584625418873,-73.8594968979472
12.3413817950848,-3.66318847212435,-73.8857251175779
12.3983660637233,-3.69059039357913,-73.9122659282655
12.4556134477023,-3.71805208981693,-73.9391153128259
12.5131251619128,-3.74557362699809,-73.9662692676178
12.5709024268555,-3.77315506621829,-73.9937238028276
12.6289464686666,-3.8007964635477,-74.021474942751
12.6872585191437,-3.82849787007069,-74.0495187260709
12.745839815772,-3.8562593319258,-74.0778512061304
12.8046916017507,-3.88408089034615,-74.106468451202
12.8638151260192,-3.91196258170019,-74.1353665447524
12.9232116432835,-3.93990443753278,-74.1645415857036
12.9828824140433,-3.96790648460673,-74.1939896886892
13.0428287046182,-3.99596874494451,-74.2237069843064
13.103051787175,-4.02409123587043,-74.2536896193643
13.1635529397544,-4.05227397005304,-74.2839337571274
13.2243334462982,-4.08051695554784,-74.3144355775548
13.2853945966768,-4.10882019584037,-74.3451912775354
13.3467376867162,-4.13718368988946,-74.3761970711182
13.4083640182256,-4.16560743217083,-74.4074491897387
13.4702748990252,-4.19409141272096,-74.438943882441
13.5324716429738,-4.22263561718109,-74.4706774160948
13.5949555699967,-4.25124002684165,-74.5026460756087
13.6577280061139,-4.27990461868672,-74.5348461641388
13.7207902834678,-4.30862936543889,-74.567274003293
13.784143740352,-4.33741423560414,-74.5999259333307
13.8477897212393,-4.3662591935171,-74.6327983133578
13.9117295768103,-4.39516419938633,-74.6658875215186
13.9759646639824,-4.42412920933991,-74.699189955181
14.0404963459382,-4.4531541754711,-74.7327020311195
14.1053259921544,-4.4822390458842,-74.7664201856924
14.1704549784314,-4.51138376474052,-74.800340875015
14.2358846869218,-4.54058827230452,-74.8344605751282
14.3016165061602,-4.56985250499004,-74.868775782163
14.3676518310925,-4.59917639540666,-74.9032830125001
14.4339920631056,-4.62855987240613,-74.9379788029256
14.5006386100569,-4.65800286112894,-74.9728597107818
14.5675928863046,-4.68750528305091,-75.007922314114
14.6348563127371,-4.71706705602993,-75.0431632118125
14.702430316804,-4.74668809435265,-75.0785790237505
14.7703163325454,-4.7763683087813,-75.1141663909177
14.8385158006232,-4.80610760660055,-75.1499219755492
14.9070301683512,-4.83590589166436,-75.1858424612507
14.9758608897258,-4.86576306444284,-75.2219245531181
15.0450094254573,-4.89567902206921,-75.2581649778545
15.1144772430003,-4.92565365838663,-75.2945604838817
15.1842658165853,-4.95568686399511,-75.3311078414474
15.2543766272496,-4.98577852629841,-75.3678038427291
15.3248111628691,-5.01592852955081,-75.404645301933
15.3955709181898,-5.04613675490397,-75.4416290553886
15.4666573948593,-5.07640308045366,-75.4787519616396
15.5380721014589,-5.10672738128646,-75.5160109015306
15.6098165535353,-5.13710952952638,-75.5534027782892
15.6818922736333,-5.16754939438144,-75.5909245176041
15.7543007913275,-5.19804684219013,-75.6285730677
15.8270436432554,-5.2286017364678,-75.6663453994071
15.9001223731494,-5.25921393795293,-75.7042385062272
15.9735385318698,-5.28988330465332,-75.7422494043965
16.0472936774378,-5.32060969189217,-75.7803751329429
16.1213893750688,-5.35139295235396,-75.8186127537407
16.1958271972048,-5.3822329361303,-75.8569593515607
16.2706087235487,-5.41312949076557,-75.895412034117
16.3457355410971,-5.44408246130242,-75.933967932109
16.4212092441746,-5.47509169032716,-75.9726241992607
16.4970314344671,-5.50615701801493,-76.0113780123556
16.5732037210562,-5.53727828217472,-76.0502265712678
16.6497277204529,-5.56845531829421,-76.0891670989898
16.7266050566324,-5.59968795958444,-76.1281968416565
16.8038373610683,-5.63097603702429,-76.1673130685652
16.8814262727672,-5.6623193794047,-76.2065130721928
16.9593734383036,-5.69371781337279,-76.2457941682085
17.0376805118546,-5.72517116347562,-76.2851536954839
17.1163491552355,-5.75667925220394,-76.3245890160988
17.1953810379345,-5.78824190003548,-76.3640975153444
17.2747778371485,-5.81985892547819,-76.4036766017226
17.3545412378185,-5.85153014511314,-76.4433237069418
17.4346729326655,-5.88325537363725,-76.4830362859099
17.5151746222264,-5.91503442390569,-76.5228118167239
17.5960480148899,-5.94686710697409,-76.5626478006558
17.6772948269329,-5.97875323214048,-76.6025417621362
17.7589167825572,-6.01069260698693,-76.6424912487337
17.8409156139255,-6.04268503742096,-76.6824938311325
17.9232930611985,-6.07473032771665,-76.7225471031054
18.006050872572,-6.10682828055546,-76.7626486814854
18.0891908043137,-6.13897869706685,-76.802796206133
18.1727146208006,-6.17118137686846,-76.8429873399018
18.2566240945562,-6.20343611810612,-76.8832197685998
18.3409210062887,-6.23574271749353,-76.9234912009494
18.4256071449281,-6.26810097035164,-76.9637993685435
18.5106843076647,-6.30051067064764,-77.0041420257994
18.5961542999868,-6.33297161103382,-77.0445169499097
18.6820189357196,-6.36548358288592,-77.0849219407913
18.768280037063,-6.39804637634132,-77.1253548210305
18.8549394346307,-6.4306597803368,-77.1658134358267
18.941998967489,-6.46332358264601,-77.2062956529331
19.0294604831958,-6.4960375699167,-77.2467993625953
19.1173258378397,-6.52880152770741,-77.2873224774867
19.2055968960795,-6.56161524052407,-77.3278629326425
19.2942755311838,-6.59447849185613,-77.3684186853907
19.3833636250707,-6.62739106421231,-77.4089877152811
19.4728630683478,-6.66035273915617,-77.4495680240121
19.562775760352,-6.69336329734114,-77.4901576353552
19.6531036091904,-6.72642251854539,-77.5307545950774
19.7438485317802,-6.75953018170623,-77.5713569708613
19.8350124538899,-6.79268606495417,-77.6119628522239
19.9265973101798,-6.82588994564671,-77.6525703504322
20.018605044243,-6.85914160040169,-77.6931775984182
20.1110376086471,-6.89244080513032,-77.7337827506905
20.2038969649752,-6.92578733506987,-77.7743839832457
20.2971850838677,-6.95918096481596,-77.8149794934762
20.3909039450641,-6.99262146835456,-77.8555675000781
20.485055537445,-7.02610861909349,-77.8961462429554
20.5796418590744,-7.0596421898938,-77.9367139831242
20.6746649172419,-7.09322195310053,-77.9772690026143
20.7701267285056,-7.12684768057326,-78.0178096043696
20.8660293187346,-7.16051914371626,-78.0583341121466
20.9623747231521,-7.19423611350827,-78.0988408704115
21.0591649863786,-7.22799836053194,-78.1393282442365
21.1564021624755,-7.26180565500287,-78.1797946191932
21.2540883149881,-7.29565776679828,-78.2202384012462
21.3522255169901,-7.3295544654854,-78.2606580166444
21.4508158511272,-7.36349552034938,-78.301051911811
21.5498614096613,-7.39748070042089,-78.341418553233
21.6493642945149,-7.43150977450339,-78.3817564273484
21.749326617316,-7.46558251119997,-78.4220640404332
21.8497504994425,-7.49969867893989,-78.4623399184865
21.9506380720676,-7.53385804600465,-78.502582607115
22.0519914762046,-7.56806038055385,-78.5427906714162
22.1538128627526,-7.60230545065059,-78.5829626958608
22.2561043925424,-7.63659302428646,-78.6230972841737
22.3588682363817,-7.67092286940636,-78.6631930592145
22.4621065751019,-7.7052947539327,-78.7032486628567
22.5658215996036,-7.73970844578946,-78.7432627558665
22.670015510904,-7.77416371292581,-78.7832340177801
22.7746905201827,-7.80866032333932,-78.8231611467812
22.8798488488294,-7.84319804509892,-78.8630428595763
22.9854927284904,-7.87777664636742,-78.9028778912711
23.0916244011165,-7.91239589542372,-78.9426649952442
23.1982461190101,-7.94705556068466,-78.982402943022
23.3053601448735,-7.98175541072653,-79.0220905241515
23.4129687518564,-8.01649521430617,-79.0617265460737
23.5210742236045,-8.05127474038185,-79.1013098339956
23.6296788543079,-8.08609375813367,-79.1408392307618
23.7387849487496,-8.12095203698367,-79.1803135967263
23.8483948223547,-8.15584934661566,-79.219731809623
23.9585108012394,-8.19078545699458,-79.2590927644361
24.0691352222601,-8.22576013838565,-79.2983953732702
24.1802704330635,-8.26077316137309,-79.3376385652201
24.2919187921361,-8.29582429687859,-79.3768212862399
24.4040826688544,-8.33091331617936,-79.4159424990122
24.5167644435348,-8.36603999092589,-79.4550011828168
24.6299665074847,-8.40120409315941,-79.4939963333991
24.743691263053,-8.43640539532901,-79.5329269628389
24.8579411236808,-8.4716436703084,-79.5717920994178
24.972718513953,-8.50691869141236,-79.6105907874876
25.0880258696496,-8.54223023241294,-79.6493220873383
25.2038656377974,-8.57757806755522,-79.6879850750654
25.320240276722,-8.61296197157292,-79.7265788424379
25.4371522560998,-8.64838171970349,-79.7651024967656
25.5546040570106,-8.68383708770311,-79.803555160767
25.6725981719902,-8.71932785186119,-79.8419359724368
25.7911371050831,-8.75485378901476,-79.8802440849132
25.910223371896,-8.79041467656232,-79.9184786663461
26.0298594996509,-8.82601029247766,-79.9566388997643
26.1500480272388,-8.86164041532314,-79.9947239829436
26.2707915052736,-8.89730482426286,-80.0327331282746
26.3920924961464,-8.93300329907542,-80.070665562631
26.5139535740796,-8.96873562016643,-80.1085205272376
26.6363773251814,-9.0045015685808,-80.1462972775387
26.7593663475014,-9.04030092601463,-80.1839950830668
26.882923251085,-9.07613347482686,-80.2216132273116
27.0070506580289,-9.11199899805074,-80.2591510075888
27.1317512025372,-9.14789727940487,-80.2966077349094
27.2570275309767,-9.18382810330407,-80.3339827338499
27.3828823019337,-9.21979125486998,-80.3712753424214
27.5093181862698,-9.25578651994129,-80.4084849119405
27.6363378671789,-9.29181368508389,-80.4456108068994
27.7639440402442,-9.32787253760056,-80.4826524048373
27.8921394134952,-9.36396286554057,-80.5196090962113
28.0209267074654,-9.40008445770891,-80.5564802842683
28.1503086552498,-9.43623710367527,-80.5932653849169
28.280288002563,-9.47242059378293,-80.6299638266003
28.4108675077975,-9.50863471915717,-80.6665750501686
28.5420499420824,-9.54487927171359,-80.7030985087529
28.6738380893417,-9.58115404416617,-80.7395336676385
28.8062347463539,-9.61745883003503,-80.7758800041397
28.9392427228112,-9.65379342365405,-80.8121370074745
29.0728648413789,-9.69015762017816,-80.8483041786397
29.2071039377556,-9.72655121559047,-80.8843810302868
29.3419628607334,-9.76297400670915,-80.9203670865988
29.477444472258,-9.79942579119406,-80.9562618831664
29.6135516474896,-9.83590636755325,-80.9920649668659
29.7502872748643,-9.87241553514909,-81.0277758957373
29.8876542561548,-9.90895309420437,-81.0633942388625
30.0256555065323,-9.94551884580801,-81.0989195762448
30.1642939546285,-9.9821125919207,-81.1343514986886
30.3035725425972,-10.0187341353802,-81.1696896076796
30.4434942261774,-10.0553832799067,-81.2049335152661
30.5840619747556,-10.0920598301076,-81.2400828439404
30.7252787714292,-10.1287635914823,-81.2751372265213
30.8671476130691,-10.1654943704268,-81.3100963060365
31.0096715103841,-10.2022519742383,-81.3449597356067
31.1528534879844,-10.2390362111191,-81.3797271783297
31.2966965844457,-10.2758468901807,-81.4143983071649
31.4412038523739,-10.3126838214477,-81.4489728048191
31.5863783584698,-10.3495468158614,-81.483450363633
31.7322231835942,-10.3864356852834,-81.5178306854677
31.8787414228332,-10.4233502424986,-81.5521134815924
32.0259361855639,-10.4602903012185,-81.5862984725729
32.1738105955206,-10.4972556760844,-81.6203853881605
32.3223677908608,-10.5342461826695,-81.6543739671816
32.4716109242319,-10.5712616374824,-81.6882639574285
32.6215431628382,-10.6083018579687,-81.72205511555
32.772167688508,-10.6453666625139,-81.7557472069441
32.9234876977612,-10.6824558704454,-81.7893400056499
33.0755064018769,-10.7195693020343,-81.8228332942412
33.2282270269621,-10.7567067784972,-81.8562268637208
33.3816528140194,-10.7938681219984,-81.8895205134153
33.5357870190166,-10.8310531556508,-81.9227140508703
33.6906329129551,-10.8682617035175,-81.9558072917474
33.8461937819397,-10.9054935906134,-81.9888000597207
34.0024729272482,-10.9427486429058,-82.021692186375
34.1594736654015,-10.9800266873154,-82.0544835111044
34.3171993282341,-11.0173275517178,-82.0871738810117
34.4756532629646,-11.0546510649433,-82.1197631508083
34.6348388322668,-11.0919970567781,-82.1522511827153
34.794759414341,-11.1293653579645,-82.1846378463652
34.9554184029859,-11.1667558002013,-82.2169230187045
35.1168192076706,-11.2041682161439,-82.2491065838966
35.2789652536067,-11.2416024394044,-82.2811884332258
35.4418599818212,-11.2790583045518,-82.3131684650024
35.6055068492293,-11.3165356471115,-82.3450465844679
35.7699093287081,-11.3540343035652,-82.3768227037017
35.9350709091703,-11.3915541113505,-82.4084967415276
36.1009950956377,-11.4290949088604,-82.4400686234223
36.2676854093161,-11.4666565354428,-82.4715382814235
36.43514538767,-11.5042388313995,-82.5029056540398
36.6033785844974,-11.5418416379858,-82.5341706861606
36.7723885700055,-11.5794647974092,-82.5653333289669
36.9421789308862,-11.6171081528288,-82.5963935398436
37.1127532703923,-11.6547715483538,-82.6273512822913
37.2841152084144,-11.6924548290426,-82.6582065258404
37.4562683815568,-11.7301578409012,-82.6889592459641
37.6292164432156,-11.7678804308823,-82.7196094239945
37.8029630636558,-11.8056224468833,-82.7501570470369
37.977511930089,-11.843383737745,-82.7806021078872
38.1528667467522,-11.8811641532501,-82.8109446049485
38.3290312349858,-11.918963544121,-82.8411845421489
38.5060091333131,-11.9567817620187,-82.8713219288606
38.6838041975193,-11.9946186595402,-82.901356779819
38.8624202007313,-12.0324740902171,-82.9312891150429
39.0418609334979,-12.0703479085129,-82.9611189597553
39.2221302038699,-12.1082399698218,-82.9908463443055
39.4032318374814,-12.1461501304658,-83.0204713040912
39.5851696776305,-12.1840782476925,-83.0499938794816
39.7679475853612,-12.2220241796731,-83.0794141157418
39.9515694395453,-12.2599877854999,-83.1087320629567
40.1360391369645,-12.2979689251836,-83.1379477759572
40.3213605923932,-12.3359674596511,-83.1670613142461
40.5075377386819,-12.3739832507427,-83.1960727419245
40.6945745268401,-12.4120161612096,-83.2249821276203
40.8824749261205,-12.4500660547109,-83.2537895444156
41.0712429241032,-12.4881327958114,-83.2824950697767
41.2608825267802,-12.5262162499783,-83.3110987854832
41.4513977586406,-12.5643162835783,-83.3396007775587
41.642792662756,-12.6024327638753,-83.3680011362023
41.8350713008658,-12.6405655590264,-83.3962999557201
42.0282377534644,-12.6787145380799,-83.4244973344584
42.2222961198866,-12.7168795709717,-83.4525933747365
42.4172505183957,-12.755060528522,-83.4805881827811
42.6131050862699,-12.7932572824327,-83.5084818686609
42.8098639798912,-12.8314697052838,-83.5362745462223
43.0075313748323,-12.86969767053,-83.5639663330251
43.2061114659466,-12.9079410524981,-83.5915573502798
43.4056084674559,-12.9461997263826,-83.6190477227849
43.606026613041,-12.9844735682434,-83.6464375788651
43.8073701559307,-13.0227624550017,-83.6737270503099
44.0096433689924,-13.0610662644368,-83.7009162723138
44.2128505448228,-13.0993848751825,-83.7280053834158
44.4169959958391,-13.1377181667237,-83.7549945254408
44.62208405437,-13.1760660193928,-83.7818838434405
44.8281190727484,-13.2144283143662,-83.8086734856363
45.0351054234032,-13.2528049336604,-83.8353636033617
45.2430474989521,-13.2911957601287,-83.8619543510058
45.4519497122953,-13.3296006774574,-83.8884458859574
45.6618164967085,-13.3680195701619,-83.9148383685499
45.8726523059375,-13.4064523235833,-83.9411319620064
46.0844616142927,-13.4448988238846,-83.9673268323862
46.2972489167434,-13.4833589580466,-83.9934231485307
46.5110187290141,-13.5218326138644,-84.0194210820114
46.7257755876798,-13.5603196799436,-84.0453208070772
46.9415240502622,-13.5988200456963,-84.0711225006031
47.1582686953268,-13.6373336013373,-84.0968263420393
47.3760141225797,-13.6758602378801,-84.1224325133608
47.5947649529656,-13.7143998471334,-84.1479411990177
47.8145258287654,-13.7529523216966,-84.1733525858859
48.035301413695,-13.7915175549564,-84.1986668632191
48.2570963930045,-13.8300954410824,-84.2238842226
48.4799154735769,-13.8686858750236,-84.2490048578936
48.7037633840289,-13.907288752504,-84.2740289651999
48.9286448748104,-13.9459039700187,-84.2989567428081
49.154564718306,-13.9845314248303,-84.3237883911506
49.3815277089359,-14.0231710149643,-84.3485241127579
49.6095386632577,-14.0618226392053,-84.3731641122141
49.8386024200687,-14.1004861970932,-84.3977085961129
50.0687238405084,-14.1391615889189,-84.4221577730141
50.2999078081621,-14.1778487157202,-84.4465118534005
50.5321592291638,-14.2165474792779,-84.4707710496357
50.7654830323012,-14.2552577821118,-84.4949355759223
50.9998841691196,-14.2939795274763,-84.5190056482603
51.2353676140272,-14.3327126193566,-84.5429814844064
51.4719383644009,-14.3714569624646,-84.5668633038337
51.709601440692,-14.4102124622347,-84.590651327692
51.9483618865329,-14.4489790248198,-84.6143457787684
52.1882247688443,-14.487756557087,-84.6379468814484
52.4291951779422,-14.526544966614,-84.661454861678
52.6712782276467,-14.5653441616843,-84.6848699469255
52.9144790553899,-14.6041540512836,-84.7081923661446
53.158802822325,-14.6429745450958,-84.7314223497372
53.4042547134363,-14.6818055534983,-84.7545601295175
53.6508399376486,-14.7206469875585,-84.7776059386755
53.8985637279382,-14.7594987590294,-84.8005600117426
54.1474313414438,-14.7983607803455,-84.8234225845557
54.3974480595779,-14.8372329646189,-84.8461938942232
54.6486191881392,-14.876115225635,-84.8688741790914
54.900950057425,-14.9150074778487,-84.8914636787101
55.1544460223443,-14.9539096363797,-84.9139626338003
55.4091124625316,-14.9928216170092,-84.936371286221
55.6649547824609,-15.0317433361753,-84.9586898789376
55.9219784115604,-15.0706747109692,-84.9809186559894
56.1801888043279,-15.1096156591308,-85.003057862459
56.4395914404463,-15.148566099045,-85.0251077444408
56.7001918249002,-15.1875259497375,-85.0470685490112
56.9619954880924,-15.2264951308708,-85.0689405241977
57.2250079859614,-15.26547356274,-85.09072391895
57.4892349000993,-15.3044611662689,-85.1124189831104
57.7546818378706,-15.3434578630062,-85.1340259673852
58.0213544325303,-15.3824635751208,-85.155545123316
58.2892583433445,-15.4214782253988,-85.1769767032518
58.5583992557099,-15.4605017372383,-85.1983209603217
58.8287828812743,-15.4995340346467,-85.2195781484071
59.1004149580583,-15.5385750422356,-85.2407485221152
59.373301250577,-15.5776246852175,-85.2618323367527
59.647447549962,-15.6166828894017,-85.2828298482992
59.9228596740844,-15.6557495811902,-85.3037413133821
60.1995434676784,-15.6948246875738,-85.3245669892506
60.4775048024655,-15.7339081361285,-85.3453071337514
60.7567495772787,-15.7729998550111,-85.3659620053037
61.0372837181878,-15.8120997729555,-85.3865318628748
61.3191131786254,-15.8512078192691,-85.4070169659566
61.6022439395131,-15.8903239238283,-85.427417574542
61.8866820093881,-15.9294480170754,-85.4477339491013
62.1724334245315,-15.9685800300139,-85.4679663505599
62.4595042490956,-16.0077198942055,-85.4881150402753
62.7479005752328,-16.0468675417656,-85.5081802800153
63.0376285232254,-16.0860229053599,-85.5281623319357
63.3286942416147,-16.1251859182005,-85.5480614585594
63.6211039073321,-16.164356514042,-85.5678779227547
63.9148637258298,-16.2035346271778,-85.5876119877145
64.2099799312128,-16.2427201924364,-85.6072639169361
64.5064587863708,-16.2819131451777,-85.6268339742004
64.8043065831115,-16.3211134212891,-85.6463224235525
65.1035296422941,-16.3603209571819,-85.6657295292816
65.4041343139631,-16.3995356897876,-85.6850555559021
65.7061269774833,-16.4387575565541,-85.7043007681343
66.0095140416752,-16.4779864954424,-85.7234654308858
66.314301944951,-16.5172224449223,-85.7425498092329
66.620497155451,-16.5564653439696,-85.7615541684028
66.9281061711814,-16.5957151320617,-85.7804787737552
67.2371355201515,-16.6349717491745,-85.7993238907655
67.5475917605128,-16.6742351357786,-85.8180897850065
67.8594814806979,-16.7135052328358,-85.8367767221324
68.1728112995605,-16.7527819817956,-85.8553849678612
68.4875878665155,-16.7920653245913,-85.8739147879589
68.8038178616806,-16.8313552036371,-85.8923664482228
69.1215079960177,-16.8706515618242,-85.9107402144658
69.4406650114756,-16.9099543425173,-85.9290363525005
69.7612956811327,-16.9492634895512,-85.9472551281243
70.0834068093411,-16.9885789472274,-85.9653968071034
70.4070052318708,-17.0279006603106,-85.9834616551585
70.732097816055,-17.0672285740254,-86.00144993795
71.0586914609353,-17.1065626340526,-86.0193619210633
71.3867930974089,-17.1459027865263,-86.037197869995
71.7164096883749,-17.18524897803,-86.0549580501385
72.0475482288826,-17.2246011555936,-86.0726427267709
72.3802157462798,-17.26395926669,-86.0902521650387
72.7144193003619,-17.3033232592317,-86.1077866299453
73.0501659835215,-17.3426930815676,-86.1252463863376
73.3874629208995,-17.3820686824797,-86.1426316988932
73.7263172705356,-17.4214500111797,-86.1599428321078
74.0667362235208,-17.460837017306,-86.1771800502831
74.4087270041497,-17.5002296509203,-86.1943436175142
74.7522968700738,-17.5396278625045,-86.2114337976783
75.0974531124557,-17.5790316029574,-86.2284508544222
75.4442030561235,-17.6184408235916,-86.2453950511514
75.7925540597269,-17.6578554761303,-86.2622666510187
76.1425135158925,-17.6972755127041,-86.2790659169126
76.4940888513813,-17.7367008858483,-86.2957931114472
76.8472875272462,-17.7761315484991,-86.3124484969507
77.20211703899,-17.8155674539911,-86.3290323354555
77.5585849167252,-17.8550085560539,-86.3455448886874
77.9166987253328,-17.8944548088093,-86.3619864180559
78.2764660646237,-17.9339061667681,-86.378357184644
78.6378945694998,-17.9733625848272,-86.3946574491984
79.0009919101153,-18.0128240182664,-86.4108874721201
79.3657657920407,-18.0522904227457,-86.4270475134549
79.7322239564253,-18.0917617543021,-86.4431378328841
80.1003741801619,-18.1312379693469,-86.4591586897158
80.4702242760521,-18.1707190246627,-86.4751103428757
80.8417820929714,-18.2102048774002,-86.4909930508984
81.2150555160364,-18.2496954850759,-86.5068070719191
81.5900524667719,-18.2891908055687,-86.5225526636651
81.9667809032788,-18.3286907971172,-86.5382300834475
82.3452488204037,-18.3681954183171,-86.5538395881536
82.7254642499075,-18.4077046281182,-86.5693814342384
83.1074352606367,-18.4472183858214,-86.5848558777172
83.4911699586943,-18.4867366510763,-86.6002631741584
83.876676487612,-18.5262593838784,-86.6156035786754
84.2639630285228,-18.565786544566,-86.6308773459199
84.6530378003345,-18.6053180938178,-86.6460847300743
85.0439090599047,-18.6448539926502,-86.6612259848453
85.4365851022155,-18.6843942024143,-86.6763013634568
85.8310742605497,-18.7239386847937,-86.6913111186431
86.2273849066675,-18.7634874018014,-86.7062555026427
86.6255254509845,-18.8030403157775,-86.7211347671916
87.02550434275,-18.8425973893862,-86.7359491635173
87.4273300702261,-18.8821585856138,-86.7506989423325
87.8310111608683,-18.9217238677653,-86.7653843538292
88.2365561815059,-18.9612931994627,-86.780005647673
88.6439737385244,-19.0008665446418,-86.7945630729972
89.0532724780476,-19.0404438675499,-86.8090568783971
89.4644610861214,-19.0800251327435,-86.8234873119249
89.8775482888983,-19.1196103050852,-86.8378546210841
90.292542852822,-19.159199349742,-86.8521590528244
90.709453584814,-19.1987922321821,-86.8664008535365
91.1282893324601,-19.2383889181731,-86.8805802690472
91.5490589841987,-19.2779893737792,-86.8946975446147
91.9717714695087,-19.3175935653585,-86.9087529249235
92.3964357590996,-19.3572014595615,-86.9227466540801
92.8230608651016,-19.3968130233278,-86.9366789756085
93.2516558412569,-19.4364282238841,-86.9505501324455
93.6822297831117,-19.4760470287421,-86.9643603669368
94.1147918282097,-19.5156694056958,-86.9781099208325
94.5493511562855,-19.5552953228193,-86.9917990352831
94.9859169894594,-19.5949247484645,-87.0054279508358
95.4244985924335,-19.6345576512589,-87.0189969074303
95.8651052726882,-19.6741940001033,-87.0325061443953
96.3077463806795,-19.7138337641694,-87.0459559004446
96.7524313100376,-19.7534769128978,-87.0593464136737
97.1991694977661,-19.7931234159956,-87.0726779215563
97.6479704244426,-19.8327732434344,-87.085950660941
98.0988436144195,-19.8724263654479,-87.0991648680478
98.5517986360265,-19.9120827525298,-87.1123207784654
99.0068451017734,-19.9517423754316,-87.1254186271476
99.4639926685539,-19.9914052051607,-87.1384586484104
99.9232510378512,-20.0310712129781,-87.1514410759295
100.384629955943,-20.0707403703962,-87.1643661427371
100.84813921411,-20.1104126491767,-87.1772340812192
101.31378864884,-20.1500880213289,-87.190045123113
101.781588142042,-20.1897664591073,-87.2027994995046
102.251547621251,-20.2294479350094,-87.2154974408261
102.723677059843,-20.2691324217742,-87.2281391768534
103.197986477241,-20.3088198923796,-87.240724936704
103.674485939134,-20.3485103200411,-87.2532549488346
104.153185557686,-20.3882036782089,-87.2657294410391
104.634095491754,-20.4278999405667,-87.2781486404462
105.117225947099,-20.4675990810295,-87.2905127735179
105.602587176609,-20.5073010737416,-87.3028220660471
106.090189480509,-20.5470058930745,-87.315076743156
106.580043206587,-20.5867135136255,-87.3272770292943
107.072158750408,-20.6264239102153,-87.3394231482373
107.566546555537,-20.6661370578864,-87.3515153230846
108.063217113763,-20.7058529319012,-87.3635537762583
108.562180965315,-20.7455715077398,-87.3755387295013
109.063448699093,-20.7852927610988,-87.3874704038764
109.567030952888,-20.8250166678889,-87.3993490197644
110.07293841361,-20.8647432042335,-87.4111747968632
110.581181817512,-20.9044723464665,-87.4229479541861
111.091771950423,-20.9442040711309,-87.4346687100612
111.604719647971,-20.9839383549768,-87.4463372821296
112.120035795818,-21.0236751749596,-87.4579538873452
112.637731329887,-21.0634145082386,-87.4695187419727
113.157817236595,-21.1031563321748,-87.4810320615875
113.680304553091,-21.1429006243294,-87.4924940610743
114.205204367481,-21.1826473624624,-87.5039049546266
114.732527819073,-21.2223965245303,-87.5152649557458
115.262286098606,-21.2621480886849,-87.5265742772403
115.794490448491,-21.3019020332715,-87.5378331312251
116.329152163049,-21.341658336827,-87.5490417291213
116.866282588751,-21.3814169780788,-87.5602002816551
117.40589312446,-21.4211779359427,-87.5713089988576
117.947995221667,-21.4609411895215,-87.5823680900644
118.492600384742,-21.5007067181032,-87.593377763915
119.039720171174,-21.5404745011598,-87.6043382283526
119.589366191816,-21.5802445183454,-87.6152496906238
120.141550111132,-21.6200167494947,-87.626112357278
120.696283647445,-21.6597911746214,-87.6369264341679
121.253578573187,-21.6995677739171,-87.6476921264486
121.813446715144,-21.7393465277489,-87.6584096385777
122.375899954713,-21.7791274166588,-87.6690791743156
122.94095022815,-21.8189104213616,-87.679700936725
123.508609526824,-21.8586955227438,-87.690275128171
124.078889897475,-21.8984827018618,-87.7008019503214
124.651803442465,-21.9382719399405,-87.7112816041466
125.227362320035,-21.9780632183722,-87.7217142899196
125.805578744567,-22.0178565187146,-87.7321002072165
126.38646498684,-22.0576518226898,-87.7424395549165
126.970033374292,-22.0974491121827,-87.7527325312021
127.556296291279,-22.1372483692395,-87.7629793335595
128.145266179343,-22.1770495760668,-87.773180158779
128.736955537469,-22.2168527150294,-87.7833352029553
129.331376922356,-22.2566577686496,-87.7934446614876
129.928542948681,-22.2964647196056,-87.8035087290806
130.528466289368,-22.3362735507301,-87.8135275997445
131.131159675855,-22.3760842450091,-87.8235014667957
131.736635898366,-22.4158967855804,-87.8334305228573
132.34490780618,-22.4557111557325,-87.8433149598596
132.955988307909,-22.495527338903,-87.8531549690409
133.569890371765,-22.5353453186775,-87.8629507409479
134.186627025841,-22.5751650787885,-87.8727024654363
134.806211358381,-22.6149866031136,-87.882410331672
135.428656518067,-22.6548098756747,-87.8920745281313
136.05397571429,-22.6946348806366,-87.9016952426016
136.682182217433,-22.7344616023056,-87.9112726621827
137.313289359154,-22.7742900251286,-87.9208069732872
137.947310532666,-22.8141201336916,-87.9302983616414
138.584259193025,-22.8539519127184,-87.9397470122862
139.224148857412,-22.89378534707,-87.9491531095779
139.866993105421,-22.9336204217424,-87.9585168371895
140.51280557935,-22.9734571218665,-87.967838378111
141.161599984485,-23.0132954327061,-87.9771179146509
141.813390089396,-23.0531353396571,-87.9863556284368
142.468189726225,-23.0929768282463,-87.9955517004169
143.126012790984,-23.1328198841304,-88.0047063108604
143.786873243846,-23.1726644930945,-88.0138196393591
144.450785109443,-23.2125106410513,-88.0228918648282
145.117762477164,-23.2523583140398,-88.0319231655076
145.787819501453,-23.2922074982243,-88.0409137189627
146.460970402108,-23.3320581798932,-88.049863702086
147.137229464588,-23.3719103454581,-88.0587732910977
147.816611040311,-23.4117639814525,-88.0676426615475
148.499129546959,-23.4516190745309,-88.0764719883154
149.184799468788,-23.4914756114674,-88.0852614456131
149.87363535693,-23.5313335791553,-88.0940112069849
150.565651829705,-23.5711929646053,-88.1027214453097
151.260863572933,-23.611053754945,-88.1113923328014
151.95928534024,-23.6509159374177,-88.120024041011
152.660931953377,-23.6907794993814,-88.1286167408272
153.365818302529,-23.7306444283076,-88.1371706024784
154.073959346638,-23.7705107117807,-88.1456857955335
154.785370113714,-23.8103783374966,-88.1541624889036
155.500065701155,-23.8502472932619,-88.1626008508434
156.218061276071,-23.8901175669931,-88.1710010489522
156.939372075604,-23.9299891467151,-88.1793632501758
157.664013407248,-23.969862020561,-88.1876876208077
158.392000649179,-24.0097361767703,-88.1959743264906
159.12334925058,-24.0496116036888,-88.2042235322176
159.858074731965,-24.089488289767,-88.2124354023343
160.596192685515,-24.1293662235595,-88.2206101005396
161.337718775402,-24.169245393724,-88.2287477898875
162.082668738128,-24.2091257890203,-88.2368486327887
162.831058382851,-24.2490073983098,-88.2449127910119
163.582903591731,-24.2888902105539,-88.2529404256855
164.338220320256,-24.3287742148137,-88.2609316972991
165.097024597588,-24.3686594002489,-88.2688867657052
165.859332526903,-24.4085457561171,-88.2768057901204
166.625160285727,-24.4484332717725,-88.2846889291274
167.394524126285,-24.4883219366656,-88.2925363406762
168.167440375844,-24.5282117403418,-88.300348182086
168.943925437059,-24.5681026724411,-88.3081246100469
169.723995788321,-24.6079947226967,-88.315865780621
170.507667984108,-24.6478878809348,-88.3235718492447
171.294958655336,-24.6877821370732,-88.3312429707298
172.085884509711,-24.7276774811208,-88.3388792992654
172.880462332083,-24.7675739031766,-88.3464809884197
173.678708984805,-24.8074713934293,-88.3540481911412
174.480641408087,-24.847369942156,-88.3615810597609
175.286276620359,-24.8872695397215,-88.3690797459936
176.095631718632,-24.9271701765781,-88.3765444009398
176.908723878857,-24.9670718432639,-88.3839751750875
177.725570356294,-25.0069745304027,-88.3913722183135
178.546188485874,-25.0468782287031,-88.3987356798854
179.370595682572,-25.0867829289576,-88.4060657084635
180.198809441772,-25.1266886220421,-88.4133624521021
181.03084733964,-25.1665952989147,-88.4206260582515
181.866727033498,-25.2065029506156,-88.4278566737597
182.706466262197,-25.2464115682659,-88.4350544448742
183.550082846495,-25.2863211430669,-88.4422195172435
184.397594689432,-25.3262316662996,-88.4493520359191
185.249019776716,-25.3661431293239,-88.4564521453574
186.104376177098,-25.406055523578,-88.463519989421
186.963682042759,-25.4459688405773,-88.470555711381
187.826955609696,-25.4858830719142,-88.4775594539182
188.694215198106,-25.5257982092572,-88.4845313591254
189.565479212778,-25.5657142443501,-88.4914715685091
190.440766143481,-25.6056311690116,-88.4983802229908
191.320094565358,-25.6455489751345,-88.5052574629096
192.203483139318,-25.6854676546849,-88.5121034280233
193.090950612436,-25.7253871997017,-88.5189182575105
193.982515818348,-25.7653076022959,-88.5257020899725
194.87819767765,-25.8052288546501,-88.5324550634348
195.7780151983,-25.8451509490177,-88.5391773153493
196.681987476025,-25.885073877722,-88.5458689825957
197.590133694721,-25.9249976331564,-88.5525302014836
198.502473126864,-25.9649222077828,-88.5591611077544
199.419025133916,-26.0048475941315,-88.5657618365827
200.339809166737,-26.0447737848008,-88.5723325225785
201.264844766,-26.0847007724559,-88.5788732997891
202.194151562602,-26.1246285498284,-88.5853843017004
203.127749278084,-26.164557109716,-88.5918656612394
204.065657725047,-26.2044864449817,-88.5983175107755
205.007896807573,-26.2444165485531,-88.6047399821226
205.954486521648,-26.2843474134222,-88.6111332065409
206.905446955587,-26.3242790326443,-88.6174973147387
207.860798290458,-26.3642113993379,-88.6238324368742
208.820560800514,-26.4041445066838,-88.6301387025574
209.784754853617,-26.4440783479249,-88.6364162408522
210.753400911679,-26.4840129163653,-88.6426651802775
211.726519531089,-26.5239482053697,-88.6488856488098
212.70413136315,-26.5638842083634,-88.6550777738846
213.686257154522,-26.6038209188311,-88.6612416823987
214.672917747658,-26.6437583303167,-88.6673775007114
215.664134081247,-26.6836964364229,-88.6734853546467
216.65992719066,-26.7236352308103,-88.6795653694953
217.660318208395,-26.7635747071971,-88.6856176700161
218.665328364525,-26.8035148593586,-88.6916423804384
219.674978987149,-26.8434556811267,-88.6976396244632
220.689291502848,-26.8833971663893,-88.7036095252658
221.708287437132,-26.9233393090897,-88.7095522054969
222.731988414906,-26.9632821032263,-88.7154677872848
223.760416160921,-27.0032255428521,-88.7213563922374
224.79359250024,-27.0431696220742,-88.7272181414436
225.831539358699,-27.0831143350531,-88.7330531554757
226.874278763373,-27.1230596760023,-88.7388615543905
227.921832843045,-27.1630056391882,-88.7446434577318
228.974223828671,-27.2029522189291,-88.7503989845319
230.031474053856,-27.2428994095951,-88.7561282533137
231.093605955328,-27.2828472056072,-88.7618313820921
232.16064207341,-27.3227956014374,-88.7675084883762
233.232605052505,-27.362744591608,-88.7731596891708
234.30951764157,-27.4026941706908,-88.7787851009789
235.391402694601,-27.4426443333073,-88.7843848398025
236.47828317112,-27.4825950741278,-88.7899590211454
237.570182136661,-27.5225463878711,-88.7955077600144
238.667122763259,-27.5624982693038,-88.8010311709213
239.76912832994,-27.6024507132406,-88.8065293678849
240.876222223221,-27.6424037145429,-88.8120024644324
241.988427937598,-27.6823572681192,-88.8174505736017
243.105769076051,-27.7223113689241,-88.8228738079428
244.228269350544,-27.7622660119582,-88.8282722795199
245.355952582526,-27.8022211922676,-88.8336460999131
246.488842703435,-27.8421769049435,-88.83899538022
247.626963755213,-27.8821331451218,-88.8443202310578
248.770339890808,-27.9220899079827,-88.8496207625651
249.918995374692,-27.96204718875,-88.8548970844035
251.072954583375,-28.0020049826914,-88.8601493057594
252.232242005918,-28.0419632851174,-88.8653775353459
253.39688224446,-28.0819220913813,-88.8705818814046
254.566900014734,-28.1218813968788,-88.8757624517073
255.742320146594,-28.1618411970473,-88.8809193535579
256.923167584543,-28.2018014873659,-88.8860526937939
258.10946738826,-28.2417622633549,-88.8911625787886
259.301244733132,-28.2817235205753,-88.8962491144524
260.498524910791,-28.3216852546287,-88.901312406235
261.701333329648,-28.3616474611565,-88.9063525591269
262.909695515433,-28.4016101358401,-88.9113696776613
264.123637111737,-28.4415732744001,-88.9163638659156
265.343183880556,-28.481536872596,-88.9213352275136
266.568361702838,-28.5215009262261,-88.9262838656268
267.799196579032,-28.5614654311269,-88.9312098829765
269.035714629638,-28.6014303831728,-88.9361133818353
270.277942095765,-28.641395778276,-88.9409944640289
271.525905339685,-28.6813616123858,-88.945853230938
272.779630845395,-28.7213278814883,-88.9506897834997
274.039145219174,-28.7612945816064,-88.9555042222097
275.304475190155,-28.8012617087993,-88.9602966471236
276.575647610887,-28.8412292591617,-88.9650671578587
277.852689457903,-28.8811972288245,-88.969815853596
279.135627832301,-28.9211656139534,-88.9745428330816
280.42448996031,-28.9611344107492,-88.9792481946286
281.719303193872,-29.0011036154475,-88.9839320361185
283.020095011224,-29.041073224318,-88.9885944550035
284.326893017476,-29.0810432336646,-88.9932355483075
285.639724945204,-29.1210136398248,-88.9978554126284
286.958618655031,-29.1609844391694,-89.0024541441392
288.283602136224,-29.2009556281025,-89.0070318385905
289.614703507284,-29.2409272030609,-89.0115885913111
290.951951016546,-29.280899160514,-89.0161244972107
292.295373042776,-29.3208714969632,-89.020639650781
293.644998095775,-29.360844208942,-89.0251341460974
295.000854816982,-29.4008172930154,-89.029608076821
296.362971980084,-29.4407907457798,-89.0340615361998
297.731378491627,-29.4807645638627,-89.0384946170708
299.106103391625,-29.5207387439223,-89.0429074118614
300.487175854182,-29.5607132826473,-89.0473000125908
301.874625188107,-29.6006881767567,-89.0516725108725
303.268480837539,-29.6406634229992,-89.0560249979149
304.668772382569,-29.6806390181534,-89.0603575645235
306.07552953987,-29.7206149590273,-89.0646703011027
307.488782163326,-29.7605912424579,-89.0689632976569
308.908560244668,-29.8005678653111,-89.0732366437924
310.334893914106,-29.8405448244815,-89.0774904287192
311.767813440974,-29.880522116892,-89.0817247412523
313.207349234368,-29.9204997394934,-89.0859396698134
314.653531843794,-29.9604776892647,-89.0901353024326
316.106391959813,-30.0004559632122,-89.0943117267498
317.565960414698,-30.0404345583696,-89.0984690300166
319.032268183082,-30.0804134717977,-89.1026072990977
320.505346382619,-30.1203927005841,-89.1067266204723
321.985226274644,-30.160372241843,-89.1108270802361
323.471939264836,-30.2003520927151,-89.1149087641025
324.965516903884,-30.240332250367,-89.1189717574044
326.465990888158,-30.2803127119911,-89.1230161450958
327.973393060378,-30.3202934748058,-89.127042011753
329.487755410296,-30.3602745360546,-89.1310494415766
331.00911007537,-30.4002558930063,-89.1350385183928
332.537489341446,-30.4402375429545,-89.1390093256551
334.072925643446,-30.4802194832177,-89.1429619464455
335.615451566054,-30.5202017111388,-89.1468964634767
337.16509984441,-30.560184224085,-89.1508129590928
338.7219033648,-30.6001670194475,-89.1547115152715
340.28589516536,-30.6401500946414,-89.1585922136253
341.857108436773,-30.6801334471054,-89.1624551354031
343.435576522973,-30.7201170743015,-89.1663003614918
345.021332921856,-30.760100973715,-89.1701279724176
346.614411285988,-30.8000851428541,-89.1739380483476
348.21484542332,-30.8400695792498,-89.1777306690914
349.822669297907,-30.8800542804558,-89.1815059141025
351.437917030625,-30.9200392440478,-89.1852638624799
353.060622899899,-30.960024467624,-89.1890045929692
354.690821342429,-31.0000099488043,-89.1927281839646
356.32854695392,-31.0399956852306,-89.1964347135103
357.973834489817,-31.079981674566,-89.2001242593014
359.626718866043,-31.1199679144954,-89.2037968986861
361.287235159738,-31.1599544027244,-89.2074527086667
362.955418610007,-31.19994113698,-89.2110917659013
364.631304618665,-31.2399281150095,-89.2147141467051
366.314928750987,-31.2799153345813,-89.2183199270518
368.006326736467,-31.3199027934838,-89.2219091825753
369.705534469574,-31.3598904895258,-89.2254819885708
371.412588010512,-31.3998784205361,-89.2290384199967
373.127523585988,-31.4398665843632,-89.2325785514753
374.850377589979,-31.4798549788756,-89.236102457295
376.581186584508,-31.519843601961,-89.2396102114113
378.319987300412,-31.5598324515265,-89.2431018874482
380.066816638132,-31.5998215254983,-89.2465775586996
381.821711668486,-31.6398108218216,-89.2500372981311
383.584709633463,-31.6798003384604,-89.2534811783807
385.35584794701,-31.7197900733972,-89.256909271761
387.135164195827,-31.7597800246331,-89.2603216502599
388.922696140162,-31.7997701901875,-89.2637183855421
390.718481714619,-31.8397605680976,-89.267099548951
392.522559028954,-31.879751156419,-89.2704652115096
394.334966368892,-31.9197419532247,-89.2738154439217
396.155742196934,-31.9597329566054,-89.2771503165739
397.984925153176,-31.9997241646695,-89.2804698995362
399.822554056128,-32.0397155755424,-89.2837742625643
401.668667903538,-32.0797071873669,-89.2870634750997
403.523305873219,-32.1196989983025,-89.2903376062723
405.386507323882,-32.1596910065257,-89.293596724901
407.25831179597,-32.1996832102297,-89.296840899495
409.138759012496,-32.2396756076242,-89.3000701982557
411.027888879889,-32.2796681969353,-89.3032846890773
412.92574148884,-32.3196609764051,-89.3064844395488
414.83235711515,-32.3596539442922,-89.3096695169548
416.747776220587,-32.3996470988707,-89.3128399882771
418.672039453746,-32.4396404384308,-89.3159959201958
420.60518765091,-32.4796339612781,-89.3191373790908
422.547261836915,-32.5196276657339,-89.3222644310432
424.498303226022,-32.5596215501348,-89.3253771418359
426.458353222795,-32.5996156128324,-89.3284755769558
428.427453422975,-32.6396098521938,-89.3315598015946
430.405645614363,-32.6796042666007,-89.3346298806501
432.39297177771,-32.7195988544497,-89.3376858787274
434.389474087605,-32.7595936141522,-89.3407278601405
436.395194913373,-32.7995885441338,-89.3437558889131
438.410176819971,-32.8395836428348,-89.3467700287803
440.434462568891,-32.8795789087098,-89.3497703431895
442.468095119072,-32.9195743402273,-89.352756895302
444.511117627807,-32.9595699358701,-89.3557297479938
446.56357345166,-32.9995656941345,-89.3586889638574
448.625506147388,-33.0395616135309,-89.3616346052023
450.696959472864,-33.0795576925832,-89.3645667340569
452.777977388005,-33.1195539298288,-89.3674854121695
454.868604055706,-33.1595503238186,-89.3703907010094
456.968883842777,-33.1995468731165,-89.3732826617682
459.078861320884,-33.2395435762998,-89.3761613553611
461.198581267495,-33.2795404319588,-89.3790268424278
463.32808866683,-33.3195374386965,-89.3818791833342
465.467428710818,-33.3595345951288,-89.3847184381732
467.616646800052,-33.3995318998844,-89.387544666766
469.775788544757,-33.4395293516043,-89.3903579286632
471.944899765752,-33.4795269489421,-89.3931582831462
474.124026495431,-33.5195246905637,-89.3959457892284
476.31321497873,-33.5595225751473,-89.3987205056558
478.512511674116,-33.5995206013829,-89.4014824909089
480.72196325457,-33.6395187679728,-89.4042318032037
482.941616608576,-33.6795170736311,-89.4069685004923
485.171518841122,-33.7195155170836,-89.4096926404649
487.411717274689,-33.7595140970677,-89.4124042805502
489.662259450267,-33.7995128123325,-89.4151034779171
491.923193128356,-33.8395116616386,-89.4177902894754
494.194566289983,-33.8795106437578,-89.4204647718774
496.476427137719,-33.9195097574731,-89.4231269815186
498.768824096703,-33.9595090015788,-89.4257769745391
501.071805815668,-33.9995083748802,-89.4284148068245
503.385421167975,-34.0395078761935,-89.4310405340074
505.70971925265,-34.0795075043458,-89.433654211468
508.044749395425,-34.1195072581747,-89.4362558943356
510.390561149784,-34.1595071365288,-89.4388456374896
512.747204298018,-34.1995071382669,-89.4414234955606
515.114728852279,-34.2395072622586,-89.4439895229314
517.493185055641,-34.2795075073835,-89.4465437737383
519.882623383168,-34.3195078725317,-89.4490863018719
522.283094542983,-34.3595083566034,-89.4516171609784
524.694649477346,-34.3995089585088,-89.4541364044607
527.117339363735,-34.4395096771682,-89.4566440854793
529.55121561593,-34.4795105115116,-89.4591402569536
531.996329885107,-34.5195114604789,-89.4616249715627
534.452734060931,-34.5595125230199,-89.4640982817467
536.92048027266,-34.5995136980937,-89.4665602397075
539.399620890251,-34.639514984669,-89.4690108974102
541.890208525468,-34.6795163817242,-89.4714503065838
544.392296033003,-34.7195178882467,-89.4738785187225
546.905936511595,-34.7595195032333,-89.4762955850867
549.431183305159,-34.7995212256902,-89.4787015567038
551.968090003914,-34.8395230546325,-89.4810964843696
554.516710445525,-34.8795249890842,-89.483480418649
557.077098716243,-34.9195270280784,-89.4858534098771
559.649309152052,-34.9595291706572,-89.4882155081606
562.233396339824,-34.9995314158711,-89.4905667633781
564.829415118478,-35.0395337627796,-89.4929072251817
567.437420580142,-35.0795362104508,-89.495236942998
570.05746807132,-35.119538757961,-89.4975559660286
572.689613194074,-35.1595414043955,-89.4998643432515
575.333911807196,-35.1995441488474,-89.5021621234221
577.990420027396,-35.2395469904187,-89.5044493550741
580.659194230497,-35.279549928219,-89.5067260865203
583.340291052625,-35.3195529613666,-89.5089923658541
586.033767391413,-35.3595560889875,-89.5112482409499
588.739680407214,-35.399559310216,-89.5134937594644
591.458087524304,-35.439562624194,-89.5157289688373
594.189046432109,-35.4795660300716,-89.5179539162928
596.932615086427,-35.5195695270064,-89.5201686488401
599.688851710654,-35.5595731141639,-89.5223732132742
602.457814797026,-35.5995767907172,-89.5245676561776
605.239563107855,-35.6395805558469,-89.5267520239204
608.034155676779,-35.6795844087412,-89.5289263626617
610.841651810015,-35.7195883485957,-89.5310907183507
613.662111087615,-35.7595923746133,-89.5332451367272
616.495593364731,-35.7995964860044,-89.5353896633227
619.34215877289,-35.8396006819863,-89.5375243434616
622.201867721262,-35.8796049617839,-89.5396492222616
625.074780897949,-35.9196093246288,-89.5417643446351
627.960959271269,-35.9596137697599,-89.54386975529
630.860464091051,-35.9996182964229,-89.5459654987304
633.773356889936,-36.0396229038706,-89.5480516192577
636.69969948468,-36.0796275913624,-89.5501281609716
639.63955397747,-36.1196323581647,-89.5521951677706
642.592982757235,-36.1596372035506,-89.5542526833536
645.56004850098,-36.1996421267996,-89.5563007512199
648.540814175107,-36.2396471271982,-89.5583394146708
651.535343036755,-36.2796522040392,-89.5603687168104
654.543698635144,-36.3196573566219,-89.562388700546
657.565944812921,-36.3596625842519,-89.5643994085895
660.602145707515,-36.3996678862415,-89.566400883458
663.652365752501,-36.439673261909,-89.568393167475
666.716669678962,-36.479678710579,-89.5703763027708
669.795122516869,-36.5196842315824,-89.5723503312836
672.887789596457,-36.5596898242561,-89.5743152947604
675.994736549611,-36.5996954879432,-89.5762712347579
679.116029311262,-36.6397012219927,-89.5782181926431
682.251734120785,-36.6797070257597,-89.5801562095946
685.401917523402,-36.719712898605,-89.582085326603
688.566646371599,-36.7597188398955,-89.5840055844717
691.74598782654,-36.7997248490037,-89.5859170238184
694.940009359496,-36.839730925308,-89.5878196850751
698.148778753274,-36.8797370681924,-89.5897136084896
701.37236410366,-36.9197432770465,-89.5915988341259
704.610833820854,-36.9597495512657,-89.5934754018653
707.864256630937,-36.9997558902507,-89.5953433514068
711.132701577315,-37.0397622934079,-89.5972027222687
714.416238022194,-37.0797687601489,-89.5990535537885
717.714935648046,-37.1197752898909,-89.6008958851244
721.028864459092,-37.1597818820564,-89.6027297552557
724.358094782785,-37.1997885360731,-89.6045552029839
727.702697271303,-37.239795251374,-89.6063722669333
731.06274290305,-37.2798020273973,-89.6081809855519
734.438302984159,-37.3198088635864,-89.609981397112
737.829449150007,-37.3598157593897,-89.6117735397113
741.236253366738,-37.3998227142607,-89.6135574512735
744.658787932786,-37.4398297276579,-89.6153331695491
748.09712548041,-37.4798367990449,-89.6171007321161
751.551338977237,-37.5198439278899,-89.6188601763811
755.021501727812,-37.5598511136662,-89.6206115395796
758.507687375148,-37.599858355852,-89.6223548587773
762.009969902295,-37.63986565393,-89.6240901708702
765.528423633906,-37.679873007388,-89.625817512586
769.063123237816,-37.7198804157181,-89.6275369204847
772.614143726626,-37.7598878784175,-89.6292484309591
776.181560459295,-37.7998953949875,-89.6309520802357
779.76544914274,-37.8399029649343,-89.6326479043756
783.365885833443,-37.8799105877687,-89.6343359392749
786.982946939062,-37.9199182630058,-89.6360162206661
790.616709220055,-37.9599259901651,-89.6376887841178
794.26724979131,-37.9999337687706,-89.6393536650365
797.934646123779,-38.0399415983507,-89.6410108986668
801.618976046124,-38.079949478438,-89.642660520092
805.320317746366,-38.1199574085696,-89.6443025642353
809.038749773548,-38.1599653882866,-89.6459370658601
812.774351039399,-38.1999734171344,-89.6475640595708
816.527200820011,-38.2399814946626,-89.6491835798139
820.297378757519,-38.2799896204248,-89.6507956608782
824.084964861793,-38.319997793979,-89.6524003368956
827.890039512134,-38.3600060148869,-89.6539976418423
831.712683458982,-38.4000142827143,-89.6555876095389
835.552977825628,-38.4400225970312,-89.6571702736513
839.411004109939,-38.4800309574113,-89.6587456676917
843.286844186079,-38.5200393634322,-89.6603138250187
847.180580306257,-38.5600478146756,-89.6618747788386
851.092295102468,-38.6000563107269,-89.6634285622058
855.022071588243,-38.6400648511751,-89.6649752080234
858.969993160417,-38.6800734356134,-89.6665147490442
862.936143600896,-38.7200820636383,-89.6680472178708
866.920607078432,-38.7600907348503,-89.6695726469572
870.923468150416,-38.8000994488533,-89.6710910686084
874.944811764665,-38.8401082052552,-89.672602514982
878.984723261233,-38.8801170036671,-89.6741070180883
883.043288374212,-38.9201258437039,-89.6756046097913
887.120593233559,-38.9601347249839,-89.6770953218089
891.216724366924,-39.000143647129,-89.6785791857141
895.331768701482,-39.0401526097646,-89.6800562329355
899.465813565778,-39.0801616125194,-89.6815264947578
903.618946691586,-39.1201706550256,-89.6829900023224
907.791256215763,-39.1601797369187,-89.6844467866284
911.982830682125,-39.2001888578376,-89.6858968785329
916.193759043325,-39.2401980174244,-89.6873403087518
920.424130662739,-39.2802072153247,-89.6887771078605
924.674035316362,-39.3202164511872,-89.6902073062943
928.943563194717,-39.3602257246637,-89.6916309343493
933.232804904766,-39.4002350354095,-89.6930480221829
937.541851471833,-39.4402443830828,-89.6944585998146
941.870794341538,-39.4802537673451,-89.6958626971262
946.219725381733,-39.5202631878608,-89.6972603438628
950.588736884456,-39.5602726442976,-89.6986515696335
954.977921567889,-39.6002821363261,-89.7000364039115
959.387372578323,-39.64029166362,-89.7014148760356
963.817183492138,-39.6803012258559,-89.7027870152096
968.267448317785,-39.7203108227135,-89.7041528505041
972.738261497785,-39.7603204538753,-89.7055124108564
977.229717910733,-39.8003301190268,-89.7068657250713
981.741912873306,-39.8403398178563,-89.7082128218217
986.274942142294,-39.880349550055,-89.7095537296491
990.828901916626,-39.9203593153171,-89.7108884769646
995.403888839413,-39.9603691133393,-89.7122170920488
1000,-40.0003789438212,-89.7135396030531
