M_dB,seq,re,im,mag_dB,phase_deg
-12,0,0.33544983106018367,0.0,-9.487448450163697,0.0
-12,1,0.33543959403008294,0.0023428810203092463,-9.487501665961428,0.40017640722874753
-12,2,0.3354088837215403,0.0046855831245170764,-9.487661313203134,0.800356486327361
-12,3,0.3353577024797745,0.007027927410185153,-9.487927391434127,1.200543909425214
-12,4,0.33528605421328467,0.009369735002200258,-9.488299899895837,1.6007423491707071
-12,5,0.3351939443935516,0.011710827066434237,-9.4887788375247,2.000955478990818
-12,6,0.3350813800546199,0.014051024823400829,-9.489364202950574,2.4011869733506903
-12,7,0.3349483697925612,0.016390149561908297,-9.490055994494718,2.801440508013275
-12,8,0.3347949237648171,0.018728022652706885,-9.490854210167319,3.2017197602990497
-12,9,0.33462105368942413,0.021064465562129975,-9.491758847664553,3.6020284093458064
-12,10,0.3344267728441184,0.023399299865727953,-9.49276990436521,4.002370136368544
-12,11,0.3342120960653218,0.025732347261893773,-9.493887377326866,4.402748624919468
-12,12,0.3339770397470092,0.02806342958547909,-9.495111263281565,4.803167561148112
-12,13,0.33372162183945625,0.03039236882139999,-9.496441558631103,5.203630634061589
-12,14,0.3334458618478685,0.03271898711823128,-9.49787825944179,5.604141535785004
-12,15,0.33314978083089236,0.03504310680178824,-9.499421361438808,6.004703961822013
-12,16,0.3328334013990064,0.03736455038869491,-9.501070860000056,6.405321611315572
-12,17,0.33249674771279497,0.039683140599937695,-9.50282675014957,6.805998187308849
-12,18,0.33213984548110315,0.041998700374403466,-9.504689026550455,7.206737397006366
-12,19,0.3317627219590733,0.044311052882400975,-9.506657683497355,7.607542952035332
-12,20,0.3313654059460639,0.04662002153916461,-9.508732714908458,8.008418568707203
-12,21,0.33094792778345017,0.048925430018339454,-9.510914114316993,8.409367968279483
-12,22,0.3305103193523069,0.05122710226544652,-9.513201874862315,8.810394877217764
-12,23,0.3300526140709742,0.05352486251132744,-9.51559598928043,9.211503027458033
-12,24,0.329574846892505,0.05581853528556708,-9.518096449894102,9.612696156669251
-12,25,0.3290770543019962,0.05810794542989359,-9.520703248602443,10.0139780085162
-12,26,0.3285592743138023,0.06039291811155445,-9.523416376870014,10.415352332922632
-12,27,0.32802154646863224,0.06267327883666779,-9.526235825715437,10.816822886334728
-12,28,0.3274639118305305,0.0649488534635477,-9.529161585699503,11.218393431984838
-12,29,0.3268864129837401,0.06721946821600272,-9.532193646912804,11.620067740155589
-12,30,0.32628909402945167,0.06948494969660642,-9.535331998962807,12.021849588444276
-12,31,0.3256720005824352,0.0717451248999391,-9.538576630960467,12.423742762027642
-12,32,0.3250351797675563,0.07399982122579933,-9.541927531506321,12.825751053926956
-12,33,0.3243786802161782,0.0762488664923849,-9.545384688676009,13.227878265273494
-12,34,0.3237025520624474,0.07849208894944153,-9.548948090005354,13.630128205574362
-12,35,0.3230068469394653,0.0807293172913787,-9.55261772247484,14.032504692978682
-12,36,0.3222916179753451,0.08296038067035164,-9.556393572493606,14.435011554544205
-12,37,0.321556919789155,0.08518510870930822,-9.560275625882856,14.837652626504248
-12,38,0.3208028084867467,0.08740333151499988,-9.56426386785877,15.240431754535049
-12,39,0.320029341656471,0.08961487969095579,-9.568358283014827,15.643352794023562
-12,40,0.31923657836478025,0.09181958435041887,-9.572558855303587,16.046419610335587
-12,41,0.3184245791517173,0.094017277129243,-9.576865568017915,16.449636079084343
-12,42,0.31759340602629255,0.09620779019875028,-9.581278403771627,16.85300608639946
-12,43,0.3167431224617485,0.09839095627854742,-9.585797344479554,17.25653352919638
-12,44,0.31587379339071264,0.10056660864930027,-9.590422371337048,17.660222315446166
-12,45,0.3149854852002387,0.10273458116546544,-9.59515346479887,18.064076364445732
-12,46,0.314078265726737,0.10489470826797814,-9.599990604557503,18.46809960708852
-12,47,0.31315220425079426,0.10704682499689534,-9.604933769520853,18.872295986135573
-12,48,0.3122073714918824,0.10919076700399291,-9.60998293778935,19.276669456487042
-12,49,0.31124383960295854,0.11132637056531637,-9.615138086632404,19.681223985454125
-12,50,0.31026168216495476,0.11345347259368373,-9.620399192464275,20.085963553031412
-12,51,0.30926097418115905,0.11557191065113974,-9.625766230819272,20.490892152169646
-12,52,0.3082417920714875,0.11768152296136075,-9.631239176326345,20.896013789048958
-12,53,0.3072042136666486,0.11978214842200872,-9.636818002682995,21.30133248335241
-12,54,0.3061483182021995,0.12187362661703405,-9.642502682628542,21.706852268540054
-12,55,0.30507418631249533,0.1239557978289259,-9.648293187916735,22.11257719212335
-12,56,0.30398190002453124,0.12602850305090904,-9.65418948928766,22.518511315939936
-12,57,0.3028715427516784,0.12809158399908666,-9.660191556438996,22.924658716428898
-12,58,0.3017431992873142,0.13014488312452774,-9.666299357996538,23.3310234849063
-12,59,0.3005969557983467,0.13218824362529855,-9.67251286148406,23.737609727841207
-12,60,0.29943289981863486,0.13422150945843683,-9.678832033292426,24.14442156713196
-12,61,0.29825112024230327,0.13624452535186826,-9.685256838648,24.551463140382904
-12,62,0.2970517073169543,0.13825713681626378,-9.69178724158031,24.95873860118135
-12,63,0.29583475263677583,0.14025919015683755,-9.69842320488899,25.36625211937499
-12,64,0.294600349135547,0.1422505324850836,-9.705164690109926,25.774007881349483
-12,65,0.2933485910795408,0.14423101173045177,-9.71201165748069,26.18201009030648
-12,66,0.2920795740603256,0.14620047665196037,-9.718964065905162,26.590262966541836
-12,67,0.29079339498746526,0.14815877684974585,-9.726021872917352,26.998770747724045
-12,68,0.2894901520811184,0.1501057627765484,-9.73318503464448,27.40753768917309
-12,69,0.28816994486453773,0.152041285749132,-9.740453505769189,27.816568064139297
-12,70,0.2868328741564701,0.153965197959639,-9.747827239490958,28.225866164082554
-12,71,0.285479042063457,0.15587735248687748,-9.755306187486688,28.63543629895163
-12,72,0.28410855197203755,0.15777760330754081,-9.762890299870437,29.04528279746359
-12,73,0.28272150854085293,0.15966580530735922,-9.770579525152275,29.45541000738349
-12,74,0.28131801769265435,0.16154181429218137,-9.778373810196301,29.865822295804012
-12,75,0.27989818660621385,0.1634054869989858,-9.786273100177755,30.27652404942522
-12,76,0.2784621237081398,0.16525668110682148,-9.794277338539235,30.687519674834327
-12,77,0.2770099386645964,0.16709525524767616,-9.802386466946016,31.098813598785547
-12,78,0.2755417423729295,0.16892106901727214,-9.810600425240404,31.510410268479745
-12,79,0.2740576469531975,0.1707339829857883,-9.818919151395203,31.92231415184416
-12,80,0.27255776573960905,0.17253385870850774,-9.827342581466214,32.33452973781192
-12,81,0.2710422132718684,0.1743205587363904,-9.835870649543727,32.74706153660149
-12,82,0.26951110528642863,0.17609394662656935,-9.844503287703086,33.15991407999579
-12,83,0.26796455870765307,0.1778538869527702,-9.853240425954224,33.57309192162116
-12,84,0.26640269163888625,0.17960024531565352,-9.862081992190202,33.98659963722609
-12,85,0.2648256233534351,0.18133288835307773,-9.871027912134707,34.400441824959394
-12,86,0.26323347428546023,0.183051683750284,-9.880078109288528,34.81462310564828
-12,87,0.2616263660207792,0.18475650025000018,-9.889232504874938,35.229148123075625
-12,88,0.2600044212875813,0.18644720766246456,-9.898491017784048,35.644021544257136
-12,89,0.2583677639470552,0.18812367687536788,-9.907853564516035,36.059248059717575
-12,90,0.2567165189839305,0.1897857798637131,-9.917320059123275,36.47483238376661
-12,91,0.2550508124969331,0.19143338969959206,-9.926890413151357,36.89077925477385
-12,92,0.25337077168915517,0.19306638056187864,-9.936564535578947,37.30709343544319
-12,93,0.25167652485834174,0.19468462774583703,-9.946342332756496,37.723779713086245
-12,94,0.2499682013870927,0.19628800767264484,-9.956223708343785,38.14084289989491
-12,95,0.24824593173298265,0.19787639789883057,-9.966208563246258,38.558287833213036
-12,96,0.24650984741859838,0.19944967712562386,-9.976296795550155,38.976119375806846
-12,97,0.2447600810214947,0.20100772520821872,-9.98648830045642,39.394342416134485
-12,98,0.24299676616407057,0.2025504231649484,-9.996782970213358,39.81296186861402
-12,99,0.24122003750336451,0.20407765318637155,-10.00718069404801,40.23198267389039
-12,100,0.23943003072077157,0.20558929864426898,-10.01768135809628,40.65140979910087
-12,101,0.23762688251168185,0.2070852441005497,-10.028284845331715,41.0712482381389
-12,102,0.23581073057504165,0.20856537531606698,-10.038991035493005,41.49150301191655
-12,103,0.23398171360283798,0.21002957925934185,-10.049799805010108,41.9121791686251
-12,104,0.2321399712695073,0.21147774411519504,-10.060711026929035,42.33328178399381
-12,105,0.23028564422126907,0.21290975929328587,-10.071724570835226,42.75481596154692
-12,106,0.22841887406538514,0.21432551543655762,-10.082840302775566,43.17678683285843
-12,107,0.22653980335934587,0.2157249044295884,-10.094058085178943,43.59919955780485
-12,108,0.22464857559998375,0.2171078194068478,-10.105377776775374,44.02205932481557
-12,109,0.2227453352125146,0.21847415476085763,-10.116799232513687,44.445371351121
-12,110,0.22083022753950932,0.2198238061502567,-10.128322303477681,44.86914088299783
-12,111,0.21890339882979376,0.2211566705077689,-10.139946836800828,45.29337319601212
-12,112,0.21696499622728083,0.2224726460480742,-10.151672675579409,45.71807359525903
-12,113,0.21501516775973373,0.2237716322755814,-10.163499658784115,46.14324741559999
-12,114,0.21305406232746132,0.22505352999210265,-10.175427621170103,46.56890002189662
-12,115,0.21108182969194766,0.22631824130442868,-10.187456393185432,46.995036809241256
-12,116,0.20909862046441507,0.22756566963180472,-10.199585800877893,47.42166320318434
-12,117,0.2071045860943227,0.22879571971330576,-10.211815665800216,47.848784659957865
-12,118,0.2050998788578008,0.23000829761511132,-10.224145804913626,48.276406666695394
-12,119,0.2030846518460222,0.23120331073767883,-10.236576030489683,48.704534741647855
-12,120,0.2010590589535114,0.232380667822815,-10.24910615001048,49.133174434395336
-12,121,0.19902325486639205,0.2335402789606448,-10.261735966067072,49.56233132605461
-12,122,0.19697739505057454,0.23468205559647762,-10.274465276256175,49.99201102948203
-12,123,0.19492163573988341,0.23580591053756972,-10.287293873075114,50.42221918947175
-12,124,0.19285613392412648,0.23691175795978286,-10.300221543814953,50.85296148294915
-12,125,0.19078104733710644,0.23799951341413828,-10.31324807045183,51.2842436191589
-12,126,0.18869653444457496,0.23906909383326572,-10.326373229536463,51.716071339847865
-12,127,0.18660275443213178,0.24012041753774688,-10.339596792081778,52.14845041944227
-12,128,0.184499867193068,0.24115340424235313,-10.352918523448674,52.58138666521924
-12,129,0.18238803331615586,0.24216797506217633,-10.366338183229884,53.01488591747209
-12,130,0.18026741407338515,0.24316405251865308,-10.379855525131909,53.4489540496694
-12,131,0.17813817140764765,0.24414156054548136,-10.393470296854993,53.88359696860756
-12,132,0.17600046792037022,0.2451004244944295,-10.407182239971144,54.31882061455639
-12,133,0.17385446685909745,0.24604057114103667,-10.42099108980018,54.75463096139772
-12,134,0.17170033210502525,0.24696192869020467,-10.434896575283702,55.19103401675667
-12,135,0.16953822816048592,0.24786442678168083,-10.448898418857093,55.628035822125085
-12,136,0.16736832013638575,0.2487479964954309,-10.462996336319438,56.06564245297716
-12,137,0.16519077373959626,0.24961257035690235,-10.477190036701348,56.50386001887675
-12,138,0.1630057552602997,0.25045808234217704,-10.491479222130708,56.9426946635761
-12,139,0.16081343155929034,0.2512844678830133,-10.50586358769629,57.38215256510569
-12,140,0.15861397005523187,0.2520916638717764,-10.520342821309232,57.82223993585483
-12,141,0.15640753871187238,0.2528796086662584,-10.53491660356234,58.262963022642744
-12,142,0.1541943060252176,0.253648242094385,-10.549584607587235,58.704328106779585
-12,143,0.15197444101066382,0.2543975054588109,-10.564346498909252,59.146341504117416
-12,144,0.14974811319009054,0.25512734154140193,-10.579201935300173,59.58900956509031
-12,145,0.14751549257891494,0.25583769460760525,-10.59415056662867,60.03233867474361
-12,146,0.1452767496731085,0.25652851041070474,-10.60919203470853,60.476335252751646
-12,147,0.14303205543617697,0.2571997361959642,-10.624325973144554,60.921005753423685
-12,148,0.14078158128610468,0.2578513207046558,-10.639552007176222,61.366356665697744
-12,149,0.13852549908226372,0.2584832141779744,-10.654869753518998,61.81239451312163
-12,150,0.13626398111229007,0.2590953683608375,-10.670278820203333,62.25912585382099
-12,151,0.13399720007892668,0.25968773650557053,-10.685778806411301,62.706557280453886
-12,152,0.13172532908683468,0.2602602733754763,-10.701369302310935,63.15469542015133
-12,153,0.12944854162937428,0.26081293524828986,-10.717049888888122,63.60354693444339
-12,154,0.12716701157535587,0.2613456799195174,-10.732820137776152,64.05311851917052
-12,155,0.12488091315576211,0.261858466705659,-10.748679611082876,64.50341690437934
-12,156,0.12259042095044283,0.2623512564473157,-10.764627861215455,64.95444885420264
-12,157,0.12029570987478302,0.2628240115121799,-10.780664430702663,65.40622116672294
-12,158,0.11799695516634526,0.26327669579790897,-10.796788852014815,65.85874067381918
-12,159,0.11569433237148775,0.2637092747348825,-10.813000647381227,66.3120142409958
-12,160,0.11338801733195825,0.2641217152888421,-10.829299328605234,66.76604876719408
-12,161,0.11107818617146593,0.26451398596341424,-10.845684396876802,67.22085118458469
-12,162,0.10876501528223158,0.2648860568025152,-10.862155342582653,67.67642845834114
-12,163,0.10644868131151712,0.265237899392639,-10.878711645113942,68.13278758639362
-12,164,0.10412936114813608,0.2655694868650269,-10.895352772671519,68.58993559916235
-12,165,0.10180723190894492,0.26588079389771985,-10.912078182068683,69.0478795592702
-12,166,0.09948247092531767,0.2661717967174914,-10.928887318531551,69.50662656123349
-12,167,0.09715525572960373,0.2664424731016638,-10.945779615496924,69.96618373113081
-12,168,0.09482576404157045,0.26669280237980486,-10.962754494407763,70.4265582262489
-12,169,0.0924941737548316,0.2669227654353063,-10.979811364506185,70.88775723470494
-12,170,0.09016066292326207,0.2671323447068438,-10.99694962262409,71.34978797504473
-12,171,0.08782540974740084,0.2673215241897182,-11.014168652971335,71.81265769581601
-12,172,0.08548859256084253,0.2674902894370774,-11.031467826921537,72.27637367511603
-12,173,0.08315038981661871,0.2676386275610197,-11.048846502795493,72.74094322011287
-12,174,0.08081098007357021,0.26776652723357813,-11.066304025642232,73.20637366653979
-12,175,0.07847054198271153,0.26787397868758545,-11.083839727017729,73.67267237816151
-12,176,0.07612925427358763,0.26796097371742006,-11.101452924761315,74.1398467462123
-12,177,0.07378729574062538,0.26802750567963246,-11.119142922769784,74.60790418880435
-12,178,0.07144484522947966,0.2680735694934528,-11.136909010769255,75.07685215030618
-12,179,0.06910208162337562,0.26809916164117875,-11.154750464084785,75.5466981006901
-12,180,0.06675918382944838,0.2681042801684442,-11.172666543407805,76.01744953484778
-12,181,0.0644163307650802,0.26808892468436846,-11.190656494561422,76.48911397187351
-12,182,0.062073701344237654,0.26805309636158614,-11.208719548263549,76.96169895431356
-12,183,0.05973147446380852,0.26799679793615755,-11.226854919888043,77.43521204738175
-12,184,0.05738982898994027,0.2679200337073599,-11.245061809223769,77.9096608381394
-12,185,0.05504894374438073,0.2678228095373587,-11.263339400231729,78.38505293463953
-12,186,0.052708997490822376,0.2677051328507604,-11.281686860800264,78.86139596503388
-12,187,0.05037016892125061,0.26756701263404525,-11.300103342498431,79.33869757664229
-12,188,0.04803263664229801,0.2674084594348811,-11.318587980327555,79.81696543498313
-12,189,0.045696579161604814,0.26722948536131774,-11.337139892471129,80.29620722276402
-12,190,0.04336217487418696,0.26703010408086253,-11.355758180042999,80.77643063883195
-12,191,0.04102960204881308,0.26681033081943656,-11.374441926834042,81.25764339708172
-12,192,0.03869903881439045,0.26657018236021174,-11.393190199057353,81.73985322532182
-12,193,0.036370663146362295,0.26630967704232933,-11.412002045091983,82.22306786409675
-12,194,0.034044652853116475,0.2660288347594996,-11.430876495225466,82.70729506546482
-12,195,0.03172118556240693,0.2657276769584822,-11.449812561395065,83.19254259173032
-12,196,0.029400438707789217,0.26540622663744873,-11.468809236927964,83.6788182141291
-12,197,0.027082589515070317,0.2650645083442263,-11.487865496280424,84.16612971146684
-12,198,0.02476781498877484,0.2647025481744229,-11.506980294776124,84.65448486870854
-12,199,0.022456291898627884,0.2643203737694348,-11.52615256834367,85.14389147551836
-12,200,0.020148196766055816,0.26391801431433537,-11.545381233253531,85.63435732474893
-12,201,0.01784370585070627,0.2634955005356465,-11.564665185854441,86.12589021087906
-12,202,0.015542995136987578,0.2630528646989923,-11.584003302309462,86.61849792839861
-12,203,0.013246240320629855,0.26259014060663477,-11.603394438331815,87.11218827013965
-12,204,0.010953616795267712,0.2621073635948927,-11.622837428920658,87.60696902555291
-12,205,0.008665299639046234,0.26160457053144315,-11.642331088096958,88.10284797892832
-12,206,0.0063814636012509,0.26108179981250595,-11.661874208639627,88.59983290755869
-12,207,0.004102283088962946,0.2605390913599116,-11.681465561822096,89.0979315798455
-12,208,0.001827932153740261,0.25997648661805256,-11.701103897149487,89.59715175334577
-12,209,-0.0004414155216739546,0.25939402855071847,-11.720787942096631,90.09750117275891
-12,210,-0.0027055866366147013,0.2587917616378148,-11.740516401847048,90.59898756785257
-12,211,-0.004964408285729471,0.2581697318719666,-11.760287959033153,91.1016186513265
-12,212,-0.00721770797218213,0.2575279867550058,-11.780101273477882,91.60540211661333
-12,213,-0.00946531362082599,0.2568665752943441,-11.799954981937958,92.11034563561533
-12,214,-0.011707053591344455,0.25618554799923005,-11.819847697849008,92.61645685637629
-12,215,-0.013942756691358374,0.25548495687689216,-11.83977801107283,93.12374340068712
-12,216,-0.01617225218949936,0.2547648554285672,-11.85974448764697,93.6322128616249
-12,217,-0.01839536982844786,0.25402529864541473,-11.879745669536934,94.14187280102365
-12,218,-0.0206119398379348,0.25326634300431733,-11.899780074391277,94.65273074687671
-12,219,-0.022821792947706587,0.25248804646356793,-11.919846195299835,95.16479419066914
-12,220,-0.025024760400451318,0.2516904684584437,-11.93994250055538,95.67807058463964
-12,221,-0.02722067396468611,0.2508736698966672,-11.960067433419034,96.19256733897123
-12,222,-0.02940936594760439,0.25003771315375517,-11.980219411889692,96.7082918189096
-12,223,-0.031590669207881575,0.24918266206825523,-12.000396828477761,97.22525134180852
-12,224,-0.03376441716843935,0.2483085819368706,-12.02059804998363,97.74345317410152
-12,225,-0.03593044382916624,0.24741553950947373,-12.040821417281071,98.26290452819927
-12,226,-0.0380885837795944,0.24650360298400908,-12.061065245106024,98.78361255931173
-12,227,-0.04023867221153132,0.24557284200128482,-12.081327821851048,99.30558436219474
-12,228,-0.04238054493164546,0.24462332763965497,-12.101607409365826,99.82882696782025
-12,229,-0.044514038374005235,0.24365513240959116,-12.121902242764131,100.3533473399699
-12,230,-0.04663898961256974,0.24266833024814538,-12.142210530237548,100.87915237175115
-12,231,-0.04875523637363045,0.24166299651330395,-12.16253045287645,101.40624888203598
-12,232,-0.05086261704820415,0.2406392079782323,-12.182860164498532,101.93464361182157
-12,233,-0.052960970704373334,0.23959704282541258,-12.203197791485415,102.46434322051238
-12,234,-0.0550501370995769,0.2385365806406729,-12.223541432627643,102.99535428212417
-12,235,-0.05712995669284644,0.23745790240710973,-12.243889158978597,103.52768328140905
-12,236,-0.05920027065699,0.23636109049890378,-12.264239013717688,104.061336609902
-12,237,-0.061260920890721396,0.23524622867502895,-12.284589012023373,104.59632056188856
-12,238,-0.06331175003073301,0.23411340207285652,-12.304937140956353,105.13264133029385
-12,239,-0.06535260146371384,0.2329626972016533,-12.325281359353513,105.67030500249344
-12,240,-0.06738331933830853,0.2317942019359753,-12.345619597733041,106.20931755604569
-12,241,-0.0694037485770199,0.23060800550895705,-12.365949758211226,106.7496848543465
-12,242,-0.07141373488805101,0.22940419850549743,-12.386269714431437,107.29141264220664
-12,243,-0.07341312477708788,0.22818287285534203,-12.406577311505785,107.83450654135237
-12,244,-0.07540176555902157,0.22694412182606255,-12.42687036597,108.37897204584993
-12,245,-0.07737950536960754,0.2256880400159349,-12.447146665752024,108.92481451745468
-12,246,-0.07934619317706355,0.22441472334671442,-12.467403970154882,109.47203918088603
-12,247,-0.08130167879360271,0.2231242690563115,-12.487640009854315,110.02065111902871
-12,248,-0.08324581288690287,0.22181677569136538,-12.507852486911808,110.57065526806204
-12,249,-0.08517844699151104,0.2204923430997186,-12.52803907480347,111.12205641251843
-12,250,-0.0870994335201802,0.21915107242279244,-12.548197418465401,111.67485918027191
-12,251,-0.08900862577514064,0.21779306608786253,-12.568325134356055,112.22906803745924
-12,252,-0.09090587795930231,0.21641842780023754,-12.588419810536188,112.78468728333442
-12,253,-0.09279104518738866,0.21502726253533927,-12.608479006766968,113.34172104505896
-12,254,-0.09466398349700149,0.2136196765306861,-12.62850025462681,113.90017327242994
-12,255,-0.09652454985961383,0.21219577727778033,-12.648481057647507,114.46004773254757
-12,256,-0.09837260219149353,0.21075567351389907,-12.668418891470266,115.02134800442509
-12,257,-0.10020799936455256,0.20929947521379097,-12.688311204022163,115.58407747354323
-12,258,-0.102030601217125,0.2078272935812776,-12.708155415713673,116.14823932635171
-12,259,-0.1038402685646707,0.20633924104076107,-12.727948919657813,116.71383654472153
-12,260,-0.10563686321040357,0.20483543122863915,-12.747689081911446,117.28087190034957
-12,261,-0.10742024795584594,0.20331597898462678,-12.767373241739385,117.84934794911995
-12,262,-0.10919028661130513,0.2017810003429867,-12.786998711901802,118.41926702542507
-12,263,-0.1109468440062739,0.20023061252366833,-12.806562778965551,118.99063123644974
-12,264,-0.11268978599975325,0.19866493392335569,-12.826062703639916,119.5634424564226
-12,265,-0.11441897949049558,0.1970840841064266,-12.845495721137386,120.13770232083812
-12,266,-0.11613429242716965,0.19548818379582159,-12.864859041559955,120.71341222065398
-12,267,-0.11783559381844437,0.1938773548638249,-12.884149850311488,121.2905732964679
-12,268,-0.11952275374299216,0.1922517203227579,-12.903365308536674,121.86918643267806
-12,269,-0.12119564335941087,0.1906114043155845,-12.92250255358709,122.44925225163294
-12,270,-0.12285413491606219,0.18895653210643162,-12.941558699514813,123.03077110777406
-12,271,-0.12449810176082825,0.18728723007102258,-12.960530837594126,123.61374308177804
-12,272,-0.1261274183507829,0.18560362568702693,-12.97941603687171,124.19816797470249
-12,273,-0.12774196026177914,0.1839058475243252,-12.998211344745807,124.78404530214182
-12,274,-0.12934160419795115,0.18219402523519038,-13.016913787574751,125.37137428839831
-12,275,-0.13092622800112935,0.18046828954438734,-13.035520371315252,125.96015386067472
-12,276,-0.13249571066016963,0.17872877223918957,-13.054028082190847,126.5503826432943
-12,277,-0.1340499323201939,0.17697560615931532,-13.072433887390812,127.14205895195457
-12,278,-0.1355887742917437,0.17520892518678302,-13.090734735799874,127.73518078802219
-12,279,-0.13711211905984316,0.17342886423568757,-13.10892755875905,128.32974583287384
-12,280,-0.13861985029297358,0.17163555924189727,-13.1270092708578,128.9257514422923
-12,281,-0.14011185285195732,0.1698291471526727,-13.144976770757786,129.5231946409231
-12,282,-0.14158801279875022,0.1680097659162094,-13.162826942048385,130.1220721167997
-12,283,-0.14304821740514267,0.1661775544711024,-13.180556654134145,130.72238021594472
-12,284,-0.1444923551613682,0.16433265273573688,-13.19816276315427,131.32411493705456
-12,285,-0.145920315784619,0.16247520159760281,-13.215642112934244,131.9272719262754
-12,286,-0.1473319902274678,0.1606053429025356,-13.232991535969617,132.53184647207857
-12,287,-0.14872727068619523,0.15872321944388487,-13.25020785444191,133.13783350024283
-12,288,-0.1501060506090227,0.1568289749516087,-13.267287881266688,133.7452275689527
-12,289,-0.15146822470424898,0.15492275408129874,-13.284228421173566,134.3540228640202
-12,290,-0.15281368894829073,0.15300470240313274,-13.301026271818127,134.9642131942389
-12,291,-0.15414234059362708,0.15107496639075801,-13.317678224925483,135.5757919868793
-12,292,-0.15545407817664508,0.14913369341010632,-13.334181067465249,136.18875228333263
-12,293,-0.1567488015253889,0.1471810317081394,-13.35053158285762,136.80308673491422
-12,294,-0.15802641176720894,0.14521713040152864,-13.366726552210235,137.41878759883235
-12,295,-0.15928681133631262,0.14324213946526757,-13.382762755585361,138.03584673433383
-12,296,-0.1605299039812152,0.1412562097212182,-13.398636973296965,138.6542555990339
-12,297,-0.16175559477208956,0.13925949282659442,-13.414345987237144,139.27400524543913
-12,298,-0.16296379010801637,0.13725214126237964,-13.429886582231312,139.89508631767356
-12,299,-0.16415439772413132,0.13523430832168315,-13.4452555474215,140.517489048415
-12,300,-0.16532732669867128,0.13320614809803344,-13.460449677677087,141.14120325605208
-12,301,-0.16648248745991784,0.13116781547361045,-13.475465775032141,141.76621834206964
-12,302,-0.16761979179303704,0.1291194661074186,-13.490300650148603,142.39252328867144
-12,303,-0.1687391528468164,0.12706125642339883,-13.50495112380435,143.0201066566494
-12,304,-0.16984048514029715,0.12499334359848414,-13.519414028405203,143.64895658350676
-12,305,-0.17092370456930228,0.12291588555059565,-13.533686209519917,144.27906078184444
-12,306,-0.1719887284128589,0.1208290409265839,-13.547764527436925,144.91040653801812
-12,307,-0.1730354753395154,0.11873296909011329,-13.561645858741834,145.54298071107485
-12,308,-0.17406386541355284,0.11662783010949178,-13.575327097914357,146.17676973197595
-12,309,-0.17507382010108857,0.11451378474544803,-13.588805158943444,146.81175960311475
-12,310,-0.1760652622760741,0.11239099443885373,-13.602076976959259,147.4479358981361
-12,311,-0.1770381162261846,0.11025962129839588,-13.615139509880601,148.08528376206456
-12,312,-0.17799230765860097,0.10811982808819692,-13.627989740076295,148.72378791174847
-12,313,-0.17892776370568297,0.10597177821538474,-13.640624676039074,149.36343263662621
-12,314,-0.1798444129305341,0.1038156357176147,-13.653041354070282,150.00420179982072
-12,315,-0.18074218533245695,0.10165156525054193,-13.665236839973847,150.64607883956822
-12,316,-0.18162101235229855,0.09947973207524802,-13.677208230757792,151.2890467709864
-12,317,-0.18248082687768608,0.09730030204562035,-13.688952656341517,151.93308818818718
-12,318,-0.18332156324815224,0.09511344159568622,-13.700467281267114,152.57818526673907
-12,319,-0.18414315726014918,0.09291931772690375,-13.711749306412779,153.22431976648198
-12,320,-0.18494554617195158,0.09071809799540773,-13.722795970706548,153.8714730347001
-12,321,-0.18572866870844779,0.08850995049921492,-13.7336045528383,154.5196260096542
-12,322,-0.18649246506581935,0.08629504386538671,-13.74417237296814,155.1687592244773
-12,323,-0.18723687691610796,0.08407354723715145,-13.75449679442913,155.81885281143553
-12,324,-0.18796184741166966,0.08184563026098846,-13.764575225422274,156.46988650655547
-12,325,-0.18866732118951607,0.07961146307367191,-13.77440512070179,157.12183965461972
-12,326,-0.18935324437554224,0.07737121628927905,-13.783983983248437,157.77469121453058
-12,327,-0.19001956458864078,0.07512506098616073,-13.793309365928897,158.42841976504238
-12,328,-0.19066623094470192,0.07287316869387644,-13.802378873138991,159.08300351086154
-12,329,-0.19129319406049966,0.07061571138009629,-13.811190162428591,159.7384202891128
-12,330,-0.19190040605746234,0.06835286143746744,-13.819740946106142,160.39464757617043
-12,331,-0.19248782056532954,0.06608479167045013,-13.828028992820474,161.0516624948511
-12,332,-0.19305539272569283,0.06381167528212092,-13.836052129117881,161.70944182196624
-12,333,-0.19360307919542152,0.06153368586094556,-13.843808240972281,162.36796199622935
-12,334,-0.19413083814997273,0.05925099736752354,-13.851295275286152,163.02719912651378
-12,335,-0.19463862928658493,0.05696378412130253,-13.858511241360372,163.6871290004569
-12,336,-0.19512641382735635,0.05467222078726717,-13.865454212330572,164.34772709340382
-12,337,-0.19559415452220563,0.05237648236260024,-13.872122326568107,165.00896857768487
-12,338,-0.19604181565171686,0.050076744163318525,-13.878513789043458,165.67082833221997
-12,339,-0.19646936302986717,0.04777318181088545,-13.884626872650088,166.3332809524421
-12,340,-0.19687676400663762,0.045465971218798695,-13.890459919486728,166.99630076053137
-12,341,-0.197263987470506,0.043155288579157326,-13.896011342096186,167.65986181595127
-12,342,-0.19763100385082333,0.040841310349205795,-13.90127962465871,168.32393792627767
-12,343,-0.19797778512007158,0.0385242132378595,-13.90626332413814,168.98850265830973
-12,344,-0.19830430479600425,0.036204174192209816,-13.910961071378985,169.65352934945335
-12,345,-0.19861053794366856,0.033881370384011116,-13.915371572152742,170.31899111936477
-12,346,-0.19889646117730986,0.031555979196151676,-13.919493608151805,170.98486088184322
-12,347,-0.1991620526621573,0.029228178209106743,-13.923326037929339,171.6511113569604
-12,348,-0.1994072921160912,0.026898145187378295,-13.926867797783668,172.31771508341347
-12,349,-0.19963216081119217,0.024566058065919525,-13.930117902585678,172.98464443108892
-12,350,-0.19983664157517106,0.022232094936546352,-13.933075446547967,173.65187161382357
-12,351,-0.20002071879268046,0.019896434034338106,-13.935739603934431,174.31936870234773
-12,352,-0.20018437840650716,0.017559253724025507,-13.938109629709157,174.9871076373976
-12,353,-0.2003276079186455,0.015220732486370517,-13.940184860123512,175.65506024298003
-12,354,-0.20045039639125206,0.012881048904536173,-13.941964713240528,176.32319823977647
-12,355,-0.20055273444748067,0.010540381650448535,-13.943448689395645,176.99149325866887
-12,356,-0.2006346142721987,0.008198909471153126,-13.944636371593067,177.65991685437265
-12,357,-0.20069602961258365,0.005856811175163777,-13.945527425837101,178.32844051916092
-12,358,-0.20073697577860083,0.0035142656188086184,-13.946121601397873,178.99703569666238
-12,359,-0.20075744964336145,0.001171451692571195,-13.946418731011027,179.6656737957185
-12,360,-0.20075744964336145,-0.0011714516925710105,-13.946418731011027,-179.66567379571853
-12,361,-0.20073697577860083,-0.003514265618808434,-13.946121601397873,-178.99703569666246
-12,362,-0.20069602961258365,-0.005856811175163593,-13.945527425837101,-178.32844051916095
-12,363,-0.2006346142721987,-0.00819890947115294,-13.944636371593068,-177.6599168543727
-12,364,-0.20055273444748067,-0.010540381650448351,-13.943448689395645,-176.9914932586689
-12,365,-0.20045039639125206,-0.012881048904535989,-13.941964713240528,-176.3231982397765
-12,366,-0.20032760791864557,-0.015220732486370334,-13.94018486012351,-175.6550602429801
-12,367,-0.20018437840650716,-0.01755925372402532,-13.938109629709157,-174.98710763739763
-12,368,-0.20002071879268052,-0.019896434034337804,-13.935739603934431,-174.31936870234784
-12,369,-0.19983664157517111,-0.02223209493654617,-13.933075446547964,-173.65187161382363
-12,370,-0.19963216081119217,-0.02456605806591934,-13.930117902585678,-172.98464443108895
-12,371,-0.19940729211609126,-0.026898145187378108,-13.926867797783668,-172.3177150834135
-12,372,-0.1991620526621573,-0.029228178209106555,-13.923326037929343,-171.65111135696046
-12,373,-0.1988964611773099,-0.03155597919615137,-13.919493608151805,-170.9848608818433
-12,374,-0.19861053794366862,-0.03388137038401093,-13.91537157215274,-170.31899111936482
-12,375,-0.19830430479600425,-0.03620417419220963,-13.910961071378985,-169.65352934945338
-12,376,-0.19797778512007164,-0.03852421323785932,-13.90626332413814,-168.9885026583098
-12,377,-0.19763100385082338,-0.04084131034920562,-13.90127962465871,-168.3239379262777
-12,378,-0.19726398747050605,-0.04315528857915702,-13.896011342096184,-167.65986181595136
-12,379,-0.19687676400663762,-0.04546597121879851,-13.89045991948673,-166.9963007605314
-12,380,-0.19646936302986723,-0.04777318181088527,-13.88462687265009,-166.33328095244212
-12,381,-0.19604181565171686,-0.05007674416331834,-13.87851378904346,-165.67082833222003
-12,382,-0.19559415452220563,-0.05237648236260006,-13.872122326568109,-165.00896857768487
-12,383,-0.1951264138273564,-0.054672220787266995,-13.865454212330572,-164.34772709340385
-12,384,-0.19463862928658504,-0.05696378412130235,-13.85851124136037,-163.68712900045696
-12,385,-0.19413083814997278,-0.05925099736752336,-13.851295275286153,-163.0271991265138
-12,386,-0.19360307919542163,-0.06153368586094538,-13.84380824097228,-162.3679619962294
-12,387,-0.1930553927256929,-0.06381167528212076,-13.836052129117885,-161.7094418219663
-12,388,-0.1924878205653296,-0.06608479167044996,-13.828028992820471,-161.05166249485114
-12,389,-0.1919004060574624,-0.06835286143746726,-13.819740946106142,-160.39464757617046
-12,390,-0.19129319406049966,-0.07061571138009612,-13.811190162428595,-159.73842028911284
-12,391,-0.19066623094470203,-0.07287316869387626,-13.80237887313899,-159.0830035108616
-12,392,-0.19001956458864083,-0.07512506098616055,-13.793309365928899,-158.42841976504243
-12,393,-0.1893532443755423,-0.07737121628927887,-13.783983983248438,-157.77469121453063
-12,394,-0.18866732118951612,-0.07961146307367173,-13.77440512070179,-157.12183965461978
-12,395,-0.1879618474116697,-0.08184563026098828,-13.764575225422275,-156.46988650655553
-12,396,-0.18723687691610802,-0.08407354723715127,-13.754496794429127,-155.8188528114356
-12,397,-0.1864924650658194,-0.08629504386538653,-13.744172372968142,-155.16875922447736
-12,398,-0.18572866870844784,-0.08850995049921474,-13.733604552838301,-154.51962600965425
-12,399,-0.18494554617195164,-0.09071809799540755,-13.72279597070655,-153.87147303470016
-12,400,-0.18414315726014924,-0.09291931772690357,-13.71174930641278,-153.224319766482
-12,401,-0.1833215632481523,-0.09511344159568605,-13.700467281267116,-152.57818526673913
-12,402,-0.18248082687768613,-0.09730030204562018,-13.68895265634152,-151.93308818818724
-12,403,-0.1816210123522986,-0.09947973207524785,-13.677208230757792,-151.28904677098646
-12,404,-0.18074218533245706,-0.10165156525054177,-13.665236839973847,-150.64607883956828
-12,405,-0.17984441293053427,-0.10381563571761442,-13.653041354070282,-150.0042017998208
-12,406,-0.17892776370568303,-0.10597177821538456,-13.640624676039078,-149.36343263662627
-12,407,-0.17799230765860102,-0.10811982808819676,-13.627989740076297,-148.7237879117485
-12,408,-0.1770381162261847,-0.11025962129839571,-13.615139509880601,-148.08528376206462
-12,409,-0.17606526227607416,-0.11239099443885356,-13.602076976959264,-147.44793589813617
-12,410,-0.17507382010108868,-0.11451378474544775,-13.588805158943448,-146.81175960311484
-12,411,-0.17406386541355295,-0.11662783010949163,-13.575327097914357,-146.176769731976
-12,412,-0.17303547533951552,-0.11873296909011312,-13.561645858741834,-145.54298071107488
-12,413,-0.17198872841285895,-0.12082904092658374,-13.547764527436925,-144.91040653801818
-12,414,-0.1709237045693024,-0.12291588555059549,-13.533686209519917,-144.2790607818445
-12,415,-0.16984048514029731,-0.12499334359848387,-13.519414028405205,-143.64895658350684
-12,416,-0.1687391528468165,-0.1270612564233987,-13.50495112380435,-143.02010665664946
-12,417,-0.1676197917930371,-0.12911946610741842,-13.490300650148605,-142.39252328867147
-12,418,-0.16648248745991795,-0.13116781547361028,-13.475465775032143,-141.76621834206966
-12,419,-0.1653273266986714,-0.13320614809803327,-13.460449677677087,-141.14120325605214
-12,420,-0.16415439772413143,-0.135234308321683,-13.4452555474215,-140.51748904841503
-12,421,-0.16296379010801648,-0.1372521412623795,-13.429886582231312,-139.89508631767362
-12,422,-0.16175559477208967,-0.13925949282659428,-13.414345987237144,-139.27400524543918
-12,423,-0.16052990398121525,-0.14125620972121802,-13.398636973296965,-138.65425559903395
-12,424,-0.15928681133631273,-0.1432421394652674,-13.382762755585361,-138.0358467343339
-12,425,-0.15802641176720905,-0.14521713040152848,-13.366726552210238,-137.4187875988324
-12,426,-0.156748801525389,-0.1471810317081392,-13.350531582857624,-136.80308673491427
-12,427,-0.1554540781766452,-0.14913369341010616,-13.334181067465252,-136.1887522833327
-12,428,-0.1541423405936272,-0.15107496639075788,-13.317678224925487,-135.57579198687932
-12,429,-0.1528136889482909,-0.1530047024031326,-13.301026271818127,-134.964213194239
-12,430,-0.1514682247042491,-0.15492275408129855,-13.284228421173568,-134.35402286402027
-12,431,-0.15010605060902282,-0.15682897495160855,-13.26728788126669,-133.74522756895277
-12,432,-0.1487272706861954,-0.15872321944388462,-13.250207854441914,-133.1378335002429
-12,433,-0.1473319902274679,-0.1606053429025355,-13.232991535969617,-132.53184647207863
-12,434,-0.14592031578461906,-0.16247520159760268,-13.21564211293425,-131.92727192627547
-12,435,-0.14449235516136832,-0.16433265273573677,-13.198162763154272,-131.32411493705462
-12,436,-0.14304821740514284,-0.16617755447110225,-13.180556654134145,-130.72238021594478
-12,437,-0.14158801279875044,-0.16800976591620917,-13.162826942048387,-130.12207211679979
-12,438,-0.14011185285195749,-0.16982914715267255,-13.144976770757786,-129.52319464092318
-12,439,-0.1386198502929737,-0.17163555924189713,-13.1270092708578,-128.92575144229235
-12,440,-0.13711211905984327,-0.17342886423568743,-13.10892755875905,-128.32974583287387
-12,441,-0.13558877429174387,-0.1752089251867829,-13.090734735799874,-127.73518078802225
-12,442,-0.13404993232019413,-0.1769756061593151,-13.072433887390812,-127.14205895195464
-12,443,-0.13249571066016974,-0.1787287722391894,-13.05402808219085,-126.55038264329433
-12,444,-0.13092622800112952,-0.18046828954438723,-13.035520371315252,-125.96015386067478
-12,445,-0.12934160419795132,-0.18219402523519024,-13.016913787574751,-125.37137428839837
-12,446,-0.12774196026177925,-0.1839058475243251,-12.998211344745808,-124.78404530214183
-12,447,-0.12612741835078306,-0.18560362568702682,-12.97941603687171,-124.19816797470254
-12,448,-0.12449810176082839,-0.18728723007102246,-12.960530837594128,-123.61374308177807
-12,449,-0.12285413491606233,-0.18895653210643149,-12.941558699514815,-123.03077110777411
-12,450,-0.121195643359411,-0.19061140431558435,-12.92250255358709,-122.44925225163298
-12,451,-0.1195227537429923,-0.19225172032275775,-12.903365308536676,-121.86918643267812
-12,452,-0.11783559381844451,-0.1938773548638248,-12.884149850311488,-121.29057329646794
-12,453,-0.11613429242716979,-0.19548818379582142,-12.86485904155996,-120.71341222065404
-12,454,-0.11441897949049572,-0.1970840841064265,-12.845495721137388,-120.13770232083816
-12,455,-0.11268978599975339,-0.19866493392335557,-12.826062703639918,-119.56344245642266
-12,456,-0.11094684400627401,-0.20023061252366822,-12.806562778965551,-118.99063123644977
-12,457,-0.10919028661130527,-0.2017810003429866,-12.786998711901806,-118.41926702542509
-12,458,-0.10742024795584611,-0.20331597898462664,-12.767373241739385,-117.84934794912
-12,459,-0.10563686321040382,-0.20483543122863893,-12.74768908191145,-117.28087190034964
-12,460,-0.10384026856467075,-0.206339241040761,-12.727948919657813,-116.71383654472156
-12,461,-0.10203060121712516,-0.20782729358127752,-12.708155415713673,-116.14823932635173
-12,462,-0.1002079993645527,-0.20929947521379086,-12.688311204022163,-115.58407747354325
-12,463,-0.09837260219149375,-0.21075567351389887,-12.668418891470267,-115.0213480044252
-12,464,-0.09652454985961399,-0.2121957772777802,-12.648481057647508,-114.46004773254764
-12,465,-0.09466398349700163,-0.213619676530686,-12.62850025462681,-113.90017327243
-12,466,-0.09279104518738891,-0.2150272625353391,-12.608479006766968,-113.341721045059
-12,467,-0.09090587795930237,-0.21641842780023748,-12.58841981053619,-112.78468728333442
-12,468,-0.0890086257751408,-0.21779306608786242,-12.568325134356058,-112.2290680374593
-12,469,-0.08709943352018042,-0.21915107242279228,-12.548197418465403,-111.67485918027198
-12,470,-0.0851784469915111,-0.22049234309971857,-12.52803907480347,-111.12205641251846
-12,471,-0.08324581288690301,-0.2218167756913653,-12.507852486911808,-110.57065526806207
-12,472,-0.08130167879360285,-0.2231242690563114,-12.487640009854317,-110.02065111902874
-12,473,-0.0793461931770638,-0.22441472334671425,-12.467403970154884,-109.4720391808861
-12,474,-0.07737950536960768,-0.22568804001593476,-12.44714666575203,-108.9248145174547
-12,475,-0.07540176555902174,-0.22694412182606247,-12.42687036597,-108.37897204584996
-12,476,-0.07341312477708813,-0.22818287285534186,-12.406577311505787,-107.83450654135244
-12,477,-0.07141373488805107,-0.2294041985054974,-12.386269714431437,-107.29141264220664
-12,478,-0.0694037485770201,-0.2306080055089569,-12.36594975821123,-106.74968485434654
-12,479,-0.06738331933830881,-0.2317942019359751,-12.345619597733046,-106.20931755604576
-12,480,-0.06535260146371412,-0.23296269720165316,-12.325281359353514,-105.67030500249352
-12,481,-0.06331175003073318,-0.23411340207285644,-12.304937140956355,-105.13264133029388
-12,482,-0.06126092089072156,-0.23524622867502887,-12.284589012023375,-104.59632056188859
-12,483,-0.05920027065699028,-0.23636109049890364,-12.264239013717692,-104.06133660990207
-12,484,-0.0571299566928465,-0.2374579024071097,-12.243889158978597,-103.52768328140908
-12,485,-0.05505013709957707,-0.23853658064067285,-12.223541432627645,-102.9953542821242
-12,486,-0.0529609707043736,-0.23959704282541247,-12.203197791485415,-102.46434322051243
-12,487,-0.0508626170482042,-0.24063920797823227,-12.182860164498535,-101.93464361182158
-12,488,-0.04875523637363062,-0.24166299651330386,-12.16253045287645,-101.40624888203604
-12,489,-0.04663898961256989,-0.2426683302481453,-12.142210530237548,-100.87915237175118
-12,490,-0.04451403837400553,-0.24365513240959102,-12.121902242764133,-100.35334733996997
-12,491,-0.04238054493164557,-0.24462332763965494,-12.10160740936583,-99.82882696782029
-12,492,-0.04023867221153149,-0.24557284200128476,-12.08132782185105,-99.3055843621948
-12,493,-0.03808858377959466,-0.24650360298400897,-12.061065245106025,-98.7836125593118
-12,494,-0.03593044382916637,-0.24741553950947368,-12.040821417281071,-98.2629045281993
-12,495,-0.03376441716843953,-0.2483085819368705,-12.02059804998363,-97.74345317410156
-12,496,-0.03159066920788181,-0.24918266206825515,-12.000396828477761,-97.22525134180857
-12,497,-0.029409365947604446,-0.25003771315375517,-11.980219411889692,-96.7082918189096
-12,498,-0.027220673964686276,-0.2508736698966671,-11.96006743341904,-96.19256733897126
-12,499,-0.02502476040045154,-0.25169046845844356,-11.939942500555382,-95.6780705846397
-12,500,-0.022821792947706865,-0.2524880464635678,-11.919846195299836,-95.1647941906692
-12,501,-0.020611939837934926,-0.2532663430043173,-11.89978007439128,-94.65273074687676
-12,502,-0.01839536982844804,-0.2540252986454147,-11.879745669536936,-94.1418728010237
-12,503,-0.01617225218949965,-0.25476485542856714,-11.85974448764697,-93.63221286162494
-12,504,-0.013942756691358499,-0.2554849568768921,-11.839778011072832,-93.12374340068715
-12,505,-0.011707053591344635,-0.25618554799923,-11.81984769784901,-92.61645685637632
-12,506,-0.009465313620826227,-0.25686657529434404,-11.799954981937958,-92.11034563561539
-12,507,-0.007217707972182186,-0.2575279867550058,-11.780101273477882,-91.60540211661335
-12,508,-0.00496440828572961,-0.25816973187196657,-11.760287959033155,-91.10161865132655
-12,509,-0.002705586636614951,-0.25879176163781475,-11.74051640184705,-90.59898756785263
-12,510,-0.000441415521674246,-0.2593940285507184,-11.720787942096633,-90.09750117275898
-12,511,0.00182793215374015,-0.25997648661805256,-11.701103897149487,-89.59715175334578
-12,512,0.004102283088962766,-0.26053909135991155,-11.681465561822096,-89.09793157984555
-12,513,0.006381463601250664,-0.2610817998125059,-11.66187420863963,-88.59983290755873
-12,514,0.008665299639046116,-0.2616045705314431,-11.64233108809696,-88.10284797892834
-12,515,0.010953616795267525,-0.2621073635948927,-11.622837428920658,-87.60696902555296
-12,516,0.013246240320629613,-0.2625901406066347,-11.603394438331819,-87.11218827013971
-12,517,0.01554299513698728,-0.26305286469899225,-11.584003302309466,-86.61849792839867
-12,518,0.017843705850706146,-0.26349550053564647,-11.564665185854444,-86.12589021087908
-12,519,0.020148196766055636,-0.2639180143143353,-11.545381233253533,-85.63435732474898
-12,520,0.022456291898627585,-0.26432037376943474,-11.526152568343676,-85.14389147551842
-12,521,0.024767814988774714,-0.2647025481744229,-11.506980294776124,-84.65448486870858
-12,522,0.02708258951507013,-0.26506450834422624,-11.487865496280428,-84.1661297114669
-12,523,0.029400438707788974,-0.2654062266374487,-11.468809236927964,-83.67881821412912
-12,524,0.03172118556240686,-0.2657276769584822,-11.449812561395065,-83.19254259173033
-12,525,0.034044652853116295,-0.26602883475949957,-11.43087649522547,-82.70729506546486
-12,526,0.03637066314636205,-0.26630967704232933,-11.412002045091985,-82.2230678640968
-12,527,0.038699038814390144,-0.2665701823602117,-11.393190199057354,-81.73985322532188
-12,528,0.04102960204881295,-0.2668103308194365,-11.374441926834047,-81.25764339708174
-12,529,0.04336217487418678,-0.26703010408086253,-11.355758180042999,-80.776430638832
-12,530,0.04569657916160451,-0.26722948536131774,-11.337139892471129,-80.29620722276408
-12,531,0.048032636642297885,-0.26740845943488106,-11.318587980327557,-79.81696543498316
-12,532,0.05037016892125043,-0.26756701263404525,-11.300103342498431,-79.33869757664232
-12,533,0.052708997490822126,-0.2677051328507604,-11.281686860800267,-78.86139596503392
-12,534,0.055048943744380664,-0.2678228095373587,-11.263339400231729,-78.38505293463955
-12,535,0.05738982898994009,-0.2679200337073599,-11.24506180922377,-77.90966083813944
-12,536,0.059731474463808276,-0.26799679793615755,-11.226854919888044,-77.43521204738181
-12,537,0.06207370134423735,-0.26805309636158614,-11.208719548263549,-76.96169895431363
-12,538,0.06441633076508008,-0.26808892468436846,-11.190656494561422,-76.48911397187354
-12,539,0.06675918382944819,-0.2681042801684442,-11.172666543407807,-76.01744953484783
-12,540,0.06910208162337537,-0.26809916164117875,-11.154750464084787,-75.54669810069014
-12,541,0.07144484522947954,-0.2680735694934528,-11.136909010769255,-75.07685215030621
-12,542,0.0737872957406252,-0.26802750567963246,-11.119142922769786,-74.60790418880438
-12,543,0.07612925427358738,-0.26796097371742006,-11.101452924761317,-74.13984674621236
-12,544,0.07847054198271146,-0.26787397868758545,-11.083839727017729,-73.67267237816151
-12,545,0.08081098007357009,-0.26776652723357813,-11.066304025642232,-73.20637366653979
-12,546,0.08315038981661846,-0.2676386275610197,-11.048846502795495,-72.74094322011292
-12,547,0.08548859256084222,-0.2674902894370774,-11.031467826921538,-72.27637367511609
-12,548,0.08782540974740072,-0.2673215241897182,-11.014168652971337,-71.81265769581604
-12,549,0.09016066292326189,-0.2671323447068438,-10.99694962262409,-71.34978797504478
-12,550,0.09249417375483135,-0.2669227654353063,-10.979811364506187,-70.88775723470498
-12,551,0.09482576404157038,-0.26669280237980486,-10.962754494407763,-70.42655822624893
-12,552,0.09715525572960355,-0.2664424731016638,-10.945779615496926,-69.96618373113084
-12,553,0.09948247092531744,-0.2661717967174914,-10.928887318531553,-69.50662656123353
-12,554,0.10180723190894463,-0.26588079389771985,-10.912078182068685,-69.04787955927026
-12,555,0.10412936114813595,-0.26556948686502696,-10.895352772671519,-68.58993559916239
-12,556,0.10644868131151694,-0.265237899392639,-10.878711645113944,-68.13278758639365
-12,557,0.10876501528223129,-0.26488605680251526,-10.862155342582655,-67.67642845834119
-12,558,0.11107818617146581,-0.26451398596341424,-10.845684396876806,-67.2208511845847
-12,559,0.11338801733195805,-0.26412171528884215,-10.829299328605234,-66.76604876719412
-12,560,0.11569433237148752,-0.26370927473488254,-10.813000647381228,-66.31201424099584
-12,561,0.11799695516634519,-0.26327669579790897,-10.796788852014817,-65.85874067381918
-12,562,0.12029570987478283,-0.26282401151217993,-10.780664430702663,-65.40622116672299
-12,563,0.12259042095044259,-0.2623512564473158,-10.764627861215455,-64.95444885420268
-12,564,0.12488091315576182,-0.26185846670565904,-10.748679611082878,-64.50341690437939
-12,565,0.12716701157535576,-0.26134567991951746,-10.732820137776152,-64.05311851917055
-12,566,0.1294485416293741,-0.2608129352482899,-10.717049888888122,-63.60354693444343
-12,567,0.13172532908683438,-0.26026027337547636,-10.701369302310937,-63.154695420151384
-12,568,0.13399720007892654,-0.2596877365055706,-10.685778806411301,-62.70655728045392
-12,569,0.13626398111228988,-0.2590953683608376,-10.670278820203333,-62.25912585382103
-12,570,0.13852549908226347,-0.25848321417797443,-10.654869753519002,-61.812394513121674
-12,571,0.14078158128610463,-0.2578513207046558,-10.639552007176222,-61.366356665697765
-12,572,0.14303205543617686,-0.25719973619596426,-10.624325973144554,-60.921005753423714
-12,573,0.14527674967310827,-0.2565285104107048,-10.60919203470853,-60.47633525275169
-12,574,0.1475154925789146,-0.2558376946076053,-10.594150566628675,-60.03233867474368
-12,575,0.1497481131900904,-0.255127341541402,-10.579201935300176,-59.58900956509032
-12,576,0.15197444101066365,-0.25439750545881096,-10.564346498909254,-59.14634150411744
-12,577,0.1541943060252174,-0.25364824209438513,-10.549584607587235,-58.704328106779634
-12,578,0.15640753871187227,-0.25287960866625847,-10.53491660356234,-58.26296302264275
-12,579,0.1586139700552317,-0.2520916638717765,-10.520342821309232,-57.82223993585487
-12,580,0.16081343155929012,-0.25128446788301334,-10.505863587696293,-57.38215256510573
-12,581,0.16300575526029942,-0.2504580823421772,-10.491479222130708,-56.942694663576155
-12,582,0.16519077373959615,-0.2496125703569024,-10.477190036701348,-56.503860018876765
-12,583,0.16736832013638558,-0.248747996495431,-10.462996336319438,-56.0656424529772
-12,584,0.16953822816048564,-0.2478644267816809,-10.448898418857098,-55.62803582212514
-12,585,0.1717003321050251,-0.24696192869020472,-10.434896575283702,-55.1910340167567
-12,586,0.17385446685909728,-0.24604057114103672,-10.42099108980018,-54.75463096139776
-12,587,0.17600046792037,-0.24510042449442962,-10.407182239971146,-54.31882061455643
-12,588,0.17813817140764757,-0.2441415605454814,-10.39347029685499,-53.883596968607584
-12,589,0.18026741407338498,-0.24316405251865314,-10.379855525131909,-53.44895404966944
-12,590,0.18238803331615563,-0.2421679750621764,-10.366338183229885,-53.01488591747213
-12,591,0.1844998671930677,-0.24115340424235324,-10.352918523448677,-52.58138666521929
-12,592,0.18660275443213165,-0.24012041753774696,-10.339596792081778,-52.1484504194423
-12,593,0.1886965344445748,-0.23906909383326577,-10.326373229536465,-51.716071339847886
-12,594,0.19078104733710616,-0.23799951341413841,-10.313248070451834,-51.28424361915896
-12,595,0.19285613392412637,-0.23691175795978292,-10.300221543814953,-50.852961482949176
-12,596,0.19492163573988325,-0.2358059105375698,-10.287293873075116,-50.42221918947178
-12,597,0.19697739505057438,-0.23468205559647776,-10.274465276256176,-49.992011029482065
-12,598,0.199023254866392,-0.23354027896064483,-10.261735966067072,-49.56233132605463
-12,599,0.20105905895351128,-0.23238066782281508,-10.24910615001048,-49.133174434395364
-12,600,0.20308465184602198,-0.23120331073767897,-10.236576030489683,-48.7045347416479
-12,601,0.2050998788578005,-0.2300082976151115,-10.224145804913627,-48.27640666669546
-12,602,0.20710458609432258,-0.2287957197133058,-10.21181566580022,-47.84878465995789
-12,603,0.20909862046441496,-0.2275656696318048,-10.199585800877893,-47.42166320318436
-12,604,0.2110818296919475,-0.22631824130442882,-10.187456393185432,-46.995036809241306
-12,605,0.21305406232746127,-0.22505352999210268,-10.175427621170103,-46.568900021896624
-12,606,0.21501516775973362,-0.2237716322755815,-10.163499658784112,-46.14324741560002
-12,607,0.21696499622728066,-0.22247264604807432,-10.151672675579409,-45.71807359525907
-12,608,0.21890339882979348,-0.22115667050776908,-10.139946836800833,-45.293373196012176
-12,609,0.2208302275395092,-0.2198238061502568,-10.128322303477681,-44.86914088299786
-12,610,0.22274533521251444,-0.21847415476085777,-10.116799232513687,-44.44537135112103
-12,611,0.22464857559998347,-0.21710781940684798,-10.105377776775375,-44.02205932481563
-12,612,0.22653980335934581,-0.21572490442958847,-10.094058085178943,-43.599199557804866
-12,613,0.22841887406538497,-0.2143255154365577,-10.082840302775566,-43.17678683285847
-12,614,0.2302856442212689,-0.21290975929328607,-10.071724570835226,-42.75481596154696
-12,615,0.23213997126950725,-0.2114777441151951,-10.060711026929035,-42.333281783993826
-12,616,0.23398171360283787,-0.21002957925934193,-10.049799805010108,-41.91217916862512
-12,617,0.23581073057504148,-0.20856537531606711,-10.038991035493005,-41.49150301191659
-12,618,0.23762688251168157,-0.20708524410054993,-10.028284845331717,-41.07124823813896
-12,619,0.23943003072077146,-0.20558929864426903,-10.01768135809628,-40.65140979910089
-12,620,0.2412200375033644,-0.20407765318637172,-10.00718069404801,-40.231982673890435
-12,621,0.24299676616407034,-0.2025504231649486,-9.99678297021336,-39.81296186861407
-12,622,0.24476008102149466,-0.2010077252082188,-9.98648830045642,-39.394342416134506
-12,623,0.24650984741859822,-0.19944967712562398,-9.976296795550155,-38.97611937580689
-12,624,0.24824593173298248,-0.19787639789883074,-9.966208563246257,-38.55828783321307
-12,625,0.24996820138709264,-0.1962880076726449,-9.956223708343785,-38.14084289989493
-12,626,0.25167652485834163,-0.1946846277458371,-9.946342332756494,-37.72377971308626
-12,627,0.253370771689155,-0.19306638056187883,-9.936564535578947,-37.30709343544324
-12,628,0.25505081249693284,-0.19143338969959228,-9.926890413151359,-36.89077925477391
-12,629,0.25671651898393044,-0.18978577986371317,-9.917320059123275,-36.474832383766625
-12,630,0.2583677639470551,-0.18812367687536802,-9.907853564516035,-36.059248059717596
-12,631,0.26000442128758106,-0.18644720766246475,-9.898491017784048,-35.644021544257185
-12,632,0.26162636602077916,-0.18475650025000026,-9.889232504874936,-35.229148123075646
-12,633,0.2632334742854601,-0.1830516837502841,-9.88007810928853,-34.8146231056483
-12,634,0.2648256233534349,-0.18133288835307793,-9.87102791213471,-34.400441824959444
-12,635,0.26640269163888625,-0.17960024531565355,-9.862081992190202,-33.9865996372261
-12,636,0.26796455870765296,-0.17785388695277035,-9.853240425954224,-33.57309192162119
-12,637,0.2695111052864285,-0.1760939466265695,-9.844503287703086,-33.159914079995815
-12,638,0.2710422132718682,-0.17432055873639066,-9.835870649543727,-32.74706153660155
-12,639,0.27255776573960894,-0.17253385870850785,-9.827342581466214,-32.334529737811955
-12,640,0.27405764695319734,-0.17073398298578843,-9.818919151395205,-31.92231415184419
-12,641,0.2755417423729294,-0.16892106901727233,-9.810600425240402,-31.510410268479788
-12,642,0.27700993866459633,-0.16709525524767624,-9.802386466946016,-31.09881359878556
-12,643,0.27846212370813966,-0.1652566811068216,-9.794277338539239,-30.687519674834355
-12,644,0.27989818660621374,-0.163405486998986,-9.786273100177755,-30.276524049425255
-12,645,0.2813180176926542,-0.16154181429218162,-9.778373810196301,-29.865822295804065
-12,646,0.2827215085408529,-0.15966580530735933,-9.770579525152275,-29.45541000738352
-12,647,0.2841085519720374,-0.15777760330754095,-9.762890299870438,-29.045282797463624
-12,648,0.2854790420634568,-0.1558773524868777,-9.75530618748669,-28.635436298951678
-12,649,0.28683287415647,-0.15396519795963914,-9.747827239490956,-28.22586616408258
-12,650,0.2881699448645376,-0.15204128574913217,-9.740453505769189,-27.81656806413933
-12,651,0.2894901520811182,-0.15010576277654863,-9.73318503464448,-27.407537689173136
-12,652,0.2907933949874652,-0.14815877684974593,-9.726021872917352,-26.99877074772406
-12,653,0.29207957406032553,-0.1462004766519605,-9.718964065905162,-26.59026296654186
-12,654,0.29334859107954064,-0.14423101173045197,-9.71201165748069,-26.182010090306527
-12,655,0.29460034913554684,-0.14225053248508387,-9.705164690109928,-25.774007881349537
-12,656,0.2958347526367758,-0.14025919015683763,-9.69842320488899,-25.36625211937501
-12,657,0.2970517073169542,-0.13825713681626398,-9.691787241580311,-24.958738601181388
-12,658,0.29825112024230316,-0.1362445253518685,-9.685256838647998,-24.55146314038295
-12,659,0.2994328998186348,-0.13422150945843692,-9.678832033292426,-24.144421567131978
-12,660,0.30059695579834667,-0.1321882436252987,-9.672512861484059,-23.73760972784124
-12,661,0.301743199287314,-0.13014488312452796,-9.66629935799654,-23.331023484906343
-12,662,0.3028715427516783,-0.12809158399908674,-9.660191556438996,-22.92465871642891
-12,663,0.3039819000245312,-0.12602850305090918,-9.65418948928766,-22.518511315939964
-12,664,0.3050741863124952,-0.1239557978289261,-9.648293187916737,-22.112577192123386
-12,665,0.3061483182021994,-0.12187362661703434,-9.642502682628542,-21.70685226854011
-12,666,0.3072042136666485,-0.11978214842200882,-9.636818002682993,-21.30133248335243
-12,667,0.3082417920714874,-0.11768152296136092,-9.631239176326346,-20.89601378904899
-12,668,0.30926097418115894,-0.11557191065113999,-9.625766230819274,-20.49089215216969
-12,669,0.31026168216495476,-0.11345347259368381,-9.620399192464275,-20.085963553031423
-12,670,0.3112438396029584,-0.11132637056531652,-9.615138086632406,-19.681223985454157
-12,671,0.31220737149188227,-0.10919076700399313,-9.60998293778935,-19.276669456487085
-12,672,0.3131522042507942,-0.10704682499689541,-9.604933769520855,-18.872295986135587
-12,673,0.31407826572673697,-0.1048947082679783,-9.599990604557503,-18.468099607088547
-12,674,0.3149854852002386,-0.10273458116546565,-9.59515346479887,-18.064076364445775
-12,675,0.31587379339071253,-0.10056660864930055,-9.590422371337047,-17.660222315446216
-12,676,0.31674312246174846,-0.09839095627854753,-9.585797344479554,-17.2565335291964
-12,677,0.3175934060262925,-0.09620779019875046,-9.581278403771625,-16.853006086399493
-12,678,0.31842457915171724,-0.09401727712924324,-9.576865568017915,-16.44963607908438
-12,679,0.31923657836478025,-0.09181958435041895,-9.572558855303585,-16.0464196103356
-12,680,0.320029341656471,-0.08961487969095595,-9.568358283014824,-15.64335279402359
-12,681,0.32080280848674664,-0.0874033315150001,-9.56426386785877,-15.240431754535088
-12,682,0.3215569197891549,-0.0851851087093085,-9.560275625882857,-14.8376526265043
-12,683,0.32229161797534506,-0.08296038067035177,-9.556393572493606,-14.435011554544232
-12,684,0.3230068469394652,-0.0807293172913789,-9.552617722474842,-14.032504692978723
-12,685,0.32370255206244736,-0.07849208894944178,-9.548948090005354,-13.630128205574405
-12,686,0.3243786802161782,-0.076248866492385,-9.545384688676009,-13.227878265273512
-12,687,0.32503517976755625,-0.0739998212257995,-9.541927531506321,-12.825751053926986
-12,688,0.32567200058243506,-0.07174512489993934,-9.53857663096047,-12.423742762027686
-12,689,0.32628909402945167,-0.06948494969660653,-9.535331998962805,-12.021849588444294
-12,690,0.32688641298374005,-0.06721946821600287,-9.532193646912805,-11.620067740155616
-12,691,0.3274639118305304,-0.06494885346354792,-9.529161585699505,-11.218393431984877
-12,692,0.3280215464686322,-0.06267327883666808,-9.526235825715437,-10.816822886334778
-12,693,0.3285592743138022,-0.06039291811155458,-9.523416376870014,-10.415352332922657
-12,694,0.32907705430199613,-0.05810794542989378,-9.520703248602443,-10.013978008516235
-12,695,0.32957484689250494,-0.05581853528556734,-9.518096449894102,-9.612696156669298
-12,696,0.33005261407097414,-0.05352486251132754,-9.515595989280431,-9.211503027458052
-12,697,0.33051031935230685,-0.0512271022654467,-9.513201874862316,-8.810394877217794
-12,698,0.33094792778345006,-0.04892543001833969,-9.510914114316996,-8.409367968279527
-12,699,0.3313654059460639,-0.0466200215391647,-9.508732714908458,-8.008418568707219
-12,700,0.3317627219590733,-0.04431105288240113,-9.506657683497355,-7.607542952035359
-12,701,0.33213984548110315,-0.04199870037440369,-9.504689026550455,-7.206737397006403
-12,702,0.33249674771279497,-0.03968314059993799,-9.50282675014957,-6.805998187308898
-12,703,0.3328334013990064,-0.03736455038869504,-9.501070860000056,-6.4053216113155935
-12,704,0.33314978083089236,-0.03504310680178844,-9.499421361438808,-6.004703961822048
-12,705,0.3334458618478685,-0.03271898711823154,-9.49787825944179,-5.6041415357850495
-12,706,0.33372162183945625,-0.030392368821400086,-9.496441558631101,-5.203630634061605
-12,707,0.3339770397470092,-0.028063429585479256,-9.495111263281565,-4.803167561148141
-12,708,0.3342120960653218,-0.025732347261894013,-9.493887377326864,-4.402748624919509
-12,709,0.33442677284411837,-0.023399299865728262,-9.492769904365211,-4.002370136368597
-12,710,0.33462105368942413,-0.021064465562130118,-9.491758847664553,-3.6020284093458312
-12,711,0.3347949237648171,-0.018728022652707104,-9.490854210167319,-3.201719760299087
-12,712,0.33494836979256115,-0.016390149561908585,-9.490055994494718,-2.801440508013324
-12,713,0.3350813800546199,-0.014051024823400945,-9.489364202950574,-2.40118697335071
-12,714,0.3351939443935516,-0.011710827066434426,-9.488778837524697,-2.00095547899085
-12,715,0.33528605421328467,-0.009369735002200516,-9.488299899895837,-1.6007423491707513
-12,716,0.3353577024797745,-0.007027927410185246,-9.487927391434127,-1.20054390942523
-12,717,0.33540888372154026,-0.0046855831245172395,-9.487661313203136,-0.8003564863273891
-12,718,0.33543959403008294,-0.00234288102030948,-9.487501665961428,-0.4001764072287874
-12,719,0.33544983106018367,-6.566676641945985e-17,-9.487448450163697,-1.121606935444074e-14
-6,0,1.004760237537245,0.0,0.0412487985660073,0.0
-6,1,1.0047346813080713,0.005848884265565509,0.04117503915050529,0.33353342343738174
-6,2,1.0046580145721726,0.011697321876110401,0.04095375902046825,0.667069672550846
-6,3,1.00453024318427,0.017544866210723247,0.040584952525219264,1.0006115733765926
-6,4,1.0043513769017336,0.023391070716708394,0.04006861024656663,1.3341619526711461
-6,5,1.0041214293838396,0.029235488943687344,0.039404718998257565,1.6677236382717404
-6,6,1.0038404181907257,0.03507767457769232,0.03859326182518329,2.0012994594569817
-6,7,1.0035083647820504,0.040917181475249385,0.03763421800234919,2.334892247307859
-6,8,1.003125294515355,0.04675356369744861,0.036527563033642164,2.6685048350692195
-6,9,1.0026912366441256,0.05258637554399855,0.03527326865034952,3.002140058511776
-6,10,1.0022062243155614,0.05841517158726254,0.033871302809476984,3.3358007562947445
-6,11,1.0016702945680405,0.06423950670627412,0.0323216296918063,3.6694897703292186
-6,12,1.0010834883282944,0.07005893612072916,0.03062420969977307,4.00320994614234
-6,13,1.0004458504082803,0.07587301542495176,0.028778999455072445,4.336964133242388
-6,14,0.9997574295017604,0.08168130062183176,0.0267859517960847,4.670755185484863
-6,15,0.9990182781805823,0.08748334815673098,0.024645015775043855,5.004585961439659
-6,16,0.9982284528906655,0.09327871495135559,0.022356136654998995,5.338459324759421
-6,17,0.9973880139476898,0.09906695843759208,0.019919255906558686,5.672378144549173
-6,18,0.9964970255324899,0.10484763659130455,0.017334311204393223,6.006345295737324
-6,19,0.9955555556861534,0.11062030796609011,0.01460123642353688,6.340363659448138
-6,20,0.994563676304826,0.11638453172699036,0.011719961635457323,6.67443612337575
-6,21,0.9935214631342202,0.12213986768415613,0.008690413103913141,7.008565582159851
-6,22,0.9924289957638307,0.12788587632646287,0.0055125132805877676,7.342754937763114
-6,23,0.9912863576208576,0.13362211885507447,0.0021861808005034632,7.677007099850479
-6,24,0.9900936359638342,0.1393481572169523,-0.0012886695227732744,8.011324986170354
-6,25,0.9888509218759639,0.14506355413830765,-0.004912126702146619,8.345711522937906
-6,26,0.9875583102581651,0.15076787315799445,-0.00868428358222685,8.680169645220435
-6,27,0.9862158998218229,0.15646067866084004,-0.012605236844767205,9.01470229732505
-6,28,0.984823793081252,0.16214153591091124,-0.016675087014318742,9.349312433188631
-6,29,0.9833820963458674,0.16781001108471336,-0.020893938464100495,9.684003016770275
-6,30,0.9818909197120661,0.1734656713043194,-0.025261899422075466,10.018777022446265
-6,31,0.9803503770548201,0.17910808467042746,-0.029779081977232624,10.35363743540771
-6,32,0.9787605860189792,0.18473682029534264,-0.034445602086078934,10.688587252060907
-6,33,0.9771216680102878,0.19035144833588252,-0.03926157957933189,11.0236294804306
-6,34,0.9754337481861133,0.1959515400262023,-0.044227138168828235,11.358767140566167
-6,35,0.9736969554458885,0.20153666771053783,-0.049342405454613145,11.694003264950917
-6,36,0.9719114224212679,0.20710640487586424,-0.05460751293225258,12.029340898914565
-6,37,0.9700772854659991,0.2126603261844666,-0.06002259600033026,12.364783101048967
-6,38,0.9681946846455107,0.21819800750642124,-0.06558779396812627,12.700332943627284
-6,39,0.9662637637262149,0.223719025951985,-0.07130325006353763,13.035993513026696
-6,40,0.9642846701645299,0.22922295990388944,-0.07716911144113227,13.371767910154679
-6,41,0.9622575550956185,0.23470938904953798,-0.08318552919043314,13.707659250879106
-6,42,0.9601825733218465,0.2401778944131034,-0.08935265834437067,14.043670666462141
-6,43,0.9580598833009619,0.24562805838752338,-0.09567065788792393,14.379805303998186
-6,44,0.9558896471339929,0.2510594647663915,-0.1021396907669519,14.716066326855891
-6,45,0.95367203055287,0.2564716987757409,-0.1087599238971852,15.052456915124392
-6,46,0.9514072029077691,0.26186434710571904,-0.11553152817341167,15.388980266063918
-6,47,0.9490953371541795,0.2672369979421506,-0.12245467847883568,15.72563959456087
-6,48,0.9467366098396951,0.27258924099798565,-0.12952955369458097,16.06243813358748
-6,49,0.9443312010905331,0.27792066754463196,-0.13675633670940193,16.39937913466627
-6,50,0.9418792945977783,0.2832308704431676,-0.14413521442952226,16.736465868339245
-6,51,0.9393810776033549,0.28851944417543257,-0.1516663777886567,17.073701624642247
-6,52,0.936836740885728,0.2937859848749967,-0.1593500217581692,17.411089713584314
-6,53,0.9342464787453347,0.29903009035800093,-0.1671863453574084,17.748633465632338
-6,54,0.9316104889897463,0.3042513601538706,-0.17517555166416052,18.08633623220117
-6,55,0.9289289729185616,0.3094493955358979,-0.18331784782528157,18.42420138614924
-6,56,0.9262021353080357,0.31462379955169056,-0.1916134450674326,18.762232322279843
-6,57,0.9234301843954419,0.3197741770534859,-0.2000625587079802,19.10043245784834
-6,58,0.9206133318631684,0.3249001347283262,-0.20866540816600987,19.43880523307524
-6,59,0.9177517928225544,0.3300012811280946,-0.21742221697347033,19.77735411166552
-6,60,0.914845785797462,0.33507722669940876,-0.22633321278643703,20.116082581334158
-6,61,0.9118955327075887,0.34012758381336844,-0.2353986273964956,20.45499415433816
-6,62,0.908901258851521,0.3451519667951581,-0.24461869674221784,20.79409236801512
-6,63,0.9058631928895274,0.3501499919534989,-0.25399366092076997,21.133380785328683
-6,64,0.9027815668260992,0.35512127760994916,-0.26352376419958534,21.4728629954207
-6,65,0.8996566159922309,0.3600654441280526,-0.2732092550281538,21.81254261417077
-6,66,0.8964885790274504,0.3649821139423287,-0.2830503860498777,22.152423284762758
-6,67,0.8932776978615944,0.369870911587106,-0.29304741411402024,22.492508678258964
-6,68,0.8900242176963336,0.3747314637251953,-0.3032006002877067,22.832802494181774
-6,69,0.8867283869864474,0.37956339917639914,-0.3135102098680043,23.17330846110313
-6,70,0.8833904574208508,0.3843663489458579,-0.3239765123940561,23.514030337242
-6,71,0.8800106839033732,0.3891399462522285,-0.3345997816592434,23.85497191106999
-6,72,0.8765893245332936,0.39388382655569293,-0.34538029572340967,24.19613700192519
-6,73,0.8731266405856296,0.398597627585798,-0.3563183369251014,24.53752946063478
-6,74,0.8696228964911854,0.40328098936911955,-0.36741419189382774,24.879153170146115
-6,75,0.8660783598163583,0.40793355425675243,-0.378668151562352,25.221012046166912
-6,76,0.8624933012427055,0.41255496695162264,-0.3900805111789448,25.56311003781447
-6,77,0.8588679945462735,0.4171448745356199,-0.40165157031968146,25.905451128274287
-6,78,0.8552027165766913,0.42170292649654834,-0.41338163290065966,26.248039335468118
-6,79,0.8514977472360277,0.4262287747548942,-0.4252710071902486,26.590878712731953
-6,80,0.8477533694574169,0.4307220736904063,-0.4373200058212475,26.933973349503802
-6,81,0.8439698691834521,0.43518248016849076,-0.4495289458030086,27.277327372021787
-6,82,0.8401475353443489,0.43960965356641385,-0.4618981485335052,27.620944944032615
-6,83,0.8362866598358818,0.4440032557993142,-0.4744279398112988,27.964830267510678
-6,84,0.8323875374970917,0.44836295134602133,-0.48711864984743364,28.308987583388134
-6,85,0.8284504660877718,0.45268840727467724,-0.4999706132772091,28.653421172295985
-6,86,0.8244757462657282,0.456979293268162,-0.5129841691718385,28.99813535531666
-6,87,0.82046368156382,0.46123528164931776,-0.5261596610499706,29.34313449474808
-6,88,0.8164145783667802,0.4654560474059726,-0.5394974368890636,29.6884229948797
-6,89,0.8123287458878172,0.4696412682157604,-0.5529978491365899,30.03400530278071
-6,90,0.8082064961450031,0.4737906244707351,-0.5666612547210396,30.37988590910045
-6,91,0.8040481439374446,0.4779037993017778,-0.5804880150627535,30.726069348881712
-6,92,0.7998540068212443,0.48198047860279475,-0.5944784960845126,31.072560202386786
-6,93,0.7956244050852497,0.48602035105470465,-0.6086330682218857,31.41936309593691
-6,94,0.7913596617265939,0.4900231081492122,-0.6229521064333388,31.766482702765053
-6,95,0.78706010242603,0.4939884442123681,-0.6374359902100412,32.11392374388258
-6,96,0.7827260555230604,0.49791605642791187,-0.6520851035853878,32.46169098895996
-6,97,0.7783578519908623,0.5018056448603969,-0.666899835144194,32.80978925722196
-6,98,0.7739558254110128,0.505656912478095,-0.6818805780315401,33.158223418357366
-6,99,0.7695203119480154,0.5094695651756793,-0.6970277299612505,33.50699839344388
-6,100,0.7650516503236271,0.5132433117966847,-0.7123416932239791,33.85611915588826
-6,101,0.7605501817909932,0.5169778641557412,-0.7278228746948784,34.20559073238212
-6,102,0.7560162501085856,0.5206729370605824,-0.7434716858408088,34.55541820387382
-6,103,0.7514502015139533,0.5243282483338236,-0.7592885427270892,34.90560670655649
-6,104,0.7468523846972794,0.5279435188345111,-0.7752738660237415,35.25616143287292
-6,105,0.7422231507747554,0.5315184724794388,-0.7914280810111917,35.60708763253742
-6,106,0.7375628532617662,0.5350528362642318,-0.8077516175854232,35.95839061357504
-6,107,0.7328718480458942,0.5385463402841939,-0.824244910262522,36.31007574337856
-6,108,0.728150493359742,0.54199871775492,-0.8409083981826015,36.662148449783665
-6,109,0.7233991497535749,0.5454097050326688,-0.85774252511306,37.01461422216255
-6,110,0.7186181800677878,0.5487790416344962,-0.8747477394511354,37.36747861253652
-6,111,0.7138079494051962,0.5521064702581475,-0.8919244942257294,37.720747236707865
-6,112,0.7089688251031553,0.5553917368017063,-0.9092732470984528,38.07442577541138
-6,113,0.7041011767055074,0.5586345903829992,-0.9267944603638538,38.4285199754861
-6,114,0.6992053759343615,0.5618347833587551,-0.9444886009487863,38.783035651067586
-6,115,0.6942817966617068,0.5649920713435159,-0.9623561404108942,39.13797868480107
-6,116,0.6893308148808615,0.5681062132282999,-0.9803975549361148,39.49335502907614
-6,117,0.6843528086777589,0.5711769711990138,-0.9986133253352323,39.84917070728329
-6,118,0.6793481582020764,0.574204110754614,-1.01700393703935,40.20543181509266
-6,119,0.674317245638203,0.5771874007250141,-1.0355698800943007,40.56214452175567
-6,120,0.6692604551760548,0.5801266132887387,-1.054311649153898,40.91931507142996
-6,121,0.6641781729817355,0.583021523990321,-1.0732297434719884,41.27694978452793
-6,122,0.659070787168047,0.5858719117574435,-1.092324666893259,41.63505505908956
-6,123,0.6539386877648496,0.5886775589178204,-1.111596927842726,41.993637372180146
-6,124,0.6487822666892789,0.5914382512158206,-1.1310470393138443,42.35270328131302
-6,125,0.6436019177158147,0.5941537778288292,-1.150675518855193,42.71225942589819
-6,126,0.6383980364462116,0.5968239313833472,-1.1704828885556424,43.072312528717326
-6,127,0.6331710202792882,0.5994485079708277,-1.1904696750279724,43.432869397425456
-6,128,0.6279212683805788,0.6020273071632477,-1.2106364093908326,43.79393692608024
-6,129,0.6226491816518515,0.6045601320284142,-1.2309836272489858,44.155522096699066
-6,130,0.6173551627004923,0.6070467891450023,-1.251511868671792,44.51763198084475
-6,131,0.6120396158087601,0.6094870886173269,-1.2722216781697917,44.880273741240366
-6,132,0.6067029469029139,0.6118808440898437,-1.2931136046693439,45.24345463341376
-6,133,0.6013455635222127,0.6142278727613802,-1.3141882014852588,45.60718200737246
-6,134,0.5959678747877939,0.6165279953990964,-1.3354460262912717,45.971463309309485
-6,135,0.5905702913714308,0.618781036352171,-1.3568876410883224,46.3363060833407
-6,136,0.5851532254641707,0.6209868235652155,-1.3785136121705266,46.701717973274505
-6,137,0.5797170907448583,0.623145188591414,-1.4003245100887303,47.06770672441423
-6,138,0.5742623023485443,0.6252559666053856,-1.4223209096115648,47.43428018539421
-6,139,0.5687892768347829,0.6273189964157726,-1.4445033896838848,47.801446310049975
-6,140,0.5632984321558214,0.629334120477549,-1.4668725333824804,48.1692131593234
-6,141,0.5577901876246832,0.6313011849040523,-1.4894289278689485,48.537588903203414
-6,142,0.5522649638831456,0.633220039478735,-1.5121731643396106,48.906581822703025
-6,143,0.5467231828696184,0.6350905376666354,-1.5351058379723512,49.2762003118733
-6,144,0.5411652677869212,0.6369125366255691,-1.5582275478702408,49.64645287985531
-6,145,0.5355916430699654,0.6386858972170362,-1.581538897001832,50.017348152970364
-6,146,0.5300027343533421,0.640410484016847,-1.6050404921379675,50.38889487684966
-6,147,0.5243989684388181,0.6420861653254641,-1.628732943784976,50.76110191860387
-6,148,0.5187807732627427,0.6437128131780594,-1.6526168661140899,51.133978269033655
-6,149,0.5131485778633682,0.6452903033542864,-1.676692876886958,51.50753304488175
-6,150,0.5075028123480854,0.6468185153877665,-1.7009615973770678,51.881775491127485
-6,151,0.501843907860579,0.6482973325752879,-1.7254236522869206,52.256714983324486
-6,152,0.49617229654790224,0.6497266419857188,-1.7500796696607945,52.632361029982626
-6,153,0.49048841152747585,0.6511063344686305,-1.7749302807929193,53.00872327499471
-6,154,0.48479268685401306,0.6524363046626336,-1.7999761201308453,53.38581150010903
-6,155,0.4790855574863718,0.6537164510034228,-1.825217825173896,53.76363562744852
-6,156,0.4733674592543395,0.6549466757315345,-1.8506560363663755,54.14220572207753
-6,157,0.46763882882534996,0.6561268848998113,-1.876291396985465,54.521531994616836
-6,158,0.46190010367113726,0.6572569883805761,-1.9021245530235078,54.90162480390811
-6,159,0.456151722034328,0.6583368998725159,-1.92815615306446,55.282494659728464
-6,160,0.45039412289497405,0.6593665369072712,-1.9543868481543372,55.66415222555622
-6,161,0.4446277459370297,0.6603458208557342,-1.9808172916653506,56.04660832138872
-6,162,0.43885303151477484,0.6612746769340536,-2.007448139153531,56.42987392661304
-6,163,0.4330704206191868,0.662153034209345,-2.034280048209552,56.81396018293081
-6,164,0.42728035484426424,0.6629808256051081,-2.061313678302516,57.198878397337694
-6,165,0.42148327635330357,0.6637579879063491,-2.0885496906163827,57.58464004515889
-6,166,0.4156796278451334,0.664484461764408,-2.115988747878816,57.97125677314146
-6,167,0.4098698525203072,0.6651601917014909,-2.1436315141820814,58.35874040260422
-6,168,0.404054394047258,0.6657851261149065,-2.1714786547957345,58.747102932646705
-6,169,0.39823369652841767,0.6663592172810068,-2.199530835970758,59.13635654341758
-6,170,0.39240820446630165,0.6668824213588318,-2.2277887247348094,59.526513599444
-6,171,0.3865783627295652,0.6673546983934573,-2.256252988678274,59.917586653022596
-6,172,0.38074461651902997,0.6677760123190458,-2.2849242957306846,60.309588447673036
-6,173,0.3749074113336861,0.6681463309616011,-2.3138033139272425,60.70253192165558
-6,174,0.36906719293667123,0.6684656260414252,-2.342890711164941,61.09643021155292
-6,175,0.36322440732122985,0.6687338731752779,-2.372187154947991,61.491296655918006
-6,176,0.3573795006766538,0.6689510518782386,-2.401693312122074,61.887144798988274
-6,177,0.3515329193542093,0.6691171455652709,-2.431409848597002,62.28398839446754
-6,178,0.34568510983305073,0.6692321415524892,-2.461337429057365,62.68184140937651
-6,179,0.3398365186861248,0.6692960310581273,-2.4914767166606553,63.08071802797267
-6,180,0.3339875925460682,0.6693088092032087,-2.5218283727224406,63.480632655740685
-6,181,0.32813877807109915,0.6692704750119193,-2.552393056388068,63.88159992345422
-6,182,0.32229052191090873,0.6691810314116825,-2.5831714242903447,64.28363469130986
-6,183,0.3164432706725516,0.6690404852329346,-2.614164130192739,64.68675205313436
-6,184,0.31059747088634104,0.6688488472086044,-2.645371824617466,65.09096734066574
-6,185,0.3047535689717485,0.6686061319732922,-2.6767951544579534,65.49629612790943
-6,186,0.2989120112033135,0.6683123580621536,-2.708434762575029,65.90275423556976
-6,187,0.2930732436765623,0.6679675479094831,-2.740291287376251,66.31035773555821
-6,188,0.2872377122739421,0.6675717278470013,-2.7723653623777484,66.71912295557851
-6,189,0.28140586263077094,0.6671249281018437,-2.804657615747856,67.1290664837898
-6,190,0.27557814010120574,0.6666271827942527,-2.8371686698319163,67.54020517354816
-6,191,0.26975498972423345,0.6660785299349722,-2.8698991406574974,67.95255614822723
-6,192,0.26393685618968427,0.6654790114223443,-2.9028496374193087,68.36613680611858
-6,193,0.25812418380427316,0.66482867303911,-2.9360207619430234,68.78096482541193
-6,194,0.2523174164576696,0.664127564448913,-2.969413108127257,69.19705816925627
-6,195,0.24651699758859985,0.6633757391925068,-3.0030272613628317,69.6144350909014
-6,196,0.2407233701509835,0.6625732546836668,-3.036863797928511,70.03311413892102
-6,197,0.23493697658010645,0.6617201722048046,-3.070923284362326,70.4531141625168
-6,198,0.22915825875883422,0.6608165569022891,-3.1052062768075475,70.87445431690406
-6,199,0.22338765798386728,0.6598624777814716,-3.139713320332378,71.29715406877864
-6,200,0.2176256149320408,0.6588580077014151,-3.1744449482224315,71.72123320186529
-6,201,0.21187256962667247,0.6578032233693317,-3.2094016812448993,72.14671182254668
-6,202,0.20612896140395912,0.6566982053347239,-3.2445840268834285,72.57361036557347
-6,203,0.20039522887942685,0.6555430379832333,-3.2799924785426153,73.00194959985423
-6,204,0.1946718099144356,0.6543378095301972,-3.3156275147209513,73.43175063432493
-6,205,0.18895914158274166,0.6530826120139113,-3.3514895981511423,73.86303492389712
-6,206,0.1832576601371199,0.6517775412886012,-3.387579174906534,74.29582427548381
-6,207,0.1775678009760495,0.6504226970171029,-3.4238966734724077,74.73014085410183
-6,208,0.17188999861046358,0.6490181826632508,-3.460442503780955,75.16600718904942
-6,209,0.16622468663056802,0.6475641054839784,-3.4972170562084655,75.60344618015736
-6,210,0.16057229767272974,0.6460605765211257,-3.534220700533502,76.04248110411189
-6,211,0.15493326338643795,0.6445077105929605,-3.571453784854559,76.48313562084748
-6,212,0.14930801440134137,0.64290562628541,-3.6089166344657837,76.92543378000694
-6,213,0.14369698029436223,0.6412544459430047,-3.6466095506892655,77.36940002746658
-6,214,0.13810058955689147,0.6395542956595356,-3.684532809662309,77.81505921192331
-6,215,0.1325192695620667,0.6378053052684246,-3.7226866610781357,78.26243659154052
-6,216,0.12695344653213547,0.6360076083328104,-3.761071326878312,78.71155784064946
-6,217,0.12140354550590637,0.6341613421353481,-3.7996869998952576,79.16244905650194
-6,218,0.11586999030629094,0.6322666476677261,-3.8385338424430326,79.6151367660704
-6,219,0.11035320350793734,0.6303236696198983,-3.877611984854644,80.06964793289029
-6,220,0.10485360640496078,0.6283325563690356,-3.916921523963964,80.5260099639402
-6,221,0.09937161897877064,0.6262934599681947,-3.9564625215303866,80.98425071655367
-6,222,0.09390765986599828,0.6242065361347062,-3.9962350026042563,81.44439850535706
-6,223,0.08846214632652799,0.6220719442382832,-4.036238953831005,81.90648210922647
-6,224,0.0830354942116317,0.6198898472888511,-4.076474321691965,82.37053077825728
-6,225,0.07762811793221286,0.617660411924099,-4.11694101067972,82.8365742407378
-6,226,0.07224043042715916,0.6153838083967544,-4.1576388814057506,83.30464271011942
-6,227,0.06687284313180841,0.6130602105615816,-4.19856774863823,83.77476689197384
-6,228,0.06152576594652909,0.6106897958621051,-4.239727379267547,84.24697799092796
-6,229,0.05619960720541717,0.6082727453170593,-4.2811174901973095,84.72130771756596
-6,230,0.050894773645113967,0.6058092435065644,-4.322737746158344,85.19778829528732
-6,231,0.045611670373745916,0.603299478558031,-4.364587757443256,85.67645246710879
-6,232,0.04035070083998615,0.6007436421317934,-4.406667077559035,86.15733350239775
-6,233,0.035112266802247494,0.598141929406474,-4.448975200795099,86.64046520352237
-6,234,0.029896768297999254,0.5954945390640773,-4.491511559704213,87.12588191240485
-6,235,0.024704603613220077,0.5928016732748181,-4.534275522493573,87.61361851696095
-6,236,0.019536169251981594,0.5900635376816825,-4.577266390323333,88.10371045740953
-6,237,0.014391859906168314,0.5872803413847231,-4.6204833945098684,88.59619373243403
-6,238,0.009272068425338453,0.584452296925092,-4.6639256936308975,89.09110490517614
-6,239,0.00417718578672166,0.5815796202688093,-4.70759237052973,89.58848110904188
-6,240,-0.0008923989346363848,0.5786625307902707,-4.751482429215653,90.08836005329755
-6,241,-0.005936298595587863,0.5757012512554947,-4.795594791657704,90.59078002843297
-6,242,-0.010954128014445896,0.572696007805111,-4.839928294468782,91.09577991126663
-6,243,-0.01594550400039968,0.5696470299370916,-4.884481685477226,91.60339916976699
-6,244,-0.020910045382777964,0.5665545504892239,-4.9292536201829815,92.11367786756172
-6,245,-0.02584737304015594,0.5634188056213308,-4.974242658095268,92.62665666810543
-6,246,-0.03075710992930908,0.5602400347972355,-5.019447258948976,93.14237683847449
-6,247,-0.035638881114004484,0.5570184807664751,-5.064865778796738,93.66088025275556
-6,248,-0.04049231379363405,0.5537543895457628,-5.110496465973878,94.18220939499273
-6,249,-0.045317037331684684,0.5504480104002003,-5.156337456933349,94.70640736165605
-6,250,-0.05011268328404006,0.5470995958242427,-5.2023867719478565,95.23351786359186
-6,251,-0.05487888542711933,0.5437094015224162,-5.248642310676448,95.76358522741371
-6,252,-0.0596152797858428,0.5402776863897918,-5.2951018475928615,96.29665439628937
-6,253,-0.06432150466142728,0.536804712492214,-5.34176302727316,96.83277093007817
-6,254,-0.0689972006590086,0.5332907450462872,-5.388623359540118,97.37198100476954
-6,255,-0.07364201071508542,0.5297360523991242,-5.435680214462072,97.91433141117126
-6,256,-0.0782555801247885,0.5261409060078512,-5.482930817204116,98.45986955279375
-6,257,-0.08283755656896641,0.52250558041888,-5.530372242729568,99.00864344287267
-6,258,-0.08738759014109138,0.5188303532469404,-5.5780014103500175,99.56070170047109
-6,259,-0.09190533337398105,0.5151155051538805,-5.625815078122348,100.11609354559782
-6,260,-0.09639044126633112,0.5113613198272342,-5.673809837091425,100.67486879327599
-6,261,-0.10084257130906399,0.5075680839585561,-5.721982105377489,101.23707784649373
-6,262,-0.10526138351148279,0.5037360872215291,-5.770328122107518,101.80277168796385
-6,263,-0.10964654042723582,0.49986562224984277,-5.818843941190237,102.37200187061796
-6,264,-0.11399770718008662,0.4959569846148456,-5.867525424934876,102.94482050675562
-6,265,-0.11831455148948572,0.4920104728029747,-5.916368237514094,103.52128025576654
-6,266,-0.12259674369594681,0.4880263881929603,-5.96536783827213,104.1014343103405
-6,267,-0.12684395678622062,0.48400503503281156,-6.014519474879632,104.68533638107495
-6,268,-0.1310558664182675,0.47994672041658254,-6.063818176337238,105.27304067938866
-6,269,-0.1352321509460272,0.4758517542609194,-6.113258745830659,105.86460189864458
-6,270,-0.1393724914439799,0.47172044928139545,-6.162835753440561,106.46007519338178
-6,271,-0.14347657173150308,0.4675531209686279,-6.212543528711482,107.05951615655437
-6,272,-0.1475440783970156,0.46335008756418744,-6.262376153084578,107.66298079466904
-6,273,-0.15157470082191182,0.45911167003629433,-6.312327452200109,108.27052550071261
-6,274,-0.15556813120428298,0.45483819205530684,-6.362390988076307,108.88220702475496
-6,275,-0.1595240645824219,0.4505299799690054,-6.41256005117235,109.49808244211117
-6,276,-0.1634421988581125,0.4461873627776692,-6.462827652344324,110.11820911894326
-6,277,-0.16732223481969855,0.44181067210895303,-6.51318651470401,110.74264467517843
-6,278,-0.17116387616493478,0.4374002421925614,-6.563629065391784,111.37144694461944
-6,279,-0.17496682952361298,0.4329564098347255,-6.614147427276071,112.00467393211868
-6,280,-0.1787308044799657,0.4284795143924825,-6.6647334105933,112.64238376768715
-6,281,-0.18245551359484502,0.4239698977477592,-6.71537850454372,113.28463465740663
-6,282,-0.18614067242767174,0.41942790428126603,-6.766073868860017,113.93148483101261
-6,283,-0.18978599955815834,0.414853880846196,-6.816810325367434,114.58299248601503
-6,284,-0.19339121660779823,0.4102481767417385,-6.867578349555696,115.23921572822258
-6,285,-0.19695604826112567,0.4056111436864043,-6.918368062184994,115.90021250853839
-6,286,-0.20048022228674023,0.4009431357911652,-6.969169220950216,116.56604055589418
-6,287,-0.2039634695580954,0.39624450953241425,-7.0199712122295335,117.2367573061926
-6,288,-0.20740552407405155,0.3915156237247407,-7.07076304294573,117.91241982713083
-6,289,-0.21080612297918855,0.38675683949353085,-7.121533332570666,118.5930847387801
-6,290,-0.21416500658387883,0.38196852024738925,-7.1722703053057195,119.27880812980203
-6,291,-0.21748191838412023,0.3771510316503866,-7.2229617824732735,119.96964546918831
-6,292,-0.22075660508112216,0.3723047415941368,-7.273595175156768,120.66565151341487
-6,293,-0.22398881660065062,0.36743002016970044,-7.324157477129367,121.36688020891329
-6,294,-0.22717830611212408,0.36252723963932465,-7.374635258113724,122.07338458976791
-6,295,-0.23032483004746374,0.3575967744080142,-7.425014657417966,122.78521667056104
-6,296,-0.23342814811969392,0.35263900099493845,-7.475281377995625,123.5024273342997
-6,297,-0.2364880233412907,0.3476542980046807,-7.525420680979716,124.2250662153709
-6,298,-0.23950422204228117,0.3426430460983229,-7.575417380743968,124.95318157749074
-6,299,-0.24247651388808655,0.3376056279643787,-7.625255840546561,125.68682018662743
-6,300,-0.24540467189711213,0.33254242828956765,-7.67491996881445,126.42602717890063
-6,301,-0.24828847245808217,0.3274538337294381,-7.724393216128604,127.17084592348021
-6,302,-0.2511276953471139,0.3223402328788412,-7.773658572973049,127.92131788053074
-6,303,-0.2539221237445376,0.31720201624225386,-7.8226985683126085,128.67748245427615
-6,304,-0.2566715442514519,0.3120395762039594,-7.871495269066493,129.4393768412848
-6,305,-0.2593757469060224,0.3068533069980807,-7.920030280546614,130.20703587410875
-6,306,-0.2620345251995134,0.3016436046784763,-7.9682847479311905,130.98049186044045
-6,307,-0.2646476760920595,0.2964108670884941,-8.016239358845588,131.75977441798867
-6,308,-0.267215000028171,0.2911554938305894,-8.063874347123344,132.54491030531082
-6,309,-0.2697363009519721,0.2858778862358106,-8.111169497820997,133.33592324887874
-6,310,-0.2722113863221739,0.28057844733314896,-8.158104153560778,134.13283376669813
-6,311,-0.27464006712677735,0.27525758181876303,-8.204657222274793,134.93565898884347
-6,312,-0.2770221578975074,0.2699156960250727,-8.25080718642394,135.74441247531877
-6,313,-0.2793574767239769,0.2645531978897287,-8.29653211376338,136.55910403169938
-6,314,-0.2816458452675775,0.2591704969244617,-8.341809669724716,137.37973952306044
-6,315,-0.2838870887750998,0.2537680041838076,-8.386617131482467,138.20632068674777
-6,316,-0.28608103609207747,0.248346132233719,-8.430931403769378,139.038844944597
-6,317,-0.2882275196758576,0.24290529512005812,-8.47472903650115,139.87730521525972
-6,318,-0.29032637560839625,0.23744590833697726,-8.517986244266538,140.7216897273464
-6,319,-0.2923774436087754,0.23196838879519124,-8.56067892773324,141.57198183414653
-6,320,-0.2943805670454429,0.22647315479013705,-8.602782697013788,142.42815983073962
-6,321,-0.29633559294817435,0.2209606259700328,-8.644272897028202,143.29019677435625
-6,322,-0.298242372019754,0.21543122330382974,-8.685124634892343,144.15806030889888
-6,323,-0.30010075864737673,0.20988536904906396,-8.725312809351639,145.03171249457586
-6,324,-0.30191061091376714,0.20432348671961215,-8.76481214227002,145.9111096436414
-6,325,-0.3036717906080183,0.19874600105334742,-8.803597212173072,146.79620216327567
-6,326,-0.30538416323614503,0.1931533379797059,-8.841642489832662,147.68693440666766
-6,327,-0.3070475980313552,0.1875459245871593,-8.87892237586774,148.58324453339398
-6,328,-0.30866196796403644,0.18192418909059907,-8.915411240322603,149.48506438020553
-6,329,-0.31022714975145604,0.1762885607986375,-8.951083464169857,150.39231934334836
-6,330,-0.3117430238671758,0.17063947008082087,-8.98591348267056,151.30492827355263
-6,331,-0.31320947455017967,0.16497734833476596,-9.01987583050855,152.2228033848184
-6,332,-0.3146263898137144,0.15930262795321498,-9.052945188600356,153.1458501781184
-6,333,-0.3159936614538409,0.15361574229101493,-9.085096432465892,154.07396738111487
-6,334,-0.3173111850576976,0.14791712563202591,-9.11630468202873,155.00704690495573
-6,335,-0.3185788600114744,0.14220721315595433,-9.146545352698556,155.94497381917438
-6,336,-0.3197965895080954,0.13648644090512227,-9.175794207572158,156.8876263456621
-6,337,-0.3209642805546118,0.13075524575116768,-9.204027410573307,157.83487587261766
-6,338,-0.3220818439793043,0.1250140653616815,-9.23122158033666,158.78658698930258
-6,339,-0.3231491944384911,0.11926333816678686,-9.257353844626085,159.74261754234087
-6,340,-0.32416625042304725,0.11350350332565562,-9.282401895064027,160.70281871420434
-6,341,-0.3251329342646273,0.10773500069297395,-9.306344041936004,161.66703512441262
-6,342,-0.3260491721415979,0.10195827078535015,-9.329159268822961,162.63510495385725
-6,343,-0.32691489408467433,0.09617375474767623,-9.350827286804499,163.60686009252782
-6,344,-0.3277300339822642,0.09038189431943863,-9.371328587967978,164.58212631077916
-6,345,-0.32849452958551595,0.08458313180098356,-9.39064449795243,165.56072345413196
-6,346,-0.32920832251307297,0.0787779100197424,-9.408757227252066,166.54246566144323
-6,347,-0.32987135825553127,0.0729666722964124,-9.425649921002657,167.5271616061284
-6,348,-0.3304835861796026,0.0671498624111043,-9.441306706974274,168.51461475994978
-6,349,-0.33104495953198076,0.061327924569451644,-9.455712741497223,169.5046236787257
-6,350,-0.33155543544291244,0.05550130336868793,-9.468854253053333,170.49698230914848
-6,351,-0.33201497492947074,0.049670443763696476,-9.480718583272935,171.4914803157375
-6,352,-0.3324235428985317,0.04383579103302877,-9.491294225088527,172.48790342679436
-6,353,-0.33278110814945516,0.037997790744902456,-9.50057085780913,173.48603379807503
-6,354,-0.3330876433764667,0.03215688872317428,-9.508539378895154,174.48565039274717
-6,355,-0.3333431251707428,0.026313531013293406,-9.515191932231277,175.48652937606522
-6,356,-0.33354753402219917,0.02046816384824093,-9.520521932715038,176.48844452307088
-6,357,-0.33370085432098007,0.014621233614450507,-9.524524087000927,177.49116763751474
-6,358,-0.3338030743586504,0.008773186817721752,-9.527194410263544,178.49446898009649
-6,359,-0.33385418632909003,0.0029244700491215577,-9.528530238868807,179.49811770404074
-6,360,-0.33385418632909003,-0.0029244700491210967,-9.528530238868807,-179.49811770404082
-6,361,-0.3338030743586504,-0.00877318681772129,-9.527194410263544,-178.4944689800966
-6,362,-0.33370085432098007,-0.014621233614450047,-9.524524087000927,-177.4911676375148
-6,363,-0.33354753402219917,-0.020468163848240472,-9.520521932715038,-176.48844452307097
-6,364,-0.3333431251707428,-0.026313531013292944,-9.515191932231277,-175.4865293760653
-6,365,-0.3330876433764667,-0.03215688872317382,-9.508539378895154,-174.48565039274726
-6,366,-0.3327811081494553,-0.037997790744902,-9.500570857809128,-173.4860337980751
-6,367,-0.3324235428985317,-0.04383579103302831,-9.491294225088527,-172.48790342679445
-6,368,-0.33201497492947074,-0.04967044376369572,-9.480718583272939,-171.4914803157376
-6,369,-0.33155543544291255,-0.05550130336868748,-9.468854253053333,-170.49698230914856
-6,370,-0.3310449595319809,-0.06132792456945119,-9.455712741497221,-169.50462367872575
-6,371,-0.3304835861796026,-0.06714986241110382,-9.441306706974276,-168.51461475994984
-6,372,-0.3298713582555314,-0.07296667229641193,-9.425649921002657,-167.52716160612852
-6,373,-0.3292083225130731,-0.07877791001974165,-9.40875722725207,-166.54246566144334
-6,374,-0.32849452958551606,-0.0845831318009831,-9.39064449795243,-165.56072345413205
-6,375,-0.3277300339822642,-0.09038189431943817,-9.37132858796798,-164.58212631077927
-6,376,-0.32691489408467445,-0.09617375474767578,-9.350827286804497,-163.60686009252788
-6,377,-0.326049172141598,-0.1019582707853497,-9.329159268822961,-162.63510495385736
-6,378,-0.3251329342646275,-0.10773500069297319,-9.306344041936004,-161.66703512441273
-6,379,-0.32416625042304736,-0.11350350332565515,-9.282401895064027,-160.70281871420443
-6,380,-0.3231491944384912,-0.1192633381667864,-9.257353844626087,-159.74261754234095
-6,381,-0.3220818439793043,-0.12501406536168103,-9.231221580336666,-158.78658698930266
-6,382,-0.3209642805546119,-0.1307552457511672,-9.20402741057331,-157.83487587261774
-6,383,-0.31979658950809553,-0.13648644090512183,-9.17579420757216,-156.8876263456622
-6,384,-0.3185788600114746,-0.1422072131559539,-9.146545352698556,-155.94497381917446
-6,385,-0.31731118505769784,-0.14791712563202547,-9.116304682028728,-155.00704690495579
-6,386,-0.315993661453841,-0.1536157422910145,-9.085096432465896,-154.07396738111495
-6,387,-0.3146263898137145,-0.15930262795321454,-9.05294518860036,-153.14585017811845
-6,388,-0.3132094745501798,-0.16497734833476552,-9.019875830508553,-152.2228033848185
-6,389,-0.3117430238671759,-0.17063947008082042,-8.985913482670565,-151.30492827355275
-6,390,-0.31022714975145615,-0.17628856079863706,-8.95108346416986,-150.39231934334848
-6,391,-0.30866196796403667,-0.18192418909059863,-8.915411240322603,-149.4850643802056
-6,392,-0.3070475980313554,-0.18754592458715885,-8.878922375867743,-148.58324453339407
-6,393,-0.30538416323614515,-0.19315333797970546,-8.841642489832665,-147.68693440666772
-6,394,-0.3036717906080184,-0.19874600105334697,-8.803597212173077,-146.7962021632757
-6,395,-0.30191061091376736,-0.2043234867196117,-8.764812142270024,-145.91110964364145
-6,396,-0.30010075864737684,-0.20988536904906352,-8.725312809351644,-145.03171249457594
-6,397,-0.2982423720197541,-0.2154312233038293,-8.685124634892345,-144.15806030889897
-6,398,-0.29633559294817446,-0.22096062597003235,-8.644272897028207,-143.2901967743563
-6,399,-0.294380567045443,-0.2264731547901366,-8.602782697013794,-142.4281598307397
-6,400,-0.2923774436087755,-0.2319683887951908,-8.560678927733246,-141.57198183414658
-6,401,-0.29032637560839636,-0.23744590833697687,-8.517986244266543,-140.72168972734644
-6,402,-0.2882275196758577,-0.2429052951200577,-8.474729036501156,-139.87730521525975
-6,403,-0.2860810360920776,-0.2483461322337186,-8.430931403769383,-139.03884494459703
-6,404,-0.28388708877510005,-0.25376800418380724,-8.38661713148247,-138.20632068674783
-6,405,-0.28164584526757785,-0.25917049692446104,-8.341809669724721,-137.37973952306052
-6,406,-0.27935747672397704,-0.26455319788972825,-8.296532113763387,-136.55910403169943
-6,407,-0.2770221578975075,-0.2699156960250723,-8.250807186423943,-135.74441247531882
-6,408,-0.2746400671267776,-0.2752575818187626,-8.204657222274797,-134.93565898884353
-6,409,-0.2722113863221741,-0.2805784473331486,-8.15810415356078,-134.13283376669818
-6,410,-0.26973630095197243,-0.2858778862358099,-8.111169497821002,-133.33592324887886
-6,411,-0.2672150000281712,-0.29115549383058903,-8.063874347123347,-132.54491030531088
-6,412,-0.26464767609205975,-0.29641086708849373,-8.016239358845596,-131.75977441798872
-6,413,-0.26203452519951365,-0.3016436046784759,-7.968284747931195,-130.98049186044054
-6,414,-0.2593757469060226,-0.30685330699808033,-7.920030280546616,-130.2070358741088
-6,415,-0.25667154425145233,-0.3120395762039587,-7.871495269066498,-129.43937684128488
-6,416,-0.2539221237445378,-0.31720201624225347,-7.822698568312613,-128.67748245427617
-6,417,-0.2511276953471141,-0.32234023287884084,-7.773658572973051,-127.92131788053078
-6,418,-0.2482884724580824,-0.3274538337294377,-7.724393216128609,-127.17084592348027
-6,419,-0.24540467189711235,-0.3325424282895673,-7.674919968814452,-126.42602717890067
-6,420,-0.24247651388808678,-0.3376056279643783,-7.625255840546567,-125.68682018662749
-6,421,-0.2395042220422815,-0.3426430460983225,-7.57541738074397,-124.95318157749081
-6,422,-0.23648802334129093,-0.3476542980046803,-7.525420680979719,-124.22506621537097
-6,423,-0.23342814811969415,-0.35263900099493806,-7.47528137799563,-123.50242733429977
-6,424,-0.23032483004746396,-0.3575967744080138,-7.425014657417971,-122.78521667056108
-6,425,-0.2271783061121243,-0.36252723963932426,-7.374635258113727,-122.07338458976795
-6,426,-0.22398881660065084,-0.3674300201697,-7.324157477129373,-121.36688020891334
-6,427,-0.2207566050811225,-0.3723047415941364,-7.273595175156771,-120.66565151341494
-6,428,-0.21748191838412045,-0.37715103165038627,-7.222961782473279,-119.96964546918836
-6,429,-0.21416500658387916,-0.38196852024738887,-7.172270305305722,-119.2788081298021
-6,430,-0.21080612297918877,-0.3867568394935304,-7.12153333257067,-118.59308473878016
-6,431,-0.20740552407405188,-0.39151562372474036,-7.070763042945733,-117.91241982713093
-6,432,-0.20396346955809586,-0.3962445095324137,-7.019971212229539,-117.23675730619267
-6,433,-0.20048022228674056,-0.4009431357911649,-6.969169220950216,-116.56604055589423
-6,434,-0.1969560482611259,-0.40561114368640394,-6.918368062184998,-115.90021250853844
-6,435,-0.19339121660779846,-0.4102481767417382,-6.8675783495557,-115.23921572822263
-6,436,-0.18978599955815867,-0.4148538808461956,-6.816810325367438,-114.58299248601506
-6,437,-0.1861406724276723,-0.4194279042812655,-6.766073868860022,-113.9314848310127
-6,438,-0.18245551359484535,-0.4239698977477588,-6.715378504543726,-113.28463465740668
-6,439,-0.17873080447996603,-0.4284795143924821,-6.664733410593304,-112.64238376768719
-6,440,-0.1749668295236132,-0.4329564098347251,-6.614147427276075,-112.00467393211873
-6,441,-0.1711638761649351,-0.4374002421925611,-6.563629065391786,-111.37144694461949
-6,442,-0.167322234819699,-0.4418106721089525,-6.5131865147040156,-110.7426446751785
-6,443,-0.16344219885811284,-0.4461873627776688,-6.462827652344329,-110.1182091189433
-6,444,-0.15952406458242224,-0.45052997996900507,-6.412560051172354,-109.49808244211121
-6,445,-0.15556813120428337,-0.45483819205530646,-6.362390988076311,-108.88220702475502
-6,446,-0.1515747008219121,-0.45911167003629405,-6.312327452200113,-108.27052550071265
-6,447,-0.14754407839701594,-0.46335008756418716,-6.262376153084581,-107.66298079466908
-6,448,-0.14347657173150347,-0.4675531209686276,-6.212543528711485,-107.05951615655442
-6,449,-0.13937249144398017,-0.47172044928139506,-6.162835753440566,-106.46007519338184
-6,450,-0.13523215094602747,-0.47585175426091914,-6.113258745830661,-105.86460189864461
-6,451,-0.13105586641826783,-0.47994672041658215,-6.063818176337243,-105.27304067938869
-6,452,-0.12684395678622096,-0.4840050350328113,-6.0145194748796325,-104.68533638107498
-6,453,-0.1225967436959472,-0.4880263881929599,-5.965367838272133,-104.10143431034052
-6,454,-0.11831455148948605,-0.49201047280297444,-5.916368237514095,-103.5212802557666
-6,455,-0.113997707180087,-0.4959569846148453,-5.867525424934881,-102.94482050675565
-6,456,-0.10964654042723615,-0.4998656222498425,-5.81884394119024,-102.37200187061799
-6,457,-0.10526138351148318,-0.5037360872215287,-5.770328122107523,-101.80277168796391
-6,458,-0.10084257130906438,-0.5075680839585558,-5.721982105377492,-101.23707784649376
-6,459,-0.09639044126633173,-0.5113613198272338,-5.67380983709143,-100.67486879327606
-6,460,-0.09190533337398116,-0.5151155051538804,-5.625815078122349,-100.11609354559783
-6,461,-0.08738759014109176,-0.5188303532469402,-5.578001410350018,-99.56070170047114
-6,462,-0.08283755656896674,-0.5225055804188796,-5.530372242729571,-99.0086434428727
-6,463,-0.07825558012478911,-0.5261409060078507,-5.482930817204123,-98.45986955279382
-6,464,-0.07364201071508575,-0.5297360523991239,-5.435680214462075,-97.9143314111713
-6,465,-0.068997200659009,-0.5332907450462869,-5.38862335954012,-97.3719810047696
-6,466,-0.06432150466142783,-0.5368047124922135,-5.341763027273164,-96.83277093007824
-6,467,-0.05961527978584297,-0.5402776863897917,-5.295101847592862,-96.2966543962894
-6,468,-0.05487888542711972,-0.543709401522416,-5.248642310676451,-95.76358522741376
-6,469,-0.05011268328404067,-0.5470995958242423,-5.202386771947861,-95.23351786359193
-6,470,-0.04531703733168485,-0.5504480104002002,-5.1563374569333496,-94.70640736165605
-6,471,-0.04049231379363444,-0.5537543895457626,-5.110496465973879,-94.18220939499275
-6,472,-0.03563888111400482,-0.5570184807664748,-5.064865778796742,-93.6608802527556
-6,473,-0.03075710992930969,-0.560240034797235,-5.019447258948984,-93.14237683847455
-6,474,-0.02584737304015633,-0.5634188056213305,-4.974242658095273,-92.62665666810545
-6,475,-0.020910045382778353,-0.5665545504892237,-4.929253620182984,-92.11367786756175
-6,476,-0.01594550400040029,-0.5696470299370913,-4.8844816854772315,-91.60339916976704
-6,477,-0.010954128014446063,-0.5726960078051109,-4.839928294468784,-91.09577991126666
-6,478,-0.005936298595588307,-0.5757012512554943,-4.7955947916577095,-90.590780028433
-6,479,-0.0008923989346370509,-0.5786625307902703,-4.751482429215659,-90.08836005329762
-6,480,0.004177185786720994,-0.5815796202688089,-4.707592370529735,-89.58848110904195
-6,481,0.009272068425338065,-0.5844522969250918,-4.6639256936309,-89.09110490517617
-6,482,0.014391859906167925,-0.5872803413847228,-4.620483394509872,-88.59619373243406
-6,483,0.019536169251980928,-0.5900635376816821,-4.577266390323339,-88.10371045740959
-6,484,0.024704603613219966,-0.592801673274818,-4.534275522493575,-87.61361851696095
-6,485,0.029896768297998866,-0.5954945390640772,-4.491511559704215,-87.1258819124049
-6,486,0.03511226680224683,-0.5981419294064738,-4.448975200795102,-86.64046520352242
-6,487,0.04035070083998599,-0.6007436421317933,-4.406667077559037,-86.15733350239776
-6,488,0.04561167037374547,-0.6032994785580308,-4.364587757443259,-85.67645246710883
-6,489,0.05089477364511358,-0.6058092435065642,-4.3227377461583485,-85.19778829528735
-6,490,0.056199607205416446,-0.6082727453170591,-4.281117490197316,-84.72130771756602
-6,491,0.061525765946528754,-0.610689795862105,-4.239727379267549,-84.24697799092799
-6,492,0.06687284313180802,-0.6130602105615814,-4.198567748638232,-83.77476689197387
-6,493,0.0722404304271585,-0.6153838083967542,-4.157638881405755,-83.30464271011948
-6,494,0.07762811793221253,-0.6176604119240989,-4.116941010679722,-82.83657424073783
-6,495,0.08303549421163126,-0.6198898472888509,-4.076474321691968,-82.37053077825732
-6,496,0.08846214632652741,-0.6220719442382829,-4.03623895383101,-81.90648210922652
-6,497,0.09390765986599814,-0.6242065361347061,-3.996235002604258,-81.44439850535707
-6,498,0.09937161897877023,-0.6262934599681945,-3.956462521530393,-80.98425071655372
-6,499,0.10485360640496022,-0.6283325563690354,-3.9169215239639685,-80.52600996394024
-6,500,0.11035320350793665,-0.630323669619898,-3.8776119848546493,-80.06964793289033
-6,501,0.11586999030629064,-0.632266647667726,-3.8385338424430344,-79.61513676607042
-6,502,0.12140354550590593,-0.634161342135348,-3.7996869998952585,-79.16244905650198
-6,503,0.12695344653213478,-0.6360076083328102,-3.7610713268783162,-78.7115578406495
-6,504,0.1325192695620664,-0.6378053052684245,-3.7226866610781375,-78.26243659154055
-6,505,0.13810058955689103,-0.6395542956595355,-3.684532809662311,-77.81505921192334
-6,506,0.14369698029436165,-0.6412544459430046,-3.64660955068927,-77.36940002746663
-6,507,0.14930801440134123,-0.6429056262854099,-3.608916634465787,-76.92543378000694
-6,508,0.15493326338643762,-0.6445077105929604,-3.571453784854561,-76.4831356208475
-6,509,0.16057229767272913,-0.6460605765211256,-3.5342207005335062,-76.04248110411194
-6,510,0.16622468663056728,-0.6475641054839782,-3.49721705620847,-75.60344618015742
-6,511,0.17188999861046328,-0.6490181826632507,-3.4604425037809565,-75.16600718904945
-6,512,0.17756780097604902,-0.6504226970171026,-3.423896673472412,-74.73014085410188
-6,513,0.18325766013711928,-0.6517775412886011,-3.3875791749065365,-74.29582427548387
-6,514,0.18895914158274138,-0.6530826120139113,-3.3514895981511454,-73.86303492389713
-6,515,0.19467180991443514,-0.6543378095301972,-3.315627514720953,-73.43175063432496
-6,516,0.20039522887942623,-0.6555430379832332,-3.279992478542618,-73.00194959985427
-6,517,0.20612896140395837,-0.6566982053347238,-3.2445840268834343,-72.57361036557353
-6,518,0.21187256962667217,-0.6578032233693317,-3.209401681244902,-72.1467118225467
-6,519,0.2176256149320403,-0.6588580077014151,-3.174444948222434,-71.72123320186532
-6,520,0.22338765798386656,-0.6598624777814714,-3.1397133203323824,-71.2971540687787
-6,521,0.22915825875883394,-0.6608165569022891,-3.1052062768075475,-70.87445431690406
-6,522,0.23493697658010598,-0.6617201722048045,-3.070923284362329,-70.45311416251684
-6,523,0.2407233701509829,-0.6625732546836667,-3.036863797928515,-70.03311413892106
-6,524,0.24651699758859968,-0.6633757391925068,-3.0030272613628317,-69.61443509090142
-6,525,0.25231741645766914,-0.6641275644489129,-2.9694131081272594,-69.1970581692563
-6,526,0.25812418380427254,-0.6648286730391099,-2.936020761943028,-68.78096482541197
-6,527,0.26393685618968354,-0.6654790114223442,-2.9028496374193113,-68.36613680611862
-6,528,0.2697549897242331,-0.6660785299349722,-2.8698991406574996,-67.95255614822726
-6,529,0.27557814010120524,-0.6666271827942527,-2.8371686698319176,-67.54020517354819
-6,530,0.28140586263077016,-0.6671249281018435,-2.804657615747858,-67.12906648378986
-6,531,0.28723771227394185,-0.6675717278470011,-2.7723653623777498,-66.71912295557854
-6,532,0.29307324367656185,-0.6679675479094831,-2.7402912873762526,-66.31035773555824
-6,533,0.2989120112033129,-0.6683123580621536,-2.70843476257503,-65.90275423556982
-6,534,0.3047535689717483,-0.6686061319732922,-2.6767951544579534,-65.49629612790945
-6,535,0.31059747088634054,-0.6688488472086044,-2.6453718246174676,-65.09096734066578
-6,536,0.316443270672551,-0.6690404852329346,-2.6141641301927403,-64.68675205313438
-6,537,0.32229052191090796,-0.6691810314116824,-2.5831714242903505,-64.2836346913099
-6,538,0.32813877807109887,-0.6692704750119193,-2.552393056388071,-63.88159992345424
-6,539,0.33398759254606775,-0.6693088092032087,-2.521828372722444,-63.48063265574072
-6,540,0.3398365186861242,-0.6692960310581273,-2.4914767166606593,-63.08071802797271
-6,541,0.3456851098330504,-0.6692321415524892,-2.4613374290573664,-62.68184140937652
-6,542,0.35153291935420883,-0.6691171455652709,-2.431409848597006,-62.28398839446757
-6,543,0.3573795006766532,-0.6689510518782386,-2.401693312122078,-61.88714479898831
-6,544,0.3632244073212297,-0.6687338731752779,-2.3721871549479925,-61.49129665591803
-6,545,0.36906719293667095,-0.6684656260414253,-2.342890711164941,-61.096430211552935
-6,546,0.3749074113336855,-0.6681463309616011,-2.313803313927245,-60.70253192165561
-6,547,0.3807446165190292,-0.6677760123190458,-2.28492429573069,-60.30958844767308
-6,548,0.38657836272956486,-0.6673546983934573,-2.256252988678275,-59.9175866530226
-6,549,0.3924082044663012,-0.6668824213588318,-2.2277887247348134,-59.526513599444044
-6,550,0.398233696528417,-0.6663592172810069,-2.199530835970759,-59.136356543417634
-6,551,0.40405439404725785,-0.6657851261149065,-2.1714786547957368,-58.747102932646726
-6,552,0.4098698525203068,-0.6651601917014909,-2.1436315141820854,-58.358740402604255
-6,553,0.4156796278451328,-0.6644844617644081,-2.1159887478788195,-57.9712567731415
-6,554,0.42148327635330285,-0.6637579879063492,-2.0885496906163863,-57.58464004515895
-6,555,0.42728035484426397,-0.6629808256051081,-2.061313678302516,-57.1988783973377
-6,556,0.4330704206191863,-0.662153034209345,-2.034280048209556,-56.81396018293084
-6,557,0.4388530315147741,-0.6612746769340537,-2.007448139153535,-56.4298739266131
-6,558,0.44462774593702936,-0.6603458208557343,-1.9808172916653506,-56.04660832138873
-6,559,0.4503941228949736,-0.6593665369072713,-1.9543868481543383,-55.66415222555625
-6,560,0.4561517220343274,-0.6583368998725161,-1.928156153064461,-55.282494659728506
-6,561,0.4619001036711371,-0.6572569883805762,-1.9021245530235078,-54.90162480390812
-6,562,0.4676388288253495,-0.6561268848998113,-1.8762913969854687,-54.521531994616865
-6,563,0.4733674592543389,-0.6549466757315346,-1.8506560363663764,-54.14220572207756
-6,564,0.4790855574863711,-0.653716451003423,-1.8252178251738982,-53.763635627448565
-6,565,0.4847926868540128,-0.6524363046626336,-1.7999761201308488,-53.385811500109035
-6,566,0.4904884115274754,-0.6511063344686308,-1.7749302807929193,-53.00872327499476
-6,567,0.4961722965479015,-0.649726641985719,-1.750079669660798,-52.632361029982675
-6,568,0.5018439078605786,-0.648297332575288,-1.7254236522869228,-52.256714983324514
-6,569,0.5075028123480849,-0.6468185153877666,-1.70096159737707,-51.881775491127506
-6,570,0.5131485778633675,-0.6452903033542866,-1.6766928768869613,-51.50753304488179
-6,571,0.5187807732627425,-0.6437128131780594,-1.6526168661140912,-51.13397826903366
-6,572,0.5243989684388177,-0.6420861653254641,-1.6287329437849782,-50.76110191860388
-6,573,0.5300027343533416,-0.6404104840168472,-1.60504049213797,-50.388894876849704
-6,574,0.5355916430699647,-0.6386858972170364,-1.5815388970018343,-50.01734815297042
-6,575,0.541165267786921,-0.6369125366255691,-1.558227547870242,-49.64645287985533
-6,576,0.546723182869618,-0.6350905376666356,-1.5351058379723534,-49.27620031187333
-6,577,0.552264963883145,-0.6332200394787352,-1.512173164339614,-48.90658182270307
-6,578,0.5577901876246829,-0.6313011849040525,-1.4894289278689496,-48.53758890320345
-6,579,0.563298432155821,-0.6293341204775492,-1.4668725333824817,-48.169213159323434
-6,580,0.5687892768347823,-0.6273189964157728,-1.4445033896838861,-47.80144631005001
-6,581,0.5742623023485436,-0.625255966605386,-1.422320909611567,-47.43428018539426
-6,582,0.5797170907448581,-0.6231451885914142,-1.4003245100887303,-47.06770672441426
-6,583,0.5851532254641703,-0.6209868235652157,-1.3785136121705288,-46.70171797327453
-6,584,0.59057029137143,-0.6187810363521712,-1.3568876410883268,-46.33630608334076
-6,585,0.5959678747877936,-0.6165279953990965,-1.3354460262912728,-45.971463309309506
-6,586,0.6013455635222122,-0.6142278727613805,-1.31418820148526,-45.607182007372494
-6,587,0.6067029469029135,-0.6118808440898439,-1.293113604669346,-45.2434546334138
-6,588,0.61203961580876,-0.609487088617327,-1.2722216781697917,-44.88027374124037
-6,589,0.6173551627004918,-0.6070467891450025,-1.2515118686717943,-44.51763198084478
-6,590,0.6226491816518509,-0.6045601320284144,-1.230983627248988,-44.1555220966991
-6,591,0.6279212683805782,-0.602027307163248,-1.2106364093908337,-43.793936926080285
-6,592,0.633171020279288,-0.5994485079708278,-1.1904696750279746,-43.43286939742547
-6,593,0.6383980364462112,-0.5968239313833473,-1.1704828885556458,-43.07231252871734
-6,594,0.643601917715814,-0.5941537778288296,-1.150675518855194,-42.71225942589823
-6,595,0.6487822666892786,-0.5914382512158207,-1.1310470393138456,-42.352703281313026
-6,596,0.6539386877648493,-0.5886775589178206,-1.1115969278427271,-41.993637372180174
-6,597,0.6590707871680465,-0.5858719117574438,-1.0923246668932598,-41.635055059089595
-6,598,0.6641781729817355,-0.5830215239903211,-1.0732297434719873,-41.27694978452793
-6,599,0.6692604551760545,-0.5801266132887389,-1.0543116491538989,-40.91931507142999
-6,600,0.6743172456382025,-0.5771874007250144,-1.035569880094303,-40.56214452175571
-6,601,0.6793481582020757,-0.5742041107546143,-1.0170039370393533,-40.2054318150927
-6,602,0.6843528086777587,-0.5711769711990139,-0.9986133253352334,-39.84917070728331
-6,603,0.689330814880861,-0.5681062132283001,-0.9803975549361181,-39.49335502907617
-6,604,0.6942817966617063,-0.5649920713435163,-0.9623561404108973,-39.1379786848011
-6,605,0.6992053759343613,-0.5618347833587551,-0.9444886009487895,-38.78303565106759
-6,606,0.704101176705507,-0.5586345903829995,-0.9267944603638547,-38.42851997548613
-6,607,0.7089688251031548,-0.5553917368017066,-0.909273247098455,-38.07442577541142
-6,608,0.7138079494051957,-0.552106470258148,-0.8919244942257316,-37.720747236707915
-6,609,0.7186181800677875,-0.5487790416344964,-0.8747477394511376,-37.367478612536544
-6,610,0.7233991497535744,-0.5454097050326692,-0.8577425251130621,-37.01461422216258
-6,611,0.7281504933597414,-0.5419987177549204,-0.8409083981826048,-36.6621484497837
-6,612,0.732871848045894,-0.538546340284194,-0.8242449102625229,-36.310075743378576
-6,613,0.7375628532617658,-0.5350528362642321,-0.8077516175854232,-35.95839061357506
-6,614,0.742223150774755,-0.5315184724794393,-0.7914280810111938,-35.607087632537464
-6,615,0.7468523846972793,-0.5279435188345113,-0.7752738660237415,-35.25616143287293
-6,616,0.7514502015139529,-0.5243282483338239,-0.7592885427270915,-34.90560670655651
-6,617,0.7560162501085852,-0.5206729370605827,-0.7434716858408099,-34.55541820387386
-6,618,0.7605501817909925,-0.5169778641557418,-0.7278228746948816,-34.20559073238218
-6,619,0.7650516503236269,-0.5132433117966848,-0.7123416932239823,-33.85611915588827
-6,620,0.7695203119480151,-0.5094695651756797,-0.6970277299612505,-33.5069983934439
-6,621,0.7739558254110124,-0.5056569124780954,-0.6818805780315401,-33.1582234183574
-6,622,0.778357851990862,-0.5018056448603971,-0.666899835144195,-32.80978925722198
-6,623,0.7827260555230601,-0.49791605642791215,-0.6520851035853898,-32.46169098895999
-6,624,0.7870601024260295,-0.4939884442123685,-0.6374359902100412,-32.11392374388261
-6,625,0.7913596617265937,-0.49002310814921235,-0.6229521064333398,-31.766482702765067
-6,626,0.7956244050852493,-0.48602035105470487,-0.6086330682218878,-31.41936309593693
-6,627,0.7998540068212439,-0.4819804786027952,-0.5944784960845148,-31.07256020238682
-6,628,0.8040481439374441,-0.4779037993017783,-0.5804880150627565,-30.726069348881747
-6,629,0.8082064961450028,-0.47379062447073533,-0.5666612547210396,-30.379885909100476
-6,630,0.8123287458878169,-0.4696412682157608,-0.5529978491365899,-30.03400530278075
-6,631,0.8164145783667798,-0.465456047405973,-0.5394974368890668,-29.688422994879744
-6,632,0.82046368156382,-0.4612352816493179,-0.5261596610499706,-29.343134494748085
-6,633,0.8244757462657278,-0.4569792932681623,-0.5129841691718405,-28.998135355316684
-6,634,0.8284504660877714,-0.4526884072746777,-0.49997061327721215,-28.65342117229602
-6,635,0.8323875374970915,-0.4483629513460214,-0.4871186498474357,-28.308987583388145
-6,636,0.8362866598358816,-0.4440032557993145,-0.4744279398112999,-27.9648302675107
-6,637,0.8401475353443487,-0.43960965356641424,-0.4618981485335042,-27.620944944032644
-6,638,0.8439698691834516,-0.43518248016849137,-0.4495289458030077,-27.27732737202183
-6,639,0.8477533694574166,-0.4307220736904066,-0.4373200058212475,-26.933973349503823
-6,640,0.8514977472360273,-0.42622877475489457,-0.42527100719024963,-26.590878712731982
-6,641,0.8552027165766909,-0.4217029264965489,-0.4133816329006617,-26.248039335468157
-6,642,0.8588679945462734,-0.4171448745356201,-0.4016515703196804,-25.9054511282743
-6,643,0.8624933012427052,-0.4125549669516229,-0.3900805111789458,-25.563110037814496
-6,644,0.866078359816358,-0.4079335542567529,-0.37866815156235106,-25.221012046166944
-6,645,0.869622896491185,-0.40328098936912016,-0.36741419189383073,-24.87915317014616
-6,646,0.8731266405856294,-0.39859762758579825,-0.35631833692510245,-24.537529460634797
-6,647,0.8765893245332933,-0.3938838265556933,-0.34538029572341167,-24.196137001925223
-6,648,0.8800106839033728,-0.38913994625222903,-0.3345997816592464,-23.854971911070027
-6,649,0.8833904574208505,-0.38436634894585825,-0.3239765123940581,-23.514030337242026
-6,650,0.8867283869864472,-0.3795633991763995,-0.31351020986800626,-23.173308461103154
-6,651,0.8900242176963332,-0.37473146372519583,-0.3032006002877057,-22.83280249418181
-6,652,0.8932776978615943,-0.3698709115871062,-0.29304741411401924,-22.49250867825898
-6,653,0.8964885790274502,-0.364982113942329,-0.28305038604987964,-22.15242328476278
-6,654,0.8996566159922307,-0.3600654441280531,-0.27320925502815474,-21.8125426141708
-6,655,0.9027815668260988,-0.3551212776099498,-0.26352376419958834,-21.472862995420748
-6,656,0.9058631928895273,-0.3501499919534991,-0.25399366092077097,-21.133380785328697
-6,657,0.9089012588515206,-0.3451519667951586,-0.24461869674221884,-20.794092368015157
-6,658,0.9118955327075885,-0.34012758381336905,-0.2353986273964956,-20.454994154338202
-6,659,0.9148457857974618,-0.335077226699409,-0.226333212786439,-20.11608258133418
-6,660,0.9177517928225541,-0.33000128112809507,-0.2174222169734723,-19.777354111665545
-6,661,0.9206133318631681,-0.32490013472832674,-0.2086654081660128,-19.43880523307528
-6,662,0.9234301843954417,-0.3197741770534861,-0.20006255870798217,-19.100432457848353
-6,663,0.9262021353080356,-0.31462379955169095,-0.19161344506743364,-18.762232322279868
-6,664,0.9289289729185612,-0.3094493955358984,-0.18331784782528254,-18.42420138614927
-6,665,0.9316104889897459,-0.3042513601538713,-0.17517555166416152,-18.086336232201212
-6,666,0.9342464787453346,-0.29903009035800115,-0.1671863453574074,-17.748633465632352
-6,667,0.9368367408857278,-0.29378598487499713,-0.1593500217581692,-17.411089713584342
-6,668,0.9393810776033545,-0.2885194441754332,-0.1516663777886557,-17.07370162464229
-6,669,0.9418792945977782,-0.2832308704431678,-0.14413521442952126,-16.73646586833926
-6,670,0.9443312010905329,-0.27792066754463235,-0.13675633670940193,-16.399379134666294
-6,671,0.9467366098396948,-0.2725892409979862,-0.12952955369458197,-16.06243813358752
-6,672,0.9490953371541794,-0.2672369979421508,-0.12245467847883469,-15.725639594560878
-6,673,0.9514072029077689,-0.26186434710571943,-0.11553152817341364,-15.388980266063943
-6,674,0.9536720305528698,-0.2564716987757414,-0.10875992389718618,-15.052456915124424
-6,675,0.9558896471339926,-0.2510594647663922,-0.1021396907669529,-14.716066326855936
-6,676,0.9580598833009618,-0.2456280583875237,-0.0956706578879249,-14.379805303998207
-6,677,0.9601825733218464,-0.24017789441310383,-0.08935265834437067,-14.043670666462168
-6,678,0.9622575550956183,-0.23470938904953856,-0.08318552919043314,-13.707659250879141
-6,679,0.9642846701645299,-0.22922295990388966,-0.07716911144113227,-13.371767910154693
-6,680,0.9662637637262148,-0.22371902595198542,-0.07130325006353666,-13.035993513026721
-6,681,0.9681946846455105,-0.2181980075064218,-0.06558779396812627,-12.700332943627318
-6,682,0.9700772854659989,-0.21266032618446729,-0.06002259600033026,-12.36478310104901
-6,683,0.9719114224212678,-0.2071064048758646,-0.05460751293225355,-12.029340898914588
-6,684,0.9736969554458884,-0.20153666771053835,-0.04934240545461411,-11.694003264950949
-6,685,0.9754337481861132,-0.1959515400262029,-0.0442271381688292,-11.358767140566203
-6,686,0.9771216680102877,-0.19035144833588277,-0.03926157957933285,-11.023629480430614
-6,687,0.9787605860189791,-0.18473682029534308,-0.0344456020860799,-10.688587252060934
-6,688,0.98035037705482,-0.17910808467042807,-0.029779081977233595,-10.353637435407746
-6,689,0.9818909197120661,-0.17346567130431964,-0.025261899422075466,-10.01877702244628
-6,690,0.9833820963458673,-0.16781001108471372,-0.02089393846410146,-9.684003016770296
-6,691,0.9848237930812519,-0.16214153591091182,-0.01667508701431971,-9.349312433188665
-6,692,0.9862158998218227,-0.1564606786608408,-0.012605236844769137,-9.014702297325094
-6,693,0.987558310258165,-0.15076787315799478,-0.008684283582227814,-8.680169645220454
-6,694,0.9888509218759638,-0.14506355413830815,-0.004912126702147583,-8.345711522937934
-6,695,0.9900936359638339,-0.13934815721695296,-0.0012886695227732744,-8.011324986170393
-6,696,0.9912863576208575,-0.13362211885507472,0.0021861808005034632,-7.677007099850492
-6,697,0.9924289957638306,-0.1278858763264633,0.0055125132805877676,-7.34275493776314
-6,698,0.99352146313422,-0.12213986768415673,0.008690413103913141,-7.0085655821598865
-6,699,0.994563676304826,-0.11638453172699056,0.011719961635457323,-6.674436123375761
-6,700,0.9955555556861533,-0.11062030796609049,0.014601236423534955,-6.340363659448159
-6,701,0.9964970255324898,-0.10484763659130511,0.017334311204395148,-6.006345295737357
-6,702,0.9973880139476897,-0.0990669584375928,0.01991925590656061,-5.6723781445492145
-6,703,0.9982284528906655,-0.09327871495135588,0.022356136654998995,-5.338459324759437
-6,704,0.9990182781805823,-0.08748334815673148,0.024645015775043855,-5.004585961439687
-6,705,0.9997574295017603,-0.08168130062183243,0.0267859517960847,-4.670755185484901
-6,706,1.0004458504082803,-0.07587301542495199,0.028778999455072445,-4.336964133242402
-6,707,1.0010834883282944,-0.07005893612072958,0.03062420969977307,-4.003209946142364
-6,708,1.0016702945680405,-0.06423950670627472,0.0323216296918063,-3.6694897703292524
-6,709,1.0022062243155614,-0.05841517158726331,0.033871302809476984,-3.335800756294789
-6,710,1.0026912366441256,-0.05258637554399891,0.03527326865034952,-3.0021400585117965
-6,711,1.003125294515355,-0.046753563697449145,0.036527563033644087,-2.66850483506925
-6,712,1.0035083647820504,-0.04091718147525009,0.03763421800234919,-2.3348922473079
-6,713,1.0038404181907257,-0.03507767457769261,0.03859326182518329,-2.001299459456998
-6,714,1.0041214293838396,-0.029235488943687816,0.03940471899825948,-1.6677236382717673
-6,715,1.0043513769017336,-0.02339107071670904,0.04006861024656663,-1.3341619526711828
-6,716,1.00453024318427,-0.017544866210723476,0.040584952525219264,-1.0006115733766057
-6,717,1.0046580145721724,-0.011697321876110807,0.04095375902046633,-0.6670696725508695
-6,718,1.0047346813080713,-0.005848884265566092,0.04117503915050529,-0.33353342343741493
-6,719,1.004760237537245,-1.6393376938562945e-16,0.0412487985660073,-9.34821338918613e-15
-3,0,2.4240217964026805,0.0,7.690730412317733,0.0
-3,1,2.423967604844765,0.012402461578422383,7.690649922792346,0.2931567656083644
-3,2,2.423805034309403,0.02480397603231973,7.690408451412377,0.5863151180549747
-3,3,2.423534097211431,0.03720359630949497,7.690005989766046,0.879476644409824
-3,4,2.423154814241191,0.04960037550240145,7.689442523832487,1.1726429322064702
-3,5,2.4226672143629506,0.06199336692045433,7.688718033979901,1.4658155696739956
-3,6,2.4220713348126885,0.07438162416232544,7.687832494962965,1.7589961459691783
-3,7,2.4213672210952524,0.08676420118821596,7.6867858759195045,2.0521862514089486
-3,8,2.420554926980887,0.09914015239210161,7.6855781403664345,2.345387477703195
-3,9,2.4196345145011207,0.11150853267394467,7.6842092461949285,2.638601418188005
-3,10,2.4186060539440373,0.12386839751186729,7.6826791456648795,2.9318296680593896
-3,11,2.4174696238489006,0.13621880303428074,7.680987785398586,3.2250738246075934
-3,12,2.4162253110001615,0.14855880609196498,7.679135106373717,3.5183354874520276
-3,13,2.4148732104208293,0.160887464330093,7.677121043915507,3.8116162587769327
-3,14,2.4134134253652135,0.17320383626019456,7.6749455276882035,4.104917743567817
-3,15,2.4118460673110422,0.18550698133205387,7.67260848168579,4.3982415498487555
-3,16,2.410171255950946,0.19779596000553545,7.670109824221902,4.691589288920633
-3,17,2.408389119183317,0.21006983382233269,7.667449467919033,4.98496257560037
-3,18,2.4064997931025474,0.2223276654776343,7.664627319696962,5.278363028461255
-3,19,2.404503421988628,0.2345685188917024,7.661643280760396,5.5717922700744245
-3,20,2.402400158296138,0.2467914592813568,7.658497246585899,5.865251927251566
-3,21,2.400190162642597,0.25899555323136075,7.655189106907976,6.15874363128895
-3,22,2.397873603796202,0.27117986876570166,7.651718745704463,6.452269018212821
-3,23,2.3954506586629405,0.28334347541876287,7.64808604118108,6.745829729026286
-3,24,2.3929215122730767,0.2954854443063788,7.644290865755222,7.039427409957712
-3,25,2.3902863577670255,0.30760484819677014,7.640333086038977,7.333063712710769
-3,26,2.3875453963806024,0.3197007615813529,7.636212562821329,7.6267402947161544
-3,27,2.384698837429654,0.3317722607454157,7.631929151049582,7.920458819385135
-3,28,2.3817468982940753,0.3438184238386596,7.627482699809987,8.214220956364906
-3,29,2.378689804401209,0.35583833094559647,7.622873052307545,8.508028381795949
-3,30,2.3755277892086286,0.3678310641557985,7.618100045845013,8.801882778571368
-3,31,2.3722610941863143,0.37979570763399634,7.613163511801105,9.095785836598408
-3,32,2.368889968798209,0.39173134769001616,7.608063275607839,9.389739253062105
-3,33,2.36541467048317,0.4036370728485556,7.602799156727096,9.683744732691295
-3,34,2.3618354646353077,0.4155119739187887,7.597370968626303,9.977803988026958
-3,35,2.3581526245837208,0.4273551440637971,7.591778518753321,10.271918739693037
-3,36,2.3543664315716217,0.4391656788698219,7.5860216085104355,10.566090716669859
-3,37,2.3504771747348587,0.45094267641532926,7.580100033227542,10.860321656570141
-3,38,2.346485151079838,0.4626852373398869,7.574013582134439,11.154613305917813
-3,39,2.342390665460841,0.4743924649128445,7.5677620383322655,11.448967420429627
-3,40,2.338194030556743,0.48606346510181286,7.561345178764043,11.743385765299758
-3,41,2.3338955668471373,0.49769734664093807,7.554762774184373,12.037870115487403
-3,42,2.329495602587861,0.5092932210989634,7.548014589128206,12.332422256007538
-3,43,2.324994473785926,0.5208502029470748,7.541100381878714,12.627043982224931
-3,44,2.32039252417386,0.5323674096265264,7.5340199044342775,12.92173710015148
-3,45,2.3156901051834597,0.5438439616160359,7.52677290247453,13.216503426746979
-3,46,2.3108875759189496,0.5552789824989515,7.519359115325489,13.511344790223532
-3,47,2.3059853031295607,0.5666715990301795,7.511778275923746,13.806263030353524
-3,48,2.3009836611815233,0.5780209412028706,7.504030110779699,14.101259998781453
-3,49,2.295883032029478,0.5893261423148589,7.496114339939865,14.396337559339631
-3,50,2.2906838051873075,0.6005863390348478,7.488030676948173,14.691497588367877
-3,51,2.285386377698391,0.6118006714683394,7.479778828806332,14.986741975037365
-3,52,2.279991154105283,0.6229682832233014,7.471358495933165,15.282072621678731
-3,53,2.2744985464188217,0.6340883214755655,7.462769372122984,15.577491444114498
-3,54,2.2689089740866635,0.6451599370339544,7.454011144502941,15.87300037199606
-3,55,2.263222863961252,0.6561822844051314,7.445083493489328,16.168601349145277
-3,56,2.257440650267223,0.667154521858166,7.435986092742894,16.46429633390077
-3,57,2.2515627745682423,0.6780758114888151,7.426718609123089,16.760087299469184
-3,58,2.2455896857332855,0.6889453192835089,7.417280702641226,17.055976234281466
-3,59,2.239521839902361,0.6997622151830415,7.407672026412627,17.35196514235424
-3,60,2.233359700451676,0.7105256731459594,7.397892226607635,17.648056043656553
-3,61,2.227103737958249,0.7212348712116423,7.387940942401544,17.944250974482095
-3,62,2.220754430163976,0.7318889915630731,7.377817805923432,18.24055198782691
-3,63,2.214312261939145,0.7424872205892917,7.367522442203835,18.53696115377302
-3,64,2.2077777252454123,0.7530287489475257,7.3570544691213104,18.833480559877778
-3,65,2.2011513190982286,0.7635127716249981,7.346413497347828,19.13011231156945
-3,66,2.1944335495287337,0.773938488000402,7.335599130292985,19.426858532548952
-3,67,2.1876249295451142,0.7843051019050403,7.324610964047054,19.723721365197918
-3,68,2.180725979093424,0.7946118216836275,7.313448587322796,20.02070297099352
-3,69,2.1737372250178812,0.8048578602547427,7.302111581396099,20.31780553092978
-3,70,2.166659201020634,0.8150424351709377,7.290599520045321,20.61503124594604
-3,71,2.1594924476210045,0.8251647686784885,7.278911969489443,20.91238233736235
-3,72,2.152237512114209,0.835224087776789,7.267048488324891,21.209861047322253
-3,73,2.1448949485295676,0.8452196242773823,7.255008627461105,21.507469639243002
-3,74,2.1374653175881924,0.8551506148626237,7.242791930054803,21.80521039827344
-3,75,2.129949186660168,0.8650163011439721,7.230397931442894,22.103085631759793
-3,76,2.122347129721224,0.8748159297199052,7.217826159074052,22.401097669719512
-3,77,2.114659727308903,0.8845487522334535,7.205076132438944,22.699248865323415
-3,78,2.1068875664782274,0.8942140254293496,7.192147362999045,22.997541595386352
-3,79,2.0990312407568688,0.9038110112107868,7.179039354114071,23.295978260866548
-3,80,2.0910913500998207,0.9133389766957848,7.165751600967955,23.59456128737397
-3,81,2.083068500843585,0.9227971942731571,7.152283590493403,23.893293125687823
-3,82,2.0749633056598684,0.9321849416580759,7.138634801294975,24.192176252283513
-3,83,2.0667763835087927,0.9415015019472285,7.124804703570643,24.49121316986923
-3,84,2.0585083595916296,0.9507461636735666,7.110792759031867,24.790406407932544
-3,85,2.0501598653030575,0.9599182208606355,7.096598420822123,25.089758523297046
-3,86,2.0417315381829404,0.9690169730764889,7.082221133433847,25.38927210068959
-3,87,2.0332240218676474,0.9780417254871768,7.067660332623818,25.688949753318102
-3,88,2.0246379660408955,0.9869917889098065,7.05291544532691,25.988794123460494
-3,89,2.01597402638414,0.9958664798651744,7.037985889568212,26.288807883064802
-3,90,2.0072328645264994,1.0046651206299586,7.022871074373472,26.588993734360912
-3,91,1.998415147994233,1.0133870392884754,7.007570399677875,26.88935441048414
-3,92,1.9895215501597612,1.0220315697839895,6.992083256233062,27.189892676111068
-3,93,1.9805527501902458,1.0305980519695785,6.976409025512446,27.490611328107757
-3,94,1.9715094329957232,1.0390858316585458,6.960547079614715,27.79151319619092
-3,95,1.962392289176801,1.0474942606743778,6.944496781165558,28.092601143602185
-3,96,1.95320201497192,1.0558226969002422,6.92825748321754,28.39387806779586
-3,97,1.943939312204185,1.0640705043280247,6.911828529148117,28.695346901140624
-3,98,1.934604888227769,1.0722370531068974,6.895209252555762,28.99701061163538
-3,99,1.9251994558738974,1.080321719591418,6.8783989771541565,29.298872203639714
-3,100,1.9157237333964092,1.0883238863891562,6.861397016664423,29.600934718619442
-3,101,1.9061784444169096,1.096242942407839,6.844202674705376,29.903201235907346
-3,102,1.8965643178695086,1.1040782829020197,6.826815244681739,30.205674873479904
-3,103,1.886882087945155,1.1118293095192586,6.809234009670293,30.508358788750083
-3,104,1.8771324940355707,1.1194954303458169,6.791458242303957,30.81125617937683
-3,105,1.8673162806767856,1.1270760599518586,6.773487204653712,31.114370284091624
-3,106,1.8574341974922794,1.1345706194361578,6.75532014810837,31.417704383542585
-3,107,1.8474869991357386,1.1419785364703061,6.7369563132521435,31.721261801156544
-3,108,1.8374754452334243,1.1492992453424198,6.718394929739965,32.02504590401962
-3,109,1.8274003003261634,1.1565321870003407,6.69963521617052,32.329060103776804
-3,110,1.8172623338109644,1.1636768090943286,6.680676379956992,32.63330785755099
-3,111,1.8070623198822613,1.1707325660192414,6.6615176171954085,32.93779266888197
-3,112,1.7968010374727914,1.1776989189562017,6.642158112530609,33.24251808868616
-3,113,1.786479270194112,1.1845753359137436,6.622597039019764,33.54748771623725
-3,114,1.7760978062767578,1.191361291768439,6.602833557993414,33.852705200168636
-3,115,1.7656574385100496,1.1980562683049982,6.582866818913975,34.15817423949807
-3,116,1.7551589641815502,1.2046597542558446,6.562695959231664,34.46389858467527
-3,117,1.7446031850161785,1.2111712453401584,6.542320104237826,34.769882038652995
-3,118,1.7339909071149873,1.217590244302386,6.5217383669155735,35.07612845798221
-3,119,1.7233229408936026,1.223916260950213,6.500949847787737,35.38264175393218
-3,120,1.7126001010203362,1.2301488121919988,6.47995363476203,35.689425893636006
-3,121,1.7018232063539735,1.2362874220736677,6.458748802973437,35.996484901262356
-3,122,1.6909930798812405,1.242331621815056,6.437334414623718,36.30382285921415
-3,123,1.6801105486539547,1.2482809498457108,6.4157095188180175,36.611443909354946
-3,124,1.669176443725867,1.254134951840138,6.393873151398505,36.91935225426372
-3,125,1.658191600089198,1.2598931807524971,6.371824334775013,37.22755215851898
-3,126,1.6471568566108736,1.265555196850741,6.349562077752601,37.536047950012865
-3,127,1.6360730559684629,1.271120567750195,6.327085375356004,37.8448440212962
-3,128,1.6249410445858274,1.2765888684465785,6.304393208650893,38.15394483095539
-3,129,1.6137616725684825,1.281959681348458,6.28148454456192,38.4633549050219
-3,130,1.6025357936386788,1.2872325963091396,6.258358335687454,38.77307883841548
-3,131,1.5912642650702065,1.2924072106579882,6.235013520110984,39.083121296421815
-3,132,1.5799479476229301,1.297483129231179,6.211449021209104,39.3934870162059
-3,133,1.5685877054770545,1.3024599644018735,6.187663747456023,39.70418080836187
-3,134,1.5571844061671314,1.307337336109822,6.16365659222457,40.01520755850058
-3,135,1.5457389205158094,1.3121148718903861,6.1394264335835524,40.32657222887578
-3,136,1.5342521225673327,1.3167922069029838,6.11497213409152,40.63827986005033
-3,137,1.5227248895207954,1.3213689839589493,6.0902925405867645,40.95033557260314
-3,138,1.5111581016631512,1.3258448535488103,6.065386483973535,41.26274456887858
-3,139,1.4995526423019905,1.33021947386898,6.040252779004412,41.57551213477921
-3,140,1.4879093976980866,1.3344925108478576,6.014890224058736,41.888643641603174
-3,141,1.4762292569977147,1.3386636381713404,5.9892976009170775,42.20214454792767
-3,142,1.4645131121647512,1.3427325373077434,5.963473674531597,42.51602040153984
-3,143,1.4527618579125599,1.3466988975321241,5.937417192792312,42.83027684141638
-3,144,1.4409763916356644,1.350562415950011,5.911126886289124,43.14491959975339
-3,145,1.429157613341219,1.3543227975205345,5.884601468069601,43.459954504048085
-3,146,1.417306425580278,1.3579797550789587,5.857839633392363,43.77538747923362
-3,147,1.4054237333788726,1.3615330093586098,5.830840059476071,44.09122454986893
-3,148,1.393510444168898,1.3649822890122032,5.8036014052439,44.40747184238508
-3,149,1.3815674677188148,1.3683273306325647,5.77612231106341,44.72413558738988
-3,150,1.3695957160641756,1.3715678787727466,5.74840139848178,45.04122212203256
-3,151,1.357596103437976,1.3747036859655348,5.720437269956301,45.358737892430256
-3,152,1.3455695462008381,1.3777345127423462,5.692228508580013,45.676689456158265
-3,153,1.333516962771032,1.3806601276515167,5.663773677802474,45.995083484806045
-3,154,1.321439273554341,1.383480307275976,5.635071321145542,46.31392676660094
-3,155,1.3093374008737722,1.386194836250309,5.606119961914065,46.63322620910174
-3,156,1.2972122688991237,1.3888035072772018,5.576918102901452,46.95298884196418
-3,157,1.2850648035764098,1.3913061211432738,5.54746422608998,47.27322181978084
-3,158,1.2728959325571492,1.3937024867342884,5.517756792345811,47.593932424997426
-3,159,1.2607065851275259,1.3959924210497496,5.48779424110858,47.91512807090818
-3,160,1.2484976921374213,1.3981757492168763,5.457574990075512,48.23681630473268
-3,161,1.2362701859293308,1.400252304503956,5.4270974348799506,48.559004810776635
-3,162,1.2240250002671638,1.402221928333079,5.396359948764235,48.88170141367952
-3,163,1.2117630702649358,1.4040844702922464,5.365360882246817,49.204914081751554
-3,164,1.1994853323153591,1.4058397881468574,5.3340985627835575,49.528650930402954
-3,165,1.1871927240183326,1.4074877478505716,5.302571294423092,49.85292022566879
-3,166,1.1748861841093419,1.409028223555545,5.270777357456186,50.177730387831765
-3,167,1.1625666523877725,1.4104610976220398,5.238715008059012,50.50308999514691
-3,168,1.1502350696451398,1.4117862606274103,5.206382477930224,50.829007787670925
-3,169,1.137892377593247,1.4130036113744562,5.173777973921787,51.15549267119979
-3,170,1.125539518792268,1.4141130568991527,5.140899677663451,51.48255372131829
-3,171,1.1131774365787697,1.4151145124777489,5.1077457451807895,51.810200187564845
-3,172,1.1008070749936727,1.4160079016332376,5.074314306506723,52.13844149771575
-3,173,1.0884293787101584,1.4167931561411968,5.040603465286464,52.46728726219262
-3,174,1.076045292961529,1.4174702160349977,5.006611298375755,52.79674727859701
-3,175,1.0636557634690242,1.418039029610386,4.972335855432393,53.126831536376805
-3,176,1.051261736369599,1.4184995534294296,4.9377751585009,53.45755022162843
-3,177,1.0388641581436726,1.4188517523238349,4.902927201590302,53.78891372203958
-3,178,1.026463975542848,1.4190955993976342,4.867789950244949,54.12093263197737
-3,179,1.0140621355176143,1.4192310760292381,4.832361341108284,54.453617757726455
-3,180,1.0016595851450316,1.4192581718728587,4.796639281479532,54.7869801228826
-3,181,0.9892572715564056,1.4191768848592987,4.760621648863213,55.1210309739068
-3,182,0.97685614186496,1.41898722119611,4.724306290511457,55.455781785845396
-3,183,0.9644571430935088,1.4186891953671197,4.68769102295906,55.79124426822217
-3,184,0.9520612221021372,1.4182828301313235,4.65077363155122,56.12743037110795
-3,185,0.9396693255158923,1.4177681565211482,4.61355186996395,56.464352291374254
-3,186,0.9272823996524951,1.4171452138400815,4.576023459717102,56.80202247913709
-3,187,0.9149013904500723,1.4164140496596715,4.538186089679997,57.14045364439779
-3,188,0.9025272433949202,1.4155747198158923,4.5000374155696505,57.47965876388753
-3,189,0.8901609034493009,1.414627288404881,4.461575059441554,57.81965108812291
-3,190,0.8778033149792799,1.413571827778043,4.422796609173066,58.16044414867999
-3,191,0.86545542168261,1.4124084185365269,4.383699617939374,58.50205176569431
-3,192,0.8531181665166625,1.4111371495250684,4.34428160368208,58.84448805559545
-3,193,0.8407924916264196,1.4097581178252065,4.304540048570447,59.187767439083814
-3,194,0.8284793382725251,1.4082714287478704,4.264472398455339,59.531904649359
-3,195,0.8161796467594057,1.4066771958253348,4.224076062315941,59.8769147406082
-3,196,0.8038943563634633,1.404975540802553,4.183348411699313,60.22281309676458
-3,197,0.7916244052613459,1.403166593627858,4.142286780152907,60.569615440544965
-3,198,0.7793707304583031,1.4012504924430387,4.100888462650135,60.917337842777286
-3,199,0.7671342677166315,1.3992273835727913,4.0591507150091335,61.2659967320282
-3,200,0.7549159514842133,1.3970974215135454,4.017070753304917,61.615608904542064
-3,201,0.7427167148231585,1.3948607689216648,3.974645753275024,61.966191534502435
-3,202,0.7305374893385479,1.392517596601027,3.9318728497189595,62.31776218462845
-3,203,0.7183792051072926,1.3900680834899781,3.8887491358915782,62.670338817117894
-3,204,0.7062427906071068,1.3875124166476702,3.845271662890772,63.02393980495051
-3,205,0.6941291726456043,1.3848507912397752,3.801437439039651,63.37858394356437
-3,206,0.6820392762895211,1.3820834105235804,3.757243429263644,63.73429046291998
-3,207,0.6699740247940742,1.3792104858324674,3.712686554462848,64.09107903996573
-3,208,0.6579343395324533,1.3762322365597732,3.6677636908800264,64.44896981152111
-3,209,0.6459211399254619,1.3731488901420368,3.6224716694647565,64.8079833875922
-3,210,0.6339353433713031,1.3699606820416286,3.57680727523417,65.16814086513678
-3,211,0.621977865175523,1.3666678557287715,3.5307672466309037,65.5294638422958
-3,212,0.6100496184811128,1.3632706626629472,3.48434827487882,65.89197443310908
-3,213,0.5981515141987745,1.3597693622736928,3.437547003337191,66.25569528273405
-3,214,0.5862844609373592,1.3561642219407901,3.3903600268540712,66.62064958318643
-3,215,0.5744493649344804,1.3524555169738461,3.342783891119665,66.98686108962366
-3,216,0.5626471299873086,1.3486435305912696,3.2948150920205665,67.35435413719136
-3,217,0.5508786573835516,1.3447285538986418,3.2464500749958054,67.72315365845547
-3,218,0.5391448458326276,1.3407108858664876,3.197685234395786,68.09328520144231
-3,219,0.5274465913970335,1.3365908333074423,3.1485169128451918,68.46477494831065
-3,220,0.5157847874239171,1.3323687108528235,3.0989414006111566,68.83764973468054
-3,221,0.5041603244768555,1.3280448409286023,3.0489549349779823,69.21193706964459
-3,222,0.4925740902678464,1.3236195537307827,2.9985536996299054,69.58766515648892
-3,223,0.4810269695895184,1.3190931872001845,2.947733824043474,69.96486291415137
-3,224,0.4695198442475609,1.3144660869966371,2.8964913828912335,70.34355999944697
-3,225,0.45805359299338577,1.3097386064725818,2.8448223954586194,70.7237868300902
-3,226,0.4466290914570207,1.3049111066460894,2.7927228250760443,71.1055746085469
-3,227,0.4352472120802403,1.2999839561732887,2.740188578568334,71.48895534674789
-3,228,0.42390882404994235,1.2949575313202162,2.687215505723952,71.87396189169975
-3,229,0.4126147932317702,1.2898322159340796,2.633799398786458,72.26062795202829
-3,230,0.401365982103991,1.2846084014139465,2.579935991971057,72.6489881254921
-3,231,0.3901632496916332,1.2792864866808558,2.5256209610091713,73.0390779275058
-3,232,0.37900745150088244,1.2738668781473506,2.470849922724227,73.4309338207134
-3,233,0.3678994394537555,1.2683499896864456,2.4156184346422513,73.82459324565394
-3,234,0.35684006182303674,1.2627362426000195,2.3599219946408994,74.22009465256464
-3,235,0.34583016316750415,1.2570260655866423,2.3037560406410726,74.6174775343664
-3,236,0.33487058426743144,1.2512198947088378,2.247115950345474,75.01678246088078
-3,237,0.3239621620603801,1.2453181733597816,2.189997041028792,75.41805111432788
-3,238,0.3131057295772889,1.2393213522294437,2.132394569384733,75.82132632615728
-3,239,0.30230211587885525,1.233229889270169,2.0743037314352337,76.22665211526667
-3,240,0.29155214599222745,1.2270442496617064,2.0157196625079448,76.63407372766413
-3,241,0.28085664084799633,1.2207649057756844,1.9566374372882935,77.04363767763319
-3,242,0.27021641721750755,1.2143923371395389,1.8970520699530642,77.45539179046179
-3,243,0.2596322876504872,1.2079270303998928,1.8369585143929268,77.86938524679866
-3,244,0.2491050604129892,1.2013694792853928,1.7763516645319208,78.28566862870338
-3,245,0.23863553942567461,1.1947201845690067,1.7152263547525872,78.70429396745877
-3,246,0.22822452420241524,1.187979654029779,1.653577360435974,79.12531479321727
-3,247,0.2178728097892424,1.1811484024140566,1.5913993986266795,79.54878618655533
-3,248,0.20758118670363057,1.1742269513961787,1.5286871288336146,79.97476483201287
-3,249,0.19735044087412712,1.1672158295386372,1.4654351539782429,80.403309073698
-3,250,0.18718135358033816,1.1601155722517154,1.4016380215028403,80.8344789730394
-3,251,0.17707470139326165,1.1529267217525982,1.3372902246522378,81.2683363687728
-3,252,0.16703125611598624,1.1456498270239674,1.272386203943722,81.70494493924997
-3,253,0.1570517847247519,1.1382854437720775,1.2069203488407103,82.14437026716253
-3,254,0.1471370493103764,1.130834134384317,1.140886999647163,82.5866799067757
-3,255,0.13728780702006194,1.1232964678862642,1.0742804496409524,83.03194345376973
-3,256,0.12750480999957037,1.1156730198982308,1.007094947465767,83.48023261779106
-3,257,0.11778880533578884,1.1079643725913049,0.9393246998027339,83.93162129781668
-3,258,0.10814053499967613,1.1001711146428939,0.870963874344502,84.3861856604397
-3,259,0.0985607357896,1.0922938411917675,0.8020066030962789,84.84400422118615
-3,260,0.08905013927507432,1.0843331537926117,0.7324469860302432,85.30515792897575
-3,261,0.0796094717408885,1.0762896603700889,0.6622790951217581,85.76973025384314
-3,262,0.07023945413164723,1.0681639751724141,0.5914969787979616,86.2378072780368
-3,263,0.06094080199671359,1.0599567187244483,0.5200946668317031,86.70947779061683
-3,264,0.051714225435564476,1.0516685177803078,0.4480661757162788,87.18483338567376
-3,265,0.042560429043565384,1.0433000052755068,0.375405514559213,87.66396856429164
-3,266,0.033480111858161465,1.0348518202786183,0.30210669153607644,88.14698084038163
-3,267,0.024473967305496003,1.0263246079424737,0.2281637209487013,88.63397085051055
-3,268,0.015542683147456993,1.017719019454895,0.1535706309353112,89.12504246785083
-3,269,0.00668694142915327,1.009035711988964,0.07832147188378137,89.62030292037677
-3,270,-0.0020925815731676067,1.0002753486528402,0.002410325603232585,90.11986291343017
-3,271,-0.010795215403766267,0.9914385984391182,-0.074168684686935,90.6238367567766
-3,272,-0.019420295478610017,0.9825261361737432,-0.1514213834866576,91.13234249626981
-3,273,-0.027967163136123796,0.9735386424644753,-0.22935353119508145,91.64550205023616
-3,274,-0.0364351656874915,0.9644768036489133,-0.30797081126700626,92.16344135068587
-3,275,-0.044823656466497,0.955341311742085,-0.3872788162666517,92.68629048944814
-3,276,-0.053131994878909516,0.9461328643835978,-0.4672830327338801,93.21418386931877
-3,277,-0.06135954645139985,0.9368521647843652,-0.5479888247714059,93.74726036029503
-3,278,-0.06950568287999692,0.9274999216729035,-0.6294014162551056,94.28566346095916
-3,279,-0.07756978207806475,0.9180768492412111,-0.711525871562153,94.82954146505246
-3,280,-0.08555122822381023,0.9085836670902278,-0.7943670747042422,95.3790476332625
-3,281,-0.0934494118073117,0.89902110017488,-0.8779297067449964,95.93434037021977
-3,282,-0.10126372967706332,0.8893898787487231,-0.9622182213719671,96.49558340667181
-3,283,-0.10899358508603663,0.8796907383081702,-1.0472368184846919,97.06294598676847
-3,284,-0.11663838773724944,0.8699244195363295,-1.1329894156503018,97.63660306035328
-3,285,-0.12419755382884645,0.8600916682464395,-1.2194796172682967,98.21673548010982
-3,286,-0.13167050609868114,0.8501932353249124,-1.3067106812750424,98.80353020336051
-3,287,-0.13905667386839848,0.8402298766739971,-1.394685483207342,99.39718049825443
-3,288,-0.14635549308701656,0.8302023531540479,-1.483406477432677,99.99788615401324
-3,289,-0.15356640637399854,0.8201114305254266,-1.5728756553410574,100.60585369482531
-3,290,-0.16068886306181906,0.8099578793900204,-1.663094500280864,101.2212965968898
-3,291,-0.16772231923801706,0.7997424751323956,-1.754063939007482,101.84443550801136
-3,292,-0.1746662377867303,0.7894659978605859,-1.8457842893999108,102.4754984690309
-3,293,-0.18152008842971434,0.7791292323465159,-1.9382552041865946,103.1147211362509
-3,294,-0.1882833477668362,0.7687329679660745,-2.03147561040724,103.76234700386516
-3,295,-0.19495549931604494,0.7582779986388325,-2.1254436443233855,104.41862762524173
-3,296,-0.2015360335528149,0.7477651227674118,-2.2201565814760778,105.08382283172216
-3,297,-0.20802444794905228,0.7371951431765195,-2.3156107615750656,105.75820094739422
-3,298,-0.21442024701147488,0.7265688670516337,-2.4118015078908526,106.44203899806638
-3,299,-0.2207229423194481,0.715887105877368,-2.5087230408079835,107.1356229124128
-3,300,-0.2269320525622851,0.7051506753754981,-2.6063683851871704,107.83924771297453
-3,301,-0.23304710357600245,0.6943603954426683,-2.7047292711738598,108.55321769438353
-3,302,-0.23906762837952922,0.683517090087782,-2.8037960280835295,109.27784658582517
-3,303,-0.24499316721036957,0.6726215873690727,-2.9035574709895347,110.01345769436796
-3,304,-0.25082326755971107,0.6616747193308716,-3.004000779637847,110.76038402536119
-3,305,-0.256557484206984,0.6506773219400641,-3.105111369316676,111.51896837563481
-3,306,-0.26219537925385694,0.6396302350222544,-3.2068727533170893,112.28956339472111
-3,307,-0.2677365221576806,0.6285343021976295,-3.3092663966361426,113.07253160876407
-3,308,-0.27318048976436526,0.6173903708165339,-3.4122715605964906,113.86824540117432
-3,309,-0.27852686634069523,0.6061992918947653,-3.5158651380883783,114.67708694343722
-3,310,-0.283775243606077,0.5949619200485806,-3.620021479182933,115.49944806878146
-3,311,-0.2889252207637176,0.5836791134294376,-3.7247122069206853,116.33573008066759
-3,312,-0.29397640453123186,0.5723517336584586,-3.829906023149947,117.18634348726577
-3,313,-0.2989284091706763,0.5609806457606311,-3.9355685043766035,118.05170765226072
-3,314,-0.30378085651800535,0.5495667180987531,-4.041661887693865,118.93225035145609
-3,315,-0.3085333760119513,0.5381108223071154,-4.148144846989712,119.82840722376307
-3,316,-0.3131856047223218,0.5266138332249424,-4.254972259783964,120.7406211042533
-3,317,-0.3177371873777144,0.5150766288295825,-4.362094965229504,121.66934122606062
-3,318,-0.32218777639264995,0.503500090169459,-4.469459514026186,122.61502227703991
-3,319,-0.3265370318941134,0.4918851012967922,-4.577007911244302,123.5781232962647
-3,320,-0.3307846217475099,0.480232549200083,-4.684677353340892,124.55910639470349
-3,321,-0.3349302215820287,0.4685433237363819,-4.792399960978551,125.5584352837839
-3,322,-0.3389735148154125,0.4568183175633321,-4.900102509626513,126.57657359509287
-3,323,-0.3429141926781356,0.44505842607099927,-5.00770616033809,127.61398297421393
-3,324,-0.34675195423698213,0.43326454731349867,-5.115126193559219,128.67112093173048
-3,325,-0.3504865064180269,0.4214375819404094,-5.222271749329341,129.74843843480696
-3,326,-0.3541175640290175,0.40957843312800013,-5.329045577785668,130.84637722355933
-3,327,-0.35764484978115063,0.3976880065102551,-5.435343804472893,131.9653668377491
-3,328,-0.36106809431025133,0.3857672101097128,-5.541055715584409,133.1058213412568
-3,329,-0.3643870361973398,0.3738169542681288,-5.646063568910642,134.2681357344206
-3,330,-0.36760142198859636,0.361838151576951,-5.750242436931394,135.4526820477651
-3,331,-0.370711006214717,0.3498317168076342,-5.853460089145449,136.65980511498364
-3,332,-0.37371555140965773,0.3377985668417797,-5.9555769213615655,137.8898180283806
-3,333,-0.3766148281287698,0.3257396206011162,-6.0564459402528,139.14299728639628
-3,334,-0.37940861496632117,0.313655798977329,-6.1559128119707385,140.4195776503881
-3,335,-0.3820966985724046,0.30154802476173076,-6.2538159839903305,141.71974673655976
-3,336,-0.38467887366922926,0.28941722257479613,-6.34998688956812,143.0436393787854
-3,337,-0.387154943066798,0.2772643187955503,-6.444250244201795,144.39133180902175
-3,338,-0.3895247176779659,0.2650902414908236,-6.536424443227894,145.76283571388169
-3,339,-0.39178801653287976,0.2528959203443829,-6.626322069138128,147.1580922385646
-3,340,-0.3939446667927977,0.24068228658593108,-6.71375051628491,148.57696602239682
-3,341,-0.3959945037632886,0.22845027291999725,-6.798512739339092,150.01923936333358
-3,342,-0.3979373709068095,0.21620081345470543,-6.880408130123403,151.48460662143242
-3,343,-0.39977311985465835,0.2039348436304449,-6.95923352524936,152.97266898292727
-3,344,-0.401501610418306,0.19165330014843235,-7.034784344329616,154.4829297164603
-3,345,-0.4031227106001005,0.17935712089917835,-7.10685585543728,156.01479006051346
-3,346,-0.4046362966033481,0.16704724489086875,-7.175244560981784,157.56754588537237
-3,347,-0.40604225284176665,0.15472461217765154,-7.239749693340508,159.14038527328307
-3,348,-0.40734047194831247,0.1423901637878532,-7.3001748055299025,160.7323871561245
-3,349,-0.408530854783379,0.13004484165211438,-7.356329438056672,162.34252114033586
-3,350,-0.40961331044236937,0.11768958853145682,-7.408030839023145,163.9696486335923
-3,351,-0.4105877562626363,0.10532534794529272,-7.455105710761419,165.6125253666496
-3,352,-0.4114541178297966,0.09295306409936732,-7.497391952942848,167.26980537701127
-3,353,-0.41221232898341187,0.08057368181365804,-7.534740369462039,168.9400464890576
-3,354,-0.412862331822043,0.06818814645022078,-7.5670163046274475,170.62171728886267
-3,355,-0.4134040767076703,0.0557974038409945,-7.594101173478769,172.31320555226037
-3,356,-0.413837522269485,0.04340240021557645,-7.615893851528652,174.01282804332226
-3,357,-0.41416263540704823,0.031004082128957486,-7.632311890974064,175.71884155901034
-3,358,-0.41437939129281864,0.018603396389242,-7.643292533454212,177.42945505627074
-3,359,-0.41448777337404863,0.00620128998534223,-7.648793493689805,179.1428426621841
-3,360,-0.41448777337404863,-0.006201289985341253,-7.648793493689805,-179.14284266218428
-3,361,-0.41437939129281864,-0.018603396389241023,-7.643292533454212,-177.42945505627085
-3,362,-0.41416263540704823,-0.03100408212895651,-7.632311890974066,-175.71884155901046
-3,363,-0.413837522269485,-0.043402400215575475,-7.615893851528654,-174.0128280433224
-3,364,-0.4134040767076703,-0.05579740384099353,-7.594101173478771,-172.3132055522605
-3,365,-0.412862331822043,-0.06818814645021981,-7.567016304627451,-170.6217172888628
-3,366,-0.4122123289834121,-0.08057368181365707,-7.534740369462037,-168.94004648905778
-3,367,-0.4114541178297966,-0.09295306409936634,-7.497391952942854,-167.2698053770114
-3,368,-0.41058775626263655,-0.10532534794529114,-7.455105710761422,-165.61252536664983
-3,369,-0.4096133104423696,-0.11768958853145585,-7.408030839023144,-163.9696486335924
-3,370,-0.408530854783379,-0.13004484165211344,-7.356329438056678,-162.34252114033598
-3,371,-0.40734047194831247,-0.14239016378785221,-7.300174805529909,-160.73238715612462
-3,372,-0.40604225284176687,-0.15472461217765057,-7.23974969334051,-159.14038527328321
-3,373,-0.4046362966033483,-0.16704724489086717,-7.175244560981792,-157.56754588537257
-3,374,-0.40312271060010074,-0.17935712089917738,-7.106855855437283,-156.0147900605136
-3,375,-0.401501610418306,-0.19165330014843138,-7.034784344329623,-154.4829297164604
-3,376,-0.3997731198546586,-0.20393484363044395,-6.959233525249364,-152.9726689829274
-3,377,-0.3979373709068095,-0.2162008134547045,-6.880408130123412,-151.4846066214325
-3,378,-0.3959945037632888,-0.22845027291999565,-6.798512739339103,-150.0192393633338
-3,379,-0.3939446667927977,-0.2406822865859301,-6.713750516284918,-148.57696602239693
-3,380,-0.39178801653287976,-0.25289592034438196,-6.626322069138139,-147.1580922385647
-3,381,-0.38952471767796615,-0.2650902414908226,-6.536424443227901,-145.76283571388183
-3,382,-0.3871549430667982,-0.27726431879554936,-6.444250244201801,-144.3913318090219
-3,383,-0.3846788736692295,-0.2894172225747952,-6.349986889568128,-143.0436393787855
-3,384,-0.3820966985724048,-0.3015480247617298,-6.253815983990338,-141.71974673655984
-3,385,-0.3794086149663216,-0.31365579897732804,-6.155912811970743,-140.41957765038822
-3,386,-0.37661482812877023,-0.3257396206011153,-6.056445940252805,-139.1429972863964
-3,387,-0.37371555140965795,-0.3377985668417788,-5.955576921361573,-137.88981802838072
-3,388,-0.3707110062147172,-0.34983171680763325,-5.853460089145459,-136.6598051149837
-3,389,-0.3676014219885966,-0.36183815157695004,-5.750242436931403,-135.4526820477652
-3,390,-0.3643870361973398,-0.37381695426812783,-5.6460635689106535,-134.2681357344207
-3,391,-0.36106809431025155,-0.3857672101097119,-5.541055715584418,-133.10582134125687
-3,392,-0.3576448497811511,-0.39768800651025416,-5.4353438044728986,-131.96536683774917
-3,393,-0.35411756402901773,-0.4095784331279992,-5.329045577785677,-130.84637722355941
-3,394,-0.35048650641802737,-0.4214375819404085,-5.222271749329348,-129.74843843480707
-3,395,-0.34675195423698235,-0.4332645473134977,-5.115126193559228,-128.6711209317306
-3,396,-0.34291419267813605,-0.4450584260709983,-5.0077061603380955,-127.61398297421403
-3,397,-0.3389735148154127,-0.45681831756333113,-4.900102509626522,-126.57657359509295
-3,398,-0.3349302215820289,-0.46854332373638097,-4.79239996097856,-125.55843528378396
-3,399,-0.3307846217475101,-0.48023254920008207,-4.6846773533409,-124.55910639470358
-3,400,-0.32653703189411365,-0.49188510129679125,-4.577007911244312,-123.57812329626478
-3,401,-0.32218777639265017,-0.5035000901694581,-4.469459514026196,-122.61502227703997
-3,402,-0.31773718737771484,-0.5150766288295816,-4.362094965229511,-121.66934122606072
-3,403,-0.31318560472232204,-0.5266138332249415,-4.2549722597839725,-120.74062110425335
-3,404,-0.30853337601195197,-0.5381108223071145,-4.148144846989719,-119.82840722376318
-3,405,-0.303780856518006,-0.5495667180987516,-4.041661887693876,-118.93225035145622
-3,406,-0.29892840917067676,-0.5609806457606301,-3.9355685043766124,-118.05170765226079
-3,407,-0.2939764045312323,-0.5723517336584577,-3.8299060231499533,-117.18634348726584
-3,408,-0.28892522076371807,-0.5836791134294367,-3.724712206920694,-116.33573008066766
-3,409,-0.2837752436060774,-0.5949619200485798,-3.620021479182939,-115.49944806878153
-3,410,-0.2785268663406959,-0.6061992918947637,-3.5158651380883943,-114.67708694343732
-3,411,-0.2731804897643657,-0.617390370816533,-3.4122715605964986,-113.86824540117438
-3,412,-0.26773652215768107,-0.6285343021976286,-3.3092663966361506,-113.07253160876414
-3,413,-0.2621953792538574,-0.6396302350222535,-3.2068727533170978,-112.28956339472116
-3,414,-0.25655748420698443,-0.6506773219400632,-3.1051113693166843,-111.51896837563487
-3,415,-0.25082326755971196,-0.6616747193308702,-3.0040007796378596,-110.7603840253613
-3,416,-0.24499316721037,-0.672621587369072,-2.90355747098954,-110.01345769436801
-3,417,-0.23906762837952966,-0.6835170900877813,-2.8037960280835375,-109.27784658582522
-3,418,-0.2330471035760031,-0.6943603954426675,-2.704729271173865,-108.5532176943836
-3,419,-0.22693205256228555,-0.7051506753754974,-2.6063683851871784,-107.83924771297458
-3,420,-0.22072294231944856,-0.7158871058773673,-2.5087230408079892,-107.13562291241283
-3,421,-0.21442024701147555,-0.7265688670516329,-2.411801507890858,-106.44203899806644
-3,422,-0.20802444794905273,-0.7371951431765187,-2.3156107615750727,-105.75820094739426
-3,423,-0.20153603355281535,-0.747765122767411,-2.2201565814760826,-105.08382283172219
-3,424,-0.1949554993160456,-0.7582779986388317,-2.125443644323393,-104.41862762524178
-3,425,-0.18828334776683664,-0.7687329679660737,-2.031475610407247,-103.76234700386522
-3,426,-0.1815200884297148,-0.779129232346515,-1.938255204186602,-103.11472113625096
-3,427,-0.17466623778673074,-0.7894659978605851,-1.845784289399918,-102.47549846903095
-3,428,-0.1677223192380175,-0.7997424751323948,-1.7540639390074888,-101.8444355080114
-3,429,-0.1606888630618195,-0.8099578793900196,-1.663094500280873,-101.22129659688986
-3,430,-0.1535664063739992,-0.8201114305254256,-1.5728756553410665,-100.60585369482537
-3,431,-0.14635549308701723,-0.8302023531540471,-1.4834064774326838,-99.9978861540133
-3,432,-0.1390566738683996,-0.8402298766739957,-1.3946854832073545,-99.39718049825451
-3,433,-0.1316705060986818,-0.8501932353249118,-1.3067106812750477,-98.80353020336057
-3,434,-0.1241975538288469,-0.8600916682464387,-1.2194796172683044,-98.21673548010983
-3,435,-0.1166383877372501,-0.8699244195363289,-1.1329894156503084,-97.63660306035331
-3,436,-0.10899358508603729,-0.8796907383081695,-1.0472368184846985,-97.06294598676853
-3,437,-0.10126372967706443,-0.8893898787487219,-0.9622182213719779,-96.49558340667188
-3,438,-0.09344941180731237,-0.8990211001748792,-0.8779297067450038,-95.93434037021983
-3,439,-0.08555122822381067,-0.908583667090227,-0.7943670747042496,-95.37904763326253
-3,440,-0.0775697820780652,-0.9180768492412104,-0.7115258715621603,-94.82954146505249
-3,441,-0.06950568287999759,-0.9274999216729028,-0.6294014162551119,-94.2856634609592
-3,442,-0.06135954645140096,-0.9368521647843641,-0.547988824771414,-93.7472603602951
-3,443,-0.05313199487891018,-0.946132864383597,-0.46728303273388727,-93.21418386931883
-3,444,-0.04482365646649766,-0.9553413117420844,-0.3872788162666577,-92.6862904894482
-3,445,-0.03643516568749239,-0.9644768036489124,-0.30797081126701426,-92.16344135068591
-3,446,-0.027967163136124462,-0.9735386424644746,-0.22935353119508742,-91.64550205023622
-3,447,-0.019420295478610905,-0.9825261361737426,-0.15142138348666054,-91.13234249626986
-3,448,-0.010795215403767155,-0.9914385984391176,-0.07416868468693985,-90.62383675677665
-3,449,-0.002092581573168273,-1.0002753486528395,0.002410325603226801,-90.11986291343021
-3,450,0.006686941429152604,-1.0090357119889635,0.07832147188377755,-89.62030292037683
-3,451,0.015542683147456438,-1.0177190194548944,0.1535706309353055,-89.12504246785085
-3,452,0.024473967305495337,-1.026324607942473,0.22816372094869564,-88.63397085051058
-3,453,0.03348011185816058,-1.0348518202786174,0.302106691536069,-88.14698084038169
-3,454,0.04256042904356483,-1.0433000052755061,0.37540551455920745,-87.66396856429168
-3,455,0.0517142254355637,-1.0516685177803071,0.4480661757162734,-87.18483338567378
-3,456,0.060940801996713034,-1.0599567187244476,0.5200946668316977,-86.70947779061686
-3,457,0.07023945413164645,-1.0681639751724135,0.5914969787979543,-86.23780727803683
-3,458,0.07960947174088773,-1.0762896603700882,0.6622790951217526,-85.76973025384319
-3,459,0.0890501392750731,-1.0843331537926106,0.7324469860302325,-85.30515792897583
-3,460,0.09856073578959967,-1.092293841191767,0.8020066030962754,-84.84400422118617
-3,461,0.10814053499967535,-1.1001711146428934,0.8709638743444985,-84.38618566043975
-3,462,0.11778880533578817,-1.1079643725913042,0.9393246998027288,-83.9316212978167
-3,463,0.12750480999956915,-1.1156730198982296,1.007094947465757,-83.4802326177911
-3,464,0.13728780702006116,-1.1232964678862638,1.074280449640949,-83.03194345376976
-3,465,0.14713704931037563,-1.1308341343843165,1.1408869996471596,-82.58667990677574
-3,466,0.15705178472475068,-1.1382854437720764,1.2069203488407019,-82.14437026716259
-3,467,0.1670312561159859,-1.1456498270239672,1.2723862039437204,-81.70494493924998
-3,468,0.17707470139326087,-1.1529267217525976,1.3372902246522327,-81.26833636877285
-3,469,0.18718135358033694,-1.1601155722517145,1.4016380215028321,-80.83447897303945
-3,470,0.1973504408741268,-1.167215829538637,1.465435153978241,-80.40330907369801
-3,471,0.2075811867036298,-1.1742269513961783,1.5286871288336097,-79.9747648320129
-3,472,0.21787280978924162,-1.181148402414056,1.591399398626673,-79.54878618655536
-3,473,0.22822452420241401,-1.187979654029778,1.653577360435966,-79.12531479321733
-3,474,0.23863553942567384,-1.194720184569006,1.715226354752581,-78.7042939674588
-3,475,0.2491050604129884,-1.2013694792853924,1.7763516645319164,-78.2856686287034
-3,476,0.25963228765048596,-1.2079270303998921,1.8369585143929203,-77.8693852467987
-3,477,0.2702164172175072,-1.2143923371395386,1.8970520699530626,-77.4553917904618
-3,478,0.28085664084799544,-1.220764905775684,1.9566374372882906,-77.04363767763323
-3,479,0.2915521459922261,-1.2270442496617056,2.015719662507937,-76.63407372766419
-3,480,0.3023021158788539,-1.2332298892701683,2.074303731435228,-76.22665211526673
-3,481,0.313105729577288,-1.2393213522294433,2.1323945693847284,-75.82132632615732
-3,482,0.3239621620603792,-1.2453181733597811,2.189997041028789,-75.41805111432791
-3,483,0.3348705842674301,-1.251219894708837,2.2471159503454645,-75.01678246088083
-3,484,0.3458301631675038,-1.2570260655866423,2.3037560406410726,-74.61747753436642
-3,485,0.35684006182303585,-1.2627362426000193,2.3599219946408962,-74.22009465256467
-3,486,0.36789943945375403,-1.268349989686445,2.4156184346422456,-73.82459324565399
-3,487,0.3790074515008821,-1.2738668781473503,2.4708499227242258,-73.4309338207134
-3,488,0.3901632496916323,-1.2792864866808553,2.525620961009165,-73.03907792750583
-3,489,0.4013659821039902,-1.284608401413946,2.5799359919710527,-72.64898812549212
-3,490,0.41261479323176864,-1.289832215934079,2.6337993987864494,-72.26062795202833
-3,491,0.4239088240499417,-1.294957531320216,2.6872155057239477,-71.87396189169978
-3,492,0.4352472120802394,-1.2999839561732884,2.740188578568331,-71.48895534674793
-3,493,0.44662909145701934,-1.3049111066460888,2.792722825076039,-71.10557460854695
-3,494,0.4580535929933851,-1.3097386064725816,2.8448223954586185,-70.72378683009023
-3,495,0.4695198442475599,-1.3144660869966365,2.896491382891229,-70.34355999944698
-3,496,0.4810269695895171,-1.319093187200184,2.9477338240434667,-69.96486291415142
-3,497,0.49257409026784615,-1.3236195537307827,2.9985536996299054,-69.58766515648892
-3,498,0.5041603244768547,-1.3280448409286019,3.0489549349779765,-69.21193706964462
-3,499,0.5157847874239159,-1.3323687108528228,3.09894140061115,-68.83764973468057
-3,500,0.5274465913970321,-1.3365908333074419,3.1485169128451878,-68.4647749483107
-3,501,0.5391448458326269,-1.3407108858664873,3.1976852343957844,-68.09328520144233
-3,502,0.5508786573835507,-1.3447285538986415,3.2464500749958027,-67.7231536584555
-3,503,0.5626471299873071,-1.348643530591269,3.2948150920205608,-67.35435413719142
-3,504,0.5744493649344797,-1.352455516973846,3.3427838911196623,-66.98686108962369
-3,505,0.5862844609373582,-1.35616422194079,3.3903600268540672,-66.62064958318649
-3,506,0.5981515141987732,-1.3597693622736926,3.437547003337187,-66.2556952827341
-3,507,0.6100496184811125,-1.3632706626629472,3.48434827487882,-65.8919744331091
-3,508,0.6219778651755223,-1.3666678557287715,3.5307672466309024,-65.52946384229583
-3,509,0.6339353433713018,-1.3699606820416284,3.576807275234165,-65.16814086513683
-3,510,0.6459211399254603,-1.3731488901420363,3.622471669464751,-64.80798338759226
-3,511,0.6579343395324527,-1.3762322365597732,3.6677636908800255,-64.44896981152114
-3,512,0.6699740247940732,-1.379210485832467,3.712686554462843,-64.09107903996575
-3,513,0.6820392762895198,-1.38208341052358,3.7572434292636405,-63.734290462920015
-3,514,0.6941291726456036,-1.384850791239775,3.801437439039648,-63.378583943564394
-3,515,0.7062427906071058,-1.3875124166476702,3.84527166289077,-63.02393980495054
-3,516,0.7183792051072913,-1.390068083489978,3.8887491358915756,-62.670338817117944
-3,517,0.7305374893385463,-1.3925175966010266,3.9318728497189532,-62.3177621846285
-3,518,0.7427167148231578,-1.3948607689216648,3.9746457532750212,-61.96619153450246
-3,519,0.7549159514842123,-1.3970974215135452,4.017070753304913,-61.61560890454209
-3,520,0.7671342677166298,-1.399227383572791,4.059150715009128,-61.26599673202825
-3,521,0.7793707304583024,-1.4012504924430385,4.100888462650131,-60.91733784277731
-3,522,0.7916244052613449,-1.4031665936278577,4.142286780152905,-60.56961544054499
-3,523,0.8038943563634621,-1.4049755408025528,4.183348411699309,-60.222813096764625
-3,524,0.8161796467594054,-1.4066771958253348,4.224076062315938,-59.87691474060822
-3,525,0.8284793382725242,-1.4082714287478701,4.264472398455336,-59.53190464935902
-3,526,0.8407924916264182,-1.4097581178252065,4.304540048570443,-59.187767439083856
-3,527,0.853118166516661,-1.4111371495250682,4.3442816036820755,-58.844488055595484
-3,528,0.8654554216826094,-1.4124084185365267,4.383699617939372,-58.50205176569432
-3,529,0.877803314979279,-1.413571827778043,4.422796609173064,-58.16044414868001
-3,530,0.8901609034492992,-1.4146272884048807,4.461575059441549,-57.81965108812295
-3,531,0.9025272433949195,-1.4155747198158921,4.500037415569648,-57.47965876388754
-3,532,0.9149013904500715,-1.4164140496596715,4.538186089679995,-57.140453644397816
-3,533,0.9272823996524938,-1.4171452138400815,4.5760234597170975,-56.802022479137136
-3,534,0.9396693255158919,-1.4177681565211482,4.613551869963947,-56.46435229137427
-3,535,0.9520612221021362,-1.4182828301313235,4.650773631551218,-56.127430371107984
-3,536,0.9644571430935075,-1.4186891953671197,4.687691022959056,-55.79124426822221
-3,537,0.9768561418649583,-1.4189872211961099,4.724306290511452,-55.45578178584543
-3,538,0.989257271556405,-1.4191768848592987,4.760621648863211,-55.12103097390681
-3,539,1.0016595851450307,-1.4192581718728587,4.7966392814795284,-54.78698012288263
-3,540,1.014062135517613,-1.4192310760292381,4.832361341108279,-54.453617757726505
-3,541,1.0264639755428473,-1.4190955993976342,4.867789950244946,-54.12093263197739
-3,542,1.0388641581436715,-1.4188517523238349,4.902927201590298,-53.78891372203961
-3,543,1.051261736369598,-1.4184995534294296,4.937775158500896,-53.45755022162846
-3,544,1.063655763469024,-1.418039029610386,4.972335855432392,-53.126831536376805
-3,545,1.0760452929615285,-1.417470216034998,5.006611298375753,-52.79674727859704
-3,546,1.088429378710157,-1.4167931561411968,5.040603465286461,-52.467287262192656
-3,547,1.1008070749936711,-1.4160079016332379,5.07431430650672,-52.138441497715796
-3,548,1.113177436578769,-1.4151145124777489,5.107745745180789,-51.81020018756486
-3,549,1.125539518792267,-1.4141130568991527,5.140899677663447,-51.48255372131831
-3,550,1.1378923775932457,-1.4130036113744564,5.173777973921785,-51.15549267119982
-3,551,1.1502350696451393,-1.4117862606274103,5.206382477930223,-50.82900778767094
-3,552,1.1625666523877716,-1.41046109762204,5.2387150080590095,-50.50308999514694
-3,553,1.1748861841093408,-1.409028223555545,5.270777357456184,-50.177730387831794
-3,554,1.187192724018331,-1.4074877478505718,5.302571294423089,-49.852920225668825
-3,555,1.1994853323153585,-1.4058397881468574,5.334098562783556,-49.528650930402975
-3,556,1.2117630702649347,-1.4040844702922466,5.365360882246815,-49.204914081751575
-3,557,1.2240250002671622,-1.4022219283330795,5.396359948764231,-48.88170141367957
-3,558,1.2362701859293304,-1.4002523045039563,5.4270974348799506,-48.55900481077665
-3,559,1.2484976921374205,-1.3981757492168765,5.457574990075511,-48.2368163047327
-3,560,1.2607065851275245,-1.3959924210497499,5.487794241108577,-47.91512807090821
-3,561,1.272895932557149,-1.3937024867342884,5.517756792345809,-47.593932424997426
-3,562,1.2850648035764087,-1.391306121143274,5.547464226089978,-47.27322181978086
-3,563,1.2972122688991223,-1.3888035072772023,5.576918102901448,-46.95298884196421
-3,564,1.3093374008737704,-1.3861948362503091,5.606119961914061,-46.63322620910178
-3,565,1.3214392735543403,-1.3834803072759763,5.63507132114554,-46.31392676660096
-3,566,1.333516962771031,-1.3806601276515171,5.663773677802472,-45.995083484806074
-3,567,1.3455695462008366,-1.3777345127423466,5.692228508580008,-45.6766894561583
-3,568,1.3575961034379753,-1.374703685965535,5.7204372699562995,-45.35873789243027
-3,569,1.3695957160641747,-1.371567878772747,5.7484013984817794,-45.041222122032586
-3,570,1.3815674677188134,-1.368327330632565,5.776122311063405,-44.72413558738992
-3,571,1.3935104441688977,-1.3649822890122032,5.8036014052439,-44.40747184238508
-3,572,1.405423733378872,-1.36153300935861,5.830840059476071,-44.09122454986895
-3,573,1.4173064255802768,-1.3579797550789592,5.857839633392361,-43.77538747923366
-3,574,1.4291576133412174,-1.3543227975205352,5.884601468069598,-43.45995450404814
-3,575,1.440976391635664,-1.3505624159500111,5.911126886289123,-43.144919599753415
-3,576,1.452761857912559,-1.3466988975321244,5.937417192792308,-42.830276841416406
-3,577,1.4645131121647499,-1.342732537307744,5.963473674531594,-42.516020401539876
-3,578,1.476229256997714,-1.3386636381713408,5.989297600917077,-42.20214454792769
-3,579,1.4879093976980857,-1.334492510847858,6.0148902240587345,-41.88864364160319
-3,580,1.4995526423019894,-1.3302194738689805,6.0402527790044065,-41.575512134779245
-3,581,1.5111581016631495,-1.325844853548811,6.065386483973532,-41.262744568878624
-3,582,1.5227248895207948,-1.3213689839589495,6.090292540586763,-40.95033557260315
-3,583,1.5342521225673318,-1.3167922069029843,6.114972134091517,-40.63827986005035
-3,584,1.5457389205158076,-1.3121148718903868,6.139426433583548,-40.32657222887583
-3,585,1.5571844061671307,-1.3073373361098222,6.163656592224568,-40.01520755850059
-3,586,1.5685877054770536,-1.3024599644018737,6.187663747456021,-39.70418080836189
-3,587,1.579947947622929,-1.2974831292311795,6.2114490212091,-39.39348701620593
-3,588,1.591264265070206,-1.2924072106579882,6.23501352011098,-39.08312129642183
-3,589,1.602535793638678,-1.2872325963091398,6.258358335687451,-38.7730788384155
-3,590,1.6137616725684814,-1.2819596813484584,6.281484544561917,-38.46335490502193
-3,591,1.6249410445858259,-1.276588868446579,6.3043932086508905,-38.153944830955425
-3,592,1.6360730559684624,-1.2711205677501956,6.327085375356004,-37.84484402129622
-3,593,1.6471568566108727,-1.2655551968507415,6.3495620777526,-37.53604795001289
-3,594,1.6581916000891965,-1.259893180752498,6.371824334775011,-37.22755215851903
-3,595,1.6691764437258663,-1.2541349518401381,6.393873151398504,-36.91935225426374
-3,596,1.6801105486539538,-1.2482809498457113,6.415709518818016,-36.61144390935497
-3,597,1.6909930798812396,-1.2423316218150566,6.437334414623717,-36.303822859214186
-3,598,1.7018232063539735,-1.2362874220736677,6.458748802973437,-35.996484901262356
-3,599,1.7126001010203353,-1.2301488121919992,6.479953634762028,-35.689425893636034
-3,600,1.7233229408936013,-1.2239162609502137,6.500949847787734,-35.38264175393221
-3,601,1.7339909071149862,-1.2175902443023867,6.521738366915572,-35.076128457982236
-3,602,1.744603185016178,-1.2111712453401589,6.542320104237826,-34.769882038653016
-3,603,1.7551589641815495,-1.204659754255845,6.562695959231664,-34.4638985846753
-3,604,1.7656574385100487,-1.1980562683049987,6.582866818913972,-34.158174239498095
-3,605,1.7760978062767574,-1.1913612917684393,6.602833557993414,-33.85270520016864
-3,606,1.786479270194111,-1.1845753359137443,6.622597039019762,-33.54748771623728
-3,607,1.7968010374727905,-1.1776989189562024,6.642158112530606,-33.24251808868619
-3,608,1.80706231988226,-1.1707325660192422,6.661517617195406,-32.93779266888201
-3,609,1.8172623338109637,-1.163676809094329,6.680676379956991,-32.633307857551
-3,610,1.8274003003261625,-1.1565321870003413,6.699635216170519,-32.32906010377684
-3,611,1.837475445233423,-1.1492992453424207,6.718394929739962,-32.02504590401966
-3,612,1.847486999135738,-1.1419785364703063,6.7369563132521435,-31.721261801156558
-3,613,1.8574341974922786,-1.1345706194361582,6.75532014810837,-31.41770438354261
-3,614,1.8673162806767842,-1.1270760599518597,6.7734872046537085,-31.11437028409166
-3,615,1.8771324940355703,-1.1194954303458173,6.791458242303957,-30.811256179376844
-3,616,1.8868820879451542,-1.111829309519259,6.809234009670291,-30.508358788750105
-3,617,1.8965643178695075,-1.1040782829020204,6.826815244681735,-30.205674873479936
-3,618,1.9061784444169083,-1.0962429424078401,6.844202674705375,-29.903201235907392
-3,619,1.9157237333964088,-1.0883238863891567,6.861397016664422,-29.600934718619456
-3,620,1.9251994558738965,-1.080321719591419,6.878398977154154,-29.298872203639746
-3,621,1.934604888227768,-1.0722370531068983,6.895209252555762,-28.99701061163541
-3,622,1.9439393122041846,-1.0640705043280252,6.911828529148117,-28.69534690114064
-3,623,1.9532020149719194,-1.0558226969002427,6.928257483217539,-28.39387806779588
-3,624,1.9623922891768,-1.0474942606743785,6.944496781165555,-28.092601143602213
-3,625,1.9715094329957228,-1.039085831658546,6.960547079614715,-27.79151319619093
-3,626,1.9805527501902451,-1.030598051969579,6.976409025512443,-27.490611328107775
-3,627,1.9895215501597603,-1.0220315697839903,6.992083256233059,-27.1898926761111
-3,628,1.9984151479942316,-1.0133870392884765,7.0075703996778715,-26.889354410484184
-3,629,2.007232864526499,-1.0046651206299593,7.022871074373472,-26.58899373436093
-3,630,2.0159740263841393,-0.9958664798651752,7.03798588956821,-26.288807883064827
-3,631,2.0246379660408946,-0.9869917889098075,7.052915445326908,-25.988794123460526
-3,632,2.033224021867647,-0.9780417254871772,7.0676603326238165,-25.688949753318116
-3,633,2.0417315381829395,-0.9690169730764896,7.082221133433845,-25.38927210068961
-3,634,2.0501598653030566,-0.9599182208606364,7.0965984208221204,-25.08975852329708
-3,635,2.058508359591629,-0.9507461636735667,7.110792759031867,-24.790406407932554
-3,636,2.066776383508792,-0.941501501947229,7.124804703570641,-24.49121316986925
-3,637,2.0749633056598675,-0.9321849416580766,7.138634801294974,-24.192176252283538
-3,638,2.0830685008435843,-0.9227971942731583,7.152283590493402,-23.893293125687862
-3,639,2.09109135009982,-0.9133389766957853,7.165751600967951,-23.594561287373995
-3,640,2.099031240756868,-0.9038110112107877,7.179039354114068,-23.29597826086658
-3,641,2.1068875664782265,-0.8942140254293507,7.192147362999045,-22.997541595386384
-3,642,2.1146597273089025,-0.8845487522334541,7.2050761324389425,-22.699248865323437
-3,643,2.1223471297212235,-0.8748159297199057,7.217826159074052,-22.40109766971953
-3,644,2.129949186660167,-0.865016301143973,7.230397931442891,-22.103085631759825
-3,645,2.1374653175881915,-0.855150614862625,7.2427919300548025,-21.80521039827348
-3,646,2.144894948529567,-0.845219624277383,7.2550086274611045,-21.507469639243023
-3,647,2.1522375121142083,-0.8352240877767898,7.267048488324887,-21.209861047322278
-3,648,2.1594924476210036,-0.8251647686784896,7.278911969489442,-20.91238233736238
-3,649,2.166659201020634,-0.8150424351709382,7.2905995200453235,-20.61503124594605
-3,650,2.173737225017881,-0.8048578602547435,7.302111581396099,-20.3178055309298
-3,651,2.180725979093423,-0.7946118216836286,7.313448587322794,-20.020702970993554
-3,652,2.1876249295451133,-0.7843051019050409,7.324610964047052,-19.72372136519794
-3,653,2.1944335495287337,-0.7739384880004027,7.335599130292985,-19.426858532548966
-3,654,2.201151319098228,-0.7635127716249991,7.346413497347827,-19.13011231156948
-3,655,2.2077777252454114,-0.7530287489475271,7.357054469121308,-18.833480559877817
-3,656,2.2143122619391447,-0.7424872205892923,7.367522442203835,-18.53696115377304
-3,657,2.220754430163975,-0.7318889915630742,7.377817805923431,-18.24055198782694
-3,658,2.227103737958248,-0.7212348712116435,7.387940942401542,-17.94425097448213
-3,659,2.2333597004516754,-0.7105256731459598,7.397892226607633,-17.648056043656567
-3,660,2.239521839902361,-0.6997622151830423,7.4076720264126275,-17.351965142354256
-3,661,2.245589685733285,-0.6889453192835101,7.417280702641223,-17.0559762342815
-3,662,2.2515627745682423,-0.6780758114888156,7.426718609123089,-16.760087299469195
-3,663,2.257440650267223,-0.6671545218581667,7.435986092742898,-16.464296333900784
-3,664,2.2632228639612517,-0.6561822844051324,7.445083493489326,-16.168601349145305
-3,665,2.2689089740866626,-0.6451599370339559,7.454011144502939,-15.873000371996106
-3,666,2.2744985464188217,-0.634088321475566,7.462769372122987,-15.57749144411451
-3,667,2.279991154105283,-0.6229682832233023,7.471358495933165,-15.282072621678752
-3,668,2.2853863776983907,-0.6118006714683407,7.479778828806332,-14.986741975037399
-3,669,2.2906838051873075,-0.6005863390348483,7.488030676948175,-14.691497588367886
-3,670,2.2958830320294776,-0.5893261423148597,7.496114339939864,-14.396337559339651
-3,671,2.3009836611815224,-0.5780209412028718,7.504030110779697,-14.101259998781487
-3,672,2.3059853031295603,-0.5666715990301799,7.511778275923744,-13.806263030353538
-3,673,2.310887575918949,-0.5552789824989522,7.519359115325489,-13.511344790223554
-3,674,2.3156901051834593,-0.543843961616037,7.526772902474528,-13.216503426747009
-3,675,2.32039252417386,-0.5323674096265278,7.5340199044342775,-12.92173710015151
-3,676,2.3249944737859254,-0.5208502029470755,7.541100381878713,-12.62704398222495
-3,677,2.329495602587861,-0.5092932210989642,7.548014589128208,-12.332422256007561
-3,678,2.3338955668471373,-0.49769734664093934,7.5547627741843755,-12.037870115487431
-3,679,2.3381940305567426,-0.48606346510181336,7.561345178764043,-11.743385765299772
-3,680,2.3423906654608406,-0.4743924649128453,7.567762038332264,-11.448967420429646
-3,681,2.346485151079838,-0.46268523733988814,7.574013582134439,-11.154613305917843
-3,682,2.3504771747348583,-0.45094267641533076,7.580100033227541,-10.86032165657018
-3,683,2.3543664315716213,-0.4391656788698226,7.5860216085104355,-10.566090716669876
-3,684,2.3581526245837203,-0.4273551440637982,7.591778518753318,-10.271918739693067
-3,685,2.3618354646353072,-0.41551197391879,7.597370968626303,-9.977803988026988
-3,686,2.36541467048317,-0.40363707284855616,7.602799156727096,-9.683744732691308
-3,687,2.368889968798209,-0.3917313476900171,7.608063275607839,-9.389739253062126
-3,688,2.372261094186314,-0.3797957076339976,7.613163511801102,-9.09578583659844
-3,689,2.3755277892086286,-0.3678310641557991,7.618100045845014,-8.80188277857138
-3,690,2.3786898044012084,-0.35583833094559725,7.6228730523075425,-8.508028381795969
-3,691,2.3817468982940753,-0.34381842383866085,7.627482699809988,-8.214220956364937
-3,692,2.384698837429654,-0.33177226074541727,7.631929151049582,-7.920458819385171
-3,693,2.3875453963806024,-0.31970076158135363,7.636212562821329,-7.626740294716171
-3,694,2.3902863577670255,-0.3076048481967712,7.640333086038977,-7.333063712710794
-3,695,2.3929215122730763,-0.2954854443063802,7.644290865755222,-7.039427409957747
-3,696,2.39545065866294,-0.2833434754187634,7.648086041181078,-6.7458297290263
-3,697,2.397873603796202,-0.2711798687657026,7.651718745704463,-6.452269018212844
-3,698,2.4001901626425965,-0.258995553231362,7.655189106907975,-6.1587436312889805
-3,699,2.402400158296138,-0.2467914592813572,7.658497246585899,-5.865251927251576
-3,700,2.404503421988628,-0.2345685188917032,7.661643280760399,-5.571792270074443
-3,701,2.4064997931025474,-0.2223276654776355,7.664627319696962,-5.278363028461283
-3,702,2.408389119183317,-0.2100698338223342,7.667449467919033,-4.984962575600406
-3,703,2.410171255950946,-0.1977959600055361,7.670109824221902,-4.691589288920648
-3,704,2.411846067311042,-0.18550698133205493,7.6726084816857885,-4.398241549848781
-3,705,2.4134134253652135,-0.17320383626019598,7.6749455276882035,-4.104917743567849
-3,706,2.4148732104208293,-0.1608874643300935,7.677121043915507,-3.811616258776944
-3,707,2.4162253110001615,-0.14855880609196587,7.679135106373717,-3.518335487452049
-3,708,2.4174696238489,-0.136218803034282,7.680987785398585,-3.225073824607623
-3,709,2.4186060539440373,-0.12386839751186893,7.6826791456648795,-2.9318296680594287
-3,710,2.4196345145011207,-0.11150853267394543,7.6842092461949285,-2.638601418188023
-3,711,2.4205549269808864,-0.09914015239210275,7.685578140366434,-2.3453874777032224
-3,712,2.4213672210952524,-0.08676420118821745,7.6867858759195045,-2.052186251408984
-3,713,2.4220713348126885,-0.07438162416232606,7.687832494962965,-1.758996145969193
-3,714,2.4226672143629506,-0.061993366920455324,7.688718033979901,-1.4658155696740192
-3,715,2.423154814241191,-0.049600375502402816,7.689442523832487,-1.1726429322065026
-3,716,2.423534097211431,-0.037203596309495456,7.690005989766046,-0.8794766444098354
-3,717,2.4238050343094026,-0.024803976032320593,7.690408451412375,-0.5863151180549951
-3,718,2.423967604844765,-0.012402461578423618,7.690649922792346,-0.2931567656083936
-3,719,2.4240217964026805,-3.476188250434877e-16,7.690730412317733,-8.21654804583274e-15
3,0,-0.5854986786718095,0.0,-4.6494816137517265,180.0
3,1,-0.585552870229725,0.012402461578422383,-4.646729800569441,178.78661261330146
3,2,-0.5857154407650873,0.02480397603231973,-4.6384850170221945,177.57507758878742
3,3,-0.5859863778630592,0.03720359630949497,-4.6247790953036265,176.36723312158722
3,4,-0.5863656608332988,0.04960037550240145,-4.605664640005882,175.16488934249273
3,5,-0.5868532607115395,0.06199336692045433,-4.581214367029428,173.96981495068405
3,6,-0.5874491402618018,0.07438162416232544,-4.551520202487204,172.78372461815727
3,7,-0.5881532539792376,0.08676420118821596,-4.516692164718163,171.608267381044
3,8,-0.5889655480936036,0.09914015239210161,-4.476857057351091,170.44501619998053
3,9,-0.5898859605733695,0.11150853267394467,-4.432157005016203,169.2954588338717
3,10,-0.5909144211304529,0.12386839751186729,-4.382747865694412,168.16099013070362
3,11,-0.5920508512255895,0.13621880303428074,-4.328797554800461,167.04290579742982
3,12,-0.5932951640743287,0.14855880609196498,-4.270484315965351,165.94239767021824
3,13,-0.5946472646536611,0.160887464330093,-4.207994972223982,164.8605504681414
3,14,-0.5961070497092766,0.17320383626019456,-4.141523189083199,163.79833997905035
3,15,-0.5976744077634479,0.18550698133205387,-4.071267777931724,162.75663259690472
3,16,-0.5993492191235446,0.19779596000553545,-3.9974310646634743,161.736186105873
3,17,-0.6011313558911728,0.21006983382233269,-3.9202173444279937,160.73765158836343
3,18,-0.6030206819719426,0.2223276654776343,-3.839831439294443,159.76157632176688
3,19,-0.6050170530858618,0.2345685188917024,-3.7564773714974358,158.80840752179756
3,20,-0.6071203167783521,0.2467914592813568,-3.6703571609750303,157.87849678839405
3,21,-0.6093303124318932,0.25899555323136075,-3.5816697522318037,156.97210511254465
3,22,-0.6116468712782881,0.27117986876570166,-3.4906100722519344,156.08940830838594
3,23,-0.6140698164115499,0.28334347541876287,-3.397368218305142,155.23050274372412
3,24,-0.6165989628014137,0.2954854443063788,-3.3021287720621646,154.39541125299098
3,25,-0.6192341173074645,0.30760484819677014,-3.2050702344707376,153.58408912886287
3,26,-0.6219750786938876,0.3197007615813529,-3.106364574323087,152.7964301017181
3,27,-0.6248216376448361,0.3317722607454157,-3.0061768823423685,152.03227222924062
3,28,-0.6277735767804147,0.3438184238386596,-2.9046651218881614,151.29140363136094
3,29,-0.6308306706732814,0.35583833094559647,-2.8019799669835073,150.5735680180077
3,30,-0.6339926858658615,0.3678310641557985,-2.698264718249306,149.87846996857883
3,31,-0.6372593808881759,0.37979570763399634,-2.593655287446242,149.2057799324524
3,32,-0.6406305062762812,0.39173134769001616,-2.4882802416231824,148.55513892915113
3,33,-0.6441058045913204,0.4036370728485556,-2.38226089831006,147.9261629349056
3,34,-0.6476850104391825,0.4155119739187887,-2.275711463733878,147.31844694934125
3,35,-0.6513678504907694,0.4273551440637971,-2.168739206644352,146.7315687418842
3,36,-0.6551540435028687,0.4391656788698219,-2.061444660982296,146.16509228231033
3,37,-0.6590433003396314,0.45094267641532926,-1.953921851285076,145.61857086374079
3,38,-0.663035323994652,0.4626852373398869,-1.846258535380671,145.09154992940594
3,39,-0.6671298096136493,0.4743924649128445,-1.738536459560026,144.58356961676552
3,40,-0.6713264445177471,0.48606346510181286,-1.6308316220258847,144.09416703418202
3,41,-0.6756249082273527,0.49769734664093807,-1.5232145409871851,143.62287828639379
3,42,-0.6800248724866291,0.5092932210989634,-1.4157505242968265,143.16924026561605
3,43,-0.6845260012885643,0.5208502029470748,-1.3084999380139963,142.73279222529342
3,44,-0.6891279509006301,0.5323674096265264,-1.201518471709903,142.3130771534102
3,45,-0.6938303698910304,0.5438439616160359,-1.0948573987277417,141.90964296190316
3,46,-0.6986328991555406,0.5552789824989515,-0.9885638299555737,141.52204350816976
3,47,-0.7035351719449294,0.5666715990301795,-0.8826809599770215,141.14983946397348
3,48,-0.7085368138929669,0.5780209412028706,-0.7772483047315208,140.79259904625883
3,49,-0.7136374430450121,0.5893261423148589,-0.6723019300467938,140.4498986235343
3,50,-0.7188366698871824,0.6005863390348478,-0.567874670603966,140.12132321059258
3,51,-0.724134097376099,0.6118006714683394,-0.4639963390638626,139.8064668634349
3,52,-0.7295293209692069,0.6229682832233014,-0.36069392522435134,139.5049329853686
3,53,-0.7350219286556685,0.6340883214755655,-0.25799178519620153,139.21633455436898
3,54,-0.7406115009878269,0.6451599370339544,-0.15591182068172668,138.94029428094726
3,55,-0.746297611113238,0.6561822844051314,-0.05447364851887221,138.67644470495512
3,56,-0.7520798248072671,0.667154521858166,0.04630523928394617,138.4244282389863
3,57,-0.7579577005062479,0.6780758114888151,0.14640932474817692,138.1838971653123
3,58,-0.7639307893412046,0.6889453192835089,0.24582492204939727,137.95451359261313
3,59,-0.7699986351721291,0.6997622151830415,0.3445400442270879,137.73594937813553
3,60,-0.7761607746228143,0.7105256731459594,0.4425442781229726,137.52788602032984
3,61,-0.7824167371162416,0.7212348712116423,0.5398286671791395,137.33001452648324
3,62,-0.7887660449105145,0.7318889915630731,0.6363856017215528,137.14203525937646
3,63,-0.7952082131353451,0.7424872205892917,0.7322087163536031,136.9636577665441
3,64,-0.8017427498290777,0.7530287489475257,0.8272927940872004,136.79460059531178
3,65,-0.8083691559762616,0.7635127716249981,0.9216336768452522,136.63459109641462
3,66,-0.8150869255457565,0.773938488000402,1.01522818197772,136.48336521866665
3,67,-0.8218955455293762,0.7843051019050403,1.1080740244441556,136.34066729685003
3,68,-0.8287944959810665,0.7946118216836275,1.2001697443274466,136.2062498347225
3,69,-0.8357832500566089,0.8048578602547427,1.291514639356477,136.07987328479712
3,70,-0.8428612740538559,0.8150424351709377,1.3821087021291802,135.96130582633063
3,71,-0.8500280274534859,0.8251647686784885,1.4719525617413622,135.85032314276262
3,72,-0.8572829629602812,0.835224087776789,1.5610474295411718,135.74670819967344
3,73,-0.8646255265449225,0.8452196242773823,1.6493950487432087,135.65025102417454
3,74,-0.8720551574862978,0.8551506148626237,1.7369976476504714,135.56074848650735
3,75,-0.8795712884143223,0.8650163011439721,1.823857896246275,135.47800408450587
3,76,-0.8871733453532662,0.8748159297199052,1.9099788659316874,135.40182773147015
3,77,-0.8948607477655872,0.8845487522334535,1.9953639921972608,135.33203554790316
3,78,-0.9026329085962626,0.8942140254293496,2.080017040030385,135.26844965748091
3,79,-0.9104892343176216,0.9038110112107868,2.163942071871786,135.21089798755062
3,80,-0.9184291249746697,0.9133389766957848,2.2471434179461776,135.15921407439012
3,81,-0.926451974230905,0.9227971942731571,2.329625648803288,135.11323687340362
3,82,-0.934557169414622,0.9321849416580759,2.411393549915796,135.07281057438144
3,83,-0.9427440915656977,0.9415015019472285,2.4924520981907876,135.0377844219084
3,84,-0.9510121154828606,0.9507461636735666,2.5728064402607203,135.00801254097016
3,85,-0.9593606097714329,0.9599182208606355,2.6524618724286815,134.9833537677735
3,86,-0.9677889368915495,0.9690169730764889,2.7314238221512355,134.96367148577187
3,87,-0.9762964532068428,0.9780417254871768,2.8096978309498737,134.94883346686248
3,88,-0.9848825090335944,0.9869917889098065,2.887289538649533,134.93871171770394
3,89,-0.99354644869035,0.9958664798651744,2.9642046688496255,134.93318233108488
3,90,-1.0022876105479908,1.0046651206299586,3.040449015539395,134.93212534226257
3,91,-1.0111053270802572,1.0133870392884754,3.116028430775593,134.93542459017786
3,92,-1.019998924914729,1.0220315697839895,3.1909488133461266,134.94296758344436
3,93,-1.0289677248842444,1.0305980519695785,3.2652160983485974,134.9546453710027
3,94,-1.038011042078767,1.0390858316585458,3.3388362476176674,134.9703524173242
3,95,-1.047128185897689,1.0474942606743778,3.411815240939782,134.98998648204537
3,96,-1.0563184601025701,1.0558226969002422,3.4841590679981014,135.0134485039106
3,97,-1.0655811628703051,1.0640705043280247,3.5558737209945033,135.04064248889804
3,98,-1.074915586846721,1.0722370531068974,3.6269651878993074,135.07147540240496
3,99,-1.0843210192005928,1.080321719591418,3.697439446282787,135.10585706536435
3,100,-1.093796741678081,1.0883238863891562,3.7673024576858882,135.14370005417004
3,101,-1.1033420306575805,1.096242942407839,3.836560162490465,135.18491960428378
3,102,-1.1129561572049815,1.1040782829020197,3.9052184752522994,135.2294335174018
3,103,-1.122638387129335,1.1118293095192586,3.9732832804626703,135.2771620720598
3,104,-1.1323879810389195,1.1194954303458169,4.0407604287067285,135.32802793755678
3,105,-1.1422041943977046,1.1270760599518586,4.107655733189181,135.38195609108007
3,106,-1.1520862775822107,1.1345706194361578,4.173974966599925,135.4388737379186
3,107,-1.1620334759387516,1.1419785364703061,4.239723858294139,135.49871023465124
3,108,-1.1720450298410658,1.1492992453424198,4.304908091763258,135.5613970152024
3,109,-1.1821201747483268,1.1565321870003407,4.369533302374881,135.62686751965848
3,110,-1.1922581412635258,1.1636768090943286,4.433605075361258,135.6950571257429
3,111,-1.2024581551922289,1.1707325660192414,4.497128944037417,135.7659030828493
3,112,-1.2127194376016988,1.1776989189562017,4.560110388231429,135.83934444853674
3,113,-1.2230412048803783,1.1845753359137436,4.622554832910472,135.91532202739353
3,114,-1.2334226687977323,1.191361291768439,4.684467646987585,135.99377831217845
3,115,-1.2438630365644405,1.1980562683049982,4.745854142295037,136.07465742715294
3,116,-1.25436151089294,1.2046597542558446,4.806719572711361,136.1579050735191
3,117,-1.2649172900583117,1.2111712453401584,4.867069133429831,136.24346847688253
3,118,-1.275529567959503,1.217590244302386,4.926907960357251,136.3312963366615
3,119,-1.2861975341808876,1.223916260950213,4.986241129632596,136.42133877736669
3,120,-1.296920374054154,1.2301488121919988,5.04507365725582,136.51354730167853
3,121,-1.3076972687205166,1.2362874220736677,5.10341049881789,136.60787474525256
3,122,-1.3185273951932497,1.242331621815056,5.161256549323706,136.70427523318494
3,123,-1.3294099264205355,1.2482809498457108,5.2186166431001615,136.80270413807307
3,124,-1.3403440313486232,1.254134951840138,5.275495553782211,136.90311803960955
3,125,-1.351328874985292,1.2598931807524971,5.331897994370288,137.0054746856488
3,126,-1.3623636184636165,1.265555196850741,5.387828617352898,137.10973295468935
3,127,-1.3734474191060273,1.271120567750195,5.443292014888672,137.21585281971588
3,128,-1.3845794304886627,1.2765888684465785,5.498292719042608,137.32379531334837
3,129,-1.3957588025060077,1.281959681348458,5.5528352020715595,137.43352249424692
3,130,-1.4069846814358113,1.2872325963091396,5.606923876754434,137.54499741472316
3,131,-1.4182562100042837,1.2924072106579882,5.6605630967628695,137.65818408951176
3,132,-1.42957252745156,1.297483129231179,5.7137571570685,137.7730474656562
3,133,-1.4409327695974357,1.3024599644018735,5.7665102943831865,137.88955339346558
3,134,-1.4523360689073588,1.307337336109822,5.818826687628852,138.0076685985014
3,135,-1.4637815545586808,1.3121148718903861,5.870710458433832,138.12736065455374
3,136,-1.4752683525071575,1.3167922069029838,5.922165671652867,138.24859795756868
3,137,-1.4867955855536947,1.3213689839589493,5.973196335908078,138.37134970049067
3,138,-1.498362373411339,1.3258448535488103,6.023806404148477,138.49558584898384
3,139,-1.5099678327724997,1.33021947386898,6.073999774225771,138.62127711799897
3,140,-1.5216110773764036,1.3344925108478576,6.123780289484271,138.74839494915355
3,141,-1.5332912180767755,1.3386636381713404,6.17315173936312,138.87691148889385
3,142,-1.545007362909739,1.3427325373077434,6.222117860008906,139.00679956740865
3,143,-1.5567586171619303,1.3466988975321241,6.270682334897114,139.1380326782666
3,144,-1.5685440834388258,1.350562415950011,6.318848795460869,139.27058495874965
3,145,-1.5803628617332712,1.3543227975205345,6.366620821725535,139.4044311708557
3,146,-1.592214049494212,1.3579797550789587,6.414001942947966,139.5395466829453
3,147,-1.6040967416956176,1.3615330093586098,6.460995638259133,139.6759074520089
3,148,-1.6160100309055923,1.3649822890122032,6.507605337309106,139.81349000652997
3,149,-1.6279530073556754,1.3683273306325647,6.553834420913377,139.952271429923
3,150,-1.6399247590103145,1.3715678787727466,6.5996862216995815,140.0922293445239
3,151,-1.6519243716365142,1.3747036859655348,6.6451640247538215,140.23334189611268
3,152,-1.663950928873652,1.3777345127423462,6.690271068265804,140.37558773894872
3,153,-1.6760035123034582,1.3806601276515167,6.735010544172081,140.51894602129954
3,154,-1.6880812015201492,1.383480307275976,6.779385598796771,140.6633963714445
3,155,-1.700183074200718,1.386194836250309,6.823399333489196,140.8089188841367
3,156,-1.7123082061753665,1.3888035072772018,6.867054805257848,140.95549410750553
3,157,-1.7244556714980803,1.3913061211432738,6.910355027400295,141.10310303038455
3,158,-1.736624542517341,1.3937024867342884,6.953302970128483,141.25172707004828
3,159,-1.7488138899469643,1.3959924210497496,6.995901561189145,141.40134806034382
3,160,-1.7610227829370688,1.3981757492168763,7.038153686478912,141.55194824020282
3,161,-1.7732502891451594,1.400252304503956,7.080062190653809,141.70351024251988
3,162,-1.7854954748073264,1.402221928333079,7.121629877732873,141.85601708338436
3,163,-1.7977574048095544,1.4040844702922464,7.162859511695637,142.00945215165302
3,164,-1.810035142759131,1.4058397881468574,7.203753817073251,142.16379919885117
3,165,-1.8223277510561575,1.4074877478505716,7.244315479533054,142.3190423293909
3,166,-1.8346342909651483,1.409028223555545,7.284547146456414,142.4751659910948
3,167,-1.8469538226867177,1.4104610976220398,7.324451427509713,142.63215496601472
3,168,-1.8592854054293504,1.4117862606274103,7.364030895208319,142.78999436153492
3,169,-1.8716280974812431,1.4130036113744562,7.403288085473455,142.94866960175003
3,170,-1.883980956282222,1.4141130568991527,7.442225498181885,143.10816641910765
3,171,-1.8963430384957205,1.4151145124777489,7.4808455977083295,143.26847084630697
3,172,-1.9087134000808175,1.4160079016332376,7.51915081346055,143.42956920844418
3,173,-1.9210910963643317,1.4167931561411968,7.557143540407079,143.59144811539613
3,174,-1.9334751821129612,1.4174702160349977,7.594826139597549,143.75409445443438
3,175,-1.945864711605466,1.418039029610386,7.632200938675603,143.9174953830612
3,176,-1.958258738704891,1.4184995534294296,7.6692702323844,144.08163832206066
3,177,-1.9706563169308176,1.4188517523238349,7.706036283064672,144.2465109487566
3,178,-1.9830564995316422,1.4190955993976342,7.742501321145403,144.41210119047125
3,179,-1.995458339556876,1.4192310760292381,7.778667545627107,144.5783972181774
3,180,-2.0078608899294585,1.4192581718728587,7.814537124557743,144.74538744033748
3,181,-2.0202632035180845,1.4191768848592987,7.850112195501328,144.91306049692338
3,182,-2.03266433320953,1.41898722119611,7.885394865999227,145.0814052536113
3,183,-2.0450633319809812,1.4186891953671197,7.920387214024246,145.25041079614505
3,184,-2.057459252972353,1.4182828301313235,7.95509128842752,145.42006642486317
3,185,-2.069851149558598,1.4177681565211482,7.9895091093782735,145.59036164938354
3,186,-2.082238075421995,1.4171452138400815,8.023642668796516,145.76128618344086
3,187,-2.094619084624418,1.4164140496596715,8.057493930778751,145.93282993987194
3,188,-2.10699323167957,1.4155747198158923,8.091064832016718,146.10498302574376
3,189,-2.119359571625189,1.414627288404881,8.1243572822093,146.2777357376197
3,190,-2.13171716009521,1.413571827778043,8.15737316446764,146.4510785569596
3,191,-2.14406505339188,1.4124084185365269,8.19011433571351,146.62500214564918
3,192,-2.1564023085578277,1.4111371495250684,8.222582627071109,146.79949734165487
3,193,-2.1687279834480706,1.4097581178252065,8.25477984425223,146.97455515479956
3,194,-2.181041136801965,1.4082714287478704,8.286707767935024,147.15016676265606
3,195,-2.1933408283150846,1.4066771958253348,8.318368154136326,147.32632350655382
3,196,-2.205626118711027,1.404975540802553,8.349762734577691,147.50301688769608
3,197,-2.2178960698131442,1.403166593627858,8.380893217045207,147.680238563383
3,198,-2.230149744616187,1.4012504924430387,8.411761285743175,147.85798034333865
3,199,-2.2423862073578587,1.3992273835727913,8.442368601641734,148.0362341861374
3,200,-2.254604523590277,1.3970974215135454,8.472716802818514,148.21499219572715
3,201,-2.2668037602513316,1.3948607689216648,8.502807504794422,148.39424661804685
3,202,-2.2789829857359423,1.392517596601027,8.532642300863646,148.57398983773427
3,203,-2.2911412699671976,1.3900680834899781,8.562222762417917,148.75421437492236
3,204,-2.3032776844673832,1.3875124166476702,8.591550439265198,148.9349128821205
3,205,-2.315391302428886,1.3848507912397752,8.620626859942808,149.11607814117903
3,206,-2.327481198784969,1.3820834105235804,8.649453532025117,149.29770306033348
3,207,-2.339546450280416,1.3792104858324674,8.67803194242586,149.47978067132686
3,208,-2.351586135542037,1.3762322365597732,8.70636355769521,149.6623041266073
3,209,-2.3635993351490283,1.3731488901420368,8.734449824311609,149.84526669659863
3,210,-2.375585131703187,1.3699606820416286,8.762292168968544,150.02866176704217
3,211,-2.387542609898967,1.3666678557287715,8.789891998856255,150.21248283640702
3,212,-2.3994708565933776,1.3632706626629472,8.817250701938521,150.3967235133673
3,213,-2.411368960875716,1.3597693622736928,8.844369647224573,150.58137751434387
3,214,-2.423236014137131,1.3561642219407901,8.871250185036244,150.76643866110908
3,215,-2.4350711101400098,1.3524555169738461,8.897893647270392,150.9519008784523
3,216,-2.4468733450871816,1.3486435305912696,8.924301347656714,151.13775819190474
3,217,-2.4586418176909386,1.3447285538986418,8.95047458201102,151.3240047255215
3,218,-2.4703756292418624,1.3407108858664876,8.976414628484026,151.5106346997193
3,219,-2.4820738836774567,1.3365908333074423,9.00212274780576,151.6976424291688
3,220,-2.493735687650573,1.3323687108528235,9.02760018352565,151.8850223207386
3,221,-2.5053601505976344,1.3280448409286023,9.052848162248377,152.0727688714909
3,222,-2.516946384806644,1.3236195537307827,9.07786789386554,152.2608766667264
3,223,-2.5284935054849718,1.3190931872001845,9.10266057178323,152.44934037807724
3,224,-2.5400006308269294,1.3144660869966371,9.12722737314559,152.63815476164683
3,225,-2.5514668820811046,1.3097386064725818,9.15156945905438,152.8273146561949
3,226,-2.5628913836174694,1.3049111066460894,9.175687974784704,153.0168149813665
3,227,-2.5742732629942497,1.2999839561732887,9.199584049996865,153.20665073596422
3,228,-2.5856116510245477,1.2949575313202162,9.22325879894449,153.3968169962614
3,229,-2.59690568184272,1.2898322159340796,9.246713320678964,153.58730891435647
3,230,-2.608154492970499,1.2846084014139465,9.269948699250229,153.77812171656586
3,231,-2.619357225382857,1.2792864866808558,9.292966003904024,153.96925070185569
3,232,-2.6305130235736076,1.2738668781473506,9.315766289275638,154.1606912403101
3,233,-2.6416210356207346,1.2683499896864456,9.338350595580188,154.35243877163612
3,234,-2.6526804132514537,1.2627362426000195,9.360719948799572,154.544488803703
3,235,-2.663690311906986,1.2570260655866423,9.382875360866036,154.73683691111634
3,236,-2.674649890807059,1.2512198947088378,9.404817829842546,154.92947873382462
3,237,-2.68555831301411,1.2453181733597816,9.426548340099908,155.1224099757588
3,238,-2.696414745497201,1.2393213522294437,9.44806786249076,155.31562640350248
3,239,-2.707218359195635,1.233229889270169,9.469377354520462,155.50912384499307
3,240,-2.7179683290822627,1.2270442496617064,9.49047776051495,155.70289818825236
3,241,-2.7286638342264937,1.2207649057756844,9.51137001178562,155.89694538014615
3,242,-2.7393040578569825,1.2143923371395389,9.532055026791236,156.0912614251716
3,243,-2.749888187424003,1.2079270303998928,9.552533711296999,156.28584238427243
3,244,-2.7604154146615008,1.2013694792853928,9.572806958530759,156.48068437368005
3,245,-2.7708849356488154,1.1947201845690067,9.592875649336449,156.67578356378107
3,246,-2.781295950872075,1.187979654029779,9.61274065232479,156.87113617800966
3,247,-2.7916476652852475,1.1811484024140566,9.632402824021293,157.0667384917644
3,248,-2.8019392883708596,1.1742269513961787,9.651863009011633,157.26258683134924
3,249,-2.812170034200363,1.1672158295386372,9.671122040084429,157.4586775729374
3,250,-2.822339121494152,1.1601155722517154,9.69018073837146,157.65500714155766
3,251,-2.8324457736812283,1.1529267217525982,9.709039913485384,157.85157201010324
3,252,-2.842489218958504,1.1456498270239674,9.727700363654995,158.04836869836137
3,253,-2.8524686903497383,1.1382854437720775,9.746162875858053,158.24539377206432
3,254,-2.8623834257641136,1.130834134384317,9.76442822595173,158.44264384196012
3,255,-2.872232668054428,1.1232964678862642,9.782497178800734,158.6401155629036
3,256,-2.8820156650749196,1.1156730198982308,9.800370488403104,158.8378056329661
3,257,-2.8917316697387014,1.1079643725913049,9.818048898013782,159.03571079256457
3,258,-2.901379940074814,1.1001711146428939,9.835533140265921,159.23382782360807
3,259,-2.9109597392848903,1.0922938411917675,9.85282393729005,159.432153548663
3,260,-2.9204703357994157,1.0843331537926117,9.869922000831055,159.6306848301347
3,261,-2.9299110033336015,1.0762896603700889,9.886828032363068,159.82941856946664
3,262,-2.939281020942843,1.0681639751724141,9.903542723202275,160.02835170635558
3,263,-2.9485796730777767,1.0599567187244483,9.920066754617675,160.22748121798304
3,264,-2.9578062496389257,1.0516685177803078,9.936400797939847,160.4268041182619
3,265,-2.9669600460309247,1.0433000052755068,9.952545514667722,160.62631745709885
3,266,-2.976040363216329,1.0348518202786183,9.968501556573425,160.8260183196709
3,267,-2.985046507768994,1.0263246079424737,9.984269565805198,161.025903825717
3,268,-2.9939777919270334,1.017719019454895,9.99985017498845,161.225971128843
3,269,-3.0028335336453367,1.009035711988964,10.015244007324961,161.4262174158411
3,270,-3.0116130566476578,1.0002753486528402,10.030451676690257,161.62663990602167
3,271,-3.0203156904782564,0.9914385984391182,10.045473787729193,161.8272358505591
3,272,-3.0289407705531,0.9825261361737432,10.06031093594979,162.0280025318495
3,273,-3.0374876382106137,0.9735386424644753,10.074963707815334,162.228937262881
3,274,-3.0459556407619814,0.9644768036489133,10.089432680834756,162.43003738661653
3,275,-3.0543441315409874,0.955341311742085,10.103718423651344,162.6313002753873
3,276,-3.0626524699533997,0.9461328643835978,10.117821496129816,162.83272333029896
3,277,-3.0708800215258902,0.9368521647843652,10.13174244944173,163.0343039806478
3,278,-3.079026157954487,0.9274999216729035,10.145481826149341,163.23603968334848
3,279,-3.087090257152555,0.9180768492412111,10.159040160287846,163.43792792237204
3,280,-3.0950717032983004,0.9085836670902278,10.172417977446077,163.63996620819444
3,281,-3.1029698868818016,0.89902110017488,10.185615794845699,163.84215207725478
3,282,-3.1107842047515533,0.8893898787487231,10.198634121418863,164.04448309142379
3,283,-3.1185140601605266,0.8796907383081702,10.21147345788441,164.24695683748143
3,284,-3.1261588628117396,0.8699244195363295,10.22413429682258,164.44957092660422
3,285,-3.1337180289033366,0.8600916682464395,10.236617122748317,164.6523229938611
3,286,-3.141190981173171,0.8501932353249124,10.24892241218314,164.85521069771883
3,287,-3.1485771489428886,0.8402298766739971,10.261050633725624,165.05823171955524
3,288,-3.1558759681615065,0.8302023531540479,10.273002248120484,165.26138376318153
3,289,-3.1630868814484887,0.8201114305254266,10.284777708326342,165.4646645543724
3,290,-3.170209338136309,0.8099578793900204,10.296377459582127,165.66807184040422
3,291,-3.177242794312507,0.7997424751323956,10.30780193947216,165.87160338960095
3,292,-3.1841867128612202,0.7894659978605859,10.319051577989963,166.0752569908878
3,293,-3.1910405635042043,0.7791292323465159,10.330126797600755,166.2790304533521
3,294,-3.197803822841326,0.7687329679660745,10.341028013302711,166.4829216058113
3,295,-3.204475974390535,0.7582779986388325,10.351755632686965,166.6869282963883
3,296,-3.211056508627305,0.7477651227674118,10.362310055996387,166.8910483920932
3,297,-3.2175449230235422,0.7371951431765195,10.372691676183148,167.09527977841213
3,298,-3.223940722085965,0.7265688670516337,10.382900878965089,167.29962035890202
3,299,-3.2302434173939383,0.715887105877368,10.392938042880907,167.50406805479224
3,300,-3.236452527636775,0.7051506753754981,10.40280353934418,167.70862080459207
3,301,-3.2425675786504926,0.6943603954426683,10.412497732696268,167.91327656370422
3,302,-3.2485881034540194,0.683517090087782,10.422020980258011,168.1180333040442
3,303,-3.2545136422848597,0.6726215873690727,10.431373632380396,168.32288901366536
3,304,-3.260343742634201,0.6616747193308716,10.440556032494047,168.52784169638943
3,305,-3.266077959281474,0.6506773219400641,10.449568517157669,168.73288937144244
3,306,-3.271715854328347,0.6396302350222544,10.458411416105374,168.938030073096
3,307,-3.277256997232171,0.6285343021976295,10.467085052292987,169.1432618503134
3,308,-3.282700964838855,0.6173903708165339,10.47558974194326,169.34858276640108
3,309,-3.2880473414151856,0.6061992918947653,10.483925794590077,169.55399089866444
3,310,-3.293295718680567,0.5949619200485806,10.492093513121592,169.75948433806877
3,311,-3.2984456958382076,0.5836791134294376,10.500093193822398,169.96506118890446
3,312,-3.303496879605722,0.5723517336584586,10.507925126414657,170.17071956845666
3,313,-3.3084488842451663,0.5609806457606311,10.515589594098254,170.37645760667965
3,314,-3.3133013315924957,0.5495667180987531,10.523086873589957,170.58227344587462
3,315,-3.3180538510864412,0.5381108223071154,10.530417235161613,170.78816524037242
3,316,-3.322706079796812,0.5266138332249424,10.537580942677389,170.99413115621957
3,317,-3.3272576624522046,0.5150766288295825,10.544578253630036,171.2001693708683
3,318,-3.3317082514671403,0.503500090169459,10.551409419176247,171.40627807287063
3,319,-3.3360575069686034,0.4918851012967922,10.558074684171059,171.61245546157562
3,320,-3.340305096822,0.480232549200083,10.564574287201346,171.81869974683036
3,321,-3.344450696656519,0.4685433237363819,10.570908460618364,172.02500914868426
3,322,-3.348493989889903,0.4568183175633321,10.577077430569465,172.23138189709684
3,323,-3.3524346677526258,0.44505842607099927,10.583081417028826,172.43781623164833
3,324,-3.3562724293114723,0.43326454731349867,10.588920633827355,172.6443104012538
3,325,-3.360006981492517,0.4214375819404094,10.594595288681688,172.85086266388
3,326,-3.363638039103508,0.40957843312800013,10.600105583222332,173.057471286265
3,327,-3.367165324855641,0.3976880065102551,10.605451713020903,173.26413454364112
3,328,-3.3705885693847417,0.3857672101097128,10.61063386761657,173.4708507194598
3,329,-3.37390751127183,0.3738169542681288,10.615652230541583,173.67761810511985
3,330,-3.3771218970630867,0.361838151576951,10.620506979346017,173.88443499969773
3,331,-3.380231481289207,0.3498317168076342,10.625198285621613,174.09129970968044
3,332,-3.383236026484148,0.3377985668417797,10.629726315024872,174.29821054870064
3,333,-3.38613530320326,0.3257396206011162,10.634091227299226,174.50516583727398
3,334,-3.3889290900408113,0.313655798977329,10.638293176296486,174.71216390253903
3,335,-3.3916171736468947,0.30154802476173076,10.642332309997393,174.91920307799853
3,336,-3.3941993487437196,0.28941722257479613,10.646208770531441,175.12628170326334
3,337,-3.396675418141288,0.2772643187955503,10.649922694195809,175.33339812379785
3,338,-3.399045192752456,0.2650902414908236,10.65347421147359,175.54055069066737
3,339,-3.40130849160737,0.2528959203443829,10.656863447051153,175.74773776028735
3,340,-3.403465141867288,0.24068228658593108,10.660090519834737,175.95495769417408
3,341,-3.405514978837779,0.22845027291999725,10.663155542966294,176.162208858697
3,342,-3.4074578459812996,0.21620081345470543,10.666058623838508,176.36948962483277
3,343,-3.4092935949291485,0.2039348436304449,10.668799864109058,176.57679836792036
3,344,-3.411022085492796,0.19165330014843235,10.671379359714106,176.78413346741786
3,345,-3.4126431856745905,0.17935712089917835,10.673797200881028,176.99149330666026
3,346,-3.4141567716778383,0.16704724489086875,10.676053472140355,177.19887627261866
3,347,-3.4155627279162566,0.15472461217765154,10.678148252336978,177.40628075566036
3,348,-3.4168609470228026,0.1423901637878532,10.680081614640573,177.6137051493103
3,349,-3.418051329857869,0.13004484165211438,10.681853626555275,177.82114785001326
3,350,-3.4191337855168595,0.11768958853145682,10.683464349928617,178.02860725689686
3,351,-3.4201082313371263,0.10532534794529272,10.68491384095969,178.23608177153577
3,352,-3.4209745929042867,0.09295306409936732,10.686202150206558,178.44356979771607
3,353,-3.421732804057902,0.08057368181365804,10.687329322592952,178.65106974120104
3,354,-3.4223828068965334,0.06818814645022078,10.688295397414173,178.85858000949685
3,355,-3.4229245517821605,0.0557974038409945,10.689100408342302,179.0660990116192
3,356,-3.423357997343975,0.04340240021557645,10.689744383430623,179.27362515786035
3,357,-3.423683110481538,0.031004082128957486,10.690227345117329,179.48115685955642
3,358,-3.423899866367309,0.018603396389242,10.690549310228475,179.68869252885509
3,359,-3.424008248448539,0.00620128998534223,10.690710289980196,179.89623057848345
3,360,-3.424008248448539,-0.006201289985341253,10.690710289980196,-179.8962305784835
3,361,-3.423899866367309,-0.018603396389241023,10.690549310228475,-179.68869252885509
3,362,-3.423683110481538,-0.03100408212895651,10.690227345117329,-179.48115685955642
3,363,-3.423357997343975,-0.043402400215575475,10.689744383430623,-179.27362515786035
3,364,-3.4229245517821605,-0.05579740384099353,10.689100408342302,-179.06609901161923
3,365,-3.4223828068965334,-0.06818814645021981,10.688295397414173,-178.85858000949685
3,366,-3.4217328040579025,-0.08057368181365707,10.687329322592952,-178.65106974120104
3,367,-3.4209745929042867,-0.09295306409936634,10.686202150206558,-178.44356979771607
3,368,-3.4201082313371267,-0.10532534794529114,10.68491384095969,-178.2360817715358
3,369,-3.41913378551686,-0.11768958853145585,10.68346434992862,-178.0286072568969
3,370,-3.418051329857869,-0.13004484165211344,10.681853626555275,-177.8211478500133
3,371,-3.4168609470228026,-0.14239016378785221,10.680081614640573,-177.61370514931033
3,372,-3.415562727916257,-0.15472461217765057,10.678148252336982,-177.40628075566036
3,373,-3.4141567716778383,-0.16704724489086717,10.676053472140355,-177.1988762726187
3,374,-3.412643185674591,-0.17935712089917738,10.673797200881028,-176.9914933066603
3,375,-3.411022085492796,-0.19165330014843138,10.671379359714106,-176.78413346741786
3,376,-3.4092935949291485,-0.20393484363044395,10.668799864109058,-176.5767983679204
3,377,-3.4074578459812996,-0.2162008134547045,10.666058623838508,-176.36948962483277
3,378,-3.405514978837779,-0.22845027291999565,10.663155542966294,-176.162208858697
3,379,-3.403465141867288,-0.2406822865859301,10.660090519834737,-175.95495769417408
3,380,-3.40130849160737,-0.25289592034438196,10.656863447051153,-175.74773776028735
3,381,-3.3990451927524563,-0.2650902414908226,10.653474211473593,-175.54055069066737
3,382,-3.3966754181412884,-0.27726431879554936,10.64992269419581,-175.33339812379785
3,383,-3.3941993487437196,-0.2894172225747952,10.646208770531437,-175.12628170326334
3,384,-3.391617173646895,-0.3015480247617298,10.642332309997396,-174.91920307799856
3,385,-3.3889290900408118,-0.31365579897732804,10.638293176296486,-174.71216390253903
3,386,-3.38613530320326,-0.3257396206011153,10.634091227299225,-174.50516583727398
3,387,-3.3832360264841483,-0.3377985668417788,10.629726315024872,-174.29821054870064
3,388,-3.3802314812892074,-0.34983171680763325,10.625198285621613,-174.0912997096805
3,389,-3.3771218970630867,-0.36183815157695004,10.620506979346015,-173.8844349996978
3,390,-3.37390751127183,-0.37381695426812783,10.615652230541583,-173.67761810511985
3,391,-3.3705885693847417,-0.3857672101097119,10.61063386761657,-173.4708507194598
3,392,-3.367165324855641,-0.39768800651025416,10.605451713020903,-173.26413454364112
3,393,-3.363638039103508,-0.4095784331279992,10.600105583222332,-173.05747128626507
3,394,-3.3600069814925178,-0.4214375819404085,10.59459528868169,-172.85086266388
3,395,-3.3562724293114723,-0.4332645473134977,10.588920633827355,-172.64431040125382
3,396,-3.352434667752626,-0.4450584260709983,10.583081417028827,-172.43781623164836
3,397,-3.348493989889903,-0.45681831756333113,10.577077430569465,-172.23138189709684
3,398,-3.3444506966565193,-0.46854332373638097,10.570908460618366,-172.0250091486843
3,399,-3.340305096822,-0.48023254920008207,10.564574287201346,-171.81869974683036
3,400,-3.336057506968604,-0.49188510129679125,10.55807468417106,-171.61245546157565
3,401,-3.3317082514671403,-0.5035000901694581,10.551409419176247,-171.4062780728707
3,402,-3.327257662452205,-0.5150766288295816,10.544578253630036,-171.2001693708683
3,403,-3.322706079796812,-0.5266138332249415,10.537580942677389,-170.99413115621957
3,404,-3.318053851086442,-0.5381108223071145,10.530417235161613,-170.78816524037245
3,405,-3.313301331592496,-0.5495667180987516,10.523086873589957,-170.58227344587468
3,406,-3.308448884245167,-0.5609806457606301,10.515589594098254,-170.37645760667965
3,407,-3.3034968796057225,-0.5723517336584577,10.507925126414658,-170.1707195684567
3,408,-3.2984456958382085,-0.5836791134294367,10.5000931938224,-169.96506118890446
3,409,-3.2932957186805676,-0.5949619200485798,10.492093513121592,-169.7594843380688
3,410,-3.288047341415186,-0.6061992918947637,10.483925794590077,-169.55399089866447
3,411,-3.282700964838856,-0.617390370816533,10.475589741943264,-169.3485827664011
3,412,-3.277256997232171,-0.6285343021976286,10.467085052292987,-169.14326185031342
3,413,-3.2717158543283476,-0.6396302350222535,10.458411416105374,-168.938030073096
3,414,-3.266077959281475,-0.6506773219400632,10.44956851715767,-168.73288937144247
3,415,-3.260343742634202,-0.6616747193308702,10.440556032494051,-168.52784169638946
3,416,-3.25451364228486,-0.672621587369072,10.4313736323804,-168.32288901366536
3,417,-3.24858810345402,-0.6835170900877813,10.422020980258013,-168.11803330404422
3,418,-3.242567578650493,-0.6943603954426675,10.412497732696266,-167.91327656370422
3,419,-3.236452527636776,-0.7051506753754974,10.402803539344184,-167.70862080459207
3,420,-3.2302434173939387,-0.7158871058773673,10.392938042880907,-167.50406805479224
3,421,-3.223940722085966,-0.7265688670516329,10.382900878965092,-167.29962035890205
3,422,-3.217544923023543,-0.7371951431765187,10.37269167618315,-167.09527977841216
3,423,-3.2110565086273057,-0.747765122767411,10.362310055996389,-166.89104839209327
3,424,-3.2044759743905358,-0.7582779986388317,10.351755632686967,-166.6869282963883
3,425,-3.197803822841327,-0.7687329679660737,10.341028013302713,-166.4829216058113
3,426,-3.191040563504205,-0.779129232346515,10.330126797600759,-166.2790304533521
3,427,-3.184186712861221,-0.7894659978605851,10.319051577989963,-166.07525699088782
3,428,-3.177242794312508,-0.7997424751323948,10.307801939472164,-165.87160338960098
3,429,-3.17020933813631,-0.8099578793900196,10.296377459582128,-165.66807184040422
3,430,-3.163086881448489,-0.8201114305254256,10.284777708326345,-165.4646645543724
3,431,-3.1558759681615074,-0.8302023531540471,10.273002248120484,-165.26138376318153
3,432,-3.1485771489428895,-0.8402298766739957,10.261050633725624,-165.05823171955524
3,433,-3.141190981173172,-0.8501932353249118,10.248922412183141,-164.85521069771883
3,434,-3.133718028903337,-0.8600916682464387,10.236617122748317,-164.65232299386113
3,435,-3.1261588628117405,-0.8699244195363289,10.224134296822582,-164.44957092660422
3,436,-3.1185140601605275,-0.8796907383081695,10.211473457884413,-164.24695683748143
3,437,-3.1107842047515546,-0.8893898787487219,10.198634121418868,-164.0444830914238
3,438,-3.1029698868818025,-0.8990211001748792,10.185615794845702,-163.8421520772548
3,439,-3.095071703298301,-0.908583667090227,10.17241797744608,-163.63996620819444
3,440,-3.087090257152555,-0.9180768492412104,10.159040160287846,-163.4379279223721
3,441,-3.0790261579544875,-0.9274999216729028,10.145481826149343,-163.23603968334848
3,442,-3.070880021525891,-0.9368521647843641,10.131742449441731,-163.03430398064782
3,443,-3.0626524699534006,-0.946132864383597,10.117821496129817,-162.832723330299
3,444,-3.054344131540988,-0.9553413117420844,10.103718423651348,-162.6313002753873
3,445,-3.0459556407619823,-0.9644768036489124,10.089432680834756,-162.43003738661653
3,446,-3.0374876382106146,-0.9735386424644746,10.07496370781534,-162.22893726288106
3,447,-3.028940770553101,-0.9825261361737426,10.060310935949794,-162.02800253184952
3,448,-3.0203156904782573,-0.9914385984391176,10.045473787729193,-161.82723585055913
3,449,-3.0116130566476587,-1.0002753486528395,10.030451676690259,-161.6266399060217
3,450,-3.0028335336453376,-1.0090357119889635,10.015244007324963,-161.4262174158411
3,451,-2.993977791927034,-1.0177190194548944,9.999850174988453,-161.22597112884304
3,452,-2.985046507768995,-1.026324607942473,9.984269565805198,-161.025903825717
3,453,-2.9760403632163297,-1.0348518202786174,9.968501556573425,-160.8260183196709
3,454,-2.966960046030925,-1.0433000052755061,9.952545514667722,-160.62631745709885
3,455,-2.9578062496389266,-1.0516685177803071,9.93640079793985,-160.4268041182619
3,456,-2.948579673077777,-1.0599567187244476,9.920066754617675,-160.22748121798304
3,457,-2.9392810209428437,-1.0681639751724135,9.903542723202275,-160.0283517063556
3,458,-2.9299110033336024,-1.0762896603700882,9.88682803236307,-159.82941856946664
3,459,-2.920470335799417,-1.0843331537926106,9.869922000831057,-159.63068483013473
3,460,-2.9109597392848903,-1.092293841191767,9.85282393729005,-159.432153548663
3,461,-2.901379940074815,-1.1001711146428934,9.835533140265923,-159.23382782360812
3,462,-2.891731669738702,-1.1079643725913042,9.818048898013782,-159.03571079256457
3,463,-2.882015665074921,-1.1156730198982296,9.800370488403109,-158.83780563296614
3,464,-2.872232668054429,-1.1232964678862638,9.782497178800735,-158.6401155629036
3,465,-2.8623834257641145,-1.1308341343843165,9.764428225951734,-158.44264384196018
3,466,-2.8524686903497396,-1.1382854437720764,9.746162875858056,-158.24539377206435
3,467,-2.8424892189585043,-1.1456498270239672,9.727700363654996,-158.04836869836137
3,468,-2.832445773681229,-1.1529267217525976,9.709039913485386,-157.85157201010324
3,469,-2.8223391214941533,-1.1601155722517145,9.690180738371462,-157.6550071415577
3,470,-2.8121700342003635,-1.167215829538637,9.67112204008443,-157.4586775729374
3,471,-2.8019392883708605,-1.1742269513961783,9.651863009011636,-157.26258683134927
3,472,-2.7916476652852484,-1.181148402414056,9.632402824021295,-157.0667384917644
3,473,-2.7812959508720763,-1.187979654029778,9.612740652324792,-156.87113617800966
3,474,-2.7708849356488163,-1.194720184569006,9.592875649336449,-156.6757835637811
3,475,-2.7604154146615016,-1.2013694792853924,9.57280695853076,-156.48068437368005
3,476,-2.749888187424004,-1.2079270303998921,9.552533711297,-156.28584238427243
3,477,-2.739304057856983,-1.2143923371395386,9.532055026791236,-156.0912614251716
3,478,-2.7286638342264946,-1.220764905775684,9.511370011785623,-155.89694538014615
3,479,-2.717968329082264,-1.2270442496617056,9.490477760514954,-155.7028981882524
3,480,-2.707218359195636,-1.2332298892701683,9.469377354520462,-155.5091238449931
3,481,-2.696414745497202,-1.2393213522294433,9.448067862490761,-155.31562640350248
3,482,-2.685558313014111,-1.2453181733597811,9.426548340099911,-155.1224099757588
3,483,-2.67464989080706,-1.251219894708837,9.40481782984255,-154.92947873382465
3,484,-2.6636903119069864,-1.2570260655866423,9.382875360866036,-154.73683691111634
3,485,-2.6526804132514545,-1.2627362426000193,9.360719948799574,-154.54448880370302
3,486,-2.6416210356207364,-1.268349989686445,9.338350595580193,-154.35243877163614
3,487,-2.630513023573608,-1.2738668781473503,9.315766289275638,-154.16069124031014
3,488,-2.619357225382858,-1.2792864866808553,9.292966003904027,-153.96925070185569
3,489,-2.6081544929705,-1.284608401413946,9.26994869925023,-153.77812171656586
3,490,-2.5969056818427214,-1.289832215934079,9.246713320678966,-153.58730891435647
3,491,-2.5856116510245486,-1.294957531320216,9.223258798944492,-153.39681699626144
3,492,-2.5742732629942506,-1.2999839561732884,9.199584049996867,-153.20665073596422
3,493,-2.5628913836174707,-1.3049111066460888,9.175687974784708,-153.01681498136654
3,494,-2.551466882081105,-1.3097386064725816,9.151569459054382,-152.8273146561949
3,495,-2.5400006308269303,-1.3144660869966365,9.12722737314559,-152.63815476164683
3,496,-2.528493505484973,-1.319093187200184,9.102660571783233,-152.44934037807724
3,497,-2.5169463848066442,-1.3236195537307827,9.077867893865543,-152.2608766667264
3,498,-2.5053601505976353,-1.3280448409286019,9.05284816224838,-152.07276887149092
3,499,-2.4937356876505743,-1.3323687108528228,9.027600183525653,-151.88502232073864
3,500,-2.482073883677458,-1.3365908333074419,9.002122747805764,-151.6976424291688
3,501,-2.4703756292418633,-1.3407108858664873,8.976414628484028,-151.51063469971933
3,502,-2.4586418176909395,-1.3447285538986415,8.950474582011022,-151.3240047255215
3,503,-2.446873345087183,-1.348643530591269,8.924301347656717,-151.13775819190477
3,504,-2.4350711101400107,-1.352455516973846,8.897893647270394,-150.9519008784523
3,505,-2.423236014137132,-1.35616422194079,8.87125018503625,-150.76643866110908
3,506,-2.4113689608757167,-1.3597693622736926,8.844369647224577,-150.58137751434387
3,507,-2.3994708565933776,-1.3632706626629472,8.817250701938521,-150.3967235133673
3,508,-2.3875426098989676,-1.3666678557287715,8.789891998856257,-150.21248283640702
3,509,-2.3755851317031884,-1.3699606820416284,8.76229216896855,-150.02866176704217
3,510,-2.36359933514903,-1.3731488901420363,8.734449824311612,-149.84526669659866
3,511,-2.3515861355420373,-1.3762322365597732,8.70636355769521,-149.6623041266073
3,512,-2.339546450280417,-1.379210485832467,8.678031942425864,-149.4797806713269
3,513,-2.3274811987849704,-1.38208341052358,8.64945353202512,-149.2977030603335
3,514,-2.315391302428887,-1.384850791239775,8.62062685994281,-149.11607814117903
3,515,-2.3032776844673846,-1.3875124166476702,8.591550439265202,-148.9349128821205
3,516,-2.291141269967199,-1.390068083489978,8.562222762417921,-148.75421437492236
3,517,-2.278982985735944,-1.3925175966010266,8.53264230086365,-148.5739898377343
3,518,-2.2668037602513325,-1.3948607689216648,8.502807504794426,-148.39424661804685
3,519,-2.254604523590278,-1.3970974215135452,8.472716802818516,-148.21499219572718
3,520,-2.2423862073578604,-1.399227383572791,8.44236860164174,-148.0362341861374
3,521,-2.2301497446161878,-1.4012504924430385,8.411761285743179,-147.85798034333868
3,522,-2.217896069813145,-1.4031665936278577,8.380893217045209,-147.680238563383
3,523,-2.205626118711028,-1.4049755408025528,8.349762734577693,-147.50301688769608
3,524,-2.193340828315085,-1.4066771958253348,8.318368154136326,-147.32632350655385
3,525,-2.181041136801966,-1.4082714287478701,8.286707767935027,-147.15016676265608
3,526,-2.168727983448072,-1.4097581178252065,8.254779844252232,-146.9745551547996
3,527,-2.156402308557829,-1.4111371495250682,8.22258262707111,-146.79949734165487
3,528,-2.144065053391881,-1.4124084185365267,8.190114335713513,-146.6250021456492
3,529,-2.1317171600952114,-1.413571827778043,8.157373164467643,-146.4510785569596
3,530,-2.119359571625191,-1.4146272884048807,8.124357282209306,-146.2777357376197
3,531,-2.1069932316795708,-1.4155747198158921,8.09106483201672,-146.10498302574376
3,532,-2.094619084624419,-1.4164140496596715,8.057493930778755,-145.93282993987194
3,533,-2.0822380754219965,-1.4171452138400815,8.023642668796521,-145.76128618344086
3,534,-2.0698511495585983,-1.4177681565211482,7.9895091093782735,-145.59036164938354
3,535,-2.057459252972354,-1.4182828301313235,7.955091288427523,-145.42006642486317
3,536,-2.0450633319809826,-1.4186891953671197,7.920387214024251,-145.25041079614508
3,537,-2.032664333209532,-1.4189872211961099,7.885394865999233,-145.0814052536113
3,538,-2.020263203518085,-1.4191768848592987,7.85011219550133,-144.91306049692338
3,539,-2.0078608899294594,-1.4192581718728587,7.814537124557748,-144.74538744033748
3,540,-1.9954583395568772,-1.4192310760292381,7.778667545627109,-144.57839721817743
3,541,-1.9830564995316429,-1.4190955993976342,7.742501321145404,-144.41210119047128
3,542,-1.9706563169308187,-1.4188517523238349,7.706036283064675,-144.2465109487566
3,543,-1.9582587387048922,-1.4184995534294296,7.669270232384405,-144.08163832206068
3,544,-1.9458647116054661,-1.418039029610386,7.632200938675605,-143.9174953830612
3,545,-1.9334751821129617,-1.417470216034998,7.594826139597551,-143.75409445443438
3,546,-1.921091096364333,-1.4167931561411968,7.557143540407082,-143.5914481153962
3,547,-1.908713400080819,-1.4160079016332379,7.519150813460555,-143.4295692084442
3,548,-1.8963430384957212,-1.4151145124777489,7.480845597708332,-143.268470846307
3,549,-1.8839809562822232,-1.4141130568991527,7.442225498181888,-143.10816641910768
3,550,-1.8716280974812445,-1.4130036113744564,7.403288085473459,-142.94866960175005
3,551,-1.8592854054293508,-1.4117862606274103,7.3640308952083195,-142.78999436153492
3,552,-1.8469538226867186,-1.41046109762204,7.324451427509716,-142.63215496601472
3,553,-1.8346342909651494,-1.409028223555545,7.284547146456416,-142.4751659910948
3,554,-1.822327751056159,-1.4074877478505718,7.244315479533058,-142.31904232939092
3,555,-1.8100351427591317,-1.4058397881468574,7.203753817073252,-142.16379919885117
3,556,-1.7977574048095555,-1.4040844702922466,7.162859511695638,-142.00945215165302
3,557,-1.785495474807328,-1.4022219283330795,7.121629877732878,-141.8560170833844
3,558,-1.7732502891451598,-1.4002523045039563,7.080062190653811,-141.70351024251988
3,559,-1.7610227829370697,-1.3981757492168765,7.038153686478915,-141.55194824020282
3,560,-1.7488138899469656,-1.3959924210497499,6.995901561189148,-141.40134806034382
3,561,-1.7366245425173412,-1.3937024867342884,6.953302970128484,-141.25172707004828
3,562,-1.7244556714980814,-1.391306121143274,6.910355027400299,-141.10310303038455
3,563,-1.7123082061753678,-1.3888035072772023,6.867054805257853,-140.95549410750556
3,564,-1.7001830742007198,-1.3861948362503091,6.823399333489198,-140.8089188841367
3,565,-1.6880812015201498,-1.3834803072759763,6.779385598796772,-140.6633963714445
3,566,-1.6760035123034591,-1.3806601276515171,6.735010544172084,-140.51894602129954
3,567,-1.6639509288736536,-1.3777345127423466,6.690271068265812,-140.37558773894875
3,568,-1.6519243716365148,-1.374703685965535,6.645164024753825,-140.23334189611268
3,569,-1.6399247590103154,-1.371567878772747,6.599686221699584,-140.0922293445239
3,570,-1.6279530073556767,-1.368327330632565,6.5538344209133825,-139.95227142992303
3,571,-1.6160100309055925,-1.3649822890122032,6.5076053373091085,-139.81349000652997
3,572,-1.6040967416956182,-1.36153300935861,6.460995638259135,-139.6759074520089
3,573,-1.5922140494942134,-1.3579797550789592,6.414001942947971,-139.5395466829453
3,574,-1.5803628617332728,-1.3543227975205352,6.36662082172554,-139.4044311708557
3,575,-1.5685440834388262,-1.3505624159500111,6.318848795460869,-139.2705849587497
3,576,-1.5567586171619312,-1.3466988975321244,6.27068233489712,-139.13803267826663
3,577,-1.5450073629097403,-1.342732537307744,6.222117860008911,-139.00679956740865
3,578,-1.5332912180767762,-1.3386636381713408,6.173151739363123,-138.87691148889385
3,579,-1.5216110773764044,-1.334492510847858,6.1237802894842766,-138.74839494915358
3,580,-1.5099678327725008,-1.3302194738689805,6.073999774225777,-138.62127711799897
3,581,-1.4983623734113407,-1.325844853548811,6.023806404148488,-138.49558584898384
3,582,-1.4867955855536954,-1.3213689839589495,5.97319633590808,-138.37134970049067
3,583,-1.4752683525071584,-1.3167922069029843,5.922165671652872,-138.24859795756868
3,584,-1.4637815545586825,-1.3121148718903868,5.870710458433839,-138.12736065455374
3,585,-1.4523360689073594,-1.3073373361098222,5.818826687628857,-138.00766859850143
3,586,-1.4409327695974365,-1.3024599644018737,5.76651029438319,-137.88955339346558
3,587,-1.4295725274515612,-1.2974831292311795,5.713757157068507,-137.77304746565622
3,588,-1.4182562100042841,-1.2924072106579882,5.66056309676287,-137.65818408951182
3,589,-1.4069846814358122,-1.2872325963091398,5.606923876754438,-137.54499741472316
3,590,-1.3957588025060088,-1.2819596813484584,5.552835202071566,-137.43352249424694
3,591,-1.3845794304886643,-1.276588868446579,5.498292719042613,-137.3237953133484
3,592,-1.3734474191060277,-1.2711205677501956,5.443292014888676,-137.21585281971588
3,593,-1.3623636184636174,-1.2655551968507415,5.387828617352904,-137.10973295468935
3,594,-1.3513288749852936,-1.259893180752498,5.331897994370297,-137.0054746856488
3,595,-1.340344031348624,-1.2541349518401381,5.275495553782213,-136.90311803960955
3,596,-1.3294099264205363,-1.2482809498457113,5.218616643100164,-136.8027041380731
3,597,-1.3185273951932506,-1.2423316218150566,5.161256549323713,-136.70427523318494
3,598,-1.3076972687205166,-1.2362874220736677,5.10341049881789,-136.60787474525256
3,599,-1.2969203740541548,-1.2301488121919992,5.045073657255825,-136.51354730167853
3,600,-1.286197534180889,-1.2239162609502137,4.986241129632604,-136.4213387773667
3,601,-1.275529567959504,-1.2175902443023867,4.9269079603572585,-136.33129633666155
3,602,-1.264917290058312,-1.2111712453401589,4.867069133429834,-136.24346847688253
3,603,-1.2543615108929407,-1.204659754255845,4.806719572711365,-136.1579050735191
3,604,-1.2438630365644414,-1.1980562683049987,4.745854142295042,-136.07465742715294
3,605,-1.2334226687977328,-1.1913612917684393,4.684467646987586,-135.99377831217845
3,606,-1.2230412048803792,-1.1845753359137443,4.622554832910479,-135.91532202739353
3,607,-1.2127194376016996,-1.1776989189562024,4.560110388231436,-135.83934444853674
3,608,-1.2024581551922302,-1.1707325660192422,4.497128944037425,-135.7659030828493
3,609,-1.1922581412635265,-1.163676809094329,4.433605075361262,-135.6950571257429
3,610,-1.1821201747483276,-1.1565321870003413,4.369533302374887,-135.62686751965848
3,611,-1.1720450298410672,-1.1492992453424207,4.304908091763266,-135.5613970152024
3,612,-1.162033475938752,-1.1419785364703063,4.239723858294143,-135.49871023465127
3,613,-1.1520862775822116,-1.1345706194361582,4.173974966599931,-135.4388737379186
3,614,-1.142204194397706,-1.1270760599518597,4.107655733189189,-135.38195609108007
3,615,-1.13238798103892,-1.1194954303458173,4.040760428706732,-135.32802793755678
3,616,-1.122638387129336,-1.111829309519259,3.9732832804626756,-135.2771620720598
3,617,-1.1129561572049826,-1.1040782829020204,3.9052184752523065,-135.2294335174018
3,618,-1.1033420306575819,-1.0962429424078401,3.836560162490473,-135.18491960428378
3,619,-1.0937967416780814,-1.0883238863891567,3.7673024576858922,-135.14370005417004
3,620,-1.0843210192005936,-1.080321719591419,3.697439446282794,-135.10585706536435
3,621,-1.0749155868467222,-1.0722370531068983,3.6269651878993154,-135.07147540240496
3,622,-1.0655811628703056,-1.0640705043280252,3.5558737209945073,-135.04064248889804
3,623,-1.0563184601025708,-1.0558226969002427,3.4841590679981067,-135.0134485039106
3,624,-1.0471281858976902,-1.0474942606743785,3.411815240939791,-134.9899864820454
3,625,-1.0380110420787674,-1.039085831658546,3.33883624761767,-134.9703524173242
3,626,-1.028967724884245,-1.030598051969579,3.2652160983486027,-134.9546453710027
3,627,-1.0199989249147299,-1.0220315697839903,3.1909488133461346,-134.94296758344436
3,628,-1.0111053270802586,-1.0133870392884765,3.1160284307756037,-134.93542459017786
3,629,-1.0022876105479912,-1.0046651206299593,3.0404490155393997,-134.93212534226257
3,630,-0.9935464486903509,-0.9958664798651752,2.9642046688496326,-134.93318233108488
3,631,-0.9848825090335953,-0.9869917889098075,2.887289538649541,-134.9387117177039
3,632,-0.9762964532068432,-0.9780417254871772,2.809697830949877,-134.94883346686248
3,633,-0.9677889368915504,-0.9690169730764896,2.7314238221512426,-134.96367148577187
3,634,-0.9593606097714338,-0.9599182208606364,2.65246187242869,-134.9833537677735
3,635,-0.9510121154828608,-0.9507461636735667,2.5728064402607216,-135.00801254097016
3,636,-0.9427440915656982,-0.941501501947229,2.492452098190792,-135.0377844219084
3,637,-0.9345571694146226,-0.9321849416580766,2.4113935499158017,-135.07281057438144
3,638,-0.9264519742309061,-0.9227971942731583,2.3296256488032983,-135.11323687340362
3,639,-0.9184291249746701,-0.9133389766957853,2.247143417946182,-135.15921407439012
3,640,-0.9104892343176223,-0.9038110112107877,2.1639420718717934,-135.21089798755062
3,641,-0.9026329085962634,-0.8942140254293507,2.0800170400303943,-135.26844965748091
3,642,-0.8948607477655877,-0.8845487522334541,1.9953639921972637,-135.33203554790316
3,643,-0.8871733453532669,-0.8748159297199057,1.9099788659316936,-135.40182773147015
3,644,-0.879571288414323,-0.865016301143973,1.8238578962462846,-135.47800408450587
3,645,-0.8720551574862987,-0.855150614862625,1.7369976476504843,-135.56074848650735
3,646,-0.864625526544923,-0.845219624277383,1.6493950487432139,-135.6502510241745
3,647,-0.8572829629602818,-0.8352240877767898,1.56104742954118,-135.7467081996734
3,648,-0.8500280274534868,-0.8251647686784896,1.471952561741372,-135.85032314276262
3,649,-0.8428612740538561,-0.8150424351709382,1.3821087021291836,-135.96130582633063
3,650,-0.8357832500566096,-0.8048578602547435,1.2915146393564854,-136.07987328479712
3,651,-0.8287944959810671,-0.7946118216836286,1.2001697443274548,-136.20624983472248
3,652,-0.8218955455293766,-0.7843051019050409,1.1080740244441607,-136.34066729685003
3,653,-0.8150869255457567,-0.7739384880004027,1.0152281819777251,-136.48336521866662
3,654,-0.8083691559762622,-0.7635127716249991,0.9216336768452609,-136.63459109641462
3,655,-0.8017427498290786,-0.7530287489475271,0.8272927940872143,-136.79460059531172
3,656,-0.7952082131353453,-0.7424872205892923,0.7322087163536084,-136.9636577665441
3,657,-0.7887660449105152,-0.7318889915630742,0.6363856017215618,-137.14203525937646
3,658,-0.7824167371162423,-0.7212348712116435,0.5398286671791503,-137.33001452648324
3,659,-0.7761607746228147,-0.7105256731459598,0.44254427812297803,-137.52788602032984
3,660,-0.7699986351721295,-0.6997622151830423,0.3445400442270953,-137.7359493781355
3,661,-0.7639307893412053,-0.6889453192835101,0.24582492204940662,-137.9545135926131
3,662,-0.7579577005062481,-0.6780758114888156,0.1464093247481826,-138.1838971653123
3,663,-0.7520798248072673,-0.6671545218581667,0.04630523928395192,-138.42442823898628
3,664,-0.7462976111132387,-0.6561822844051324,-0.05447364851886348,-138.6764447049551
3,665,-0.7406115009878276,-0.6451599370339559,-0.15591182068171391,-138.94029428094723
3,666,-0.7350219286556687,-0.634088321475566,-0.25799178519619653,-139.21633455436893
3,667,-0.7295293209692073,-0.6229682832233023,-0.3606939252243423,-139.50493298536855
3,668,-0.7241340973760997,-0.6118006714683407,-0.4639963390638504,-139.80646686343488
3,669,-0.7188366698871826,-0.6005863390348483,-0.5678746706039609,-140.12132321059258
3,670,-0.7136374430450125,-0.5893261423148597,-0.6723019300467865,-140.44989862353427
3,671,-0.7085368138929675,-0.5780209412028718,-0.7772483047315082,-140.79259904625883
3,672,-0.7035351719449296,-0.5666715990301799,-0.8826809599770171,-141.14983946397348
3,673,-0.698632899155541,-0.5552789824989522,-0.988563829955565,-141.52204350816973
3,674,-0.6938303698910309,-0.543843961616037,-1.0948573987277317,-141.90964296190313
3,675,-0.6891279509006305,-0.5323674096265278,-1.201518471709892,-142.31307715341015
3,676,-0.6845260012885646,-0.5208502029470755,-1.308499938013992,-142.7327922252934
3,677,-0.6800248724866294,-0.5092932210989642,-1.4157505242968198,-143.169240265616
3,678,-0.6756249082273531,-0.49769734664093934,-1.5232145409871725,-143.62287828639373
3,679,-0.6713264445177474,-0.48606346510181336,-1.630831622025879,-144.09416703418202
3,680,-0.6671298096136495,-0.4743924649128453,-1.7385364595600201,-144.5835696167655
3,681,-0.6630353239946525,-0.46268523733988814,-1.8462585353806604,-145.0915499294059
3,682,-0.6590433003396319,-0.45094267641533076,-1.9539218512850614,-145.61857086374073
3,683,-0.6551540435028689,-0.4391656788698226,-2.0614446609822883,-146.16509228231027
3,684,-0.6513678504907696,-0.4273551440637982,-2.1687392066443416,-146.73156874188413
3,685,-0.6476850104391829,-0.41551197391879,-2.2757114637338653,-147.3184469493412
3,686,-0.6441058045913206,-0.40363707284855616,-2.382260898310055,-147.92616293490553
3,687,-0.6406305062762812,-0.3917313476900171,-2.488280241623176,-148.55513892915107
3,688,-0.6372593808881761,-0.3797957076339976,-2.5936552874462304,-149.20577993245234
3,689,-0.6339926858658615,-0.3678310641557991,-2.698264718249302,-149.87846996857883
3,690,-0.6308306706732818,-0.35583833094559725,-2.8019799669834993,-150.57356801800768
3,691,-0.6277735767804151,-0.34381842383866085,-2.904665121888149,-151.29140363136088
3,692,-0.6248216376448363,-0.33177226074541727,-3.0061768823423565,-152.0322722292405
3,693,-0.6219750786938878,-0.31970076158135363,-3.106364574323079,-152.79643010171804
3,694,-0.6192341173074649,-0.3076048481967712,-3.205070234470728,-153.58408912886281
3,695,-0.6165989628014139,-0.2954854443063802,-3.3021287720621544,-154.3954112529909
3,696,-0.6140698164115501,-0.2833434754187634,-3.3973682183051386,-155.23050274372412
3,697,-0.6116468712782883,-0.2711798687657026,-3.4906100722519255,-156.08940830838588
3,698,-0.6093303124318936,-0.258995553231362,-3.581669752231792,-156.97210511254457
3,699,-0.6071203167783521,-0.2467914592813572,-3.6703571609750285,-157.87849678839402
3,700,-0.6050170530858618,-0.2345685188917032,-3.7564773714974327,-158.8084075217975
3,701,-0.6030206819719428,-0.2223276654776355,-3.839831439294435,-159.7615763217668
3,702,-0.6011313558911731,-0.2100698338223342,-3.920217344427985,-160.73765158836332
3,703,-0.5993492191235446,-0.1977959600055361,-3.9974310646634725,-161.73618610587295
3,704,-0.5976744077634482,-0.18550698133205493,-4.071267777931716,-162.7566325969046
3,705,-0.5961070497092769,-0.17320383626019598,-4.14152318908319,-163.79833997905024
3,706,-0.5946472646536611,-0.1608874643300935,-4.207994972223981,-164.86055046814138
3,707,-0.5932951640743287,-0.14855880609196587,-4.270484315965348,-165.94239767021818
3,708,-0.5920508512255898,-0.136218803034282,-4.328797554800456,-167.0429057974297
3,709,-0.5909144211304531,-0.12386839751186893,-4.382747865694403,-168.16099013070348
3,710,-0.5898859605733695,-0.11150853267394543,-4.432157005016201,-169.29545883387163
3,711,-0.5889655480936038,-0.09914015239210275,-4.476857057351085,-170.44501619998047
3,712,-0.5881532539792376,-0.08676420118821745,-4.516692164718157,-171.60826738104387
3,713,-0.5874491402618018,-0.07438162416232606,-4.551520202487203,-172.78372461815724
3,714,-0.5868532607115395,-0.061993366920455324,-4.5812143670294265,-173.969814950684
3,715,-0.5863656608332988,-0.049600375502402816,-4.60566464000588,-175.1648893424926
3,716,-0.5859863778630592,-0.037203596309495456,-4.6247790953036265,-176.36723312158716
3,717,-0.5857154407650875,-0.024803976032320593,-4.638485017022191,-177.5750775887873
3,718,-0.585552870229725,-0.012402461578423618,-4.646729800569441,-178.78661261330134
3,719,-0.5854986786718095,-3.476188250434877e-16,-4.6494816137517265,-179.99999999999997
6,0,-0.666139424583122,0.0,-3.528697248729707,180.0
6,1,-0.6661649808122959,0.00584888426556551,-3.528029251005322,179.49695978884677
6,2,-0.6662416475481945,0.011697321876110403,-3.526025925072811,178.99415125798518
6,3,-0.6663694189360974,0.01754486621072325,-3.522689270521451,178.49180564285382
6,4,-0.6665482852186335,0.023391070716708397,-3.5180226129055328,177.9901532913166
6,5,-0.6667782327365275,0.02923548894368735,-3.512030593152449,177.48942322518417
6,6,-0.6670592439296414,0.03507767457769233,-3.5047191528332955,176.9898427080536
6,7,-0.6673912973383166,0.04091718147524939,-3.4960955153937414,176.49163682148424
6,8,-0.6677743676050122,0.04675356369744862,-3.4861681634691077,175.99502805145454
6,9,-0.6682084254762414,0.05258637554399856,-3.474946812432181,175.50023588695552
6,10,-0.6686934378048057,0.05841517158726255,-3.4624423803452427,175.0074764324704
6,11,-0.6692293675523265,0.06423950670627414,-3.4486669545089916,174.5169620359723
6,12,-0.6698161737920727,0.07005893612072916,-3.4336337548199545,174.02890093394052
6,13,-0.6704538117120867,0.07587301542495177,-3.417357094164805,173.5434969147551
6,14,-0.6711422326186067,0.08168130062183178,-3.39985233609437,173.06094900167955
6,15,-0.6718813839397848,0.08748334815673099,-3.3811358500320097,172.5814511564858
6,16,-0.6726712092297016,0.0932787149513556,-3.36122496428037,172.10519200461394
6,17,-0.6735116481726773,0.0990669584375921,-3.3401379170974472,171.63235458259658
6,18,-0.6744026365878772,0.10484763659130457,-3.3178938061169907,171.16311610831235
6,19,-0.6753441064342137,0.11062030796609014,-3.294512536390244,170.69764777447014
6,20,-0.6763359858155411,0.11638453172699038,-3.2700147673252467,170.23611456556498
6,21,-0.6773781989861469,0.12213986768415615,-3.244421858797116,169.77867509838944
6,22,-0.6784706663565364,0.1278858763264629,-3.217755816697589,169.32548148603502
6,23,-0.6796133044995095,0.13362211885507447,-3.1900392381850478,168.87667922517304
6,24,-0.680806026156533,0.13934815721695232,-3.1612952568873496,168.4324071062711
6,25,-0.6820487402444032,0.14506355413830768,-3.131547488299246,167.99279714627366
6,26,-0.683341351862202,0.15076787315799448,-3.1008199756041934,167.55797454316144
6,27,-0.6846837622985442,0.15646067866084007,-3.0691371361371447,167.1280576516968
6,28,-0.6860758690391151,0.16214153591091127,-3.03652370869071,166.70315797957156
6,29,-0.6875175657744997,0.16781001108471338,-3.003004701851968,166.28338020308826
6,30,-0.689008742408301,0.17346567130431942,-2.968605343541648,165.86882220143704
6,31,-0.690549285065547,0.1791080846704275,-2.933351031911229,165.4595751085696
6,32,-0.6921390761013879,0.18473682029534266,-2.8972672877372885,165.0557233816255
6,33,-0.6937779941100793,0.19035144833588255,-2.860379708436021,164.65734488482613
6,34,-0.6954659139342538,0.19595154002620233,-2.822713923804673,164.26451098772827
6,35,-0.6972027066744786,0.20153666771053788,-2.7842955535806158,163.87728667671098
6,36,-0.6989882396990992,0.2071064048758643,-2.7451501668931932,163.49573067856295
6,37,-0.700822376654368,0.21266032618446662,-2.705303243668517,163.11989559504005
6,38,-0.7027049774748565,0.21819800750642127,-2.6647801380327527,162.74982804727247
6,39,-0.7046358983941522,0.22371902595198503,-2.62360604374589,162.38556882891822
6,40,-0.7066149919558372,0.2292229599038895,-2.581805961684846,162.0271530669839
6,41,-0.7086421070247486,0.234709389049538,-2.5394046693826997,161.6746103892648
6,42,-0.7107170887985206,0.24017789441310342,-2.4964266926195404,161.3279650973892
6,43,-0.7128397788194052,0.24562805838752344,-2.4528962790500204,160.98723634449394
6,44,-0.7150100149863743,0.2510594647663915,-2.4088373738431845,160.6524383165987
6,45,-0.7172276315674971,0.25647169877574094,-2.3642735973017057,160.32358041679558
6,46,-0.719492459212598,0.2618643471057191,-2.3192282244197764,160.0006674514155
6,47,-0.7218043249661876,0.26723699794215067,-2.2737241663324004,159.6836998173858
6,48,-0.724163052280672,0.2725892409979857,-2.227783953602656,159.372673690043
6,49,-0.726568461029834,0.277920667544632,-2.1814297212886533,159.06758121071704
6,50,-0.7290203675225888,0.28323087044316764,-2.134683195727475,158.76841067345393
6,51,-0.7315185845170122,0.28851944417543257,-2.0875656829699714,158.475146710297
6,52,-0.7340629212346391,0.29378598487499674,-2.0400980587974713,158.18777047459582
6,53,-0.7366531833750324,0.29903009035800093,-1.9923007602492877,157.90625982186225
6,54,-0.7392891731306208,0.3042513601538706,-1.944193778588501,157.63058948774145
6,55,-0.7419706892018055,0.30944939553589795,-1.8957966536324145,157.36073126271202
6,56,-0.7446975268123314,0.3146237995516906,-1.8471284693738863,157.09665416317404
6,57,-0.7474694777249252,0.31977417705348593,-1.7982078508195514,156.83832459862725
6,58,-0.7502863302571988,0.32490013472832624,-1.7490529619716744,156.58570653468186
6,59,-0.7531478692978127,0.3300012811280947,-1.6996815048810967,156.3387616516835
6,60,-0.7560538763229051,0.3350772266994088,-1.6501107197000064,156.0974494987696
6,61,-0.7590041294127784,0.3401275838133685,-1.6003573856647788,155.86172764320904
6,62,-0.7619984032688462,0.34515196679515814,-1.5504378229408522,155.63155181490822
6,63,-0.7650364692308397,0.35014999195349894,-1.5003678952635577,155.40687604599734
6,64,-0.7681180952942679,0.3551212776099492,-1.450163013311057,155.18765280543533
6,65,-0.7712430461281362,0.3600654441280527,-1.3998381387477086,154.97383312860038
6,66,-0.7744110830929168,0.36498211394232877,-1.3494077888786782,154.76536674185266
6,67,-0.7776219642587727,0.36987091158710605,-1.2988860418590544,154.56220218207872
6,68,-0.7808754444240336,0.37473146372519534,-1.2482865424032863,154.36428691124476
6,69,-0.7841712751339197,0.3795633991763992,-1.1976225079433678,154.17156742600352
6,70,-0.7875092046995164,0.384366348945858,-1.1469067351867468,153.98398936241367
6,71,-0.7908889782169939,0.38913994625222853,-1.096151607027587,153.80149759584532
6,72,-0.7943103375870735,0.393883826555693,-1.0453690997675746,153.62403633615506
6,73,-0.7977730215347375,0.39859762758579803,-0.9945707906049817,153.45154921822626
6,74,-0.8012767656291817,0.4032809893691196,-0.943767865353248,153.28397938797733
6,75,-0.8048213023040088,0.4079335542567525,-0.8929711263527684,153.12126958394882
6,76,-0.8084063608776616,0.4125549669516227,-0.8421910005419452,152.96336221458685
6,77,-0.8120316675740936,0.41714487453561994,-0.7914375476559011,152.81019943134442
6,78,-0.8156969455436759,0.42170292649654845,-0.7407204685234757,152.66172319772673
6,79,-0.8194019148843396,0.42622877475489424,-0.6900491134352661,152.51787535441005
6,80,-0.8231462926629503,0.4307220736904064,-0.6394324905575548,152.37859768056518
6,81,-0.8269297929369152,0.4351824801684908,-0.5888792743689646,152.24383195151805
6,82,-0.8307521267760182,0.43960965356641396,-0.5383978140985222,152.11351999288132
6,83,-0.8346130022844854,0.44400325579931427,-0.4879961421456572,151.9876037312903
6,84,-0.8385121246232755,0.4483629513460214,-0.4376819824643351,151.86602524187555
6,85,-0.8424491960325953,0.45268840727467735,-0.3874627588951899,151.74872679260545
6,86,-0.8464239158546389,0.45697929326816206,-0.3373456034309965,151.6356508856276
6,87,-0.8504359805565471,0.4612352816493178,-0.28733736440229357,151.5267402957389
6,88,-0.854485083753587,0.4654560474059727,-0.23744461457133922,151.4219381061099
6,89,-0.8585709162325499,0.46964126821576047,-0.18767365912381703,151.32118774138792
6,90,-0.862693165975364,0.4737906244707352,-0.13803054354892547,151.2244329982994
6,91,-0.8668515181829225,0.47790379930177784,-0.08852106139962714,151.1316180738708
6,92,-0.8710456552991228,0.48198047860279486,-0.039150761925797965,151.04268759138154
6,93,-0.8752752570351175,0.4860203510547047,0.01007504242593108,150.95758662416247
6,94,-0.8795400003937733,0.49002310814921224,0.05915126865101116,150.87626071734735
6,95,-0.8838395596943371,0.49398844421236815,0.10807305596899011,150.7986559076826
6,96,-0.8881736065973067,0.497916056427912,0.156835758752467,150.72471874149687
6,97,-0.8925418101295048,0.501805644860397,0.20543493960599507,150.65439629092867
6,98,-0.8969438367093543,0.505656912478095,0.2538663625973587,150.5876361685062
6,99,-0.9013793501723517,0.5094695651756793,0.3021259866429402,150.52438654017033
6,100,-0.90584801179674,0.5132433117966848,0.35020995904849667,150.4645961368283
6,101,-0.910349480329374,0.5169778641557413,0.3981146092059774,150.40821426452246
6,102,-0.9148834120117815,0.5206729370605824,0.4458364424467547,150.35519081329323
6,103,-0.9194494606064139,0.5243282483338236,0.4933721340510538,150.30547626481498
6,104,-0.9240472774230877,0.5279435188345112,0.5407185234130992,150.25902169887763
6,105,-0.9286765113456117,0.531518472479439,0.5878726083611234,150.2157787987845
6,106,-0.9333368088586009,0.5350528362642318,0.634831539631069,150.1756998557343
6,107,-0.9380278140744729,0.538546340284194,0.6815926154925701,150.138737772251
6,108,-0.9427491687606251,0.5419987177549201,0.7281532765255014,150.10484606472306
6,109,-0.9475005123667923,0.5454097050326688,0.7745111005452745,150.07397886511035
6,110,-0.9522814820525793,0.5487790416344963,0.8206637976747423,150.04609092187383
6,111,-0.957091712715171,0.5521064702581476,0.8666092055604844,150.02113760018182
6,112,-0.9619308370172119,0.5553917368017064,0.9123452847311274,149.99907488144157
6,113,-0.9667984854148597,0.5586345903829992,0.9578701140951469,149.97985936220468
6,114,-0.9716942861860056,0.5618347833587551,1.0031818865755535,149.96344825249122
6,115,-0.9766178654586604,0.564992071343516,1.048278904878765,149.94979937357516
6,116,-0.9815688472395058,0.5681062132282999,1.0931595773949083,149.93887115527184
6,117,-0.9865468534426083,0.5711769711990139,1.1378224142266928,149.93062263276556
6,118,-0.9915515039182907,0.5742041107546141,1.1822660233439999,149.92501344301354
6,119,-0.9965824164821642,0.5771874007250142,1.2264891068612942,149.92200382076078
6,120,-1.0016392069443123,0.5801266132887388,1.2704904574348932,149.92155459419763
6,121,-1.0067214891386316,0.5830215239903211,1.3142689547772093,149.92362718029094
6,122,-1.0118288749523203,0.5858719117574436,1.357823562284969,149.92818357981756
6,123,-1.0169609743555175,0.5886775589178205,1.4011533237785216,149.93518637212685
6,124,-1.0221173954310883,0.5914382512158207,1.4442573603492705,149.94459870965807
6,125,-1.0272977444045526,0.5941537778288293,1.487134867312366,149.95638431223665
6,126,-1.0325016256741555,0.5968239313833473,1.5297851112617245,149.9705074611716
6,127,-1.037728641841079,0.5994485079708277,1.5722074272245967,149.98693299317551
6,128,-1.0429783937397883,0.6020273071632478,1.6144012159127996,150.00562629412659
6,129,-1.0482504804685158,0.6045601320284143,1.6563659410678628,150.0265532926921
6,130,-1.0535444994198748,0.6070467891450024,1.6981011268973665,150.04968045382986
6,131,-1.0588600463116071,0.609487088617327,1.7396063555997583,150.07497477218462
6,132,-1.0641967152174532,0.6118808440898438,1.780881264974992,150.10240376539446
6,133,-1.0695540985981546,0.6142278727613804,1.8219255461184445,150.13193546732165
6,134,-1.0749317873325732,0.6165279953990965,1.8627389411954944,150.16353842122092
6,135,-1.0803293707489363,0.6187810363521711,1.9033212412943334,150.19718167285802
6,136,-1.0857464366561964,0.6209868235652156,1.9436722843545275,150.2328347635899
6,137,-1.0911825713755088,0.6231451885914141,1.983791953168965,150.27046772341737
6,138,-1.0966373597718229,0.6252559666053857,2.0236801734568615,150.31005106402034
6,139,-1.1021103852855845,0.6273189964157727,2.0633369120055463,150.3515557717847
6,140,-1.1076012299645457,0.6293341204775491,2.102762174878789,150.39495330082966
6,141,-1.113109474495684,0.6313011849040524,2.141956005689569,150.440215566044
6,142,-1.1186346982372215,0.6332200394787351,2.180918483935092,150.48731493613738
6,143,-1.1241764792507487,0.6350905376666355,2.21964972339209,150.5362242267149
6,144,-1.129734394333446,0.6369125366255692,2.2581498705703487,150.58691669338037
6,145,-1.1353080190504017,0.6386858972170363,2.2964191032225605,150.63936602487448
6,146,-1.1408969277670251,0.6404104840168471,2.3344576289086,150.6935463362528
6,147,-1.1465006936815492,0.6420861653254643,2.3722656836123837,150.74943216210903
6,148,-1.1521188888576246,0.6437128131780595,2.4098435304095642,150.80699844984727
6,149,-1.1577510842569991,0.6452903033542865,2.447191458184301,150.8662205530081
6,150,-1.1633968497722817,0.6468185153877666,2.484309780393455,150.92707422465153
6,151,-1.1690557542597881,0.648297332575288,2.5211988338765607,150.98953561080052
6,152,-1.174727365572465,0.649726641985719,2.5578589777100262,151.05358124394812
6,153,-1.1804112505928914,0.6511063344686306,2.5942905921040054,151.1191880366306
6,154,-1.1861069752663542,0.6524363046626337,2.63049407734049,151.18633327506933
6,155,-1.1918141046339954,0.6537164510034229,2.666469852751181,151.25499461288368
6,156,-1.1975322028660278,0.6549466757315346,2.7022183557337205,151.3251500648762
6,157,-1.2032608332950172,0.6561268848998114,2.7377400408049883,151.39677800089268
6,158,-1.20899955844923,0.6572569883805762,2.7730353786901425,151.46985713975778
6,159,-1.2147479400860393,0.658336899872516,2.8081048554461185,151.5443665432878
6,160,-1.2205055392253932,0.6593665369072713,2.8429489716184184,151.62028561038193
6,161,-1.2262719161833375,0.6603458208557343,2.8775682414299766,151.6975940711922
6,162,-1.2320466306055924,0.6612746769340537,2.9119631920009788,151.77627198137367
6,163,-1.2378292415011805,0.6621530342093451,2.946134362598519,151.85629971641458
6,164,-1.243619307276103,0.6629808256051082,2.980082303915057,151.93765796604785
6,165,-1.2494163857670637,0.6637579879063492,3.0138075773746076,152.0203277287432
6,166,-1.2552200342752338,0.6644844617644081,3.047310754465716,152.10429030628117
6,167,-1.26102980960006,0.665160191701491,3.0805924161002194,152.18952729840785
6,168,-1.2668452680731093,0.6657851261149066,3.1136531519968735,152.2760205975717
6,169,-1.2726659655919497,0.6663592172810069,3.146493560088976,152.36375238374097
6,170,-1.2784914576540656,0.6668824213588319,3.1791142459550894,152.4527051193026
6,171,-1.284321299390802,0.6673546983934574,3.2115158222720366,152.54286154404156
6,172,-1.2901550456013373,0.6677760123190459,3.24369890828937,152.6342046702005
6,173,-1.295992250786681,0.6681463309616013,3.2756641293245368,152.7267177776194
6,174,-1.301832469183696,0.6684656260414253,3.3074121162779773,152.82038440895465
6,175,-1.3076752547991373,0.668733873175278,3.3389435051674217,152.91518836497664
6,176,-1.3135201614437135,0.6689510518782387,3.370258936680731,153.01111369994578
6,177,-1.319366742766158,0.669117145565271,3.4013590557465423,153.1081447170659
6,178,-1.3252145522873164,0.6692321415524893,3.4322445111221227,153.2062659640145
6,179,-1.3310631434342424,0.6692960310581274,3.4629159549977717,153.30546222854898
6,180,-1.336912069574299,0.6693088092032088,3.4933740426171553,153.40571853418817
6,181,-1.342760884049268,0.6692704750119194,3.52361943191303,153.50702013596825
6,182,-1.3486091402094584,0.6691810314116826,3.553652783157753,153.60935251627228
6,183,-1.3544563914478156,0.6690404852329347,3.583474758628045,153.71270138073243
6,184,-1.3603021912340263,0.6688488472086045,3.613086022283474,153.81705265420396
6,185,-1.3661460931486187,0.6686061319732923,3.642487239458185,153.92239247681024
6,186,-1.3719876509170537,0.6683123580621537,3.6716790765653284,154.02870720005765
6,187,-1.377826418443805,0.6679675479094832,3.7006622008137837,154.13598338301952
6,188,-1.383661949846425,0.6675717278470014,3.729437279936669,154.24420778858806
6,189,-1.3894937994895964,0.6671249281018438,3.758004981931218,154.35336737979367
6,190,-1.3953215220191615,0.6666271827942528,3.7863659748096277,154.46344931619007
6,191,-1.4011446723961338,0.6660785299349723,3.8145209263604136,154.57444095030476
6,192,-1.406962805930683,0.6654790114223444,3.8424705039199294,154.68632982415366
6,193,-1.4127754783160942,0.6648286730391101,3.8702153741536622,154.7991036658188
6,194,-1.4185822456626975,0.6641275644489131,3.8977562028469075,154.91275038608845
6,195,-1.4243826645317674,0.6633757391925069,3.925093654704523,155.02725807515824
6,196,-1.4301762919693837,0.6625732546836669,3.9522283931593565,155.14261499939263
6,197,-1.4359626855402607,0.6617201722048047,3.9791610801891113,155.25880959814566
6,198,-1.441741403361533,0.6608165569022892,4.005892376141232,155.3758304806398
6,199,-1.4475120041365,0.6598624777814717,4.032422939565581,155.4936664229023
6,200,-1.4532740471883265,0.6588580077014152,4.058753427054597,155.61230636475784
6,201,-1.4590270924936948,0.6578032233693318,4.084884493090613,155.73173940687644
6,202,-1.4647707007164081,0.656698205334724,4.110816789900127,155.85195480787576
6,203,-1.4705044332409405,0.6555430379832334,4.136550967314711,155.97294198147694
6,204,-1.4762278522059316,0.6543378095301973,4.162087672638325,156.09469049371324
6,205,-1.4819405205376257,0.6530826120139114,4.187427550520802,156.21719006018952
6,206,-1.4876420019832475,0.6517775412886013,4.212571242837251,156.34043054339318
6,207,-1.4933318611443178,0.6504226970171029,4.237519388573157,156.46440195005442
6,208,-1.4990096635099037,0.649018182663251,4.262272623714972,156.58909442855546
6,209,-1.5046749754897992,0.6475641054839785,4.286831581145971,156.71449826638772
6,210,-1.5103273644476376,0.6460605765211258,4.311196890547181,156.84060388765604
6,211,-1.5159663987339294,0.6445077105929606,4.335369178303179,156.96740185062922
6,212,-1.5215916477190259,0.6429056262854101,4.359349067412585,157.0948828453357
6,213,-1.527202681826005,0.6412544459430048,4.3831371774030465,157.22303769120393
6,214,-1.5327990725634757,0.6395542956595357,4.406734124250571,157.35185733474643
6,215,-1.5383803925583006,0.6378053052684247,4.430140520303003,157.48133284728638
6,216,-1.5439462155882318,0.6360076083328106,4.453356974207507,157.61145542272655
6,217,-1.549496116614461,0.6341613421353482,4.476384090841908,157.74221637535945
6,218,-1.5550296718140764,0.6322666476677261,4.4992224712496895,157.87360713771756
6,219,-1.5605464586124298,0.6303236696198984,4.521872712578584,158.00561925846367
6,220,-1.5660460557154066,0.6283325563690357,4.544335408022538,158.13824440031985
6,221,-1.5715280431415966,0.6262934599681949,4.566611146766958,158.2714743380346
6,222,-1.5769920022543689,0.6242065361347063,4.588700513937111,158.40530095638735
6,223,-1.5824375157938393,0.6220719442382833,4.610604090549532,158.5397162482297
6,224,-1.5878641679087355,0.6198898472888512,4.632322453466323,158.67471231256266
6,225,-1.5932715441881544,0.6176604119240992,4.653856175352258,158.81028135264907
6,226,-1.5986592316932082,0.6153838083967546,4.675205824634524,158.94641567416042
6,227,-1.604026818988559,0.6130602105615817,4.696371965465051,159.08310768335787
6,228,-1.6093738961738382,0.6106897958621053,4.717355157685285,159.22034988530606
6,229,-1.6147000549149502,0.6082727453170594,4.73815595679332,159.35813488212
6,230,-1.6200048884752531,0.6058092435065645,4.758774913913298,159.4964553712432
6,231,-1.6252879917466214,0.6032994785580311,4.779212575766966,159.63530414375768
6,232,-1.6305489612803812,0.6007436421317935,4.799469484647313,159.7746740827242
6,233,-1.6357873953181197,0.5981419294064741,4.8195461783942095,159.9145581615527
6,234,-1.641002893822368,0.5954945390640775,4.839443190371943,160.054949442402
6,235,-1.6461950585071472,0.5928016732748183,4.859161049448589,160.19584107460872
6,236,-1.6513634928683856,0.5900635376816825,4.878700279977114,160.33722629314386
6,237,-1.656507802214199,0.5872803413847232,4.898061401778201,160.47909841709765
6,238,-1.6616275936950289,0.5844522969250922,4.917244930124619,160.6214508481911
6,239,-1.6667224763336457,0.5815796202688094,4.936251375727182,160.76427706931443
6,240,-1.6717920610550037,0.5786625307902709,4.955081244722135,160.9075706430912
6,241,-1.676835960715955,0.5757012512554948,4.97373503865998,161.05132521046832
6,242,-1.6818537901348132,0.5726960078051111,4.9922132544956135,161.19553448933095
6,243,-1.6868451661207668,0.5696470299370917,5.010516384579777,161.34019227314158
6,244,-1.6918097075031453,0.566554550489224,5.028644916651711,161.4852924296036
6,245,-1.6967470351605232,0.563418805621331,5.0465993338329875,161.63082889934793
6,246,-1.7016567720496765,0.5602400347972356,5.064380114622465,161.77679569464303
6,247,-1.7065385432343718,0.5570184807664752,5.081987732892303,161.9231868981271
6,248,-1.7113919759140015,0.553754389545763,5.099422657885003,162.06999666156278
6,249,-1.716216699452052,0.5504480104002004,5.1166853542113975,162.21721920461312
6,250,-1.7210123454044073,0.5470995958242428,5.133776281849589,162.36484881363884
6,251,-1.7257785475474867,0.5437094015224163,5.150695896144757,162.51287984051672
6,252,-1.73051494190621,0.5402776863897919,5.167444647809788,162.66130670147757
6,253,-1.7352211667817945,0.5368047124922141,5.184022982926727,162.810123875965
6,254,-1.7398968627793758,0.5332907450462873,5.200431342948963,162.95932590551288
6,255,-1.7445416728354526,0.5297360523991242,5.21667016470415,163.1089073926425
6,256,-1.7491552422451557,0.5261409060078513,5.232739880397787,163.25886299977827
6,257,-1.7537372186893336,0.52250558041888,5.248640917617479,163.40918744818143
6,258,-1.7582872522614585,0.5188303532469404,5.264373699337766,163.5598755169023
6,259,-1.7628049954943483,0.5151155051538806,5.279938643925572,163.71092204174963
6,260,-1.7672901033866983,0.5113613198272343,5.295336165146175,163.8623219142771
6,261,-1.7717422334294313,0.5075680839585562,5.310566672169706,164.01407008078726
6,262,-1.77616104563185,0.5037360872215292,5.325630569578137,164.16616154135144
6,263,-1.780546202547603,0.4998656222498429,5.3405282573727275,164.31859134884587
6,264,-1.784897369300454,0.49595698461484566,5.35526013098189,164.47135460800382
6,265,-1.789214213609853,0.4920104728029748,5.369826581269486,164.62444647448325
6,266,-1.793496405816314,0.48802638819296035,5.3842279945434965,164.77786215394931
6,267,-1.7977436189065878,0.48400503503281167,5.398464752565035,164.93159690117207
6,268,-1.8019555285386348,0.47994672041658265,5.412537232557707,165.08564601913852
6,269,-1.8061318130663944,0.47585175426091947,5.426445807217287,165.24000485817905
6,270,-1.8102721535643471,0.47172044928139556,5.44019084472167,165.39466881510765
6,271,-1.8143762338518705,0.46755312096862794,5.453772708741107,165.54963333237592
6,272,-1.8184437405173828,0.46335008756418755,5.467191758448674,165.70489389724017
6,273,-1.822474362942279,0.45911167003629444,5.48044834853099,165.86044604094204
6,274,-1.8264677933246503,0.45483819205530696,5.493542829199126,166.01628533790145
6,275,-1.8304237267027892,0.45052997996900546,5.506475546199731,166.17240740492244
6,276,-1.8343418609784798,0.44618736277766924,5.519246840826303,166.32880790041122
6,277,-1.8382218969400659,0.4418106721089531,5.531857049930644,166.4854825236057
6,278,-1.8420635382853021,0.43740024219256146,5.544306505934468,166.64242701381778
6,279,-1.8458664916439802,0.43295640983472555,5.556595536841094,166.79963714968602
6,280,-1.849630466600333,0.42847951439248255,5.5687244662472954,166.95710874844053
6,281,-1.8533551757152122,0.42396989774775923,5.580693613355239,167.11483766517802
6,282,-1.857040334548039,0.41942790428126614,5.592503292984485,167.27281979214837
6,283,-1.8606856616785257,0.41485388084619607,5.604153815584098,167.43105105805125
6,284,-1.8642908787281653,0.4102481767417386,5.615645487244789,167.58952742734306
6,285,-1.867855710381493,0.4056111436864044,5.626978609711113,167.74824489955435
6,286,-1.8713798844071077,0.40094313579116525,5.638153480393714,167.90719950861657
6,287,-1.8748631316784627,0.39624450953241436,5.649170392381567,168.066387322199
6,288,-1.8783051861944189,0.39151562372474075,5.660029634454279,168.2258044410547
6,289,-1.8817057850995558,0.3867568394935309,5.670731491094346,168.3854469983758
6,290,-1.885064668704246,0.3819685202473893,5.681276242499424,168.54531115915808
6,291,-1.8883815805044875,0.37715103165038666,5.691664164594603,168.7053931195739
6,292,-1.8916562672014896,0.37230474159413685,5.701895529044617,168.8656891063542
6,293,-1.8948884787210178,0.3674300201697005,5.711970603266052,169.02619537617878
6,294,-1.8980779682324913,0.3625272396393247,5.721889650439493,169.18690821507457
6,295,-1.901224492167831,0.35759677440801424,5.731652929521626,169.34782393782243
6,296,-1.9043278102400611,0.3526390009949385,5.741260695257294,169.50893888737158
6,297,-1.907387685461658,0.34765429800468073,5.750713198191445,169.6702494342615
6,298,-1.9104038841626485,0.34264304609832297,5.760010684681073,169.8317519760519
6,299,-1.9133761760084538,0.33760562796437876,5.769153396907002,169.99344293675946
6,300,-1.9163043340174795,0.3325424282895677,5.778141572885648,170.15531876630217
6,301,-1.9191881345784494,0.32745383372943815,5.7869754464806515,170.3173759399505
6,302,-1.9220273574674813,0.3223402328788413,5.795655247414411,170.4796109577853
6,303,-1.9248217858649048,0.3172020162422539,5.804181201279521,170.6420203441628
6,304,-1.9275712063718191,0.31203957620395945,5.8125535295501045,170.80460064718545
6,305,-1.9302754090263896,0.3068533069980808,5.820772449592995,170.9673484381799
6,306,-1.9329341873198806,0.30164360467847634,5.828838174678842,171.13026031118056
6,307,-1.9355473382124269,0.2964108670884942,5.836750913993047,171.2933328824196
6,308,-1.9381146621485383,0.2911554938305895,5.844510872646599,171.45656278982267
6,309,-1.9406359630723395,0.2858778862358107,5.852118251686747,171.61994669251052
6,310,-1.9431110484425411,0.280578447333149,5.859573248107546,171.7834812703061
6,311,-1.9455397292471446,0.27525758181876303,5.866876054860256,171.9471632232473
6,312,-1.9479218200178747,0.26991569602507276,5.8740268608635855,172.11098927110461
6,313,-1.9502571388443442,0.26455319788972875,5.881025851013782,172.27495615290488
6,314,-1.9525455073879447,0.25917049692446176,5.887873206194562,172.43906062645905
6,315,-1.954786750895467,0.2537680041838077,5.89456910328689,172.60329946789557
6,316,-1.956980698212445,0.24834613223371907,5.90111371517858,172.76766947119827
6,317,-1.9591271817962248,0.24290529512005818,5.907507210773733,172.93216744774907
6,318,-1.9612260377287636,0.23744590833697732,5.913749755002014,173.09679022587514
6,319,-1.9632771057291427,0.23196838879519127,5.919841508827717,173.26153465040042
6,320,-1.9652802291658102,0.22647315479013708,5.925782629258713,173.4263975822017
6,321,-1.9672352550685417,0.22096062597003283,5.931573269355155,173.59137589776844
6,322,-1.9691420341401213,0.21543122330382977,5.937213578238047,173.7564664887669
6,323,-1.971000420767744,0.209885369049064,5.942703701097598,173.9216662616083
6,324,-1.9728102730341344,0.20432348671961217,5.948043779201394,174.08697213702058
6,325,-1.9745714527283855,0.19874600105334744,5.953233949902401,174.25238104962372
6,326,-1.9762838253565125,0.19315333797970594,5.95827434664674,174.41788994750928
6,327,-1.9779472601517225,0.18754592458715932,5.96316509898129,174.58349579182237
6,328,-1.9795616300844037,0.1819241890905991,5.9679063325610935,174.74919555634804
6,329,-1.9811268118718233,0.17628856079863753,5.9724981691565535,174.91498622710026
6,330,-1.982642685987543,0.1706394700808209,5.976940726660431,175.08086480191406
6,331,-1.984109136670547,0.164977348334766,5.98123411909465,175.24682829004092
6,332,-1.9855260519340816,0.159302627953215,5.985378456616887,175.41287371174704
6,333,-1.9868933235742081,0.15361574229101496,5.989373845526961,175.5789980979143
6,334,-1.988210847178065,0.14791712563202594,5.993220388273013,175.74519848964385
6,335,-1.9894785221318418,0.14220721315595436,5.996918183457472,175.9114719378627
6,336,-1.9906962516284628,0.1364864409051223,6.000467325842829,176.07781550293214
6,337,-1.9918639426749791,0.13075524575116768,6.003867906357172,176.2442262542593
6,338,-1.9929815060996714,0.12501406536168153,6.007120012099528,176.41070126991048
6,339,-1.9940488565588583,0.11926333816678687,6.010223726344991,176.57723763622667
6,340,-1.9950659125434145,0.11350350332565563,6.0131791285496226,176.7438324474417
6,341,-1.9960325963849948,0.10773500069297397,6.015986294355144,176.91048280530154
6,342,-1.9969488342619652,0.10195827078535016,6.018645295593404,177.0771858186865
6,343,-1.9978145562050416,0.09617375474767624,6.021156200290655,177.24393860323417
6,344,-1.9986296961026315,0.09038189431943865,6.023519072671561,177.41073828096484
6,345,-1.9993941917058833,0.08458313180098358,6.025733973163034,177.57758197990833
6,346,-2.0001079846334404,0.07877791001974241,6.027800958397829,177.74446683373202
6,347,-2.0007710203758986,0.07296667229641242,6.029720081217905,177.9113899813708
6,348,-2.00138324829997,0.06714986241110431,6.031491390677589,178.07834856665795
6,349,-2.001944621652348,0.06132792456945165,6.033114932046509,178.24533973795738
6,350,-2.0024550975632796,0.055501303368687936,6.034590746812283,178.41236064779704
6,351,-2.0029146370498383,0.04967044376369648,6.0359188726830295,178.5794084525035
6,352,-2.003323205018899,0.04383579103302878,6.037099343589588,178.74648031183696
6,353,-2.0036807702698223,0.03799779074490246,6.038132189687592,178.9135733886279
6,354,-2.003987305496834,0.032156888723174286,6.039017437359259,179.08068484841377
6,355,-2.00424278729111,0.02631353101329341,6.039755109214971,179.247811859077
6,356,-2.0044471961425665,0.020468163848240933,6.0403452240946365,179.41495159048276
6,357,-2.0046005164413474,0.01462123361445051,6.040787797068827,179.58210121411835
6,358,-2.0047027364790178,0.008773186817721752,6.041082839439675,179.7492579027319
6,359,-2.0047538484494574,0.002924470049121558,6.041230358741563,179.91641882997212
6,360,-2.0047538484494574,-0.002924470049121097,6.041230358741563,-179.91641882997212
6,361,-2.0047027364790178,-0.008773186817721292,6.041082839439675,-179.7492579027319
6,362,-2.0046005164413474,-0.014621233614450049,6.040787797068827,-179.58210121411835
6,363,-2.0044471961425665,-0.020468163848240475,6.0403452240946365,-179.41495159048276
6,364,-2.00424278729111,-0.02631353101329295,6.039755109214971,-179.247811859077
6,365,-2.003987305496834,-0.03215688872317383,6.039017437359259,-179.0806848484138
6,366,-2.0036807702698227,-0.037997790744902005,6.038132189687594,-178.9135733886279
6,367,-2.003323205018899,-0.043835791033028315,6.037099343589588,-178.74648031183696
6,368,-2.0029146370498383,-0.049670443763695726,6.0359188726830295,-178.5794084525035
6,369,-2.00245509756328,-0.055501303368687485,6.034590746812284,-178.41236064779707
6,370,-2.001944621652348,-0.0613279245694512,6.033114932046509,-178.24533973795738
6,371,-2.00138324829997,-0.06714986241110384,6.031491390677589,-178.07834856665795
6,372,-2.0007710203758986,-0.07296667229641195,6.029720081217905,-177.91138998137083
6,373,-2.0001079846334404,-0.07877791001974166,6.027800958397829,-177.74446683373205
6,374,-1.9993941917058833,-0.08458313180098312,6.025733973163034,-177.57758197990833
6,375,-1.9986296961026315,-0.09038189431943819,6.023519072671561,-177.4107382809649
6,376,-1.9978145562050418,-0.0961737547476758,6.021156200290655,-177.2439386032342
6,377,-1.9969488342619655,-0.10195827078534972,6.018645295593405,-177.07718581868653
6,378,-1.9960325963849948,-0.10773500069297322,6.015986294355144,-176.91048280530157
6,379,-1.9950659125434147,-0.11350350332565518,6.0131791285496226,-176.7438324474417
6,380,-1.9940488565588586,-0.11926333816678643,6.010223726344992,-176.57723763622667
6,381,-1.9929815060996716,-0.12501406536168105,6.007120012099529,-176.41070126991048
6,382,-1.9918639426749793,-0.13075524575116723,6.003867906357173,-176.24422625425933
6,383,-1.9906962516284628,-0.13648644090512183,6.000467325842829,-176.07781550293214
6,384,-1.9894785221318418,-0.1422072131559539,5.996918183457472,-175.91147193786273
6,385,-1.988210847178065,-0.14791712563202547,5.993220388273013,-175.74519848964385
6,386,-1.9868933235742083,-0.15361574229101452,5.989373845526962,-175.57899809791434
6,387,-1.9855260519340818,-0.15930262795321457,5.985378456616889,-175.41287371174704
6,388,-1.984109136670547,-0.16497734833476554,5.98123411909465,-175.24682829004092
6,389,-1.9826426859875432,-0.17063947008082045,5.97694072666043,-175.08086480191406
6,390,-1.9811268118718235,-0.17628856079863708,5.972498169156555,-174.9149862271003
6,391,-1.9795616300844041,-0.18192418909059865,5.967906332561096,-174.7491955563481
6,392,-1.9779472601517227,-0.18754592458715888,5.963165098981291,-174.58349579182237
6,393,-1.9762838253565125,-0.1931533379797055,5.95827434664674,-174.41788994750928
6,394,-1.9745714527283857,-0.198746001053347,5.953233949902402,-174.25238104962378
6,395,-1.9728102730341348,-0.20432348671961173,5.948043779201396,-174.08697213702058
6,396,-1.9710004207677443,-0.20988536904906355,5.942703701097597,-173.92166626160832
6,397,-1.9691420341401216,-0.21543122330382933,5.9372135782380475,-173.7564664887669
6,398,-1.967235255068542,-0.22096062597003238,5.931573269355156,-173.59137589776844
6,399,-1.9652802291658102,-0.22647315479013663,5.925782629258713,-173.42639758220173
6,400,-1.963277105729143,-0.23196838879519083,5.919841508827718,-173.26153465040048
6,401,-1.9612260377287636,-0.2374459083369769,5.913749755002011,-173.09679022587514
6,402,-1.959127181796225,-0.24290529512005776,5.907507210773735,-172.93216744774907
6,403,-1.956980698212445,-0.24834613223371865,5.90111371517858,-172.76766947119827
6,404,-1.9547867508954675,-0.2537680041838073,5.894569103286892,-172.60329946789557
6,405,-1.9525455073879452,-0.25917049692446104,5.887873206194562,-172.43906062645905
6,406,-1.9502571388443444,-0.2645531978897283,5.881025851013782,-172.2749561529049
6,407,-1.947921820017875,-0.26991569602507237,5.874026860863587,-172.11098927110461
6,408,-1.9455397292471448,-0.27525758181876264,5.866876054860257,-171.9471632232473
6,409,-1.9431110484425413,-0.2805784473331486,5.859573248107547,-171.78348127030617
6,410,-1.9406359630723395,-0.28587788623580995,5.852118251686747,-171.61994669251058
6,411,-1.9381146621485386,-0.2911554938305891,5.8445108726466,-171.4565627898227
6,412,-1.935547338212427,-0.29641086708849373,5.836750913993049,-171.2933328824196
6,413,-1.9329341873198809,-0.30164360467847595,5.828838174678841,-171.1302603111806
6,414,-1.93027540902639,-0.3068533069980804,5.820772449592997,-170.9673484381799
6,415,-1.9275712063718196,-0.3120395762039588,5.812553529550106,-170.80460064718548
6,416,-1.9248217858649053,-0.3172020162422535,5.8041812012795235,-170.6420203441628
6,417,-1.9220273574674813,-0.3223402328788409,5.795655247414411,-170.47961095778533
6,418,-1.9191881345784496,-0.32745383372943776,5.786975446480652,-170.3173759399505
6,419,-1.9163043340174797,-0.33254242828956737,5.778141572885649,-170.15531876630217
6,420,-1.913376176008454,-0.3376056279643784,5.769153396907003,-169.99344293675946
6,421,-1.910403884162649,-0.3426430460983226,5.760010684681073,-169.8317519760519
6,422,-1.9073876854616583,-0.34765429800468034,5.7507131981914466,-169.67024943426154
6,423,-1.9043278102400616,-0.3526390009949381,5.741260695257294,-169.50893888737158
6,424,-1.9012244921678314,-0.35759677440801385,5.731652929521629,-169.34782393782245
6,425,-1.8980779682324918,-0.3625272396393243,5.721889650439495,-169.18690821507457
6,426,-1.894888478721018,-0.36743002016970006,5.711970603266051,-169.02619537617878
6,427,-1.8916562672014896,-0.37230474159413646,5.7018955290446165,-168.86568910635424
6,428,-1.888381580504488,-0.3771510316503863,5.691664164594604,-168.7053931195739
6,429,-1.8850646687042465,-0.3819685202473889,5.681276242499424,-168.5453111591581
6,430,-1.8817057850995562,-0.38675683949353046,5.670731491094346,-168.3854469983758
6,431,-1.878305186194419,-0.3915156237247404,5.660029634454279,-168.2258044410547
6,432,-1.8748631316784632,-0.39624450953241375,5.64917039238157,-168.066387322199
6,433,-1.8713798844071077,-0.400943135791165,5.638153480393714,-167.90719950861657
6,434,-1.8678557103814932,-0.405611143686404,5.626978609711114,-167.74824489955435
6,435,-1.8642908787281658,-0.41024817674173825,5.615645487244791,-167.58952742734306
6,436,-1.860685661678526,-0.4148538808461957,5.604153815584098,-167.43105105805125
6,437,-1.8570403345480395,-0.41942790428126553,5.592503292984485,-167.2728197921484
6,438,-1.8533551757152127,-0.42396989774775884,5.58069361335524,-167.11483766517804
6,439,-1.8496304666003334,-0.42847951439248216,5.568724466247298,-166.95710874844053
6,440,-1.8458664916439806,-0.4329564098347252,5.556595536841096,-166.79963714968602
6,441,-1.8420635382853026,-0.4374002421925612,5.544306505934468,-166.64242701381778
6,442,-1.8382218969400663,-0.4418106721089526,5.531857049930647,-166.48548252360573
6,443,-1.83434186097848,-0.44618736277766885,5.519246840826303,-166.32880790041122
6,444,-1.8304237267027896,-0.4505299799690052,5.506475546199733,-166.1724074049225
6,445,-1.8264677933246507,-0.45483819205530657,5.4935428291991295,-166.01628533790145
6,446,-1.8224743629422795,-0.4591116700362941,5.480448348530992,-165.86044604094204
6,447,-1.8184437405173832,-0.4633500875641872,5.467191758448674,-165.70489389724023
6,448,-1.8143762338518707,-0.46755312096862767,5.453772708741108,-165.54963333237592
6,449,-1.8102721535643476,-0.47172044928139517,5.440190844721672,-165.3946688151077
6,450,-1.8061318130663948,-0.4758517542609192,5.426445807217288,-165.24000485817905
6,451,-1.801955528538635,-0.47994672041658226,5.412537232557709,-165.08564601913852
6,452,-1.7977436189065883,-0.48400503503281134,5.398464752565035,-164.93159690117207
6,453,-1.7934964058163145,-0.48802638819296,5.384227994543499,-164.77786215394931
6,454,-1.7892142136098532,-0.4920104728029745,5.369826581269486,-164.62444647448325
6,455,-1.7848973693004542,-0.4959569846148454,5.355260130981891,-164.47135460800382
6,456,-1.7805462025476033,-0.49986562224984254,5.340528257372728,-164.3185913488459
6,457,-1.7761610456318504,-0.5037360872215288,5.32563056957814,-164.16616154135144
6,458,-1.7717422334294317,-0.5075680839585559,5.310566672169706,-164.01407008078726
6,459,-1.767290103386699,-0.5113613198272338,5.2953361651461766,-163.8623219142771
6,460,-1.7628049954943485,-0.5151155051538805,5.279938643925572,-163.71092204174963
6,461,-1.758287252261459,-0.5188303532469402,5.264373699337767,-163.55987551690237
6,462,-1.753737218689334,-0.5225055804188797,5.248640917617481,-163.40918744818146
6,463,-1.7491552422451564,-0.5261409060078508,5.232739880397789,-163.25886299977827
6,464,-1.744541672835453,-0.529736052399124,5.21667016470415,-163.1089073926425
6,465,-1.7398968627793763,-0.533290745046287,5.200431342948964,-162.95932590551288
6,466,-1.7352211667817952,-0.5368047124922136,5.184022982926731,-162.810123875965
6,467,-1.7305149419062102,-0.5402776863897918,5.1674446478097895,-162.66130670147757
6,468,-1.725778547547487,-0.543709401522416,5.150695896144758,-162.51287984051672
6,469,-1.721012345404408,-0.5470995958242424,5.133776281849594,-162.36484881363887
6,470,-1.716216699452052,-0.5504480104002003,5.1166853542113975,-162.21721920461312
6,471,-1.7113919759140017,-0.5537543895457627,5.099422657885004,-162.06999666156278
6,472,-1.7065385432343723,-0.5570184807664749,5.081987732892306,-161.9231868981271
6,473,-1.701656772049677,-0.5602400347972352,5.064380114622466,-161.77679569464303
6,474,-1.6967470351605236,-0.5634188056213306,5.0465993338329875,-161.63082889934796
6,475,-1.6918097075031455,-0.5665545504892238,5.028644916651713,-161.48529242960362
6,476,-1.6868451661207675,-0.5696470299370914,5.010516384579779,-161.34019227314158
6,477,-1.6818537901348134,-0.572696007805111,4.992213254495615,-161.19553448933095
6,478,-1.6768359607159555,-0.5757012512554944,4.97373503865998,-161.05132521046835
6,479,-1.6717920610550043,-0.5786625307902704,4.955081244722138,-160.90757064309122
6,480,-1.6667224763336463,-0.581579620268809,4.936251375727184,-160.76427706931443
6,481,-1.6616275936950293,-0.5844522969250919,4.917244930124622,-160.62145084819113
6,482,-1.6565078022141995,-0.587280341384723,4.898061401778201,-160.47909841709767
6,483,-1.6513634928683865,-0.5900635376816822,4.878700279977116,-160.33722629314386
6,484,-1.6461950585071472,-0.5928016732748181,4.859161049448587,-160.19584107460872
6,485,-1.6410028938223684,-0.5954945390640773,4.839443190371945,-160.054949442402
6,486,-1.6357873953181206,-0.5981419294064739,4.819546178394212,-159.9145581615527
6,487,-1.6305489612803812,-0.6007436421317934,4.799469484647313,-159.7746740827242
6,488,-1.6252879917466219,-0.6032994785580309,4.779212575766966,-159.63530414375768
6,489,-1.6200048884752536,-0.6058092435065643,4.7587749139133,-159.4964553712432
6,490,-1.6147000549149508,-0.6082727453170592,4.738155956793324,-159.35813488212
6,491,-1.6093738961738384,-0.6106897958621051,4.717355157685287,-159.22034988530606
6,492,-1.6040268189885594,-0.6130602105615816,4.696371965465053,-159.08310768335787
6,493,-1.5986592316932087,-0.6153838083967543,4.675205824634527,-158.94641567416048
6,494,-1.5932715441881546,-0.6176604119240989,4.653856175352259,-158.81028135264907
6,495,-1.587864167908736,-0.619889847288851,4.632322453466326,-158.6747123125627
6,496,-1.58243751579384,-0.622071944238283,4.6106040905495345,-158.5397162482297
6,497,-1.576992002254369,-0.6242065361347062,4.588700513937112,-158.40530095638735
6,498,-1.571528043141597,-0.6262934599681946,4.566611146766959,-158.2714743380346
6,499,-1.566046055715407,-0.6283325563690355,4.544335408022539,-158.1382444003199
6,500,-1.5605464586124307,-0.6303236696198982,4.521872712578588,-158.00561925846367
6,501,-1.5550296718140766,-0.6322666476677261,4.49922247124969,-157.87360713771756
6,502,-1.5494961166144614,-0.6341613421353481,4.4763840908419095,-157.74221637535945
6,503,-1.5439462155882324,-0.6360076083328103,4.453356974207511,-157.61145542272658
6,504,-1.5383803925583008,-0.6378053052684246,4.430140520303004,-157.48133284728638
6,505,-1.5327990725634761,-0.6395542956595356,4.406734124250573,-157.35185733474643
6,506,-1.5272026818260056,-0.6412544459430047,4.383137177403048,-157.22303769120393
6,507,-1.521591647719026,-0.64290562628541,4.359349067412586,-157.0948828453357
6,508,-1.5159663987339296,-0.6445077105929605,4.33536917830318,-156.96740185062922
6,509,-1.510327364447638,-0.6460605765211257,4.3111968905471825,-156.84060388765604
6,510,-1.5046749754898,-0.6475641054839784,4.286831581145975,-156.71449826638772
6,511,-1.499009663509904,-0.6490181826632508,4.262272623714972,-156.58909442855546
6,512,-1.4933318611443183,-0.6504226970171028,4.237519388573158,-156.46440195005445
6,513,-1.487642001983248,-0.6517775412886012,4.212571242837253,-156.3404305433932
6,514,-1.481940520537626,-0.6530826120139114,4.187427550520803,-156.21719006018952
6,515,-1.4762278522059322,-0.6543378095301973,4.162087672638326,-156.09469049371324
6,516,-1.470504433240941,-0.6555430379832332,4.1365509673147125,-155.972941981477
6,517,-1.4647707007164088,-0.6566982053347239,4.110816789900131,-155.85195480787576
6,518,-1.459027092493695,-0.6578032233693317,4.084884493090613,-155.73173940687644
6,519,-1.453274047188327,-0.6588580077014152,4.0587534270546,-155.61230636475787
6,520,-1.4475120041365006,-0.6598624777814716,4.032422939565584,-155.4936664229023
6,521,-1.4417414033615332,-0.6608165569022892,4.00589237614123,-155.3758304806398
6,522,-1.4359626855402612,-0.6617201722048046,3.9791610801891126,-155.25880959814566
6,523,-1.4301762919693843,-0.6625732546836667,3.9522283931593587,-155.14261499939263
6,524,-1.4243826645317677,-0.6633757391925069,3.925093654704524,-155.02725807515824
6,525,-1.418582245662698,-0.664127564448913,3.8977562028469115,-154.91275038608845
6,526,-1.4127754783160946,-0.66482867303911,3.870215374153663,-154.79910366581882
6,527,-1.4069628059306838,-0.6654790114223443,3.842470503919933,-154.68632982415366
6,528,-1.401144672396134,-0.6660785299349723,3.8145209263604123,-154.57444095030476
6,529,-1.395321522019162,-0.6666271827942528,3.7863659748096308,-154.46344931619007
6,530,-1.389493799489597,-0.6671249281018437,3.7580049819312227,-154.35336737979367
6,531,-1.3836619498464253,-0.6675717278470013,3.7294372799366697,-154.24420778858806
6,532,-1.3778264184438054,-0.6679675479094832,3.7006622008137864,-154.13598338301952
6,533,-1.3719876509170543,-0.6683123580621537,3.6716790765653307,-154.02870720005765
6,534,-1.366146093148619,-0.6686061319732923,3.6424872394581866,-153.92239247681027
6,535,-1.3603021912340267,-0.6688488472086045,3.613086022283478,-153.81705265420396
6,536,-1.3544563914478163,-0.6690404852329347,3.583474758628048,-153.71270138073243
6,537,-1.3486091402094593,-0.6691810314116825,3.553652783157758,-153.6093525162723
6,538,-1.3427608840492684,-0.6692704750119194,3.5236194319130307,-153.50702013596825
6,539,-1.3369120695742995,-0.6693088092032088,3.493374042617158,-153.40571853418817
6,540,-1.331063143434243,-0.6692960310581274,3.4629159549977744,-153.30546222854898
6,541,-1.3252145522873169,-0.6692321415524893,3.432244511122126,-153.2062659640145
6,542,-1.3193667427661584,-0.669117145565271,3.4013590557465445,-153.1081447170659
6,543,-1.313520161443714,-0.6689510518782387,3.3702589366807323,-153.01111369994578
6,544,-1.3076752547991375,-0.668733873175278,3.3389435051674226,-152.91518836497664
6,545,-1.3018324691836962,-0.6684656260414255,3.307412116277979,-152.82038440895465
6,546,-1.2959922507866817,-0.6681463309616013,3.2756641293245408,-152.72671777761943
6,547,-1.290155045601338,-0.6677760123190459,3.243698908289373,-152.6342046702005
6,548,-1.2843212993908024,-0.6673546983934574,3.2115158222720375,-152.54286154404156
6,549,-1.278491457654066,-0.6668824213588319,3.179114245955092,-152.4527051193026
6,550,-1.27266596559195,-0.666359217281007,3.1464935600889787,-152.36375238374097
6,551,-1.2668452680731093,-0.6657851261149066,3.1136531519968735,-152.2760205975717
6,552,-1.2610298096000605,-0.665160191701491,3.0805924161002207,-152.18952729840785
6,553,-1.2552200342752344,-0.6644844617644082,3.047310754465719,-152.10429030628117
6,554,-1.2494163857670644,-0.6637579879063493,3.0138075773746116,-152.02032772874324
6,555,-1.2436193072761033,-0.6629808256051082,2.980082303915058,-151.93765796604785
6,556,-1.237829241501181,-0.6621530342093451,2.9461343625985235,-151.85629971641458
6,557,-1.232046630605593,-0.6612746769340538,2.9119631920009814,-151.77627198137367
6,558,-1.2262719161833378,-0.6603458208557345,2.8775682414299775,-151.6975940711922
6,559,-1.2205055392253936,-0.6593665369072714,2.8429489716184198,-151.62028561038193
6,560,-1.2147479400860397,-0.6583368998725162,2.8081048554461225,-151.54436654328782
6,561,-1.2089995584492301,-0.6572569883805763,2.7730353786901443,-151.46985713975778
6,562,-1.2032608332950177,-0.6561268848998114,2.737740040804991,-151.3967780008927
6,563,-1.1975322028660282,-0.6549466757315348,2.7022183557337214,-151.3251500648762
6,564,-1.191814104633996,-0.653716451003423,2.666469852751185,-151.25499461288368
6,565,-1.1861069752663544,-0.6524363046626337,2.630494077340491,-151.18633327506933
6,566,-1.1804112505928919,-0.6511063344686309,2.5942905921040085,-151.1191880366306
6,567,-1.1747273655724657,-0.6497266419857191,2.5578589777100302,-151.05358124394814
6,568,-1.1690557542597886,-0.6482973325752881,2.521198833876564,-150.98953561080052
6,569,-1.1633968497722822,-0.6468185153877667,2.484309780393458,-150.92707422465153
6,570,-1.1577510842569996,-0.6452903033542867,2.4471914581843053,-150.8662205530081
6,571,-1.1521188888576246,-0.6437128131780595,2.4098435304095642,-150.80699844984727
6,572,-1.1465006936815494,-0.6420861653254643,2.3722656836123837,-150.74943216210903
6,573,-1.1408969277670256,-0.6404104840168473,2.334457628908604,-150.6935463362528
6,574,-1.1353080190504026,-0.6386858972170365,2.2964191032225663,-150.63936602487448
6,575,-1.1297343943334464,-0.6369125366255692,2.25814987057035,-150.58691669338037
6,576,-1.1241764792507491,-0.6350905376666357,2.219649723392093,-150.5362242267149
6,577,-1.1186346982372222,-0.6332200394787353,2.1809184839350966,-150.48731493613738
6,578,-1.1131094744956842,-0.6313011849040526,2.1419560056895706,-150.440215566044
6,579,-1.1076012299645461,-0.6293341204775492,2.102762174878792,-150.39495330082966
6,580,-1.102110385285585,-0.6273189964157729,2.0633369120055494,-150.3515557717847
6,581,-1.0966373597718235,-0.6252559666053861,2.0236801734568677,-150.31005106402034
6,582,-1.091182571375509,-0.6231451885914142,1.9837919531689663,-150.27046772341737
6,583,-1.0857464366561969,-0.6209868235652158,1.9436722843545307,-150.2328347635899
6,584,-1.0803293707489372,-0.6187810363521713,1.9033212412943397,-150.19718167285802
6,585,-1.0749317873325737,-0.6165279953990966,1.8627389411954975,-150.16353842122092
6,586,-1.0695540985981549,-0.6142278727613806,1.8219255461184458,-150.13193546732165
6,587,-1.0641967152174538,-0.611880844089844,1.780881264974997,-150.10240376539446
6,588,-1.0588600463116071,-0.6094870886173271,1.7396063555997583,-150.07497477218462
6,589,-1.0535444994198753,-0.6070467891450027,1.6981011268973698,-150.04968045382986
6,590,-1.0482504804685162,-0.6045601320284145,1.6563659410678657,-150.0265532926921
6,591,-1.042978393739789,-0.6020273071632481,1.6144012159128045,-150.0056262941266
6,592,-1.0377286418410794,-0.5994485079708279,1.5722074272246,-149.98693299317551
6,593,-1.032501625674156,-0.5968239313833474,1.529785111261726,-149.97050746117162
6,594,-1.0272977444045532,-0.5941537778288297,1.4871348673123708,-149.95638431223665
6,595,-1.0221173954310885,-0.5914382512158208,1.4442573603492739,-149.94459870965807
6,596,-1.016960974355518,-0.5886775589178207,1.4011533237785267,-149.93518637212685
6,597,-1.0118288749523208,-0.5858719117574439,1.3578235622849741,-149.92818357981756
6,598,-1.0067214891386316,-0.5830215239903213,1.3142689547772093,-149.92362718029094
6,599,-1.0016392069443127,-0.580126613288739,1.2704904574348965,-149.92155459419763
6,600,-0.9965824164821646,-0.5771874007250145,1.2264891068612975,-149.92200382076078
6,601,-0.9915515039182914,-0.5742041107546144,1.1822660233440068,-149.92501344301354
6,602,-0.9865468534426085,-0.571176971199014,1.1378224142266944,-149.93062263276556
6,603,-0.9815688472395061,-0.5681062132283001,1.0931595773949117,-149.93887115527184
6,604,-0.9766178654586608,-0.5649920713435163,1.0482789048787702,-149.94979937357516
6,605,-0.9716942861860058,-0.5618347833587553,1.003181886575555,-149.96344825249122
6,606,-0.9667984854148601,-0.5586345903829996,0.9578701140951504,-149.97985936220468
6,607,-0.9619308370172124,-0.5553917368017066,0.9123452847311325,-149.99907488144157
6,608,-0.9570917127151716,-0.5521064702581481,0.8666092055604878,-150.02113760018182
6,609,-0.9522814820525797,-0.5487790416344965,0.820663797674744,-150.04609092187383
6,610,-0.9475005123667928,-0.5454097050326693,0.7745111005452816,-150.07397886511032
6,611,-0.9427491687606258,-0.5419987177549205,0.7281532765255049,-150.1048460647231
6,612,-0.9380278140744731,-0.5385463402841941,0.681592615492572,-150.138737772251
6,613,-0.9333368088586014,-0.5350528362642321,0.6348315396310744,-150.1756998557343
6,614,-0.9286765113456121,-0.5315184724794394,0.5878726083611288,-150.2157787987845
6,615,-0.9240472774230879,-0.5279435188345113,0.540718523413101,-150.25902169887763
6,616,-0.9194494606064143,-0.5243282483338239,0.4933721340510574,-150.30547626481498
6,617,-0.9148834120117819,-0.5206729370605828,0.44583644244676024,-150.3551908132932
6,618,-0.9103494803293746,-0.5169778641557418,0.3981146092059829,-150.40821426452246
6,619,-0.9058480117967402,-0.5132433117966849,0.35020995904849855,-150.4645961368283
6,620,-0.9013793501723522,-0.5094695651756798,0.30212598664294577,-150.52438654017027
6,621,-0.8969438367093547,-0.5056569124780954,0.25386636259736245,-150.5876361685062
6,622,-0.8925418101295051,-0.5018056448603972,0.20543493960599693,-150.65439629092867
6,623,-0.8881736065973072,-0.49791605642791226,0.15683575875247077,-150.72471874149687
6,624,-0.8838395596943376,-0.49398844421236854,0.10807305596899583,-150.79865590768256
6,625,-0.8795400003937736,-0.4900231081492124,0.059151268651013084,-150.87626071734735
6,626,-0.8752752570351179,-0.4860203510547049,0.010075042425934932,-150.95758662416247
6,627,-0.8710456552991233,-0.4819804786027953,-0.03915076192579216,-151.04268759138154
6,628,-0.866851518182923,-0.4779037993017784,-0.08852106139962129,-151.1316180738708
6,629,-0.8626931659753643,-0.47379062447073544,-0.13803054354892252,-151.2244329982994
6,630,-0.8585709162325502,-0.46964126821576085,-0.18767365912381406,-151.32118774138786
6,631,-0.8544850837535874,-0.46545604740597313,-0.23744461457133523,-151.42193810610988
6,632,-0.8504359805565472,-0.461235281649318,-0.28733736440229063,-151.5267402957389
6,633,-0.8464239158546393,-0.45697929326816233,-0.33734560343099246,-151.6356508856276
6,634,-0.8424491960325957,-0.4526884072746778,-0.3874627588951839,-151.74872679260542
6,635,-0.8385121246232756,-0.4483629513460215,-0.437681982464333,-151.86602524187555
6,636,-0.8346130022844856,-0.44400325579931454,-0.4879961421456541,-151.98760373129028
6,637,-0.8307521267760185,-0.4396096535664143,-0.5383978140985192,-152.11351999288132
6,638,-0.8269297929369156,-0.4351824801684914,-0.5888792743689584,-152.24383195151802
6,639,-0.8231462926629505,-0.4307220736904067,-0.6394324905575506,-152.37859768056515
6,640,-0.8194019148843398,-0.4262287747548946,-0.690049113435262,-152.51787535441002
6,641,-0.8156969455436762,-0.42170292649654895,-0.7407204685234704,-152.6617231977267
6,642,-0.8120316675740937,-0.41714487453562016,-0.7914375476558979,-152.81019943134442
6,643,-0.8084063608776619,-0.412554966951623,-0.8421910005419397,-152.96336221458685
6,644,-0.8048213023040092,-0.40793355425675293,-0.892971126352763,-153.12126958394882
6,645,-0.8012767656291822,-0.4032809893691202,-0.9437678653532415,-153.28397938797727
6,646,-0.7977730215347377,-0.3985976275857983,-0.9945707906049773,-153.45154921822626
6,647,-0.7943103375870738,-0.3938838265556934,-1.0453690997675693,-153.62403633615503
6,648,-0.7908889782169943,-0.3891399462522291,-1.0961516070275803,-153.80149759584526
6,649,-0.7875092046995166,-0.3843663489458583,-1.1469067351867424,-153.98398936241367
6,650,-0.7841712751339199,-0.37956339917639953,-1.1976225079433647,-154.1715674260035
6,651,-0.780875444424034,-0.3747314637251959,-1.2482865424032796,-154.36428691124473
6,652,-0.7776219642587728,-0.3698709115871063,-1.2988860418590533,-154.5622021820787
6,653,-0.774411083092917,-0.36498211394232905,-1.349407788878677,-154.76536674185266
6,654,-0.7712430461281364,-0.36006544412805314,-1.3998381387477041,-154.97383312860035
6,655,-0.7681180952942683,-0.3551212776099499,-1.4501630133110504,-155.18765280543528
6,656,-0.7650364692308398,-0.35014999195349916,-1.5003678952635544,-155.4068760459973
6,657,-0.7619984032688465,-0.34515196679515864,-1.5504378229408475,-155.63155181490822
6,658,-0.7590041294127786,-0.3401275838133691,-1.600357385664775,-155.86172764320898
6,659,-0.7560538763229053,-0.33507722669940904,-1.650110719700003,-156.0974494987696
6,660,-0.753147869297813,-0.3300012811280951,-1.6996815048810932,-156.3387616516835
6,661,-0.750286330257199,-0.3249001347283268,-1.749052961971672,-156.58570653468183
6,662,-0.7474694777249254,-0.31977417705348615,-1.7982078508195491,-156.83832459862725
6,663,-0.7446975268123315,-0.31462379955169095,-1.8471284693738852,-157.09665416317404
6,664,-0.7419706892018059,-0.30944939553589845,-1.8957966536324085,-157.36073126271202
6,665,-0.7392891731306213,-0.30425136015387133,-1.9441937785884926,-157.6305894877414
6,666,-0.7366531833750325,-0.2990300903580012,-1.9923007602492864,-157.90625982186222
6,667,-0.7340629212346393,-0.2937859848749972,-2.0400980587974673,-158.1877704745958
6,668,-0.7315185845170126,-0.28851944417543324,-2.0875656829699665,-158.47514671029697
6,669,-0.7290203675225889,-0.28323087044316786,-2.1346831957274732,-158.7684106734539
6,670,-0.7265684610298342,-0.27792066754463235,-2.1814297212886506,-159.06758121071704
6,671,-0.7241630522806723,-0.27258924099798626,-2.227783953602651,-159.372673690043
6,672,-0.7218043249661877,-0.26723699794215083,-2.273724166332399,-159.6836998173858
6,673,-0.7194924592125982,-0.26186434710571943,-2.3192282244197737,-160.0006674514155
6,674,-0.7172276315674974,-0.25647169877574144,-2.364273597301701,-160.32358041679558
6,675,-0.7150100149863745,-0.2510594647663922,-2.408837373843179,-160.65243831659868
6,676,-0.7128397788194053,-0.24562805838752372,-2.4528962790500177,-160.98723634449388
6,677,-0.7107170887985207,-0.24017789441310386,-2.4964266926195364,-161.3279650973892
6,678,-0.7086421070247488,-0.23470938904953859,-2.5394046693826944,-161.67461038926476
6,679,-0.7066149919558372,-0.22922295990388972,-2.5818059616848448,-162.02715306698389
6,680,-0.7046358983941523,-0.22371902595198545,-2.6236060437458892,-162.3855688289182
6,681,-0.7027049774748566,-0.21819800750642182,-2.66478013803275,-162.74982804727247
6,682,-0.7008223766543682,-0.21266032618446734,-2.7053032436685114,-163.11989559504
6,683,-0.6989882396990993,-0.20710640487586462,-2.7451501668931924,-163.4957306785629
6,684,-0.6972027066744787,-0.20153666771053838,-2.7842955535806118,-163.87728667671098
6,685,-0.6954659139342539,-0.19595154002620294,-2.82271392380467,-164.26451098772824
6,686,-0.6937779941100795,-0.1903514483358828,-2.8603797084360174,-164.65734488482613
6,687,-0.692139076101388,-0.1847368202953431,-2.8972672877372845,-165.05572338162548
6,688,-0.6905492850655471,-0.1791080846704281,-2.933351031911226,-165.45957510856957
6,689,-0.689008742408301,-0.17346567130431967,-2.968605343541648,-165.868822201437
6,690,-0.6875175657744999,-0.16781001108471374,-3.0030047018519666,-166.28338020308826
6,691,-0.6860758690391152,-0.16214153591091182,-3.036523708690707,-166.70315797957156
6,692,-0.6846837622985444,-0.15646067866084082,-3.0691371361371402,-167.12805765169674
6,693,-0.6833413518622021,-0.1507678731579948,-3.1008199756041916,-167.5579745431614
6,694,-0.6820487402444033,-0.14506355413830815,-3.1315474882992445,-167.99279714627366
6,695,-0.6808060261565332,-0.13934815721695298,-3.161295256887346,-168.43240710627103
6,696,-0.6796133044995096,-0.13362211885507475,-3.190039238185047,-168.87667922517304
6,697,-0.6784706663565365,-0.12788587632646334,-3.2177558166975864,-169.325481486035
6,698,-0.6773781989861472,-0.12213986768415674,-3.2444218587971116,-169.7786750983894
6,699,-0.6763359858155411,-0.11638453172699058,-3.2700147673252467,-170.23611456556492
6,700,-0.6753441064342138,-0.11062030796609051,-3.294512536390242,-170.69764777447008
6,701,-0.6744026365878774,-0.10484763659130512,-3.3178938061169894,-171.16311610831227
6,702,-0.6735116481726774,-0.09906695843759282,-3.3401379170974432,-171.63235458259652
6,703,-0.6726712092297016,-0.0932787149513559,-3.36122496428037,-172.1051920046139
6,704,-0.6718813839397848,-0.08748334815673149,-3.3811358500320066,-172.58145115648577
6,705,-0.6711422326186068,-0.08168130062183244,-3.399852336094369,-173.0609490016795
6,706,-0.6704538117120867,-0.075873015424952,-3.4173570941648035,-173.5434969147551
6,707,-0.6698161737920727,-0.07005893612072958,-3.4336337548199545,-174.02890093394052
6,708,-0.6692293675523265,-0.06423950670627473,-3.4486669545089916,-174.51696203597228
6,709,-0.6686934378048058,-0.05841517158726332,-3.4624423803452413,-175.00747643247038
6,710,-0.6682084254762414,-0.05258637554399893,-3.474946812432181,-175.50023588695552
6,711,-0.6677743676050122,-0.04675356369744916,-3.4861681634691077,-175.9950280514545
6,712,-0.6673912973383167,-0.0409171814752501,-3.4960955153937396,-176.49163682148415
6,713,-0.6670592439296414,-0.03507767457769262,-3.5047191528332955,-176.9898427080536
6,714,-0.6667782327365275,-0.02923548894368782,-3.512030593152449,-177.48942322518408
6,715,-0.6665482852186335,-0.023391070716709043,-3.5180226129055328,-177.99015329131652
6,716,-0.6663694189360974,-0.01754486621072348,-3.522689270521451,-178.49180564285382
6,717,-0.6662416475481946,-0.011697321876110809,-3.526025925072809,-178.99415125798512
6,718,-0.6661649808122959,-0.005848884265566093,-3.528029251005322,-179.49695978884674
6,719,-0.666139424583122,-1.6393376938562948e-16,-3.528697248729707,-180.0
12,0,-0.7992399910868981,0.0,-1.9464558741739102,180.0
12,1,-0.7992502281169989,0.0023428810203092463,-1.9463073041374546,179.83204657921473
12,2,-0.7992809384255415,0.0046855831245170764,-1.9458616358650285,179.6641217757015
12,3,-0.7993321196673073,0.007027927410185153,-1.9451189948340817,179.49625419280272
12,4,-0.7994037679337972,0.009369735002200258,-1.9440795900625498,179.32847240601848
12,5,-0.7994958777535303,0.011710827066434237,-1.942743713942313,179.16080494912663
12,6,-0.799608442092462,0.014051024823400829,-1.9411117420064437,178.99328030035343
12,7,-0.7997414523545207,0.016390149561908297,-1.9391841326306123,178.82592686861045
12,8,-0.7998948983822647,0.018728022652706885,-1.9369614266691753,178.65877297981376
12,9,-0.8000687684576577,0.021064465562129975,-1.9344442470265175,178.4918468633026
12,10,-0.8002630493029634,0.023399299865727953,-1.931633298164399,178.32517663837277
12,11,-0.80047772608176,0.025732347261893773,-1.9285293655461069,178.15879030093984
12,12,-0.8007127824000726,0.02806342958547909,-1.9251333150183205,177.99271571034905
12,13,-0.8009682003076256,0.03039236882139999,-1.9214460921317498,177.82698057634565
12,14,-0.8012439602992134,0.03271898711823128,-1.9174687214015995,177.6616124462209
12,15,-0.8015400413161895,0.03504310680178824,-1.913202305509153,177.49663869214797
12,16,-0.8018564207480754,0.03736455038869491,-1.9086480244456763,177.33208649872194
12,17,-0.8021930744342869,0.039683140599937695,-1.903807134600123,177.16798285071664
12,18,-0.8025499766659787,0.041998700374403466,-1.8986809677920395,177.00435452107243
12,19,-0.8029271001880085,0.044311052882400975,-1.8932709302512598,176.84122805912614
12,20,-0.803324416201018,0.04662002153916461,-1.8875785015459765,176.67862977909644
12,21,-0.8037418943636316,0.048925430018339454,-1.881605233460928,176.5165857488351
12,22,-0.8041795027947749,0.05122710226544652,-1.8753527488273949,176.3551217788559
12,23,-0.8046372080761077,0.05352486251132744,-1.8688227403068958,176.1942634116507
12,24,-0.8051149752545769,0.05581853528556708,-1.862016969130391,176.03403591130305
12,25,-0.8056127678450857,0.05810794542989359,-1.8549372637949644,175.87446425340852
12,26,-0.8061305478332796,0.06039291811155445,-1.8475855187199406,175.71557311530964
12,27,-0.8066682756784496,0.06267327883666779,-1.8399636928644507,175.5573868666542
12,28,-0.8072259103165513,0.0649488534635477,-1.8320738083084964,175.39992956028374
12,29,-0.8078034091633417,0.06721946821600272,-1.8239179487996073,175.24322492345868
12,30,-0.8084007281176302,0.06948494969660642,-1.8154982582671753,175.08729634942725
12,31,-0.8090178215646466,0.0717451248999391,-1.8068169393066338,174.9321668893415
12,32,-0.8096546423795256,0.07399982122579933,-1.7978762516355795,174.77785924452763
12,33,-0.8103111419309037,0.0762488664923849,-1.7886785105240552,174.62439575911284
12,34,-0.8109872700846344,0.07849208894944153,-1.7792260852010977,174.47179841301264
12,35,-0.8116829752076166,0.0807293172913787,-1.7695213972397674,174.32008881528205
12,36,-0.8123982041717368,0.08296038067035164,-1.7595669189228056,174.16928819783232
12,37,-0.8131329023579268,0.08518510870930822,-1.749365171591073,174.01941740951443
12,38,-0.8138870136603351,0.08740333151499988,-1.738918723976917,173.87049691057135
12,39,-0.8146604804906108,0.08961487969095579,-1.728230190524617,173.72254676745814
12,40,-0.8154532437823017,0.09181958435041887,-1.717302229699997,173.57558664803065
12,41,-0.8162652429953645,0.094017277129243,-1.7061375422913065,173.4296358171017
12,42,-0.8170964161207893,0.09620779019875028,-1.6947388697034103,173.28471313236312
12,43,-0.8179466996853333,0.09839095627854742,-1.6831089922473468,173.1408370406717
12,44,-0.8188160287563693,0.10056660864930027,-1.6712507274272095,172.9980255746975
12,45,-0.8197043369468431,0.10273458116546544,-1.6591669282263486,172.85629634993003
12,46,-0.8206115564203448,0.10489470826797814,-1.6468604813947543,172.71566656204024
12,47,-0.8215376178962877,0.10704682499689534,-1.6343343057395412,172.57615298459368
12,48,-0.8224824506551995,0.10919076700399291,-1.6215913504203308,172.43777196711048
12,49,-0.8234459825441233,0.11132637056531637,-1.6086345932512955,172.3005394334675
12,50,-0.824428139982127,0.11345347259368373,-1.595467039011603,172.16447088063762
12,51,-0.8254288479659229,0.11557191065113974,-1.582091717765928,172.02958137775974
12,52,-0.8264480300755943,0.11768152296136075,-1.5685116831966297,171.89588556553488
12,53,-0.8274856084804333,0.11978214842200872,-1.5547300109491462,171.76339765594054
12,54,-0.8285415039448824,0.12187362661703405,-1.540749796992122,171.6321314322577
12,55,-0.8296156358345865,0.1239557978289259,-1.5265741559936838,171.50210024940338
12,56,-0.8307079221225506,0.12602850305090904,-1.5122062197152377,171.37331703456096
12,57,-0.8318182793954034,0.12809158399908666,-1.4976491354241128,171.24579428810156
12,58,-0.8329466228597677,0.13014488312452774,-1.4829060643262784,171.1195440847881
12,59,-0.8340928663487351,0.13218824362529855,-1.4679801800203434,170.99457807525476
12,60,-0.835256922328447,0.13422150945843683,-1.4528746669739352,170.87090748775293
12,61,-0.8364387019047785,0.13624452535186826,-1.4375927190235196,170.74854313015635
12,62,-0.8376381148301275,0.13825713681626378,-1.4221375378986738,170.62749539221616
12,63,-0.8388550695103061,0.14025919015683755,-1.4065123317717187,170.50777424805776
12,64,-0.8400894730115349,0.1422505324850836,-1.3907203138335757,170.38938925891094
12,65,-0.841341231067541,0.14423101173045177,-1.3747647008966648,170.27234957606404
12,66,-0.8426102480867562,0.14620047665196037,-1.3586487120255628,170.15666394403394
12,67,-0.8438964271596165,0.14815877684974585,-1.3423755671961364,170.0423407039428
12,68,-0.8451996700659634,0.1501057627765484,-1.3259484859837123,169.9293877970926
12,69,-0.8465198772825442,0.152041285749132,-1.3093706862808832,169.81781276872846
12,70,-0.8478569479906117,0.153965197959639,-1.292645383045441,169.70762277198259
12,71,-0.8492107800836248,0.15587735248687748,-1.2757757870788409,169.59882457198944
12,72,-0.8505812701750444,0.15777760330754081,-1.2587651038356573,169.49142455016295
12,73,-0.8519683136062289,0.15966580530735922,-1.2416165322642587,169.38542870862818
12,74,-0.8533718044544275,0.16154181429218137,-1.2243332636790547,169.28084267479775
12,75,-0.854791635540868,0.1634054869989858,-1.2069184806645092,169.17767170608474
12,76,-0.8562276984389421,0.16525668110682148,-1.1893753560110891,169.07592069474398
12,77,-0.8576798834824855,0.16709525524767616,-1.1717070516832584,168.97559417283261
12,78,-0.8591480797741523,0.16892106901727214,-1.1539167178196377,168.87669631728235
12,79,-0.8606321751938844,0.1707339829857883,-1.1360074917652914,168.7792309550748
12,80,-0.8621320564074728,0.17253385870850774,-1.1179824971361878,168.68320156851212
12,81,-0.8636476088752134,0.1743205587363904,-1.0998448429157408,168.58861130057505
12,82,-0.8651787168606532,0.17609394662656935,-1.081597622583342,168.49546296036067
12,83,-0.8667252634394288,0.1778538869527702,-1.0632439132747398,168.40375902859225
12,84,-0.8682871305081956,0.17960024531565352,-1.0447867749741204,168.3135016631941
12,85,-0.8698641987936467,0.18133288835307773,-1.026229249737631,168.22469270492377
12,86,-0.8714563478616216,0.183051683750284,-1.0075743609481522,168.13733368305483
12,87,-0.8730634561263027,0.18475650025000018,-0.9888251126010121,168.0514258211039
12,88,-0.8746854008595006,0.18644720766246456,-0.9699844886203481,167.966970042594
12,89,-0.8763220582000266,0.18812367687536788,-0.9510554522057911,167.88396697684945
12,90,-0.8779733031631514,0.1897857798637131,-0.9320409452091,167.80241696481448
12,91,-0.8796390096501487,0.19143338969959206,-0.9129438875403685,167.72232006489068
12,92,-0.8813190504579267,0.19306638056187864,-0.8937671766033999,167.64367605878692
12,93,-0.8830132972887401,0.19468462774583703,-0.8745136867598118,167.56648445737585
12,94,-0.8847216207599892,0.19628800767264484,-0.8551862688214429,167.49074450655232
12,95,-0.8864438904140992,0.19787639789883057,-0.8357877495705652,167.4164551930876
12,96,-0.8881799747284835,0.19944967712562386,-0.8163209313074454,167.34361525047495
12,97,-0.8899297411255871,0.20100772520821872,-0.7967885914247499,167.2722231647617
12,98,-0.8916930559830113,0.2025504231649484,-0.7771934820082654,167.20227718036233
12,99,-0.8934697846437173,0.20407765318637155,-0.7575383294634442,167.13377530584958
12,100,-0.8952597914263103,0.20558929864426898,-0.737825834167207,167.06671531971827
12,101,-0.8970629396354,0.2070852441005497,-0.7180586701444662,167.0010947761179
12,102,-0.8988790915720402,0.20856537531606698,-0.6982394847688369,166.93691101055046
12,103,-0.9007081085442439,0.21002957925934185,-0.6783708984869585,166.87416114552985
12,104,-0.9025498508775746,0.21147774411519504,-0.6584555045658489,166.81284209619923
12,105,-0.9044041779258127,0.21290975929328587,-0.6384958688627579,166.75295057590287
12,106,-0.9062709480816967,0.21432551543655762,-0.6184945296169055,166.69448310170972
12,107,-0.9081500187877359,0.2157249044295884,-0.5984539972625648,166.63743599988578
12,108,-0.9100412465470982,0.2171078194068478,-0.5783767542628696,166.5818054113122
12,109,-0.9119444869345672,0.21847415476085763,-0.5582652549638307,166.52758729684683
12,110,-0.9138595946075725,0.2198238061502567,-0.5381219254679056,166.47477744262676
12,111,-0.9157864233172881,0.2211566705077689,-0.5179491635266018,166.42337146530943
12,112,-0.917724825919801,0.2224726460480742,-0.49774933845152974,166.37336481725023
12,113,-0.9196746543873481,0.2237716322755814,-0.4775247910432994,166.32475279161545
12,114,-0.9216357598196205,0.22505352999210265,-0.45727783353774276,166.27753052742702
12,115,-0.9236079924551341,0.22631824130442868,-0.43701074956885194,166.23169301453962
12,116,-0.9255912016826667,0.22756566963180472,-0.41672579414789634,166.1872350985468
12,117,-0.9275852360527592,0.22879571971330576,-0.3964251936581658,166.144151485616
12,118,-0.9295899432892811,0.23000829761511132,-0.37611114586477623,166.10243674725027
12,119,-0.9316051703010597,0.23120331073767883,-0.35578581993901354,166.06208532497678
12,120,-0.9336307631935704,0.232380667822815,-0.3354513564966538,166.0230915349598
12,121,-0.9356665672806898,0.2335402789606448,-0.31510986764977317,165.98544957253833
12,122,-0.9377124270965073,0.23468205559647762,-0.29476343707148583,165.94915351668726
12,123,-0.9397681864071985,0.23580591053756972,-0.2744141200731089,165.9141973344013
12,124,-0.9418336882229553,0.23691175795978286,-0.25406394369328017,165.8805748850016
12,125,-0.9439087748099755,0.23799951341413828,-0.23371490679848445,165.84827992436396
12,126,-0.9459932877025069,0.23906909383326572,-0.21336898019453548,165.8173061090692
12,127,-0.9480870677149501,0.24012041753774688,-0.19302810674854284,165.78764700047472
12,128,-0.9501899549540138,0.24115340424235313,-0.17269420152085202,165.75929606870724
12,129,-0.952301788830926,0.24216797506217633,-0.15236915190655118,165.73224669657725
12,130,-0.9544224080736967,0.24316405251865308,-0.13205481778607234,165.70649218341433
12,131,-0.9565516507394343,0.24414156054548136,-0.11175303168444103,165.6820257488241
12,132,-0.9586893542267116,0.2451004244944295,-0.09146559893876638,165.65884053636668
12,133,-0.9608353552879845,0.24604057114103667,-0.07119429787352949,165.63692961715736
12,134,-0.9629894900420566,0.24696192869020467,-0.05094087998328435,165.6162859933886
12,135,-0.9651515939865959,0.24786442678168083,-0.030707070122366294,165.59690260177555
12,136,-0.9673215020106961,0.2487479964954309,-0.010494566701202145,165.57877231692393
12,137,-0.9694990484074856,0.24961257035690235,0.009694958111115558,165.5618879546214
12,138,-0.9716840668867821,0.25045808234217704,0.02985985817841702,165.54624227505337
12,139,-0.9738763905877915,0.2512844678830133,0.049998513183490176,165.531827985943
12,140,-0.97607585209185,0.2520916638717764,0.07010932840898859,165.51863774561673
12,141,-0.9782822834352095,0.2528796086662584,0.09019073451346676,165.50666416599543
12,142,-0.9804955161218643,0.253648242094385,0.11024118730295787,165.49589981551247
12,143,-0.982715381136418,0.2543975054588109,0.13025916749833566,165.48633722195936
12,144,-0.9849417089569913,0.25512734154140193,0.15024318049880325,165.47796887525908
12,145,-0.987174329568167,0.25583769460760525,0.17019175614182092,165.4707872301689
12,146,-0.9894130724739734,0.25652851041070474,0.1901034484597083,165.46478470891276
12,147,-0.9916577667109049,0.2571997361959642,0.20997683543328538,165.45995370374496
12,148,-0.9939082408609772,0.2578513207046558,0.22981051874271421,165.45628657944457
12,149,-0.9961643230648182,0.2584832141779744,0.2496031235159063,165.4537756757435
12,150,-0.9984258410347918,0.2590953683608375,0.269353298074671,165.4524133096873
12,151,-1.0006926220681551,0.25968773650557053,0.2890597136788798,165.45219177793103
12,152,-1.0029644930602473,0.2602602733754763,0.3087210642688992,165.45310335896988
12,153,-1.0052412805177076,0.26081293524828986,0.32833606620645095,165.45514031530732
12,154,-1.007522810571726,0.2613456799195174,0.34790345801420813,165.4582948955597
12,155,-1.0098089089913198,0.261858466705659,0.36742200011425574,165.46255933649988
12,156,-1.012099401196639,0.2623512564473157,0.38689047456565534,165.46792586504023
12,157,-1.0143941122722988,0.2628240115121799,0.4063076848013035,165.47438670015634
12,158,-1.0166928669807367,0.26327669579790897,0.4256724553642765,165.4819340547518
12,159,-1.0189954897755942,0.2637092747348825,0.44498363164378246,165.49056013746642
12,160,-1.0213018048151237,0.2641217152888421,0.4642400796109899,165.50025715442715
12,161,-1.023611635975616,0.26451398596341424,0.4834406855548108,165.51101731094445
12,162,-1.0259248068648503,0.2648860568025152,0.5025843558178187,165.5228328131541
12,163,-1.0282411408355647,0.265237899392639,0.5216700165324732,165.53569586960555
12,164,-1.0305604609989458,0.2655694868650269,0.5406966133577622,165.54959869279867
12,165,-1.0328825902381369,0.26588079389771985,0.5596631112164223,165.5645335006687
12,166,-1.035207351221764,0.2661717967174914,0.5785684940328327,165.58049251802163
12,167,-1.0375345664174782,0.2664424731016638,0.597411764471764,165.5974679779201
12,168,-1.0398640581055114,0.26669280237980486,0.6161919436780187,165.6154521230215
12,169,-1.0421956483922503,0.2669227654353063,0.6349080710171694,165.6344372068688
12,170,-1.0445291592238197,0.2671323447068438,0.6535592038173915,165.65441549513562
12,171,-1.046864412399681,0.2673215241897182,0.6721444171126111,165.6753792668257
12,172,-1.0492012295862394,0.2674902894370774,0.6906628033869572,165.69732081542915
12,173,-1.0515394323304632,0.2676386275610197,0.7091134723206681,165.72023245003484
12,174,-1.0538788420735117,0.26776652723357813,0.7274955505375269,165.74410649640112
12,175,-1.0562192801643704,0.26787397868758545,0.745808181353885,165.7689352979852
12,176,-1.0585605678734942,0.26796097371742006,0.7640505245293838,165.79471121693257
12,177,-1.0609025264064564,0.26802750567963246,0.7822217560194118,165.82142663502685
12,178,-1.0632449769176022,0.2680735694934528,0.8003210677293839,165.8490739546016
12,179,-1.0655877405237062,0.26809916164117875,0.8183476672708966,165.87764559941462
12,180,-1.0679306383176335,0.2681042801684442,0.8363007777198248,165.90713401548547
12,181,-1.0702734913820016,0.26808892468436846,0.8541796373764174,165.93753167189803
12,182,-1.0726161208028442,0.26805309636158614,0.8719834995274078,165.9688310615677
12,183,-1.0749583476832734,0.26799679793615755,0.889711632210257,166.00102470197479
12,184,-1.0772999931571416,0.2679200337073599,0.9073633179794783,166.0341051358654
12,185,-1.0796408784027012,0.2678228095373587,0.9249378536751929,166.06806493191957
12,186,-1.0819808246562594,0.2677051328507604,0.9424345501938343,166.1028966853883
12,187,-1.0843196532258312,0.26756701263404525,0.959852732261156,166.13859301869994
12,188,-1.0866571855047837,0.2674084594348811,0.9771917382074619,166.17514658203712
12,189,-1.088993242985477,0.26722948536131774,0.9944509197451807,166.21255005388412
12,190,-1.091327647272895,0.26703010408086253,1.0116296417487405,166.25079614154689
12,191,-1.0936602200982688,0.26681033081943656,1.0287272820368005,166.28987758164465
12,192,-1.0959907833326914,0.26657018236021174,1.045743231156869,166.32978714057586
12,193,-1.0983191590007195,0.26630967704232933,1.0626768921722782,166.37051761495707
12,194,-1.1006451692939654,0.2660288347594996,1.079527680451592,166.41206183203772
12,195,-1.102968636584675,0.2657276769584822,1.0962950234604107,166.45441265008947
12,196,-1.1052893834392927,0.26540622663744873,1.1129783605556087,166.49756295877194
12,197,-1.1076072326320114,0.2650645083442263,1.129577142782005,166.54150567947556
12,198,-1.109922007158307,0.2647025481744229,1.14609083267148,166.58623376564157
12,199,-1.112233530248454,0.2643203737694348,1.162518904044539,166.63174020306013
12,200,-1.114541625381026,0.26391801431433537,1.1788608418143076,166.6780180101473
12,201,-1.1168461162963756,0.2634955005356465,1.1951161417930132,166.72506023820148
12,202,-1.1191468270100944,0.2630528646989923,1.2112843105008895,166.7728599716396
12,203,-1.121443581826452,0.26259014060663477,1.2273648649775362,166.8214103282141
12,204,-1.123736205351814,0.2621073635948927,1.2433573325957368,166.87070445921074
12,205,-1.1260245225080356,0.26160457053144315,1.2592612508776995,166.92073554962863
12,206,-1.128308358545831,0.26108179981250595,1.2750761673137543,166.97149681834196
12,207,-1.1305875390581188,0.2605390913599116,1.2908016391834591,167.022981518245
12,208,-1.1328618899933416,0.25997648661805256,1.3064372333791476,167.07518293638023
12,209,-1.135131237668756,0.25939402855071847,1.321982526231865,167.12809439405035
12,210,-1.1373954087836966,0.2587917616378148,1.3374371033397217,167.18170924691466
12,211,-1.1396542304328112,0.2581697318719666,1.3528005593986343,167.2360208850703
12,212,-1.141907530119264,0.2575279867550058,1.3680724980354373,167.29102273311892
12,213,-1.1441551357679078,0.2568665752943441,1.383252531643355,167.3467082502189
12,214,-1.1463968757384264,0.25618554799923005,1.398340281219837,167.4030709301242
12,215,-1.1486325788384402,0.25548495687689216,1.413335376206716,167.46010430120958
12,216,-1.1508620743365812,0.2547648554285672,1.4282374543326892,167.51780192648323
12,217,-1.1530851919755296,0.25402529864541473,1.4430461614580974,167.57615740358682
12,218,-1.1553017619850166,0.25326634300431733,1.4577611514220035,167.63516436478366
12,219,-1.1575116150947884,0.25248804646356793,1.4723820858915213,167.69481647693493
12,220,-1.1597145825475332,0.2516904684584437,1.4869086342133961,167.75510744146527
12,221,-1.1619104961117679,0.2508736698966672,1.5013404732678362,167.81603099431695
12,222,-1.1640991880946863,0.25003771315375517,1.5156772873245417,167.877580905894
12,223,-1.1662804913549634,0.24918266206825523,1.5299187679009147,167.93975098099602
12,224,-1.1684542393155213,0.2483085819368706,1.5440646136224632,168.0025350587423
12,225,-1.1706202659762481,0.24741553950947373,1.5581145300853558,168.0659270124866
12,226,-1.1727784059266761,0.24650360298400908,1.5720682297210833,168.12992074972277
12,227,-1.1749284943586131,0.24557284200128482,1.5859254316632754,168.1945102119817
12,228,-1.1770703670787273,0.24462332763965497,1.5996858616165541,168.2596893747199
12,229,-1.179203860521087,0.24365513240959116,1.6133492517275068,168.32545224719976
12,230,-1.1813288117596517,0.24266833024814538,1.6269153404576597,168.3917928723624
12,231,-1.1834450585207124,0.24166299651330395,1.6403838724585196,168.4587053266925
12,232,-1.185552439195286,0.2406392079782323,1.6537545984485824,168.5261837200761
12,233,-1.1876507928514553,0.23959704282541258,1.667027275092342,168.59422219565184
12,234,-1.1897399592466587,0.2385365806406729,1.6802016648812488,168.66281492965473
12,235,-1.1918197788399283,0.23745790240710973,1.6932775360166221,168.7319561312542
12,236,-1.1938900928040719,0.23636109049890378,1.7062546622944414,168.8016400423854
12,237,-1.1959507430378031,0.23524622867502895,1.719132822992061,168.8718609375752
12,238,-1.1980015721778148,0.23411340207285652,1.7319118027567821,168.9426131237617
12,239,-1.2000424236107956,0.2329626972016533,1.7445913914962683,169.013890940109
12,240,-1.2020731414853905,0.2317942019359753,1.7571713842707863,169.08568875781634
12,241,-1.2040935707241018,0.23060800550895705,1.7696515811872435,169.15800097992218
12,242,-1.2061035570351328,0.22940419850549743,1.782031787295011,169.23082204110378
12,243,-1.2081029469241698,0.22818287285534203,1.7943118124835085,169.30414640747185
12,244,-1.2100915877061034,0.22694412182606255,1.806491471381499,169.37796857636084
12,245,-1.2120693275166894,0.2256880400159349,1.8185705832581192,169.45228307611524
12,246,-1.2140360153241454,0.22441472334671442,1.830548971925587,169.52708446587158
12,247,-1.2159915009406845,0.2231242690563115,1.8424264656435694,169.60236733533662
12,248,-1.2179356350339847,0.22181677569136538,1.854202897025217,169.678126304562
12,249,-1.219868269138593,0.2204923430997186,1.8658781029448055,169.75435602371525
12,250,-1.221789255667262,0.21915107242279244,1.8774519244469627,169.83105117284748
12,251,-1.2236984479222226,0.21779306608786253,1.8889242066575218,169.90820646165795
12,252,-1.2255957001063842,0.21641842780023754,1.9002947986958707,169.98581662925542
12,253,-1.2274808673344706,0.21502726253533927,1.9115635535889006,170.06387644391688
12,254,-1.2293538056440834,0.2136196765306861,1.9227303281864154,170.14238070284324
12,255,-1.2312143720066957,0.21219577727778033,1.9337949830780652,170.22132423191277
12,256,-1.2330624243385753,0.21075567351389907,1.944757382511757,170.30070188543164
12,257,-1.2348978215116344,0.20929947521379097,1.9556173943134945,170.38050854588244
12,258,-1.2367204233642068,0.2078272935812776,1.9663748898086681,170.46073912367038
12,259,-1.2385300907117525,0.20633924104076107,1.977029743744743,170.5413885568675
12,260,-1.2403266853574855,0.20483543122863915,1.9875818342153653,170.62245181095454
12,261,-1.2421100701029277,0.20331597898462678,1.998031042585799,170.70392387856143
12,262,-1.243880108758387,0.2017810003429867,2.008377253419757,170.78579977920572
12,263,-1.2456366661533558,0.20023061252366833,2.0186203544075267,170.8680745590294
12,264,-1.2473796081468351,0.19866493392335569,2.0287602362954384,170.95074329053426
12,265,-1.2491088016375773,0.1970840841064266,2.0387967928166093,171.03380107231558
12,266,-1.2508241145742516,0.19548818379582159,2.0487299206229763,171.1172430287948
12,267,-1.2525254159655261,0.1938773548638249,2.0585595192185604,171.20106430995065
12,268,-1.254212575890074,0.1922517203227579,2.0682854908940125,171.2852600910491
12,269,-1.2558854655064926,0.1906114043155845,2.0779077406623285,171.36982557237246
12,270,-1.257543957063144,0.18895653210643162,2.0874261761958017,171.45475597894705
12,271,-1.25918792390791,0.18728723007102258,2.096840707764148,171.5400465602704
12,272,-1.2608172404978648,0.18560362568702693,2.106151248173792,171.6256925900372
12,273,-1.2624317824088611,0.1839058475243252,2.1153577127083176,171.7116893658647
12,274,-1.264031426345033,0.18219402523519038,2.1244600190700265,171.79803220901704
12,275,-1.2656160501482112,0.18046828954438734,2.133458087322643,171.88471646412967
12,276,-1.2671855328072514,0.17872877223918957,2.142351839835088,171.97173749893213
12,277,-1.2687397544672758,0.17697560615931532,2.1511412012263587,172.0590907039711
12,278,-1.2702785964388257,0.17520892518678302,2.1598260983114512,172.14677149233273
12,279,-1.271801941206925,0.17342886423568757,2.1684064600483617,172.2347752993644
12,280,-1.2733096724400554,0.17163555924189727,2.176882217486099,172.32309758239637
12,281,-1.2748016749990392,0.1698291471526727,2.1852533037137265,172.41173382046279
12,282,-1.2762778349458321,0.1680097659162094,2.193519653810411,172.50067951402278
12,283,-1.2777380395522244,0.1661775544711024,2.2016812047964454,172.58993018468112
12,284,-1.2791821773084502,0.16433265273573688,2.2097378955852727,172.67948137490862
12,285,-1.2806101379317008,0.16247520159760281,2.2176896669364385,172.76932864776282
12,286,-1.2820218123745497,0.1606053429025356,2.2255364614095297,172.85946758660793
12,287,-1.283417092833277,0.15872321944388487,2.2332782233189863,172.94989379483528
12,288,-1.2847958727561046,0.1568289749516087,2.240914898689898,173.04060289558345
12,289,-1.2861580468513307,0.15492275408129874,2.2484464352146545,173.1315905314586
12,290,-1.2875035110953725,0.15300470240313274,2.2558727822105187,173.2228523642546
12,291,-1.2888321627407089,0.15107496639075801,2.2631938905780498,173.3143840746734
12,292,-1.290143900323727,0.14913369341010632,2.2704097127604204,173.40618136204571
12,293,-1.2914386236724709,0.1471810317081394,2.277520202703571,173.49823994405125
12,294,-1.2927162339142908,0.14521713040152864,2.2845253158171968,173.5905555564398
12,295,-1.2939766334833944,0.14324213946526757,2.291425008936589,173.6831239527519
12,296,-1.295219726128297,0.1412562097212182,2.2982192402852615,173.7759409040403
12,297,-1.2964454169191715,0.13925949282659442,2.30490796943841,173.869002198591
12,298,-1.2976536122550981,0.13725214126237964,2.3114911572871324,173.96230364164512
12,299,-1.2988442198712131,0.13523430832168315,2.3179687660034682,174.05584105512068
12,300,-1.300017148845753,0.13320614809803344,2.3243407590061764,174.1496102773349
12,301,-1.3011723096069998,0.13116781547361045,2.330607100927295,174.24360716272656
12,302,-1.302309613940119,0.1291194661074186,2.3367677575794294,174.33782758157895
12,303,-1.3034289749938983,0.12706125642339883,2.3428226959238065,174.4322674197429
12,304,-1.304530307287379,0.12499334359848414,2.348771884039022,174.52692257836048
12,305,-1.3056135267163842,0.12291588555059565,2.3546152910905374,174.62178897358845
12,306,-1.3066785505599408,0.1208290409265839,2.360352887300877,174.7168625363229
12,307,-1.3077252974865972,0.11873296909011329,2.3659846439205086,174.81213921192372
12,308,-1.3087536875606347,0.11662783010949178,2.3715105331994333,174.90761495993945
12,309,-1.3097636422481704,0.11451378474544803,2.376930528359447,175.00328575383276
12,310,-1.310755084423156,0.11239099443885373,2.382244603567074,175.09914758070636
12,311,-1.3117279383732665,0.11025962129839588,2.387452733907163,175.1951964410289
12,312,-1.3126821298056828,0.10811982808819692,2.3925548953571334,175.29142834836193
12,313,-1.3136175858527648,0.10597177821538474,2.3975510647618847,175.3878393290866
12,314,-1.314534235077616,0.1038156357176147,2.4024412198093126,175.48442542213118
12,315,-1.3154320074795387,0.10165156525054193,2.407225339006485,175.58118267869915
12,316,-1.3163108344993804,0.09947973207524802,2.411903401656425,175.67810716199708
12,317,-1.3171706490247679,0.09730030204562035,2.4164753878355016,175.7751949469637
12,318,-1.3180113853952342,0.09511344159568622,2.4209412783714503,175.87244211999885
12,319,-1.318832979407231,0.09291931772690375,2.425301054821954,175.969844778693
12,320,-1.3196353683190334,0.09071809799540773,2.4295546994538717,176.06739903155727
12,321,-1.3204184908555296,0.08850995049921492,2.4337021952229936,176.16510099775394
12,322,-1.3211822872129013,0.08629504386538671,2.437743525754417,176.26294680682716
12,323,-1.32192669906319,0.08407354723715145,2.4416786753234736,176.36093259843398
12,324,-1.3226516695587516,0.08184563026098846,2.4455076288372366,176.45905452207634
12,325,-1.3233571433365978,0.07961146307367191,2.4492303718165704,176.55730873683294
12,326,-1.3240430665226242,0.07737121628927905,2.4528468903787566,176.65569141109157
12,327,-1.3247093867357227,0.07512506098616073,2.456357171220635,176.75419872228218
12,328,-1.3253560530917838,0.07287316869387644,2.45976120160233,176.85282685661
12,329,-1.3259830162075814,0.07061571138009629,2.4630589693314793,176.95157200878904
12,330,-1.326590228204544,0.06835286143746744,2.466250462748012,177.05043038177627
12,331,-1.3271776427124113,0.06608479167045013,2.46933567070944,177.14939818650575
12,332,-1.3277452148727746,0.06381167528212092,2.4723145825766895,177.24847164162372
12,333,-1.3282929013425033,0.06153368586094556,2.475187188200427,177.34764697322316
12,334,-1.3288206602970547,0.05925099736752354,2.4779534779079277,177.44692041457972
12,335,-1.3293284514336667,0.05696378412130253,2.4806134424904096,177.54628820588704
12,336,-1.3298162359744383,0.05467222078726717,2.4831670731909283,177.64574659399315
12,337,-1.3302839766692875,0.05237648236260024,2.4856143616927033,177.74529183213667
12,338,-1.3307316377987988,0.050076744163318525,2.4879553001080095,177.8449201796836
12,339,-1.331159185176949,0.04777318181088545,2.490189880967502,177.94462790186435
12,340,-1.3315665861537194,0.045465971218798695,2.4923180972100685,178.0444112695109
12,341,-1.3319538096175878,0.043155288579157326,2.494339942173153,178.14426655879444
12,342,-1.3323208259979051,0.040841310349205795,2.4962554095835507,178.24419005096334
12,343,-1.3326676072671535,0.0385242132378595,2.4980644935487106,178.34417803208086
12,344,-1.332994126943086,0.036204174192209816,2.4997671885484745,178.44422679276386
12,345,-1.3333003600907505,0.033881370384011116,2.5013634894273244,178.54433262792116
12,346,-1.3335862833243917,0.031555979196151676,2.502853391387083,178.64449183649236
12,347,-1.3338518748092392,0.029228178209106743,2.504236889980092,178.74470072118666
12,348,-1.334097114263173,0.026898145187378295,2.505513981102825,178.84495558822232
12,349,-1.334321982958274,0.024566058065919525,2.5066846609900213,178.9452527470658
12,350,-1.334526463722253,0.022232094936546352,2.50774892620922,179.0455885101713
12,351,-1.3347105409397624,0.019896434034338106,2.508706773655799,179.14595919272045
12,352,-1.334874200553589,0.017559253724025507,2.5095582005484465,179.24636111236225
12,353,-1.3350174300657274,0.015220732486370517,2.510303204425096,179.3467905889527
12,354,-1.3351402185383339,0.012881048904536173,2.510941783139326,179.44724394429517
12,355,-1.3352425565945625,0.010540381650448535,2.5114739348571975,179.5477175018804
12,356,-1.3353244364192807,0.008198909471153126,2.5118996580545505,179.64820758662685
12,357,-1.3353858517596655,0.005856811175163777,2.5122189515147513,179.7487105246209
12,358,-1.3354267979256826,0.0035142656188086184,2.5124318143269067,179.84922264285728
12,359,-1.3354472717904433,0.001171451692571195,2.5125382458845014,179.9497402689795
12,360,-1.3354472717904433,-0.0011714516925710105,2.5125382458845014,-179.94974026897955
12,361,-1.3354267979256826,-0.003514265618808434,2.5124318143269067,-179.84922264285728
12,362,-1.3353858517596655,-0.005856811175163593,2.5122189515147513,-179.7487105246209
12,363,-1.3353244364192807,-0.00819890947115294,2.5118996580545505,-179.64820758662685
12,364,-1.3352425565945625,-0.010540381650448351,2.5114739348571975,-179.5477175018804
12,365,-1.3351402185383339,-0.012881048904535989,2.510941783139326,-179.4472439442952
12,366,-1.3350174300657274,-0.015220732486370334,2.510303204425096,-179.3467905889527
12,367,-1.334874200553589,-0.01755925372402532,2.5095582005484465,-179.24636111236225
12,368,-1.3347105409397624,-0.019896434034337804,2.508706773655799,-179.1459591927205
12,369,-1.334526463722253,-0.02223209493654617,2.50774892620922,-179.0455885101713
12,370,-1.334321982958274,-0.02456605806591934,2.5066846609900213,-178.9452527470658
12,371,-1.334097114263173,-0.026898145187378108,2.505513981102825,-178.84495558822232
12,372,-1.3338518748092392,-0.029228178209106555,2.504236889980092,-178.74470072118666
12,373,-1.3335862833243919,-0.03155597919615137,2.5028533913870845,-178.64449183649236
12,374,-1.3333003600907505,-0.03388137038401093,2.5013634894273244,-178.54433262792116
12,375,-1.332994126943086,-0.03620417419220963,2.4997671885484745,-178.44422679276386
12,376,-1.3326676072671535,-0.03852421323785932,2.4980644935487106,-178.34417803208086
12,377,-1.3323208259979054,-0.04084131034920562,2.496255409583552,-178.24419005096334
12,378,-1.331953809617588,-0.04315528857915702,2.4943399421731542,-178.14426655879447
12,379,-1.3315665861537194,-0.04546597121879851,2.4923180972100685,-178.0444112695109
12,380,-1.331159185176949,-0.04777318181088527,2.490189880967502,-177.94462790186435
12,381,-1.3307316377987988,-0.05007674416331834,2.4879553001080095,-177.84492017968364
12,382,-1.3302839766692875,-0.05237648236260006,2.4856143616927033,-177.74529183213667
12,383,-1.3298162359744383,-0.054672220787266995,2.4831670731909283,-177.64574659399315
12,384,-1.329328451433667,-0.05696378412130235,2.480613442490411,-177.54628820588704
12,385,-1.3288206602970547,-0.05925099736752336,2.4779534779079277,-177.44692041457972
12,386,-1.3282929013425036,-0.06153368586094538,2.4751871882004286,-177.34764697322316
12,387,-1.3277452148727749,-0.06381167528212076,2.4723145825766912,-177.24847164162372
12,388,-1.3271776427124116,-0.06608479167044996,2.469335670709442,-177.1493981865058
12,389,-1.3265902282045443,-0.06835286143746726,2.4662504627480137,-177.0504303817763
12,390,-1.3259830162075814,-0.07061571138009612,2.4630589693314793,-176.95157200878904
12,391,-1.3253560530917838,-0.07287316869387626,2.45976120160233,-176.85282685661002
12,392,-1.3247093867357227,-0.07512506098616055,2.456357171220635,-176.7541987222822
12,393,-1.3240430665226242,-0.07737121628927887,2.4528468903787566,-176.65569141109157
12,394,-1.323357143336598,-0.07961146307367173,2.4492303718165718,-176.55730873683294
12,395,-1.3226516695587516,-0.08184563026098828,2.4455076288372366,-176.45905452207634
12,396,-1.32192669906319,-0.08407354723715127,2.4416786753234736,-176.36093259843398
12,397,-1.3211822872129013,-0.08629504386538653,2.437743525754417,-176.26294680682716
12,398,-1.3204184908555296,-0.08850995049921474,2.4337021952229936,-176.165100997754
12,399,-1.3196353683190334,-0.09071809799540755,2.4295546994538717,-176.0673990315573
12,400,-1.318832979407231,-0.09291931772690357,2.425301054821954,-175.969844778693
12,401,-1.3180113853952342,-0.09511344159568605,2.4209412783714503,-175.87244211999885
12,402,-1.3171706490247679,-0.09730030204562018,2.4164753878355016,-175.77519494696372
12,403,-1.3163108344993804,-0.09947973207524785,2.411903401656425,-175.67810716199708
12,404,-1.315432007479539,-0.10165156525054177,2.4072253390064864,-175.58118267869915
12,405,-1.3145342350776161,-0.10381563571761442,2.402441219809314,-175.48442542213118
12,406,-1.3136175858527648,-0.10597177821538456,2.3975510647618847,-175.38783932908663
12,407,-1.3126821298056828,-0.10811982808819676,2.3925548953571334,-175.29142834836196
12,408,-1.3117279383732665,-0.11025962129839571,2.387452733907163,-175.19519644102894
12,409,-1.310755084423156,-0.11239099443885356,2.382244603567074,-175.09914758070636
12,410,-1.3097636422481704,-0.11451378474544775,2.376930528359447,-175.00328575383276
12,411,-1.3087536875606347,-0.11662783010949163,2.3715105331994333,-174.90761495993945
12,412,-1.3077252974865974,-0.11873296909011312,2.36598464392051,-174.81213921192375
12,413,-1.3066785505599408,-0.12082904092658374,2.360352887300877,-174.71686253632294
12,414,-1.3056135267163842,-0.12291588555059549,2.3546152910905374,-174.62178897358845
12,415,-1.304530307287379,-0.12499334359848387,2.348771884039021,-174.52692257836048
12,416,-1.3034289749938983,-0.1270612564233987,2.3428226959238065,-174.43226741974297
12,417,-1.302309613940119,-0.12911946610741842,2.3367677575794294,-174.33782758157895
12,418,-1.3011723096069998,-0.13116781547361028,2.330607100927295,-174.24360716272656
12,419,-1.3000171488457533,-0.13320614809803327,2.3243407590061764,-174.1496102773349
12,420,-1.2988442198712133,-0.135234308321683,2.31796876600347,-174.0558410551207
12,421,-1.2976536122550983,-0.1372521412623795,2.3114911572871337,-173.96230364164512
12,422,-1.2964454169191715,-0.13925949282659428,2.30490796943841,-173.86900219859103
12,423,-1.2952197261282972,-0.14125620972121802,2.2982192402852633,-173.77594090404034
12,424,-1.2939766334833946,-0.1432421394652674,2.2914250089365904,-173.68312395275194
12,425,-1.2927162339142908,-0.14521713040152848,2.2845253158171968,-173.5905555564398
12,426,-1.2914386236724709,-0.1471810317081392,2.277520202703571,-173.49823994405125
12,427,-1.290143900323727,-0.14913369341010616,2.2704097127604204,-173.40618136204571
12,428,-1.288832162740709,-0.15107496639075788,2.263193890578051,-173.31438407467343
12,429,-1.2875035110953728,-0.1530047024031326,2.25587278221052,-173.2228523642546
12,430,-1.286158046851331,-0.15492275408129855,2.248446435214656,-173.1315905314586
12,431,-1.2847958727561046,-0.15682897495160855,2.240914898689898,-173.04060289558345
12,432,-1.2834170928332773,-0.15872321944388462,2.233278223318988,-172.94989379483528
12,433,-1.2820218123745497,-0.1606053429025355,2.2255364614095297,-172.85946758660793
12,434,-1.280610137931701,-0.16247520159760268,2.2176896669364403,-172.76932864776285
12,435,-1.2791821773084502,-0.16433265273573677,2.2097378955852727,-172.67948137490862
12,436,-1.2777380395522246,-0.16617755447110225,2.201681204796447,-172.58993018468112
12,437,-1.2762778349458324,-0.16800976591620917,2.1935196538104127,-172.50067951402278
12,438,-1.2748016749990394,-0.16982914715267255,2.1852533037137283,-172.41173382046279
12,439,-1.2733096724400554,-0.17163555924189713,2.176882217486099,-172.32309758239637
12,440,-1.271801941206925,-0.17342886423568743,2.1684064600483617,-172.23477529936446
12,441,-1.2702785964388257,-0.1752089251867829,2.1598260983114512,-172.14677149233273
12,442,-1.268739754467276,-0.1769756061593151,2.1511412012263604,-172.0590907039711
12,443,-1.2671855328072517,-0.1787287722391894,2.1423518398350896,-171.97173749893213
12,444,-1.2656160501482114,-0.18046828954438723,2.1334580873226443,-171.8847164641297
12,445,-1.2640314263450332,-0.18219402523519024,2.1244600190700282,-171.79803220901707
12,446,-1.2624317824088611,-0.1839058475243251,2.1153577127083176,-171.7116893658647
12,447,-1.2608172404978648,-0.18560362568702682,2.106151248173792,-171.6256925900372
12,448,-1.2591879239079102,-0.18728723007102246,2.0968407077641467,-171.5400465602704
12,449,-1.2575439570631441,-0.18895653210643149,2.087426176195803,-171.45475597894705
12,450,-1.2558854655064928,-0.19061140431558435,2.07790774066233,-171.36982557237246
12,451,-1.2542125758900742,-0.19225172032275775,2.068285490894014,-171.2852600910491
12,452,-1.2525254159655264,-0.1938773548638248,2.0585595192185617,-171.20106430995065
12,453,-1.2508241145742516,-0.19548818379582142,2.0487299206229763,-171.1172430287948
12,454,-1.2491088016375775,-0.1970840841064265,2.038796792816611,-171.03380107231558
12,455,-1.2473796081468351,-0.19866493392335557,2.0287602362954384,-170.95074329053426
12,456,-1.2456366661533558,-0.20023061252366822,2.0186203544075267,-170.86807455902942
12,457,-1.243880108758387,-0.2017810003429866,2.008377253419757,-170.78579977920572
12,458,-1.242110070102928,-0.20331597898462664,1.9980310425858006,-170.70392387856143
12,459,-1.2403266853574857,-0.20483543122863893,1.9875818342153637,-170.62245181095454
12,460,-1.2385300907117527,-0.206339241040761,1.9770297437447446,-170.5413885568675
12,461,-1.236720423364207,-0.20782729358127752,1.9663748898086681,-170.46073912367038
12,462,-1.2348978215116346,-0.20929947521379086,1.9556173943134958,-170.38050854588244
12,463,-1.2330624243385757,-0.21075567351389887,1.9447573825117601,-170.30070188543164
12,464,-1.231214372006696,-0.2121957772777802,1.9337949830780667,-170.22132423191277
12,465,-1.2293538056440836,-0.213619676530686,1.922730328186417,-170.14238070284324
12,466,-1.2274808673344708,-0.2150272625353391,1.9115635535889022,-170.06387644391688
12,467,-1.2255957001063842,-0.21641842780023748,1.9002947986958707,-169.98581662925542
12,468,-1.2236984479222226,-0.21779306608786242,1.8889242066575218,-169.90820646165795
12,469,-1.2217892556672623,-0.21915107242279228,1.8774519244469645,-169.8310511728475
12,470,-1.219868269138593,-0.22049234309971857,1.8658781029448055,-169.75435602371525
12,471,-1.217935635033985,-0.2218167756913653,1.8542028970252185,-169.678126304562
12,472,-1.2159915009406848,-0.2231242690563114,1.842426465643571,-169.60236733533662
12,473,-1.2140360153241456,-0.22441472334671425,1.830548971925587,-169.52708446587158
12,474,-1.2120693275166896,-0.22568804001593476,1.8185705832581223,-169.4522830761153
12,475,-1.2100915877061036,-0.22694412182606247,1.8064914713815006,-169.37796857636084
12,476,-1.20810294692417,-0.22818287285534186,1.79431181248351,-169.30414640747185
12,477,-1.2061035570351328,-0.2294041985054974,1.782031787295011,-169.23082204110378
12,478,-1.204093570724102,-0.2306080055089569,1.7696515811872418,-169.15800097992218
12,479,-1.2020731414853907,-0.2317942019359751,1.757171384270788,-169.08568875781634
12,480,-1.200042423610796,-0.23296269720165316,1.7445913914962716,-169.013890940109
12,481,-1.198001572177815,-0.23411340207285644,1.7319118027567835,-168.9426131237617
12,482,-1.1959507430378034,-0.23524622867502887,1.7191328229920624,-168.8718609375752
12,483,-1.193890092804072,-0.23636109049890364,1.706254662294443,-168.80164004238546
12,484,-1.1918197788399283,-0.2374579024071097,1.6932775360166221,-168.7319561312542
12,485,-1.1897399592466589,-0.23853658064067285,1.6802016648812503,-168.66281492965473
12,486,-1.1876507928514555,-0.23959704282541247,1.667027275092342,-168.59422219565184
12,487,-1.185552439195286,-0.24063920797823227,1.6537545984485824,-168.5261837200761
12,488,-1.1834450585207126,-0.24166299651330386,1.6403838724585214,-168.4587053266925
12,489,-1.1813288117596517,-0.2426683302481453,1.6269153404576597,-168.3917928723624
12,490,-1.1792038605210873,-0.24365513240959102,1.6133492517275068,-168.32545224719976
12,491,-1.1770703670787275,-0.24462332763965494,1.5996858616165557,-168.2596893747199
12,492,-1.1749284943586134,-0.24557284200128476,1.5859254316632772,-168.1945102119817
12,493,-1.1727784059266766,-0.24650360298400897,1.5720682297210866,-168.12992074972277
12,494,-1.1706202659762481,-0.24741553950947368,1.5581145300853558,-168.0659270124866
12,495,-1.1684542393155213,-0.2483085819368705,1.5440646136224632,-168.0025350587423
12,496,-1.1662804913549636,-0.24918266206825515,1.5299187679009163,-167.93975098099602
12,497,-1.1640991880946863,-0.25003771315375517,1.5156772873245417,-167.877580905894
12,498,-1.161910496111768,-0.2508736698966671,1.501340473267838,-167.81603099431695
12,499,-1.1597145825475335,-0.25169046845844356,1.4869086342133977,-167.75510744146527
12,500,-1.1575116150947886,-0.2524880464635678,1.4723820858915229,-167.69481647693496
12,501,-1.1553017619850168,-0.2532663430043173,1.4577611514220052,-167.63516436478366
12,502,-1.1530851919755298,-0.2540252986454147,1.4430461614580992,-167.57615740358688
12,503,-1.1508620743365814,-0.25476485542856714,1.4282374543326908,-167.51780192648323
12,504,-1.1486325788384404,-0.2554849568768921,1.4133353762067178,-167.46010430120958
12,505,-1.1463968757384264,-0.25618554799923,1.398340281219837,-167.4030709301242
12,506,-1.144155135767908,-0.25686657529434404,1.3832525316433566,-167.3467082502189
12,507,-1.141907530119264,-0.2575279867550058,1.3680724980354373,-167.29102273311892
12,508,-1.1396542304328114,-0.25816973187196657,1.3528005593986359,-167.2360208850703
12,509,-1.1373954087836968,-0.25879176163781475,1.3374371033397234,-167.18170924691466
12,510,-1.1351312376687561,-0.2593940285507184,1.3219825262318665,-167.12809439405035
12,511,-1.1328618899933418,-0.25997648661805256,1.3064372333791494,-167.07518293638023
12,512,-1.130587539058119,-0.26053909135991155,1.290801639183461,-167.022981518245
12,513,-1.1283083585458311,-0.2610817998125059,1.2750761673137558,-166.97149681834196
12,514,-1.1260245225080356,-0.2616045705314431,1.2592612508776995,-166.92073554962863
12,515,-1.1237362053518143,-0.2621073635948927,1.2433573325957383,-166.87070445921074
12,516,-1.1214435818264523,-0.2625901406066347,1.227364864977538,-166.8214103282141
12,517,-1.1191468270100946,-0.26305286469899225,1.2112843105008912,-166.77285997163966
12,518,-1.1168461162963756,-0.26349550053564647,1.1951161417930132,-166.72506023820148
12,519,-1.1145416253810263,-0.2639180143143353,1.1788608418143094,-166.6780180101473
12,520,-1.1122335302484543,-0.26432037376943474,1.1625189040445407,-166.63174020306013
12,521,-1.1099220071583071,-0.2647025481744229,1.1460908326714816,-166.58623376564157
12,522,-1.1076072326320117,-0.26506450834422624,1.1295771427820067,-166.54150567947556
12,523,-1.105289383439293,-0.2654062266374487,1.1129783605556105,-166.49756295877197
12,524,-1.102968636584675,-0.2657276769584822,1.0962950234604107,-166.45441265008947
12,525,-1.1006451692939656,-0.26602883475949957,1.0795276804515936,-166.41206183203772
12,526,-1.0983191590007197,-0.26630967704232933,1.0626768921722802,-166.37051761495707
12,527,-1.0959907833326916,-0.2665701823602117,1.0457432311568706,-166.32978714057586
12,528,-1.0936602200982688,-0.2668103308194365,1.0287272820368005,-166.28987758164467
12,529,-1.091327647272895,-0.26703010408086253,1.0116296417487405,-166.25079614154689
12,530,-1.0889932429854774,-0.26722948536131774,0.9944509197451825,-166.21255005388414
12,531,-1.086657185504784,-0.26740845943488106,0.9771917382074635,-166.17514658203712
12,532,-1.0843196532258315,-0.26756701263404525,0.959852732261156,-166.13859301869994
12,533,-1.0819808246562597,-0.2677051328507604,0.942434550193836,-166.1028966853883
12,534,-1.0796408784027012,-0.2678228095373587,0.9249378536751929,-166.06806493191957
12,535,-1.0772999931571419,-0.2679200337073599,0.90736331797948,-166.0341051358654
12,536,-1.0749583476832736,-0.26799679793615755,0.8897116322102585,-166.00102470197479
12,537,-1.0726161208028444,-0.26805309636158614,0.8719834995274096,-165.9688310615677
12,538,-1.0702734913820018,-0.26808892468436846,0.854179637376419,-165.93753167189803
12,539,-1.0679306383176337,-0.2681042801684442,0.8363007777198266,-165.9071340154855
12,540,-1.0655877405237064,-0.26809916164117875,0.8183476672708984,-165.87764559941462
12,541,-1.0632449769176022,-0.2680735694934528,0.8003210677293839,-165.8490739546016
12,542,-1.0609025264064567,-0.26802750567963246,0.7822217560194153,-165.82142663502685
12,543,-1.0585605678734944,-0.26796097371742006,0.7640505245293855,-165.79471121693257
12,544,-1.0562192801643704,-0.26787397868758545,0.745808181353885,-165.7689352979852
12,545,-1.0538788420735117,-0.26776652723357813,0.7274955505375269,-165.74410649640112
12,546,-1.0515394323304634,-0.2676386275610197,0.7091134723206699,-165.72023245003484
12,547,-1.0492012295862396,-0.2674902894370774,0.690662803386959,-165.69732081542915
12,548,-1.046864412399681,-0.2673215241897182,0.6721444171126111,-165.6753792668257
12,549,-1.04452915922382,-0.2671323447068438,0.6535592038173932,-165.65441549513562
12,550,-1.0421956483922505,-0.2669227654353063,0.6349080710171711,-165.6344372068688
12,551,-1.0398640581055114,-0.26669280237980486,0.6161919436780187,-165.6154521230215
12,552,-1.0375345664174782,-0.2664424731016638,0.597411764471764,-165.5974679779201
12,553,-1.0352073512217643,-0.2661717967174914,0.5785684940328346,-165.58049251802163
12,554,-1.0328825902381373,-0.26588079389771985,0.5596631112164259,-165.5645335006687
12,555,-1.0305604609989458,-0.26556948686502696,0.5406966133577622,-165.54959869279867
12,556,-1.028241140835565,-0.265237899392639,0.521670016532475,-165.53569586960555
12,557,-1.0259248068648505,-0.26488605680251526,0.5025843558178205,-165.5228328131541
12,558,-1.023611635975616,-0.26451398596341424,0.4834406855548108,-165.51101731094445
12,559,-1.021301804815124,-0.26412171528884215,0.4642400796109917,-165.50025715442715
12,560,-1.0189954897755944,-0.26370927473488254,0.4449836316437843,-165.49056013746642
12,561,-1.0166928669807367,-0.26327669579790897,0.4256724553642765,-165.4819340547518
12,562,-1.014394112272299,-0.26282401151217993,0.4063076848013053,-165.47438670015634
12,563,-1.0120994011966393,-0.2623512564473158,0.3868904745656571,-165.46792586504023
12,564,-1.00980890899132,-0.26185846670565904,0.3674220001142575,-165.46255933649988
12,565,-1.007522810571726,-0.26134567991951746,0.34790345801420813,-165.4582948955597
12,566,-1.0052412805177078,-0.2608129352482899,0.3283360662064528,-165.45514031530732
12,567,-1.0029644930602475,-0.26026027337547636,0.3087210642689011,-165.45310335896988
12,568,-1.0006926220681553,-0.2596877365055706,0.28905971367888167,-165.45219177793103
12,569,-0.9984258410347919,-0.2590953683608376,0.269353298074671,-165.4524133096873
12,570,-0.9961643230648184,-0.25848321417797443,0.2496031235159082,-165.4537756757435
12,571,-0.9939082408609772,-0.2578513207046558,0.22981051874271421,-165.45628657944457
12,572,-0.991657766710905,-0.25719973619596426,0.20997683543328538,-165.45995370374496
12,573,-0.9894130724739736,-0.2565285104107048,0.19010344845971022,-165.46478470891276
12,574,-0.9871743295681672,-0.2558376946076053,0.1701917561418228,-165.4707872301689
12,575,-0.9849417089569914,-0.255127341541402,0.15024318049880514,-165.47796887525908
12,576,-0.9827153811364182,-0.25439750545881096,0.13025916749833946,-165.48633722195936
12,577,-0.9804955161218645,-0.25364824209438513,0.11024118730295977,-165.49589981551247
12,578,-0.9782822834352096,-0.25287960866625847,0.09019073451346676,-165.50666416599537
12,579,-0.9760758520918501,-0.2520916638717765,0.07010932840898859,-165.51863774561673
12,580,-0.9738763905877917,-0.25128446788301334,0.04999851318349209,-165.531827985943
12,581,-0.9716840668867824,-0.2504580823421772,0.02985985817842086,-165.54624227505337
12,582,-0.9694990484074857,-0.2496125703569024,0.009694958111117483,-165.5618879546214
12,583,-0.9673215020106962,-0.248747996495431,-0.010494566701201179,-165.57877231692393
12,584,-0.9651515939865962,-0.2478644267816809,-0.030707070122363393,-165.59690260177555
12,585,-0.9629894900420567,-0.24696192869020472,-0.05094087998328338,-165.6162859933886
12,586,-0.9608353552879846,-0.24604057114103672,-0.07119429787352852,-165.6369296171573
12,587,-0.9586893542267119,-0.24510042449442962,-0.09146559893876444,-165.65884053636668
12,588,-0.9565516507394343,-0.2441415605454814,-0.11175303168444103,-165.6820257488241
12,589,-0.9544224080736968,-0.24316405251865314,-0.13205481778607137,-165.70649218341433
12,590,-0.9523017888309262,-0.2421679750621764,-0.1523691519065492,-165.73224669657725
12,591,-0.9501899549540141,-0.24115340424235324,-0.17269420152084908,-165.75929606870724
12,592,-0.9480870677149502,-0.24012041753774696,-0.19302810674854187,-165.7876470004747
12,593,-0.945993287702507,-0.23906909383326577,-0.21336898019453449,-165.8173061090692
12,594,-0.9439087748099757,-0.23799951341413841,-0.23371490679848242,-165.84827992436396
12,595,-0.9418336882229554,-0.23691175795978292,-0.25406394369327917,-165.8805748850016
12,596,-0.9397681864071986,-0.2358059105375698,-0.2744141200731079,-165.9141973344013
12,597,-0.9377124270965075,-0.23468205559647776,-0.2947634370714839,-165.94915351668726
12,598,-0.9356665672806899,-0.23354027896064483,-0.3151098676497721,-165.98544957253833
12,599,-0.9336307631935705,-0.23238066782281508,-0.33545135649665275,-166.0230915349598
12,600,-0.9316051703010598,-0.23120331073767897,-0.3557858199390126,-166.06208532497678
12,601,-0.9295899432892814,-0.2300082976151115,-0.37611114586477423,-166.10243674725027
12,602,-0.9275852360527592,-0.2287957197133058,-0.3964251936581658,-166.144151485616
12,603,-0.9255912016826668,-0.2275656696318048,-0.4167257941478953,-166.1872350985468
12,604,-0.9236079924551344,-0.22631824130442882,-0.4370107495688499,-166.23169301453962
12,605,-0.9216357598196205,-0.22505352999210268,-0.45727783353774276,-166.27753052742702
12,606,-0.9196746543873482,-0.2237716322755815,-0.47752479104329837,-166.32475279161542
12,607,-0.9177248259198012,-0.22247264604807432,-0.49774933845152775,-166.37336481725023
12,608,-0.9157864233172883,-0.22115667050776908,-0.5179491635265997,-166.42337146530943
12,609,-0.9138595946075727,-0.2198238061502568,-0.5381219254679025,-166.47477744262676
12,610,-0.9119444869345674,-0.21847415476085777,-0.5582652549638287,-166.52758729684683
12,611,-0.9100412465470984,-0.21710781940684798,-0.5783767542628675,-166.58180541131216
12,612,-0.908150018787736,-0.21572490442958847,-0.5984539972625638,-166.63743599988578
12,613,-0.9062709480816968,-0.2143255154365577,-0.6184945296169045,-166.69448310170972
12,614,-0.904404177925813,-0.21290975929328607,-0.6384958688627558,-166.75295057590287
12,615,-0.9025498508775746,-0.2114777441151951,-0.6584555045658489,-166.81284209619923
12,616,-0.900708108544244,-0.21002957925934193,-0.6783708984869574,-166.87416114552985
12,617,-0.8988790915720404,-0.20856537531606711,-0.6982394847688349,-166.93691101055043
12,618,-0.8970629396354003,-0.20708524410054993,-0.718058670144463,-167.0010947761179
12,619,-0.8952597914263104,-0.20558929864426903,-0.7378258341672049,-167.06671531971827
12,620,-0.8934697846437174,-0.20407765318637172,-0.7575383294634431,-167.13377530584958
12,621,-0.8916930559830115,-0.2025504231649486,-0.7771934820082633,-167.2022771803623
12,622,-0.8899297411255872,-0.2010077252082188,-0.796788591424749,-167.2722231647617
12,623,-0.8881799747284836,-0.19944967712562398,-0.8163209313074443,-167.34361525047495
12,624,-0.8864438904140993,-0.19787639789883074,-0.8357877495705643,-167.4164551930876
12,625,-0.8847216207599893,-0.1962880076726449,-0.8551862688214418,-167.49074450655232
12,626,-0.8830132972887402,-0.1946846277458371,-0.8745136867598108,-167.56648445737585
12,627,-0.8813190504579268,-0.19306638056187883,-0.8937671766033989,-167.64367605878692
12,628,-0.879639009650149,-0.19143338969959228,-0.9129438875403664,-167.72232006489068
12,629,-0.8779733031631514,-0.18978577986371317,-0.9320409452091,-167.80241696481446
12,630,-0.8763220582000268,-0.18812367687536802,-0.9510554522057889,-167.88396697684945
12,631,-0.8746854008595008,-0.18644720766246475,-0.969984488620345,-167.966970042594
12,632,-0.8730634561263027,-0.18475650025000026,-0.9888251126010121,-168.0514258211039
12,633,-0.8714563478616217,-0.1830516837502841,-1.0075743609481511,-168.13733368305483
12,634,-0.869864198793647,-0.18133288835307793,-1.0262292497376289,-168.22469270492374
12,635,-0.8682871305081956,-0.17960024531565355,-1.0447867749741204,-168.3135016631941
12,636,-0.8667252634394289,-0.17785388695277035,-1.0632439132747387,-168.40375902859225
12,637,-0.8651787168606533,-0.1760939466265695,-1.0815976225833397,-168.49546296036067
12,638,-0.8636476088752136,-0.17432055873639066,-1.0998448429157386,-168.58861130057505
12,639,-0.8621320564074729,-0.17253385870850785,-1.117982497136187,-168.68320156851212
12,640,-0.8606321751938845,-0.17073398298578843,-1.1360074917652903,-168.77923095507478
12,641,-0.8591480797741524,-0.16892106901727233,-1.1539167178196366,-168.87669631728232
12,642,-0.8576798834824855,-0.16709525524767624,-1.1717070516832584,-168.97559417283261
12,643,-0.8562276984389422,-0.1652566811068216,-1.1893753560110882,-169.07592069474393
12,644,-0.8547916355408681,-0.163405486998986,-1.2069184806645081,-169.17767170608474
12,645,-0.8533718044544276,-0.16154181429218162,-1.2243332636790536,-169.28084267479773
12,646,-0.851968313606229,-0.15966580530735933,-1.2416165322642576,-169.38542870862818
12,647,-0.8505812701750445,-0.15777760330754095,-1.2587651038356562,-169.49142455016295
12,648,-0.849210780083625,-0.1558773524868777,-1.2757757870788387,-169.59882457198944
12,649,-0.8478569479906118,-0.15396519795963914,-1.2926453830454376,-169.70762277198259
12,650,-0.8465198772825442,-0.15204128574913217,-1.3093706862808832,-169.8178127687284
12,651,-0.8451996700659636,-0.15010576277654863,-1.3259484859837098,-169.9293877970926
12,652,-0.8438964271596167,-0.14815877684974593,-1.342375567196135,-170.0423407039428
12,653,-0.8426102480867563,-0.1462004766519605,-1.3586487120255617,-170.15666394403394
12,654,-0.8413412310675412,-0.14423101173045197,-1.3747647008966624,-170.272349576064
12,655,-0.840089473011535,-0.14225053248508387,-1.3907203138335746,-170.3893892589109
12,656,-0.8388550695103061,-0.14025919015683763,-1.4065123317717187,-170.50777424805776
12,657,-0.8376381148301277,-0.13825713681626398,-1.4221375378986716,-170.62749539221616
12,658,-0.8364387019047788,-0.1362445253518685,-1.437592719023515,-170.74854313015635
12,659,-0.8352569223284471,-0.13422150945843692,-1.4528746669739336,-170.87090748775293
12,660,-0.8340928663487353,-0.1321882436252987,-1.467980180020342,-170.99457807525476
12,661,-0.8329466228597678,-0.13014488312452796,-1.4829060643262773,-171.1195440847881
12,662,-0.8318182793954035,-0.12809158399908674,-1.4976491354241117,-171.24579428810156
12,663,-0.8307079221225506,-0.12602850305090918,-1.5122062197152377,-171.37331703456096
12,664,-0.8296156358345866,-0.1239557978289261,-1.5265741559936827,-171.50210024940336
12,665,-0.8285415039448825,-0.12187362661703434,-1.5407497969921207,-171.6321314322577
12,666,-0.8274856084804334,-0.11978214842200882,-1.5547300109491453,-171.7633976559405
12,667,-0.8264480300755944,-0.11768152296136092,-1.5685116831966286,-171.89588556553488
12,668,-0.8254288479659229,-0.11557191065113999,-1.582091717765928,-172.0295813777597
12,669,-0.8244281399821272,-0.11345347259368381,-1.5954670390116017,-172.16447088063757
12,670,-0.8234459825441234,-0.11132637056531652,-1.6086345932512944,-172.3005394334675
12,671,-0.8224824506551995,-0.10919076700399313,-1.6215913504203308,-172.43777196711045
12,672,-0.8215376178962877,-0.10704682499689541,-1.6343343057395412,-172.57615298459368
12,673,-0.8206115564203449,-0.1048947082679783,-1.646860481394751,-172.71566656204024
12,674,-0.8197043369468433,-0.10273458116546565,-1.6591669282263464,-172.85629634993
12,675,-0.8188160287563693,-0.10056660864930055,-1.6712507274272095,-172.99802557469746
12,676,-0.8179466996853334,-0.09839095627854753,-1.683108992247346,-173.1408370406717
12,677,-0.8170964161207894,-0.09620779019875046,-1.6947388697034091,-173.28471313236312
12,678,-0.8162652429953646,-0.09401727712924324,-1.7061375422913057,-173.4296358171017
12,679,-0.8154532437823017,-0.09181958435041895,-1.7173022296999956,-173.57558664803065
12,680,-0.8146604804906108,-0.08961487969095595,-1.7282301905246158,-173.72254676745814
12,681,-0.8138870136603352,-0.0874033315150001,-1.7389187239769157,-173.87049691057135
12,682,-0.813132902357927,-0.0851851087093085,-1.7493651715910705,-174.01941740951443
12,683,-0.8123982041717368,-0.08296038067035177,-1.7595669189228056,-174.1692881978323
12,684,-0.8116829752076167,-0.0807293172913789,-1.7695213972397663,-174.32008881528205
12,685,-0.8109872700846346,-0.07849208894944178,-1.7792260852010953,-174.4717984130126
12,686,-0.8103111419309037,-0.076248866492385,-1.7886785105240552,-174.62439575911284
12,687,-0.8096546423795257,-0.0739998212257995,-1.7978762516355784,-174.77785924452763
12,688,-0.8090178215646469,-0.07174512489993934,-1.8068169393066313,-174.9321668893415
12,689,-0.8084007281176302,-0.06948494969660653,-1.8154982582671753,-175.0872963494272
12,690,-0.8078034091633418,-0.06721946821600287,-1.8239179487996062,-175.24322492345868
12,691,-0.8072259103165514,-0.06494885346354792,-1.832073808308495,-175.3999295602837
12,692,-0.8066682756784497,-0.06267327883666808,-1.8399636928644498,-175.55738686665418
12,693,-0.8061305478332796,-0.06039291811155458,-1.8475855187199406,-175.71557311530964
12,694,-0.8056127678450857,-0.05810794542989378,-1.8549372637949644,-175.87446425340852
12,695,-0.805114975254577,-0.05581853528556734,-1.8620169691303898,-176.03403591130305
12,696,-0.8046372080761077,-0.05352486251132754,-1.8688227403068958,-176.1942634116507
12,697,-0.804179502794775,-0.0512271022654467,-1.8753527488273938,-176.35512177885587
12,698,-0.8037418943636319,-0.04892543001833969,-1.8816052334609257,-176.5165857488351
12,699,-0.803324416201018,-0.0466200215391647,-1.8875785015459765,-176.67862977909644
12,700,-0.8029271001880085,-0.04431105288240113,-1.8932709302512598,-176.8412280591261
12,701,-0.8025499766659787,-0.04199870037440369,-1.8986809677920395,-177.00435452107243
12,702,-0.8021930744342869,-0.03968314059993799,-1.903807134600123,-177.16798285071664
12,703,-0.8018564207480754,-0.03736455038869504,-1.9086480244456763,-177.33208649872188
12,704,-0.8015400413161895,-0.03504310680178844,-1.913202305509153,-177.49663869214797
12,705,-0.8012439602992134,-0.03271898711823154,-1.9174687214015995,-177.6616124462209
12,706,-0.8009682003076256,-0.030392368821400086,-1.9214460921317498,-177.82698057634565
12,707,-0.8007127824000726,-0.028063429585479256,-1.9251333150183205,-177.99271571034902
12,708,-0.80047772608176,-0.025732347261894013,-1.9285293655461069,-178.15879030093978
12,709,-0.8002630493029634,-0.023399299865728262,-1.931633298164399,-178.32517663837277
12,710,-0.8000687684576577,-0.021064465562130118,-1.9344442470265175,-178.4918468633026
12,711,-0.7998948983822647,-0.018728022652707104,-1.9369614266691753,-178.6587729798137
12,712,-0.7997414523545208,-0.016390149561908585,-1.9391841326306112,-178.8259268686104
12,713,-0.799608442092462,-0.014051024823400945,-1.9411117420064437,-178.99328030035343
12,714,-0.7994958777535303,-0.011710827066434426,-1.942743713942313,-179.1608049491266
12,715,-0.7994037679337972,-0.009369735002200516,-1.9440795900625498,-179.32847240601845
12,716,-0.7993321196673073,-0.007027927410185246,-1.9451189948340817,-179.49625419280272
12,717,-0.7992809384255416,-0.0046855831245172395,-1.9458616358650274,-179.66412177570143
12,718,-0.7992502281169989,-0.00234288102030948,-1.9463073041374546,-179.83204657921468
12,719,-0.7992399910868981,-6.566676641945985e-17,-1.9464558741739102,-180.0
