branch,sign,K,re,im,mag
0,pos,0.0,-0.5,0.8660254037844389,1.0000000000000002
0,pos,0.020006668889629875,-0.5044100383548258,0.8815422101339105,1.0156506067742472
0,pos,0.04001333777925975,-0.5089691451512892,0.8969059804263344,1.0312564804356665
0,pos,0.060020006668889625,-0.5136749981939357,0.9121175741159956,1.0468144404720392
0,pos,0.0800266755585195,-0.5185250989319115,0.9271777086374443,1.0623214116342239
0,pos,0.10003334444814937,-0.5235167929835076,0.9420869980077449,1.0777744403867544
0,pos,0.12004001333777925,-0.5286472904557222,0.9568459856205616,1.0931707084917528
0,pos,0.14004668222740912,-0.5339136858242136,0.9714551718565347,1.1085075438792495
0,pos,0.160053351117039,-0.5393129771715315,0.9859150370804817,1.1237824289812635
0,pos,0.18006002000666887,-0.5448420846147588,1.0002260605488082,1.138993006724951
0,pos,0.20006668889629875,-0.5504978677866895,1.014388735708195,1.1541370843922147
0,pos,0.22007335778592862,-0.5562771422663231,1.0284035823273943,1.16921263555942
0,pos,0.2400800266755585,-0.5621766948841909,1.0422711558672435,1.1842178003322499
0,pos,0.2600866955651884,-0.5681932978551749,1.0559920544590096,1.199150884087611
0,pos,0.28009336445481825,-0.5743237217157551,1.0695669238277432,1.2140103549277401
0,pos,0.3001000333444481,-0.5805647470638547,1.0829964604653919,1.2287948400420163
0,pos,0.320106702234078,-0.5869131751174732,1.096281413327883,1.2435031211599972
0,pos,0.3401133711237079,-0.5933658371233215,1.1094225843014809,1.25813412926573
0,pos,0.36012004001333775,-0.5999196026587408,1.1224208276563814,1.2726869387288682
0,pos,0.3801267089029676,-0.6065713868795064,1.1352770486799235,1.2871607609930957
0,pos,0.4001333777925975,-0.6133181567730622,1.1479922016580364,1.301554937947366
0,pos,0.4201400466822274,-0.620156936481385,1.1605672873515451,1.3158689350906116
0,pos,0.44014671557185725,-0.6270848117605339,1.1730033500939367,1.3301023345864569
0,pos,0.4601533844614871,-0.6340989336451077,1.1853014746188764,1.3442548282909552
0,pos,0.480160053351117,-0.6411965213857171,1.1974627827093836,1.3583262108239114
0,pos,0.5001667222407469,-0.6483748647263132,1.2094884297458042,1.3723163727427565
0,pos,0.5201733911303767,-0.6556313255861308,1.2213796012166886,1.38622529386751
0,pos,0.5401800600200066,-0.662963339208268,1.2331375092451653,1.4000530367959447
0,pos,0.5601867289096365,-0.6703684148336595,1.2447633891732799,1.4137997406396507
0,pos,0.5801933977992664,-0.6778441359556464,1.256258496238054,1.4274656150043523
0,pos,0.6002000666888962,-0.6853881602066259,1.2676241023654455,1.441050934231412
0,pos,0.6202067355785261,-0.6929982189243492,1.2788614931019104,1.4545560319118573
0,pos,0.640213404468156,-0.700672116441676,1.289971964697826,1.4679812956796239
0,pos,0.6602200733577859,-0.7084077291397074,1.300956821352342,1.4813271622865984
0,pos,0.6802267422474157,-0.716203004300642,1.3118173726254463,1.494594112958831
0,pos,0.7002334111370456,-0.7240559587931287,1.3225549310198246,1.5077826690304839
0,pos,0.7202400800266755,-0.7319646776195877,1.3331708097324695,1.5208933878498767
0,pos,0.7402467489163054,-0.7399273123518504,1.3436663205739525,1.5339268589502488
0,pos,0.7602534178059352,-0.7479420794785288,1.3540427720516162,1.5468837004765066
0,pos,0.7802600866955651,-0.7560072586848716,1.364301467611625,1.5597645558581745
0,pos,0.800266755585195,-0.7641211910833587,1.3744437040339024,1.5725700907180844
0,pos,0.8202734244748249,-0.772282277411011,1.384470769973249,1.5853009900058281
0,pos,0.8402800933644547,-0.780488976207357,1.3943839446394624,1.5979579553447316
0,pos,0.8602867622540846,-0.7887398019851222,1.4041844966090153,1.6105417025810427
0,pos,0.8802934311437145,-0.7970333234039884,1.413873682760658,1.6230529595239929
0,pos,0.9003001000333444,-0.8053681614563296,1.4234527473273293,1.6354924638656303
0,pos,0.9203067689229742,-0.8137429876723892,1.4329229210568186,1.6478609612694852
0,pos,0.9403134378126041,-0.8221565223512537,1.4422854204737792,1.6601592036175126
0,pos,0.960320106702234,-0.8306075328228157,1.4515414472358827,1.672387947405041
0,pos,0.9803267755918639,-0.8390948317450614,1.4606921875772187,1.6845479522739606
0,pos,1.0003334444814937,-0.8476172754401194,1.469738811832247,1.696639979674709
0,pos,1.0203401133711236,-0.8561737622718143,1.4786824740340037,1.7086647916481439
0,pos,1.0403467822607535,-0.8647632310668243,1.4875243115805246,1.720623149718801
0,pos,1.0603534511503834,-0.873384659580964,1.4962654449638157,1.7325158138914987
0,pos,1.0803601200400132,-0.8820370630116943,1.5049069775560209,1.7443435417437396
0,pos,1.1003667889296431,-0.8907194925574492,1.5134499954477614,1.7561070876067406
0,pos,1.120373457819273,-0.8994310340241238,1.5218955673339525,1.7678072018284228
0,pos,1.1403801267089029,-0.9081708064786711,1.530244744442714,1.7794446301120659
0,pos,1.1603867955985327,-0.9169379609495684,1.5384985605032984,1.791020112924775
0,pos,1.1803934644881626,-0.9257316791736463,1.54665803174923,1.8025343849702453
0,pos,1.2004001333777925,-0.9345511723886233,1.5547241569531711,1.8139881747207447
0,pos,1.2204068022674224,-0.9433956801705565,1.5626979174902362,1.825382204003531
0,pos,1.2404134711570522,-0.9522644693152134,1.5705802774267605,1.8367171876372543
0,pos,1.2604201400466821,-0.9611568327624244,1.5783721836317832,1.8479938331142933
0,pos,1.280426808936312,-0.9700720885622257,1.5860745659086581,1.8592128403251245
0,pos,1.3004334778259419,-0.9790095788816789,1.5936883371444754,1.8703749013212312
0,pos,1.3204401467155717,-0.9879686690511644,1.6012143934751664,1.8814807001132843
0,pos,1.3404468156052016,-0.9969487466488774,1.608653614464276,1.8925309125014966
0,pos,1.3604534844948315,-1.005949220622333,1.616006863293664,1.9035262059354228
0,pos,1.3804601533844614,-1.0149695204455709,1.623274986964449,1.914467239400545
0,pos,1.4004668222740912,-1.0240090953108445,1.6304588165067107,1.9253546633292782
0,pos,1.4204734911637211,-1.03306741335353,1.6375591671966112,1.9361891195341978
0,pos,1.440480160053351,-1.0421439609090348,1.644576838779646,1.9469712411614162
0,pos,1.4604868289429809,-1.0512382418004682,1.6515126156989433,1.95770165266225
0,pos,1.4804934978326107,-1.0603497766559342,1.6583672673275847,1.9683809697814725
0,pos,1.5005001667222406,-1.0694781022542168,1.6651415482039889,1.9790097995604918
0,pos,1.5205068356118705,-1.0786227708977916,1.6718361982695704,1.9895887403540662
0,pos,1.5405135045015004,-1.0877833498120077,1.678451943107902,2.000118381859165
0,pos,1.5605201733911302,-1.0969594205693989,1.684989494184694,2.0105993051547446
0,pos,1.5805268422807601,-1.106150578538068,1.6914495490879955,2.021032082751307
0,pos,1.60053351117039,-1.115356432353157,1.6978327917680804,2.031417278649209
0,pos,1.6205401800600199,-1.1245766034104134,1.7041398927765128,2.0417554484047415
0,pos,1.6405468489496497,-1.1338107253809429,1.7103715095039835,2.052047139203141
0,pos,1.6605535178392796,-1.1430584437462032,1.7165282864164961,2.0622928899376647
0,pos,1.6805601867289095,-1.1523194153524332,1.7226108552896098,2.0724932312940796
0,pos,1.7005668556185394,-1.161593307983619,1.728619835440406,2.0826486858398234
0,pos,1.7205735245081692,-1.1708797999522313,1.7345558339569123,2.092759768117243
0,pos,1.7405801933977991,-1.1801785797069742,1.740419445924792,2.102826984740383
0,pos,1.760586862287429,-1.1894893454567634,1.7462112546510535,2.112850834494751
0,pos,1.7805935311770589,-1.198811804810271,1.7519318318846355,2.1228318084396403
0,pos,1.8006002000666887,-1.2081456744303374,1.7575817380337204,2.1327703900125696
0,pos,1.8206068689563186,-1.2174906797025884,1.7631615223796402,2.142667055135436
0,pos,1.8406135378459485,-1.2268465544176754,1.7686717232872868,2.1525222723220643
0,pos,1.8606202067355784,-1.2362130404665006,1.77411286841192,2.162336502786789
0,pos,1.8806268756252082,-1.2455898875478773,1.7794854749023443,2.1721102005538198
0,pos,1.9006335445148381,-1.2549768528880922,1.78479004960034,2.1818438125670876
0,pos,1.920640213404468,-1.2643737009718294,1.790027089236399,2.1915377788003876
0,pos,1.9406468822940979,-1.2737802032839625,1.795197080621635,2.2011925323675285
0,pos,1.9606535511837277,-1.283196138061764,1.8003005008359387,2.210808499632376
0,pos,1.9806602200733576,-1.292621290057029,1.8053378174123214,2.220386100318542
0,pos,2.0006668889629875,-1.3020554503077455,1.8103094885174753,2.2299257476186307
0,pos,2.0206735578526174,-1.311498415918833,1.81521596312855,2.2394278483028467
0,pos,2.0406802267422472,-1.3209499898515908,1.820057681206159,2.248892802826862
0,pos,2.060686895631877,-1.3304099807214893,1.8248350738636578,2.2583210054388494
0,pos,2.080693564521507,-1.339878202603898,1.8295485635327005,2.2677128442855414
0,pos,2.100700233411137,-1.3493544748474535,1.8341985641251206,2.27706870151726
0,pos,2.1207069023007667,-1.3588386218947117,1.8387854811911881,2.286388953391839
0,pos,2.1407135711903966,-1.3683304731097932,1.843309712074252,2.2956739703773557
0,pos,2.1607202400800265,-1.3778298626126722,1.84777164606183,2.3049241172536026
0,pos,2.1807269089696564,-1.3873366291199152,1.8521716645332125,2.314139753212312
0,pos,2.2007335778592862,-1.396850615791489,1.8565101411035907,2.323321231955998
0,pos,2.220740246748916,-1.4063716700834634,1.860787441764785,2.332468901795452
0,pos,2.240746915638546,-1.4158996436063203,1.865003925022648,2.3415831057458516
0,pos,2.260753584528176,-1.425434391988623,1.8691599420311202,2.350664181621389
0,pos,2.2807602534178057,-1.4349757747458658,1.8732558367231018,2.3597124621285253
0,pos,2.3007669223074356,-1.4445236551542169,1.8772919459380932,2.3687282749577108
0,pos,2.3207735911970655,-1.4540779001290434,1.881268599546736,2.3777119428737
0,pos,2.3407802600866954,-1.4636383801078934,1.8851861205722649,2.3866637838043223
0,pos,2.3607869289763252,-1.4732049689378972,1.8890448253089585,2.3955841109278264
0,pos,2.380793597865955,-1.482777543767276,1.892845023437629,2.4044732327587086
0,pos,2.400800266755585,-1.492355984940862,1.8965870181381848,2.4133314532320465
0,pos,2.420806935645215,-1.5019401758994402,1.9002711061993947,2.4221590717863912
0,pos,2.4408136045348447,-1.511530003082767,1.9038975781258243,2.4309563834451593
0,pos,2.4608202734244746,-1.5211253558360973,1.9074667182420535,2.4397236788965677
0,pos,2.4808269423141045,-1.5307261263200918,1.9109788047942202,2.448461244572121
0,pos,2.5008336112037344,-1.5403322094239749,1.9144341100489208,2.4571693627236497
0,pos,2.5208402800933642,-1.5499435026817832,1.9178329003895693,2.4658483114989336
0,pos,2.540846948982994,-1.559559906191612,1.9211754364102038,2.4744983650158927
0,pos,2.560853617872624,-1.569181322537722,1.9244619730068484,2.4831197934353963
0,pos,2.580860286762254,-1.5788076567153935,1.927692759466463,2.4917128630326926
0,pos,2.6008669556518837,-1.5884388160584284,1.9308680395534987,2.5002778362674563
0,pos,2.6208736245415136,-1.5980747101691737,1.9339880515941714,2.5088149718525097
0,pos,2.6408802934311435,-1.60771525085101,1.9370530285584433,2.5173245248212166
0,pos,2.6608869623207734,-1.6173603520431459,1.9400631981397956,2.525806746593559
0,pos,2.6808936312104032,-1.6270099297576879,1.9430187828328087,2.5342618850409298
0,pos,2.700900300100033,-1.6366639020188596,1.9459200000086307,2.542690184549661
0,pos,2.720906968989663,-1.646322188804309,1.9487670619883581,2.5510918860833196
0,pos,2.740913637879293,-1.6559847119883906,1.9515601761143377,2.559467227243728
0,pos,2.7609203067689227,-1.6656513952873993,1.9542995448195233,2.5678164423308485
0,pos,2.7809269756585526,-1.6753221642066296,1.9569853656948306,2.5761397624014335
0,pos,2.8009336445481825,-1.6849969459892247,1.9596178315545667,2.5844374153265224
0,pos,2.8209403134378124,-1.6946756695667062,1.962197130500016,2.5927096258478044
0,pos,2.8409469823274422,-1.7043582655112024,1.9647234459811251,2.6009566156328523
0,pos,2.860953651217072,-1.7140446659892024,1.9671969568564336,2.609178603329264
0,pos,2.880960320106702,-1.7237348047168612,1.9696178374511932,2.617375804617707
0,pos,2.900966988996332,-1.7334286169167759,1.9719862576137577,2.6255484322639187
0,pos,2.9209736578859617,-1.743126039276159,1.9743023827702808,2.633696696169663
0,pos,2.9409803267755916,-1.7528270099063796,1.9765663739777195,2.641820803422664
0,pos,2.9609869956652215,-1.7625314683038014,1.9787783879752108,2.6499209583455365
0,pos,2.9809936645548514,-1.7722393553119031,1.9809385772338293,2.6579973625437514
0,pos,3.0010003334444812,-1.781950613084602,1.9830470900047739,2.6660502149526346
0,pos,3.021007002334111,-1.7916651850507268,1.9851040703659806,2.674079711883406
0,pos,3.041013671223741,-1.8013830158796762,1.9871096582672372,2.682086047068344
0,pos,3.061020340113371,-1.8111040514480883,1.9890639895737652,2.690069411704981
0,pos,3.0810270090030007,-1.8208282388076253,1.9909671961083686,2.6980299944994863
0,pos,3.1010336778926306,-1.830555526153732,1.9928194056920963,2.705967981709127
0,pos,3.1210403467822605,-1.8402858627953749,1.994620742183499,2.7138835571839057
0,pos,3.1410470156718904,-1.8500191991257313,1.9963713255164954,2.721776902407378
0,pos,3.1610536845615202,-1.859755486593775,1.9980712717368254,2.7296481965366275
0,pos,3.18106035345115,-1.8694946776767285,1.9997206930371676,2.737497616441458
0,pos,3.20106702234078,-1.8792367258533966,2.00131969779093,2.7453253367428374
0,pos,3.22107369123041,-1.8889815855782615,2.0028683905846885,2.7531315298505197
0,pos,3.2410803601200397,-1.898729212256404,2.004366872249363,2.760916365999977
0,pos,3.2610870290096696,-1.908479562219165,2.0058152398900706,2.768680013288556
0,pos,3.2810936978992995,-1.9182325927005484,2.0072135869147583,2.776422637710959
0,pos,3.3011003667889294,-1.9279882618143276,2.0085620030615496,2.784144403193997
0,pos,3.3211070356785592,-1.9377465285318327,2.0098605744248785,2.7918454716306687
0,pos,3.341113704568189,-1.9475073526603977,2.0111093834803997,2.799526002913569
0,pos,3.361120373457819,-1.9572706948224559,2.012308509108688,2.807186154967641
0,pos,3.381127042347449,-1.9670365164352401,2.013458026617761,2.814826083782295
0,pos,3.4011337112370787,-1.97680477969107,2.014558007764394,2.8224459434428684
0,pos,3.4211403801267086,-1.9865754475382489,2.015608520774309,2.8300458861615287
0,pos,3.4411470490163385,-1.9963484836624668,2.0166096303611636,2.837626062307509
0,pos,3.4611537179059684,-2.006123852468793,2.0175613977444233,2.845186620436815
0,pos,3.4811603867955982,-2.0159015190641396,2.0184638806660704,2.8527277073212995
0,pos,3.501167055685228,-2.0256814492402744,2.019317133406217,2.8602494679772392
0,pos,3.521173724574858,-2.0354636094572722,2.020121206797562,2.8677520456932926
0,pos,3.541180393464488,-2.0452479668274774,2.0208761482387487,2.8752355820579663
0,pos,3.5611870623541177,-2.05503448909991,2.0215820017066286,2.8827002169865508
0,pos,3.5811937312437476,-2.064823144645085,2.0222388077673856,2.8901460887475006
0,pos,3.6012004001333775,-2.0746139024402925,2.0228466035866064,2.8975733339883583
0,pos,3.6212070690230074,-2.0844067320552844,2.0234054229382203,2.90498208776116
0,pos,3.6412137379126372,-2.0942016036383295,2.0239152962123743,2.9123724835473523
0,pos,3.661220406802267,-2.103998487902706,2.0243762504222067,2.9197446532822604
0,pos,3.681227075691897,-2.113797356113509,2.024788309209537,2.927098727379054
0,pos,3.701233744581527,-2.123598180074876,2.0251514928494805,2.934434834752308
0,pos,3.7212404134711567,-2.133400932117526,2.0254658182539647,2.9417531028410813
0,pos,3.7412470823607866,-2.1432055850866494,2.025731298974176,2.949053657631582
0,pos,3.7612537512504165,-2.1530121123301234,2.0259479452019113,2.956336623679392
0,pos,3.7812604201400464,-2.162820487687067,2.026115763769843,2.9636021241313037
0,pos,3.8012670890296762,-2.1726306854766744,2.0262347581507036,2.970850280746723
0,pos,3.821273757919306,-2.1824426804873496,2.0263049284553643,2.978081213918671
0,pos,3.841280426808936,-2.1922564479661766,2.0263262714298276,2.9852950426944376
0,pos,3.861287095698566,-2.202071963608602,2.0262987804511177,2.9924918847958017
0,pos,3.8812937645881957,-2.211889203548436,2.0262224455220488,2.9996718566389036
0,pos,3.9013004334778256,-2.221708144348127,2.0260972532648998,3.0068350733537694
0,pos,3.9213071023674555,-2.2315287629892433,2.025923186913958,3.013981648803441
0,pos,3.9413137712570854,-2.241351036863234,2.0257002263069217,3.021111695602764
0,pos,3.9613204401467152,-2.2511749437624653,2.0254283478751995,3.0282253251368862
0,pos,3.981327109036345,-2.261000461871402,2.0251075246330106,3.0353226475793202
0,pos,4.001333777925975,-2.270827569758103,2.024737726165376,3.0424037719097754
0,pos,4.021340446815605,-2.280656246365896,2.0243189186148998,3.0494688059316126
0,pos,4.041347115705235,-2.290486471005264,2.0238510646674017,3.056517856289003
0,pos,4.061353784594864,-2.300318223345953,2.0233341235363147,3.0635510284837673
0,pos,4.0813604534844945,-2.3101514834092702,2.0227680509459134,3.07056842689193
0,pos,4.101367122374125,-2.3199862315605917,2.0221527991132726,3.077570154779962
0,pos,4.121373791263754,-2.3298224485020267,2.0214883167290165,3.084556314320731
0,pos,4.141380460153384,-2.3396601152653247,2.020774548936807,3.091527006609211
0,pos,4.161387129043014,-2.3494992132048944,2.020011437311509,3.098482331677837
0,pos,4.181393797932644,-2.359339723991044,2.019198919836123,3.1054223885116663
0,pos,4.201400466822274,-2.369181629603365,2.018336930877341,3.1123472750632155
0,pos,4.221407135711903,-2.379024912324292,2.0174254011597927,3.1192570882670694
0,pos,4.2414138046015335,-2.3888695547328247,2.016464257738921,3.126151924054233
0,pos,4.261420473491164,-2.3987155396983835,2.015453423972455,3.1330318773662036
0,pos,4.281427142380793,-2.4085628503748397,2.0143928194905003,3.139897042168845
0,pos,4.301433811270423,-2.4184114701946786,2.0132823601641356,3.1467475114659673
0,pos,4.321440480160053,-2.42826138286331,2.0121219580725977,3.153583377312726
0,pos,4.341447149049683,-2.4381125723535044,2.010911521468933,3.1604047308287466
0,pos,4.361453817939313,-2.447965022899986,2.0096509547441173,3.167211662211048
0,pos,4.381460486828942,-2.457818718994136,2.008340158389624,3.1740042607467363
0,pos,4.4014671557185725,-2.4676736453788193,2.0069790289583924,3.180782614825471
0,pos,4.421473824608203,-2.4775297870433723,2.0055674590241703,3.1875468119517625
0,pos,4.441480493497832,-2.487387129218644,2.0041053371391593,3.1942969387569824
0,pos,4.461487162387462,-2.497245657372226,2.002592547789978,3.2010330810112535
0,pos,4.481493831277092,-2.507105357203744,2.0010289713518716,3.2077553236350873
0,pos,4.501500500166722,-2.516966214640277,1.9994144840411023,3.2144637507108325
0,pos,4.521507169056352,-2.5268282158319035,1.9977489578655443,3.221158445493967
0,pos,4.541513837945981,-2.5366913471472987,1.9960322605733427,3.2278394904241297
0,pos,4.5615205068356115,-2.5465555951695062,1.994264255599683,3.2345069671360545
0,pos,4.581527175725242,-2.5564209466917363,1.992444802011551,3.2411609564702464
0,pos,4.601533844614871,-2.5662873887133153,1.9905737544504665,3.2478015384835373
0,pos,4.621540513504501,-2.5761549084357043,1.9886509630731077,3.254428792459434
0,pos,4.641547182394131,-2.5860234932585944,1.9866762734897818,3.261042796918285
0,pos,4.661553851283761,-2.5958931307761297,1.9846495267007354,3.267643629627342
0,pos,4.681560520173391,-2.6057638087731987,1.9825705590300813,3.274231367610581
0,pos,4.70156718906302,-2.6156355152217694,1.9804392020575223,3.2808060871584117
0,pos,4.7215738579526505,-2.625508238277387,1.978255282547513,3.287367863837202
0,pos,4.741580526842281,-2.635381966275688,1.976018622376055,3.293916772498673
0,pos,4.76158719573191,-2.645256687729003,1.9737290384548878,3.3004528872891172
0,pos,4.78159386462154,-2.655132391323068,1.9713863426530291,3.3069762816584944
0,pos,4.80160053351117,-2.665009065913761,1.968990341715611,3.3134870283693423
0,pos,4.8216072024008,-2.6748867005239476,1.9665408371799113,3.319985199505588
0,pos,4.84161387129043,-2.6847652843403775,1.9640376252884784,3.3264708664811833
0,pos,4.861620540180059,-2.6946448067106714,1.9614804968992754,3.3329441000486373
0,pos,4.8816272090696895,-2.7045252571403364,1.9588692373927232,3.339404970307368
0,pos,4.90163387795932,-2.7144066252898806,1.956203626575573,3.345853546711963
0,pos,4.921640546848949,-2.72428890097198,1.9534834385814637,3.3522898980802927
0,pos,4.941647215738579,-2.7341720741487,1.9507084417680727,3.3587140926014865
0,pos,4.961653884628209,-2.744056134928793,1.947878398610746,3.3651261978438063
0,pos,4.981660553517839,-2.7539410735650263,1.9449930655924845,3.37152628076237
0,pos,5.001667222407469,-2.763826880451595,1.9420521930901384,3.377914407706775
0,pos,5.021673891297098,-2.773713546121589,1.9390555252566968,3.3842906444285967
0,pos,5.0416805601867285,-2.7836010612444952,1.9360027998995393,3.3906550560887694
0,pos,5.061687229076359,-2.7934894166237694,1.9328937483544795,3.3970077072648563
0,pos,5.081693897965988,-2.8033786031944388,1.9297280953554579,3.4033486619581903
0,pos,5.101700566855618,-2.813268612020792,1.9265055588997286,3.409677983600937
0,pos,5.121707235745248,-2.823159434294082,1.923225850108362,3.4159957350630155
0,pos,5.141713904634878,-2.833051061330297,1.9198886730819171,3.4223019786589504
0,pos,5.161720573524508,-2.8429434845679546,1.9164937247510316,3.4285967761545635
0,pos,5.181727242414137,-2.8528366955659945,1.9130406947217997,3.43488018877363
0,pos,5.2017339113037675,-2.8627306860016564,1.9095292651157578,3.441152277204402
0,pos,5.221740580193398,-2.8726254476684203,1.9059591104041307,3.4474131016059997
0,pos,5.241747249083027,-2.882520972473997,1.9023298972362963,3.4536627216147635
0,pos,5.261753917972657,-2.892417252438387,1.898641284262098,3.459901196350505
0,pos,5.281760586862287,-2.9023142796919106,1.8948929219478048,3.4661285844226066
0,pos,5.301767255751917,-2.912212046473318,1.8910844523855022,3.4723449439360836
0,pos,5.321773924641547,-2.9221105451279925,1.8872155090955487,3.478550332497574
0,pos,5.341780593531176,-2.932009768106056,1.8832857168219148,3.4847448072211487
0,pos,5.3617872624208065,-2.9419097079606495,1.87929469132004,3.490928424734142
0,pos,5.381793931310437,-2.9518103573461767,1.8752420391369053,3.4971012411828317
0,pos,5.401800600200066,-2.961711709016574,1.8711273573830192,3.503263312238039
0,pos,5.421807269089696,-2.9716137558236744,1.8669502334959236,3.509414693100684
0,pos,5.441813937979326,-2.981516490715542,1.8627102449948876,3.515555438507212
0,pos,5.461820606868956,-2.9914199067348712,1.8584069592264107,3.521685602734977
0,pos,5.481827275758586,-3.0013239970174195,1.8540399331000699,3.5278052396075283
0,pos,5.501833944648215,-3.0112287547904564,1.8496087128143641,3.5339144024998244
0,pos,5.5218406135378455,-3.0211341733712596,1.8451128335720406,3.5400131443433778
0,pos,5.541847282427476,-3.0310402461656083,1.8405518192844739,3.546101517631307
0,pos,5.561853951317105,-3.040946966666371,1.8359251822645315,3.5521795744233504
0,pos,5.581860620206735,-3.0508543284520346,1.8312324229074892,3.558247366350764
0,pos,5.601867289096365,-3.060762325185328,1.8264730293593394,3.5643049446211776
0,pos,5.621873957985995,-3.0706709506118637,1.8216464771719612,3.570352360023389
0,pos,5.641880626875625,-3.080580198558766,1.8167522289445333,3.5763896629320606
0,pos,5.661887295765254,-3.090490062933375,1.8117897339504523,3.582416903312369
0,pos,5.6818939646548845,-3.1004005377219395,1.806758427749182,3.588434130724596
0,pos,5.701900633544515,-3.110311616988361,1.8016577317821345,3.5944413943286238
0,pos,5.721907302434144,-3.1202232948729423,1.7964870529519819,3.6004387428884077
0,pos,5.741913971323774,-3.13013556559116,1.7912457831843933,3.606426224776345
0,pos,5.761920640213404,-3.140048423432501,1.7859332989714376,3.6124038879776355
0,pos,5.781927309103034,-3.1499618627592327,1.780548960895666,3.6183717800945012
0,pos,5.801933977992664,-3.159875878005297,1.7750921131338804,3.6243299483504328
0,pos,5.821940646882293,-3.1697904636751773,1.7695620829395575,3.6302784395943353
0,pos,5.8419473157719235,-3.179705614342754,1.7639581801028128,3.636217300304598
0,pos,5.861953984661554,-3.1896213246502647,1.758279696386663,3.6421465765931615
0,pos,5.881960653551183,-3.1995375893071865,1.7525259049384077,3.6480663142094643
0,pos,5.901967322440813,-3.209454403089228,1.7466960596746948,3.6539765585443944
0,pos,5.921973991330443,-3.219371760837299,1.7407893946389248,3.6598773546341694
0,pos,5.941980660220073,-3.2292896574564534,1.7348051233293833,3.665768747164105
0,pos,5.961987329109703,-3.239208087914959,1.7287424379965426,3.671650780472445
0,pos,5.981993997999332,-3.2491270472432854,1.7226005089077443,3.677523498554032
0,neg,0.0,-0.5,0.8660254037844389,1.0000000000000002
0,neg,-0.020006668889629875,-0.4957411554623393,0.8503545148052256,0.9843079264482055
0,neg,-0.04001333777925975,-0.4916354131848465,0.8345282571438697,0.9685777157611151
0,neg,-0.060020006668889625,-0.48768444523114185,0.8185450447802378,0.9528127352500533
0,neg,-0.0800266755585195,-0.4838896688336185,0.8024029221220332,0.9370163611345784
0,neg,-0.10003334444814937,-0.48025222927347994,0.7860994841306024,0.9211919467041308
0,neg,-0.12004001333777925,-0.4767729844281535,0.7696317848082008,0.9053427874940989
0,neg,-0.14004668222740912,-0.47345249131019307,0.7529962323926174,0.8894720836121306
0,neg,-0.160053351117039,-0.4702909949000825,0.7361884692259255,0.8735828993892457
0,neg,-0.18006002000666887,-0.4672884195430608,0.7192032337590221,0.8576781205606717
0,neg,-0.20006668889629875,-0.46444436313784043,0.7020342014794657,0.8417604092005191
0,neg,-0.22007335778592862,-0.46175809429379044,0.6846738006478355,0.8258321566392198
0,neg,-0.2400800266755585,-0.4592285525743096,0.6671129975157687,0.8098954345802731
0,neg,-0.2600866955651884,-0.45685435187972534,0.649341044061946,0.7939519446004916
0,neg,-0.28009336445481825,-0.45463378695540474,0.6313451790561124,0.7780029661632448
0,neg,-0.3001000333444481,-0.4525648429424592,0.6131102702060621,0.762049303194802
0,neg,-0.320106702234078,-0.45064520782204986,0.5946183809032619,0.7460912291677173
0,neg,-0.3401133711237079,-0.4488722875425116,0.575848239122798,0.7301284305000555
0,neg,-0.36012004001333775,-0.44724322356359403,0.5567745775256119,0.7141599479124957
0,neg,-0.3801267089029676,-0.44575491250606525,0.5373673014534349,0.6981841151835501
0,neg,-0.4001333777925975,-0.44440402755927566,0.5175904232007735,0.682198494501462
0,neg,-0.4201400466822274,-0.44318704127494274,0.49740067322305975,0.6661998073226912
0,neg,-0.44014671557185725,-0.4421002493627879,0.47674565588877743,0.6501838593009364
0,neg,-0.4601533844614871,-0.44113979510255064,0.455561348622778,0.6341454574323817
0,neg,-0.480160053351117,-0.44030169399660696,0.43376862988457426,0.6180783170506975
0,neg,-0.5001667222407469,-0.43958185830673663,0.4112683273721609,0.601974955668339
0,neg,-0.5201733911303767,-0.43897612114612117,0.3879339312454054,0.5858265698549434
0,neg,-0.5401800600200066,-0.43848025983160244,0.36360046603215807,0.5696228903062026
0,neg,-0.5601867289096365,-0.4380900182398808,0.33804671521758467,0.5533520088974268
0,neg,-0.5801933977992664,-0.4378011279528172,0.3109651984163474,0.5370001697047007
0,neg,-0.6002000666888962,-0.4376093280196363,0.2819077052164509,0.5205515135221519
0,neg,-0.6202067355785261,-0.4375103832061002,0.2501765953399361,0.503987762023078
0,neg,-0.640213404468156,-0.43750010064131284,0.21457652332229224,0.48728782297759204
0,neg,-0.6602200733577859,-0.4375743448106191,0.17271516743412138,0.47042729119199617
0,neg,-0.6802267422474157,-0.43772905087741926,0.11808774981483891,0.453377810041888
0,neg,-0.7002334111370456,-0.3977046455474125,0.0,0.3977046455474125
0,neg,-0.7202400800266755,-0.3083737001945602,0.0,0.3083737001945602
0,neg,-0.7402467489163054,-0.26026983955235683,0.0,0.26026983955235683
0,neg,-0.7602534178059352,-0.22353611954265498,0.0,0.22353611954265498
0,neg,-0.7802600866955651,-0.1929885541060624,0.0,0.1929885541060624
0,neg,-0.800266755585195,-0.1665184897304443,0.0,0.1665184897304443
0,neg,-0.8202734244748249,-0.14301464203273165,0.0,0.14301464203273165
0,neg,-0.8402800933644547,-0.12180356116397922,0.0,0.12180356116397922
0,neg,-0.8602867622540846,-0.10243906646468132,0.0,0.10243906646468132
0,neg,-0.8802934311437145,-0.08460653376577562,0.0,0.08460653376577562
0,neg,-0.9003001000333444,-0.06807361515189501,0.0,0.06807361515189501
0,neg,-0.9203067689229742,-0.05266249365013069,0.0,0.05266249365013069
0,neg,-0.9403134378126041,-0.03823316963941473,0.0,0.03823316963941473
0,neg,-0.960320106702234,-0.02467284342428761,0.0,0.02467284342428761
0,neg,-0.9803267755918639,-0.011888874534483649,0.0,0.011888874534483649
0,neg,-1.0003334444814937,0.00019605582528240258,0.0,0.00019605582528240258
0,neg,-1.0203401133711236,0.01164736935737207,0.0,0.01164736935737207
0,neg,-1.0403467822607535,0.022521077656175417,0.0,0.022521077656175417
0,neg,-1.0603534511503834,0.03286562862179407,0.0,0.03286562862179407
0,neg,-1.0803601200400132,0.04272330402949148,0.0,0.04272330402949148
0,neg,-1.1003667889296431,0.05213129555873259,0.0,0.05213129555873259
0,neg,-1.120373457819273,0.061122545930073616,0.0,0.061122545930073616
0,neg,-1.1403801267089029,0.06972641543316298,0.0,0.06972641543316298
0,neg,-1.1603867955985327,0.07796921661371159,0.0,0.07796921661371159
0,neg,-1.1803934644881626,0.08587464799757306,0.0,0.08587464799757306
0,neg,-1.2004001333777925,0.09346414950138218,0.0,0.09346414950138218
0,neg,-1.2204068022674224,0.10075719638375788,0.0,0.10075719638375788
0,neg,-1.2404134711570522,0.10777154444400686,0.0,0.10777154444400686
0,neg,-1.2604201400466821,0.11452343616439943,0.0,0.11452343616439943
0,neg,-1.280426808936312,0.12102777527690664,0.0,0.12102777527690664
0,neg,-1.3004334778259419,0.12729827558546794,0.0,0.12729827558546794
0,neg,-1.3204401467155717,0.13334758863216867,0.0,0.13334758863216867
0,neg,-1.3404468156052016,0.13918741384982788,0.0,0.13918741384982788
0,neg,-1.3604534844948315,0.14482859411651455,0.0,0.14482859411651455
0,neg,-1.3804601533844614,0.15028119906366263,0.0,0.15028119906366263
0,neg,-1.4004668222740912,0.15555459804842914,0.0,0.15555459804842914
0,neg,-1.4204734911637211,0.16065752435320313,0.0,0.16065752435320313
0,neg,-1.440480160053351,0.16559813189896536,0.0,0.16559813189896536
0,neg,-1.4604868289429809,0.17038404553822142,0.0,0.17038404553822142
0,neg,-1.4804934978326107,0.17502240581529188,0.0,0.17502240581529188
0,neg,-1.5005001667222406,0.1795199089375323,0.0,0.1795199089375323
0,neg,-1.5205068356118705,0.18388284258348883,0.0,0.18388284258348883
0,neg,-1.5405135045015004,0.188117118077607,0.0,0.188117118077607
0,neg,-1.5605201733911302,0.19222829938165348,0.0,0.19222829938165348
0,neg,-1.5805268422807601,0.19622162928717235,0.0,0.19622162928717235
0,neg,-1.60053351117039,0.20010205313848067,0.0,0.20010205313848067
0,neg,-1.6205401800600199,0.2038742403698485,0.0,0.2038742403698485
0,neg,-1.6405468489496497,0.20754260410196967,0.0,0.20754260410196967
0,neg,-1.6605535178392796,0.21111131901031102,0.0,0.21111131901031102
0,neg,-1.6805601867289095,0.21458433765036428,0.0,0.21458433765036428
0,neg,-1.7005668556185394,0.21796540540137832,0.0,0.21796540540137832
0,neg,-1.7205735245081692,0.2212580741701279,0.0,0.2212580741701279
0,neg,-1.7405801933977991,0.22446571497911127,0.0,0.22446571497911127
0,neg,-1.760586862287429,0.22759152954880657,0.0,0.22759152954880657
0,neg,-1.7805935311770589,0.23063856097088406,0.0,0.23063856097088406
0,neg,-1.8006002000666887,0.23360970355823288,0.0,0.23360970355823288
0,neg,-1.8206068689563186,0.23650771194809553,0.0,0.23650771194809553
0,neg,-1.8406135378459485,0.23933520952624918,0.0,0.23933520952624918
0,neg,-1.8606202067355784,0.24209469623289104,0.0,0.24209469623289104
0,neg,-1.8806268756252082,0.24478855580450168,0.0,0.24478855580450168
0,neg,-1.9006335445148381,0.24741906250034848,0.0,0.24741906250034848
0,neg,-1.920640213404468,0.24998838735735818,0.0,0.24998838735735818
0,neg,-1.9406468822940979,0.2524986040127286,0.0,0.2524986040127286
0,neg,-1.9606535511837277,0.254951694129791,0.0,0.254951694129791
0,neg,-1.9806602200733576,0.2573495524592171,0.0,0.2573495524592171
0,neg,-2.0006668889629875,0.2596939915646244,0.0,0.2596939915646244
0,neg,-2.0206735578526174,0.261986746238926,0.0,0.261986746238926
0,neg,-2.0406802267422472,0.2642294776353533,0.0,0.2642294776353533
0,neg,-2.060686895631877,0.26642377713492343,0.0,0.26642377713492343
0,neg,-2.080693564521507,0.2685711699701805,0.0,0.2685711699701805
0,neg,-2.100700233411137,0.27067311862331034,0.0,0.27067311862331034
0,neg,-2.1207069023007667,0.27273102601515675,0.0,0.27273102601515675
0,neg,-2.1407135711903966,0.2747462385002684,0.0,0.2747462385002684
0,neg,-2.1607202400800265,0.2767200486818278,0.0,0.2767200486818278
0,neg,-2.1807269089696564,0.27865369805917367,0.0,0.27865369805917367
0,neg,-2.2007335778592862,0.28054837951958383,0.0,0.28054837951958383
0,neg,-2.220740246748916,0.28240523968504805,0.0,0.28240523968504805
0,neg,-2.240746915638546,0.284225381123902,0.0,0.284225381123902
0,neg,-2.260753584528176,0.2860098644364254,0.0,0.2860098644364254
0,neg,-2.2807602534178057,0.28775971022278857,0.0,0.28775971022278857
0,neg,-2.3007669223074356,0.28947590094109854,0.0,0.28947590094109854
0,neg,-2.3207735911970655,0.29115938266270264,0.0,0.29115938266270264
0,neg,-2.3407802600866954,0.2928110667313727,0.0,0.2928110667313727
0,neg,-2.3607869289763252,0.29443183133250067,0.0,0.29443183133250067
0,neg,-2.380793597865955,0.2960225229779877,0.0,0.2960225229779877
0,neg,-2.400800266755585,0.2975839579120998,0.0,0.2975839579120998
0,neg,-2.420806935645215,0.29911692344317775,0.0,0.29911692344317775
0,neg,-2.4408136045348447,0.30062217920575024,0.0,0.30062217920575024
0,neg,-2.4608202734244746,0.3021004583572745,0.0,0.3021004583572745
0,neg,-2.4808269423141045,0.3035524687134365,0.0,0.3035524687134365
0,neg,-2.5008336112037344,0.30497889382567134,0.0,0.30497889382567134
0,neg,-2.5208402800933642,0.3063803940043175,0.0,0.3063803940043175
0,neg,-2.540846948982994,0.3077576072905853,0.0,0.3077576072905853
0,neg,-2.560853617872624,0.30911115038030806,0.0,0.30911115038030806
0,neg,-2.580860286762254,0.3104416195022486,0.0,0.3104416195022486
0,neg,-2.6008669556518837,0.3117495912535523,0.0,0.3117495912535523
0,neg,-2.6208736245415136,0.313035623394766,0.0,0.313035623394766
0,neg,-2.6408802934311435,0.314300255606693,0.0,0.314300255606693
0,neg,-2.6608869623207734,0.3155440102111986,0.0,0.3155440102111986
0,neg,-2.6808936312104032,0.31676739285796063,0.0,0.31676739285796063
0,neg,-2.700900300100033,0.3179708931790207,0.0,0.3179708931790207
0,neg,-2.720906968989663,0.3191549854128856,0.0,0.3191549854128856
0,neg,-2.740913637879293,0.3203201289998155,0.0,0.3203201289998155
0,neg,-2.7609203067689227,0.3214667691498401,0.0,0.3214667691498401
0,neg,-2.7809269756585526,0.32259533738494295,0.0,0.32259533738494295
0,neg,-2.8009336445481825,0.3237062520567748,0.0,0.3237062520567748
0,neg,-2.8209403134378124,0.32479991884117165,0.0,0.32479991884117165
0,neg,-2.8409469823274422,0.3258767312106778,0.0,0.3258767312106778
0,neg,-2.860953651217072,0.32693707088620644,0.0,0.32693707088620644
0,neg,-2.880960320106702,0.32798130826889776,0.0,0.32798130826889776
0,neg,-2.900966988996332,0.32900980285318165,0.0,0.32900980285318165
0,neg,-2.9209736578859617,0.3300229036219874,0.0,0.3300229036219874
0,neg,-2.9409803267755916,0.33102094942499194,0.0,0.33102094942499194
0,neg,-2.9609869956652215,0.3320042693407478,0.0,0.3320042693407478
0,neg,-2.9809936645548514,0.3329731830234841,0.0,0.3329731830234841
0,neg,-3.0010003334444812,0.33392800103532794,0.0,0.33392800103532794
0,neg,-3.021007002334111,0.3348690251646554,0.0,0.3348690251646554
0,neg,-3.041013671223741,0.3357965487312413,0.0,0.3357965487312413
0,neg,-3.061020340113371,0.33671085687883734,0.0,0.33671085687883734
0,neg,-3.0810270090030007,0.33761222685577785,0.0,0.33761222685577785
0,neg,-3.1010336778926306,0.33850092828417944,0.0,0.33850092828417944
0,neg,-3.1210403467822605,0.33937722341826737,0.0,0.33937722341826737
0,neg,-3.1410470156718904,0.3402413673923378,0.0,0.3402413673923378
0,neg,-3.1610536845615202,0.34109360845883463,0.0,0.34109360845883463
0,neg,-3.18106035345115,0.3419341882169956,0.0,0.3419341882169956
0,neg,-3.20106702234078,0.3427633418324998,0.0,0.3427633418324998
0,neg,-3.22107369123041,0.3435812982485243,0.0,0.3435812982485243
0,neg,-3.2410803601200397,0.3443882803885973,0.0,0.3443882803885973
0,neg,-3.2610870290096696,0.34518450535161804,0.0,0.34518450535161804
0,neg,-3.2810936978992995,0.3459701845993892,0.0,0.3459701845993892
0,neg,-3.3011003667889294,0.34674552413699633,0.0,0.34674552413699633
0,neg,-3.3211070356785592,0.3475107246863476,0.0,0.3475107246863476
0,neg,-3.341113704568189,0.3482659818531744,0.0,0.3482659818531744
0,neg,-3.361120373457819,0.34901148628777456,0.0,0.34901148628777456
0,neg,-3.381127042347449,0.34974742383977275,0.0,0.34974742383977275
0,neg,-3.4011337112370787,0.3504739757071514,0.0,0.3504739757071514
0,neg,-3.4211403801267086,0.3511913185797982,0.0,0.3511913185797982
0,neg,-3.4411470490163385,0.3518996247778049,0.0,0.3518996247778049
0,neg,-3.4611537179059684,0.3525990623847346,0.0,0.3525990623847346
0,neg,-3.4811603867955982,0.35328979537607336,0.0,0.35328979537607336
0,neg,-3.501167055685228,0.353971983743064,0.0,0.353971983743064
0,neg,-3.521173724574858,0.3546457836121149,0.0,0.3546457836121149
0,neg,-3.541180393464488,0.3553113473599655,0.0,0.3553113473599655
0,neg,-3.5611870623541177,0.3559688237247837,0.0,0.3559688237247837
0,neg,-3.5811937312437476,0.35661835791336005,0.0,0.35661835791336005
0,neg,-3.6012004001333775,0.35726009170455764,0.0,0.35726009170455764
0,neg,-3.6212070690230074,0.35789416354916637,0.0,0.35789416354916637
0,neg,-3.6412137379126372,0.3585207086663119,0.0,0.3585207086663119
0,neg,-3.661220406802267,0.35913985913654795,0.0,0.35913985913654795
0,neg,-3.681227075691897,0.35975174399177046,0.0,0.35975174399177046
0,neg,-3.701233744581527,0.36035648930207675,0.0,0.36035648930207675
0,neg,-3.7212404134711567,0.36095421825968765,0.0,0.36095421825968765
0,neg,-3.7412470823607866,0.36154505126005093,0.0,0.36154505126005093
0,neg,-3.7612537512504165,0.36212910598023096,0.0,0.36212910598023096
0,neg,-3.7812604201400464,0.3627064974546942,0.0,0.3627064974546942
0,neg,-3.8012670890296762,0.36327733814858526,0.0,0.36327733814858526
0,neg,-3.821273757919306,0.36384173802859504,0.0,0.36384173802859504
0,neg,-3.841280426808936,0.3643998046315071,0.0,0.3643998046315071
0,neg,-3.861287095698566,0.3649516431305137,0.0,0.3649516431305137
0,neg,-3.8812937645881957,0.36549735639938347,0.0,0.36549735639938347
0,neg,-3.9013004334778256,0.3660370450745621,0.0,0.3660370450745621
0,neg,-3.9213071023674555,0.36657080761528177,0.0,0.36657080761528177
0,neg,-3.9413137712570854,0.3670987403617548,0.0,0.3670987403617548
0,neg,-3.9613204401467152,0.3676209375915206,0.0,0.3676209375915206
0,neg,-3.981327109036345,0.3681374915740128,0.0,0.3681374915740128
0,neg,-4.001333777925975,0.3686484926234155,0.0,0.3686484926234155
0,neg,-4.021340446815605,0.3691540291498648,0.0,0.3691540291498648
0,neg,-4.041347115705235,0.3696541877090605,0.0,0.3696541877090605
0,neg,-4.061353784594864,0.370149053050342,0.0,0.370149053050342
0,neg,-4.0813604534844945,0.3706387081632851,0.0,0.3706387081632851
0,neg,-4.101367122374125,0.3711232343228704,0.0,0.3711232343228704
0,neg,-4.121373791263754,0.37160271113327575,0.0,0.37160271113327575
0,neg,-4.141380460153384,0.3720772165703402,0.0,0.3720772165703402
0,neg,-4.161387129043014,0.3725468270227462,0.0,0.3725468270227462
0,neg,-4.181393797932644,0.37301161733196475,0.0,0.37301161733196475
0,neg,-4.201400466822274,0.37347166083100564,0.0,0.37347166083100564
0,neg,-4.221407135711903,0.37392702938201683,0.0,0.37392702938201683
0,neg,-4.2414138046015335,0.3743777934127682,0.0,0.3743777934127682
0,neg,-4.261420473491164,0.3748240219520623,0.0,0.3748240219520623
0,neg,-4.281427142380793,0.3752657826641049,0.0,0.3752657826641049
0,neg,-4.301433811270423,0.3757031418818732,0.0,0.3757031418818732
0,neg,-4.321440480160053,0.37613616463951444,0.0,0.37613616463951444
0,neg,-4.341447149049683,0.37656491470380693,0.0,0.37656491470380693
0,neg,-4.361453817939313,0.3769894546047167,0.0,0.3769894546047167
0,neg,-4.381460486828942,0.3774098456650776,0.0,0.3774098456650776
0,neg,-4.4014671557185725,0.3778261480294259,0.0,0.3778261480294259
0,neg,-4.421473824608203,0.3782384206920149,0.0,0.3782384206920149
0,neg,-4.441480493497832,0.3786467215240392,0.0,0.3786467215240392
0,neg,-4.461487162387462,0.3790511073000934,0.0,0.3790511073000934
0,neg,-4.481493831277092,0.3794516337238877,0.0,0.3794516337238877
0,neg,-4.501500500166722,0.3798483554532494,0.0,0.3798483554532494
0,neg,-4.521507169056352,0.3802413261244286,0.0,0.3802413261244286
0,neg,-4.541513837945981,0.380630598375733,0.0,0.380630598375733
0,neg,-4.5615205068356115,0.38101622387051287,0.0,0.38101622387051287
0,neg,-4.581527175725242,0.3813982533195159,0.0,0.3813982533195159
0,neg,-4.601533844614871,0.3817767365026334,0.0,0.3817767365026334
0,neg,-4.621540513504501,0.3821517222900557,0.0,0.3821517222900557
0,neg,-4.641547182394131,0.3825232586628559,0.0,0.3825232586628559
0,neg,-4.661553851283761,0.38289139273302025,0.0,0.38289139273302025
0,neg,-4.681560520173391,0.3832561707629404,0.0,0.3832561707629404
0,neg,-4.70156718906302,0.3836176381843878,0.0,0.3836176381843878
0,neg,-4.7215738579526505,0.38397583961698273,0.0,0.38397583961698273
0,neg,-4.741580526842281,0.38433081888617476,0.0,0.38433081888617476
0,neg,-4.76158719573191,0.38468261904075124,0.0,0.38468261904075124
0,neg,-4.78159386462154,0.38503128236988426,0.0,0.38503128236988426
0,neg,-4.80160053351117,0.38537685041973485,0.0,0.38537685041973485
0,neg,-4.8216072024008,0.38571936400962376,0.0,0.38571936400962376
0,neg,-4.84161387129043,0.38605886324778427,0.0,0.38605886324778427
0,neg,-4.861620540180059,0.3863953875467094,0.0,0.3863953875467094
0,neg,-4.8816272090696895,0.386728975638103,0.0,0.386728975638103
0,neg,-4.90163387795932,0.3870596655874514,0.0,0.3870596655874514
0,neg,-4.921640546848949,0.38738749480822166,0.0,0.38738749480822166
0,neg,-4.941647215738579,0.3877125000756995,0.0,0.3877125000756995
0,neg,-4.961653884628209,0.3880347175404815,0.0,0.3880347175404815
0,neg,-4.981660553517839,0.3883541827416223,0.0,0.3883541827416223
0,neg,-5.001667222407469,0.388670930619457,0.0,0.388670930619457
0,neg,-5.021673891297098,0.3889849955281013,0.0,0.3889849955281013
0,neg,-5.0416805601867285,0.38929641124764214,0.0,0.38929641124764214
0,neg,-5.061687229076359,0.38960521099602513,0.0,0.38960521099602513
0,neg,-5.081693897965988,0.38991142744065116,0.0,0.38991142744065116
0,neg,-5.101700566855618,0.3902150927096864,0.0,0.3902150927096864
0,neg,-5.121707235745248,0.3905162384030958,0.0,0.3905162384030958
0,neg,-5.141713904634878,0.39081489560341015,0.0,0.39081489560341015
0,neg,-5.161720573524508,0.39111109488622775,0.0,0.39111109488622775
0,neg,-5.181727242414137,0.39140486633046634,0.0,0.39140486633046634
0,neg,-5.2017339113037675,0.3916962395283662,0.0,0.3916962395283662
0,neg,-5.221740580193398,0.39198524359525344,0.0,0.39198524359525344
0,neg,-5.241747249083027,0.39227190717907046,0.0,0.39227190717907046
0,neg,-5.261753917972657,0.3925562584696794,0.0,0.3925562584696794
0,neg,-5.281760586862287,0.3928383252079452,0.0,0.3928383252079452
0,neg,-5.301767255751917,0.39311813469460505,0.0,0.39311813469460505
0,neg,-5.321773924641547,0.3933957137989265,0.0,0.3933957137989265
0,neg,-5.341780593531176,0.3936710889671667,0.0,0.3936710889671667
0,neg,-5.3617872624208065,0.3939442862308305,0.0,0.3939442862308305
0,neg,-5.381793931310437,0.39421533121473856,0.0,0.39421533121473856
0,neg,-5.401800600200066,0.39448424914490815,0.0,0.39448424914490815
0,neg,-5.421807269089696,0.3947510648562512,0.0,0.3947510648562512
0,neg,-5.441813937979326,0.39501580280009746,0.0,0.39501580280009746
0,neg,-5.461820606868956,0.3952784870515428,0.0,0.3952784870515428
0,neg,-5.481827275758586,0.3955391413166309,0.0,0.3955391413166309
0,neg,-5.501833944648215,0.39579778893937234,0.0,0.39579778893937234
0,neg,-5.5218406135378455,0.3960544529086034,0.0,0.3960544529086034
0,neg,-5.541847282427476,0.39630915586469107,0.0,0.39630915586469107
0,neg,-5.561853951317105,0.39656192010608643,0.0,0.39656192010608643
0,neg,-5.581860620206735,0.39681276759573186,0.0,0.39681276759573186
0,neg,-5.601867289096365,0.397061719967325,0.0,0.397061719967325
0,neg,-5.621873957985995,0.39730879853144313,0.0,0.39730879853144313
0,neg,-5.641880626875625,0.39755402428153164,0.0,0.39755402428153164
0,neg,-5.661887295765254,0.39779741789976186,0.0,0.39779741789976186
0,neg,-5.6818939646548845,0.398038999762757,0.0,0.398038999762757
0,neg,-5.701900633544515,0.3982787899471954,0.0,0.3982787899471954
0,neg,-5.721907302434144,0.3985168082352903,0.0,0.3985168082352903
0,neg,-5.741913971323774,0.39875307412014904,0.0,0.39875307412014904
0,neg,-5.761920640213404,0.39898760681101864,0.0,0.39898760681101864
0,neg,-5.781927309103034,0.3992204252384155,0.0,0.3992204252384155
0,neg,-5.801933977992664,0.3994515480591459,0.0,0.3994515480591459
0,neg,-5.821940646882293,0.39968099366121895,0.0,0.39968099366121895
0,neg,-5.8419473157719235,0.3999087801686529,0.0,0.3999087801686529
0,neg,-5.861953984661554,0.4001349254461806,0.0,0.4001349254461806
0,neg,-5.881960653551183,0.4003594471038549,0.0,0.4003594471038549
0,neg,-5.901967322440813,0.40058236250155504,0.0,0.40058236250155504
0,neg,-5.921973991330443,0.4008036887533998,0.0,0.4008036887533998
0,neg,-5.941980660220073,0.40102344273206675,0.0,0.40102344273206675
0,neg,-5.961987329109703,0.4012416410730211,0.0,0.4012416410730211
0,neg,-5.981993997999332,0.4014583001786576,0.0,0.4014583001786576
1,pos,0.0,-0.5,-0.8660254037844389,1.0000000000000002
1,pos,0.020006668889629875,-0.5044100383548258,-0.8815422101339105,1.0156506067742472
1,pos,0.04001333777925975,-0.5089691451512892,-0.8969059804263344,1.0312564804356665
1,pos,0.060020006668889625,-0.5136749981939357,-0.9121175741159956,1.0468144404720392
1,pos,0.0800266755585195,-0.5185250989319115,-0.9271777086374443,1.0623214116342239
1,pos,0.10003334444814937,-0.5235167929835076,-0.9420869980077449,1.0777744403867544
1,pos,0.12004001333777925,-0.5286472904557222,-0.9568459856205616,1.0931707084917528
1,pos,0.14004668222740912,-0.5339136858242136,-0.9714551718565347,1.1085075438792495
1,pos,0.160053351117039,-0.5393129771715315,-0.9859150370804817,1.1237824289812635
1,pos,0.18006002000666887,-0.5448420846147588,-1.0002260605488082,1.138993006724951
1,pos,0.20006668889629875,-0.5504978677866895,-1.014388735708195,1.1541370843922147
1,pos,0.22007335778592862,-0.5562771422663231,-1.0284035823273943,1.16921263555942
1,pos,0.2400800266755585,-0.5621766948841909,-1.0422711558672435,1.1842178003322499
1,pos,0.2600866955651884,-0.5681932978551749,-1.0559920544590096,1.199150884087611
1,pos,0.28009336445481825,-0.5743237217157551,-1.0695669238277432,1.2140103549277401
1,pos,0.3001000333444481,-0.5805647470638547,-1.0829964604653919,1.2287948400420163
1,pos,0.320106702234078,-0.5869131751174732,-1.096281413327883,1.2435031211599972
1,pos,0.3401133711237079,-0.5933658371233215,-1.1094225843014809,1.25813412926573
1,pos,0.36012004001333775,-0.5999196026587408,-1.1224208276563814,1.2726869387288682
1,pos,0.3801267089029676,-0.6065713868795064,-1.1352770486799235,1.2871607609930957
1,pos,0.4001333777925975,-0.6133181567730622,-1.1479922016580364,1.301554937947366
1,pos,0.4201400466822274,-0.620156936481385,-1.1605672873515451,1.3158689350906116
1,pos,0.44014671557185725,-0.6270848117605339,-1.1730033500939367,1.3301023345864569
1,pos,0.4601533844614871,-0.6340989336451077,-1.1853014746188764,1.3442548282909552
1,pos,0.480160053351117,-0.6411965213857171,-1.1974627827093836,1.3583262108239114
1,pos,0.5001667222407469,-0.6483748647263132,-1.2094884297458042,1.3723163727427565
1,pos,0.5201733911303767,-0.6556313255861308,-1.2213796012166886,1.38622529386751
1,pos,0.5401800600200066,-0.662963339208268,-1.2331375092451653,1.4000530367959447
1,pos,0.5601867289096365,-0.6703684148336595,-1.2447633891732799,1.4137997406396507
1,pos,0.5801933977992664,-0.6778441359556464,-1.256258496238054,1.4274656150043523
1,pos,0.6002000666888962,-0.6853881602066259,-1.2676241023654455,1.441050934231412
1,pos,0.6202067355785261,-0.6929982189243492,-1.2788614931019104,1.4545560319118573
1,pos,0.640213404468156,-0.700672116441676,-1.289971964697826,1.4679812956796239
1,pos,0.6602200733577859,-0.7084077291397074,-1.300956821352342,1.4813271622865984
1,pos,0.6802267422474157,-0.716203004300642,-1.3118173726254463,1.494594112958831
1,pos,0.7002334111370456,-0.7240559587931287,-1.3225549310198246,1.5077826690304839
1,pos,0.7202400800266755,-0.7319646776195877,-1.3331708097324695,1.5208933878498767
1,pos,0.7402467489163054,-0.7399273123518504,-1.3436663205739525,1.5339268589502488
1,pos,0.7602534178059352,-0.7479420794785288,-1.3540427720516162,1.5468837004765066
1,pos,0.7802600866955651,-0.7560072586848716,-1.364301467611625,1.5597645558581745
1,pos,0.800266755585195,-0.7641211910833587,-1.3744437040339024,1.5725700907180844
1,pos,0.8202734244748249,-0.772282277411011,-1.384470769973249,1.5853009900058281
1,pos,0.8402800933644547,-0.780488976207357,-1.3943839446394624,1.5979579553447316
1,pos,0.8602867622540846,-0.7887398019851222,-1.4041844966090153,1.6105417025810427
1,pos,0.8802934311437145,-0.7970333234039884,-1.413873682760658,1.6230529595239929
1,pos,0.9003001000333444,-0.8053681614563296,-1.4234527473273293,1.6354924638656303
1,pos,0.9203067689229742,-0.8137429876723892,-1.4329229210568186,1.6478609612694852
1,pos,0.9403134378126041,-0.8221565223512537,-1.4422854204737792,1.6601592036175126
1,pos,0.960320106702234,-0.8306075328228157,-1.4515414472358827,1.672387947405041
1,pos,0.9803267755918639,-0.8390948317450614,-1.4606921875772187,1.6845479522739606
1,pos,1.0003334444814937,-0.8476172754401194,-1.469738811832247,1.696639979674709
1,pos,1.0203401133711236,-0.8561737622718143,-1.4786824740340037,1.7086647916481439
1,pos,1.0403467822607535,-0.8647632310668243,-1.4875243115805246,1.720623149718801
1,pos,1.0603534511503834,-0.873384659580964,-1.4962654449638157,1.7325158138914987
1,pos,1.0803601200400132,-0.8820370630116943,-1.5049069775560209,1.7443435417437396
1,pos,1.1003667889296431,-0.8907194925574492,-1.5134499954477614,1.7561070876067406
1,pos,1.120373457819273,-0.8994310340241238,-1.5218955673339525,1.7678072018284228
1,pos,1.1403801267089029,-0.9081708064786711,-1.530244744442714,1.7794446301120659
1,pos,1.1603867955985327,-0.9169379609495684,-1.5384985605032984,1.791020112924775
1,pos,1.1803934644881626,-0.9257316791736463,-1.54665803174923,1.8025343849702453
1,pos,1.2004001333777925,-0.9345511723886233,-1.5547241569531711,1.8139881747207447
1,pos,1.2204068022674224,-0.9433956801705565,-1.5626979174902362,1.825382204003531
1,pos,1.2404134711570522,-0.9522644693152134,-1.5705802774267605,1.8367171876372543
1,pos,1.2604201400466821,-0.9611568327624244,-1.5783721836317832,1.8479938331142933
1,pos,1.280426808936312,-0.9700720885622257,-1.5860745659086581,1.8592128403251245
1,pos,1.3004334778259419,-0.9790095788816789,-1.5936883371444754,1.8703749013212312
1,pos,1.3204401467155717,-0.9879686690511644,-1.6012143934751664,1.8814807001132843
1,pos,1.3404468156052016,-0.9969487466488774,-1.608653614464276,1.8925309125014966
1,pos,1.3604534844948315,-1.005949220622333,-1.616006863293664,1.9035262059354228
1,pos,1.3804601533844614,-1.0149695204455709,-1.623274986964449,1.914467239400545
1,pos,1.4004668222740912,-1.0240090953108445,-1.6304588165067107,1.9253546633292782
1,pos,1.4204734911637211,-1.03306741335353,-1.6375591671966112,1.9361891195341978
1,pos,1.440480160053351,-1.0421439609090348,-1.644576838779646,1.9469712411614162
1,pos,1.4604868289429809,-1.0512382418004682,-1.6515126156989433,1.95770165266225
1,pos,1.4804934978326107,-1.0603497766559342,-1.6583672673275847,1.9683809697814725
1,pos,1.5005001667222406,-1.0694781022542168,-1.6651415482039889,1.9790097995604918
1,pos,1.5205068356118705,-1.0786227708977916,-1.6718361982695704,1.9895887403540662
1,pos,1.5405135045015004,-1.0877833498120077,-1.678451943107902,2.000118381859165
1,pos,1.5605201733911302,-1.0969594205693989,-1.684989494184694,2.0105993051547446
1,pos,1.5805268422807601,-1.106150578538068,-1.6914495490879955,2.021032082751307
1,pos,1.60053351117039,-1.115356432353157,-1.6978327917680804,2.031417278649209
1,pos,1.6205401800600199,-1.1245766034104134,-1.7041398927765128,2.0417554484047415
1,pos,1.6405468489496497,-1.1338107253809429,-1.7103715095039835,2.052047139203141
1,pos,1.6605535178392796,-1.1430584437462032,-1.7165282864164961,2.0622928899376647
1,pos,1.6805601867289095,-1.1523194153524332,-1.7226108552896098,2.0724932312940796
1,pos,1.7005668556185394,-1.161593307983619,-1.728619835440406,2.0826486858398234
1,pos,1.7205735245081692,-1.1708797999522313,-1.7345558339569123,2.092759768117243
1,pos,1.7405801933977991,-1.1801785797069742,-1.740419445924792,2.102826984740383
1,pos,1.760586862287429,-1.1894893454567634,-1.7462112546510535,2.112850834494751
1,pos,1.7805935311770589,-1.198811804810271,-1.7519318318846355,2.1228318084396403
1,pos,1.8006002000666887,-1.2081456744303374,-1.7575817380337204,2.1327703900125696
1,pos,1.8206068689563186,-1.2174906797025884,-1.7631615223796402,2.142667055135436
1,pos,1.8406135378459485,-1.2268465544176754,-1.7686717232872868,2.1525222723220643
1,pos,1.8606202067355784,-1.2362130404665006,-1.77411286841192,2.162336502786789
1,pos,1.8806268756252082,-1.2455898875478773,-1.7794854749023443,2.1721102005538198
1,pos,1.9006335445148381,-1.2549768528880922,-1.78479004960034,2.1818438125670876
1,pos,1.920640213404468,-1.2643737009718294,-1.790027089236399,2.1915377788003876
1,pos,1.9406468822940979,-1.2737802032839625,-1.795197080621635,2.2011925323675285
1,pos,1.9606535511837277,-1.283196138061764,-1.8003005008359387,2.210808499632376
1,pos,1.9806602200733576,-1.292621290057029,-1.8053378174123214,2.220386100318542
1,pos,2.0006668889629875,-1.3020554503077455,-1.8103094885174753,2.2299257476186307
1,pos,2.0206735578526174,-1.311498415918833,-1.81521596312855,2.2394278483028467
1,pos,2.0406802267422472,-1.3209499898515908,-1.820057681206159,2.248892802826862
1,pos,2.060686895631877,-1.3304099807214893,-1.8248350738636578,2.2583210054388494
1,pos,2.080693564521507,-1.339878202603898,-1.8295485635327005,2.2677128442855414
1,pos,2.100700233411137,-1.3493544748474535,-1.8341985641251206,2.27706870151726
1,pos,2.1207069023007667,-1.3588386218947117,-1.8387854811911881,2.286388953391839
1,pos,2.1407135711903966,-1.3683304731097932,-1.843309712074252,2.2956739703773557
1,pos,2.1607202400800265,-1.3778298626126722,-1.84777164606183,2.3049241172536026
1,pos,2.1807269089696564,-1.3873366291199152,-1.8521716645332125,2.314139753212312
1,pos,2.2007335778592862,-1.396850615791489,-1.8565101411035907,2.323321231955998
1,pos,2.220740246748916,-1.4063716700834634,-1.860787441764785,2.332468901795452
1,pos,2.240746915638546,-1.4158996436063203,-1.865003925022648,2.3415831057458516
1,pos,2.260753584528176,-1.425434391988623,-1.8691599420311202,2.350664181621389
1,pos,2.2807602534178057,-1.4349757747458658,-1.8732558367231018,2.3597124621285253
1,pos,2.3007669223074356,-1.4445236551542169,-1.8772919459380932,2.3687282749577108
1,pos,2.3207735911970655,-1.4540779001290434,-1.881268599546736,2.3777119428737
1,pos,2.3407802600866954,-1.4636383801078934,-1.8851861205722649,2.3866637838043223
1,pos,2.3607869289763252,-1.4732049689378972,-1.8890448253089585,2.3955841109278264
1,pos,2.380793597865955,-1.482777543767276,-1.892845023437629,2.4044732327587086
1,pos,2.400800266755585,-1.492355984940862,-1.8965870181381848,2.4133314532320465
1,pos,2.420806935645215,-1.5019401758994402,-1.9002711061993947,2.4221590717863912
1,pos,2.4408136045348447,-1.511530003082767,-1.9038975781258243,2.4309563834451593
1,pos,2.4608202734244746,-1.5211253558360973,-1.9074667182420535,2.4397236788965677
1,pos,2.4808269423141045,-1.5307261263200918,-1.9109788047942202,2.448461244572121
1,pos,2.5008336112037344,-1.5403322094239749,-1.9144341100489208,2.4571693627236497
1,pos,2.5208402800933642,-1.5499435026817832,-1.9178329003895693,2.4658483114989336
1,pos,2.540846948982994,-1.559559906191612,-1.9211754364102038,2.4744983650158927
1,pos,2.560853617872624,-1.569181322537722,-1.9244619730068484,2.4831197934353963
1,pos,2.580860286762254,-1.5788076567153935,-1.927692759466463,2.4917128630326926
1,pos,2.6008669556518837,-1.5884388160584284,-1.9308680395534987,2.5002778362674563
1,pos,2.6208736245415136,-1.5980747101691737,-1.9339880515941714,2.5088149718525097
1,pos,2.6408802934311435,-1.60771525085101,-1.9370530285584433,2.5173245248212166
1,pos,2.6608869623207734,-1.6173603520431459,-1.9400631981397956,2.525806746593559
1,pos,2.6808936312104032,-1.6270099297576879,-1.9430187828328087,2.5342618850409298
1,pos,2.700900300100033,-1.6366639020188596,-1.9459200000086307,2.542690184549661
1,pos,2.720906968989663,-1.646322188804309,-1.9487670619883581,2.5510918860833196
1,pos,2.740913637879293,-1.6559847119883906,-1.9515601761143377,2.559467227243728
1,pos,2.7609203067689227,-1.6656513952873993,-1.9542995448195233,2.5678164423308485
1,pos,2.7809269756585526,-1.6753221642066296,-1.9569853656948306,2.5761397624014335
1,pos,2.8009336445481825,-1.6849969459892247,-1.9596178315545667,2.5844374153265224
1,pos,2.8209403134378124,-1.6946756695667062,-1.962197130500016,2.5927096258478044
1,pos,2.8409469823274422,-1.7043582655112024,-1.9647234459811251,2.6009566156328523
1,pos,2.860953651217072,-1.7140446659892024,-1.9671969568564336,2.609178603329264
1,pos,2.880960320106702,-1.7237348047168612,-1.9696178374511932,2.617375804617707
1,pos,2.900966988996332,-1.7334286169167759,-1.9719862576137577,2.6255484322639187
1,pos,2.9209736578859617,-1.743126039276159,-1.9743023827702808,2.633696696169663
1,pos,2.9409803267755916,-1.7528270099063796,-1.9765663739777195,2.641820803422664
1,pos,2.9609869956652215,-1.7625314683038014,-1.9787783879752108,2.6499209583455365
1,pos,2.9809936645548514,-1.7722393553119031,-1.9809385772338293,2.6579973625437514
1,pos,3.0010003334444812,-1.781950613084602,-1.9830470900047739,2.6660502149526346
1,pos,3.021007002334111,-1.7916651850507268,-1.9851040703659806,2.674079711883406
1,pos,3.041013671223741,-1.8013830158796762,-1.9871096582672372,2.682086047068344
1,pos,3.061020340113371,-1.8111040514480883,-1.9890639895737652,2.690069411704981
1,pos,3.0810270090030007,-1.8208282388076253,-1.9909671961083686,2.6980299944994863
1,pos,3.1010336778926306,-1.830555526153732,-1.9928194056920963,2.705967981709127
1,pos,3.1210403467822605,-1.8402858627953749,-1.994620742183499,2.7138835571839057
1,pos,3.1410470156718904,-1.8500191991257313,-1.9963713255164954,2.721776902407378
1,pos,3.1610536845615202,-1.859755486593775,-1.9980712717368254,2.7296481965366275
1,pos,3.18106035345115,-1.8694946776767285,-1.9997206930371676,2.737497616441458
1,pos,3.20106702234078,-1.8792367258533966,-2.00131969779093,2.7453253367428374
1,pos,3.22107369123041,-1.8889815855782615,-2.0028683905846885,2.7531315298505197
1,pos,3.2410803601200397,-1.898729212256404,-2.004366872249363,2.760916365999977
1,pos,3.2610870290096696,-1.908479562219165,-2.0058152398900706,2.768680013288556
1,pos,3.2810936978992995,-1.9182325927005484,-2.0072135869147583,2.776422637710959
1,pos,3.3011003667889294,-1.9279882618143276,-2.0085620030615496,2.784144403193997
1,pos,3.3211070356785592,-1.9377465285318327,-2.0098605744248785,2.7918454716306687
1,pos,3.341113704568189,-1.9475073526603977,-2.0111093834803997,2.799526002913569
1,pos,3.361120373457819,-1.9572706948224559,-2.012308509108688,2.807186154967641
1,pos,3.381127042347449,-1.9670365164352401,-2.013458026617761,2.814826083782295
1,pos,3.4011337112370787,-1.97680477969107,-2.014558007764394,2.8224459434428684
1,pos,3.4211403801267086,-1.9865754475382489,-2.015608520774309,2.8300458861615287
1,pos,3.4411470490163385,-1.9963484836624668,-2.0166096303611636,2.837626062307509
1,pos,3.4611537179059684,-2.006123852468793,-2.0175613977444233,2.845186620436815
1,pos,3.4811603867955982,-2.0159015190641396,-2.0184638806660704,2.8527277073212995
1,pos,3.501167055685228,-2.0256814492402744,-2.019317133406217,2.8602494679772392
1,pos,3.521173724574858,-2.0354636094572722,-2.020121206797562,2.8677520456932926
1,pos,3.541180393464488,-2.0452479668274774,-2.0208761482387487,2.8752355820579663
1,pos,3.5611870623541177,-2.05503448909991,-2.0215820017066286,2.8827002169865508
1,pos,3.5811937312437476,-2.064823144645085,-2.0222388077673856,2.8901460887475006
1,pos,3.6012004001333775,-2.0746139024402925,-2.0228466035866064,2.8975733339883583
1,pos,3.6212070690230074,-2.0844067320552844,-2.0234054229382203,2.90498208776116
1,pos,3.6412137379126372,-2.0942016036383295,-2.0239152962123743,2.9123724835473523
1,pos,3.661220406802267,-2.103998487902706,-2.0243762504222067,2.9197446532822604
1,pos,3.681227075691897,-2.113797356113509,-2.024788309209537,2.927098727379054
1,pos,3.701233744581527,-2.123598180074876,-2.0251514928494805,2.934434834752308
1,pos,3.7212404134711567,-2.133400932117526,-2.0254658182539647,2.9417531028410813
1,pos,3.7412470823607866,-2.1432055850866494,-2.025731298974176,2.949053657631582
1,pos,3.7612537512504165,-2.1530121123301234,-2.0259479452019113,2.956336623679392
1,pos,3.7812604201400464,-2.162820487687067,-2.026115763769843,2.9636021241313037
1,pos,3.8012670890296762,-2.1726306854766744,-2.0262347581507036,2.970850280746723
1,pos,3.821273757919306,-2.1824426804873496,-2.0263049284553643,2.978081213918671
1,pos,3.841280426808936,-2.1922564479661766,-2.0263262714298276,2.9852950426944376
1,pos,3.861287095698566,-2.202071963608602,-2.0262987804511177,2.9924918847958017
1,pos,3.8812937645881957,-2.211889203548436,-2.0262224455220488,2.9996718566389036
1,pos,3.9013004334778256,-2.221708144348127,-2.0260972532648998,3.0068350733537694
1,pos,3.9213071023674555,-2.2315287629892433,-2.025923186913958,3.013981648803441
1,pos,3.9413137712570854,-2.241351036863234,-2.0257002263069217,3.021111695602764
1,pos,3.9613204401467152,-2.2511749437624653,-2.0254283478751995,3.0282253251368862
1,pos,3.981327109036345,-2.261000461871402,-2.0251075246330106,3.0353226475793202
1,pos,4.001333777925975,-2.270827569758103,-2.024737726165376,3.0424037719097754
1,pos,4.021340446815605,-2.280656246365896,-2.0243189186148998,3.0494688059316126
1,pos,4.041347115705235,-2.290486471005264,-2.0238510646674017,3.056517856289003
1,pos,4.061353784594864,-2.300318223345953,-2.0233341235363147,3.0635510284837673
1,pos,4.0813604534844945,-2.3101514834092702,-2.0227680509459134,3.07056842689193
1,pos,4.101367122374125,-2.3199862315605917,-2.0221527991132726,3.077570154779962
1,pos,4.121373791263754,-2.3298224485020267,-2.0214883167290165,3.084556314320731
1,pos,4.141380460153384,-2.3396601152653247,-2.020774548936807,3.091527006609211
1,pos,4.161387129043014,-2.3494992132048944,-2.020011437311509,3.098482331677837
1,pos,4.181393797932644,-2.359339723991044,-2.019198919836123,3.1054223885116663
1,pos,4.201400466822274,-2.369181629603365,-2.018336930877341,3.1123472750632155
1,pos,4.221407135711903,-2.379024912324292,-2.0174254011597927,3.1192570882670694
1,pos,4.2414138046015335,-2.3888695547328247,-2.016464257738921,3.126151924054233
1,pos,4.261420473491164,-2.3987155396983835,-2.015453423972455,3.1330318773662036
1,pos,4.281427142380793,-2.4085628503748397,-2.0143928194905003,3.139897042168845
1,pos,4.301433811270423,-2.4184114701946786,-2.0132823601641356,3.1467475114659673
1,pos,4.321440480160053,-2.42826138286331,-2.0121219580725977,3.153583377312726
1,pos,4.341447149049683,-2.4381125723535044,-2.010911521468933,3.1604047308287466
1,pos,4.361453817939313,-2.447965022899986,-2.0096509547441173,3.167211662211048
1,pos,4.381460486828942,-2.457818718994136,-2.008340158389624,3.1740042607467363
1,pos,4.4014671557185725,-2.4676736453788193,-2.0069790289583924,3.180782614825471
1,pos,4.421473824608203,-2.4775297870433723,-2.0055674590241703,3.1875468119517625
1,pos,4.441480493497832,-2.487387129218644,-2.0041053371391593,3.1942969387569824
1,pos,4.461487162387462,-2.497245657372226,-2.002592547789978,3.2010330810112535
1,pos,4.481493831277092,-2.507105357203744,-2.0010289713518716,3.2077553236350873
1,pos,4.501500500166722,-2.516966214640277,-1.9994144840411023,3.2144637507108325
1,pos,4.521507169056352,-2.5268282158319035,-1.9977489578655443,3.221158445493967
1,pos,4.541513837945981,-2.5366913471472987,-1.9960322605733427,3.2278394904241297
1,pos,4.5615205068356115,-2.5465555951695062,-1.994264255599683,3.2345069671360545
1,pos,4.581527175725242,-2.5564209466917363,-1.992444802011551,3.2411609564702464
1,pos,4.601533844614871,-2.5662873887133153,-1.9905737544504665,3.2478015384835373
1,pos,4.621540513504501,-2.5761549084357043,-1.9886509630731077,3.254428792459434
1,pos,4.641547182394131,-2.5860234932585944,-1.9866762734897818,3.261042796918285
1,pos,4.661553851283761,-2.5958931307761297,-1.9846495267007354,3.267643629627342
1,pos,4.681560520173391,-2.6057638087731987,-1.9825705590300813,3.274231367610581
1,pos,4.70156718906302,-2.6156355152217694,-1.9804392020575223,3.2808060871584117
1,pos,4.7215738579526505,-2.625508238277387,-1.978255282547513,3.287367863837202
1,pos,4.741580526842281,-2.635381966275688,-1.976018622376055,3.293916772498673
1,pos,4.76158719573191,-2.645256687729003,-1.9737290384548878,3.3004528872891172
1,pos,4.78159386462154,-2.655132391323068,-1.9713863426530291,3.3069762816584944
1,pos,4.80160053351117,-2.665009065913761,-1.968990341715611,3.3134870283693423
1,pos,4.8216072024008,-2.6748867005239476,-1.9665408371799113,3.319985199505588
1,pos,4.84161387129043,-2.6847652843403775,-1.9640376252884784,3.3264708664811833
1,pos,4.861620540180059,-2.6946448067106714,-1.9614804968992754,3.3329441000486373
1,pos,4.8816272090696895,-2.7045252571403364,-1.9588692373927232,3.339404970307368
1,pos,4.90163387795932,-2.7144066252898806,-1.956203626575573,3.345853546711963
1,pos,4.921640546848949,-2.72428890097198,-1.9534834385814637,3.3522898980802927
1,pos,4.941647215738579,-2.7341720741487,-1.9507084417680727,3.3587140926014865
1,pos,4.961653884628209,-2.744056134928793,-1.947878398610746,3.3651261978438063
1,pos,4.981660553517839,-2.7539410735650263,-1.9449930655924845,3.37152628076237
1,pos,5.001667222407469,-2.763826880451595,-1.9420521930901384,3.377914407706775
1,pos,5.021673891297098,-2.773713546121589,-1.9390555252566968,3.3842906444285967
1,pos,5.0416805601867285,-2.7836010612444952,-1.9360027998995393,3.3906550560887694
1,pos,5.061687229076359,-2.7934894166237694,-1.9328937483544795,3.3970077072648563
1,pos,5.081693897965988,-2.8033786031944388,-1.9297280953554579,3.4033486619581903
1,pos,5.101700566855618,-2.813268612020792,-1.9265055588997286,3.409677983600937
1,pos,5.121707235745248,-2.823159434294082,-1.923225850108362,3.4159957350630155
1,pos,5.141713904634878,-2.833051061330297,-1.9198886730819171,3.4223019786589504
1,pos,5.161720573524508,-2.8429434845679546,-1.9164937247510316,3.4285967761545635
1,pos,5.181727242414137,-2.8528366955659945,-1.9130406947217997,3.43488018877363
1,pos,5.2017339113037675,-2.8627306860016564,-1.9095292651157578,3.441152277204402
1,pos,5.221740580193398,-2.8726254476684203,-1.9059591104041307,3.4474131016059997
1,pos,5.241747249083027,-2.882520972473997,-1.9023298972362963,3.4536627216147635
1,pos,5.261753917972657,-2.892417252438387,-1.898641284262098,3.459901196350505
1,pos,5.281760586862287,-2.9023142796919106,-1.8948929219478048,3.4661285844226066
1,pos,5.301767255751917,-2.912212046473318,-1.8910844523855022,3.4723449439360836
1,pos,5.321773924641547,-2.9221105451279925,-1.8872155090955487,3.478550332497574
1,pos,5.341780593531176,-2.932009768106056,-1.8832857168219148,3.4847448072211487
1,pos,5.3617872624208065,-2.9419097079606495,-1.87929469132004,3.490928424734142
1,pos,5.381793931310437,-2.9518103573461767,-1.8752420391369053,3.4971012411828317
1,pos,5.401800600200066,-2.961711709016574,-1.8711273573830192,3.503263312238039
1,pos,5.421807269089696,-2.9716137558236744,-1.8669502334959236,3.509414693100684
1,pos,5.441813937979326,-2.981516490715542,-1.8627102449948876,3.515555438507212
1,pos,5.461820606868956,-2.9914199067348712,-1.8584069592264107,3.521685602734977
1,pos,5.481827275758586,-3.0013239970174195,-1.8540399331000699,3.5278052396075283
1,pos,5.501833944648215,-3.0112287547904564,-1.8496087128143641,3.5339144024998244
1,pos,5.5218406135378455,-3.0211341733712596,-1.8451128335720406,3.5400131443433778
1,pos,5.541847282427476,-3.0310402461656083,-1.8405518192844739,3.546101517631307
1,pos,5.561853951317105,-3.040946966666371,-1.8359251822645315,3.5521795744233504
1,pos,5.581860620206735,-3.0508543284520346,-1.8312324229074892,3.558247366350764
1,pos,5.601867289096365,-3.060762325185328,-1.8264730293593394,3.5643049446211776
1,pos,5.621873957985995,-3.0706709506118637,-1.8216464771719612,3.570352360023389
1,pos,5.641880626875625,-3.080580198558766,-1.8167522289445333,3.5763896629320606
1,pos,5.661887295765254,-3.090490062933375,-1.8117897339504523,3.582416903312369
1,pos,5.6818939646548845,-3.1004005377219395,-1.806758427749182,3.588434130724596
1,pos,5.701900633544515,-3.110311616988361,-1.8016577317821345,3.5944413943286238
1,pos,5.721907302434144,-3.1202232948729423,-1.7964870529519819,3.6004387428884077
1,pos,5.741913971323774,-3.13013556559116,-1.7912457831843933,3.606426224776345
1,pos,5.761920640213404,-3.140048423432501,-1.7859332989714376,3.6124038879776355
1,pos,5.781927309103034,-3.1499618627592327,-1.780548960895666,3.6183717800945012
1,pos,5.801933977992664,-3.159875878005297,-1.7750921131338804,3.6243299483504328
1,pos,5.821940646882293,-3.1697904636751773,-1.7695620829395575,3.6302784395943353
1,pos,5.8419473157719235,-3.179705614342754,-1.7639581801028128,3.636217300304598
1,pos,5.861953984661554,-3.1896213246502647,-1.758279696386663,3.6421465765931615
1,pos,5.881960653551183,-3.1995375893071865,-1.7525259049384077,3.6480663142094643
1,pos,5.901967322440813,-3.209454403089228,-1.7466960596746948,3.6539765585443944
1,pos,5.921973991330443,-3.219371760837299,-1.7407893946389248,3.6598773546341694
1,pos,5.941980660220073,-3.2292896574564534,-1.7348051233293833,3.665768747164105
1,pos,5.961987329109703,-3.239208087914959,-1.7287424379965426,3.671650780472445
1,pos,5.981993997999332,-3.2491270472432854,-1.7226005089077443,3.677523498554032
1,neg,0.0,-0.5,-0.8660254037844389,1.0000000000000002
1,neg,-0.020006668889629875,-0.4957411554623393,-0.8503545148052256,0.9843079264482055
1,neg,-0.04001333777925975,-0.4916354131848465,-0.8345282571438697,0.9685777157611151
1,neg,-0.060020006668889625,-0.48768444523114185,-0.8185450447802378,0.9528127352500533
1,neg,-0.0800266755585195,-0.4838896688336185,-0.8024029221220332,0.9370163611345784
1,neg,-0.10003334444814937,-0.48025222927347994,-0.7860994841306024,0.9211919467041308
1,neg,-0.12004001333777925,-0.4767729844281535,-0.7696317848082008,0.9053427874940989
1,neg,-0.14004668222740912,-0.47345249131019307,-0.7529962323926174,0.8894720836121306
1,neg,-0.160053351117039,-0.4702909949000825,-0.7361884692259255,0.8735828993892457
1,neg,-0.18006002000666887,-0.4672884195430608,-0.7192032337590221,0.8576781205606717
1,neg,-0.20006668889629875,-0.46444436313784043,-0.7020342014794657,0.8417604092005191
1,neg,-0.22007335778592862,-0.46175809429379044,-0.6846738006478355,0.8258321566392198
1,neg,-0.2400800266755585,-0.4592285525743096,-0.6671129975157687,0.8098954345802731
1,neg,-0.2600866955651884,-0.45685435187972534,-0.649341044061946,0.7939519446004916
1,neg,-0.28009336445481825,-0.45463378695540474,-0.6313451790561124,0.7780029661632448
1,neg,-0.3001000333444481,-0.4525648429424592,-0.6131102702060621,0.762049303194802
1,neg,-0.320106702234078,-0.45064520782204986,-0.5946183809032619,0.7460912291677173
1,neg,-0.3401133711237079,-0.4488722875425116,-0.575848239122798,0.7301284305000555
1,neg,-0.36012004001333775,-0.44724322356359403,-0.5567745775256119,0.7141599479124957
1,neg,-0.3801267089029676,-0.44575491250606525,-0.5373673014534349,0.6981841151835501
1,neg,-0.4001333777925975,-0.44440402755927566,-0.5175904232007735,0.682198494501462
1,neg,-0.4201400466822274,-0.44318704127494274,-0.49740067322305975,0.6661998073226912
1,neg,-0.44014671557185725,-0.4421002493627879,-0.47674565588877743,0.6501838593009364
1,neg,-0.4601533844614871,-0.44113979510255064,-0.455561348622778,0.6341454574323817
1,neg,-0.480160053351117,-0.44030169399660696,-0.43376862988457426,0.6180783170506975
1,neg,-0.5001667222407469,-0.43958185830673663,-0.4112683273721609,0.601974955668339
1,neg,-0.5201733911303767,-0.43897612114612117,-0.3879339312454054,0.5858265698549434
1,neg,-0.5401800600200066,-0.43848025983160244,-0.36360046603215807,0.5696228903062026
1,neg,-0.5601867289096365,-0.4380900182398808,-0.33804671521758467,0.5533520088974268
1,neg,-0.5801933977992664,-0.4378011279528172,-0.3109651984163474,0.5370001697047007
1,neg,-0.6002000666888962,-0.4376093280196363,-0.2819077052164509,0.5205515135221519
1,neg,-0.6202067355785261,-0.4375103832061002,-0.2501765953399361,0.503987762023078
1,neg,-0.640213404468156,-0.43750010064131284,-0.21457652332229224,0.48728782297759204
1,neg,-0.6602200733577859,-0.4375743448106191,-0.17271516743412138,0.47042729119199617
1,neg,-0.6802267422474157,-0.43772905087741926,-0.11808774981483891,0.453377810041888
1,neg,-0.7002334111370456,-0.4782158271464415,0.0,0.4782158271464415
1,neg,-0.7202400800266755,-0.5681543220271039,0.0,0.5681543220271039
1,neg,-0.7402467489163054,-0.617003332314148,0.0,0.617003332314148
1,neg,-0.7602534178059352,-0.6546124393683147,0.0,0.6546124393683147
1,neg,-0.7802600866955651,-0.6861584935140289,0.0,0.6861584935140289
1,neg,-0.800266755585195,-0.7137432481568502,0.0,0.7137432481568502
1,neg,-0.8202734244748249,-0.7384713294763968,0.0,0.7384713294763968
1,neg,-0.8402800933644547,-0.7610097751412747,0.0,0.7610097751412747
1,neg,-0.8602867622540846,-0.7817986018360381,0.0,0.7817986018360381
1,neg,-0.8802934311437145,-0.8011465184181688,0.0,0.8011465184181688
1,neg,-0.9003001000333444,-0.8192802050949526,0.0,0.8192802050949526
1,neg,-0.9203067689229742,-0.8363720563538886,0.0,0.8363720563538886
1,neg,-0.9403134378126041,-0.85255689103695,0.0,0.85255689103695
1,neg,-0.960320106702234,-0.8679425652876978,0.0,0.8679425652876978
1,neg,-0.9803267755918639,-0.8826170079689939,0.0,0.8826170079689939
1,neg,-1.0003334444814937,-0.8966530522723706,0.0,0.8966530522723706
1,neg,-1.0203401133711236,-0.910111853832628,0.0,0.910111853832628
1,neg,-1.0403467822607535,-0.9230453708367743,0.0,0.9230453708367743
1,neg,-1.0603534511503834,-0.9354982032581298,0.0,0.9354982032581298
1,neg,-1.0803601200400132,-0.9475089830352753,0.0,0.9475089830352753
1,neg,-1.1003667889296431,-0.9591114425806893,0.0,0.9591114425806893
1,neg,-1.120373457819273,-0.9703352483375848,0.0,0.9703352483375848
1,neg,-1.1403801267089029,-0.9812066597285831,0.0,0.9812066597285831
1,neg,-1.1603867955985327,-0.9917490563153936,0.0,0.9917490563153936
1,neg,-1.1803934644881626,-1.0019833640908284,0.0,1.0019833640908284
1,neg,-1.2004001333777925,-1.0119284035884484,0.0,1.0119284035884484
1,neg,-1.2204068022674224,-1.021601176693161,0.0,1.021601176693161
1,neg,-1.2404134711570522,-1.0310171048832437,0.0,1.0310171048832437
1,neg,-1.2604201400466821,-1.0401902286183486,0.0,1.0401902286183486
1,neg,-1.280426808936312,-1.049133375368363,0.0,1.049133375368363
1,neg,-1.3004334778259419,-1.0578583021243795,0.0,1.0578583021243795
1,neg,-1.3204401467155717,-1.0663758169870061,0.0,1.0663758169870061
1,neg,-1.3404468156052016,-1.0746958834784968,0.0,1.0746958834784968
1,neg,-1.3604534844948315,-1.0828277104958328,0.0,1.0828277104958328
1,neg,-1.3804601533844614,-1.090779830255984,0.0,1.090779830255984
1,neg,-1.4004668222740912,-1.0985601661418436,0.0,1.0985601661418436
1,neg,-1.4204734911637211,-1.1061760920082622,0.0,1.1061760920082622
1,neg,-1.440480160053351,-1.1136344842301715,0.0,1.1136344842301715
1,neg,-1.4604868289429809,-1.1209417675530202,0.0,1.1209417675530202
1,neg,-1.4804934978326107,-1.1281039556269743,0.0,1.1281039556269743
1,neg,-1.5005001667222406,-1.1351266869616967,0.0,1.1351266869616967
1,neg,-1.5205068356118705,-1.1420152569204798,0.0,1.1420152569204798
1,neg,-1.5405135045015004,-1.148774646275887,0.0,1.148774646275887
1,neg,-1.5605201733911302,-1.1554095467694225,0.0,1.1554095467694225
1,neg,-1.5805268422807601,-1.1619243840518507,0.0,1.1619243840518507
1,neg,-1.60053351117039,-1.1683233383259375,0.0,1.1683233383259375
1,neg,-1.6205401800600199,-1.1746103629676046,0.0,1.1746103629676046
1,neg,-1.6405468489496497,-1.1807892013630823,0.0,1.1807892013630823
1,neg,-1.6605535178392796,-1.1868634021672013,0.0,1.1868634021672013
1,neg,-1.6805601867289095,-1.192836333160658,0.0,1.192836333160658
1,neg,-1.7005668556185394,-1.1987111938608055,0.0,1.1987111938608055
1,neg,-1.7205735245081692,-1.2044910270207376,0.0,1.2044910270207376
1,neg,-1.7405801933977991,-1.210178729134489,0.0,1.210178729134489
1,neg,-1.760586862287429,-1.215777060051674,0.0,1.215777060051674
1,neg,-1.7805935311770589,-1.2212886517924233,0.0,1.2212886517924233
1,neg,-1.8006002000666887,-1.2267160166426314,0.0,1.2267160166426314
1,neg,-1.8206068689563186,-1.2320615546002944,0.0,1.2320615546002944
1,neg,-1.8406135378459485,-1.237327560235555,0.0,1.237327560235555
1,neg,-1.8606202067355784,-1.242516229020065,0.0,1.242516229020065
1,neg,-1.8806268756252082,-1.2476296631751451,0.0,1.2476296631751451
1,neg,-1.9006335445148381,-1.2526698770828024,0.0,1.2526698770828024
1,neg,-1.920640213404468,-1.2576388022990381,0.0,1.2576388022990381
1,neg,-1.9406468822940979,-1.2625382922046244,0.0,1.2625382922046244
1,neg,-1.9606535511837277,-1.2673701263250696,0.0,1.2673701263250696
1,neg,-1.9806602200733576,-1.2721360143480336,0.0,1.2721360143480336
1,neg,-2.0006668889629875,-1.2768375998638666,0.0,1.2768375998638666
1,neg,-2.0206735578526174,-1.281476463852219,0.0,1.281476463852219
1,neg,-2.0406802267422472,-1.2860541279355682,0.0,1.2860541279355682
1,neg,-2.060686895631877,-1.2905720574184705,0.0,1.2905720574184705
1,neg,-2.080693564521507,-1.2950316641295503,0.0,1.2950316641295503
1,neg,-2.100700233411137,-1.2994343090817093,0.0,1.2994343090817093
1,neg,-2.1207069023007667,-1.3037813049645977,0.0,1.3037813049645977
1,neg,-2.1407135711903966,-1.308073918482096,0.0,1.308073918482096
1,neg,-2.1607202400800265,-1.3123133725464877,0.0,1.3123133725464877
1,neg,-2.1807269089696564,-1.316500848339897,0.0,1.316500848339897
1,neg,-2.2007335778592862,-1.3206374872527413,0.0,1.3206374872527413
1,neg,-2.220740246748916,-1.3247243927080055,0.0,1.3247243927080055
1,neg,-2.240746915638546,-1.3287626318795318,0.0,1.3287626318795318
1,neg,-2.260753584528176,-1.332753237311695,0.0,1.332753237311695
1,neg,-2.2807602534178057,-1.336697208447385,0.0,1.336697208447385
1,neg,-2.3007669223074356,-1.3405955130704903,0.0,1.3405955130704903
1,neg,-2.3207735911970655,-1.3444490886687328,0.0,1.3444490886687328
1,neg,-2.3407802600866954,-1.3482588437221326,0.0,1.3482588437221326
1,neg,-2.3607869289763252,-1.3520256589220152,0.0,1.3520256589220152
1,neg,-2.380793597865955,-1.3557503883251087,0.0,1.3557503883251087
1,neg,-2.400800266755585,-1.3594338604468756,0.0,1.3594338604468756
1,neg,-2.420806935645215,-1.3630768792979986,0.0,1.3630768792979986
1,neg,-2.4408136045348447,-1.3666802253675443,0.0,1.3666802253675443
1,neg,-2.4608202734244746,-1.370244656556139,0.0,1.370244656556139
1,neg,-2.4808269423141045,-1.3737709090622627,0.0,1.3737709090622627
1,neg,-2.5008336112037344,-1.3772596982244598,0.0,1.3772596982244598
1,neg,-2.5208402800933642,-1.3807117193221436,0.0,1.3807117193221436
1,neg,-2.540846948982994,-1.3841276483374823,0.0,1.3841276483374823
1,neg,-2.560853617872624,-1.3875081426805884,0.0,1.3875081426805884
1,neg,-2.580860286762254,-1.3908538418802294,0.0,1.3908538418802294
1,neg,-2.6008669556518837,-1.394165368241977,0.0,1.394165368241977
1,neg,-2.6208736245415136,-1.3974433274756901,0.0,1.3974433274756901
1,neg,-2.6408802934311435,-1.4006883092940425,0.0,1.4006883092940425
1,neg,-2.6608869623207734,-1.403900887983733,0.0,1.403900887983733
1,neg,-2.6808936312104032,-1.4070816229508605,0.0,1.4070816229508605
1,neg,-2.700900300100033,-1.4102310592418748,0.0,1.4102310592418748
1,neg,-2.720906968989663,-1.4133497280414784,0.0,1.4133497280414784
1,neg,-2.740913637879293,-1.416438147148648,0.0,1.416438147148648
1,neg,-2.7609203067689227,-1.4194968214319692,0.0,1.4194968214319692
1,neg,-2.7809269756585526,-1.4225262432653791,0.0,1.4225262432653791
1,neg,-2.8009336445481825,-1.4255268929453244,0.0,1.4255268929453244
1,neg,-2.8209403134378124,-1.4284992390903022,0.0,1.4284992390903022
1,neg,-2.8409469823274422,-1.4314437390236623,0.0,1.4314437390236623
1,neg,-2.860953651217072,-1.434360839140559,0.0,1.434360839140559
1,neg,-2.880960320106702,-1.437250975259812,0.0,1.437250975259812
1,neg,-2.900966988996332,-1.4401145729614364,0.0,1.4401145729614364
1,neg,-2.9209736578859617,-1.4429520479105633,0.0,1.4429520479105633
1,neg,-2.9409803267755916,-1.4457638061683828,0.0,1.4457638061683828
1,neg,-2.9609869956652215,-1.448550244490786,0.0,1.448550244490786
1,neg,-2.9809936645548514,-1.4513117506152335,0.0,1.4513117506152335
1,neg,-3.0010003334444812,-1.4540487035364755,0.0,1.4540487035364755
1,neg,-3.021007002334111,-1.456761473771607,0.0,1.456761473771607
1,neg,-3.041013671223741,-1.4594504236149597,0.0,1.4594504236149597
1,neg,-3.061020340113371,-1.4621159073833174,0.0,1.4621159073833174
1,neg,-3.0810270090030007,-1.4647582716518976,0.0,1.4647582716518976
1,neg,-3.1010336778926306,-1.4673778554815051,0.0,1.4673778554815051
1,neg,-3.1210403467822605,-1.4699749906372754,0.0,1.4699749906372754
1,neg,-3.1410470156718904,-1.4725500017993647,0.0,1.4725500017993647
1,neg,-3.1610536845615202,-1.4751032067659644,0.0,1.4751032067659644
1,neg,-3.18106035345115,-1.4776349166489757,0.0,1.4776349166489757
1,neg,-3.20106702234078,-1.4801454360626471,0.0,1.4801454360626471
1,neg,-3.22107369123041,-1.4826350633054952,0.0,1.4826350633054952
1,neg,-3.2410803601200397,-1.4851040905358106,0.0,1.4851040905358106
1,neg,-3.2610870290096696,-1.4875528039409964,0.0,1.4875528039409964
1,neg,-3.2810936978992995,-1.4899814839010075,0.0,1.4899814839010075
1,neg,-3.3011003667889294,-1.492390405146167,0.0,1.492390405146167
1,neg,-3.3211070356785592,-1.4947798369095486,0.0,1.4947798369095486
1,neg,-3.341113704568189,-1.4971500430741869,0.0,1.4971500430741869
1,neg,-3.361120373457819,-1.4995012823153193,0.0,1.4995012823153193
1,neg,-3.381127042347449,-1.5018338082378384,0.0,1.5018338082378384
1,neg,-3.4011337112370787,-1.5041478695092043,0.0,1.5041478695092043
1,neg,-3.4211403801267086,-1.506443709987928,0.0,1.506443709987928
1,neg,-3.4411470490163385,-1.50872156884786,0.0,1.50872156884786
1,neg,-3.4611537179059684,-1.5109816806984262,0.0,1.5109816806984262
1,neg,-3.4811603867955982,-1.5132242757009795,0.0,1.5132242757009795
1,neg,-3.501167055685228,-1.5154495796813987,0.0,1.5154495796813987
1,neg,-3.521173724574858,-1.5176578142391146,0.0,1.5176578142391146
1,neg,-3.541180393464488,-1.5198491968526682,0.0,1.5198491968526682
1,neg,-3.5611870623541177,-1.5220239409819547,0.0,1.5220239409819547
1,neg,-3.5811937312437476,-1.524182256167276,0.0,1.524182256167276
1,neg,-3.6012004001333775,-1.5263243481252995,0.0,1.5263243481252995
1,neg,-3.6212070690230074,-1.5284504188420929,0.0,1.5284504188420929
1,neg,-3.6412137379126372,-1.5305606666632703,0.0,1.5305606666632703
1,neg,-3.661220406802267,-1.532655286381422,0.0,1.532655286381422
1,neg,-3.681227075691897,-1.5347344693209064,0.0,1.5347344693209064
1,neg,-3.701233744581527,-1.5367984034200537,0.0,1.5367984034200537
1,neg,-3.7212404134711567,-1.5388472733109815,0.0,1.5388472733109815
1,neg,-3.7412470823607866,-1.5408812603969841,0.0,1.5408812603969841
1,neg,-3.7612537512504165,-1.542900542927681,0.0,1.542900542927681
1,neg,-3.7812604201400464,-1.5449052960719476,0.0,1.5449052960719476
1,neg,-3.8012670890296762,-1.5468956919887298,0.0,1.5468956919887298
1,neg,-3.821273757919306,-1.5488718998958069,0.0,1.5488718998958069
1,neg,-3.841280426808936,-1.5508340861365988,0.0,1.5508340861365988
1,neg,-3.861287095698566,-1.5527824142450297,0.0,1.5527824142450297
1,neg,-3.8812937645881957,-1.5547170450085932,0.0,1.5547170450085932
1,neg,-3.9013004334778256,-1.556638136529599,0.0,1.556638136529599
1,neg,-3.9213071023674555,-1.558545844284735,0.0,1.558545844284735
1,neg,-3.9413137712570854,-1.5604403211829472,0.0,1.5604403211829472
1,neg,-3.9613204401467152,-1.5623217176217354,0.0,1.5623217176217354
1,neg,-3.981327109036345,-1.5641901815418766,0.0,1.5641901815418766
1,neg,-4.001333777925975,-1.5660458584806702,0.0,1.5660458584806702
1,neg,-4.021340446815605,-1.5678888916237284,0.0,1.5678888916237284
1,neg,-4.041347115705235,-1.5697194218553507,0.0,1.5697194218553507
1,neg,-4.061353784594864,-1.5715375878075721,0.0,1.5715375878075721
1,neg,-4.0813604534844945,-1.5733435259078745,0.0,1.5733435259078745
1,neg,-4.101367122374125,-1.5751373704256326,0.0,1.5751373704256326
1,neg,-4.121373791263754,-1.5769192535173497,0.0,1.5769192535173497
1,neg,-4.141380460153384,-1.578689305270684,0.0,1.578689305270684
1,neg,-4.161387129043014,-1.5804476537473264,0.0,1.5804476537473264
1,neg,-4.181393797932644,-1.5821944250247781,0.0,1.5821944250247781
1,neg,-4.201400466822274,-1.5839297432370247,0.0,1.5839297432370247
1,neg,-4.221407135711903,-1.5856537306141916,0.0,1.5856537306141916
1,neg,-4.2414138046015335,-1.5873665075211578,0.0,1.5873665075211578
1,neg,-4.261420473491164,-1.5890681924952044,0.0,1.5890681924952044
1,neg,-4.281427142380793,-1.5907589022827053,0.0,1.5907589022827053
1,neg,-4.301433811270423,-1.5924387518749037,0.0,1.5924387518749037
1,neg,-4.321440480160053,-1.5941078545427674,0.0,1.5941078545427674
1,neg,-4.341447149049683,-1.5957663218710083,0.0,1.5957663218710083
1,neg,-4.361453817939313,-1.5974142637912385,0.0,1.5974142637912385
1,neg,-4.381460486828942,-1.599051788614315,0.0,1.599051788614315
1,neg,-4.4014671557185725,-1.6006790030618894,0.0,1.6006790030618894
1,neg,-4.421473824608203,-1.6022960122971952,0.0,1.6022960122971952
1,neg,-4.441480493497832,-1.6039029199550836,0.0,1.6039029199550836
1,neg,-4.461487162387462,-1.6054998281713306,0.0,1.6054998281713306
1,neg,-4.481493831277092,-1.6070868376112413,0.0,1.6070868376112413
1,neg,-4.501500500166722,-1.608664047497587,0.0,1.608664047497587
1,neg,-4.521507169056352,-1.6102315556378468,0.0,1.6102315556378468
1,neg,-4.541513837945981,-1.6117894584508385,0.0,1.6117894584508385
1,neg,-4.5615205068356115,-1.613337850992696,0.0,1.613337850992696
1,neg,-4.581527175725242,-1.614876826982256,0.0,1.614876826982256
1,neg,-4.601533844614871,-1.6164064788258385,0.0,1.6164064788258385
1,neg,-4.621540513504501,-1.6179268976414773,0.0,1.6179268976414773
1,neg,-4.641547182394131,-1.61943817328255,0.0,1.61943817328255
1,neg,-4.661553851283761,-1.6209403943609129,0.0,1.6209403943609129
1,neg,-4.681560520173391,-1.6224336482694695,0.0,1.6224336482694695
1,neg,-4.70156718906302,-1.6239180212042492,0.0,1.6239180212042492
1,neg,-4.7215738579526505,-1.6253935981859735,0.0,1.6253935981859735
1,neg,-4.741580526842281,-1.6268604630811385,0.0,1.6268604630811385
1,neg,-4.76158719573191,-1.6283186986226277,0.0,1.6283186986226277
1,neg,-4.78159386462154,-1.6297683864298675,0.0,1.6297683864298675
1,neg,-4.80160053351117,-1.6312096070285271,0.0,1.6312096070285271
1,neg,-4.8216072024008,-1.632642439869784,0.0,1.632642439869784
1,neg,-4.84161387129043,-1.6340669633491736,0.0,1.6340669633491736
1,neg,-4.861620540180059,-1.635483254825022,0.0,1.635483254825022
1,neg,-4.8816272090696895,-1.6368913906364653,0.0,1.6368913906364653
1,neg,-4.90163387795932,-1.6382914461210925,0.0,1.6382914461210925
1,neg,-4.921640546848949,-1.6396834956322077,0.0,1.6396834956322077
1,neg,-4.941647215738579,-1.641067612555713,0.0,1.641067612555713
1,neg,-4.961653884628209,-1.6424438693266221,0.0,1.6424438693266221
1,neg,-4.981660553517839,-1.6438123374452478,0.0,1.6438123374452478
1,neg,-5.001667222407469,-1.6451730874930195,0.0,1.6451730874930195
1,neg,-5.021673891297098,-1.6465261891479792,0.0,1.6465261891479792
1,neg,-5.0416805601867285,-1.6478717111999517,0.0,1.6478717111999517
1,neg,-5.061687229076359,-1.649209721565391,0.0,1.649209721565391
1,neg,-5.081693897965988,-1.6505402873019248,0.0,1.6505402873019248
1,neg,-5.101700566855618,-1.6518634746225862,0.0,1.6518634746225862
1,neg,-5.121707235745248,-1.6531793489097668,0.0,1.6531793489097668
1,neg,-5.141713904634878,-1.6544879747288657,0.0,1.6544879747288657
1,neg,-5.161720573524508,-1.6557894158416688,0.0,1.6557894158416688
1,neg,-5.181727242414137,-1.6570837352194534,0.0,1.6570837352194534
1,neg,-5.2017339113037675,-1.658370995055825,0.0,1.658370995055825
1,neg,-5.221740580193398,-1.6596512567792923,0.0,1.6596512567792923
1,neg,-5.241747249083027,-1.6609245810655953,0.0,1.6609245810655953
1,neg,-5.261753917972657,-1.6621910278497831,0.0,1.6621910278497831
1,neg,-5.281760586862287,-1.6634506563380391,0.0,1.6634506563380391
1,neg,-5.301767255751917,-1.6647035250192947,0.0,1.6647035250192947
1,neg,-5.321773924641547,-1.6659496916765812,0.0,1.6659496916765812
1,neg,-5.341780593531176,-1.6671892133981976,0.0,1.6671892133981976
1,neg,-5.3617872624208065,-1.668422146588611,0.0,1.668422146588611
1,neg,-5.381793931310437,-1.6696485469791909,0.0,1.6696485469791909
1,neg,-5.401800600200066,-1.6708684696386982,0.0,1.6708684696386982
1,neg,-5.421807269089696,-1.6720819689835895,0.0,1.6720819689835895
1,neg,-5.441813937979326,-1.6732890987881137,0.0,1.6732890987881137
1,neg,-5.461820606868956,-1.6744899121942196,0.0,1.6744899121942196
1,neg,-5.481827275758586,-1.6756844617212685,0.0,1.6756844617212685
1,neg,-5.501833944648215,-1.6768727992755668,0.0,1.6768727992755668
1,neg,-5.5218406135378455,-1.6780549761597106,0.0,1.6780549761597106
1,neg,-5.541847282427476,-1.6792310430817523,0.0,1.6792310430817523
1,neg,-5.561853951317105,-1.6804010501642077,0.0,1.6804010501642077
1,neg,-5.581860620206735,-1.6815650469528731,0.0,1.6815650469528731
1,neg,-5.601867289096365,-1.6827230824254884,0.0,1.6827230824254884
1,neg,-5.621873957985995,-1.683875205000247,0.0,1.683875205000247
1,neg,-5.641880626875625,-1.6850214625441302,0.0,1.6850214625441302
1,neg,-5.661887295765254,-1.6861619023810854,0.0,1.6861619023810854
1,neg,-5.6818939646548845,-1.6872965713000851,0.0,1.6872965713000851
1,neg,-5.701900633544515,-1.6884255155629946,0.0,1.6884255155629946
1,neg,-5.721907302434144,-1.6895487809123235,0.0,1.6895487809123235
1,neg,-5.741913971323774,-1.6906664125788329,0.0,1.6906664125788329
1,neg,-5.761920640213404,-1.6917784552889863,0.0,1.6917784552889863
1,neg,-5.781927309103034,-1.692884953272292,0.0,1.692884953272292
1,neg,-5.801933977992664,-1.693985950268492,0.0,1.693985950268492
1,neg,-5.821940646882293,-1.6950814895346284,0.0,1.6950814895346284
1,neg,-5.8419473157719235,-1.6961716138519871,0.0,1.6961716138519871
1,neg,-5.861953984661554,-1.6972563655329174,0.0,1.6972563655329174
1,neg,-5.881960653551183,-1.6983357864275115,0.0,1.6983357864275115
1,neg,-5.901967322440813,-1.6994099179302011,0.0,1.6994099179302011
1,neg,-5.921973991330443,-1.7004788009862077,0.0,1.7004788009862077
1,neg,-5.941980660220073,-1.7015424760978783,0.0,1.7015424760978783
1,neg,-5.961987329109703,-1.7026009833309423,0.0,1.7026009833309423
1,neg,-5.981993997999332,-1.7036543623206255,0.0,1.7036543623206255
2,pos,0.0,0.9999999999999998,0.0,0.9999999999999998
2,pos,0.020006668889629875,0.9888134078200216,0.0,0.9888134078200216
2,pos,0.04001333777925975,0.9779249525233185,0.0,0.9779249525233185
2,pos,0.060020006668889625,0.9673299897189818,0.0,0.9673299897189818
2,pos,0.0800266755585195,0.9570235223053031,0.0,0.9570235223053031
2,pos,0.10003334444814937,0.9470002415188659,0.0,0.9470002415188659
2,pos,0.12004001333777925,0.9372545675736643,0.0,0.9372545675736643
2,pos,0.14004668222740912,0.9277806894210178,0.0,0.9277806894210178
2,pos,0.160053351117039,0.9185726032260234,0.0,0.9185726032260234
2,pos,0.18006002000666887,0.909624149222849,0.0,0.909624149222849
2,pos,0.20006668889629875,0.9009290466770797,0.0,0.9009290466770797
2,pos,0.22007335778592862,0.8924809267467168,0.0,0.8924809267467168
2,pos,0.2400800266755585,0.8842733630928238,0.0,0.8842733630928238
2,pos,0.2600866955651884,0.8762999001451608,0.0,0.8762999001451608
2,pos,0.28009336445481825,0.8685540789766919,0.0,0.8685540789766919
2,pos,0.3001000333444481,0.8610294607832615,0.0,0.8610294607832615
2,pos,0.320106702234078,0.8537196480008676,0.0,0.8537196480008676
2,pos,0.3401133711237079,0.8466183031229355,0.0,0.8466183031229355
2,pos,0.36012004001333775,0.8397191653041433,0.0,0.8397191653041433
2,pos,0.3801267089029676,0.8330160648560453,0.0,0.8330160648560453
2,pos,0.4001333777925975,0.8265029357535276,0.0,0.8265029357535276
2,pos,0.4201400466822274,0.8201738262805434,0.0,0.8201738262805434
2,pos,0.44014671557185725,0.81402290794921,0.0,0.81402290794921
2,pos,0.4601533844614871,0.8080444828287284,0.0,0.8080444828287284
2,pos,0.480160053351117,0.8022329894203191,0.0,0.8022329894203191
2,pos,0.5001667222407469,0.7965830072118799,0.0,0.7965830072118799
2,pos,0.5201733911303767,0.7910892600418841,0.0,0.7910892600418841
2,pos,0.5401800600200066,0.7857466183965299,0.0,0.7857466183965299
2,pos,0.5601867289096365,0.7805501007576824,0.0,0.7805501007576824
2,pos,0.5801933977992664,0.775494874112028,0.0,0.775494874112028
2,pos,0.6002000666888962,0.7705762537243547,0.0,0.7705762537243547
2,pos,0.6202067355785261,0.7657897022701726,0.0,0.7657897022701726
2,pos,0.640213404468156,0.7611308284151962,0.0,0.7611308284151962
2,pos,0.6602200733577859,0.7565953849216293,0.0,0.7565953849216293
2,pos,0.6802267422474157,0.752179266353869,0.0,0.752179266353869
2,pos,0.7002334111370456,0.7478785064492117,0.0,0.7478785064492117
2,pos,0.7202400800266755,0.743689275212501,0.0,0.743689275212501
2,pos,0.7402467489163054,0.7396078757873956,0.0,0.7396078757873956
2,pos,0.7602534178059352,0.7356307411511205,0.0,0.7356307411511205
2,pos,0.7802600866955651,0.7317544306741772,0.0,0.7317544306741772
2,pos,0.800266755585195,0.7279756265815223,0.0,0.7279756265815223
2,pos,0.8202734244748249,0.7242911303471967,0.0,0.7242911303471967
2,pos,0.8402800933644547,0.7206978590502605,0.0,0.7206978590502605
2,pos,0.8602867622540846,0.7171928417161595,0.0,0.7171928417161595
2,pos,0.8802934311437145,0.7137732156642629,0.0,0.7137732156642629
2,pos,0.9003001000333444,0.7104362228793135,0.0,0.7104362228793135
2,pos,0.9203067689229742,0.7071792064218049,0.0,0.7071792064218049
2,pos,0.9403134378126041,0.7039996068899034,0.0,0.7039996068899034
2,pos,0.960320106702234,0.7008949589433977,0.0,0.7008949589433977
2,pos,0.9803267755918639,0.6978628878982597,0.0,0.6978628878982597
2,pos,1.0003334444814937,0.6949011063987458,0.0,0.6949011063987458
2,pos,1.0203401133711236,0.692007411172507,0.0,0.692007411172507
2,pos,1.0403467822607535,0.6891796798728937,0.0,0.6891796798728937
2,pos,1.0603534511503834,0.6864158680115446,0.0,0.6864158680115446
2,pos,1.0803601200400132,0.683714005983375,0.0,0.683714005983375
2,pos,1.1003667889296431,0.6810721961852557,0.0,0.6810721961852557
2,pos,1.120373457819273,0.6784886102289747,0.0,0.6784886102289747
2,pos,1.1403801267089029,0.6759614862484405,0.0,0.6759614862484405
2,pos,1.1603867955985327,0.6734891263006059,0.0,0.6734891263006059
2,pos,1.1803934644881626,0.6710698938591296,0.0,0.6710698938591296
2,pos,1.2004001333777925,0.6687022113994571,0.0,0.6687022113994571
2,pos,1.2204068022674224,0.6663845580736893,0.0,0.6663845580736893
2,pos,1.2404134711570522,0.664115467473375,0.0,0.664115467473375
2,pos,1.2604201400466821,0.6618935254781673,0.0,0.6618935254781673
2,pos,1.280426808936312,0.659717368188138,0.0,0.659717368188138
2,pos,1.3004334778259419,0.6575856799374161,0.0,0.6575856799374161
2,pos,1.3204401467155717,0.6554971913867559,0.0,0.6554971913867559
2,pos,1.3404468156052016,0.6534506776925543,0.0,0.6534506776925543
2,pos,1.3604534844948315,0.6514449567498357,0.0,0.6514449567498357
2,pos,1.3804601533844614,0.6494788875066805,0.0,0.6494788875066805
2,pos,1.4004668222740912,0.6475513683475967,0.0,0.6475513683475967
2,pos,1.4204734911637211,0.6456613355433399,0.0,0.6456613355433399
2,pos,1.440480160053351,0.6438077617647172,0.0,0.6438077617647172
2,pos,1.4604868289429809,0.641989654657957,0.0,0.641989654657957
2,pos,1.4804934978326107,0.6402060554792571,0.0,0.6402060554792571
2,pos,1.5005001667222406,0.6384560377861928,0.0,0.6384560377861928
2,pos,1.5205068356118705,0.636738706183713,0.0,0.636738706183713
2,pos,1.5405135045015004,0.6350531951225159,0.0,0.6350531951225159
2,pos,1.5605201733911302,0.6333986677476675,0.0,0.6333986677476675
2,pos,1.5805268422807601,0.6317743147953747,0.0,0.6317743147953747
2,pos,1.60053351117039,0.6301793535359209,0.0,0.6301793535359209
2,pos,1.6205401800600199,0.6286130267608063,0.0,0.6286130267608063
2,pos,1.6405468489496497,0.6270746018122332,0.0,0.6270746018122332
2,pos,1.6605535178392796,0.625563369653127,0.0,0.625563369653127
2,pos,1.6805601867289095,0.6240786439759586,0.0,0.6240786439759586
2,pos,1.7005668556185394,0.6226197603486977,0.0,0.6226197603486977
2,pos,1.7205735245081692,0.6211860753962936,0.0,0.6211860753962936
2,pos,1.7405801933977991,0.6197769660161488,0.0,0.6197769660161488
2,pos,1.760586862287429,0.6183918286260973,0.0,0.6183918286260973
2,pos,1.7805935311770589,0.6170300784434852,0.0,0.6170300784434852
2,pos,1.8006002000666887,0.6156911487939852,0.0,0.6156911487939852
2,pos,1.8206068689563186,0.6143744904488585,0.0,0.6143744904488585
2,pos,1.8406135378459485,0.6130795709894039,0.0,0.6130795709894039
2,pos,1.8606202067355784,0.6118058741974225,0.0,0.6118058741974225
2,pos,1.8806268756252082,0.6105528994705455,0.0,0.6105528994705455
2,pos,1.9006335445148381,0.609320161261346,0.0,0.609320161261346
2,pos,1.920640213404468,0.6081071885391893,0.0,0.6081071885391893
2,pos,1.9406468822940979,0.6069135242738286,0.0,0.6069135242738286
2,pos,1.9606535511837277,0.6057387249397995,0.0,0.6057387249397995
2,pos,1.9806602200733576,0.6045823600407026,0.0,0.6045823600407026
2,pos,2.0006668889629875,0.6034440116525063,0.0,0.6034440116525063
2,pos,2.0206735578526174,0.6023232739850473,0.0,0.6023232739850473
2,pos,2.0406802267422472,0.6012197529609343,0.0,0.6012197529609343
2,pos,2.060686895631877,0.6001330658111,0.0,0.6001330658111
2,pos,2.080693564521507,0.5990628406862863,0.0,0.5990628406862863
2,pos,2.100700233411137,0.5980087162837674,0.0,0.5980087162837674
2,pos,2.1207069023007667,0.5969703414886591,0.0,0.5969703414886591
2,pos,2.1407135711903966,0.5959473750291878,0.0,0.5959473750291878
2,pos,2.1607202400800265,0.5949394851453186,0.0,0.5949394851453186
2,pos,2.1807269089696564,0.593946349270173,0.0,0.593946349270173
2,pos,2.2007335778592862,0.59296765372369,0.0,0.59296765372369
2,pos,2.220740246748916,0.5920030934180113,0.0,0.5920030934180113
2,pos,2.240746915638546,0.5910523715740934,0.0,0.5910523715740934
2,pos,2.260753584528176,0.5901151994490716,0.0,0.5901151994490716
2,pos,2.2807602534178057,0.5891912960739241,0.0,0.5891912960739241
2,pos,2.3007669223074356,0.5882803880010024,0.0,0.5882803880010024
2,pos,2.3207735911970655,0.5873822090610189,0.0,0.5873822090610189
2,pos,2.3407802600866954,0.5864965001290902,0.0,0.5864965001290902
2,pos,2.3607869289763252,0.5856230088994694,0.0,0.5856230088994694
2,pos,2.380793597865955,0.5847614896685973,0.0,0.5847614896685973
2,pos,2.400800266755585,0.5839117031261385,0.0,0.5839117031261385
2,pos,2.420806935645215,0.5830734161536658,0.0,0.5830734161536658
2,pos,2.4408136045348447,0.5822464016306893,0.0,0.5822464016306893
2,pos,2.4608202734244746,0.5814304382477171,0.0,0.5814304382477171
2,pos,2.4808269423141045,0.580625310326078,0.0,0.580625310326078
2,pos,2.5008336112037344,0.5798308076442137,0.0,0.5798308076442137
2,pos,2.5208402800933642,0.5790467252702012,0.0,0.5790467252702012
2,pos,2.540846948982994,0.5782728634002308,0.0,0.5782728634002308
2,pos,2.560853617872624,0.5775090272028218,0.0,0.5775090272028218
2,pos,2.580860286762254,0.5767550266685362,0.0,0.5767550266685362
2,pos,2.6008669556518837,0.5760106764649723,0.0,0.5760106764649723
2,pos,2.6208736245415136,0.5752757957968349,0.0,0.5752757957968349
2,pos,2.6408802934311435,0.5745502082708756,0.0,0.5745502082708756
2,pos,2.6608869623207734,0.5738337417655164,0.0,0.5738337417655164
2,pos,2.6808936312104032,0.5731262283049701,0.0,0.5731262283049701
2,pos,2.700900300100033,0.572427503937686,0.0,0.572427503937686
2,pos,2.720906968989663,0.5717374086189512,0.0,0.5717374086189512
2,pos,2.740913637879293,0.5710557860974844,0.0,0.5710557860974844
2,pos,2.7609203067689227,0.5703824838058733,0.0,0.5703824838058733
2,pos,2.7809269756585526,0.5697173527547083,0.0,0.5697173527547083
2,pos,2.8009336445481825,0.569060247430263,0.0,0.569060247430263
2,pos,2.8209403134378124,0.5684110256956008,0.0,0.5684110256956008
2,pos,2.8409469823274422,0.5677695486949638,0.0,0.5677695486949638
2,pos,2.860953651217072,0.5671356807613305,0.0,0.5671356807613305
2,pos,2.880960320106702,0.5665092893270187,0.0,0.5665092893270187
2,pos,2.900966988996332,0.5658902448372202,0.0,0.5658902448372202
2,pos,2.9209736578859617,0.5652784206663588,0.0,0.5652784206663588
2,pos,2.9409803267755916,0.5646736930371673,0.0,0.5646736930371673
2,pos,2.9609869956652215,0.564075940942381,0.0,0.564075940942381
2,pos,2.9809936645548514,0.5634850460689577,0.0,0.5634850460689577
2,pos,3.0010003334444812,0.5629008927247202,0.0,0.5629008927247202
2,pos,3.021007002334111,0.5623233677673457,0.0,0.5623233677673457
2,pos,3.041013671223741,0.5617523605356104,0.0,0.5617523605356104
2,pos,3.061020340113371,0.5611877627828037,0.0,0.5611877627828037
2,pos,3.0810270090030007,0.5606294686122488,0.0,0.5606294686122488
2,pos,3.1010336778926306,0.5600773744148319,0.0,0.5600773744148319
2,pos,3.1210403467822605,0.5595313788084899,0.0,0.5595313788084899
2,pos,3.1410470156718904,0.5589913825795738,0.0,0.5589913825795738
2,pos,3.1610536845615202,0.5584572886260265,0.0,0.5584572886260265
2,pos,3.18106035345115,0.5579290019023091,0.0,0.5579290019023091
2,pos,3.20106702234078,0.5574064293660157,0.0,0.5574064293660157
2,pos,3.22107369123041,0.5568894799261148,0.0,0.5568894799261148
2,pos,3.2410803601200397,0.5563780643927677,0.0,0.5563780643927677
2,pos,3.2610870290096696,0.5558720954286593,0.0,0.5558720954286593
2,pos,3.2810936978992995,0.5553714875017977,0.0,0.5553714875017977
2,pos,3.3011003667889294,0.5548761568397256,0.0,0.5548761568397256
2,pos,3.3211070356785592,0.5543860213851033,0.0,0.5543860213851033
2,pos,3.341113704568189,0.5539010007526041,0.0,0.5539010007526041
2,pos,3.361120373457819,0.5534210161870922,0.0,0.5534210161870922
2,pos,3.381127042347449,0.552945990523027,0.0,0.552945990523027
2,pos,3.4011337112370787,0.552475848145061,0.0,0.552475848145061
2,pos,3.4211403801267086,0.5520105149497867,0.0,0.5520105149497867
2,pos,3.4411470490163385,0.5515499183085968,0.0,0.5515499183085968
2,pos,3.4611537179059684,0.5510939870316172,0.0,0.5510939870316172
2,pos,3.4811603867955982,0.5506426513326833,0.0,0.5506426513326833
2,pos,3.501167055685228,0.550195842795318,0.0,0.550195842795318
2,pos,3.521173724574858,0.5497534943396826,0.0,0.5497534943396826
2,pos,3.541180393464488,0.5493155401904691,0.0,0.5493155401904691
2,pos,3.5611870623541177,0.5488819158457019,0.0,0.5488819158457019
2,pos,3.5811937312437476,0.5484525580464203,0.0,0.5484525580464203
2,pos,3.6012004001333775,0.5480274047472096,0.0,0.5480274047472096
2,pos,3.6212070690230074,0.5476063950875608,0.0,0.5476063950875608
2,pos,3.6412137379126372,0.5471894693640256,0.0,0.5471894693640256
2,pos,3.661220406802267,0.5467765690031438,0.0,0.5467765690031438
2,pos,3.681227075691897,0.546367636535121,0.0,0.546367636535121
2,pos,3.701233744581527,0.5459626155682267,0.0,0.5459626155682267
2,pos,3.7212404134711567,0.5455614507638944,0.0,0.5455614507638944
2,pos,3.7412470823607866,0.5451640878125072,0.0,0.5451640878125072
2,pos,3.7612537512504165,0.5447704734098306,0.0,0.5447704734098306
2,pos,3.7812604201400464,0.5443805552340909,0.0,0.5443805552340909
2,pos,3.8012670890296762,0.5439942819236707,0.0,0.5439942819236707
2,pos,3.821273757919306,0.5436116030553972,0.0,0.5436116030553972
2,pos,3.841280426808936,0.543232469123418,0.0,0.543232469123418
2,pos,3.861287095698566,0.542856831518634,0.0,0.542856831518634
2,pos,3.8812937645881957,0.5424846425086791,0.0,0.5424846425086791
2,pos,3.9013004334778256,0.5421158552184303,0.0,0.5421158552184303
2,pos,3.9213071023674555,0.5417504236110268,0.0,0.5417504236110268
2,pos,3.9413137712570854,0.5413883024693884,0.0,0.5413883024693884
2,pos,3.9613204401467152,0.5410294473782155,0.0,0.5410294473782155
2,pos,3.981327109036345,0.5406738147064576,0.0,0.5406738147064576
2,pos,4.001333777925975,0.5403213615902315,0.0,0.5403213615902315
2,pos,4.021340446815605,0.539972045916188,0.0,0.539972045916188
2,pos,4.041347115705235,0.5396258263052942,0.0,0.5396258263052942
2,pos,4.061353784594864,0.539282662097041,0.0,0.539282662097041
2,pos,4.0813604534844945,0.538942513334047,0.0,0.538942513334047
2,pos,4.101367122374125,0.5386053407470528,0.0,0.5386053407470528
2,pos,4.121373791263754,0.5382711057402987,0.0,0.5382711057402987
2,pos,4.141380460153384,0.537939770377266,0.0,0.537939770377266
2,pos,4.161387129043014,0.5376112973667774,0.0,0.5376112973667774
2,pos,4.181393797932644,0.5372856500494447,0.0,0.5372856500494447
2,pos,4.201400466822274,0.5369627923844554,0.0,0.5369627923844554
2,pos,4.221407135711903,0.5366426889366824,0.0,0.5366426889366824
2,pos,4.2414138046015335,0.5363253048641154,0.0,0.5363253048641154
2,pos,4.261420473491164,0.5360106059056016,0.0,0.5360106059056016
2,pos,4.281427142380793,0.5356985583688834,0.0,0.5356985583688834
2,pos,4.301433811270423,0.5353891291189323,0.0,0.5353891291189323
2,pos,4.321440480160053,0.5350822855665627,0.0,0.5350822855665627
2,pos,4.341447149049683,0.534777995657324,0.0,0.534777995657324
2,pos,4.361453817939313,0.5344762278606598,0.0,0.5344762278606598
2,pos,4.381460486828942,0.5341769511593273,0.0,0.5341769511593273
2,pos,4.4014671557185725,0.533880135039071,0.0,0.533880135039071
2,pos,4.421473824608203,0.5335857494785416,0.0,0.5335857494785416
2,pos,4.441480493497832,0.5332937649394569,0.0,0.5332937649394569
2,pos,4.461487162387462,0.53300415235699,0.0,0.53300415235699
2,pos,4.481493831277092,0.5327168831303934,0.0,0.5327168831303934
2,pos,4.501500500166722,0.5324319291138349,0.0,0.5324319291138349
2,pos,4.521507169056352,0.5321492626074527,0.0,0.5321492626074527
2,pos,4.541513837945981,0.5318688563486176,0.0,0.5318688563486176
2,pos,4.5615205068356115,0.5315906835033996,0.0,0.5315906835033996
2,pos,4.581527175725242,0.5313147176582314,0.0,0.5313147176582314
2,pos,4.601533844614871,0.5310409328117615,0.0,0.5310409328117615
2,pos,4.621540513504501,0.530769303366903,0.0,0.530769303366903
2,pos,4.641547182394131,0.5304998041230535,0.0,0.5304998041230535
2,pos,4.661553851283761,0.5302324102685014,0.0,0.5302324102685014
2,pos,4.681560520173391,0.5299670973730004,0.0,0.5299670973730004
2,pos,4.70156718906302,0.5297038413805136,0.0,0.5297038413805136
2,pos,4.7215738579526505,0.5294426186021225,0.0,0.5294426186021225
2,pos,4.741580526842281,0.5291834057090927,0.0,0.5291834057090927
2,pos,4.76158719573191,0.5289261797260986,0.0,0.5289261797260986
2,pos,4.78159386462154,0.5286709180245975,0.0,0.5286709180245975
2,pos,4.80160053351117,0.528417598316351,0.0,0.528417598316351
2,pos,4.8216072024008,0.5281661986470912,0.0,0.5281661986470912
2,pos,4.84161387129043,0.5279166973903263,0.0,0.5279166973903263
2,pos,4.861620540180059,0.5276690732412832,0.0,0.5276690732412832
2,pos,4.8816272090696895,0.5274233052109819,0.0,0.5274233052109819
2,pos,4.90163387795932,0.5271793726204421,0.0,0.5271793726204421
2,pos,4.921640546848949,0.5269372550950125,0.0,0.5269372550950125
2,pos,4.941647215738579,0.5266969325588272,0.0,0.5266969325588272
2,pos,4.961653884628209,0.5264583852293782,0.0,0.5264583852293782
2,pos,4.981660553517839,0.5262215936122087,0.0,0.5262215936122087
2,pos,5.001667222407469,0.5259865384957184,0.0,0.5259865384957184
2,pos,5.021673891297098,0.5257532009460801,0.0,0.5257532009460801
2,pos,5.0416805601867285,0.5255215623022663,0.0,0.5255215623022663
2,pos,5.061687229076359,0.52529160417118,0.0,0.52529160417118
2,pos,5.081693897965988,0.5250633084228903,0.0,0.5250633084228903
2,pos,5.101700566855618,0.5248366571859666,0.0,0.5248366571859666
2,pos,5.121707235745248,0.5246116328429152,0.0,0.5246116328429152
2,pos,5.141713904634878,0.5243882180257062,0.0,0.5243882180257062
2,pos,5.161720573524508,0.5241663956113992,0.0,0.5241663956113992
2,pos,5.181727242414137,0.523946148717856,0.0,0.523946148717856
2,pos,5.2017339113037675,0.5237274606995469,0.0,0.5237274606995469
2,pos,5.221740580193398,0.5235103151434378,0.0,0.5235103151434378
2,pos,5.241747249083027,0.5232946958649709,0.0,0.5232946958649709
2,pos,5.261753917972657,0.5230805869041183,0.0,0.5230805869041183
2,pos,5.281760586862287,0.5228679725215248,0.0,0.5228679725215248
2,pos,5.301767255751917,0.5226568371947241,0.0,0.5226568371947241
2,pos,5.321773924641547,0.5224471656144358,0.0,0.5224471656144358
2,pos,5.341780593531176,0.5222389426809355,0.0,0.5222389426809355
2,pos,5.3617872624208065,0.5220321535004983,0.0,0.5220321535004983
2,pos,5.381793931310437,0.5218267833819168,0.0,0.5218267833819168
2,pos,5.401800600200066,0.5216228178330853,0.0,0.5216228178330853
2,pos,5.421807269089696,0.5214202425576553,0.0,0.5214202425576553
2,pos,5.441813937979326,0.5212190434517565,0.0,0.5212190434517565
2,pos,5.461820606868956,0.5210192066007849,0.0,0.5210192066007849
2,pos,5.481827275758586,0.5208207182762528,0.0,0.5208207182762528
2,pos,5.501833944648215,0.5206235649327005,0.0,0.5206235649327005
2,pos,5.5218406135378455,0.5204277332046718,0.0,0.5204277332046718
2,pos,5.541847282427476,0.5202332099037486,0.0,0.5202332099037486
2,pos,5.561853951317105,0.5200399820156395,0.0,0.5200399820156395
2,pos,5.581860620206735,0.5198480366973319,0.0,0.5198480366973319
2,pos,5.601867289096365,0.519657361274294,0.0,0.519657361274294
2,pos,5.621873957985995,0.5194679432377325,0.0,0.5194679432377325
2,pos,5.641880626875625,0.5192797702419077,0.0,0.5192797702419077
2,pos,5.661887295765254,0.5190928301014943,0.0,0.5190928301014943
2,pos,5.6818939646548845,0.5189071107889961,0.0,0.5189071107889961
2,pos,5.701900633544515,0.5187226004322104,0.0,0.5187226004322104
2,pos,5.721907302434144,0.5185392873117399,0.0,0.5185392873117399
2,pos,5.741913971323774,0.5183571598585542,0.0,0.5183571598585542
2,pos,5.761920640213404,0.5181762066515943,0.0,0.5181762066515943
2,pos,5.781927309103034,0.5179964164154245,0.0,0.5179964164154245
2,pos,5.801933977992664,0.51781777801793,0.0,0.51781777801793
2,pos,5.821940646882293,0.517640280468055,0.0,0.517640280468055
2,pos,5.8419473157719235,0.5174639129135844,0.0,0.5174639129135844
2,pos,5.861953984661554,0.5172886646389688,0.0,0.5172886646389688
2,pos,5.881960653551183,0.5171145250631879,0.0,0.5171145250631879
2,pos,5.901967322440813,0.5169414837376535,0.0,0.5169414837376535
2,pos,5.921973991330443,0.5167695303441536,0.0,0.5167695303441536
2,pos,5.941980660220073,0.5165986546928334,0.0,0.5165986546928334
2,pos,5.961987329109703,0.5164288467202119,0.0,0.5164288467202119
2,pos,5.981993997999332,0.5162600964872378,0.0,0.5162600964872378
2,neg,0.0,0.9999999999999998,0.0,0.9999999999999998
2,neg,-0.020006668889629875,1.011488979814308,0.0,1.011488979814308
2,neg,-0.04001333777925975,1.0232841641489523,0.0,1.0232841641489523
2,neg,-0.060020006668889625,1.0353888971311733,0.0,1.0353888971311733
2,neg,-0.0800266755585195,1.0478060132257552,0.0,1.0478060132257552
2,neg,-0.10003334444814937,1.06053780299511,0.0,1.06053780299511
2,neg,-0.12004001333777925,1.0735859821940856,0.0,1.0735859821940856
2,neg,-0.14004668222740912,1.086951664847795,0.0,1.086951664847795
2,neg,-0.160053351117039,1.100635340917205,0.0,1.100635340917205
2,neg,-0.18006002000666887,1.1146368590927926,0.0,1.1146368590927926
2,neg,-0.20006668889629875,1.1289554151719794,0.0,1.1289554151719794
2,neg,-0.22007335778592862,1.1435895463735086,0.0,1.1435895463735086
2,neg,-0.2400800266755585,1.1585371318241777,0.0,1.1585371318241777
2,neg,-0.2600866955651884,1.1737953993246402,0.0,1.1737953993246402
2,neg,-0.28009336445481825,1.1893609383656285,0.0,1.1893609383656285
2,neg,-0.3001000333444481,1.2052297192293657,0.0,1.2052297192293657
2,neg,-0.320106702234078,1.221397117878179,0.0,1.221397117878179
2,neg,-0.3401133711237079,1.2378579462087322,0.0,1.2378579462087322
2,neg,-0.36012004001333775,1.2546064871405278,0.0,1.2546064871405278
2,neg,-0.3801267089029676,1.2716365339150981,0.0,1.2716365339150981
2,neg,-0.4001333777925975,1.2889414329111495,0.0,1.2889414329111495
2,neg,-0.4201400466822274,1.3065141292321139,0.0,1.3065141292321139
2,neg,-0.44014671557185725,1.3243472142974322,0.0,1.3243472142974322
2,neg,-0.4601533844614871,1.3424329746665873,0.0,1.3424329746665873
2,neg,-0.480160053351117,1.3607634413443297,0.0,1.3607634413443297
2,neg,-0.5001667222407469,1.3793304388542185,0.0,1.3793304388542185
2,neg,-0.5201733911303767,1.39812563342262,0.0,1.39812563342262
2,neg,-0.5401800600200066,1.4171405796832106,0.0,1.4171405796832106
2,neg,-0.5601867289096365,1.4363667653893986,0.0,1.4363667653893986
2,neg,-0.5801933977992664,1.4557956537049008,0.0,1.4557956537049008
2,neg,-0.6002000666888962,1.4754187227281683,0.0,1.4754187227281683
2,neg,-0.6202067355785261,1.4952275019907246,0.0,1.4952275019907246
2,neg,-0.640213404468156,1.5152136057507817,0.0,1.5152136057507817
2,neg,-0.6602200733577859,1.5353687629790225,0.0,1.5353687629790225
2,neg,-0.6802267422474157,1.5556848440022546,0.0,1.5556848440022546
2,neg,-0.7002334111370456,1.5761538838308988,0.0,1.5761538838308988
2,neg,-0.7202400800266755,1.59676810224834,0.0,1.59676810224834
2,neg,-0.7402467489163054,1.617519920782811,0.0,1.617519920782811
2,neg,-0.7602534178059352,1.6384019767169051,0.0,1.6384019767169051
2,neg,-0.7802600866955651,1.6594071343156567,0.0,1.6594071343156567
2,neg,-0.800266755585195,1.6805284934724911,0.0,1.6805284934724911
2,neg,-0.8202734244748249,1.7017593959839528,0.0,1.7017593959839528
2,neg,-0.8402800933644547,1.7230934296697085,0.0,1.7230934296697085
2,neg,-0.8602867622540846,1.744524430554804,0.0,1.744524430554804
2,neg,-0.8802934311437145,1.7660464833276583,0.0,1.7660464833276583
2,neg,-0.9003001000333444,1.7876539202801944,0.0,1.7876539202801944
2,neg,-0.9203067689229742,1.8093413189269918,0.0,1.8093413189269918
2,neg,-0.9403134378126041,1.831103498488969,0.0,1.831103498488969
2,neg,-0.960320106702234,1.8529355154142184,0.0,1.8529355154142184
2,neg,-0.9803267755918639,1.8748326580953414,0.0,1.8748326580953414
2,neg,-1.0003334444814937,1.8967904409285814,0.0,1.8967904409285814
2,neg,-1.0203401133711236,1.9188045978463784,0.0,1.9188045978463784
2,neg,-1.0403467822607535,1.9408710754413518,0.0,1.9408710754413518
2,neg,-1.0603534511503834,1.9629860257867184,0.0,1.9629860257867184
2,neg,-1.0803601200400132,1.9851457990457981,0.0,1.9851457990457981
2,neg,-1.1003667889296431,2.0073469359516,0.0,2.0073469359516
2,neg,-1.120373457819273,2.029586160226785,0.0,2.029586160226785
2,neg,-1.1403801267089029,2.0518603710043224,0.0,2.0518603710043224
2,neg,-1.1603867955985327,2.0741666353002146,0.0,2.0741666353002146
2,neg,-1.1803934644881626,2.096502180581417,0.0,2.096502180581417
2,neg,-1.2004001333777925,2.11886438746486,0.0,2.11886438746486
2,neg,-1.2204068022674224,2.1412507825768237,0.0,2.1412507825768237
2,neg,-1.2404134711570522,2.1636590315962905,0.0,2.1636590315962905
2,neg,-1.2604201400466821,2.186086932500633,0.0,2.186086932500633
2,neg,-1.280426808936312,2.2085324090277703,0.0,2.2085324090277703
2,neg,-1.3004334778259419,2.2309935043648528,0.0,2.2309935043648528
2,neg,-1.3204401467155717,2.2534683750704083,0.0,2.2534683750704083
2,neg,-1.3404468156052016,2.275955285233872,0.0,2.275955285233872
2,neg,-1.3604534844948315,2.2984526008741497,0.0,2.2984526008741497
2,neg,-1.3804601533844614,2.3209587845767823,0.0,2.3209587845767823
2,neg,-1.4004668222740912,2.343472390367504,0.0,2.343472390367504
2,neg,-1.4204734911637211,2.365992058818778,0.0,2.365992058818778
2,neg,-1.440480160053351,2.388516512384558,0.0,2.388516512384558
2,neg,-1.4604868289429809,2.41104455095778,0.0,2.41104455095778
2,neg,-1.4804934978326107,2.4335750476442906,0.0,2.4335750476442906
2,neg,-1.5005001667222406,2.4561069447464043,0.0,2.4561069447464043
2,neg,-1.5205068356118705,2.4786392499488588,0.0,2.4786392499488588
2,neg,-1.5405135045015004,2.50117103269978,0.0,2.50117103269978
2,neg,-1.5605201733911302,2.5237014207788997,0.0,2.5237014207788997
2,neg,-1.5805268422807601,2.546229597045443,0.0,2.546229597045443
2,neg,-1.60053351117039,2.568754796357847,0.0,2.568754796357847
2,neg,-1.6205401800600199,2.591276302657774,0.0,2.591276302657774
2,neg,-1.6405468489496497,2.613793446210762,0.0,2.613793446210762
2,neg,-1.6605535178392796,2.636305600996172,0.0,2.636305600996172
2,neg,-1.6805601867289095,2.658812182239202,0.0,2.658812182239202
2,neg,-1.7005668556185394,2.681312644077969,0.0,2.681312644077969
2,neg,-1.7205735245081692,2.7038064773587775,0.0,2.7038064773587775
2,neg,-1.7405801933977991,2.726293207553176,0.0,2.726293207553176
2,neg,-1.760586862287429,2.7487723927902943,0.0,2.7487723927902943
2,neg,-1.7805935311770589,2.7712436219986003,0.0,2.7712436219986003
2,neg,-1.8006002000666887,2.7937065131510863,0.0,2.7937065131510863
2,neg,-1.8206068689563186,2.816160711608517,0.0,2.816160711608517
2,neg,-1.8406135378459485,2.838605888555251,0.0,2.838605888555251
2,neg,-1.8606202067355784,2.8610417395227516,0.0,2.8610417395227516
2,neg,-1.8806268756252082,2.883467982995853,0.0,2.883467982995853
2,neg,-1.9006335445148381,2.905884359097293,0.0,2.905884359097293
2,neg,-1.920640213404468,2.9282906283461485,0.0,2.9282906283461485
2,neg,-1.9406468822940979,2.9506865704859955,0.0,2.9506865704859955
2,neg,-1.9606535511837277,2.973071983379004,0.0,2.973071983379004
2,neg,-1.9806602200733576,2.9954466819621737,0.0,2.9954466819621737
2,neg,-2.0006668889629875,3.0178104972622295,0.0,3.0178104972622295
2,neg,-2.0206735578526174,3.0401632754659103,0.0,3.0401632754659103
2,neg,-2.0406802267422472,3.0625048770424614,0.0,3.0625048770424614
2,neg,-2.060686895631877,3.0848351759154244,0.0,3.0848351759154244
2,neg,-2.080693564521507,3.1071540586808757,0.0,3.1071540586808757
2,neg,-2.100700233411137,3.129461423869534,0.0,3.129461423869534
2,neg,-2.1207069023007667,3.151757181250206,0.0,3.151757181250206
2,neg,-2.1407135711903966,3.174041251172223,0.0,3.174041251172223
2,neg,-2.1607202400800265,3.1963135639446856,0.0,3.1963135639446856
2,neg,-2.1807269089696564,3.218574059250379,0.0,3.218574059250379
2,neg,-2.2007335778592862,3.2408226855924456,0.0,3.2408226855924456
2,neg,-2.220740246748916,3.2630593997718753,0.0,3.2630593997718753
2,neg,-2.240746915638546,3.2852841663941734,0.0,3.2852841663941734
2,neg,-2.260753584528176,3.307496957403442,0.0,3.307496957403442
2,neg,-2.2807602534178057,3.3296977516424024,0.0,3.3296977516424024
2,neg,-2.3007669223074356,3.3518865344368303,0.0,3.3518865344368303
2,neg,-2.3207735911970655,3.374063297203098,0.0,3.374063297203098
2,neg,-2.3407802600866954,3.3962280370774534,0.0,3.3962280370774534
2,neg,-2.3607869289763252,3.4183807565658384,0.0,3.4183807565658384
2,neg,-2.380793597865955,3.4405214632130754,0.0,3.4405214632130754
2,neg,-2.400800266755585,3.4626501692903573,0.0,3.4626501692903573
2,neg,-2.420806935645215,3.4847668915000343,0.0,3.4847668915000343
2,neg,-2.4408136045348447,3.5068716506966364,0.0,3.5068716506966364
2,neg,-2.4608202734244746,3.5289644716233393,0.0,3.5289644716233393
2,neg,-2.4808269423141045,3.551045382662934,0.0,3.551045382662934
2,neg,-2.5008336112037344,3.573114415602518,0.0,3.573114415602518
2,neg,-2.5208402800933642,3.5951716054111897,0.0,3.5951716054111897
2,neg,-2.540846948982994,3.617216990029889,0.0,3.617216990029889
2,neg,-2.560853617872624,3.639250610172904,0.0,3.639250610172904
2,neg,-2.580860286762254,3.661272509140236,0.0,3.661272509140236
2,neg,-2.6008669556518837,3.683282732640307,0.0,3.683282732640307
2,neg,-2.6208736245415136,3.7052813286224353,0.0,3.7052813286224353
2,neg,-2.6408802934311435,3.727268347118496,0.0,3.727268347118496
2,neg,-2.6608869623207734,3.749243840093304,0.0,3.749243840093304
2,neg,-2.6808936312104032,3.7712078613033007,0.0,3.7712078613033007
2,neg,-2.700900300100033,3.793160466162888,0.0,3.793160466162888
2,neg,-2.720906968989663,3.8151017116182553,0.0,3.8151017116182553
2,neg,-2.740913637879293,3.837031656028126,0.0,3.837031656028126
2,neg,-2.7609203067689227,3.858950359051052,0.0,3.858950359051052
2,neg,-2.7809269756585526,3.880857881538991,0.0,3.880857881538991
2,neg,-2.8009336445481825,3.9027542854367363,0.0,3.9027542854367363
2,neg,-2.8209403134378124,3.924639633686942,0.0,3.924639633686942
2,neg,-2.8409469823274422,3.9465139901404287,0.0,3.9465139901404287
2,neg,-2.860953651217072,3.968377419471423,0.0,3.968377419471423
2,neg,-2.880960320106702,3.990229987097618,0.0,3.990229987097618
2,neg,-2.900966988996332,4.012071759104586,0.0,4.012071759104586
2,neg,-2.9209736578859617,4.033902802174542,0.0,4.033902802174542
2,neg,-2.9409803267755916,4.055723183518983,0.0,4.055723183518983
2,neg,-2.9609869956652215,4.07753297081526,0.0,4.07753297081526
2,neg,-2.9809936645548514,4.099332232146599,0.0,4.099332232146599
2,neg,-3.0010003334444812,4.121121035945627,0.0,4.121121035945627
2,neg,-3.021007002334111,4.142899450941069,0.0,4.142899450941069
2,neg,-3.041013671223741,4.164667546107461,0.0,4.164667546107461
2,neg,-3.061020340113371,4.186425390617853,0.0,4.186425390617853
2,neg,-3.0810270090030007,4.208173053799119,0.0,4.208173053799119
2,neg,-3.1010336778926306,4.229910605089959,0.0,4.229910605089959
2,neg,-3.1210403467822605,4.251638114001269,0.0,4.251638114001269
2,neg,-3.1410470156718904,4.273355650078919,0.0,4.273355650078919
2,neg,-3.1610536845615202,4.295063282868648,0.0,4.295063282868648
2,neg,-3.18106035345115,4.316761081883128,0.0,4.316761081883128
2,neg,-3.20106702234078,4.338449116570926,0.0,4.338449116570926
2,neg,-3.22107369123041,4.360127456287379,0.0,4.360127456287379
2,neg,-3.2410803601200397,4.381796170267255,0.0,4.381796170267255
2,neg,-3.2610870290096696,4.403455327599044,0.0,4.403455327599044
2,neg,-3.2810936978992995,4.425104997200913,0.0,4.425104997200913
2,neg,-3.3011003667889294,4.4467452477981,0.0,4.4467452477981
2,neg,-3.3211070356785592,4.468376147901759,0.0,4.468376147901759
2,neg,-3.341113704568189,4.489997765789201,0.0,4.489997765789201
2,neg,-3.361120373457819,4.5116101694853645,0.0,4.5116101694853645
2,neg,-3.381127042347449,4.5332134267455135,0.0,4.5332134267455135
2,neg,-3.4011337112370787,4.55480760503913,0.0,4.55480760503913
2,neg,-3.4211403801267086,4.57639277153484,0.0,4.57639277153484
2,neg,-3.4411470490163385,4.59796899308639,0.0,4.59796899308639
2,neg,-3.4611537179059684,4.619536336219661,0.0,4.619536336219661
2,neg,-3.4811603867955982,4.641094867120506,0.0,4.641094867120506
2,neg,-3.501167055685228,4.6626446516235625,0.0,4.6626446516235625
2,neg,-3.521173724574858,4.684185755201855,0.0,4.684185755201855
2,neg,-3.541180393464488,4.7057182429571895,0.0,4.7057182429571895
2,neg,-3.5611870623541177,4.7272421796112924,0.0,4.7272421796112924
2,neg,-3.5811937312437476,4.748757629497662,0.0,4.748757629497662
2,neg,-3.6012004001333775,4.77026465655412,0.0,4.77026465655412
2,neg,-3.6212070690230074,4.791763324315934,0.0,4.791763324315934
2,neg,-3.6412137379126372,4.813253695909598,0.0,4.813253695909598
2,neg,-3.661220406802267,4.834735834047145,0.0,4.834735834047145
2,neg,-3.681227075691897,4.856209801021033,0.0,4.856209801021033
2,neg,-3.701233744581527,4.877675658699501,0.0,4.877675658699501
2,neg,-3.7212404134711567,4.899133468522452,0.0,4.899133468522452
2,neg,-3.7412470823607866,4.920583291497721,0.0,4.920583291497721
2,neg,-3.7612537512504165,4.9420251881978725,0.0,4.9420251881978725
2,neg,-3.7812604201400464,4.963459218757301,0.0,4.963459218757301
2,neg,-3.8012670890296762,4.984885442869823,0.0,4.984885442869823
2,neg,-3.821273757919306,5.00630391978652,0.0,5.00630391978652
2,neg,-3.841280426808936,5.027714708314028,0.0,5.027714708314028
2,neg,-3.861287095698566,5.049117866813082,0.0,5.049117866813082
2,neg,-3.8812937645881957,5.0705134531974085,0.0,5.0705134531974085
2,neg,-3.9013004334778256,5.091901524932863,0.0,5.091901524932863
2,neg,-3.9213071023674555,5.113282139036912,0.0,5.113282139036912
2,neg,-3.9413137712570854,5.134655352078282,0.0,5.134655352078282
2,neg,-3.9613204401467152,5.156021220176927,0.0,5.156021220176927
2,neg,-3.981327109036345,5.177379799004207,0.0,5.177379799004207
2,neg,-4.001333777925975,5.198731143783231,0.0,5.198731143783231
2,neg,-4.021340446815605,5.2200753092894665,0.0,5.2200753092894665
2,neg,-4.041347115705235,5.241412349851528,0.0,5.241412349851528
2,neg,-4.061353784594864,5.262742319352093,0.0,5.262742319352093
2,neg,-4.0813604534844945,5.284065271229083,0.0,5.284065271229083
2,neg,-4.101367122374125,5.3053812584768885,0.0,5.3053812584768885
2,neg,-4.121373791263754,5.32669033364783,0.0,5.32669033364783
2,neg,-4.141380460153384,5.34799254885373,0.0,5.34799254885373
2,neg,-4.161387129043014,5.369287955767592,0.0,5.369287955767592
2,neg,-4.181393797932644,5.390576605625454,0.0,5.390576605625454
2,neg,-4.201400466822274,5.411858549228292,0.0,5.411858549228292
2,neg,-4.221407135711903,5.433133836944078,0.0,5.433133836944078
2,neg,-4.2414138046015335,5.454402518709925,0.0,5.454402518709925
2,neg,-4.261420473491164,5.475664644034307,0.0,5.475664644034307
2,neg,-4.281427142380793,5.496920261999387,0.0,5.496920261999387
2,neg,-4.301433811270423,5.5181694212634484,0.0,5.5181694212634484
2,neg,-4.321440480160053,5.539412170063304,0.0,5.539412170063304
2,neg,-4.341447149049683,5.560648556216886,0.0,5.560648556216886
2,neg,-4.361453817939313,5.5818786271258345,0.0,5.5818786271258345
2,neg,-4.381460486828942,5.603102429778182,0.0,5.603102429778182
2,neg,-4.4014671557185725,5.624320010751034,0.0,5.624320010751034
2,neg,-4.421473824608203,5.645531416213382,0.0,5.645531416213382
2,neg,-4.441480493497832,5.666736691928874,0.0,5.666736691928874
2,neg,-4.461487162387462,5.687935883258698,0.0,5.687935883258698
2,neg,-4.481493831277092,5.709129035164441,0.0,5.709129035164441
2,neg,-4.501500500166722,5.73031619221106,0.0,5.73031619221106
2,neg,-4.521507169056352,5.75149739856977,0.0,5.75149739856977
2,neg,-4.541513837945981,5.772672698021086,0.0,5.772672698021086
2,neg,-4.5615205068356115,5.793842133957793,0.0,5.793842133957793
2,neg,-4.581527175725242,5.815005749387972,0.0,5.815005749387972
2,neg,-4.601533844614871,5.8361635869380795,0.0,5.8361635869380795
2,neg,-4.621540513504501,5.857315688855919,0.0,5.857315688855919
2,neg,-4.641547182394131,5.878462097013818,0.0,5.878462097013818
2,neg,-4.661553851283761,5.899602852911655,0.0,5.899602852911655
2,neg,-4.681560520173391,5.920737997679911,0.0,5.920737997679911
2,neg,-4.70156718906302,5.941867572082883,0.0,5.941867572082883
2,neg,-4.7215738579526505,5.96299161652164,0.0,5.96299161652164
2,neg,-4.741580526842281,5.98411017103724,0.0,5.98411017103724
2,neg,-4.76158719573191,6.005223275313787,0.0,6.005223275313787
2,neg,-4.78159386462154,6.026330968681524,0.0,6.026330968681524
2,neg,-4.80160053351117,6.047433290119962,0.0,6.047433290119962
2,neg,-4.8216072024008,6.068530278260962,0.0,6.068530278260962
2,neg,-4.84161387129043,6.08962197139182,0.0,6.08962197139182
2,neg,-4.861620540180059,6.110708407458377,0.0,6.110708407458377
2,neg,-4.8816272090696895,6.131789624068054,0.0,6.131789624068054
2,neg,-4.90163387795932,6.1528656584929635,0.0,6.1528656584929635
2,neg,-4.921640546848949,6.173936547672935,0.0,6.173936547672935
2,neg,-4.941647215738579,6.19500232821859,0.0,6.19500232821859
2,neg,-4.961653884628209,6.216063036414348,0.0,6.216063036414348
2,neg,-4.981660553517839,6.23711870822147,0.0,6.23711870822147
2,neg,-5.001667222407469,6.258169379281032,0.0,6.258169379281032
2,neg,-5.021673891297098,6.27921508491698,0.0,6.27921508491698
2,neg,-5.0416805601867285,6.300255860139036,0.0,6.300255860139036
2,neg,-5.061687229076359,6.321291739645717,0.0,6.321291739645717
2,neg,-5.081693897965988,6.342322757827269,0.0,6.342322757827269
2,neg,-5.101700566855618,6.363348948768514,0.0,6.363348948768514
2,neg,-5.121707235745248,6.384370346251913,0.0,6.384370346251913
2,neg,-5.141713904634878,6.405386983760334,0.0,6.405386983760334
2,neg,-5.161720573524508,6.426398894479951,0.0,6.426398894479951
2,neg,-5.181727242414137,6.447406111303124,0.0,6.447406111303124
2,neg,-5.2017339113037675,6.468408666831232,0.0,6.468408666831232
2,neg,-5.221740580193398,6.489406593377435,0.0,6.489406593377435
2,neg,-5.241747249083027,6.510399922969553,0.0,6.510399922969553
2,neg,-5.261753917972657,6.5313886873527665,0.0,6.5313886873527665
2,neg,-5.281760586862287,6.552372917992378,0.0,6.552372917992378
2,neg,-5.301767255751917,6.573352646076614,0.0,6.573352646076614
2,neg,-5.321773924641547,6.594327902519198,0.0,6.594327902519198
2,neg,-5.341780593531176,6.6152987179622045,0.0,6.6152987179622045
2,neg,-5.3617872624208065,6.636265122778591,0.0,6.636265122778591
2,neg,-5.381793931310437,6.657227147074888,0.0,6.657227147074888
2,neg,-5.401800600200066,6.6781848206938506,0.0,6.6781848206938506
2,neg,-5.421807269089696,6.69913817321703,0.0,6.69913817321703
2,neg,-5.441813937979326,6.720087233967341,0.0,6.720087233967341
2,neg,-5.461820606868956,6.741032032011631,0.0,6.741032032011631
2,neg,-5.481827275758586,6.761972596163218,0.0,6.761972596163218
2,neg,-5.501833944648215,6.782908954984407,0.0,6.782908954984407
2,neg,-5.5218406135378455,6.803841136788954,0.0,6.803841136788954
2,neg,-5.541847282427476,6.824769169644532,0.0,6.824769169644532
2,neg,-5.561853951317105,6.845693081375221,0.0,6.845693081375221
2,neg,-5.581860620206735,6.866612899563874,0.0,6.866612899563874
2,neg,-5.601867289096365,6.8875286515545255,0.0,6.8875286515545255
2,neg,-5.621873957985995,6.908440364454798,0.0,6.908440364454798
2,neg,-5.641880626875625,6.929348065138216,0.0,6.929348065138216
2,neg,-5.661887295765254,6.9502517802465835,0.0,6.9502517802465835
2,neg,-5.6818939646548845,6.971151536192208,0.0,6.971151536192208
2,neg,-5.701900633544515,6.9920473591603125,0.0,6.9920473591603125
2,neg,-5.721907302434144,7.012939275111179,0.0,7.012939275111179
2,neg,-5.741913971323774,7.033827309782459,0.0,7.033827309782459
2,neg,-5.761920640213404,7.054711488691372,0.0,7.054711488691372
2,neg,-5.781927309103034,7.075591837136915,0.0,7.075591837136915
2,neg,-5.801933977992664,7.096468380202012,0.0,7.096468380202012
2,neg,-5.821940646882293,7.117341142755709,0.0,7.117341142755709
2,neg,-5.8419473157719235,7.13821014945526,0.0,7.13821014945526
2,neg,-5.861953984661554,7.159075424748287,0.0,7.159075424748287
2,neg,-5.881960653551183,7.179936992874838,0.0,7.179936992874838
2,neg,-5.901967322440813,7.200794877869461,0.0,7.200794877869461
2,neg,-5.921973991330443,7.2216491035632595,0.0,7.2216491035632595
2,neg,-5.941980660220073,7.242499693585891,0.0,7.242499693585891
2,neg,-5.961987329109703,7.263346671367622,0.0,7.263346671367622
2,neg,-5.981993997999332,7.2841900601413085,0.0,7.2841900601413085
