Time,Response_Neg20,Response_Nominal,Response_Pos20
0,0,0,0
0.0125040804739527,0.00311594141878626,0.00310743682862018,0.00309847231087774
0.0250081609479055,0.00869483667585373,0.00865619889430104,0.00861855627659757
0.0375122414218582,0.0179714642370431,0.0178710194276165,0.0177714633084404
0.0500163218958109,0.0320442997882064,0.0317925624869011,0.0315483154742656
0.0625204023697637,0.0484686573434312,0.0480087843740751,0.047567316533581
0.0750244828437164,0.0695085728357239,0.0687036688542969,0.0679316020946503
0.0875285633176691,0.093821867642743,0.0925305067603135,0.091303769178239
0.100032643791622,0.120325223028845,0.118454607770873,0.116682086310763
0.112536724265575,0.151921983119794,0.149175474912027,0.146597146349966
0.125040804739527,0.185388726260556,0.181624508497044,0.178116065193493
0.13754488521348,0.221667282871949,0.216673470335118,0.21204147204187
0.150048965687433,0.261300890341913,0.254749330234233,0.248718535175438
0.162553046161386,0.302511106241878,0.294228616975811,0.28665146246187
0.175057126635338,0.346672747077571,0.336293702530772,0.326856006180211
0.187561207109291,0.392701758281677,0.3799267415773,0.368388745570435
0.200065287583244,0.439985722690361,0.424615575426145,0.410807838851994
0.212569368057196,0.4897960490994,0.47130055568692,0.454803940750049
0.225073448531149,0.540374230361325,0.518533144127595,0.499174978572249
0.237577529005102,0.592107355937101,0.566589153509138,0.54410847669398
0.250081609479055,0.644866654355039,0.615223004670932,0.589283872779644
0.262585689953007,0.69801445090703,0.664021648888573,0.634456562141523
0.27508977042696,0.751682546536278,0.712891560186864,0.67937548806654
0.287593850900913,0.805356040599735,0.761442246771767,0.723746800652946
0.300097931374866,0.859033178848582,0.809776786479485,0.767752466677489
0.312602011848818,0.912089741818129,0.856976959622724,0.810280487677772
0.325106092322771,0.964652896639141,0.903494165543288,0.852006834054521
0.337610172796724,1.01646831702004,0.948975470897681,0.892529410871146
0.350114253270677,1.06682375949945,0.992663427523308,0.931063749843963
0.362618333744629,1.1163354768623,1.03535290640657,0.968517362521331
0.375122414218582,1.16391940943415,1.07582685820081,1.00363493388711
0.387626494692535,1.20975897669972,1.11439471908189,1.03677721531318
0.400130575166487,1.2544157638925,1.15166480430685,1.06859984090492
0.41263465564044,1.29567292218904,1.18535172143329,1.09681143521644
0.425138736114393,1.33539114750806,1.21746381603511,1.12347542693654
0.437642816588346,1.37277955580676,1.24718728280266,1.14781547545088
0.450146897062298,1.40679444190481,1.27355462940932,1.16890744548703
0.462650977536251,1.4390487756673,1.29819010174142,1.18834846596053
0.475155058010204,1.46762169961824,1.31924183500786,1.20443282321391
0.487659138484157,1.493312093328,1.33756236401778,1.21796496317004
0.500163218958109,1.51703925022484,1.35401302385107,1.22979106078563
0.512667299432062,1.53573759999762,1.36580306905236,1.23735889630174
0.525171379906015,1.5523569739321,1.37570724872585,1.24324557223313
0.537675460379968,1.56582604148244,1.38274777437585,1.24660746991248
0.55017954085392,1.57509878584392,1.38607701565039,1.2467028133398
0.562683621327873,1.58225602798392,1.38755398108571,1.24519755769039
0.575187701801826,1.58514142897615,1.38533056423734,1.24055655345422
0.587691782275778,1.58490827204221,1.38048612662555,1.23370165204218
0.600195862749731,1.58254166122015,1.37383731713202,1.22536603416976
0.612699943223684,1.57506717750833,1.36300954052147,1.21360572689736
0.625204023697637,1.56560507998584,1.35060126846987,1.20059734793012
0.637708104171589,1.553128603499,1.33579120843421,1.18571451552269
0.650212184645542,1.53689355144106,1.31810190308601,1.16861224747178
0.662716265119495,1.51881888865781,1.29902577195223,1.15047308040069
0.675220345593448,1.49714934705183,1.27729222754778,1.13040702250441
0.6877244260674,1.47303833778595,1.2538464072902,1.10913556734194
0.700228506541353,1.44724964730711,1.22921529483195,1.08705745884439
0.712732587015306,1.417750642185,1.20212767811918,1.06337892963603
0.725236667489259,1.38692236652804,1.17422124104888,1.03922725073422
0.737740747963211,1.35407826210719,1.14507237721386,1.01436525038244
0.750244828437164,1.31896817301166,1.11467557152514,0.988897180839021
0.762748908911117,1.28280743223755,1.08373654358439,0.96320944038013
0.775252989385069,1.24472676157977,1.05189823845537,0.937251125892829
0.787757069859022,1.20554093907993,1.01968462796811,0.911337307067815
0.800261150332975,1.16559232155868,0.987209783202745,0.885453281408614
0.812765230806928,1.12431125149807,0.954571369647566,0.860040803767209
0.82526931128088,1.08270162518438,0.922046874044674,0.83496799441296
0.837773391754833,1.04059864443595,0.8897040250522,0.810406263792948
0.850277472228786,0.998279097338301,0.85794917793488,0.78680640134351
0.862781552702739,0.955951787838389,0.826572977568079,0.763752757477131
0.875285633176691,0.913834268295,0.796148881991566,0.741924153842299
0.887789713650644,0.872178744555531,0.766651718753582,0.721186407800012
0.900293794124597,0.830843515547636,0.737803316573112,0.701179479794209
0.91279787459855,0.790784943183248,0.710879290376924,0.683248619896433
0.925301955072502,0.751430791599929,0.68486467077754,0.666236322524679
0.937806035546455,0.713158343115594,0.660249171518853,0.65060518831288
0.950310116020408,0.676647792264091,0.637668646717751,0.636951468386982
0.962814196494361,0.641109335453745,0.616169315613615,0.624315160158369
0.975318276968313,0.607721547774305,0.596979705730013,0.613772296784106
0.987822357442266,0.576125919514892,0.579583267819347,0.604850301650953
1.00032643791622,0.545778285906154,0.56344879604267,0.597014809955183
1.01283051839017,0.518778482375959,0.550494009173656,0.591935541868495
1.02533459886412,0.493247643573751,0.538873922075658,0.587964513256086
1.03783867933808,0.469966488852358,0.529305081556644,0.585659763696484
1.05034275981203,0.449787043067284,0.522421376582276,0.585544168462478
1.06284684028598,0.431216945639322,0.516907648617698,0.586511401331462
1.07535092075994,0.41599801625652,0.514195011387409,0.589620673761176
1.08785500123389,0.403295040093094,0.513484357499129,0.594266899422721
1.10035908170784,0.392351856345404,0.514190387495897,0.599943953094547
1.11286316218179,0.385724321633238,0.518198443374657,0.608046230757394
1.12536724265575,0.380857023526479,0.523503266648571,0.617052271367102
1.1378713231297,0.37868501638029,0.530800464174056,0.627417061344176
1.15037540360365,0.379968755171985,0.540520854502471,0.639427965895183
1.1628794840776,0.382992959587115,0.551440305063877,0.652219562963931
1.17538356455156,0.389523585300151,0.564722183140314,0.66648637332178
1.18788764502551,0.398517200520115,0.579564995370473,0.681710321345688
1.20039172549946,0.409241200703889,0.59551846872308,0.697576575557272
1.21289580597341,0.423934572053731,0.613848416895753,0.714783346239972
1.22539988644737,0.440150673803994,0.633035010455619,0.732420248452065
1.23790396692132,0.458697576063223,0.653535291790793,0.750703500000819
1.25040804739527,0.480028485765184,0.675466011178176,0.769624311052391
1.26291212786923,0.502717648259616,0.698067221098736,0.788809238853803
1.27541620834318,0.528039147438917,0.721895191761892,0.808410827220551
1.28792028881713,0.555059098022053,0.74640221455571,0.828157079139718
1.30042436929108,0.583277590180841,0.771395065181835,0.848000464536469
1.31292844976504,0.613987830900399,0.797193181086793,0.867812685660056
1.32543253023899,0.645555372634771,0.82318541555695,0.887507157791509
1.33793661071294,0.67843141004529,0.849468223526835,0.907023781308019
1.3504406911869,0.712653272375206,0.875847009613771,0.926103272262191
1.36294477166085,0.74747962176445,0.902212657540456,0.94491682472135
1.3754488521348,0.783348344039387,0.928398942420669,0.963101526532566
1.38795293260875,0.819706246406407,0.954264821906071,0.980686571214026
1.40045701308271,0.85641087532221,0.979900207607708,0.997868755197595
1.41296109355666,0.893497030340128,1.00468373290896,1.01385338918454
1.42546517403061,0.930565705881284,1.02900642859809,1.02928881075423
1.43796925450456,0.967597140772023,1.05260696496411,1.04389725459834
1.45047333497852,1.00423452039509,1.07508041822969,1.05729011618651
1.46297741545247,1.04059178144528,1.09693146424249,1.070049415907
1.47548149592642,1.076188419136,1.11739357151353,1.08148864419109
1.48798557640038,1.1109986494803,1.13674252748865,1.09188628788522
1.50048965687433,1.14524901551193,1.15528630604035,1.10158378575099
1.51299373734828,1.17778870817724,1.17176101762091,1.10947529950446
1.52549781782223,1.20949270916802,1.18733079113134,1.11662709376109
1.53800189829619,1.23989936320397,1.20149139945622,1.12266534711386
1.55050597877014,1.26839310684861,1.21378228396444,1.12721781766269
1.56301005924409,1.29585529656036,1.22509782412562,1.13102839712759
1.57551413971804,1.32107626087597,1.23436893922493,1.13335709720619
1.588018220192,1.34454230644746,1.2421651162757,1.13460533647005
1.60052230066595,1.36675345607875,1.24888857159483,1.13512689271043
1.6130263811399,1.38578444677023,1.25309748438981,1.13390990379137
1.62553046161386,1.40345155514495,1.25628427325235,1.13203092144489
1.63803454208781,1.41900764083927,1.25788206731658,1.12915557300846
1.65053862256176,1.43177876705556,1.25752709783974,1.12504670487827
1.66304270303571,1.44310957506711,1.25618306864107,1.12034455603417
1.67554678350967,1.45145179928917,1.25284097937856,1.1145040102076
1.68805086398362,1.45763834428305,1.24815852593528,1.10790088903542
1.70055494445757,1.46227661137824,1.2424958831641,1.10078459845171
1.71305902493152,1.4632745631076,1.23470040963234,1.09255206583579
1.72556310540548,1.46280586057693,1.22609454258654,1.08393882938218
1.73806718587943,1.46006952564371,1.21623159290454,1.07475288144023
1.75057126635338,1.45453473199509,1.20494666683948,1.06494895638125
1.76307534682734,1.44759119048767,1.19296667411677,1.05487104581315
1.77557942730129,1.43781931162182,1.17965031235035,1.04431720723632
1.78808350777524,1.42613850252408,1.16552819239056,1.0335189787148
1.80058758824919,1.41308058693064,1.15081360602361,1.02255619813627
1.81309166872315,1.39700181049255,1.13496685896613,1.01136916119378
1.8255957491971,1.37978312043506,1.11874973019865,1.00016433855149
1.83809982967105,1.36080521517039,1.10196348417133,0.988933386147626
1.850603910145,1.33982383575338,1.08466791719524,0.977808356550662
1.86310799061896,1.31786994138432,1.0671549907495,0.966769744458706
1.87561207109291,1.2940565968488,1.0493130402212,0.955972997893956
1.88811615156686,1.26911592120106,1.03138969539324,0.945451202587036
1.90062023204082,1.24335839935002,1.01340617462829,0.93511463997635
1.91312431251477,1.21603247676778,0.995531640105597,0.925383742343469
1.92562839298872,1.18820244415283,0.977793954373299,0.915948776680368
1.93813247346267,1.1596012186763,0.960280196722201,0.906960154023485
1.95063655393663,1.13031911390282,0.9432260268591,0.898656693384909
1.96314063441058,1.10075476785758,0.926447840057828,0.890717094462289
1.97564471488453,1.07078077298597,0.910343843693258,0.883549238413865
1.98814879535848,1.04073571626773,0.894826355730528,0.877006567528199
2.00065287583244,1.01063894231665,0.879744852259809,0.870885314106037
2.01315695630639,0.98078694012187,0.865841565970711,0.865874876975073
2.02566103678034,0.95117309138796,0.852484633756769,0.861329362149064
2.0381651172543,0.921941733000593,0.839991585491475,0.857484620839789
2.05066919772825,0.893463856888691,0.828675627280544,0.85459118146508
2.0631732782022,0.865433020271835,0.817989466824082,0.852177400692042
2.07567735867615,0.838475076375506,0.808664108157568,0.850731280799907
2.08818143915011,0.812454010289174,0.800335143613445,0.850001666816009
2.10068551962406,0.787117786238349,0.792750900745928,0.849755295801832
2.11318960009801,0.763653054155613,0.786928016319164,0.850682453633542
2.12569368057196,0.741054040869061,0.781846208248017,0.852064715585124
2.13819776104592,0.719812826614573,0.777931127394809,0.854132744742415
2.15070184151987,0.70044925856463,0.775463383669667,0.857064058688689
2.16320592199382,0.682087693428269,0.773744422243963,0.86041501666589
2.17571000246778,0.665882638277139,0.773574790965392,0.864580418420738
2.18821408294173,0.651285706874496,0.774454362609191,0.86930300260223
2.20071816341568,0.637869461123623,0.776122406664415,0.874401584368638
2.21322224388963,0.627305991531612,0.779520124847779,0.880338621829928
2.22572632436359,0.617946514790087,0.783601063250628,0.886571667399901
2.23823040483754,0.610469170239091,0.788754469418185,0.893250504573947
2.25073448531149,0.605377845317692,0.795142972493824,0.900431526783402
2.26323856578545,0.60151918245443,0.802152308645672,0.907841912652031
2.2757426462594,0.600210786872802,0.810394078677516,0.915665911046104
2.28824672673335,0.600672540177735,0.819403777582232,0.923726342208296
2.3007508072073,0.602439654672759,0.828993720081591,0.931946411695359
2.31325488768126,0.607151920042662,0.839743534130452,0.940440580053909
2.32575896815521,0.613036838485338,0.850910976043117,0.9489965188917
2.33826304862916,0.620751069664642,0.862729632284428,0.957645035393527
2.35076712910311,0.630635771494096,0.875207508241551,0.966320241392138
2.36327120957707,0.641612414095649,0.887997391997476,0.97498583571121
2.37577529005102,0.654769213025261,0.901348535109642,0.983584450356171
2.38827937052497,0.669334771752895,0.91497670547289,0.992066341471328
2.40078345099892,0.684943758913018,0.928815337214875,1.00046937749653
2.41328753147288,0.702730386417405,0.942941914312309,1.00857179321231
2.42579161194683,0.721320201592629,0.957117558794045,1.01651449792126
2.43829569242078,0.741157822653993,0.971361203301708,1.02421584768966
2.45079977289474,0.762334605014075,0.98554367892934,1.0315268683691
2.46330385336869,0.784154461352211,0.999663839421397,1.0386261795877
2.47580793384264,0.807172282427658,1.01356593769115,1.04526759630598
2.48831201431659,0.83085217476162,1.02722053735947,1.05152739901899
2.50081609479055,0.855024598611263,1.04068608494024,1.05752925060958
2.5133201752645,0.880023340760138,1.05357003986063,1.06283556207769
2.52582425573845,0.905245102616734,1.06615726255308,1.06784426239902
2.5383283362124,0.930803522985223,1.07826604690364,1.07240376847084
2.55083241668636,0.956533545325116,1.08968899305981,1.07634270148466
2.56333649716031,0.982298206661829,1.10073335800055,1.07996563791035
2.57584057763426,1.00798701937776,1.11092670284013,1.08294467232955
2.58834465810822,1.03344663872473,1.12048148401691,1.08543945846265
2.60084873858217,1.05873500684658,1.12954584310201,1.08760673579015
2.61335281905612,1.08334232227887,1.13743221313056,1.08896663078222
2.62585689953007,1.10756246850033,1.14480413668306,1.09000763165458
2.63836098000403,1.13116174822676,1.15135490839583,1.09056752910076
2.65086506047798,1.15378798565937,1.15687511527016,1.09051159123842
2.66336914095193,1.1758666236097,1.16185092701729,1.09015310935833
2.67587322142588,1.19669038719184,1.16567171846207,1.08920079274251
2.68837730189984,1.21651624717465,1.16870347586531,1.08783376225526
2.70088138237379,1.2355932113981,1.17112595318437,1.08618609459505
2.71338546284774,1.25277185621184,1.17220350578274,1.08389757111706
2.7258895433217,1.26910155608612,1.17273127067841,1.08137544343808
2.73839362379565,1.28408697081167,1.17238517879187,1.07850108335131
2.7508977042696,1.2973074757863,1.17102069023301,1.07521468360703
2.76340178474355,1.30959128695784,1.16913221087548,1.07173533447257
2.77590586521751,1.31987246405449,1.1661747698061,1.06789747732363
2.78840994569146,1.32872415611681,1.16253885190512,1.06383861298476
2.80091402616541,1.33649836039948,1.15837617733714,1.05963010965962
2.81341810663937,1.34178134592343,1.15313670038566,1.05513034996946
2.82592218711332,1.34602671301627,1.14748622004842,1.0505453330759
2.83842626758727,1.34863498235497,1.14118610601862,1.04583206918352
2.85093034806122,1.34924620708002,1.13419407081633,1.04101370062197
2.86343442853518,1.3488257457006,1.12685866225755,1.03615816345359
2.87593850900913,1.34627803057404,1.11886346922621,1.03126056549476
2.88844258948308,1.34230969074468,1.11049830339966,1.02637818151409
2.90094666995703,1.33726584972788,1.10184433771071,1.02150610430942
2.91345075043099,1.32989488677461,1.09268621871923,1.0167341059866
2.92595483090494,1.3216088482813,1.08336841334536,1.01203044072646
2.93845891137889,1.3118838309216,1.07380391590435,1.00743036720464
2.95096299185284,1.30052128666597,1.0640524495457,1.00301961071253
2.9634670723268,1.28833590965127,1.05422529955758,0.998715873645231
2.97597115280075,1.27452182618719,1.04430976841529,0.994652132686804
2.9884752332747,1.25970570991178,1.03441295644989,0.990798741649772
3.00097931374866,1.24412767057417,1.0245308359305,0.987087932405531
3.01348339422261,1.22704882785208,1.0148104919422,0.983775994909307
3.02598747469656,1.2094344167898,1.00520419899193,0.980640162554107
3.03849155517051,1.1909845317335,0.995788895948813,0.977770531214891
3.05099563564447,1.17170698516379,0.986693446580338,0.975277555516723
3.06349971611842,1.15204053032366,0.977784561722188,0.97297868233945
3.07600379659237,1.131686397001,0.969325978586424,0.971080131750239
3.08850787706633,1.11101128623358,0.961225239395706,0.969488134005332
3.10101195754028,1.09009104335334,0.95340687149549,0.968104043067827
3.11351603801423,1.06887802121409,0.946292078983774,0.967240844376207
3.12602011848818,1.04764057118389,0.939499940535476,0.966587146344092
3.13852419896214,1.02637829633241,0.933231096355083,0.966249914437604
3.15102827943609,1.00528586647188,0.927632861308378,0.96632401593679
3.16353235991004,0.984324379522002,0.922396966544305,0.966602075786948
3.17603644038399,0.963760214684147,0.917952688636487,0.967284404089004
3.18854052085795,0.943604829594441,0.914055776078559,0.968253639821204
3.2010446013319,0.923762997152465,0.910593125433573,0.969417566954957
3.21354868180585,0.904844671377824,0.908096529466768,0.971033720731098
3.22605276227981,0.886388849026323,0.906008048831303,0.972818403005611
3.23855684275376,0.868679023190816,0.904576884182867,0.974857497789174
3.25106092322771,0.852023764412073,0.903918897267414,0.977201104384705
3.26356500370166,0.835949627840937,0.903667021102439,0.979689440787715
3.27606908417562,0.821178862292328,0.904264624655961,0.982451304156347
3.28857316464957,0.807381173486378,0.905407062485474,0.985388127951743
3.30107724512352,0.794333141525814,0.906984095563499,0.988443743528886
3.31358132559747,0.783080694524656,0.909458971662752,0.991742874414235
3.32608540607143,0.772614061936628,0.912290755110789,0.99511957957174
3.33858948654538,0.763403152715323,0.915694083339016,0.998613174445575
3.35109356701933,0.755769918815054,0.919720179316892,1.00221886766159
3.36359764749329,0.748972283646928,0.924064536322631,1.00587057303148
3.37610172796724,0.743952836873645,0.929044030817565,1.00959305608767
3.38860580844119,0.740152717284087,0.934395784251649,1.01333659305466
3.40110988891514,0.737296069488782,0.940046083079333,1.01709443281654
3.4136139693891,0.736532085156119,0.946252515839273,1.02083614413135
3.42611804986305,0.736629973776109,0.952658433389143,1.02455168770357
3.438622130337,0.738099369566187,0.959379635739376,1.0282273344324
3.45112621081095,0.741179448558366,0.966394722323157,1.03181282562981
3.46363029128491,0.74509211964305,0.973549923299757,1.03534432256199
3.47613437175886,0.750713982946636,0.980948750025838,1.03874895553768
3.48863845223281,0.757432560768129,0.988449728572561,1.04203547100885
3.50114253270677,0.765003442443538,0.996033074384669,1.04524169971955
3.51364661318072,0.774339134516857,1.00369352265405,1.04821394440593
3.52615069365467,0.784358479069496,1.01135011637236,1.05107942293118
3.53865477412862,0.79546020979156,1.01899273407497,1.05378325414895
3.55115885460258,0.807736970213048,1.02654383086276,1.05625268074161
3.56366293507653,0.820602296050019,1.03403166051742,1.05859983813694
3.57616701555048,0.83461565229097,1.04133496093387,1.06069174935367
3.58867109602443,0.84929338060851,1.04846765279684,1.06258463317088
3.60117517649839,0.86448967415377,1.05546203539311,1.06434215894899
3.61367925697234,0.880632054275436,1.06208134527997,1.06575503210911
3.62618333744629,0.897092565414805,1.06851575166983,1.06702675806319
3.63868741792025,0.914048554146977,1.07464423061955,1.06808498898891
3.6511914983942,0.931430953195122,1.08036550855757,1.06886142787417
3.66369557886815,0.949002082598663,1.08586093337375,1.06949682815327
3.6761996593421,0.966859275735676,1.09084450037476,1.06984990805644
3.68870373981606,0.984783702498304,1.09546728947022,1.06999933606957
3.70120782029001,1.00276083630969,1.09979602189671,1.07001018390338
3.71371190076396,1.02064219842726,1.10346237103464,1.06969354456993
3.72621598123791,1.03840599321612,1.10683910075024,1.06925213086009
3.73872006171187,1.05596792298987,1.10974264316614,1.06862211854331
3.75122414218582,1.07313110005623,1.11208378805972,1.06776117578895
3.76372822265977,1.09005250907391,1.11412362643633,1.06678886627445
3.77623230313373,1.10636467674588,1.1155169295688,1.065602603756
3.78873638360768,1.12216545598774,1.11649201207613,1.06427471117951
3.80124046408163,1.13756359031623,1.11712437739625,1.06285038917962
3.81374454455558,1.1519165145246,1.11704360211159,1.06121927661177
3.82624862502954,1.16577634032018,1.11666937609516,1.05951774592502
3.83875270550349,1.17883516604328,1.11581891127785,1.05770992795455
3.85125678597744,1.19083717152492,1.11444221446284,1.05578925718068
3.86376086645139,1.20226269699458,1.11279019092108,1.0538185407509
3.87626494692535,1.21241192850802,1.11057183398784,1.05176137031106
3.8887690273993,1.22165587206743,1.10801383021492,1.04966116229835
3.90127310787325,1.23018392572846,1.10517599526197,1.04753163567775
3.91377718834721,1.2370787996409,1.10180104586231,1.04536486177613
3.92628126882116,1.24327025785602,1.09822023809709,1.04319665604632
3.93878534929511,1.24832797478089,1.09430855613247,1.04102655492619
3.95128942976906,1.25201779893356,1.09006608454432,1.03888037819921
3.96379351024302,1.25498330157548,1.08565690162633,1.03675241735276
3.97629759071697,1.25641391105303,1.0809293368871,1.03467424104068
3.98880167119092,1.25683217464356,1.0760372998513,1.03265054235806
4.00130575166487,1.25644640198153,1.07100902484805,1.03066397626074
4.01380983213883,1.2543485334279,1.06576709221849,1.02879587718931
4.02631391261278,1.25155302757063,1.06046139098037,1.02698523415418
4.03881799308673,1.24763869706829,1.05505808056081,1.02526175643325
4.05132207356069,1.24246052472692,1.04960051165321,1.02367015483008
4.06382615403464,1.23662855894057,1.04412494287324,1.02214860682888
4.07633023450859,1.2294628399936,1.03865206702718,1.02077593250057
4.08883431498254,1.22147715952359,1.03322135108611,1.01952240954073
4.1013383954565,1.21283740569994,1.02782574594431,1.01835014669112
4.11384247593045,1.20290670262027,1.02257069657797,1.0173892921354
4.1263465564044,1.19248550657782,1.01739847952584,1.01651688839198
4.13885063687835,1.18128381499002,1.01236804612164,1.01577846267113
4.15135471735231,1.16928115831532,1.00754606164434,1.01521994184357
4.16385879782626,1.15688000778421,1.00284436157937,1.0147523318059
4.17636287830021,1.14372097331466,0.998431859197887,1.01446853858826
4.18886695877417,1.13015898003732,0.994231851640681,1.01431939780023
4.20137103924812,1.11627415296609,0.990209763766608,1.01426213975008
4.21387511972207,1.10186642445053,0.986599594878808,1.01442527690771
4.22637920019602,1.08730460364267,0.983177270613538,1.01467392329409
4.23888328066998,1.07250735947806,0.980066924742787,1.01505198296681
4.25138736114393,1.05757427828985,0.97733365618621,1.01559116625637
4.26389144161788,1.04259773789217,0.974806598438903,1.01620886921237
4.27639552209183,1.02762517763382,0.972734871263128,1.01697917061942
4.28889960256579,1.01275627966723,0.970960689653628,1.01785264052906
4.30140368303974,0.997970792751634,0.969436981991507,1.01879654863013
4.31390776351369,0.983533376152342,0.968438220617648,1.01989533442828
4.32641184398765,0.969302372639328,0.967662456215746,1.02104871832318
4.3389159244616,0.955417813102425,0.967253645565352,1.02228462431701
4.35142000493555,0.942059585519502,0.967254256676712,1.02361208788837
4.3639240854095,0.929003911506238,0.967473455255522,1.02498139500861
4.37642816588346,0.916668374567277,0.968154355714733,1.02642589225512
4.38893224635741,0.904880472000884,0.969115529212357,1.02791235662545
4.40143632683136,0.893535134421626,0.970313907120065,1.02942748993252
4.41394040730532,0.883253269624724,0.971973936696614,1.03098996456535
4.42644448777927,0.873456661351865,0.973818727537406,1.03256241679504
4.43894856825322,0.864454287745396,0.975964882408556,1.03414977860697
4.45145264872717,0.856446062553824,0.978421356360162,1.03573866550416
4.46395672920113,0.848977810617808,0.981039195141161,1.03732404437233
4.47646080967508,0.842695161554597,0.983979874916252,1.03889320781043
4.48896489014903,0.837217087258347,0.987097921470822,1.04043788943405
4.50146897062298,0.832392046462269,0.990366887413721,1.04196583753919
4.51397305109694,0.828993026298988,0.993896769319783,1.04343305999134
4.52647713157089,0.826200705729111,0.997519482598937,1.04486859289358
4.53898121204484,0.82439415709752,1.00129024377516,1.04625594027679
4.5514852925188,0.82373215408063,1.00518601352999,1.04756688572896
4.56398937299275,0.823676823748261,1.00914152788726,1.04883646012745
4.5764934534667,0.824901492926597,1.01319414344517,1.05001648561017
4.58899753394065,0.826938338236355,1.01727708857539,1.0511229241115
4.60150161441461,0.829637249303052,1.02138597964224,1.05217903736604
4.61400569488856,0.833689064260455,1.02549508036742,1.05310139414777
4.62650977536251,0.838286011428694,1.02958571376118,1.05396659790912
4.63901385583646,0.843763178861013,1.03364021760323,1.05474510311934
4.65151793631042,0.850194424573979,1.03761535687837,1.05540520056097
4.66402201678437,0.857119353296549,1.04154057984469,1.05600489043304
4.67652609725832,0.86504182639458,1.0453297312151,1.05648121793716
4.68903017773227,0.873548547513867,1.0490087036195,1.05686577954541
4.70153425820623,0.882533600346462,1.05259291470514,1.05718754869781
4.71403833868018,0.892411240796941,1.05594440362475,1.05735642056538
4.72654241915413,0.902618332275216,1.05918347806534,1.0574648737841
4.73904649962809,0.913350686496012,1.06223206478908,1.05748176495046
4.75155058010204,0.924582453904669,1.06504360228345,1.05738270132614
4.76405466057599,0.936058796283506,1.06772253315979,1.05722652243023
4.77655874104994,0.947977204956935,1.07009835545715,1.05695803540103
4.7890628215239,0.960097453536173,1.07227305552012,1.05661197473112
4.80156690199785,0.972383668131712,1.0742738470521,1.05621280342007
4.8140709824718,0.984872447657291,1.07590633409092,1.05569389759094
4.82657506294575,0.997392627379427,1.07737723984761,1.05513134195678
4.83907914341971,1.00995099628139,1.07857828049196,1.05450271523449
4.85158322389366,1.02243818482458,1.0794753097908,1.05379775026376
4.86408730436761,1.0348650471521,1.08020691968362,1.05305695827356
4.87659138484157,1.04708243572629,1.08057985781282,1.05224962970398
4.88909546531552,1.059085307852,1.08073315367883,1.0514019087098
4.90159954578947,1.07091102549382,1.08069550634179,1.05052651775904
4.91410362626342,1.08223369039986,1.08028302648834,1.0495983534962
4.92660770673738,1.09329857387576,1.07971515987527,1.04865492702093
4.93911178721133,1.1039313356025,1.07889016246183,1.04768850563615
4.95161586768528,1.11397883920398,1.07779588908548,1.04670411559061
4.96411994815923,1.12369693534602,1.07655821240372,1.04571358386344
4.97662402863319,1.13265248333062,1.0750236443948,1.04471695230324
4.98912810910714,1.14106582674038,1.07332112793146,1.04372455663864
5.00163218958109,1.14902945929689,1.07147182334226,1.04273506429441
5.01413627005505,1.15597404148519,1.06935827936755,1.04176668597281
5.026640350529,1.16246368206507,1.06714312713194,1.04081205940943
5.03914443100295,1.16820312134587,1.06476231039978,1.03987842875577
5.0516485114769,1.17304493341338,1.0622267572663,1.03898209517931
5.06415259195086,1.17739978441673,1.0596120004385,1.03810675645874
5.07665667242481,1.18069214345828,1.05684811757582,1.03727849037076
5.08916075289876,1.18329237807901,1.05401437123535,1.03649083495506
5.10166483337272,1.18531606897787,1.051119235847,1.03573102991313
5.11416891384667,1.18613181333376,1.048140454387,1.03504795208805
5.12667299432062,1.18643897023999,1.0451396568246,1.03439867896308
5.13917707479457,1.18591361080291,1.0421068018706,1.03380077265098
5.15168115526853,1.18445761422655,1.039069198187,1.03327469437604
5.16418523574248,1.18250748653105,1.03603433162006,1.03278569190895
5.17668931621643,1.17952032465558,1.03302912912878,1.03237332936366
5.18919339669038,1.17590084882024,1.03006290441363,1.0320190101619
5.20169747716434,1.17175237016415,1.02713111332246,1.03170451858249
5.21420155763829,1.16656834956933,1.02430245472101,1.03148858198957
5.22670563811224,1.16097245817635,1.02152968248701,1.03131229687853
5.2392097185862,1.15470784879678,1.0188545970433,1.03119618510338
5.25171379906015,1.14775085903577,1.01630964464216,1.0311574524275
5.2642178795341,1.14043593995855,1.01383973122097,1.03115718469214
5.27672196000805,1.13240855686787,1.01155032276943,1.03123330760112
5.28922604048201,1.12398764671055,1.00938443893274,1.03136305556704
5.30173012095596,1.11523608067474,1.0073282643832,1.03152961988972
5.31423420142991,1.10591016574928,1.00550936491083,1.03178062237453
5.32673828190386,1.09638238171613,1.00379849858724,1.03206309721696
5.33924236237782,1.08653415645295,1.00227110948733,1.0323932748634
5.35174644285177,1.07641699945787,1.00095329674659,1.03277986815703
5.36425052332572,1.06617340988754,0.999751704103523,1.03319333623967
5.37675460379968,1.05572954335642,0.998809339350472,1.03365760208366
5.38925868427363,1.04522936463871,0.998027131407501,1.03415390484831
5.40176276474758,1.034681665558,0.997387930948888,1.03467221481696
5.41426684522153,1.02415804555225,0.99703146442416,1.03523484204716
5.42677092569549,1.01368822659098,0.996795922675728,1.03581148787432
5.43927500616944,1.00331911476232,0.996763427895165,1.03640931022235
5.45177908664339,0.993155490086228,0.996945847096297,1.03702686471093
5.46428316711734,0.983119477739527,0.997245027755044,1.03765244038338
5.4767872475913,0.973423575831034,0.997792934865549,1.03829000468826
5.48929132806525,0.964003157021021,0.998483617299836,1.03893046877336
5.5017954085392,0.95481621695586,0.999302470588669,1.03957292591777
5.51429948901315,0.946207238134578,1.00035631630359,1.04021057994579
5.52680356948711,0.937876657137335,1.00150487474338,1.04084261873544
5.53930764996106,0.930014468190253,1.00281051344871,1.04146602538971
5.55181173043501,0.92274266864846,1.00426874387163,1.04207112176543
5.56431581090897,0.915800200843675,1.00580777892768,1.04266538067463
5.57681989138292,0.909608106801239,1.0075083171884,1.0432342879439
5.58932397185687,0.903922258774144,1.00929162185183,1.04378008925976
5.60182805233082,0.898667322533915,1.01114962508834,1.04431000071666
5.61433213280478,0.894342181107175,1.01312667976707,1.04479444557977
5.62683621327873,0.890425852875573,1.01514544139305,1.04525822975162
5.63934029375268,0.887188566574807,1.01723085272246,1.04569056398301
5.65184437422664,0.884731350506209,1.01936568337911,1.04607788219862
5.66434845470059,0.882697654965774,1.02152393050875,1.04644169450359
5.67685253517454,0.881583086456634,1.02371489042295,1.04675633692507
5.68935661564849,0.88104424385411,1.02590937695504,1.04703308181708
5.70186069612245,0.880997572503763,1.02810706339958,1.04728375028511
5.7143647765964,0.881941320410734,1.03028319003568,1.04746886419071
5.72686885707035,0.88329807826176,1.03244057249464,1.04762713151871
5.7393729375443,0.885335420023475,1.03456250547258,1.04774459933383
5.75187701801826,0.888104756622703,1.03662643693269,1.04780879450459
5.76438109849221,0.891263521319514,1.03865510994388,1.04784626241361
5.77688517896616,0.895233777921013,1.04059063635694,1.04783011818305
5.78938925944012,0.899678225398221,1.04245801653458,1.04777571606299
5.80189333991407,0.904529796914135,1.04426323221573,1.04769497495373
5.81439742038802,0.910141908916197,1.0459280959232,1.04755275825203
5.82690150086197,0.916051433743481,1.04752593638562,1.04738710839867
5.83940558133593,0.922445548764151,1.04900763908885,1.04718589021339
5.85190966180988,0.929314776513644,1.05035359762693,1.04694160944053
5.86441374228383,0.936428684212157,1.05162274865052,1.04667650868485
5.87691782275779,0.944017353845431,1.05271481522929,1.04637137177273
5.88942190323174,0.951848021679107,1.05369611154074,1.04604005973591
5.90192598370569,0.959887358619717,1.05457581946932,1.04569071719823
5.91443006417964,0.968251592596304,1.05525285062307,1.04530328387675
5.9269341446536,0.976718549317869,1.05584050151136,1.04490291365738
5.93943822512755,0.985344771065589,1.05627574499783,1.04448295440225
5.9519423056015,0.994067954350152,1.05654815894647,1.04404256849871
5.96444638607545,1.00282899461074,1.05673047314112,1.04359313326972
5.97695046654941,1.01160994449555,1.05671556948204,1.04312818715774
5.98945454702336,1.02034559814714,1.05658638674212,1.04265581550607
6.00195862749731,1.02904202526077,1.05635183634151,1.04217832599951
6.01446270797126,1.03756092291336,1.05592205175153,1.04169495769745
6.02696678844522,1.04596988613869,1.05541067462656,1.0412117612728
6.03947086891917,1.05418525666232,1.05476182359079,1.04072890541952
6.05197494939312,1.0621152602166,1.05397662760484,1.04025145607089
6.06447902986708,1.06987782937353,1.05311745068878,1.03977788191016
6.07698311034103,1.07722610235048,1.05210443848521,1.03931464504843
6.08948719081498,1.08427332195813,1.05100953215579,1.03886228515859
6.10199127128893,1.09105870356524,1.04983871344687,1.03841742609036
6.11449535176289,1.09724694827837,1.048539996059,1.03799589168354
6.12699943223684,1.1031572614147,1.04719200802705,1.03758557835879
6.13950351271079,1.1085975265427,1.04576278718436,1.0371923853876
6.15200759318475,1.11347681475179,1.0442631883973,1.03682470678923
6.1645116736587,1.11804422597504,1.04272701262486,1.03647058371764
6.17701575413265,1.12190849121052,1.04112381848666,1.03614531616862
6.1895198346066,1.1253194334032,1.03949297044864,1.03584285848863
6.20202391508056,1.12833440064888,1.03783635118798,1.03555613935017
6.21452799555451,1.13053170170625,1.03615160292934,1.03530982689688
6.22703207602846,1.13237364903164,1.03446178423482,1.03508041263147
6.23953615650241,1.13362129601977,1.03276650325408,1.03487671881579
6.25204023697637,1.1342120780386,1.03108144963984,1.03470718604509
6.26454431745032,1.13444551146249,1.02940461433045,1.03455495468781
6.27704839792427,1.13390761102446,1.02775944710595,1.03443778283918
6.28955247839823,1.13290499920077,1.02614343093937,1.03434601959053
6.30205655887218,1.13149471300254,1.02455472663458,1.03427179770211
6.31456063934613,1.12929666667204,1.02303551482816,1.03423914109281
6.32706471982008,1.1267733467053,1.02155229644369,1.03422262144723
6.33956880029404,1.12371097310066,1.02013327063317,1.03423062984356
6.35207288076799,1.12009195153164,1.01879302646214,1.03426884800071
6.36457696124194,1.11617625770607,1.01749846213124,1.03432182817706
6.37708104171589,1.11164864397069,1.01631410988345,1.03440353965282
6.38958512218985,1.10678005411667,1.01520032079319,1.03450445492114
6.4020892026638,1.10161104780329,1.01415299669184,1.03461863528403
6.41459328313775,1.09591028075487,1.0132404768833,1.03476159181961
6.4270973636117,1.09000661722329,1.01238942918806,1.03491468612893
6.43960144408566,1.08377230752753,1.01164500332553,1.03508315707994
6.45210552455961,1.0772362751923,1.0110158403428,1.03526844813964
6.46460960503356,1.07054642077974,1.01045160144342,1.03546143727314
6.47711368550751,1.06357220099523,1.01003355359146,1.03566821980772
6.48961776598147,1.05647139340728,1.0097009058979,1.0358825359343
6.50212184645542,1.04925857479324,1.00944912890053,1.03610205880494
6.51462592692937,1.04190783528788,1.00934833235946,1.03632987845548
6.52713000740333,1.03452787962157,1.00931262286668,1.03655933990672
6.53963408787728,1.02710959606644,1.00938828977442,1.03679124229583
6.55213816835123,1.01971567968754,1.00957577960465,1.03702292578675
6.56464224882518,1.01234666110908,1.00982516069458,1.03725370438572
6.57714632929914,1.00508421499253,1.01020732149498,1.03748089974181
6.58965040977309,0.997932390213013,1.01066146935118,1.0377031317299
6.60215449024704,0.990878870629752,1.01118415090368,1.03792193144853
6.614658570721,0.98409649367132,1.01182515677697,1.03812871717047
6.62716265119495,0.977456524015876,1.01251419413406,1.0383293094012
6.6396667316689,0.971064847346278,1.01328406959049,1.03852042713136
6.65217081214285,0.964995940926392,1.01412784647675,1.03869677188402
6.66467489261681,0.959112637240288,1.01501151061489,1.03886512177268
6.67717897309076,0.95367318558178,1.01597444496532,1.03901613990779
6.68968305356471,0.948534313110576,1.01697500591486,1.03915309819473
6.70218713403866,0.943663706039808,1.01801158005873,1.03928032842102
6.71469121451262,0.939369189373468,1.01910046935587,1.03938205114265
6.72719529498657,0.935337109471201,1.02020716658261,1.03947288334328
6.73969937546052,0.931751441806215,1.02134202558966,1.03954711269566
6.75220345593448,0.928674673429664,1.02249396493845,1.03959891762776
6.76470753640843,0.925880784026189,1.02365367902319,1.0396392588971
6.77721161688238,0.92371969526149,1.02481990162413,1.03965613667982
6.78971569735633,0.921949992025665,1.02598145796979,1.03965574907207
6.80221977783029,0.92053110386755,1.02713852425864,1.03964340885405
6.81472385830424,0.919807410046321,1.02827273046131,1.03960232119845
6.82722793877819,0.919382977662912,1.02939216088516,1.03954986937543
6.83973201925215,0.919462201943163,1.03048365635295,1.03948011905616
6.8522360997261,0.920077430542036,1.03153627549482,1.03938870045524
6.86474018020005,0.920985072421775,1.03256552020468,1.03928658212918
6.877244260674,0.922519979301903,1.03353396106382,1.03916339194603
6.88974834114796,0.924418041438276,1.03446155495235,1.03902581427055
6.90225242162191,0.926643017267645,1.03534963405613,1.03887827079542
6.91475650209586,0.92947362747057,1.03615492794094,1.0387085625699
6.92726058256981,0.932551497501938,1.03692090032617,1.03853078097148
6.93976466304377,0.936040893254702,1.03761728782761,1.0383407328851
6.95226874351772,0.939936595286304,1.03823704155155,1.03813670690661
6.96477282399167,0.944049050240084,1.03881283487933,1.03792611173625
6.97727690446562,0.94860167605677,1.03928641159449,1.03770333794285
6.98978098493958,0.953386013009998,1.03969966149136,1.03747330723311
7.00228506541353,0.958379835745855,1.0400542399939,1.03723824708108
7.01478914588748,0.963720069794486,1.04029837394991,1.03699383845166
7.02729322636144,0.969187158162378,1.04049347298948,1.03674678551511
7.03979730683539,0.974859580926535,1.04060331026886,1.03649574501926
7.05230138730934,0.980699259850163,1.04062672865464,1.03624182022868
7.06480546778329,0.986621883326101,1.04060145848465,1.03598698013229
7.07730954825725,0.992680843826839,1.04046871440646,1.03573149763366
7.0898136287312,0.998781515020169,1.04027708374358,1.03547718508234
7.10231770920515,1.0049200584988,1.04002787616395,1.03522368381829
7.11482178967911,1.01106178667937,1.03967794915884,1.03497477729506
7.12732587015306,1.01718054092424,1.03928556273276,1.03472870467025
7.13982995062701,1.02325074525866,1.03882044749217,1.03448698709374
7.15233403110096,1.02921589278605,1.03828709508962,1.03425275325145
7.16483811157492,1.03511426657558,1.03771598022813,1.03402270855571
7.17734219204887,1.04082330045427,1.03706620297535,1.03380203930867
7.18984627252282,1.04638420914292,1.03637714033389,1.03358931587276
7.20235035299677,1.05181004465623,1.03564946065061,1.03338210542699
7.21485443347073,1.05691643711213,1.03486108976504,1.03318983280721
7.22735851394468,1.0618657418228,1.03404935438482,1.0330041221417
7.23986259441863,1.06654130289972,1.03319883390903,1.03282843369593
7.25236667489259,1.07088713016661,1.03231751112272,1.03266658643015
7.26487075536654,1.07504484374254,1.03141994981989,1.03251189422737
7.27737483584049,1.07876140446582,1.03049410283346,1.03237202178339
7.28987891631444,1.08219506395393,1.02955862585545,1.03224324678419
7.3023829967884,1.08536963935397,1.02861363210554,1.03212217571919
7.31488707726235,1.08801482681827,1.0276625270297,1.03201993207512
7.3273911577363,1.09042238653065,1.02671240321952,1.03192526626586
7.33989523821026,1.09242336752806,1.02576606242318,1.0318421527453
7.35239931868421,1.09397956951809,1.02483185043403,1.03177373913249
7.36490339915816,1.0952880946028,1.02390570044642,1.03171265264491
7.37740747963211,1.09604623647937,1.02300526376023,1.03166614773278
7.38991156010607,1.09647719900778,1.02212456716886,1.03162977226952
7.40241564058002,1.09660723732089,1.0212634828861,1.03160043264634
7.41491972105397,1.09616432518507,1.02044684446764,1.03158703735326
7.42742380152792,1.09547688538181,1.01965264979942,1.03157959151524
7.43992788200188,1.0943756070886,1.01889926214326,1.03158119927088
7.45243196247583,1.09285048694927,1.01819246566227,1.03159339967989
7.46493604294978,1.09109340559508,1.01751295005006,1.03161066186625
7.47744012342373,1.08884266816175,1.01689954801446,1.03163750113354
7.48994420389769,1.08631795416681,1.01632586388837,1.03167030987527
7.50244828437164,1.08354016491497,1.01579185153043,1.03170726726692
7.51495236484559,1.08031442447051,1.01533351405339,1.03175246078054
7.52745644531954,1.07690843942732,1.01490982416829,1.03180025573214
7.5399605257935,1.07320181379191,1.01454743527616,1.03185199008585
7.55246460626745,1.06921360245466,1.0142478293353,1.03190732598989
7.5649686867414,1.06507532611522,1.0139841970012,1.03196412396177
7.57747276721536,1.06063997092819,1.01380228048555,1.03202307281239
7.58997684768931,1.05605966221584,1.01366549126634,1.03208247661085
7.60248092816326,1.0513448821546,1.01357401790177,1.03214219676294
7.61498500863721,1.04642897009582,1.01356249593559,1.0322008627137
7.62748908911117,1.04144537246821,1.01358574895533,1.03225841507043
7.63999316958512,1.03635502771776,1.01366956694156,1.03231424109654
7.65249725005907,1.03119783379529,1.01381104753454,1.03236651504766
7.66500133053303,1.02601095197772,1.01398507739265,1.03241669558589
7.67750541100698,1.02079827957939,1.01422932286619,1.03246197430434
7.69000949148093,1.01560330125467,1.01450946739832,1.03250284999305
7.70251357195488,1.01042480809172,1.01482585371956,1.03254066228443
7.71501765242884,1.00533475374319,1.01520111316485,1.03256983293272
7.72752173290279,1.00030235758746,1.0156004390029,1.03259508238033
7.74002581337674,0.995376923269854,1.01604077259793,1.03261433091019
7.75252989385069,0.990605137482889,1.01651626323742,1.03262508566431
7.76503397432465,0.985925361240088,1.0170111118463,1.03263139753978
7.7775380547986,0.981482783150307,1.01754396455259,1.03262839171235
7.79004213527255,0.977204966820901,1.01809334457915,1.03261828135927
7.80254621574651,0.973081315541143,1.01865949892018,1.03260322531181
7.81505029622046,0.969291941062516,1.0192474142711,1.0325758868856
7.82755437669441,0.965661309276625,1.01984233428526,1.03254351698838
7.84005845716836,0.962308039372899,1.02044792062954,1.03250346483908
7.85256253764232,0.959270514072035,1.02105768400906,1.03245348920172
7.86506661811627,0.956412720076958,1.02166898947591,1.03239852312187
7.87757069859022,0.95397104188941,1.02227757040283,1.03233352735265
7.89007477906418,0.951784082720639,1.02288031697163,1.0322614542117
7.90257885953813,0.949836485290925,1.02347711032938,1.03218445155061
7.91508294001208,0.948356864323724,1.0240558213179,1.03209609237081
7.92758702048603,0.947085028007778,1.02462410830879,1.03200340623948
7.94009110095999,0.94617071455779,1.02517251522587,1.03190412540635
7.95259518143394,0.94563263738319,1.0256962198087,1.03179696064524
7.96509926190789,0.945304707337355,1.02620506396249,1.03168597737501
7.97760334238184,0.945440756749447,1.0266755303047,1.03156765231395
7.9901074228558,0.945842033293247,1.02712210272287,1.03144459889246
8.00261150332975,0.946493617942598,1.02754416410543,1.03131825025686
8.0151155838037,0.947603078088749,1.02791827712506,1.03118506874681
8.02761966427765,0.948906279305647,1.02826963711442,1.03104958467436
8.04012374475161,0.950538869668686,1.02857992401643,1.03091060401114
8.05262782522556,0.952495514569638,1.02884749437052,1.03076807402506
8.06513190569951,0.954630079826862,1.02909017389591,1.03062398272306
8.07763598617347,0.957139187143218,1.02927450223067,1.03047726263934
8.09014006664742,0.959846658842749,1.02942632474691,1.03032937658922
8.10264414712137,0.962742141878316,1.0295446236029,1.03018067752231
8.11514822759532,0.965953539577053,1.02960330643535,1.03003126043501
8.12765230806928,0.969289429452498,1.02963530672136,1.02988202979063
8.14015638854323,0.972832674126579,1.02962005264694,1.02973310420926
8.15266046901718,0.976557351276785,1.02955935575164,1.02958550442651
8.16516454949113,0.980378192813842,1.02947255953067,1.02943878854911
8.17766862996509,0.984380766431183,1.02932773443403,1.02929434398142
8.19017271043904,0.988461792495029,1.02915287447697,1.02915216563383
8.20267679091299,0.992617496096865,1.02894687354,1.02901156837387
8.21518087138695,0.996864647668014,1.02868944726647,1.02887572510784
8.2276849518609,1.00113521567724,1.02841014361793,1.02874213954578
8.24018903233485,1.00543800450901,1.02809280795512,1.02861201738998
8.2526931128088,1.00973615695006,1.02774176977284,1.02848696233926
8.26519719328276,1.01402584186474,1.02737168924725,1.02836459693627
8.27770127375671,1.01826300301718,1.02696200303176,1.02824795926307
8.29020535423066,1.02244375331862,1.02653384035109,1.02813578615177
8.30270943470462,1.02657057626566,1.02608641829935,1.02802672958297
8.31521351517857,1.03055201208439,1.02561091442352,1.02792556055051
8.32771759565252,1.0344551358874,1.02512465301434,1.02782768653479
8.34022167612647,1.03821610039408,1.02462052867845,1.02773485178247
8.35272575660043,1.04179950150209,1.02410367242101,1.02764863467672
8.36522983707438,1.04527858884866,1.02358002505928,1.02756577678571
8.37773391754833,1.04849978894916,1.0230456790407,1.02748974034228
8.39023799802228,1.05155473112499,1.02250889953595,1.02741859584371
8.40274207849624,1.05445005172187,1.02196956986251,1.02735086811787
8.41524615897019,1.05702010044552,1.02143174047509,1.02729114268993
8.42775023944414,1.05943893325818,1.02089645805139,1.02723452860922
8.4402543199181,1.0615925148721,1.02036701142768,1.02718266405012
8.45275840039205,1.06345795039563,1.01984749590595,1.02713659320782
8.465262480866,1.06515921658782,1.01933427117956,1.02709336344298
8.47776656133995,1.06648398889352,1.01883963660022,1.02705567608216
8.49027064181391,1.06758782959823,1.01835760724102,1.02702165933319
8.50277472228786,1.06847864572765,1.01788885817188,1.02699020773745
8.51527880276181,1.06896974506026,1.01744754065415,1.02696426342619
8.52778288323576,1.06928490226498,1.01701988619476,1.02694026635994
8.54028696370972,1.06929575345189,1.01661753753604,1.02691923334618
8.55279104418367,1.06899826764763,1.0162422348585,1.02690141716275
8.56529512465762,1.06852789284768,1.01588297502296,1.02688508149901
8.57779920513157,1.06767851302237,1.01556279805781,1.02687140566499
8.59030328560553,1.06662095797234,1.01526469242411,1.02685917501198
8.60280736607948,1.06536181552116,1.01498996456052,1.02684795486145
8.61531144655343,1.06374888399951,1.01475727011364,1.02683834150518
8.62781552702739,1.06198770289747,1.0145439376358,1.02682905745579
8.64031960750134,1.0599736866967,1.01436550950568,1.02682026235665
8.65282368797529,1.05772165129701,1.01422097290236,1.02681145894914
8.66532776844925,1.05533857502958,1.01409621786084,1.02680250381839
8.6778318489232,1.05268404512189,1.01401675738221,1.02679290467963
8.69033592939715,1.04989349119352,1.01396093385309,1.02678240007885
8.7028400098711,1.04697065174819,1.0139302803554,1.02677126200867
8.71534409034506,1.04383948249739,1.01394161655532,1.02675791275577
8.72784817081901,1.0406289908815,1.01397139611065,1.02674341911124
8.74035225129296,1.03728751936853,1.01403382448865,1.02672716388166
8.75285633176691,1.03384277671645,1.01412571332901,1.0267081817004
8.76536041224087,1.0303442420461,1.0142345819234,1.02668771989863
8.77786449271482,1.02675427241355,1.01438021389901,1.02666403618434
8.79036857318877,1.02313512952055,1.01454353678493,1.02663776174155
8.80287265366272,1.0194874932524,1.01472579882935,1.02660967379884
8.81537673413668,1.01582817829278,1.01493696655804,1.02657688139602
8.82788081461063,1.01217726300278,1.01516002859336,1.02654207814854
8.84038489508458,1.0085482112602,1.01540355082385,1.02650419406392
8.85288897555854,1.0049719978853,1.01566343988245,1.02646218974017
8.86539305603249,1.00143014768921,1.01593253139099,1.02641807395092
8.87789713650644,0.997992930443193,1.01621929869623,1.02636962536192
8.89040121698039,0.994634951300952,1.01651298271909,1.02631802224241
8.90290529745435,0.99135469615859,1.01681411113225,1.02626420974207
8.9154093779283,0.988250481929543,1.01712351320254,1.02620514942635
8.92791345840225,0.985234662968233,1.01743526569901,1.02614401500678
8.9404175388762,0.982378424221363,1.01775018114212,1.0260797096108
8.95292161935016,0.979705973587051,1.01806473246637,1.02601147989897
8.96542569982411,0.977140778068885,1.01837868198927,1.02594130891802
8.97792978029806,0.974834547121244,1.01868771142026,1.02586731265818
8.99043386077201,0.972686072504791,1.0189919438738,1.02579074076741
9.00293794124597,0.970693004657144,1.01929098574827,1.0257123639495
9.01544202171992,0.969000998447847,1.01957736772061,1.02563003975936
9.02794610219387,0.967446975435986,1.01985685038753,1.02554628520541
9.04045018266783,0.966136051012759,1.02012301425373,1.0254603497242
9.05295426314178,0.965078410430442,1.02037405367334,1.02537197894076
9.06545834361573,0.964165483025012,1.02061592766766,1.02528246653901
9.07796242408968,0.963581797683669,1.02083419197012,1.02519085313665
9.09046650456364,0.963183713690174,1.02103875602101,1.0250980290556
9.10297058503759,0.96296925235212,1.02122841629954,1.02500435609688
9.11547466551154,0.963085925467971,1.02139073475639,1.02490918473161
9.12797874598549,0.963347251913217,1.02154004746631,1.02481361977415
9.14048282645945,0.963859895844257,1.02166543680479,1.02471746262156
9.1529869069334,0.964617651604432,1.0217672926622,1.02462097552756
9.16549098740735,0.965513447379137,1.02185519552573,1.02452442218247
9.17799506788131,0.966709227909375,1.02191013475743,1.02442796682133
9.19049914835526,0.968062996929212,1.02194774034479,1.02433188973203
9.20300322882921,0.96957374169192,1.02196638858329,1.02423607801795
9.21550730930316,0.971347998650785,1.0219531588533,1.02414139543453
9.22801138977712,0.973231327123071,1.02192552899512,1.02404735218501
9.24051547025107,0.97530084677398,1.02187195603891,1.02395429660957
9.25301955072502,0.977536924347192,1.02179471551576,1.02386285323195
9.26552363119898,0.979864836669499,1.02170360180541,1.02377230233099
9.27802771167293,0.982378223531893,1.02158146113105,1.02368373380441
9.29053179214688,0.984978091118351,1.02144416989927,1.02359680350779
9.30303587262083,0.987664254245312,1.02129022012727,1.02351102314101
9.31553995309479,0.990474311358468,1.02111031308979,1.02342829174494
9.32804403356874,0.993328458388502,1.02091925910893,1.02334689125157
9.34054811404269,0.996253439786387,1.02070857712163,1.02326753352303
9.35305219451664,0.999223231594995,1.02048150493871,1.02319095521865
9.3655562749906,1.00221488162134,1.02024496699343,1.02311581480511
9.37806035546455,1.00523041251166,1.01998885882075,1.02304365576375
9.3905644359385,1.00824053336678,1.01972427537837,1.02297370196374
9.40306851641246,1.01124523257717,1.01945032315569,1.02290529695432
9.41557259688641,1.01420713485146,1.01916381158337,1.0228406287744
9.42807667736036,1.01713932795254,1.01887254905545,1.02277746551706
9.44058075783431,1.02001311982864,1.01857348225626,1.02271660684459
9.45308483830827,1.02280474384276,1.0182696373194,1.02265865199496
9.46558891878222,1.02554616517263,1.01796323150965,1.02260214938767
9.47809299925617,1.02815238800039,1.01765367374536,1.02254854467636
9.49059707973012,1.03066881699289,1.01734423268048,1.02249693589611
9.50310116020408,1.03309487283507,1.01703492130963,1.02244672967824
9.51560524067803,1.0353343080814,1.01672894088419,1.02239967262372
9.52810932115198,1.0374833064308,1.01642542426322,1.02235379621159
9.54061340162593,1.03946907165503,1.01612718000059,1.02230972373883
9.55311748209989,1.04127753034708,1.01583601454294,1.02226774987193
9.56562156257384,1.04298262002753,1.01554927642931,1.02222678509204
9.57812564304779,1.04444192512403,1.01527513031285,1.02218773884859
9.59062972352175,1.04575847881278,1.01500872315106,1.02214988620793
9.6031338039957,1.04693074282429,1.01475096280336,1.02211287278864
9.61563788446965,1.04783561856719,1.01450969645369,1.0220775262387
9.62814196494361,1.04861918339642,1.01427659448417,1.02204271748348
9.64064604541756,1.0491880853098,1.01405888424783,1.02200872579904
9.65315012589151,1.04954189009654,1.01385663614721,1.02197549913447
9.66565420636546,1.04977229703933,1.01366370230181,1.02194259360138
9.67815828683942,1.04972406565398,1.01349358699591,1.02191018430856
9.69066236731337,1.04952483847499,1.01333559873966,1.0218779239666
9.70316644778732,1.04917233262859,1.01319123283662,1.0218457684098
9.71567052826127,1.04855414499967,1.01306999353424,1.02181352094513
9.72817460873523,1.04782075447774,1.01295949045242,1.02178110762989
9.74067868920918,1.04688651196444,1.01286868622373,1.02174843350264
9.75318276968313,1.04576402856469,1.01279602387081,1.02171517786817
9.76568685015708,1.0445350485046,1.01273416218703,1.02168157233746
9.77819093063104,1.04307730514114,1.01269720729573,1.0216471296227
9.79069501110499,1.0415045328123,1.01267252666191,1.02161192739508
9.80319909157894,1.03981449069407,1.01266170771524,1.02157619056387
9.8157031720529,1.03793727842358,1.01267276138283,1.02153894446347
9.82820725252685,1.03598394882728,1.01269352488056,1.02150100793164
9.8407113330008,1.03390105292843,1.01273173436803,1.02146200887558
9.85321541347475,1.03170955067833,1.01278485185592,1.02142151270172
9.86571949394871,1.02945825940044,1.01284675300372,1.02138023029175
9.87822357442266,1.02709152628207,1.01292770046899,1.02133729089419
9.89072765489661,1.02467668652367,1.01301725328531,1.02129309786012
9.90323173537056,1.02221259224446,1.01311657654102,1.02124802193248
9.91573581584452,1.01968910318525,1.01322987927695,1.02120077590187
9.92823989631847,1.01714825478515,1.01334896774142,1.0211526398684
9.94074397679242,1.01458261239658,1.01347806601042,1.02110313862283
9.95324805726638,1.0120143897071,1.01361457901038,1.02105189285029
9.96575213774033,1.00944757377235,1.01375535403018,1.02099976803846
9.97825621821428,1.00690552863433,1.01390401655797,1.02094587413444
9.99076029868823,1.00439190225593,1.01405536464382,1.02089074816771
10.0032643791622,1.00190749777603,1.01420977825901,1.02083475402157
10.0157684596361,0.999500667095459,1.01436681868977,1.02077679147438
10.0282725401101,0.99713671443071,1.01452435159522,1.02071808231391
10.040776620584,0.994853908971125,1.01468212806087,1.0206582308305
10.053280701058,0.992668590861617,1.01483836590825,1.02059703887917
10.065784781532,0.99054177863002,1.01499351243442,1.02053519884256
10.0782888620059,0.988564618834301,1.01514411912705,1.0204721188318
10.0907929424799,0.986679255282016,1.01529133267587,1.02040826135461
10.1032970229538,0.9848886878504,1.01543465219329,1.02034385572888
10.1158011034278,0.983281639408307,1.01556969787468,1.02027835348242
10.1283051839017,0.981761664993802,1.01570036663449,1.02021249381238
10.1408092643757,0.98039915409899,1.01582247028588,1.02014609053943
10.1533133448496,0.979199664892839,1.01593556931247,1.02007917437991
10.1658174253236,0.978095408253553,1.01604314680783,1.02001204178199
10.1783215057975,0.977215038452046,1.01613649768576,1.01994457244916
10.1908255862715,0.976459215068619,1.01622212699752,1.0198770007216
10.2033296667454,0.975832561005252,1.01629884729433,1.0198093567613
10.2158337472194,0.975435633352538,1.01636019078955,1.01974177404802
10.2283378276933,0.975142115380124,1.01641418302291,1.01967430535966
10.2408419081673,0.975032326138901,1.01645441023006,1.01960701646461
10.2533459886412,0.975099788163398,1.01648181572457,1.01954013239317
10.2658500691152,0.975269440555296,1.01650147427977,1.01947349336407
10.2783541495891,0.97566799432087,1.01650269942501,1.01940744418295
10.2908582300631,0.976185724365209,1.01649477736925,1.01934193451255
10.3033623105371,0.976827585500777,1.01647624469962,1.01927680564178
10.315866391011,0.977676018934078,1.01644082922126,1.01921276047636
10.328370471485,0.97861329527276,1.01639770858522,1.01914921647177
10.3408745519589,0.979705782440372,1.01634048424803,1.01908644496391
10.3533786324329,0.980937581880971,1.01627105875316,1.01902477207851
10.3658827129068,0.98224854672176,1.0161943252268,1.01896367992124
10.3783867933808,0.98372678796238,1.0161011776339,1.0189038203607
10.3908908738547,0.985284730453837,1.01600048114531,1.01884490351442
10.4033949543287,0.986926044648471,1.01589098096884,1.0187866524261
10.4158990348026,0.988692469444243,1.0157685494673,1.0187300567971
10.4284031152766,0.990508352235461,1.01564051203712,1.01867415060788
10.4409071957505,0.992407574620086,1.01550249992313,1.01861930370593
10.4534112762245,0.994370286736892,1.01535666546361,1.01856583075043
10.4659153566984,0.996367631975738,1.0152062074827,1.0185130568082
10.4784194371724,0.99842574137374,1.01504630697328,1.01846170515469
10.4909235176463,1.00050359124454,1.01488264642682,1.01841136360474
10.5034275981203,1.00260217945819,1.01471457725479,1.01836173579807
10.5159316785942,1.00471334376305,1.01454116165677,1.01831376319409
10.5284357590682,1.0068226610227,1.0143657790613,1.01826643686327
10.5409398395422,1.00892343789733,1.01418727075853,1.01822010137008
10.5534439200161,1.01099833839501,1.01400730199149,1.01817496783004
10.5659480004901,1.01305601928164,1.01382656618886,1.01813042725506
10.578452080964,1.01505656428751,1.01364562393491,1.01808704964784
10.590956161438,1.01701506685982,1.0134654785018,1.01804444093485
10.6034602419119,1.01892921188658,1.01328627236508,1.01800237582577
10.6159643223859,1.02074684368882,1.01311018063191,1.01796147762919
10.6284684028598,1.02251497051256,1.01293600439816,1.01792099913295
10.6409724833338,1.02419046975562,1.01276585408439,1.01788116212059
10.6534765638077,1.0257638977481,1.0126003900099,1.01784202974744
10.6659806442817,1.02727638052702,1.01243786242225,1.01780322756137
10.6784847247556,1.02863728820044,1.01228351248967,1.01776503064575
10.6909888052296,1.02991053290533,1.01213378067707,1.01772717716599
10.7034928857035,1.03109088969653,1.01198952203629,1.01768956662757
10.7159969661775,1.03210044341205,1.01185498393912,1.01765237826865
10.7285010466514,1.03303005159083,1.01172525263389,1.01761530073149
10.7410051271254,1.03381467574844,1.01160473796253,1.01757838996336
10.7535092075994,1.03445541447757,1.01149295054907,1.0175415718856
10.7660132880733,1.03501177139996,1.01138651306991,1.01750477353905
10.7785173685473,1.03537158941883,1.01129325689481,1.01746795077741
10.7910214490212,1.03562643434355,1.0112065969505,1.0174310281854
10.8035255294952,1.03576957117471,1.01112779664658,1.01739403493589
10.8160296099691,1.03572172946581,1.01106161212302,1.01735674429501
10.8285336904431,1.03558848623755,1.01100133903636,1.01731928653126
10.841037770917,1.03530298767925,1.01095209334437,1.01728156933194
10.853541851391,1.0348760868952,1.01091248241443,1.01724343551549
10.8660459318649,1.03436721212476,1.01087872969161,1.0172050719704
10.8785500123389,1.03367646263651,1.01085856925258,1.01716619915929
10.8910540928128,1.03289491587197,1.01084472899211,1.01712691322501
10.9035581732868,1.03201633077668,1.01083846002794,1.0170873347308
10.9160622537607,1.03098314748287,1.0108434924532,1.01704699638863
10.9285663342347,1.02988415876809,1.01085359935641,1.01700633038888
10.9410704147086,1.02867023653471,1.01087294616516,1.01696515976443
10.9535744951826,1.02735816368953,1.01089976211496,1.01692331752325
10.9660785756565,1.02599010978784,1.0109310825639,1.01688112981434
10.9785826561305,1.02450674480483,1.01097215987033,1.0168382303837
10.9910867366045,1.02297210896941,1.01101736331608,1.0167948179278
11.0035908170784,1.02138244241908,1.01106753634508,1.01675104196407
11.0160948975524,1.01971703441483,1.01112435328788,1.01670641435571
11.0285989780263,1.01802328315998,1.01118393211967,1.01666145125157
11.0411030585003,1.01628311632153,1.01124829238306,1.01661597308744
11.0536071389742,1.01451371831423,1.01131589364348,1.01656986858774
11.0661112194482,1.0127289695054,1.01138540209012,1.0165234548064
11.0786152999221,1.01092504648055,1.01145822111721,1.0164764340337
11.0911193803961,1.0091216597524,1.01153194993446,1.01642901489284
11.10362346087,1.00731885112581,1.01160678042716,1.01638131332942
11.116127541344,1.00553614581104,1.01168206779582,1.0163330142863
11.1286316218179,1.00376850413669,1.01175720492062,1.01628450464014
11.1411357022919,1.00203248899634,1.01183165974283,1.01623567312223
11.1536397827658,1.00034026102393,1.01190460695153,1.01618650156591
11.1661438632398,0.998675307219195,1.01197656057664,1.01613717454892
11.1786479437137,0.997087290034454,1.01204504881003,1.0160875728525
11.1911520241877,0.995548120833967,1.012111322425,1.01603783263301
11.2036561046616,0.994061833937861,1.01217489985988,1.01598799415357
11.2161601851356,0.992679678579838,1.01223331031157,1.01593802377897
11.2286642656096,0.991349017927133,1.01228902884923,1.01588803985422
11.2411683460835,0.990114366210257,1.01233940447542,1.01583803749161
11.2536724265575,0.988979232620403,1.01238453855865,1.01578809279353
11.2661765070314,0.987903537329709,1.01242640996945,1.01573819624444
11.2786805875054,0.986972997616837,1.01245985847208,1.01568844229148
11.2911846679793,0.986122377134957,1.01248902165154,1.01563884805189
11.3036887484533,0.985358648702879,1.01251293950651,1.01558936716593
11.3161928289272,0.984747687207929,1.01252831952142,1.01554024724736
11.3286969094012,0.984207555224348,1.01253958838004,1.01549130762759
11.3412009898751,0.983796270338997,1.01254302876033,1.01544264735004
11.3537050703491,0.983507919707934,1.01253955935774,1.01539440671985
11.366209150823,0.983292035257227,1.01253182936129,1.01534639339863
11.378713231297,0.983243479717661,1.0125138959492,1.01529887527169
11.3912173117709,0.983280804118831,1.01249118713364,1.0152517497802
11.4037213922449,0.983411903253495,1.01246260154519,1.01520490310828
11.4162254727188,0.98369715875692,1.01242516467749,1.01515877146285
11.4287295531928,0.984050921230844,1.01238364271568,1.0151129474819
11.4412336336668,0.984527120898666,1.01233453380311,1.01506759785063
11.4537377141407,0.98511263188391,1.01227920523064,1.01502288030009
11.4662417946147,0.985761887377611,1.0122200653172,1.01497848941559
11.4787458750886,0.986550855235764,1.0121523451479,1.01493477508259
11.4912499555626,0.987406453980849,1.01208091656641,1.01489155392531
11.5037540360365,0.988335122103064,1.01200489961735,1.01484868317686
11.5162581165105,0.98937465435174,1.01192254010121,1.01480664649312
11.5287621969844,0.990460695550366,1.01183740554021,1.01476494613735
11.5412662774584,0.99162763973083,1.01174729674922,1.01472376313185
11.5537703579323,0.992859525214098,1.01165354309335,1.01468322698964
11.5662744384063,0.994128522552544,1.01155758129565,1.01464301598002
11.5787785188802,0.995470736443777,1.01145720715056,1.01460345679591
11.5912825993542,0.996842319980819,1.01135524317507,1.01456434512122
11.6037866798281,0.998246249816962,1.01125130148461,1.01452555158422
11.6162907603021,0.999688404163817,1.0111452594533,1.01448747106696
11.628794840776,1.00114294953882,1.0110384923885,1.01444966169137
11.64129892125,1.00261581215344,1.01093067552914,1.01441226845521
11.6538030017239,1.00409328754434,1.01082266468936,1.01437536295884
11.6663070821979,1.00557212076074,1.01071458134859,1.01433869524076
11.6788111626719,1.00704034277284,1.01060723411575,1.01430248635171
11.6913152431458,1.00849460170059,1.01050069072403,1.01426656922509
11.7038193236198,1.00993341613325,1.01039515270527,1.01423085962895
11.7163234040937,1.01133133266298,1.01029197991702,1.01419557629542
11.7288274845677,1.01270600817864,1.01019015523809,1.01416043996705
11.7413315650416,1.01403472973685,1.01009115685653,1.01412552828704
11.7538356455156,1.01531024409851,1.00999512064827,1.01409084857187
11.7663397259895,1.01655313867642,1.00990095849711,1.01405627444711
11.7788438064635,1.01770957838515,1.0098119530281,1.01402188532406
11.7913478869374,1.01881557444147,1.00972564443764,1.01398758902786
11.8038519674114,1.01986553467578,1.00964272712876,1.0139533587958
11.8163560478853,1.02081229662369,1.00956544843971,1.01391922011711
11.8288601283593,1.02170907385023,1.00949096598352,1.01388509445817
11.8413642088332,1.02251267758091,1.00942193235065,1.01385098731307
11.8538682893072,1.02322433168637,1.00935777158464,1.0138168572842
11.8663723697811,1.02388088975516,1.0092966560518,1.0137827054933
11.8788764502551,1.02440465794084,1.00924308528191,1.01374848518021
11.891380530729,1.02485845958791,1.00919307016727,1.0137141867768
11.903884611203,1.02523420332794,1.00914755045988,1.01367983276648
11.916388691677,1.02547824331954,1.0091088602667,1.01364530381957
11.9288927721509,1.02566164444095,1.00907340447732,1.01361068918256
11.9413968526249,1.0257344143216,1.00904407637289,1.01357594164774
11.9539009330988,1.02570556720458,1.00901982762519,1.01354100023289
11.9664050135728,1.02561645792693,1.00899873707646,1.01350595533422
11.9789090940467,1.02538944556679,1.00898501143049,1.01347068835594
11.9914131745207,1.02509444882724,1.00897451355397,1.01343525193261
12.0039172549946,1.02472327868076,1.0089681186661,1.01339969478351
12.0164213354686,1.02423182082851,1.00896751676803,1.01336384115689
12.0289254159425,1.02368726927816,1.00896954776454,1.01332786534347
12.0414294964165,1.02304773528697,1.00897642914107,1.01329170121045
12.0539335768904,1.02232694264626,1.00898701430771,1.0132552992937
12.0664376573644,1.02155848025605,1.00899988902219,1.01321877765044
12.0789417378383,1.0206873012015,1.00901770209454,1.01318201554909
12.0914458183123,1.01976965897936,1.00903746221482,1.0131450900844
12.1039498987862,1.01879973246384,1.00905971075911,1.01310804816282
12.1164539792602,1.01775504422093,1.00908505289584,1.01307075109649
12.1289580597342,1.01667972250984,1.00911168386977,1.01303336014602
12.1414621402081,1.01555172364912,1.00914053111411,1.01299582518936
12.1539662206821,1.01438505336535,1.00917072585336,1.01295813084675
12.166470301156,1.01319634660373,1.00920173400438,1.01292036147991
12.17897438163,1.01196785605624,1.00923399638767,1.01288245417607
12.1914784621039,1.01072647358186,1.00926647656445,1.0128444703215
12.2039825425779,1.00947052146408,1.00929923660337,1.01280643186607
12.2164866230518,1.00820412553133,1.00933174900169,1.01276830435156
12.2289907035258,1.0069370697575,1.00936396050735,1.01273015701252
12.2414947839997,1.00567248993809,1.00939535862883,1.01269198019927
12.2539988644737,1.00442032172651,1.00942560797026,1.01265380050472
12.2665029449476,1.00317658491658,1.00945511079449,1.01261562757805
12.2790070254216,1.00196387777381,1.00948220536641,1.01257748828951
12.2915111058955,1.00077341138012,1.00950792767902,1.01253939926956
12.3040151863695,0.999608188491115,1.00953187707429,1.01250134612414
12.3165192668434,0.998495837409905,1.00955270564762,1.01246342132152
12.3290233473174,0.997411185336742,1.00957191869388,1.01242556525426
12.3415274277913,0.996380272594548,1.00958787907453,1.01238781622914
12.3540315082653,0.995406031298852,1.00960084656877,1.01235023561522
12.3665355887393,0.994466414681246,1.00961191818843,1.01231274812875
12.3790396692132,0.993615529818621,1.00961808085839,1.0122754679973
12.3915437496872,0.992813319149991,1.00962189939661,1.01223835710057
12.4040478301611,0.992066592596996,1.0096226729228,1.01220136704597
12.4165519106351,0.991416790434894,1.00961876390366,1.01216469456433
12.429055991109,0.990813322547922,1.00961257980394,1.01212816244595
12.441560071583,0.990296324694412,1.0096019944322,1.01209184747421
12.4540641520569,0.989861062925844,1.00958772647444,1.01205582812071
12.4665682325309,0.989475022952902,1.00957113806712,1.01201996356589
12.4790723130048,0.989206339738018,1.009548961471,1.01198442439332
12.4915763934788,0.988996984701717,1.00952432032982,1.01194912731346
12.5040804739527,0.988855550200898,1.00949646034324,1.01191400319532
12.5165845544267,0.988824290752478,1.0094640107804,1.01187929912075
12.5290886349006,0.988843472659008,1.00942941745897,1.01184476882892
12.5415927153746,0.988954900165368,1.00939079038989,1.01181050671325
12.5540967958485,0.989147900558699,1.00934903318624,1.0117765875603
12.5666008763225,0.989389600454739,1.00930531102649,1.01174284331277
12.5791049567965,0.989741601535804,1.00925716594319,1.01170945567131
12.5916090372704,0.990145746973541,1.00920722970786,1.01167631935323
12.6041131177444,0.990609846406621,1.00915494138293,1.01164336269068
12.6166171982183,0.991164669734748,1.00909960171003,1.01161082023668
12.6291212786923,0.991759203389765,1.00904291564918,1.01157844114306
12.6416253591662,0.992424684602815,1.00898380854568,1.01154631366172
12.6541294396402,0.993147997155243,1.00892305729593,1.01151449228238
12.6666335201141,0.993905432507748,1.00886128319858,1.01148282357302
12.6791376005881,0.994734560094553,1.00879754103382,1.01145145778855
12.691641681062,0.995594043755814,1.0087331766777,1.01142029484399
12.704145761536,0.996488580620835,1.00866799082607,1.01138927697708
12.7166498420099,0.997429371773578,1.00860210035441,1.01135857630043
12.7291539224839,0.998388306717048,1.00853600792136,1.01132799428387
12.7416580029578,0.999377557864898,1.0084697205796,1.01129759461217
12.7541620834318,1.00038568685856,1.00840364320107,1.01126740387584
12.7666661639057,1.00140437523732,1.00833771606302,1.01123731444818
12.7791702443797,1.00243762866651,1.00827266538358,1.0112074188182
12.7916743248536,1.00347209245146,1.00820823782565,1.0111776437938
12.8041784053276,1.00450795991287,1.0081446374772,1.01114795507794
12.8166824858016,1.00553503457286,1.0080826684479,1.01111843985127
12.8291865662755,1.00655474701959,1.00802159565697,1.01108898370491
12.8416906467495,1.0075577112907,1.00796240925114,1.01105961792563
12.8541947272234,1.00853762399072,1.00790503703108,1.01103034376726
12.8666988076974,1.00950290788217,1.00784882919785,1.01100111125696
12.8792028881713,1.01042475524453,1.00779580360482,1.01097195129879
12.8917069686453,1.01132021459448,1.00774432653911,1.01094282746555
12.9042110491192,1.01218493895084,1.00769491639982,1.01091372949852
12.9167151295932,1.01299184068106,1.0076487359302,1.01088466790651
12.9292192100671,1.01376955366753,1.00760416641599,1.01085561236752
12.9417232905411,1.01449104190225,1.00756278464261,1.01082656556058
12.954227371015,1.0151568928548,1.00752409897656,1.01079751377563
12.966731451489,1.01578868910663,1.0074871337328,1.01076845617258
12.9792355319629,1.0163350406944,1.00745445351975,1.01073937871784
12.9917396124369,1.01683683319939,1.00742367478157,1.01071027827043
13.0042436929108,1.01728650194009,1.00739544793339,1.01068116135072
13.0167477733848,1.01764914614298,1.00737089350063,1.01065199356594
13.0292518538587,1.01797054793662,1.00734809910559,1.01062280150084
13.0417559343327,1.01821484647729,1.0073286875129,1.01059357170263
13.0542600148067,1.01838909929472,1.00731193594397,1.01056428911162
13.0667640952806,1.01852090684921,1.00729687785387,1.01053497892195
13.0792681757546,1.01855250139866,1.00728578446329,1.01050561082678
13.0917722562285,1.01853543590666,1.00727632676735,1.01047620122001
13.1042763367025,1.01846120337295,1.00726907626636,1.01044676185728
13.1167804171764,1.01829777697062,1.00726477268518,1.01041725484252
13.1292844976504,1.0180937241939,1.00726182583712,1.01038772224308
13.1417885781243,1.01781526813187,1.00726140306504,1.01035815027839
13.1542926585983,1.01747354842349,1.00726279781077,1.0103285344416
13.1667967390722,1.01709378907906,1.00726534598198,1.01029889800388
13.1793008195462,1.01662898023988,1.00727036212796,1.01026922391026
13.1918049000201,1.01612575351462,1.00727628087779,1.01023953007109
13.2043089804941,1.01557719727425,1.00728342425699,1.01020982207029
13.216813060968,1.01496323916877,1.00729197339514,1.01018009454268
13.229317141442,1.01432099576383,1.00730110741307,1.01015036504453
13.2418212219159,1.01362848196427,1.00731122901535,1.01012063293039
13.2543253023899,1.0128973680926,1.00732186962354,1.0100909107835
13.2668293828639,1.01214336784413,1.0073328327382,1.01006119701638
13.2793334633378,1.01134326987424,1.00734417900098,1.01003150840331
13.2918375438118,1.01052544697453,1.00735550741361,1.01000184862173
13.3043416242857,1.00968661982544,1.00736681147504,1.00997220952965
13.3168457047597,1.0088236270728,1.00737773271726,1.00994263794001
13.3293497852336,1.00795213467801,1.00738837756787,1.00991310123577
13.3418538657076,1.00706770018893,1.00739834464879,1.00988361895242
13.3543579461815,1.00617893855846,1.00740753016228,1.00985422058785
13.3668620266555,1.00528815656297,1.00741620569303,1.00982486856129
13.3793661071294,1.0044013345942,1.00742330238143,1.00979561966449
13.3918701876034,1.00352126962434,1.00742958043533,1.00976645470534
13.4043742680773,1.00264924643488,1.0074347355882,1.00973735001309
13.4168783485513,1.00179870802467,1.00743805540543,1.0097084038144
13.4293824290252,1.0009607243654,1.00744042556733,1.00967952829355
13.4418865094992,1.00014873389946,1.00744085641914,1.00965076241856
13.4543905899731,0.999365772053347,1.00743960784742,1.00962214677176
13.4668946704471,0.998600984924685,1.00743727440721,1.0095936103575
13.479398750921,0.997886159335806,1.00743212201714,1.00956524185724
13.491902831395,0.997199036461799,1.00742570543449,1.00953699949057
13.504406911869,0.996545026479921,1.00741754528067,1.00950884773718
13.5169109923429,0.995949077138276,1.00740684867093,1.00948091832303
13.5294150728169,0.995381836209928,1.00739490667202,1.00945308245737
13.5419191532908,0.99486974593936,1.00738051949107,1.00942539137864
13.5544232337648,0.994409530800245,1.00736419272966,1.00939788802624
13.5669273142387,0.993981210898343,1.007346615358,1.00937048141579
13.5794313947127,0.99363169662823,1.00732601261417,1.00934327443242
13.5919354751866,0.993321467363852,1.00730415409922,1.0093162105213
13.6044395556606,0.99305839863702,1.00728055412222,1.00928924944865
13.6169436361345,0.992870877168216,1.00725460409999,1.00926252977957
13.6294477166085,0.992718938860559,1.00722754239897,1.00923590772581
13.6419517970824,0.992633639717861,1.00719836511994,1.00920943650435
13.6544558775564,0.992606611121299,1.00716763646122,1.00918315308581
13.6669599580303,0.992615144530994,1.00713590870635,1.00915696477069
13.6794640385043,0.992706808407474,1.0071019398269,1.0091309686015
13.6919681189782,0.992837234785017,1.00706712405883,1.00910510493701
13.7044721994522,0.99301439609292,1.00703112740194,1.00907933656763
13.7169762799261,0.993261641144707,1.00699369956074,1.00905378352507
13.7294803604001,0.993540636889106,1.00695563590478,1.00902831450763
13.7419844408741,0.99387778056942,1.00691643258236,1.00900297512201
13.754488521348,0.994262334550916,1.0068765220752,1.00897779112163
13.766992601822,0.994675610096528,1.0068361585766,1.0089526845064
13.7794966822959,0.99515199872643,1.00679498117874,1.0089277309908
13.7920007627699,0.995655459448604,1.00675359408819,1.00890287900858
13.8045048432438,0.996191701780141,1.00671191299765,1.00887810008765
13.8170089237178,0.996772637689789,1.00667008572658,1.00885347977397
13.8295130041917,0.997372541092584,1.00662825607739,1.00882891900768
13.8420170846657,0.998005738687293,1.00658653754812,1.00880444994389
13.8545211651396,0.998662469577372,1.00654509881229,1.00878008621451
13.8670252456136,0.999333188919893,1.00650384637082,1.00875577396455
13.8795293260875,1.00002988627809,1.00646333789063,1.00873156107039
13.8920334065615,1.00073490283068,1.00642326125535,1.00870741108561
13.9045374870354,1.00145003678832,1.00638379342114,1.00868330639403
13.9170415675094,1.00217314762435,1.00634539008817,1.00865929536893
13.9295456479833,1.00289773239715,1.00630756128507,1.00863531787478
13.9420497284573,1.00362254861876,1.00627095024853,1.00861139189309
13.9545538089312,1.00434173967727,1.0062354254898,1.00858752202579
13.9670578894052,1.00505703389372,1.00620061038399,1.00856367896654
13.9795619698792,1.00575581929974,1.00616772765699,1.00853988604544
13.9920660503531,1.00644298952332,1.0061357223352,1.00851612314623
14.0045701308271,1.00711597263119,1.00610496076471,1.00849238187395
14.017074211301,1.00776022672301,1.00607603068087,1.00846868293702
14.029578291775,1.00838909781757,1.00604802167214,1.008444998461
14.0420823722489,1.00898699153926,1.00602186202056,1.00842133614411
14.0545864527229,1.00955359162265,1.00599718304897,1.00839769703663
14.0670905331968,1.01010062349991,1.00597347027938,1.00837406893863
14.0795946136708,1.01059593874656,1.00595217582768,1.0083504612188
14.0920986941447,1.01106436361555,1.00593189139039,1.0083268659141
14.1046027746187,1.01149980124319,1.00591304657661,1.00830327955783
14.1171068550926,1.01188043624766,1.00589616555434,1.00827971198503
14.1296109355666,1.0122343073185,1.00588023808541,1.00825615171601
14.1421150160405,1.01253678963237,1.00586616791408,1.00823260272172
14.1546190965145,1.01279300376205,1.00585348288034,1.00820906821287
14.1671231769884,1.01302059332172,1.00584170195095,1.00818554140011
14.1796272574624,1.01317832034346,1.00583204344175,1.0081620310346
14.1921313379364,1.01330265495409,1.0058232080697,1.00813853389372
14.2046354184103,1.01338584819699,1.00581555243105,1.00811504628998
14.2171394988843,1.01340567429181,1.00580938567774,1.00809158468502
14.2296435793582,1.01339579359083,1.00580391383594,1.00806813547515
14.2421476598322,1.01333020523616,1.00579974493271,1.00804470558826
14.2546517403061,1.01321771999612,1.00579645890753,1.00802130443193
14.2671558207801,1.01307638959752,1.0057937491102,1.00799791913586
14.279659901254,1.01286837749274,1.00579225682538,1.0079745691599
14.292163981728,1.01263055394246,1.00579117491881,1.00795124827549
14.3046680622019,1.01235584140924,1.00579068442229,1.00792794838246
14.3171721426759,1.01202808369491,1.00579081428436,1.00790470493959
14.3296762231498,1.01167645556128,1.00579120045998,1.00788148750506
14.3421803036238,1.01128121523309,1.00579200346181,1.00785831056601
14.3546843840977,1.0108520643956,1.00579298108257,1.00783519101301
14.3671884645717,1.0104022132122,1.00579407130793,1.00781210234203
14.3796925450456,1.00990802024683,1.00579521010849,1.00778908061319
14.3921966255196,1.00939598893832,1.00579627408199,1.007766111103
14.4047007059935,1.00886178834277,1.00579722962336,1.00774317929256
14.4172047864675,1.00829957619477,1.00579785630856,1.00772034358351
14.4297088669415,1.00772588928104,1.00579827618385,1.00769755004695
14.4422129474154,1.00713264287663,1.00579820539405,1.00767482204412
14.4547170278894,1.00652746414746,1.00579763777956,1.00765218247315
14.4672211083633,1.00591523255576,1.00579674194261,1.00762958947558
14.4797251888373,1.0052925621346,1.0057948533798,1.00760709503321
14.4922292693112,1.00466841100294,1.00579249117777,1.00758467417001
14.5047333497852,1.00404241165916,1.00578943882408,1.00756230645722
14.5172374302591,1.00341997626948,1.00578533171414,1.007540068713
14.5297415107331,1.00280103725302,1.00578067676188,1.00751788592728
14.542245591207,1.00219088157643,1.00577488738832,1.00749578841162
14.554749671681,1.00159283298141,1.00576817125395,1.00747380173207
14.5672537521549,1.00100259962552,1.00576084353759,1.00745187248963
14.5797578326289,1.00043688831036,1.00575192073243,1.00743006252427
14.5922619131028,0.999885423551514,1.00574232608497,1.00740833861602
14.6047659935768,0.999351818606011,1.00573174705439,1.0073866769059
14.6172700740507,0.998850345767792,1.00571981205009,1.00736516236803
14.6297741545247,0.998365427790045,1.00570720334708,1.00734370824736
14.6422782349987,0.997913458194855,1.00569325366457,1.00732234774746
14.6547823154726,0.997492610305935,1.00567829582012,1.00730110527457
14.6672863959466,0.997091289942728,1.00566267189474,1.00727992316932
14.6797904764205,0.996740311979735,1.00564543157251,1.00725886445977
14.6922945568945,0.996414170908876,1.00562756085337,1.00723789224966
14.7047986373684,0.996119301469759,1.00560876135316,1.00721698259179
14.7173027178424,0.995874046512444,1.00558877653809,1.00719621683579
14.7298067983163,0.995652829026172,1.00556822358088,1.00717550866366
14.7423108787903,0.995477780600531,1.00554657944403,1.00715488962183
14.7548149592642,0.995342662273244,1.00552418104755,1.00713437997252
14.7673190397382,0.995232429292123,1.00550128351256,1.00711392564208
14.7798231202121,0.995182265851517,1.00547727542609,1.00709358279747
14.7923272006861,0.995159664560908,1.00545287815335,1.0070733161203
14.80483128116,0.99517191734833,1.00542790429769,1.00705310455407
14.817335361634,0.995235818964607,1.00540228276902,1.00703301661529
14.8298394421079,0.995323836630003,1.0053763725358,1.00701297703353
14.8423435225819,0.995457098439188,1.00534995203742,1.00699301222372
14.8548476030558,0.99562699349476,1.00532325032349,1.00697313701955
14.8673516835298,0.995819610817738,1.00529636227305,1.00695330668617
14.8798557640038,0.996064050955341,1.00526918386135,1.00693356565372
14.8923598444777,0.996330636920411,1.00524195966492,1.00691388429563
14.9048639249517,0.99662534970285,1.00521466726095,1.00689424613867
14.9173680054256,0.996958680272673,1.00518742405403,1.00687470287462
14.9298720858996,0.997309226391616,1.00516023988222,1.00685519606694
14.9423761663735,0.997691032444706,1.00513324177984,1.00683574558451
14.9548802468475,0.998095793622187,1.00510648302824,1.00681636141827
14.9673843273214,0.998514673575339,1.00507988360388,1.00679701025077
14.9798884077954,0.998962596246679,1.0050538394935,1.00677772421209
14.9923924882693,0.999421202476425,1.00502807673518,1.00675848115375
15.0048965687433,0.999893436757506,1.00500273545216,1.00673926922807
15.0174006492172,1.00038091077681,1.0049780647493,1.00672012507242
15.0299047296912,1.00087413959655,1.0049537534564,1.00670100685313
15.0424088101651,1.00137639563757,1.00493021047377,1.00668192870436
15.0549128906391,1.00188216505223,1.00490730737656,1.00666289776104
15.067416971113,1.00238988825023,1.00488483173277,1.00664389038336
15.079921051587,1.00289679404598,1.00486351391971,1.00662492970889
15.0924251320609,1.00340058266157,1.00484268905709,1.00660600027494
15.1049292125349,1.00390037762827,1.00482260545354,1.00658709348241
15.1174332930089,1.00438910323074,1.00480355268405,1.00656823702187
15.1299373734828,1.00487115480557,1.00478502366177,1.00654940036927
15.1424414539568,1.0053386770222,1.00476756082136,1.00653059437273
15.1549455344307,1.00579049844719,1.00475090659947,1.0065118258396
15.1674496149047,1.00623228268727,1.00473479555302,1.00649307637852
15.1799536953786,1.00664538019541,1.00472003733805,1.00647436566627
15.1924577758526,1.00704336370639,1.00470581562463,1.0064556821873
15.2049618563265,1.00742189905923,1.00469240231358,1.00643701845636
15.2174659368005,1.00776792261373,1.00468003486327,1.00641840102545
15.2299700172744,1.00809753029621,1.00466818253286,1.00639980279897
15.2424740977484,1.00839463613964,1.00465734589816,1.00638123438518
15.2549781782223,1.00866259864972,1.00464722749573,1.00636270442447
15.2674822586963,1.00891216639608,1.00463759423501,1.00634419449979
15.2799863391702,1.00911513269743,1.00462908484359,1.00632572644765
15.2924904196442,1.00929614329904,1.00462099124742,1.00630728919426
15.3049945001181,1.00944877872114,1.0046135251368,1.00628887428666
15.3174985805921,1.00955822543995,1.00460680726573,1.0062705138415
15.3300026610661,1.00964685789403,1.00460044376178,1.00625217668156
15.34250674154,1.00969548899183,1.00459474843903,1.00623387573438
15.355010822014,1.00971082721327,1.00458947820201,1.00621562261309
15.3675149024879,1.00970524530421,1.00458449669033,1.00619739460586
15.3800189829619,1.00964971431854,1.00458010294913,1.00617921956539
15.3925230634358,1.0095721835132,1.0045758948615,1.00616108384816
15.4050271439098,1.00946609629167,1.00457196685242,1.00614297667728
15.4175312243837,1.00931932134241,1.00456830321817,1.00612493930263
15.4300353048577,1.00915362673636,1.00456474707471,1.00610693172876
15.4425393853316,1.00895247297808,1.00456135332533,1.00608897050774
15.4550434658056,1.00872377849727,1.00455800204867,1.00607107012358
15.4675475462795,1.00847784890797,1.00455467978019,1.00605320155377
15.4800516267535,1.00819330921158,1.00455130189732,1.00603539975616
15.4925557072274,1.00789309320636,1.00454785318367,1.00601764691529
15.5050597877014,1.00757243993926,1.00454429589156,1.00599992963368
15.5175638681753,1.00722522484785,1.00454050351137,1.00598229802574
15.5300679486493,1.00686634879205,1.0045365714559,1.0059647024545
15.5425720291232,1.00648658330862,1.00453231160867,1.00594716290405
15.5550761095972,1.00609263629891,1.00452775085414,1.005929695606
15.5675801900712,1.0056899077368,1.00452298344609,1.00591226579009
15.5800842705451,1.00527044899845,1.00451762138357,1.00589491389139
15.5925883510191,1.00484576197876,1.00451198816162,1.0058776180497
15.605092431493,1.00441422901641,1.00450594180665,1.00586036294687
15.617596511967,1.00397706567391,1.00449930222648,1.00584320411492
15.6301005924409,1.00353843917216,1.00449235235627,1.00582608505476
15.6426046729149,1.00309871479682,1.00448475121773,1.00580902777523
15.6551087533888,1.0026614258395,1.00447664736887,1.00579204863366
15.6676128338628,1.00222584279473,1.0044681963637,1.00577510968596
15.6801169143367,1.00179899079122,1.00445887222264,1.00575825343414
15.6926209948107,1.00137819345524,1.0044491890301,1.00574145553533
15.7051250752846,1.00096535883337,1.00443895856533,1.00572470006729
15.7176291557586,1.00056814519017,1.00442801389039,1.0057080429586
15.7301332362325,1.00017947648268,1.00441670973685,1.00569142578383
15.7426373167065,0.99980868134287,1.00440468107074,1.00567487059499
15.7551413971804,0.999455181491268,1.00439213649116,1.00565839236327
15.7676454776544,0.99911275102369,1.00437923366761,1.00564195341232
15.7801495581284,0.998800502652781,1.00436549792551,1.00562559450075
15.7926536386023,0.998503110099896,1.00435144299285,1.00560929107718
15.8051577190763,0.998225340530518,1.00433690136832,1.00559302802332
15.8176617995502,0.997978593071874,1.00432177324113,1.0055768569527
15.8301658800242,0.997747324230844,1.00430636019308,1.00556072266525
15.8426699604981,0.997546625859075,1.00429039644845,1.00554464543573
15.8551740409721,0.997372138428535,1.00427407533087,1.00552863792932
15.867678121446,0.997214318105527,1.00425750468713,1.00551266578699
15.88018220192,0.997098135505891,1.00424041262017,1.00549676512535
15.8926862823939,0.997000745035105,1.00422314289739,1.00548091331877
15.9051903628679,0.996928285767684,1.0042056028137,1.00546509707571
15.9176944433418,0.99689231059913,1.00418778546832,1.00544936079714
15.9301985238158,0.996873852733057,1.00416984505341,1.00543365614973
15.9427026042897,0.996889068617061,1.00415169486774,1.00541800054743
15.9552066847637,0.996931266076022,1.00413344912853,1.00540240423717
15.9677107652376,0.996990570287782,1.00411513630343,1.00538683788922
15.9802148457116,0.997090234856347,1.00409675805235,1.00537133181241
15.9927189261855,0.997206941886071,1.00407839038249,1.00535586661874
16.0052230066595,0.997346357995292,1.00406004081251,1.00534043120188
16.0177270871335,0.997516825698529,1.00404178838465,1.00532506235456
16.0302311676074,0.997701660405231,1.00402360226079,1.00530971976426
16.0427352480814,0.997913333755456,1.00400559053243,1.00529441788733
16.0552393285553,0.998144910033197,1.00398775526456,1.00527916516622
16.0677434090293,0.99838905911734,1.00397004456846,1.0052639373069
16.0802474895032,0.998660672317675,1.0039527108997,1.00524875951046
16.0927515699772,0.998942768744095,1.00393555906266,1.00523361580246
16.1052556504511,0.999238895352796,1.00391868830774,1.00521849693604
16.1177597309251,0.999552004066251,1.00390223028104,1.00520343396821
16.130263811399,0.999872365860162,1.00388599344279,1.00518839325573
16.142767891873,1.00020535017287,1.003870233802,1.0051733870775
16.1552719723469,1.00054585718902,1.00385484681303,1.00515842310308
16.1677760528209,1.00089104207814,1.00383972434549,1.00514348062049
16.1802801332948,1.0012435937116,1.00382527111594,1.00512858179038
16.1927842137688,1.00159746967312,1.00381110232873,1.00511371319689
16.2052882942427,1.00195312582437,1.00379737243516,1.00509886665014
16.2177923747167,1.00230767249077,1.00378421988752,1.00508407066881
16.2302964551906,1.0026606929237,1.00377136421739,1.00506929522818
16.2428005356646,1.0030092885843,1.00375912080864,1.00505455170485
16.2553046161386,1.00335164430431,1.00374731747195,1.00503984804553
16.2678086966125,1.00368990971757,1.00373582823287,1.00502516489463
16.2803127770865,1.00401449084969,1.00372507511573,1.00501052393283
16.2928168575604,1.00433145522831,1.00371461560168,1.00499591284531
16.3053209380344,1.00463813603044,1.00370460890102,1.00498132355229
16.3178250185083,1.0049270820602,1.00369515810501,1.00496678531814
16.3303290989823,1.00520669832217,1.00368598536709,1.00495226823121
16.3428331794562,1.00546711885232,1.0036773670944,1.00493778404748
16.3553372599302,1.00571022378686,1.00366912051061,1.00492334171329
16.3678413404041,1.00594218706044,1.00366114067501,1.0049089210716
16.3803454208781,1.00614462030346,1.00365374176202,1.00489454546854
16.392849501352,1.00633328430446,1.00364655907871,1.00488020219433
16.405353581826,1.00650327637879,1.00363970939629,1.00486588251829
16.4178576622999,1.00664509335131,1.00363323479923,1.00485161873654
16.4303617427739,1.00677295187936,1.00362694066889,1.00483737830142
16.4428658232478,1.0068732716986,1.00362098800988,1.00482317421684
16.4553699037218,1.00695092004709,1.00361523887612,1.00480901663679
16.4678739841958,1.00701402890322,1.00360963660765,1.00479488320669
16.4803780646697,1.00704125711477,1.00360431005387,1.00478080002918
16.4928821451437,1.00705294902432,1.00359906895077,1.00476675295997
16.5053862256176,1.00704348009721,1.00359395818412,1.00475273226219
16.5178903060916,1.00700421252102,1.00358895571842,1.0047387739546
16.5303943865655,1.00695068004298,1.0035839959561,1.00472484164564
16.5428984670395,1.00686974100221,1.00357909169868,1.00471094981962
16.5554025475134,1.00676767921951,1.00357418614996,1.00469710954161
16.5679066279874,1.00665209600647,1.00356927966431,1.00468329596742
16.5804107084613,1.00650506289318,1.00356430467506,1.00466953779246
16.5929147889353,1.00634533655207,1.00355927720303,1.0046558191282
16.6054188694092,1.00616824561755,1.00355416611001,1.00464212933614
16.6179229498832,1.00596846398539,1.00354890275883,1.00462850726703
16.6304270303571,1.005758260443,1.00354355120032,1.00461491318313
16.6429311108311,1.0055287284094,1.00353799274283,1.00460136266362
16.655435191305,1.00528563880556,1.00353225912214,1.00458786705767
16.667939271779,1.00503390013643,1.00352639771192,1.00457439977319
16.6804433522529,1.00476400885709,1.00352019569929,1.00456099092038
16.6929474327269,1.00448775467623,1.00351383969954,1.00454762328058
16.7054515132009,1.00420275757725,1.00350724261278,1.00453428577347
16.7179555936748,1.00390830254544,1.00350031914537,1.00452101813982
16.7304596741488,1.00361005497276,1.00349322332848,1.00450777907994
16.7429637546227,1.00330570002355,1.00348576101261,1.00449458448269
16.7554678350967,1.00299879702469,1.00347803113775,1.00448144528061
16.7679719155706,1.00269032861774,1.00347010499709,1.00446833451053
16.7804759960446,1.00238149782501,1.00346171490623,1.0044552820432
16.7929800765185,1.00207406384002,1.00345313338166,1.00444227022493
16.8054841569925,1.00176855759223,1.00344425302612,1.00442928814336
16.8179882374664,1.00146873596335,1.00343500316207,1.00441637423262
16.8304923179404,1.00117245059183,1.00342556470617,1.00440348792279
16.8429963984143,1.00088428995054,1.00341574195248,1.00439064454494
16.8555004788883,1.00060463053526,1.00340566033164,1.00437785408337
16.8680045593622,1.00033051705375,1.00339538778141,1.00436509066749
16.8805086398362,1.00007290369337,1.00338469868555,1.00435238241361
16.8930127203101,0.999823539407086,1.00337384952788,1.00433971224365
16.9055168007841,0.999585609898694,1.00336275120277,1.00432706994916
16.918020881258,0.999365915005895,1.00335137014931,1.00431449096902
16.930524961732,0.999155621460178,1.00333984991692,1.00430193743128
16.943029042206,0.998964509811787,1.00332806011664,1.00428942345794
16.9555331226799,0.99878978934177,1.00331610721696,1.00427695787336
16.9680372031539,0.998625694201064,1.00330403336418,1.00426451695419
16.9805412836278,0.99848919910609,1.00329172755989,1.00425212616649
16.9930453641018,0.99836497600102,1.00327934471626,1.00423976978347
17.0055494445757,0.998257839281892,1.00326684314527,1.00422743859675
17.0180535250497,0.998175425974505,1.0032542341157,1.00421516435294
17.0305576055236,0.998105206636584,1.00324157852815,1.00420291292011
17.0430616859976,0.998059028667996,1.00322885095573,1.00419069695995
17.0555657664715,0.998031891339431,1.0032161035546,1.00417852426855
17.0680698469455,0.99801707966168,1.00320334136833,1.00416637362666
17.0805739274194,0.998032323850987,1.00319059636243,1.00415426778022
17.0930780078934,0.998060055213126,1.00317787756079,1.00414219267196
17.1055820883673,0.998105249356807,1.00316520211935,1.00413014008718
17.1180861688413,0.998174098264141,1.00315261852246,1.00411813846203
17.1305902493152,0.998254238925841,1.00314009067432,1.00410615731011
17.1430943297892,0.998356032393397,1.00312770086514,1.00409420800752
17.1555984102631,0.998473843031334,1.00311543199936,1.00408229770425
17.1681024907371,0.998602012711413,1.00310325380672,1.00407040732662
17.1806065712111,0.998753843081553,1.00309132158883,1.00405855756215
17.193110651685,0.99891475449298,1.00307950464487,1.00404673584393
17.205614732159,0.999088421490751,1.00306787080522,1.00403493468796
17.2181188126329,0.999277902129728,1.00305648723654,1.00402318040096
17.2306228931069,0.99947456193655,1.00304523842147,1.00401144510426
17.2431269735808,0.999684350378281,1.00303428307353,1.00399973937144
17.2556310540548,0.999902695866245,1.00302354322621,1.0039880701776
17.2681351345287,1.00012655754689,1.00301296582456,1.0039764197405
17.2806392150027,1.00036120512638,1.00300277351781,1.00396480776197
17.2931432954766,1.00059912754704,1.00299274504295,1.00395322261801
17.3056473759506,1.00084167028624,1.00298297557403,1.00394165715876
17.3181514564245,1.00108810846071,1.00297352882547,1.00393013704141
17.3306555368985,1.00133578701932,1.00296425029508,1.00391863548814
17.3431596173724,1.00158476174203,1.00295532297812,1.0039071628597
17.3556636978464,1.00183283767471,1.00294663499071,1.00389572634992
17.3681677783203,1.00208028594187,1.00293812839491,1.00388430846816
17.3806718587943,1.00232327711513,1.0029300224551,1.00387292900561
17.3931759392683,1.00256317223364,1.0029220774602,1.00386157659698
17.4056800197422,1.00279867993778,1.0029143862045,1.00385024404486
17.4181841002162,1.003025793297,1.00290699073674,1.00383895761098
17.4306881806901,1.00324821098599,1.00289974570855,1.00382769020062
17.4431922611641,1.0034604069875,1.00289280380188,1.00381645245075
17.455696341638,1.0036631152812,1.00288605453219,1.00380525197368
17.468200422112,1.00385960755228,1.00287945206049,1.00379407077087
17.4807045025859,1.00403858922831,1.00287315052647,1.0037829294507
17.4932085830599,1.00420941796819,1.00286696184958,1.00377181632827
17.5057126635338,1.00436864200934,1.00286095026497,1.00376072391322
17.5182167440078,1.00451039004819,1.00285512716421,1.00374967972669
17.5307208244817,1.00464322662725,1.00284939633935,1.00373865547563
17.5432249049557,1.00475796007207,1.0028438404257,1.00372766231741
17.5557289854296,1.0048579130845,1.00283838207615,1.00371670825332
17.5682330659036,1.00494820076324,1.00283299847955,1.00370577440744
17.5807371463775,1.00501377029741,1.00282774411844,1.00369488240103
17.5932412268515,1.00506882005096,1.00282252898448,1.00368401993005
17.6057453073254,1.00510882980563,1.00281737399252,1.0036731791607
17.6182493877994,1.00512791591691,1.00281226177992,1.00366238880727
17.6307534682734,1.00513671091063,1.00280716557978,1.00365161923879
17.6432575487473,1.00512523250579,1.00280208404,1.00364088208956
17.6557616292213,1.00509829791224,1.00279699137884,1.00363018553629
17.6682657096952,1.00506125654877,1.0027918901502,1.00361950994107
17.6807697901692,1.00499988322801,1.00278673550145,1.00360887761826
17.6932738706431,1.00492882166014,1.00278154643936,1.00359827568015
17.7057779511171,1.00484384746585,1.00277630075403,1.00358769607995
17.718282031591,1.00474077873655,1.00277096310163,1.00357716807016
17.730786112065,1.00462910304226,1.00276557266256,1.00356666121637
17.7432901925389,1.00450099320273,1.00276005771912,1.0035561873564
17.7557942730129,1.00436126927007,1.00275444453659,1.00354575454374
17.7682983534868,1.00421395089454,1.00274875526307,1.00353534286646
17.7808024339608,1.00404972444038,1.00274287679352,1.00352497468012
17.7933065144347,1.00387939005678,1.00273691309322,1.00351463682194
17.8058105949087,1.00370024554459,1.00273081248669,1.00350432127233
17.8183146753826,1.00351089823299,1.00272453669379,1.0034940568842
17.8308187558566,1.00331701923639,1.00271816731562,1.00348381334954
17.8433228363306,1.0031150931756,1.00271159642858,1.00347360233113
17.8558269168045,1.00290851320858,1.00270488634805,1.00346343148752
17.8683309972785,1.00269889928131,1.00269806786965,1.00345328127571
17.8808350777524,1.00248427487506,1.00269100826719,1.00344317337373
17.8933391582264,1.00226865673678,1.00268384875138,1.00343309478278
17.9058432387003,1.00205159886079,1.00267652973009,1.00342303776406
17.9183473191743,1.00183468986861,1.00266902393435,1.00341302990373
17.9308513996482,1.00161839166081,1.0026614214014,1.00340304197801
17.9433554801222,1.00140428546143,1.00265361995979,1.0033930851319
17.9558595605961,1.00119339114747,1.00264569205316,1.00338316647085
17.9683636410701,1.00098462794126,1.00263766512638,1.00337326738222
17.980867721544,1.00078351445289,1.00262943584503,1.00336340832941
17.993371802018,1.00058647640438,1.00262112875595,1.00335357688246
18.0058758824919,1.00039536919335,1.00261269827449,1.00334376576394
18.0183799629659,1.00021407189475,1.0026041366712,1.00333400077473
18.0308840434398,1.00003804234561,1.00259550973079,1.00332425443878
18.0433881239138,0.999873219197269,1.0025867568923,1.00331453718515
18.0558922043877,0.999718046030672,1.00257793398351,1.00330485555788
18.0683962848617,0.999569242352557,1.00256905591311,1.00329519217969
18.0809003653357,0.999437795952372,1.00256008281713,1.00328556609654
18.0934044458096,0.999313986541898,1.00255107993927,1.00327596568828
18.1059085262836,0.999201340435645,1.00254203108994,1.0032663841969
18.1184126067575,0.999104722338411,1.00253294916523,1.00325684559103
18.1309166872315,0.999016225148132,1.00252385433209,1.0032473243328
18.1434207677054,0.998944180865567,1.00251474680384,1.00323783012736
18.1559248481794,0.998885025570351,1.00250564676321,1.00322836908048
18.1684289286533,0.998834380906467,1.00249655264902,1.00321892503384
18.1809330091273,0.998805206502492,1.00248749830974,1.00320951576795
18.1934370896012,0.998784791989614,1.00247847034888,1.0032001304927
18.2059411700752,0.998777239221601,1.00246948662514,1.0031907629031
18.2184452505491,0.998786907047509,1.00246057493117,1.00318143550986
18.2309493310231,0.998805028528718,1.00245170514837,1.00317212443388
18.243453411497,0.998839778406978,1.00244293642221,1.00316283881486
18.255957491971,0.998886724293098,1.00243424729601,1.00315358451615
18.2684615724449,0.998941731821252,1.00242562151456,1.00314434631056
18.2809656529189,0.999015862586654,1.0024171525942,1.00313514112115
18.2934697333929,0.999097272435846,1.00240875591369,1.00312595881109
18.3059738138668,0.999189417485537,1.00240047687087,1.00311679337668
18.3184778943408,0.999294921606633,1.00239234834598,1.0031076664856
18.3309819748147,0.999406747803303,1.00238430153521,1.00309855532471
18.3434860552887,0.999530549838807,1.0023764343565,1.00308946871848
18.3559901357626,0.99966237427022,1.00236869146571,1.0030804124824
18.3684942162366,0.999799507660314,1.00236104801742,1.00307137189277
18.3809982967105,0.999948015381277,1.00235362603716,1.00306236351089
18.3935023771845,1.00010031616642,1.00234629858618,1.00305337756446
18.4060064576584,1.00025823593226,1.00233912404437,1.00304440817535
18.4185105381324,1.00042203490329,1.00233213018136,1.0030354767904
18.4310146186063,1.00058832585119,1.00232523193112,1.00302656099271
18.4435186990803,1.00075874102393,1.00231853565127,1.00301766953948
18.4560227795542,1.0009309537919,1.00231196990593,1.00300880832903
18.4685268600282,1.001104354917,1.00230550916617,1.00299996273191
18.4810309405021,1.00127854198688,1.00229926737697,1.00299114935837
18.4935350209761,1.00145216992105,1.00229311430781,1.00298235850948
18.50603910145,1.00162496586129,1.00228710405463,1.00297358429288
18.518543181924,1.00179493517658,1.0022812520248,1.00296484836294
18.531047262398,1.00196307886224,1.00227548193425,1.00295612817921
18.5435513428719,1.00212675836839,1.00226987858014,1.0029474325977
18.5560554233459,1.00228589105824,1.00226437573228,1.00293876763422
18.5685595038198,1.00244199865451,1.00225895417171,1.00293011849152
18.5810635842938,1.00258870012992,1.00225368977483,1.00292150203496
18.5935676647677,1.00273093895081,1.00224848489312,1.00291290843997
18.6060717452417,1.0028665076544,1.0022433750388,1.00290433173528
18.6185758257156,1.00299191435023,1.00223836090382,1.00289579390917
18.6310799061896,1.0031119691551,1.00223339455787,1.00288727207238
18.6435839866635,1.00322076777007,1.00222851891559,1.00287877522277
18.6560880671375,1.00332039841675,1.00222369069913,1.0028703094362
18.6685921476114,1.00341392254171,1.00221890104697,1.00286185969455
18.6810962280854,1.00349117646094,1.00221417297141,1.00285344308493
18.6936003085593,1.00356161191565,1.00220946330163,1.00284504960056
18.7061043890333,1.00362181053354,1.0022047818314,1.00283667321069
18.7186084695072,1.00366791844047,1.00220011719997,1.00282833606867
18.7311125499812,1.00370691206265,1.00219545845237,1.00282001503239
18.7436166304551,1.00373151925669,1.00219080135705,1.00281171916671
18.7561207109291,1.00374528729197,1.00218613449902,1.00280345449181
18.7686247914031,1.00375180336772,1.00218145965955,1.00279520590872
18.781128871877,1.00374034703398,1.00217675024973,1.00278699050183
18.793632952351,1.0037218244367,1.00217202021444,1.00277879816474
18.8061370328249,1.00369267453918,1.00216725520676,1.00277062289049
18.8186411132989,1.00364983401064,1.00216243797414,1.00276248663603
18.8311451937728,1.0036002839623,1.00215759075677,1.00275436634118
18.8436492742468,1.00353757435867,1.00215267210364,1.00274627098814
18.8561533547207,1.00346559936968,1.00214770052873,1.00273820641512
18.8686574351947,1.00338739764321,1.00214268545437,1.00273015769861
18.8811615156686,1.00329483413173,1.00213756891814,1.00272214160901
18.8936655961426,1.00319701817651,1.00213240666001,1.00271414811306
18.9061696766165,1.00309129242524,1.00212716914921,1.00270617133695
18.9186737570905,1.00297621624907,1.00212184044904,1.00269823263759
18.9311778375644,1.00285675425617,1.00211646238604,1.00269030946175
18.9436819180384,1.00272910818784,1.00211097677728,1.00268241054585
18.9561859985123,1.00259635292544,1.00210542089076,1.0026745414534
18.9686900789863,1.00246014872772,1.00209980692719,1.00266668770546
18.9811941594602,1.0023171289124,1.00209407134027,1.00265886547749
18.9936982399342,1.00217208245127,1.00208828513405,1.00265106500132
19.0062023204082,1.00202398565622,1.00208241641087,1.00264328063082
19.0187064008821,1.00187331442396,1.0020764563335,1.00263553281909
19.0312104813561,1.00172171151083,1.00207044822022,1.00262779987901
19.04371456183,1.00156898832867,1.00206434073945,1.00262009018128
19.056218642304,1.00141652728244,1.00205817387424,1.00261240898215
19.0687227227779,1.00126424397945,1.00205195766943,1.00260474243662
19.0812268032519,1.0011141965077,1.00204564743865,1.0025971059649
19.0937308837258,1.0009657412444,1.0020393012037,1.00258949020771
19.1062349641998,1.00081970488635,1.00203289698718,1.0025818897966
19.1187390446737,1.00067819146922,1.00202643572344,1.00257432416528
19.1312431251477,1.00053926299649,1.0020199457789,1.00256677267433
19.1437472056216,1.0004061967939,1.00201340167086,1.00255924328645
19.1562512860956,1.00027834772822,1.00200683070647,1.00255174098091
19.1687553665695,1.00015405195578,1.0020002373082,1.00254425260363
19.1812594470435,1.00003983474702,1.00199361128598,1.00253679281731
19.1937635275174,0.999930150643905,1.0019869766996,1.00252935272568
19.2062676079914,0.999827342963947,1.00198032944913,1.00252192723256
19.2187716884654,0.999734402867318,1.00197367934328,1.00251453483852
19.2312757689393,0.999646605383877,1.00196702993469,1.00250715591896
19.2437798494133,0.99956955124026,1.00196039052612,1.00249979806771
19.2562839298872,0.999500846085543,1.00195376580705,1.00249246606188
19.2687880103612,0.999437852603737,1.00194715342466,1.00248514736153
19.2812920908351,0.9993893772383,1.00194058065867,1.00247785600763
19.2937961713091,0.999346887886292,1.00193402962238,1.00247058352518
19.306300251783,0.999313485448431,1.00192751564462,1.00246332503871
19.318804332257,0.999292106311153,1.00192105370391,1.00245609834883
19.3313084127309,0.999276786321818,1.00191462158428,1.00244888463736
19.3438124932049,0.999273695643037,1.00190826047041,1.00244169122638
19.3563165736788,0.99927947310749,1.00190195057936,1.00243452277996
19.3688206541528,0.999291344413587,1.00189568393851,1.00242736720431
19.3813247346267,0.99931769795502,1.00188951614498,1.00242023813023
19.3938288151007,0.999349671987494,1.00188339342645,1.00241312739278
19.4063328955746,0.999390183574599,1.00187734581901,1.00240603026211
19.4188369760486,0.999441262394376,1.00187138853577,1.00239896412425
19.4313410565225,0.999497509743794,1.00186548083433,1.00239191067425
19.4438451369965,0.999563843221986,1.00185968313849,1.00238487707843
19.4563492174705,0.99963696799425,1.00185395726625,1.00237786796086
19.4688532979444,0.99971478023579,1.00184829236504,1.00237087148101
19.4813573784184,0.999802853535091,1.00184275532705,1.0023639010687
19.4938614588923,0.999894579127784,1.00183727316125,1.00235694873359
19.5063655393663,0.999991850188679,1.0018318817033,1.00235000982012
19.5188696198402,1.00009526958891,1.00182659200804,1.00234310153912
19.5313737003142,1.00020152671653,1.0018213570643,1.00233620582632
19.5438777807881,1.00031292957711,1.00181623908632,1.00232932978747
19.5563818612621,1.00042721747615,1.00181119284649,1.00232247804288
19.568885941736,1.00054350552889,1.00180620783285,1.00231563885233
19.58139002221,1.00066313152926,1.00180134355863,1.00230882558546
19.5938941026839,1.00078350542152,1.0017965287246,1.00230203031362
19.6063981831579,1.00090499758544,1.00179179506941,1.00229524840971
19.6189022636318,1.00102672178742,1.00178714700501,1.00228849703431
19.6314063441058,1.00114827426543,1.00178254414076,1.00228175819483
19.6439104245797,1.00126882970814,1.00177803416565,1.00227503898395
19.6564145050537,1.00138778134718,1.0017735773693,1.00226834401215
19.6689185855276,1.00150561615568,1.00176916620343,1.00226166156862
19.6814226660016,1.0016193365078,1.00176483849159,1.00225500500133
19.6939267464756,1.0017308612073,1.00176054279879,1.00224836638545
19.7064308269495,1.00183900818473,1.00175629907915,1.00224174111241
19.7189349074235,1.00194177983448,1.00175210509036,1.00223514628181
19.7314389878974,1.00204160353044,1.00174793649799,1.00222856394456
19.7439430683714,1.00213493604937,1.00174381626952,1.00222200117243
19.7564471488453,1.00222292900715,1.00173971990753,1.00221546252694
19.7689512293193,1.00230718718993,1.00173564413447,1.00220893634698
19.7814553097932,1.00238153919042,1.0017315990965,1.0022024358995
19.7939593902672,1.0024515669659,1.00172756329847,1.00219595327051
19.8064634707411,1.00251496035474,1.0017235416277,1.00218948389283
19.8189675512151,1.0025692830455,1.00171952733127,1.00218304468535
19.831471631689,1.00261890401567,1.00171551556448,1.00217661784041
19.843975712163,1.00265874381625,1.00171150306809,1.00217021035753
19.8564797926369,1.00269129384017,1.00170748459152,1.00216382669571
19.8689838731109,1.00271872239691,1.00170346092829,1.00215745533291
19.8814879535848,1.00273368608914,1.00169941778903,1.00215110933381
19.8939920340588,1.00274357856692,1.00169536335135,1.00214478085425
19.9064961145328,1.00274569310312,1.00169128916126,1.0021384654108
19.9190001950067,1.00273790226994,1.00168718727013,1.00213217957114
19.9315042754807,1.00272512405199,1.00168306936229,1.00212590583942
19.9440083559546,1.00270230492234,1.00167891273345,1.00211965107237
19.9565124364286,1.00267248129407,1.00167472900292,1.00211341957909
19.9690165169025,1.00263771482034,1.00167052164058,1.0021072000936
19.9815205973765,1.00259169612823,1.00166626231676,1.00210100534609
19.9940246778504,1.00254137335476,1.00166197949472,1.00209482764505
20.0065287583244,1.00248445299147,1.00165765708702,1.00208866263506
20.0190328387983,1.00241971436065,1.0016532891933,1.00208252637753
20.0315369192723,1.00235116464104,1.00164889631505,1.00207640186187
20.0440409997462,1.0022752439566,1.00164444841807,1.00207029573918
20.0565450802202,1.00219461406227,1.00163996654692,1.00206421214301
20.0690491606941,1.00211064632138,1.00163545489228,1.0020581401637
20.0815532411681,1.00201982341264,1.00163088456607,1.00205209210078
20.094057321642,1.00192666405489,1.00162628973755,1.00204606049025
20.106561402116,1.00182993595571,1.00162165420189,1.00204004113519
20.1190654825899,1.00172961020594,1.00161697622096,1.00203404950255
20.1315695630639,1.00162768279557,1.00161227558664,1.00202806918322
20.1440736435379,1.00152303976053,1.00160752806061,1.00202210658822
20.1565777240118,1.00141720030382,1.00160275441794,1.0020161656775
20.1690818044858,1.0013105090827,1.00159795775718,1.00201023594906
20.1815858849597,1.00120307226452,1.00159312064171,1.00200432923983
20.1940899654337,1.00109582508972,1.00158826828567,1.00199843835575
20.2065940459076,1.00098890207733,1.0015833911609,1.00199255926637
20.2190981263816,1.00088337961834,1.00157849212427,1.00198670684464
20.2316022068555,1.00077879619821,1.0015735820859,1.00198086530939
20.2441062873295,1.0006766726505,1.00156865253668,1.00197504083362
20.2566103678034,1.00057698893878,1.00156371530326,1.00196923722949
20.2691144482774,1.00047904988918,1.00155877126097,1.00196344439337
20.2816185287513,1.00038631185193,1.00155382139071,1.00195767373516
20.2941226092253,1.00029608321278,1.00154887178091,1.00195191833027
20.3066266896992,1.00020975693297,1.00154392359362,1.0019461743001
20.3191307701732,1.00012911157173,1.00153898310689,1.00194045600225
20.3316348506471,1.00005152193847,1.00153404792064,1.00193474822195
20.3441389311211,0.999980556786581,1.00152912921438,1.00192905692778
20.3566430115951,0.999914731408107,1.00152422484516,1.00192338582239
20.369147092069,0.999852597579599,1.00151933324797,1.00191772514094
20.381651172543,0.999799737404232,1.00151447415821,1.00191208594967
20.3941552530169,0.999750841225768,1.00150963152761,1.00190646155542
20.4066593334909,0.999708090887628,1.00150481745419,1.00190084820166
20.4191634139648,0.999673390607801,1.00150003945299,1.00189525985273
20.4316674944388,0.99964285182394,1.00149528208264,1.00188968174109
20.4441715749127,0.999620942192922,1.00149057356254,1.00188411968148
20.4566756553867,0.999605214788461,1.00148589765958,1.00187857730413
20.4691797358606,0.999593947255927,1.00148125096915,1.00187304509824
20.4816838163346,0.999593090451844,1.00147666635484,1.00186753388516
20.4941878968085,0.999596418480455,1.00147210992517,1.00186203714441
20.5066919772825,0.999606226672994,1.00146760148124,1.00185655120783
20.5191960577564,0.999623977777341,1.00146314743637,1.00185108976822
20.5317001382304,0.999645726341513,1.00145872365721,1.00184563837333
20.5442042187043,0.99967549278066,1.00145436764159,1.00184020273348
20.5567082991783,0.999710630837978,1.0014500534278,1.00183478643121
20.5692123796522,0.999749661084433,1.00144577685327,1.00182938012951
20.5817164601262,0.999797158023618,1.00144157476848,1.00182399448627
20.5942205406002,0.999847837579167,1.00143740489105,1.00181862309551
20.6067246210741,0.999903434730395,1.00143328936513,1.0018132623506
20.6192287015481,0.999964578508657,1.00142923180775,1.00180792575689
20.631732782022,1.0000284101307,1.00142520600634,1.00180259907522
20.644236862496,1.00009736144126,1.00142124880514,1.00179728794469
20.6567409429699,1.00016937367019,1.00141733156503,1.00179199590689
20.6692450234439,1.0002436135675,1.00141345049962,1.00178671374688
20.6817491039178,1.00032205034079,1.0014096370504,1.00178145200079
20.6942531843918,1.00040180844273,1.00140585164042,1.0017762043375
20.7067572648657,1.00048358651002,1.00140211315607,1.00177096719906
20.7192613453397,1.00056706353461,1.0013984218523,1.00176575393017
20.7317654258136,1.0006512214248,1.00139475599731,1.00176055045892
20.7442695062876,1.00073628701857,1.00139114300308,1.00175536236253
20.7567735867615,1.00082136706341,1.00138755882058,1.00175019313167
20.7692776672355,1.00090645767175,1.00138400085962,1.00174503366131
20.7817817477094,1.00099053079206,1.00138048846367,1.00173989436175
20.7942858281834,1.00107379543394,1.00137699386293,1.00173476896489
20.8067899086573,1.00115576429821,1.00137352862315,1.00172965396397
20.8192939891313,1.00123533795886,1.00137009024794,1.00172456251473
20.8317980696053,1.00131351106072,1.00136666595623,1.00171948072717
20.8443021500792,1.00138836368833,1.00136326873063,1.00171441410357
20.8568062305532,1.00146037679457,1.00135988428519,1.00170936606333
20.8693103110271,1.00153030512212,1.00135651153327,1.00170432763531
20.8818143915011,1.00159462525855,1.00135315551148,1.00169930906389
20.894318471975,1.0016563711167,1.00134980474883,1.00169430415888
20.906822552449,1.00171407307888,1.00134646208925,1.00168930947873
20.9193266329229,1.00176623939422,1.00134312372142,1.00168433792653
20.9318307133969,1.00181545607303,1.00133978703919,1.00167937585329
20.9443347938708,1.00185833488345,1.00133645056128,1.00167442865918
20.9568388743448,1.00189652588404,1.00133311140861,1.00166949967069
20.9693429548187,1.00193125995223,1.00132976979549,1.00166458009582
20.9818470352927,1.00195770838202,1.00132641889284,1.0016596799571
20.9943511157666,1.00198066966707,1.00132306251921,1.00165479317409
21.0068551962406,1.00199817119456,1.00131969623752,1.00164991638896
21.0193592767145,1.00200879886116,1.00131631660017,1.00164506218154
21.0318633571885,1.00201587621291,1.00131292913988,1.00164021721902
21.0443674376625,1.00201561372746,1.00130952235052,1.00163538677015
21.0568715181364,1.00201029107126,1.00130610268621,1.00163057405343
21.0693755986104,1.00200122049006,1.00130267111513,1.00162577050306
21.0818796790843,1.00198375524045,1.0012992147334,1.00162098587023
21.0943837595583,1.00196295544487,1.00129574705935,1.00161621421922
21.1068878400322,1.0019369466629,1.00129225993017,1.00161145229151
21.1193919205062,1.00190480150243,1.00128875158958,1.00160671229259
21.1318960009801,1.00186957019841,1.00128523141515,1.00160198126771
21.1444000814541,1.00182818600413,1.00128168495072,1.00159726433348
21.156904161928,1.00178285841967,1.00127812319317,1.00159256459659
21.169408242402,1.00173459724775,1.0012745472168,1.00158787374908
21.1819123228759,1.00168027159056,1.00127094498959,1.0015832012447
21.1944164033499,1.00162372080978,1.00126733180447,1.00157854131762
21.2069204838238,1.00156371020808,1.00126370012338,1.00157389081603
21.2194245642978,1.00150003197865,1.00126005045461,1.00156926155557
21.2319286447717,1.00143459789251,1.00125639106024,1.00156464098754
21.2444327252457,1.00136591545141,1.00125271176858,1.00156003407068
21.2569368057196,1.00129547715243,1.00124902237507,1.00155544380753
21.2694408861936,1.00122372689222,1.00124532353906,1.00155086215454
21.2819449666676,1.00114985444392,1.00124160990349,1.0015462982721
21.2944490471415,1.0010754441712,1.00123789099949,1.00154174657193
21.3069531276155,1.00100022837661,1.00123416361952,1.00153720400621
21.3194572080894,1.00092472130639,1.00123043025433,1.00153268202288
21.3319612885634,1.0008492174311,1.00122669404235,1.00152816846688
21.3444653690373,1.00077414529551,1.0012229542145,1.00152366814893
21.3569694495113,1.00069987424518,1.00121921456505,1.0015191839829
21.3694735299852,1.00062620438455,1.00121547508326,1.00151470817127
21.3819776104592,1.00055472480764,1.00121174007161,1.00151024961116
21.3944816909331,1.00048444934025,1.0012080084538,1.00150580288107
21.4069857714071,1.0004161059446,1.00120428331632,1.00150136502614
21.419489851881,1.00035072090767,1.00120056819378,1.00149694717572
21.431993932355,1.00028699190254,1.00119685918355,1.00149253752345
21.4444980128289,1.00022703806499,1.00119316653614,1.00148814075265
21.4570020933029,1.0001700483645,1.00118948561204,1.0014837597063
21.4695061737768,1.00011529291018,1.00118581576368,1.00147938679778
21.4820102542508,1.00006613901954,1.0011821705183,1.00147503070491
21.4945143347247,1.00001947841102,1.00117853724717,1.00147068614912
21.5070184151987,0.99997677184529,1.00117492510723,1.00146635025347
21.5195224956727,0.999939214179225,1.00117133747856,1.00146203388674
21.5320265761466,0.999904387272934,1.00116776394928,1.00145772553107
21.5445306566206,0.999875392282564,1.00116422375436,1.00145342976643
21.5570347370945,0.999850530093982,1.00116070429855,1.00144914937922
21.5695388175685,0.999828796693196,1.00115720454107,1.00144487695453
21.5820428980424,0.999814243964864,1.00115374391569,1.00144062099376
21.5945469785164,0.999802675247575,1.00115030105831,1.00143637633325
21.6070510589903,0.999795821368464,1.00114688906942,1.00143214015975
21.6195551394643,0.999794680772842,1.00114351015395,1.00142792313016
21.6320592199382,0.999796491488163,1.00114014992728,1.00142371395964
21.6445633004122,0.999804382457127,1.00113683192727,1.00141951714445
21.6570673808861,0.999816306098657,1.0011335385673,1.00141533542188
21.6695714613601,0.999831296093102,1.00113026873605,1.00141116151738
21.682075541834,0.999852871259781,1.00112704294502,1.00140700378542
21.694579622308,0.999877029001491,1.00112383637914,1.00140285715392
21.7070837027819,0.999905252752358,1.00112066290464,1.00139871886393
21.7195877832559,0.999938067296797,1.001117523035,1.00139459938724
21.7320918637299,0.999973187331621,1.00111440193578,1.00139048763657
21.7445959442038,1.00001286051932,1.00111132185084,1.00138638803487
21.7571000246778,1.00005530763663,1.00110826448564,1.00138230326988
21.7696041051517,1.00009987321816,1.00110522893147,1.00137822619185
21.7821081856257,1.00014856224885,1.00110223212227,1.00137416501804
21.7946122660996,1.00019871037075,1.00109925162416,1.00137011475553
21.8071163465736,1.00025113501119,1.00109629893855,1.00136607269688
21.8196204270475,1.00030577232243,1.0010933729936,1.00136204912996
21.8321245075215,1.00036144218315,1.00109046180469,1.00135803315641
21.8446285879954,1.00041890855627,1.00108758165187,1.00135402912555
21.8571326684694,1.00047716977052,1.00108471766217,1.00135003966925
21.8696367489433,1.00053604066406,1.00108186927213,1.00134605776415
21.8821408294173,1.00059553628616,1.00107904678955,1.00134209148139
21.8946449098912,1.00065501423443,1.00107623466366,1.00133813590741
21.9071489903652,1.00071442297991,1.00107343992409,1.00133418838942
21.9196530708391,1.00077317799824,1.00107066053573,1.00133025901236
21.9321571513131,1.00083147176445,1.00106788943756,1.00132633708175
21.944661231787,1.00088844659678,1.00106513456931,1.00132242686476
21.957165312261,1.00094413540363,1.00106238716967,1.00131853092858
21.969669392735,1.00099883345841,1.00105964701683,1.0013146423907
21.9821734732089,1.00105069799003,1.00105691711537,1.00131076915569
21.9946775536829,1.00110116348902,1.00105419071336,1.00130690639941
22.0071816341568,1.00114937011709,1.00105146984549,1.00130305153037
22.0196857146308,1.00119442855266,1.00104875238179,1.00129921440234
22.0321897951047,1.00123775668087,1.00104603652553,1.00129538455309
22.0446938755787,1.00127721582778,1.00104332230473,1.00129156615554
22.0571979560526,1.00131381469155,1.00104060760899,1.0012877617048
22.0697020365266,1.00134820037043,1.00103789244996,1.0012839644786
22.0822061170005,1.0013773330639,1.00103517415869,1.00128018219264
22.0947101974745,1.00140417470768,1.00103245379991,1.00127641012667
22.1072142779484,1.00142735005231,1.00102972948349,1.00127264575738
22.1197183584224,1.00144595295086,1.00102699977601,1.00126889868245
22.1322224388963,1.00146213485994,1.00102426684279,1.00126515870042
22.1447265193703,1.00147316970645,1.00102152561722,1.00126142987954
22.1572305998442,1.00148069949366,1.00101877906104,1.00125771463948
22.1697346803182,1.00148550534906,1.00101602727713,1.00125400643429
22.1822387607922,1.00148431273096,1.00101326508261,1.00125031277561
22.1947428412661,1.0014806548897,1.0010104981039,1.00124662905974
22.2072469217401,1.00147306894004,1.00100772269891,1.00124295283591
22.219751002214,1.00146090101621,1.00100493858375,1.00123929343348
22.232255082688,1.00144636467036,1.00100214953197,1.00123564092926
22.2447591631619,1.00142697182784,1.00099934946686,1.00123199928191
22.2572632436359,1.00140448555138,1.00099654342199,1.00122837083748
22.2697673241098,1.00137958474347,1.00099373148136,1.00122474923299
22.2822714045838,1.00134972488418,1.0009909094743,1.00122114177321
22.2947754850577,1.00131795042626,1.0009880833249,1.00121754397725
22.3072795655317,1.0012831418983,1.00098525012661,1.00121395346709
22.3197836460056,1.0012450699857,1.00098241074198,1.00121037930818
22.3322877264796,1.00120536529577,1.00097956799873,1.00120681185615
22.3447918069535,1.0011624878963,1.0009767187585,1.00120325496213
22.3572958874275,1.0011177983051,1.00097386678266,1.00119971090457
22.3697999679014,1.00107168806646,1.00097101209521,1.00119617349886
22.3823040483754,1.00102303050157,1.00096815428853,1.00119264985281
22.3948081288493,1.00097353055797,1.00096529574933,1.0011891356063
22.4073122093233,1.00092272078965,1.00096243629954,1.00118562845024
22.4198162897973,1.00087082889647,1.00095957753905,1.00118213720497
22.4323203702712,1.00081846874705,1.00095671941259,1.00117865248907
22.4448244507452,1.0007654436607,1.00095386431304,1.00117517805419
22.4573285312191,1.00071233088359,1.00095101212629,1.00117171611931
22.4698326116931,1.00065914906262,1.00094816284219,1.0011682606643
22.482336692167,1.00060641998385,1.0009453210256,1.00116481861875
22.494840772641,1.00055410049719,1.00094248326529,1.00116138573423
22.5073448531149,1.00050247784926,1.0009396530345,1.00115795976398
22.5198489335889,1.0004521313258,1.00093683203889,1.0011545493099
22.5323530140628,1.00040254700626,1.00093401655178,1.00115114522708
22.5448570945368,1.00035485440887,1.00093121506232,1.00114775117885
22.5573611750107,1.00030871463156,1.00092842246688,1.00114436933246
22.5698652554847,1.00026380280411,1.00092563878187,1.00114099381383
22.5823693359586,1.00022202696407,1.0009228730173,1.00113763139581
22.5948734164326,1.00018171925915,1.00092011580621,1.00113427792865
22.6073774969065,1.00014379917952,1.00091737394211,1.00113093122087
22.6198815773805,1.00010899686914,1.00091464862228,1.001127599682
22.6323856578544,1.00007589308892,1.00091193292286,1.00112427437527
22.6448897383284,1.0000465423377,1.00090923999557,1.00112095888643
22.6573938188024,1.00001983176735,1.00090656033169,1.00111765533633
22.6698978992763,0.999995218109883,1.00090389402675,1.00111435797964
22.6824019797503,0.999975350056306,1.00090125264121,1.00111107345031
22.6949060602242,0.999957520623458,1.00089862261252,1.0011077976847
22.7074101406982,0.999942981373827,1.00089601269647,1.00110452854075
22.7199142211721,0.999932384628563,1.00089342319437,1.00110127425445
22.7324183016461,0.999923875420894,1.00089084542982,1.00109802607467
22.74492238212,0.999919785839044,1.0008882944356,1.00109478751711
22.757426462594,0.999918591564884,1.00088575823573,1.00109156065819
22.7699305430679,0.999919706842524,1.00088323701645,1.00108833986957
22.7824346235419,0.999925705020639,1.00088074237947,1.00108513165642
22.7949387040158,0.999933688672881,1.00087825948332,1.00108193203232
22.8074427844898,0.999944860224406,1.0008757971871,1.00107873890145
22.8199468649637,0.999959607653825,1.00087335484577,1.00107556033414
22.8324509454377,0.999976204815751,1.00087092388437,1.00107238775325
22.8449550259116,0.999996569587075,1.00086851809356,1.00106922460733
22.8574591063856,1.00001923209472,1.00086612558332,1.00106607292726
22.8699631868596,1.00004373545289,1.00086374659271,1.00106292719747
22.8824672673335,1.00007183908455,1.00086139049726,1.00105979379569
22.8949713478075,1.00010130450095,1.00085904421245,1.00105666880928
22.9074754282814,1.00013293798104,1.00085671497238,1.00105355018829
22.9199795087554,1.00016677065233,1.00085440145655,1.00105044583491
22.9324835892293,1.0002016951374,1.0008520968304,1.00104734734584
22.9449876697033,1.000238682265,1.00084981118868,1.00104425810104
22.9574917501772,1.00027674435406,1.00084753503425,1.00104118008294
22.9699958306512,1.00031567140243,1.00084526858953,1.00103810789129
22.9824999111251,1.00035595625205,1.00084301765849,1.0010350477709
22.9950039915991,1.00039662363185,1.00084077310899,1.00103199588463
23.007508072073,1.00043787012656,1.00083853948113,1.00102895023009
23.020012152547,1.00047939118808,1.00083631524739,1.00102591853236
23.0325162330209,1.00052097678808,1.00083409625102,1.00102289257007
23.0450203134949,1.00056242266674,1.00083188780622,1.00101987565057
23.0575243939688,1.00060348927842,1.00082968416699,1.00101686970471
23.0700284744428,1.00064424938946,1.0008274854723,1.00101386945407
23.0825325549167,1.00068387406133,1.00082529384369,1.00101088100213
23.0950366353907,1.00072285130724,1.00082310486501,1.00100790059219
23.1075407158647,1.00076074313625,1.00082092024299,1.00100492627188
23.1200447963386,1.00079702845363,1.00081873872982,1.00100196557904
23.1325488768126,1.00083239521896,1.00081655887003,1.00099901048522
23.1450529572865,1.00086559000076,1.00081438168276,1.00099606422076
23.1575570377605,1.00089715528174,1.00081220524548,1.00099312866314
23.1700611182344,1.00092739797761,1.00081002958401,1.00099019866252
23.1825651987084,1.0009544984857,1.00080785415154,1.00098728017392
23.1950692791823,1.00098017200281,1.00080567849939,1.00098436952653
23.2075733596563,1.00100350712391,1.00080350224398,1.00098146481997
23.2200774401302,1.00102393971994,1.00080132475427,1.00097857339838
23.2325815206042,1.00104279665557,1.00079914648184,1.0009756874347
23.2450856010781,1.00105819882559,1.00079696589637,1.00097281007948
23.2575896815521,1.00107127377066,1.00079478378443,1.00096994315716
23.270093762026,1.00108245161991,1.00079260008504,1.00096708165021
23.2825978425,1.00108951732019,1.00079041327409,1.00096423136268
23.2951019229739,1.00109483727752,1.0007882250094,1.00096138871307
23.3076060034479,1.00109731721476,1.00078603412352,1.00095855185344
23.3201100839218,1.00109652169346,1.00078384068864,1.00095572793451
23.3326141643958,1.00109398981258,1.00078164579137,1.00095290933259
23.3451182448698,1.0010877982378,1.00077944768538,1.00095009911861
23.3576223253437,1.00107930057059,1.0007772480281,1.00094729906628
23.3701264058177,1.00106891487449,1.00077504674894,1.00094450428955
23.3826304862916,1.0010546996235,1.00077284310799,1.00094172044456
23.3951345667656,1.00103894503663,1.00077063859779,1.00093894403921
23.4076386472395,1.00102070251698,1.00076843267289,1.00093617327662
23.4201427277135,1.00099978424367,1.0007662259386,1.00093341512136
23.4326468081874,1.00097748179349,1.00076401881653,1.00093066214752
23.4451508886614,1.00095238931305,1.00076181147764,1.00092791734951
23.4576549691353,1.0009256784764,1.00075960453466,1.00092518245406
23.4701590496093,1.00089763692105,1.00075739800781,1.00092245270102
23.4826631300832,1.00086714069865,1.00075519321622,1.00091973360664
23.4951672105572,1.00083574519342,1.00075298955647,1.00091702176478
23.5076712910311,1.00080291640147,1.00075078816076,1.00091431542676
23.5201753715051,1.00076874918537,1.0007485898228,1.00091162138312
23.532679451979,1.00073392991731,1.00074639337844,1.00090893239417
23.545183532453,1.00069795020049,1.0007442022034,1.00090625138296
23.557687612927,1.00066146475274,1.00074201448196,1.00090358003322
23.5701916934009,1.00062456165634,1.00073983041006,1.00090091370216
23.5826957738749,1.00058720471419,1.00073765381436,1.00089825777665
23.5951998543488,1.00054981072625,1.00073548096831,1.00089560893062
23.6077039348228,1.00051239439106,1.00073331509147,1.00089296546004
23.6202080152967,1.00047528098471,1.00073115678039,1.00089033399503
23.6327120957707,1.00043839274516,1.00072900298634,1.00088770746792
23.6452161762446,1.00040221682059,1.00072686041537,1.00088508873603
23.6577202567186,1.0003667235763,1.00072472435549,1.00088247944346
23.6702243371925,1.00033179655506,1.00072259521287,1.00087987505556
23.6827284176665,1.00029842412885,1.00072047890241,1.00087728083997
23.6952324981404,1.00026583611445,1.00071836866954,1.00087469354408
23.7077365786144,1.00023456324997,1.00071626952039,1.0008721115052
23.7202406590883,1.00020504451806,1.00071418156346,1.00086954120471
23.7327447395623,1.00017651063044,1.00071210020996,1.00086697573379
23.7452488200362,1.00015024779371,1.00071003453896,1.00086441788882
23.7577529005102,1.0001255832133,1.00070797744954,1.00086186927626
23.7702569809841,1.00010224998982,1.00070592952585,1.00085932546199
23.7827610614581,1.00008190562571,1.00070389771812,1.00085679160191
23.7952651419321,1.00006289109681,1.00070187330627,1.00085426451129
23.807769222406,1.00004607201238,1.00069986223602,1.00085174256635
23.82027330288,1.00003186019304,1.00069786402273,1.00084923210716
23.8327773833539,1.00001906261303,1.00069587334392,1.00084672637456
23.8452814638279,1.00000934703745,1.00069390002085,1.00084422810687
23.8577855443018,1.00000162512918,1.00069193579357,1.00084173887349
23.8702896247758,0.999995571151242,1.00068998133323,1.00083925433629
23.8827937052497,0.999992986941871,1.00068804334338,1.00083677954302
23.8952977857237,0.999991860810843,1.00068611272938,1.00083431137345
23.9078018661976,0.999993124109488,1.00068419530258,1.00083184824152
23.9203059466716,0.999997040649218,1.00068229008566,1.00082939634856
23.9328100271455,1.00000236623964,1.00068039198638,1.00082694908095
23.9453141076195,1.00001064530648,1.00067850984215,1.00082450911988
23.9578181880934,1.0000207122879,1.00067663573059,1.00082207799712
23.9703222685674,1.00003228154075,1.00067477029057,1.00081965146922
23.9828263490413,1.00004676860877,1.00067291889605,1.00081723447588
23.9953304295153,1.00006241293143,1.00067107364242,1.0008148239604
24.0078345099892,1.00007993748326,1.00066923926446,1.00081241837434
24.0203385904632,1.00009939178176,1.00066741454664,1.00081002377907
24.0328426709372,1.00011984312305,1.00066559542981,1.00080763370691
24.0453467514111,1.00014227180126,1.00066378849576,1.00080525078118
24.0578508318851,1.00016577956267,1.00066198742695,1.00080287649509
24.070354912359,1.00019019793381,1.00066019272376,1.000800506701
24.082858992833,1.0002161737104,1.00065840786209,1.00079814622842
24.0953630733069,1.00024268984416,1.00065662718055,1.00079579208513
24.1078671537809,1.00027006188312,1.00065485380921,1.00079344276082
24.1203712342548,1.0002981286597,1.00065308660354,1.00079110417403
24.1328753147288,1.00032651746256,1.00065132294717,1.00078877000588
24.1453793952027,1.00035539216216,1.00064956670069,1.00078644282044
24.1578834756767,1.00038437133604,1.00064781381278,1.00078412407172
24.1703875561506,1.00041343905445,1.0006460645895,1.00078180970989
24.1828916366246,1.0004423396482,1.00064432067201,1.00077950445182
24.1953957170985,1.00047104524914,1.00064257891201,1.00077720537155
24.2078997975725,1.00049939398817,1.00064084084548,1.00077491099749
24.2204038780464,1.00052708060184,1.00063910565376,1.00077262710304
24.2329079585204,1.00055436244136,1.00063737209679,1.00077034752103
24.2454120389943,1.00058058584568,1.00063564171877,1.00076807475525
24.2579161194683,1.00060597227729,1.00063391264005,1.00076581022056
24.2704201999423,1.00063064628571,1.00063218498664,1.00076354996637
24.2829242804162,1.00065358640762,1.00063045916623,1.00076129859582
24.2954283608902,1.0006756976778,1.00062873403214,1.00075905325061
24.3079324413641,1.00069641345331,1.00062701001967,1.00075681249795
24.3204365218381,1.00071538867504,1.00062528675505,1.00075458196624
24.332940602312,1.00073339397712,1.00062356390658,1.00075235564082
24.345444682786,1.00074919447582,1.00062184176323,1.00075013596519
24.3579487632599,1.00076351986845,1.00062011986822,1.00074792431614
24.3704528437339,1.00077658423599,1.00061839824711,1.00074571684189
24.3829569242078,1.00078694926002,1.00061667696254,1.00074351803315
24.3954610046818,1.00079613033437,1.00061495582185,1.0007413250994
24.4079650851557,1.00080334265649,1.00061323493405,1.00073913664604
24.4204691656297,1.00080830884825,1.00061151432486,1.00073695815965
24.4329732461036,1.00081205538446,1.00060979389269,1.00073478377571
24.4454773265776,1.00081315795121,1.00060807399115,1.0007326158788
24.4579814070515,1.00081261566344,1.00060635448097,1.00073045580936
24.4704854875255,1.00081066115992,1.00060463540471,1.00072829981199
24.4829895679995,1.00080588488341,1.00060291734474,1.00072615226862
24.4954936484734,1.00079993420085,1.00060119986357,1.00072401045504
24.5079977289474,1.00079204640647,1.00059948352947,1.00072187301353
24.5205018094213,1.00078208980412,1.00059776858711,1.00071974529462
24.5330058898953,1.0007710324057,1.0005960545111,1.00071762157858
24.5455099703692,1.00075768526077,1.00059434286027,1.00071550419349
24.5580140508432,1.00074301089085,1.00059263273197,1.00071339444556
24.5705181313171,1.00072719208741,1.00059092430084,1.00071128867166
24.5830222117911,1.00070925470008,1.00058921924355,1.00070919115014
24.595526292265,1.0006904922601,1.00058751591702,1.00070709922037
24.608030372739,1.00067038529671,1.00058581589879,1.00070501155967
24.6205344532129,1.00064897523694,1.00058411940888,1.00070293338971
24.6330385336869,1.00062689514283,1.00058242506893,1.00070085912828
24.6455426141608,1.00060352403076,1.00058073626652,1.00069879104994
24.6580466946348,1.00057950750527,1.00057905061618,1.00069673042871
24.6705507751087,1.00055493205176,1.00057736849834,1.00069467368873
24.6830548555827,1.00052951155359,1.00057569282406,1.00069262501051
24.6955589360566,1.00050383350478,1.00057402029397,1.00069058179355
24.7080630165306,1.00047776033577,1.00057235366068,1.00068854274829
24.7205670970046,1.00045147938532,1.00057069290031,1.00068651297454
24.7330711774785,1.00042512754151,1.00056903568439,1.00068448702003
24.7455752579525,1.0003988008048,1.00056738719387,1.00068246710873
24.7580793384264,1.00037265403152,1.00056574339349,1.00068045448395
24.7705834189004,1.00034666377954,1.00056410487748,1.00067844565248
24.7830874993743,1.0003212680263,1.00056247550555,1.00067644470192
24.7955915798483,1.00029622294537,1.00056085046446,1.00067444908853
24.8080956603222,1.00027179306179,1.00055923344971,1.00067245755429
24.8205997407962,1.00024824252182,1.00055762407044,1.00067047508261
24.8331038212701,1.0002252050384,1.0005560192747,1.00066849634488
24.8456079017441,1.00020342606762,1.00055442542081,1.00066652351668
24.858111982218,1.00018254803649,1.00055283720838,1.00066455781149
24.870616062692,1.0001624569707,1.00055125538628,1.00066259581522
24.8831201431659,1.00014413889433,1.00054968419181,1.00066064152593
24.8956242236399,1.00012664195627,1.00054811792251,1.00065869245409
24.9081283041138,1.00011053488304,1.00054656069883,1.00065674737208
24.9206323845878,1.00009607202679,1.00054501176971,1.00065481115032
24.9331364650618,1.00008252291076,1.00054346780196,1.00065287857964
24.9456405455357,1.00007103013922,1.00054193538645,1.00065095178855
24.9581446260097,1.00006085304808,1.00054040871993,1.00064903196102
24.9706487064836,1.00005183015545,1.00053888860051,1.00064711575996
24.9831527869576,1.00004517294494,1.00053737899979,1.0006452070956
24.9956568674315,1.00003954176392,1.00053587418433,1.00064330353114
25.0081609479055,1.00003562829736,1.00053437808626,1.00064140386874
25.0206650283794,1.00003360071416,1.00053288971849,1.00063951286723
25.0331691088534,1.00003259940907,1.00053140596149,1.00063762543491
25.0456731893273,1.00003381068196,1.00052993269415,1.0006357436537
25.0581772698013,1.0000363458521,1.00052846447426,1.00063386867801
25.0706813502752,1.00004004743977,1.00052700203341,1.00063199724699
25.0831854307492,1.00004598674851,1.00052554857221,1.0006301331834
25.0956895112231,1.00005284816767,1.00052409912424,1.00062827410266
25.1081935916971,1.00006123890588,1.00052265692636,1.0006264188365
25.120697672171,1.00007119713229,1.00052122094613,1.00062457203238
25.133201752645,1.00008199087402,1.0005197886649,1.00062272871563
25.1457058331189,1.00009450383278,1.00051836460064,1.00062089092153
25.1582099135929,1.00010796612099,1.00051694435653,1.00061905977491
25.1707139940669,1.00012226842193,1.00051552850975,1.00061723209108
25.1832180745408,1.00013804199483,1.00051411926463,1.00061541160517
25.1957221550148,1.00015437369046,1.0005127129171,1.00061359598496
25.2082262354887,1.00017161436909,1.00051131175659,1.00061178409168
25.2207303159627,1.00018967161072,1.00050991489368,1.00060998046134
25.2332343964366,1.0002081438345,1.00050852058148,1.00060818023645
25.2457384769106,1.00022737315003,1.00050713179701,1.00060638540557
25.2582425573845,1.00024692737106,1.00050574549569,1.00060459706414
25.2707466378585,1.00026677032389,1.00050436206806,1.00060281210364
25.2832507183324,1.0002869414194,1.00050298281436,1.0006010341716
25.2957547988064,1.00030716763156,1.00050160536449,1.0005992609884
25.3082588792803,1.00032745529557,1.00050023111681,1.0005974914446
25.3207629597543,1.00034762068546,1.00049885944875,1.00059572996543
25.3332670402282,1.00036768632937,1.00049748931094,1.00059397181023
25.3457711207022,1.00038738441041,1.00049612243743,1.00059221892104
25.3582752011761,1.00040672976673,1.00049475700499,1.0005904723645
25.3707792816501,1.00042576031802,1.00049339324925,1.00058872910771
25.383283362124,1.00044395362292,1.00049203191,1.00058699271151
25.395787442598,1.00046171397615,1.00049067162295,1.00058526094873
25.408291523072,1.00047871992901,1.00048931321263,1.00058353273882
25.4207956035459,1.00049476037568,1.00048795634656,1.0005818123981
25.4332996840199,1.00051024678993,1.00048660040452,1.0005800953012
25.4458037644938,1.00052441400213,1.0004852465124,1.00057838334444
25.4583078449678,1.00053769704834,1.0004838935827,1.00057667756656
25.4708119254417,1.00055018757991,1.0004825417788,1.00057497500889
25.4833160059157,1.00056099186892,1.00048119173819,1.00057327914756
25.4958200863896,1.00057103039637,1.00047984252058,1.00057158780702
25.5083241668636,1.00057976515163,1.00047849482979,1.00056989993489
25.5208282473375,1.00058702469208,1.0004771485467,1.00056821974169
25.5333323278115,1.00059346415223,1.0004758031232,1.00056654271446
25.5458364082854,1.00059807163839,1.0004744598165,1.00056487070507
25.5583404887594,1.00060155399703,1.0004731176209,1.00056320472555
25.5708445692333,1.00060402351173,1.00047177673201,1.00056154188921
25.5833486497073,1.00060450004078,1.00047043810123,1.00055988559032
25.5958527301812,1.0006041201618,1.00046910058563,1.0005582337035
25.6083568106552,1.00060229762586,1.00046776520236,1.00055658520352
25.6208608911291,1.00059895005188,1.00046643190244,1.00055494419911
25.6333649716031,1.00059477018647,1.00046509988512,1.00055330628573
25.6458690520771,1.00058880756812,1.00046377114201,1.00055167327248
25.658373132551,1.00058182033577,1.00046244414812,1.00055004614586
25.670877213025,1.00057390676875,1.00046111922248,1.00054842208841
25.6833812934989,1.000564290494,1.00045979788032,1.00054680441582
25.6958853739729,1.00055398090079,1.00045847830393,1.00054519105096
25.7083894544468,1.00054251691519,1.00045716210507,1.00054358099467
25.7208935349208,1.00052992325388,1.00045584914815,1.00054197825806
25.7333976153947,1.00051672710405,1.00045453818439,1.00054037854061
25.7459016958687,1.0005023124182,1.00045323223213,1.00053878361039
25.7584057763426,1.00048726405739,1.00045192888235,1.00053719442943
25.7709098568166,1.00047164033527,1.00045062862627,1.00053560824664
25.7834139372905,1.00045507975217,1.00044933356875,1.00053402830229
25.7959180177645,1.00043818012445,1.00044804102915,1.00053245256553
25.8084220982384,1.00042073332662,1.00044675326956,1.00053088006218
25.8209261787124,1.0004028548178,1.00044546995061,1.00052931470953
25.8334302591864,1.00038476449597,1.00044418935496,1.00052775230691
25.8459343396603,1.00036634125898,1.00044291544999,1.00052619458293
25.8584384201343,1.00034783394635,1.00044164490564,1.00052464247592
25.8709425006082,1.00032924996638,1.00044037837771,1.00052309329867
25.8834465810822,1.00031071906393,1.00043911838183,1.00052155021863
25.8959506615561,1.00029228048369,1.00043786149658,1.00052001124945
25.9084547420301,1.00027402642994,1.00043661046974,1.00051847544107
25.920958822504,1.00025612011453,1.00043536471621,1.00051694661988
25.933462902978,1.00023843074574,1.00043412219038,1.00051542068173
25.9459669834519,1.0002213399665,1.00043288742315,1.00051389931691
25.9584710639259,1.00020470419438,1.00043165643384,1.00051238344058
25.9709751443998,1.00018848512282,1.00043042998406,1.0005108704275
25.9834792248738,1.00017323258919,1.00042921069751,1.00050936337417
25.9959833053477,1.00015845133921,1.00042799477157,1.0005078603374
26.0084873858217,1.00014449138631,1.00042678512812,1.00050636039059
26.0209914662956,1.00013150940363,1.00042558097766,1.00050486727122
26.0334955467696,1.00011908482598,1.00042438018483,1.00050337696931
26.0459996272435,1.00010796343825,1.00042318730274,1.00050189113764
26.0585037077175,1.00009767037445,1.00042199816328,1.00050041066846
26.0710077881915,1.00008813916414,1.00042081354518,1.00049893299725
26.0835118686654,1.00008015187917,1.00041963586384,1.00049746115072
26.0960159491394,1.00007285593398,1.0004184613935,1.00049599322796
26.1085200296133,1.00006674388462,1.0004172928839,1.00049452832544
26.1210241100873,1.00006191789412,1.00041612944555,1.00049307009296
26.1335281905612,1.0000578082745,1.00041496910426,1.00049161461323
26.1460322710352,1.00005528842461,1.00041381592358,1.00049016350196
26.1585363515091,1.00005370713509,1.00041266603956,1.00048871762876
26.1710404319831,1.00005299280443,1.00041152015966,1.00048727448903
26.183544512457,1.00005391765671,1.00041038026188,1.00048583704037
26.196048592931,1.00005554092501,1.00040924309977,1.00048440342372
26.2085526734049,1.00005834710623,1.00040811098207,1.00048297275828
26.2210567538789,1.00006235652184,1.00040698304755,1.00048154860709
26.2335608343528,1.00006702474483,1.00040585766659,1.00048012714457
26.2460649148268,1.00007309251596,1.00040473808815,1.0004787099497
26.2585689953007,1.00007993104238,1.00040362111535,1.0004772978697
26.2710730757747,1.00008748458766,1.00040250732441,1.00047588845929
26.2835771562486,1.00009629307921,1.00040139817579,1.00047448460761
26.2960812367226,1.00010560491046,1.00040029112965,1.00047308449712
26.3085853171965,1.00011575628151,1.00039918793878,1.00047168726947
26.3210893976705,1.00012668584181,1.00039808787842,1.00047029640196
26.3335934781445,1.00013802985742,1.00039698972984,1.00046890815975
26.3460975586184,1.00015018929382,1.00039589587205,1.00046752408546
26.3586016390924,1.00016274005785,1.00039480390767,1.00046614500436
26.3711057195663,1.00017565541284,1.00039371426793,1.00046476852973
26.3836098000403,1.00018910322693,1.00039262797196,1.00046339748319
26.3961138805142,1.00020272582202,1.00039154318697,1.00046203008832
26.4086179609882,1.00021662147609,1.00039046116973,1.00046066550884
26.4211220414621,1.00023067268436,1.00038938138627,1.00045930713774
26.4336261219361,1.00024478920279,1.00038830297053,1.0004579513296
26.44613020241,1.00025893539691,1.00038722763614,1.00045659959126
26.458634282884,1.00027300521839,1.00038615366782,1.00045525272659
26.4711383633579,1.00028700357918,1.00038508138574,1.00045390840645
26.4836424438319,1.0003007039455,1.00038401155819,1.00045256938621
26.4961465243058,1.00031422019444,1.00038294285755,1.00045123392996
26.5086506047798,1.00032739704487,1.0003818762435,1.00044990122301
26.5211546852537,1.00034010187179,1.00038081135991,1.00044857457601
26.5336587657277,1.0003525254339,1.00037974754283,1.00044725043108
26.5461628462016,1.00036423086413,1.00037868621513,1.00044593026006
26.5586669266756,1.00037544488798,1.00037762603705,1.00044461484617
26.5711710071496,1.00038619713287,1.00037656728573,1.00044330191641
26.5836750876235,1.00039596005717,1.00037551071025,1.00044199416164
26.5961791680975,1.00040525530938,1.00037445516901,1.00044068988559
26.6086832485714,1.00041373300206,1.00037340158664,1.00043938829451
26.6211873290454,1.00042128803277,1.00037234971434,1.00043809261916
26.6336914095193,1.00042831792239,1.00037129890473,1.00043679938675
26.6461954899933,1.00043413441853,1.00037025070043,1.00043551003518
26.6586995704672,1.00043921377276,1.00036920375595,1.0004342253277
26.6712036509412,1.0004435974493,1.00036815838345,1.00043294304582
26.6837077314151,1.00044663094313,1.00036711550868,1.00043166581788
26.6962118118891,1.00044906604204,1.00036607385146,1.0004303919861
26.708715892363,1.00045047066271,1.00036503453852,1.00042912077701
26.721219972837,1.00045079809289,1.00036399732819,1.00042785534408
26.7337240533109,1.00045052356067,1.0003629614305,1.00042659229691
26.7462281337849,1.00044892180453,1.00036192882287,1.00042533304054
26.7587322142589,1.00044656662523,1.00036089782463,1.00042407831899
26.7712362947328,1.00044349734547,1.00035986884542,1.00042282596641
26.7837403752068,1.00043913118394,1.00035884309113,1.00042157855075
26.7962444556807,1.00043421731225,1.00035781891434,1.00042033445144
26.8087485361547,1.00042837176226,1.00035679778453,1.00041909291458
26.8212526166286,1.00042161655138,1.00035577937239,1.00041785701896
26.8337566971026,1.00041436173499,1.00035476265897,1.00041662345379
26.8462607775765,1.00040605807662,1.00035375018751,1.00041539359231
26.8587648580505,1.00039720408681,1.00035273976277,1.00041416815992
26.8712689385244,1.00038782624595,1.0003517319196,1.00041294504171
26.8837730189984,1.00037757757412,1.00035072813429,1.00041172674711
26.8962770994723,1.00036698763715,1.00034972631949,1.00041051169155
26.9087811799463,1.0003558299289,1.00034872829736,1.00040929914007
26.9212852604202,1.00034418326756,1.00034773359227,1.00040809209903
26.9337893408942,1.00033227807585,1.00034674096075,1.00040688733475
26.9462934213681,1.00031989106419,1.0003457534371,1.00040568618965
26.9587975018421,1.00030730330696,1.00034476832357,1.00040448937094
26.971301582316,1.00029452364203,1.00034378626647,1.00040329481318
26.98380566279,1.00028152525185,1.00034280890671,1.00040210496882
26.996309743264,1.00026847863321,1.00034183380515,1.00040091828829
27.0088138237379,1.00025537243602,1.00034086302589,1.00039973405502
27.0213179042119,1.00024231339855,1.00033989594062,1.00039855520473
27.0338219846858,1.00022929746826,1.00033893116461,1.00039737857888
27.0463260651598,1.00021647414522,1.00033797198712,1.00039620548972
27.0588301456337,1.00020383560419,1.00033701538898,1.00039503662671
27.0713342261077,1.00019137446941,1.00033606207961,1.00039386997263
27.0838383065816,1.00017936985116,1.00033511370785,1.00039270792423
27.0963423870556,1.00016760659086,1.000334167686,1.00039154896605
27.1088464675295,1.00015628051576,1.00033322613543,1.00039039239951
27.1213505480035,1.00014549067865,1.00033228831916,1.00038924109116
27.1338546284774,1.00013501519261,1.00033135283786,1.00038809195592
27.1463587089514,1.00012531232239,1.00033042292883,1.0003869462765
27.1588627894253,1.00011610187934,1.00032949552812,1.00038580472488
27.1713668698993,1.00010736623975,1.00032857134297,1.00038466533114
27.1838709503732,1.00009958860531,1.00032765187807,1.00038353043728
27.1963750308472,1.00009225486818,1.00032673463904,1.00038239856134
27.2088791113211,1.00008570021681,1.00032582161126,1.00038126902237
27.2213831917951,1.00007998530458,1.000324912025,1.0003801446189
27.2338872722691,1.00007474893208,1.00032400459178,1.00037902233807
27.246391352743,1.00007060807277,1.00032310222257,1.00037790343349
27.258895433217,1.00006710543937,1.00032220208457,1.00037678855996
27.2713995136909,1.00006422083487,1.00032130482244,1.00037567579408
27.2839035941649,1.00006248771608,1.00032041169669,1.00037456742392
27.2964076746388,1.00006126063603,1.0003195205068,1.00037346200056
27.3089117551128,1.00006090942129,1.0003186329617,1.00037235886032
27.3214158355867,1.00006143979738,1.00031774833969,1.00037126073486
27.3339199160607,1.00006246479954,1.00031686554813,1.00037016468236
27.3464239965346,1.00006457243548,1.00031598701257,1.00036907192778
27.3589280770086,1.00006727050596,1.00031511031991,1.00036798310909
27.3714321574825,1.00007054278339,1.00031423601553,1.00036689634862
27.3839362379565,1.00007481532578,1.00031336509314,1.0003658138814
27.3964403184304,1.00007950615426,1.00031249574706,1.00036473429107
27.4089443989044,1.00008491054222,1.00031162936102,1.00036365693089
27.4214484793783,1.00009098117553,1.00031076532035,1.00036258446688
27.4339525598523,1.00009741871134,1.00030990275088,1.00036151402704
27.4464566403263,1.0001046135024,1.00030904358708,1.00036044680816
27.4589607208002,1.00011218363845,1.00030818588595,1.00035938343177
27.4714648012742,1.00012012037207,1.00030733009064,1.00035832206512
27.4839688817481,1.00012862681774,1.00030647698079,1.00035726489119
27.4964729622221,1.00013734835663,1.00030562512627,1.00035621052563
27.508977042696,1.0001464240497,1.0003047756349,1.00035515833831
27.52148112317,1.00015577203355,1.00030392801895,1.00035411093099
27.5339852036439,1.00016526103508,1.00030308158291,1.00035306550009
27.5464892841179,1.00017498194795,1.00030223790449,1.00035202321483
27.5589933645918,1.00018476880054,1.0003013954204,1.00035098468075
27.5714974450658,1.00019462033286,1.00030055450094,1.000349948109
27.5840015255397,1.00020447380371,1.00029971581436,1.00034891563173
27.5965056060137,1.00021428950994,1.00029887818566,1.00034788589596
27.6090096864876,1.00022401844891,1.00029804256897,1.00034685828772
27.6215137669616,1.00023357240362,1.00029720858118,1.00034583534618
27.6340178474355,1.00024301462479,1.00029637562263,1.00034481433451
27.6465219279095,1.00025212740878,1.00029554513262,1.00034379639503
27.6590260083834,1.00026099796608,1.00029471573823,1.00034278211779
27.6715300888574,1.00026962990431,1.00029388778702,1.00034176975671
27.6840341693314,1.00027773169824,1.00029306195055,1.00034076139446
27.6965382498053,1.0002855693733,1.00029223713573,1.00033975570866
27.7090423302793,1.00029293041273,1.00029141429294,1.00033875210103
27.7215464107532,1.00029974865147,1.0002905930898,1.00033775304991
27.7340504912272,1.00030625029832,1.00028977292727,1.00033675588342
27.7465545717011,1.00031199000503,1.00028895533211,1.0003357617177
27.7590586521751,1.00031726959244,1.00028813890243,1.00033477112782
27.771562732649,1.00032209396588,1.0002873240163,1.00033378240923
27.784066813123,1.00032604353911,1.00028651143828,1.00033279759654
27.7965708935969,1.00032959303477,1.00028569999066,1.00033181539712
27.8090749740709,1.00033243720504,1.00028489074813,1.00033083522793
27.8215790545448,1.0003345515931,1.00028408336381,1.00032985950826
27.8340831350188,1.00033624880426,1.00028327716242,1.00032888562926
27.8465872154927,1.00033699830565,1.00028247392058,1.00032791468168
27.8590912959667,1.00033721725389,1.0002816720295,1.00032694722603
27.8715953764406,1.00033690904997,1.00028087193711,1.0003259815981
27.8840994569146,1.00033565679179,1.00028007454075,1.00032501978578
27.8966035373885,1.00033399276214,1.00027927846911,1.00032406052537
27.9091076178625,1.00033161292931,1.00027848498966,1.00032310324859
27.9216116983365,1.00032853979827,1.00027769368642,1.00032215031738
27.9341157788104,1.00032507597612,1.00027690377107,1.00032119918411
27.9466198592844,1.0003207648864,1.00027611732497,1.00032025091483
27.9591239397583,1.00031601111841,1.00027533244753,1.00031930605587
27.9716280202323,1.00031081562007,1.00027454967033,1.00031836298226
27.9841321007062,1.00030488496748,1.0002737700074,1.00031742363641
27.9966361811802,1.0002986509761,1.00027299186951,1.00031648678274
28.0091402616541,1.00029189937323,1.00027221671049,1.00031555186734
28.0216443421281,1.00028468969414,1.00027144401811,1.00031462119625
28.034148422602,1.00027722752812,1.00027067290087,1.00031369228147
28.046652503076,1.00026925893842,1.00026990568623,1.00031276616495
28.0591565835499,1.00026105821979,1.00026914020736,1.00031184337919
28.0716606640239,1.0002526248741,1.00026837706514,1.00031092233745
28.0841647444978,1.00024386550743,1.00026761733045,1.00031000493773
28.0966688249718,1.00023499271186,1.00026685925437,1.0003090899719
28.1091729054457,1.00022593965115,1.00026610440528,1.00030817690002
28.1216769859197,1.00021678181151,1.00026535218165,1.00030726797357
28.1341810663937,1.00020757465438,1.00026460163653,1.00030636076273
28.1466851468676,1.00019832947227,1.00026385520157,1.00030545628588
28.1591892273416,1.00018911657132,1.00026311056066,1.00030455506201
28.1716933078155,1.00017993615978,1.00026236834807,1.00030365554172
28.1841973882895,1.00017090811223,1.00026162961234,1.00030275957953
28.1967014687634,1.00016197813416,1.00026089255793,1.00030186599418
28.2092055492374,1.00015323852243,1.00026015875979,1.00030097425939
28.2217096297113,1.00014475579043,1.00025942756304,1.00030008657318
28.2342137101853,1.00013642914956,1.00025869803152,1.00029920056272
28.2467177906592,1.00012851718012,1.0002579725288,1.00029831722325
28.2592218711332,1.0001208758123,1.0002572487522,1.00029743706054
28.2717259516071,1.00011350796207,1.00025652732477,1.00029655856177
28.2842300320811,1.00010669730692,1.00025580920162,1.00029568353882
28.296734112555,1.00010015529473,1.00025509266701,1.00029481083677
28.309238193029,1.00009409814299,1.00025437919573,1.00029393994272
28.3217422735029,1.0000885627117,1.00025366813055,1.00029307300228
28.3342463539769,1.00008333143751,1.00025295860786,1.00029220769848
28.3467504344508,1.00007882147203,1.00025225277773,1.00029134500387
28.3592545149248,1.0000747270936,1.00025154850369,1.00029048541127
28.3717585953988,1.00007105458542,1.00025084635902,1.00028962744372
28.3842626758727,1.00006815799132,1.000250147164,1.00028877287127
28.3967667563467,1.00006561279943,1.00024944938119,1.00028792056488
28.4092708368206,1.00006368979101,1.00024875431321,1.00028707002473
28.4217749172946,1.00006238602632,1.00024806134894,1.00028622334507
28.4342789977685,1.00006143775628,1.00024736973569,1.00028537826371
28.4467830782425,1.00006129096268,1.00024668133438,1.00028453573095
28.4592871587164,1.0000615754946,1.00024599427048,1.00028369622692
28.4717912391904,1.00006229975446,1.00024530904673,1.00028285830985
28.4842953196643,1.0000637809024,1.00024462634646,1.00028202370877
28.4967994001383,1.00006558975561,1.00024394485335,1.00028119132004
28.5093034806122,1.00006797016647,1.0002432656797,1.00028036065662
28.5218075610862,1.00007088240736,1.00024258829104,1.00027953376254
28.5343116415601,1.00007409573866,1.00024191205123,1.00027870842922
28.5468157220341,1.00007795418599,1.0002412385429,1.00027788558518
28.559319802508,1.00008213423557,1.00024056616756,1.00027706569821
28.571823882982,1.00008664356121,1.00023989535965,1.00027624736092
28.5843279634559,1.00009167341656,1.0002392266987,1.00027543226225
28.5968320439299,1.00009691411548,1.00023855906932,1.00027461932343
28.6093361244039,1.00010251330579,1.00023789342964,1.00027380806991
28.6218402048778,1.00010840898183,1.00023722932617,1.00027300049668
28.6343442853518,1.00011446773347,1.00023656621408,1.00027219444756
28.6468483658257,1.00012083782263,1.00023590548314,1.00027139082975
28.6593524462997,1.00012733415429,1.00023524574673,1.00027059009908
28.6718565267736,1.00013396029617,1.00023458739378,1.0002697908817
28.6843606072476,1.00014073530688,1.00023393095396,1.00026899482743
28.6968646877215,1.00014755058181,1.00023327544257,1.00026820088182
28.7093687681955,1.00015441999316,1.0002326217375,1.00026740858247
28.7218728486694,1.00016128007725,1.00023196944517,1.00026661987659
28.7343769291434,1.00016812660011,1.00023131806728,1.00026583265908
28.7468810096173,1.00017488037254,1.00023066892665,1.00026504781638
28.7593850900913,1.00018154141153,1.00023002073375,1.00026426579268
28.7718891705652,1.00018810668657,1.00022937386645,1.00026348524683
28.7843932510392,1.00019442990723,1.00022872886007,1.00026270779049
28.7968973315131,1.00020062170069,1.00022808476754,1.00026193239298
28.8094014119871,1.00020656551416,1.00022744247136,1.00026115860369
28.821905492461,1.00021221665854,1.00022680160044,1.00026038832333
28.834409572935,1.00021769242813,1.00022616165468,1.00025961949655
28.846913653409,1.00022272230305,1.00022552401316,1.00025885298957
28.8594177338829,1.00022748169764,1.00022488735875,1.00025808923524
28.8719218143569,1.00023196057224,1.00022425209263,1.00025732692424
28.8844258948308,1.00023590153979,1.00022361879538,1.00025656763112
28.8969299753048,1.00023958802235,1.00022298647296,1.00025581034831
28.9094340557787,1.00024281413321,1.00022235608085,1.00025505463667
28.9219381362527,1.0002455672497,1.00022172722992,1.00025430235166
28.9344422167266,1.00024804392594,1.00022109938184,1.00025355148637
28.9469462972006,1.00024987192215,1.00022047405438,1.00025280288727
28.9594503776745,1.00025134165399,1.0002198498082,1.00025205697624
28.9719544581485,1.00025243822644,1.0002192270911,1.00025131247493
28.9844585386224,1.00025287575342,1.00021860654242,1.00025057092169
28.9969626190964,1.00025301703473,1.00021798707015,1.00024983133152
29.0094666995703,1.00025263169634,1.00021736973493,1.00024909327642
29.0219707800443,1.00025174168694,1.00021675409944,1.00024835856775
29.0344748605182,1.00025056048915,1.00021613957222,1.00024762524577
29.0469789409922,1.00024872820889,1.00021552783012,1.00024689413776
29.0594830214662,1.00024655941173,1.00021491727351,1.00024616565483
29.0719871019401,1.00024403860019,1.0002143084026,1.00024543854884
29.0844911824141,1.00024093640078,1.00021370190203,1.00024471432284
29.096995262888,1.00023758465482,1.00021309657631,1.00024399201381
29.109499343362,1.00023379696428,1.00021249358098,1.00024327120462
29.1220034238359,1.00022962130437,1.00021189241944,1.00024255366361
29.1345075043099,1.00022522507027,1.00021129245586,1.00024183747705
29.1470115847838,1.00022036474113,1.00021069548451,1.00024112345343
29.1595156652578,1.00021528580216,1.00021009977029,1.00024041199341
29.1720197457317,1.00020997720275,1.00020950585352,1.00023970187831
29.1845238262057,1.0002043287068,1.00020891443155,1.00023899457668
29.1970279066796,1.00019854695473,1.00020832424182,1.00023828914696
29.2095319871536,1.00019254150139,1.00020773648952,1.00023758518265
29.2220360676275,1.00018636997495,1.0002071506288,1.00023688441003
29.2345401481015,1.00018010825162,1.00020656600611,1.00023618496034
29.2470442285754,1.00017369354442,1.00020598444916,1.00023548762368
29.2595483090494,1.00016723397702,1.00020540416093,1.00023479279049
29.2720523895233,1.00016072707916,1.00020482569671,1.0002340992709
29.2845564699973,1.00015420542756,1.00020424972769,1.00023340849968
29.2970605504713,1.00014769853656,1.00020367498622,1.00023271955633
29.3095646309452,1.00014123318112,1.00020310266477,1.00023203204466
29.3220687114192,1.00013485796283,1.0002025321944,1.00023134764983
29.3345727918931,1.0001285413422,1.00020196293791,1.00023066454707
29.3470768723671,1.00012240952127,1.00020139666071,1.0002299835085
29.359580952841,1.00011640857127,1.00020083159823,1.00022930491453
29.372085033315,1.00011054629243,1.00020026829177,1.00022862760352
29.3845891137889,1.00010497869591,1.00019970735429,1.00022795297712
29.3970931942629,1.00009956084752,1.00019914757836,1.00022728013547
29.4095972747368,1.00009442277558,1.0001985900855,1.00022660869249
29.4221013552108,1.00008958905234,1.00019803431618,1.00022594029308
29.4346054356847,1.00008493696276,1.00019747967943,1.00022527315554
29.4471095161587,1.0000807346249,1.00019692780225,1.00022460803434
29.4596135966326,1.00007678991765,1.00019637703593,1.00022394530015
29.4721176771066,1.0000731193704,1.00019582788437,1.00022328381889
29.4846217575805,1.0000699486592,1.00019528088651,1.00022262495986
29.4971258380545,1.00006701137652,1.00019473494279,1.00022196784338
29.5096299185285,1.0000644975691,1.00019419106761,1.00022131209324
29.5221339990024,1.00006240100303,1.00019364873884,1.00022065931499
29.5346380794764,1.00006054929697,1.00019310742846,1.00022000776907
29.5471421599503,1.00005926687778,1.00019256859053,1.00021935819267
29.5596462404243,1.00005828638057,1.0001920307394,1.00021871094694
29.5721503208982,1.00005762855829,1.00019149433068,1.0002180649248
29.5846544013722,1.00005751860844,1.0001909598329,1.00021742146386
29.5971584818461,1.00005765334459,1.00019042627131,1.00021677970421
29.6096625623201,1.00005822448307,1.00018989454829,1.0002161392793
29.622166642794,1.00005919819433,1.00018936419399,1.00021550175622
29.634670723268,1.00006040549759,1.00018883474312,1.00021486543659
29.6471748037419,1.00006213001626,1.00018830749059,1.00021423104072
29.6596788842159,1.00006411079821,1.00018778111351,1.00021359892051
29.6721829646898,1.00006636663606,1.00018725602314,1.0002129679952
29.6846870451638,1.00006905721792,1.00018673263728,1.00021233957146
29.6971911256377,1.00007193243926,1.00018621009012,1.00021171280876
29.7096952061117,1.00007513000638,1.00018568919694,1.00021108734992
29.7221992865856,1.00007860024646,1.00018516953836,1.00021046472453
29.7347033670596,1.00008222607642,1.00018465069659,1.00020984327439
29.7472074475336,1.00008617053862,1.00018413386043,1.00020922370335
29.7597115280075,1.0000902546704,1.00018361782647,1.00020860635427
29.7722156084815,1.00009448935915,1.0001831029781,1.00020799017213
29.7847196889554,1.00009892734745,1.00018258971001,1.00020737643337
29.7972237694294,1.00010344030956,1.00018207722512,1.00020676431638
29.8097278499033,1.0001080749761,1.00018156629567,1.00020615347312
29.8222319303773,1.00011278207202,1.00018105653622,1.00020554539662
29.8347360108512,1.00011752662437,1.00018054755267,1.00020493846789
29.8472400913252,1.00012231082704,1.00018004049959,1.00020433337468
29.8597441717991,1.0001270854701,1.0001795342245,1.00020373045109
29.8722482522731,1.00013184976403,1.00017902910563,1.00020312866716
29.884752332747,1.00013654199704,1.00017852554063,1.00020252926987
29.897256413221,1.00014118465088,1.00017802275166,1.00020193145609
29.9097604936949,1.00014572496326,1.00017752151548,1.00020133488664
29.9222645741689,1.00015012950968,1.000177021456,1.00020074101895
29.9347686546428,1.00015444985552,1.00017652217861,1.00020014827222
29.9472727351168,1.00015853604087,1.00017602487026,1.00019955731853
29.9597768155908,1.00016247606236,1.0001755283594,1.00019896848344
29.9722808960647,1.00016625716741,1.00017503304031,1.0001983807614
29.9847849765387,1.00016972937352,1.0001745393303,1.00019779537069
29.9972890570126,1.00017304949937,1.00017404642822,1.00019721152617
30.0097931374866,1.00017608615636,1.00017355515136,1.00019662889732
30.0222972179605,1.00017883163383,1.00017306510878,1.00019604890685
30.0348012984345,1.00018140314466,1.00017257588872,1.0001954700112
30.0473053789084,1.00018355093638,1.00017208875064,1.00019489286714
30.0598094593824,1.00018546726671,1.00017160245539,1.00019431779193
30.0723135398563,1.0001871308578,1.00017111742618,1.00019374380383
30.0848176203303,1.00018835334828,1.00017063410338,1.00019317209307
30.0973217008042,1.00018937163308,1.00017015163915,1.0001926018921
30.1098257812782,1.00019001828871,1.00016967090578,1.00019203287884
30.1223298617521,1.00019031274132,1.00016919148145,1.00019146644211
30.1348339422261,1.00019039939721,1.00016871293431,1.00019090107468
30.1473380227,1.00019000706845,1.00016823659412,1.0001903374184
30.159842103174,1.00018937062956,1.00016776114637,1.00018977578239
30.1723461836479,1.00018846649237,1.00016728704217,1.00018921520816
30.1848502641219,1.00018712536978,1.00016681473578,1.00018865685857
30.1973543445959,1.00018559032509,1.00016634333355,1.00018809998322
30.2098584250698,1.00018370865553,1.0001658737533,1.00018754426825
30.2223625055438,1.00018151980771,1.00016540553888,1.00018699106942
30.2348665860177,1.00017915167378,1.0001649382448,1.00018643891498
30.2473706664917,1.00017639176753,1.00016447324262,1.00018588843213
30.2598747469656,1.00017344670318,1.00016400916277,1.00018533992213
30.2723788274396,1.00017029771471,1.00016354647454,1.00018479244915
30.2848829079135,1.00016684241378,1.00016308562899,1.00018424714928
30.2973869883875,1.00016325912929,1.00016262570847,1.00018370328893
30.3098910688614,1.00015945360009,1.00016216764855,1.00018316056225
30.3223951493354,1.00015547220148,1.00016171096786,1.00018262029267
30.3348992298093,1.0001513903455,1.0001612552217,1.00018208104311
30.3474033102833,1.00014711280376,1.00016080177463,1.0001815434265
30.3599073907572,1.00014275897058,1.00016034924702,1.00018100773635
30.3724114712312,1.0001383207518,1.00015989810964,1.00018047305901
30.3849155517051,1.00013378767888,1.00015944879184,1.0001799405044
30.3974196321791,1.00012922576535,1.00015900038556,1.00017940935536
30.409923712653,1.00012462354867,1.00015855380846,1.00017887931386
30.422427793127,1.00012001958178,1.00015810857172,1.00017835167174
30.434931873601,1.00011541844768,1.00015766424821,1.00017782502581
30.4474359540749,1.00011086337697,1.0001572221442,1.00017729997501
30.4599400345489,1.00010635607899,1.00015678092261,1.00017677680531
30.4724441150228,1.0001019018498,1.00015634103807,1.00017625462478
30.4849481954968,1.00009757873293,1.00015590288442,1.00017573451767
30.4974522759707,1.00009332842172,1.00015546559653,1.00017521578296
30.5099563564447,1.00008922121509,1.00015503004279,1.00017469813021
30.5224604369186,1.00008527608788,1.00015459574684,1.0001741828204
30.5349645173926,1.00008143017276,1.00015416231261,1.00017366848349
30.5474685978665,1.00007784496825,1.00015373095084,1.00017315570472
30.5599726783405,1.0000744099336,1.00015330040986,1.00017264476274
30.5724767588144,1.00007114243541,1.00015287111512,1.00017213478676
30.5849808392884,1.00006818021085,1.00015244341986,1.00017162683604
30.5974849197623,1.00006536537296,1.00015201652445,1.00017112022526
30.6099890002363,1.00006282523126,1.00015159123033,1.00017061467145
30.6224930807102,1.00006055395728,1.0001511670892,1.00017011140543
30.6349971611842,1.00005844388806,1.00015074374238,1.00016960908953
30.6475012416582,1.00005672141247,1.00015032229214,1.00016910829563
30.6600053221321,1.00005520162489,1.00014990159276,1.0001686092952
30.6725094026061,1.00005390894,1.00014948203585,1.00016811123817
30.68501348308,1.00005299672905,1.00014906393823,1.00016761515929
30.697517563554,1.00005225947249,1.00014864657161,1.00016712038868
30.7100216440279,1.00005184150918,1.00014823067074,1.00016662665062
30.7225257245019,1.00005171488057,1.00014781582212,1.00016613514648
30.7350298049758,1.00005176119888,1.00014740170241,1.00016564457023
30.7475338854498,1.00005220255287,1.00014698931828,1.00016515548066
30.7600379659237,1.00005283727308,1.0001465776241,1.00016466814228
30.7725420463977,1.00005368958535,1.000146166982,1.00016418172522
30.7850461268716,1.00005488305648,1.00014575768344,1.00016369724032
30.7975502073456,1.00005622689936,1.00014534906053,1.00016321403278
30.8100542878195,1.00005783972114,1.00014494179778,1.00016273183393
30.8225583682935,1.00005968087175,1.00014453551288,1.00016225181643
30.8350624487674,1.0000616560976,1.00014412990908,1.00016177270511
30.8475665292414,1.00006391916283,1.00014372592947,1.000161295046
30.8600706097153,1.00006631112939,1.00014332260067,1.00016081909682
30.8725746901893,1.00006884877212,1.00014292026656,1.00016034404741
30.8850787706633,1.00007159230692,1.00014251920702,1.00015987088529
30.8975828511372,1.00007441974523,1.00014211879186,1.00015939897036
30.9100869316112,1.00007739100357,1.00014171968128,1.00015892804083
30.9225910120851,1.00008046576295,1.00014132151237,1.00015845924136
30.9350950925591,1.00008359941743,1.000140924003,1.00015799132691
30.947599173033,1.00008683683827,1.00014052807182,1.00015752483101
30.960103253507,1.00009010576197,1.00014013277885,1.00015706000479
30.9726073339809,1.00009341044178,1.00013973846364,1.00015659605733
30.9851114144549,1.00009673496148,1.00013934540635,1.00015613395335
30.9976154949288,1.00010005679541,1.00013895298835,1.00015567306714
31.0101195754028,1.00010336306104,1.000138561872,1.00015521314361
31.0226236558767,1.00010662621361,1.00013817169824,1.00015475530011
31.0351277363507,1.00010986072028,1.00013778218831,1.00015429832094
31.0476318168246,1.00011299589262,1.00013739427004,1.00015384272751
31.0601358972986,1.00011606253036,1.00013700700001,1.00015338876449
31.0726399777725,1.00011905104497,1.0001366207255,1.00015293565971
31.0851440582465,1.00012187958849,1.00013623573347,1.00015248435567
31.0976481387204,1.00012462500673,1.00013585139569,1.00015203424068
31.1101522191944,1.00012720943605,1.00013546839537,1.00015158506619
31.1226562996684,1.0001296261483,1.0001350863633,1.0001511379229
31.1351603801423,1.0001319403898,1.00013470501689,1.00015069162378
31.1476644606163,1.00013399315997,1.00013432531156,1.00015024667834
31.1601685410902,1.00013590381414,1.00013394627673,1.00014980332498
31.1726726215642,1.00013765176998,1.00013356827393,1.00014936080984
31.1851767020381,1.00013911782315,1.00013319159697,1.0001489200537
31.1976807825121,1.00014044936365,1.0001328155976,1.00014848045859
31.210184862986,1.00014152982543,1.00013244098589,1.00014804178231
31.22268894346,1.00014237462306,1.00013206737434,1.00014760508957
31.2351930239339,1.00014307737275,1.00013169447493,1.00014716922129
31.2476971044079,1.00014344209209,1.00013132327008,1.00014673467539
31.2602011848818,1.00014363712929,1.00013095275722,1.00014630168414
31.2727052653558,1.0001436370711,1.00013058331168,1.00014586951154
31.2852093458297,1.00014332270199,1.0001302152285,1.00014543905718
31.2977134263037,1.00014286459522,1.00012984784173,1.00014500973648
31.3102175067776,1.000142143578,1.00012948188107,1.00014458131344
31.3227215872516,1.00014119166074,1.00012911694046,1.00014415482736
31.3352256677255,1.00014010174577,1.00012875273018,1.00014372914652
31.3477297481995,1.00013870001801,1.00012839024264,1.00014330475745
31.3602338286735,1.0001371520423,1.00012802845649,1.00014288188646
31.3727379091474,1.00013543518905,1.0001276677543,1.00014245981503
31.3852419896214,1.00013346488803,1.0001273084237,1.00014203942197
31.3977460700953,1.00013138390343,1.00012694979376,1.00014162013584
31.4102501505693,1.0001291053414,1.00012659259701,1.00014120172667
31.4227542310432,1.00012666735235,1.00012623641595,1.00014078520897
31.4352583115172,1.0001241352311,1.00012588096608,1.00014036947769
31.4477623919911,1.00012140668686,1.00012552722379,1.00013995500827
31.4602664724651,1.00011859624318,1.00012517417399,1.00013954202122
31.472770552939,1.0001156908189,1.00012482219644,1.00013912981503
31.485274633413,1.00011266260141,1.0001244715629,1.00013871924827
31.4977787138869,1.00010958690867,1.00012412161541,1.00013830976231
31.5102827943609,1.00010643272678,1.00012377306921,1.00013790113308
31.5227868748348,1.00010323237874,1.00012342550682,1.00013749435084
31.5352909553088,1.00010000647594,1.00012307865656,1.00013708833665
31.5477950357827,1.00009675004671,1.00012273345311,1.00013668355508
31.5602991162567,1.00009349571739,1.00012238891518,1.00013628022096
31.5728031967307,1.0000902438339,1.00012204540969,1.00013587764946
31.5853072772046,1.00008702740098,1.00012170318708,1.00013547667931
31.5978113576786,1.00008383673808,1.00012136161911,1.00013507676442
31.6103154381525,1.00008070278229,1.00012102138707,1.00013467768649
31.6228195186265,1.0000776422814,1.00012068208536,1.00013428041211
31.6353235991004,1.00007462817363,1.00012034346076,1.00013388388781
31.6478276795744,1.00007174888941,1.00012000638899,1.00013348856756
31.6603317600483,1.0000689497881,1.00011966994365,1.00013309466065
31.6728358405223,1.00006624448215,1.00011933447197,1.00013270149852
31.6853399209962,1.0000637129252,1.00011900020203,1.00013230990053
31.6978440014702,1.00006126861547,1.00011866654576,1.00013191933288
31.7103480819441,1.00005899217306,1.00011833414215,1.00013152958285
31.7228521624181,1.00005688015011,1.00011800260591,1.00013114159394
31.735356242892,1.00005486881191,1.00011767170441,1.00013075433756
31.747860323366,1.00005310918505,1.00011734225028,1.00013036825731
31.7603644038399,1.00005147970952,1.00011701338053,1.0001299835571
31.7728684843139,1.00005000313907,1.00011668542096,1.00012959958424
31.7853725647878,1.00004877989532,1.00011635858049,1.00012921713918
31.7978766452618,1.00004767652719,1.00011603231267,1.00012883570012
31.8103807257358,1.00004679729668,1.00011570721606,1.0001284550598
31.8228848062097,1.00004612029298,1.0001153829283,1.00012807613915
31.8353888866837,1.00004556596329,1.00011505923569,1.00012769793392
31.8478929671576,1.00004530070244,1.00011473689669,1.00012732087754
31.8603970476316,1.00004517481838,1.00011441510628,1.00012694516868
31.8729011281055,1.0000452133859,1.00011409417225,1.00012657017018
31.8854052085795,1.00004550679213,1.00011377429038,1.00012619666398
31.8979092890534,1.00004591615406,1.00011345494871,1.00012582414002
31.9104133695274,1.00004653788196,1.0001131367159,1.00012545239635
31.9229174500013,1.00004733892247,1.00011281924902,1.00012508233193
31.9354215304753,1.00004824791082,1.0001125023488,1.00012471296619
31.9479256109492,1.00004939759963,1.00011218673741,1.00012434472268
31.9604296914232,1.00005065512024,1.0001118716515,1.00012397779496
31.9729337718971,1.00005204042279,1.00011155738784,1.00012361156099
31.9854378523711,1.00005360847328,1.00011124413572,1.00012324678468
31.997941932845,1.00005525535362,1.00011093140506,1.00012288296742
32.010446013319,1.00005704212762,1.00011061974971,1.00012251991245
32.022950093793,1.00005893506278,1.00011030883823,1.00012215849725
32.0354541742669,1.00006089098272,1.00010999848009,1.00012179776441
32.0479582547409,1.00006297253057,1.00010968938164,1.00012143812781
32.0604623352148,1.00006510135876,1.00010938080005,1.00012107977603
32.0729664156888,1.00006728645722,1.00010907302925,1.00012072210179
32.0854704961627,1.00006953409307,1.00010876625716,1.00012036585139
32.0979745766367,1.00007180297624,1.00010846000191,1.00012001053741
32.1104786571106,1.0000741031016,1.00010815481712,1.00011965596813
32.1229827375846,1.0000764103519,1.00010785037331,1.00011930300011
32.1354868180585,1.00007872022394,1.00010754648369,1.0001189506985
32.1479908985325,1.00008101119924,1.00010724385531,1.00011859946775
32.1604949790064,1.00008327928538,1.00010694174694,1.0001182494916
32.1729990594804,1.00008552001224,1.00010664045622,1.00011790017717
32.1855031399543,1.00008769275348,1.00010634017205,1.00011755225354
32.1980072204283,1.00008982660068,1.00010604041029,1.00011720524425
32.2105113009022,1.00009188045657,1.00010574173391,1.00011685896249
32.2230153813762,1.00009384680993,1.00010544380747,1.00011651424438
32.2355194618501,1.00009575841857,1.00010514644502,1.00011617017712
32.2480235423241,1.0000975207711,1.00010485036232,1.00011582715593
32.2605276227981,1.0000992013583,1.00010455480847,1.00011548535983
32.273031703272,1.00010078378853,1.00010426008802,1.00011514420999
32.285535783746,1.00010219581322,1.00010396639002,1.0001148044187
32.2980398642199,1.00010352379962,1.00010367322354,1.00011446552017
32.3105439446939,1.00010469038355,1.00010338116314,1.00011412733241
32.3230480251678,1.0001057063387,1.0001030898635,1.00011379067156
32.3355521056418,1.00010662959664,1.00010279913908,1.00011345464637
32.3480561861157,1.00010732436887,1.00010250971261,1.00011311964303
32.3605602665897,1.00010790608134,1.00010222082245,1.00011278583596
32.3730643470636,1.00010835148063,1.00010193277913,1.00011245266006
32.3855684275376,1.00010858002574,1.00010164576865,1.00011212081118
32.3980725080115,1.00010870653976,1.00010135929547,1.00011178983402
32.4105765884855,1.00010864194523,1.00010107394062,1.00011145955122
32.4230806689594,1.0001084113533,1.00010078934978,1.00011113075946
32.4355847494334,1.00010807933259,1.00010050533978,1.00011080258851
32.4480888299073,1.00010751070869,1.00010022263053,1.00011047541575
32.4605929103813,1.00010683256768,1.00009994045783,1.0001101494111
32.4730969908552,1.00010602181237,1.0000996591339,1.00010982402288
32.4856010713292,1.00010501364417,1.00009937883753,1.00010949993088
32.4981051518032,1.00010391616593,1.0000990990758,1.00010917669002
32.5106092322771,1.00010265520083,1.00009882042624,1.00010885412751
32.5231133127511,1.00010126203338,1.00009854253056,1.00010853302098
32.535617393225,1.00009978868473,1.00009826521115,1.00010821252076
32.548121473699,1.00009813992514,1.00009798917144,1.00010789299561
32.5606255541729,1.00009641673884,1.00009771365842,1.00010757461107
32.5731296346469,1.00009460303834,1.00009743898004,1.00010725682854
32.5856337151208,1.00009266748325,1.00009716530425,1.00010694031215
32.5981377955948,1.00009068051217,1.00009689215019,1.00010662462679
32.6106418760687,1.00008860367551,1.00009662008067,1.00010630960412
32.6231459565427,1.0000864646882,1.00009634874062,1.00010599600321
32.6356500370166,1.00008428878345,1.00009607796121,1.00010568299443
32.6481541174906,1.00008204617697,1.00009580841677,1.00010537093812
32.6606581979645,1.0000797835838,1.00009553937968,1.00010505999555
32.6731622784385,1.00007749657832,1.00009527114805,1.00010474964093
32.6856663589124,1.00007519399501,1.0000950038771,1.00010444052302
32.6981704393864,1.00007289057263,1.00009473710635,1.00010413221653
32.7106745198603,1.00007059289177,1.00009447137514,1.00010382455744
32.7231786003343,1.00006831679291,1.0000942063385,1.00010351828665
32.7356826808083,1.00006605520385,1.00009394183858,1.00010321259415
32.7481867612822,1.00006384884163,1.00009367851286,1.00010290783204
32.7606908417562,1.00006167928148,1.00009341566933,1.00010260415744
32.7731949222301,1.00005955486754,1.00009315359273,1.00010230105704
32.7856990027041,1.00005751917957,1.00009289242585,1.00010199916462
32.798203083178,1.00005553050749,1.00009263173322,1.00010169806446
32.810707163652,1.00005363616818,1.00009237202703,1.00010139759674
32.8232112441259,1.00005183572639,1.00009211297677,1.00010109848468
32.8357153245999,1.00005009400759,1.00009185443613,1.00010079993738
32.8482194050738,1.00004850653544,1.00009159700499,1.0001005022989
32.8607234855478,1.00004699842731,1.00009134003013,1.00010020572232
32.8732275660217,1.0000455881002,1.00009108378249,1.0000999097065
32.8857316464957,1.00004433876475,1.00009082839455,1.00009961487062
32.8982357269696,1.00004316789278,1.00009057345575,1.00009932080828
32.9107398074436,1.00004214763877,1.00009031945313,1.00009902736378
32.9232438879176,1.00004126198202,1.00009006607138,1.00009873524306
32.9357479683915,1.00004045968698,1.00008981317461,1.0000984436739
32.9482520488654,1.00003986037311,1.0000895613309,1.0000981529925
32.9607561293394,1.00003935737368,1.0000893099217,1.00009786334797
32.9732602098134,1.0000389735547,1.00008905920661,1.00009757425111
32.9857642902873,1.00003877205188,1.00008880931094,1.00009728630679
32.9982683707613,1.00003865594296,1.00008855984462,1.00009699911773
33.0107724512352,1.00003869997244,1.00008831127611,1.00009671253227
33.0232765317092,1.00003887791599,1.00008806330251,1.00009642723945
33.0357806121831,1.00003913833683,1.00008781579612,1.00009614248531
33.0482846926571,1.00003958898966,1.00008756930309,1.00009585859835
33.060788773131,1.00004012405681,1.0000873232301,1.00009557572386
33.073292853605,1.00004076403312,1.00008707782969,1.00009529338424
33.0857969340789,1.00004155373648,1.00008683322315,1.00009501217039
33.0983010145529,1.00004241072235,1.00008658903389,1.00009473169399
33.1108050950268,1.00004339054207,1.00008634572056,1.00009445180725
33.1233091755008,1.00004446503651,1.00008610298745,1.00009417318277
33.1358132559747,1.00004559739756,1.0000858607125,1.00009389508438
33.1483173364487,1.0000468530398,1.0000856194305,1.0000936178331
33.1608214169226,1.00004815765962,1.00008537856197,1.00009334157044
33.1733254973966,1.00004952341289,1.0000851383571,1.00009306583016
33.1858295778706,1.00005096520737,1.00008489893522,1.00009279118953
33.1983336583445,1.00005243788479,1.00008465992615,1.00009251726893
33.2108377388185,1.00005396278965,1.00008442178663,1.0000922439244
33.2233418192924,1.00005551837542,1.00008418422252,1.00009197181247
33.2358458997664,1.00005709204506,1.00008394711523,1.00009170021433
33.2483499802403,1.0000586904157,1.00008371099623,1.00009142944368
33.2608540607143,1.00006029056478,1.00008347529018,1.00009115963839
33.2733581411882,1.00006189294335,1.00008324024851,1.00009089034328
33.2858622216622,1.0000634804847,1.0000830059892,1.00009062212229
33.2983663021361,1.00006505585858,1.00008277214336,1.00009035460435
33.3108703826101,1.00006660195075,1.0000825391707,1.00009008764918
33.323374463084,1.00006811006095,1.00008230677425,1.00008982189765
33.335878543558,1.00006959372794,1.00008207483773,1.00008955664792
33.3483826240319,1.00007100231117,1.00008184389271,1.0000892922065
33.3608867045059,1.00007236812126,1.00008161336271,1.00008902870774
33.3733907849798,1.00007368007656,1.00008138350187,1.00008876570722
33.3858948654538,1.00007489650007,1.00008115442603,1.0000885037559
33.3983989459278,1.00007606391305,1.00008092576575,1.00008824249105
33.4109030264017,1.00007713389805,1.00008069798426,1.00008798177597
33.4234071068757,1.00007811272757,1.00008047078,1.00008772223626
33.4359111873496,1.00007903431311,1.00008024403901,1.00008746318661
33.4484152678236,1.0000798088231,1.00008001829126,1.00008720492657
33.4609193482975,1.00008051136333,1.00007979295938,1.00008694758698
33.4734234287715,1.00008112289326,1.00007956829929,1.000086690734
33.4859275092454,1.00008159108848,1.00007934442301,1.00008643490586
33.4984315897194,1.00008198992178,1.0000791209621,1.00008617974799
33.5109356701933,1.00008225553057,1.00007889837995,1.00008592512721
33.5234397506673,1.00008240669436,1.00007867637152,1.00008567165416
33.5359438311412,1.000082486442,1.000078454826,1.00008541865974
33.5484479116152,1.00008239416129,1.00007823426641,1.00008516643661
33.5609519920891,1.00008222351018,1.00007801411928,1.00008491511228
33.5734560725631,1.00008195332294,1.00007779463965,1.00008466426318
33.585960153037,1.00008153665092,1.00007757593381,1.00008441441513
33.598464233511,1.00008105164734,1.00007735763835,1.00008416522152
33.6109683139849,1.00008043847944,1.00007714021097,1.00008391655261
33.6234723944589,1.00007972229405,1.00007692334652,1.00008366900445
33.6359764749329,1.0000789421223,1.00007670693875,1.00008342192372
33.6484805554068,1.00007801649217,1.00007649149663,1.00008317559642
33.6609846358808,1.00007702925255,1.00007627645807,1.00008293014674
33.6734887163547,1.00007596342326,1.00007606207371,1.0000826851612
33.6859927968287,1.00007479071135,1.00007584844275,1.00008244115346
33.6984968773026,1.00007357048703,1.00007563521164,1.00008219778469
33.7110009577766,1.00007226418139,1.00007542282627,1.00008195492853
33.7235050382505,1.00007089548441,1.00007521098573,1.00008171316675
33.7360091187245,1.00006948837539,1.00007499958957,1.00008147186147
33.7485131991984,1.00006800318427,1.00007478912664,1.00008123129217
33.7610172796724,1.00006648995078,1.00007457905349,1.00008099157982
33.7735213601463,1.00006494079015,1.00007436961328,1.00008075232074
33.7860254406203,1.00006335294818,1.00007416089766,1.00008051401677
33.7985295210942,1.00006175097875,1.00007395256701,1.00008027633668
33.8110336015682,1.00006012768477,1.0000737450509,1.00008003915736
33.8235376820421,1.00005849820986,1.00007353805654,1.00007980304668
33.8360417625161,1.00005686554254,1.00007333149003,1.00007956698669
33.84854584299,1.00005524105396,1.00007312581683,1.00007933092671
33.861049923464,1.00005362809513,1.00007292051687,1.00007909486672
33.873554003938,1.00005202997235,1.00007271582415,1.00007885880674
33.8860580844119,1.00005046842949,1.0000725118233,1.00007862274675
33.8985621648859,1.00004892828758,1.00007230819064,1.00007838668677
33.9110662453598,1.00004743415722,1.00007210533786,1.00007815062678
33.9235703258338,1.00004598838414,1.0000719029825,1.00007791456679
33.9360744063077,1.00004457350705,1.00007170103724,1.00007767850681
33.9485784867817,1.00004324583745,1.00007149994448,1.00007744244682
33.9610825672556,1.00004196344016,1.00007129920853,1.00007720638684
33.9735866477296,1.00004073955203,1.00007109905427,1.00007697032685
33.9860907282035,1.00003961233775,1.00007089956063,1.00007673426687
33.9985948086775,1.00003853378399,1.0000707004193,1.00007649820688
34.0110988891514,1.00003755147744,1.00007050202581,1.00007626214689
34.0236029696254,1.00003665472,1.00007030410795,1.00007602608691
34.0361070500993,1.00003581201801,1.00007010658434,1.00007579002692
34.0486111305733,1.00003510582579,1.00006990987792,1.00007555396694
34.0611152110472,1.00003446344039,1.00006971351451,1.00007531790695
34.0736192915212,1.0000339038781,1.00006951771156,1.00007508184696
34.0861233719951,1.00003346947651,1.0000693225439,1.00007484578698
34.0986274524691,1.0000330953365,1.00006912771591,1.00007460972699
34.1111315329431,1.00003283699704,1.00006893361101,1.00007437366701
34.123635613417,1.0000326743943,1.00006873996519,1.00007413760702
34.136139693891,1.00003257203464,1.00006854670195,1.00007390154703
34.1486437743649,1.00003261319907,1.00006835423016,1.00007366548705
34.1611478548389,1.00003271712618,1.00006816209177,1.00007342942706
34.1736519353128,1.00003290287725,1.00006797049939,1.00007319336708
34.1861560157868,1.00003320441014,1.00006777952514,1.00007295730709
34.1986600962607,1.00003355973555,1.00006758888226,1.0000727212471
34.2111641767347,1.00003401583474,1.00006739894707,1.00007248518712
34.2236682572086,1.00003454962355,1.0000672094605,1.00007224912713
34.2361723376826,1.00003513210503,1.00006702034981,1.00007201306715
34.2486764181565,1.00003582327003,1.00006683201524,1.00007177700716
34.2611804986305,1.00003655815011,1.00006664400872,1.00007154094718
34.2736845791044,1.00003735027098,1.00006645654075,1.00007130488719
34.2861886595784,1.00003821602219,1.00006626968146,1.00007106882721
34.2986927400523,1.00003911399004,1.00006608314932,1.00007083276722
34.3111968205263,1.00004006948114,1.00006589731782,1.00007059670723
34.3237009010003,1.00004106339628,1.00006571192952,1.00007036064725
34.3362049814742,1.00004208112891,1.00006552691458,1.00007012458726
34.3487090619482,1.00004314339269,1.00006534266846,1.00006988852727
34.3612131424221,1.00004421899862,1.00006515874817,1.00006965246729
34.3737172228961,1.00004531215131,1.00006497536397,1.0000694164073
34.38622130337,1.00004641826703,1.00006479258407,1.00006918034732
34.398725383844,1.00004752707244,1.00006461012965,1.00006894428733
34.4112294643179,1.00004863610032,1.00006442837383,1.00006870822735
34.4237335447919,1.00004973577639,1.00006424705843,1.00006847216736
34.4362376252658,1.00005082907237,1.00006406611604,1.00006823610737
34.4487417057398,1.00005189374435,1.00006388593874,1.00006800004738
34.4612457862137,1.00005293957805,1.0000637060862,1.0000677639874
34.4737498666877,1.00005396052833,1.00006352676906,1.00006752792741
34.4862539471616,1.00005493397666,1.00006334805308,1.00006729186743
34.4987580276356,1.00005588166046,1.00006316966142,1.00006705580745
34.5112621081095,1.00005677564371,1.00006299196677,1.00006681974746
34.5237661885835,1.00005761834998,1.00006281470952,1.00006658368747
34.5362702690575,1.00005842821518,1.00006263782472,1.00006634762749
34.5487743495314,1.00005914903125,1.0000624616999,1.0000661115675
34.5612784300054,1.00005982644146,1.00006228589784,1.00006587550752
34.5737825104793,1.00006044626583,1.00006211062888,1.00006563944753
34.5862865909533,1.00006097580748,1.00006193595545,1.00006540338754
34.5987906714272,1.00006146037084,1.00006176160374,1.00006516732756
34.6112947519012,1.00006185612812,1.00006158794385,1.00006493126757
34.6237988323751,1.00006217628779,1.0000614147157,1.00006469520759
34.6363029128491,1.00006244831205,1.00006124185714,1.00006445914759
34.648806993323,1.00006260036445,1.00006106974822,1.00006422308761
34.661311073797,1.00006269866165,1.00006089795763,1.00006398702763
34.6738151542709,1.00006272533002,1.00006072669373,1.00006375096764
34.6863192347449,1.0000626478835,1.00006055601488,1.00006351490766
34.6988233152188,1.00006252048517,1.00006038565243,1.00006327884767
34.7113273956928,1.00006229708173,1.00006021597059,1.00006304278769
34.7238314761667,1.00006199727676,1.00006004671092,1.0000628067277
34.7363355566407,1.0000616489583,1.0000598778146,1.00006257066771
34.7488396371146,1.00006118648635,1.00005970965068,1.00006233460773
34.7613437175886,1.00006067619198,1.00005954179769,1.00006209854774
34.7738477980626,1.00006010189468,1.00005937446003,1.00006186248775
34.7863518785365,1.00005944077704,1.00005920769151,1.00006162642777
34.7988559590105,1.00005873955103,1.00005904123117,1.00006139036778
34.8113600394844,1.00005796349723,1.00005887543393,1.0000611543078
34.8238641199584,1.00005713248703,1.00005871004563,1.00006091824782
34.8363682004323,1.00005626670799,1.00005854501119,1.00006068218782
34.8488722809063,1.00005532549821,1.00005838068576,1.00006044612784
34.8613763613802,1.00005435590258,1.00005821666138,1.00006021006785
34.8738804418542,1.00005334815008,1.00005805313684,1.00005997400787
34.8863845223281,1.00005229503206,1.00005789016146,1.00005973794789
34.8988886028021,1.00005122272021,1.00005772748386,1.0000595018879
34.911392683276,1.00005011734773,1.00005756544743,1.00005926582791
34.92389676375,1.00004899308947,1.00005740380444,1.00005902976793
34.9364008442239,1.00004785709732,1.0000572425037,1.00005879370794
34.9489049246979,1.00004670414906,1.00005708188521,1.00005855764795
34.9614090051718,1.00004554925367,1.00005692155667,1.00005832158796
34.9739130856458,1.0000443917294,1.00005676171044,1.00005808552798
34.9864171661198,1.00004324093496,1.00005660239184,1.000057849468
34.9989212465937,1.0000420962094,1.00005644335986,1.00005761340801
35.0114253270677,1.00004096747337,1.00005628494585,1.00005737734803
35.0239294075416,1.0000398591787,1.0000561269095,1.00005714128804
35.0364334880156,1.00003876424669,1.00005596920345,1.00005690522806
35.0489375684895,1.00003771247434,1.00005581215311,1.00005666916807
35.0614416489635,1.00003668409356,1.00005565538196,1.00005643310808
35.0739457294374,1.0000356874332,1.00005549907612,1.0000561970481
35.0864498099114,1.00003474449057,1.00005534327771,1.00005596098811
35.0989538903853,1.00003382965306,1.00005518775553,1.00005572492812
35.1114579708593,1.00003297248981,1.00005503283012,1.00005548886814
35.1239620513332,1.00003216676492,1.0000548782683,1.00005525280815
35.1364661318072,1.00003139417249,1.00005472402618,1.00005501674816
35.1489702122811,1.0000307089684,1.00005457041675,1.00005478068817
35.1614742927551,1.00003006413897,1.00005441707738,1.0000545446282
35.173978373229,1.00002947430083,1.00005426418912,1.00005430856821
35.186482453703,1.00002896678218,1.00005411179161,1.00005407250823
35.1989865341769,1.00002849999555,1.00005395966187,1.00005383644823
35.2114906146509,1.00002811353821,1.00005380811213,1.00005360038824
35.2239946951249,1.00002779274768,1.0000536569149,1.00005336432827
35.2364987755988,1.00002751413239,1.00005350602929,1.00005312826828
35.2490028560728,1.00002733934936,1.00005335575881,1.0000528922083
35.2615069365467,1.00002720920199,1.00005320575163,1.00005265614831
35.2740110170207,1.0000271401171,1.00005305618529,1.00005242008832
35.2865150974946,1.0000271564451,1.00005290709753,1.00005218402833
35.2990191779686,1.00002721363662,1.00005275827154,1.00005194796836
35.3115232584425,1.0000273493126,1.00005261001405,1.00005171190837
35.3240273389165,1.00002754506575,1.00005246210127,1.00005147584838
35.3365314193904,1.00002777934027,1.00005231449485,1.00005123978839
35.3490354998644,1.00002810295961,1.00005216749157,1.0000510037284
35.3615395803383,1.00002846235036,1.00005202074718,1.00005076766843
35.3740436608123,1.00002887089268,1.00005187443719,1.00005053160844
35.3865477412862,1.00002934314093,1.00005172859768,1.00005029554846
35.3990518217602,1.00002984460522,1.00005158301609,1.00005005948846
35.4115559022341,1.00003040016093,1.000051437996,1.00004982342847
35.4240599827081,1.00003099326424,1.00005129331539,1.00004958736849
35.436564063182,1.00003161036207,1.00005114893813,1.0000493513085
35.449068143656,1.00003227739124,1.00005100515612,1.00004911524853
35.46157222413,1.0000329616204,1.00005086163017,1.00004887918853
35.4740763046039,1.0000336695873,1.00005071853478,1.00004864312855
35.4865803850779,1.00003440259314,1.00005057590427,1.00004840706856
35.4990844655518,1.00003514547026,1.00005043352911,1.00004817100859
35.5115885460258,1.00003590387521,1.00005029171091,1.0000479349486
35.5240926264997,1.0000366679537,1.00005015022819,1.00004769888859
35.5365967069737,1.00003743548676,1.00005000904685,1.00004746282862
35.5491007874476,1.00003820149295,1.00004986786551,1.00004722676863
35.5616048679216,1.00003896242213,1.00004972668417,1.00004699070865
35.5741089483955,1.00003971631362,1.00004958550283,1.00004675464866
35.5866130288695,1.0000404518718,1.00004944432149,1.00004651858868
35.5991171093434,1.00004117632152,1.00004930314015,1.00004628252869
35.6116211898174,1.00004187556692,1.00004916195881,1.00004604646871
35.6241252702913,1.00004254908195,1.00004902077747,1.00004581040872
35.6366293507653,1.00004320580475,1.00004887959613,1.00004557434873
35.6491334312392,1.00004381311841,1.00004873841479,1.00004533828874
35.6616375117132,1.00004439605372,1.00004859723345,1.00004510222875
35.6741415921871,1.00004494504685,1.00004845605211,1.00004486616878
35.6866456726611,1.00004544047416,1.00004831487077,1.00004463010879
35.6991497531351,1.00004590834709,1.00004817368942,1.00004439404881
35.711653833609,1.00004632005078,1.00004803250808,1.00004415798882
35.724157914083,1.00004668414336,1.00004789132674,1.00004392192882
35.7366619945569,1.00004701733033,1.0000477501454,1.00004368586885
35.7491660750309,1.00004727047279,1.00004760896406,1.00004344980886
35.7616701555048,1.00004748829587,1.00004746778272,1.00004321374888
35.7741742359788,1.00004765672631,1.00004732660138,1.00004297768889
35.7866783164527,1.00004775417894,1.00004718542004,1.0000427416289
35.7991823969267,1.00004781664891,1.0000470442387,1.00004250556891
35.8116864774006,1.00004781016395,1.00004690305736,1.00004226950894
35.8241905578746,1.0000477494312,1.00004676187602,1.00004203344895
35.8366946383485,1.00004765352526,1.00004662069468,1.00004179738896
35.8491987188225,1.00004747205784,1.00004647951334,1.00004156132897
35.8617027992964,1.00004725530626,1.000046338332,1.00004132526898
35.8742068797704,1.00004698899317,1.00004619715066,1.00004108920901
35.8867109602443,1.00004665602517,1.00004605596932,1.00004085314902
35.8992150407183,1.00004629126705,1.00004591478798,1.00004061708904
35.9117191211922,1.00004586560031,1.00004577360664,1.00004038102904
35.9242232016662,1.00004539523939,1.0000456324253,1.00004014496906
35.9367272821402,1.00004489592227,1.00004549124396,1.00003990890907
35.9492313626141,1.00004433077399,1.00004535006262,1.00003967284908
35.9617354430881,1.00004374062457,1.00004520888128,1.00003943678911
35.974239523562,1.00004311520221,1.00004506769994,1.00003920072911
35.986743604036,1.00004244656098,1.0000449265186,1.00003896466913
35.9992476845099,1.00004175837581,1.00004478533726,1.00003872860914
36.0117517649839,1.00004103461828,1.00004464415592,1.00003849254917
36.0242558454578,1.00004028811256,1.00004450297457,1.00003825648918
36.0367599259318,1.0000395269184,1.00004436179324,1.00003802042917
36.0492640064057,1.00003873767208,1.0000442206119,1.0000377843692
36.0617680868797,1.00003794031178,1.00004407943056,1.00003754830921
36.0742721673536,1.00003713145316,1.00004393824922,1.00003731224923
36.0867762478276,1.00003631393717,1.00004379706787,1.00003707618924
36.0992803283015,1.00003549408482,1.00004365588654,1.00003684012925
36.1117844087755,1.00003467293535,1.00004351470519,1.00003660406927
36.1242884892494,1.00003385623546,1.00004337352386,1.00003636800929
36.1367925697234,1.00003304254919,1.00004323234251,1.0000361319493
36.1492966501973,1.0000322446278,1.00004309116117,1.00003589588931
36.1618007306713,1.00003145676881,1.00004294997983,1.00003565982934
36.1743048111453,1.00003068323242,1.00004280879849,1.00003542376933
36.1868088916192,1.00002993602147,1.00004266761716,1.00003518770936
36.1993129720932,1.00002920336263,1.00004252643581,1.00003495164937
36.2118170525671,1.0000285021616,1.00004238525447,1.00003471558939
36.2243211330411,1.00002782965516,1.00004224407314,1.0000344795294
36.236825213515,1.00002717596747,1.00004210289179,1.00003424346941
36.249329293989,1.00002657484068,1.00004196171045,1.00003400740943
36.2618333744629,1.00002599790162,1.00004182052911,1.00003377134944
36.2743374549369,1.00002545554348,1.00004167934777,1.00003353528946
36.2868415354108,1.00002496476297,1.00004153816644,1.00003329922947
36.2993456158848,1.00002450023518,1.00004139698509,1.00003306316948
36.3118496963587,1.00002408898737,1.00004125580375,1.00003282710949
36.3243537768327,1.00002372089945,1.00004111462241,1.00003259104952
36.3368578573066,1.00002338107845,1.00004097344107,1.00003235498953
36.3493619377806,1.00002311333335,1.00004083225973,1.00003211892954
36.3618660182545,1.00002287603033,1.00004069107838,1.00003188286955
36.3743700987285,1.00002268244308,1.00004054989705,1.00003164680957
36.3868741792025,1.00002254925842,1.00004040871571,1.00003141074957
36.3993782596764,1.00002244576608,1.00004026753437,1.00003117468958
36.4118823401504,1.00002240074662,1.00004012635303,1.00003093862961
36.4243864206243,1.00002240001034,1.00003998517169,1.00003070256963
36.4368905010983,1.00002242828135,1.00003984399034,1.00003046650963
36.4493945815722,1.00002252621246,1.000039702809,1.00003023044965
36.4618986620462,1.00002265167443,1.00003956162767,1.00002999438968
36.4744027425201,1.00002281684715,1.00003942044633,1.00002975832967
36.4869068229941,1.00002303329906,1.00003927926499,1.0000295222697
36.499410903468,1.00002327412524,1.00003913808364,1.00002928620972
36.511914983942,1.00002356144392,1.0000389969023,1.00002905014975
36.5244190644159,1.00002388135178,1.00003885572097,1.00002881408972
36.5369231448899,1.00002422261065,1.00003871453962,1.00002857802974
36.5494272253638,1.00002461116347,1.00003857335829,1.00002834196977
36.5619313058378,1.00002501661042,1.00003843217694,1.00002810590976
36.5744353863117,1.00002544653393,1.0000382909956,1.00002786984979
36.5869394667857,1.00002590443355,1.00003814981427,1.00002763378981
36.5994435472596,1.00002637469933,1.00003800863292,1.00002739772984
36.6119476277336,1.00002686677176,1.00003786745158,1.00002716166983
36.6244517082076,1.00002737112123,1.00003772627024,1.00002692560986
36.6369557886815,1.000027883491,1.0000375850889,1.00002668954988
36.6494598691555,1.00002840848712,1.00003744390757,1.00002645348988
36.6619639496294,1.00002893559456,1.00003730272622,1.00002621742988
36.6744680301034,1.00002946577453,1.00003716154488,1.0000259813699
36.6869721105773,1.00002999408251,1.00003702036354,1.00002574530993
36.6994761910513,1.00003051993704,1.0000368791822,1.00002550924992
36.7119802715252,1.00003103810028,1.00003673800086,1.00002527318995
36.7244843519992,1.00003154603471,1.00003659681952,1.00002503712997
36.7369884324731,1.00003204718408,1.00003645563818,1.00002480107
36.7494925129471,1.00003252475904,1.00003631445684,1.00002456500999
36.761996593421,1.00003299006036,1.0000361732755,1.00002432895002
36.774500673895,1.00003343742079,1.00003603209416,1.00002409289004
36.7870047543689,1.00003385556392,1.00003589091282,1.00002385683001
36.7995088348429,1.00003425808008,1.00003574973148,1.00002362077004
36.8120129153168,1.00003462742639,1.00003560855014,1.00002338471006
36.8245169957908,1.00003496849342,1.0000354673688,1.00002314865009
36.8370210762648,1.00003529086808,1.00003532618746,1.00002291259008
36.8495251567387,1.00003556251761,1.00003518500611,1.00002267653011
36.8620292372127,1.00003581203801,1.00003504382478,1.00002244047013
36.8745333176866,1.00003602906726,1.00003490264343,1.00002220441013
36.8870373981606,1.00003619979031,1.00003476146209,1.00002196835015
36.8995414786345,1.00003634707068,1.00003462028076,1.00002173229018
36.9120455591085,1.00003644687603,1.00003447909941,1.00002149623018
36.9245496395824,1.00003650974297,1.00003433791807,1.00002126017017
36.9370537200564,1.00003654817803,1.00003419673673,1.0000210241102
36.9495578005303,1.00003652512778,1.00003405555539,1.00002078805022
36.9620618810043,1.0000364771742,1.00003391437406,1.00002055199025
36.9745659614782,1.00003639249313,1.00003377319273,1.00002031593024
36.9870700419522,1.00003625897057,1.00003363201138,1.00002007987027
36.9995741224261,1.0000361014843,1.00003349083003,1.00001984381029
37.0120782029001,1.00003589689036,1.00003334964869,1.00001960775029
37.024582283374,1.00003565799439,1.00003320846736,1.00001937169031
37.037086363848,1.00003539638212,1.00003306728601,1.00001913563031
37.049590444322,1.00003508107419,1.00003292610467,1.00001889957034
37.0620945247959,1.00003474550743,1.00003278492333,1.00001866351033
37.0745986052699,1.00003437992961,1.00003264374199,1.00001842745036
37.0871026857438,1.00003397734357,1.00003250256064,1.00001819139038
37.0996067662178,1.00003355727631,1.00003236137931,1.00001795533038
37.1121108466917,1.00003310418267,1.00003222019797,1.0000177192704
37.1246149271657,1.00003262923389,1.00003207901662,1.00001748321043
37.1371190076396,1.00003213979166,1.0000319378353,1.00001724715045
37.1496230881136,1.00003161964808,1.00003179665396,1.00001701109045
37.1621271685875,1.00003108947958,1.00003165547261,1.00001677503045
37.1746312490615,1.000030544394,1.00003151429128,1.00001653897047
37.1871353295354,1.00002998417081,1.00003137310993,1.00001630291047
37.1996394100094,1.00002941765217,1.00003123192859,1.00001606685049
37.2121434904833,1.00002884102246,1.00003109074724,1.00001583079052
37.2246475709573,1.00002826056684,1.00003094956591,1.00001559473054
37.2371516514312,1.00002767757418,1.00003080838457,1.00001535867054
37.2496557319052,1.00002709452149,1.00003066720322,1.00001512261056
37.2621598123791,1.00002651394168,1.00003052602189,1.00001488655059
37.2746638928531,1.00002593705797,1.00003038484054,1.00001465049061
37.2871679733271,1.00002536998163,1.0000302436592,1.00001441443061
37.299672053801,1.00002480897686,1.00003010247787,1.00001417837061
37.312176134275,1.00002426245149,1.00002996129652,1.00001394231063
37.3246802147489,1.00002373013864,1.00002982011519,1.00001370625063
37.3371842952229,1.00002320729236,1.00002967893386,1.00001347019065
