,0.4,0.42,0.442,0.464,0.488,0.513,0.539,0.566,0.595,0.626,0.657,0.691,0.726,0.763,0.802,0.843,0.886,0.931,0.978,1.028,1.081,1.136,1.194,1.254,1.318,1.386,1.456,1.53,1.608,1.69,1.776,1.867,1.962,2.062,2.167,2.277,2.394,2.515,2.644,2.778,2.92,3.069,3.225,3.389,3.562,3.744,3.934,4.135,4.345,4.567,4.8,5.044,5.301,5.571,5.855,6.153,6.467,6.796,7.143,7.507,7.889,8.291,8.713,9.157,9.624,10.114,10.63,11.171,11.74,12.339,12.967,13.628,14.322,15.052,15.819,16.625,17.472,18.362,19.298,20.281,21.315,22.401,23.542,24.742,26.002,27.327,28.719,30.183,31.721,33.337,35.035,36.82,38.696,40.668,42.74,44.918,47.207,49.612,52.14,54.796,57.588,60.522,63.606,66.847,70.253,73.832,77.594,81.548,85.703,90.07,94.659,99.482,104.551,109.878,115.476,121.36,127.543,134.042,140.871,148.049,155.592,163.52,171.852,180.608,189.81,199.481,209.645,220.327,231.553,243.351,255.75,268.781,282.476,296.868,311.994,327.891,344.597,362.155,380.607,400.0
1.0,-1.0971354589302194e-16,1.2842516448373854e-16,1.043944757486229e-16,3.6659678465637635e-16,-4.171997833824132e-16,4.650981952906059e-16,2.457454004572595e-16,-5.531869592057544e-16,2.3383131079717205e-16,3.333661856782992e-16,1.3691989741574505e-16,-4.546766215237889e-16,-1.9542273646240396e-16,-2.2239781343563747e-16,1.5495696813839162e-16,2.569618586478947e-16,-2.9488886391798507e-16,1.150606959995528e-16,1.6923218789138135e-16,6.705796286119064e-16,-6.874959404374854e-16,1.5626178757507799e-16,-1.0796900545283912e-16,2.4780998646160916e-16,2.900739194326717e-16,4.008528646058767e-16,-1.150044664837511e-16,-6.73092251477385e-17,4.3771553966646e-17,5.123678185879218e-16,-6.247416932690529e-17,-2.640773912250022e-16,-1.9815110649060353e-17,-3.865762159169123e-17,2.6396223910010815e-16,-1.1035033386911786e-16,1.0764213041201041e-16,-7.00002608865624e-17,2.0484697092524538e-16,-1.332130955760914e-16,-1.2994379721221834e-16,-1.2675473354108202e-16,-3.0910983863337385e-17,3.015237054132818e-17,2.9412375008221216e-17,-1.1476216139470805e-16,2.798642086091252e-17,-1.6379749068899676e-16,-0.0,-1.039042355267658e-16,-1.2669278921482276e-16,-6.179175567832077e-17,2.8932129837331443e-16,1.4111040645971292e-16,1.7205911665663597e-16,2.7972744054246565e-16,3.2743488755080126e-17,2.4487258458947274e-16,-3.1156037433158283e-17,-2.0260940025665288e-16,8.893664408797212e-17,2.1688493151000792e-17,-1.5514559125641284e-16,2.6598805000812227e-16,-3.578761463213981e-17,-0.0,1.3621031887744693e-16,-1.6608432881428397e-16,9.720498536681753e-17,-6.321292888859895e-17,-3.0830782728859316e-17,-0.0,8.800818641949496e-17,-2.861610034071974e-17,1.3956903874945928e-16,5.4457501463899587e-17,5.3121012587437426e-17,1.2954330911533416e-16,2.527281483413543e-17,-4.9305145437641873e-17,4.809510500871327e-17,-2.3457380616843255e-17,-0.0,1.1160066571538153e-16,-8.708942142214329e-17,1.2742812635276119e-16,1.65734402595656e-16,1.6166697056954596e-16,-1.9712420116011804e-17,-3.845728096084905e-17,-0.0,-0.0,-0.0,-3.4818744524441535e-17,-3.39642274515247e-17,-0.0,6.463518593166576e-17,-9.45733764817543e-17,-6.150157936587272e-17,-0.0,-2.9259947271565526e-17,5.708370694718555e-17,-5.568276607932891e-17,2.7158103459485784e-17,-7.947477851211896e-17,-5.168287926350216e-17,1.764506968073119e-16,2.458860955580436e-17,-9.594063646767508e-17,2.3396518479757202e-17,-6.846697255230981e-17,1.113111084486682e-17,4.343173031500959e-17,4.236583447162436e-17,-0.0,-3.023390851593646e-17,-1.9661274592349317e-17,-0.0,3.741613557216314e-17,1.824893683397991e-17,-5.3403221440915175e-17,-8.682101094474946e-17,3.387610442104056e-17,-1.652236074910973e-17,1.6116871133161793e-17,-0.0,-1.5335502092832743e-17,4.4877420620265076e-17,-1.4592014944847466e-17,-0.0,1.38845731207044e-17,1.354381974364122e-17,3.96342872741354e-17,-0.0,1.257092005055941e-17,-3.67872185258507e-17,1.1961463807173059e-17,-1.1667907127289581e-17,1.7072332315558393e-17,3.330669073875469e-17
1.281,0.05183952348235611,0.052694297371554844,0.053540592771936714,0.054376544583075316,0.055200200544093275,0.056009525888272155,0.05680240940771673,0.05757667103489334,0.058330071031499425,0.059060320852603855,0.059765095724954545,0.060442048942476144,0.061088827839452,0.06170309135324288,0.06228252903448766,0.06282488130524101,0.06332796070632213,0.06378967381682782,0.06420804347435397,0.06458123087709602,0.06490755711202971,0.0651855236300264,0.0654138311817202,0.06559139673930309,0.06571736796027212,0.06579113479941437,0.06581233794373607,0.06578087382895868,0.06569689609208078,0.06556081341758827,0.06537328384013838,0.0651352056686683,0.0648477052906967,0.06451212219676174,0.06412999163000739,0.06370302531243022,0.06323309072634634,0.06272218943727086,0.06217243493402347,0.06158603043560269,0.06096524707515698,0.060312402822355976,0.059629842450026165,0.058919918792250156,0.058184975482056034,0.05742733129990122,0.05664926621118415,0.05585300912348703,0.05504072735300242,0.0542145177550622,0.053376399445935765,0.05252830802178119,0.05167209116540581,0.05080950552159849,0.049942214716594976,0.04907178839593651,0.04819970215683989,0.047327338255549425,0.046455986976370565,0.04558684855656414,0.04472103556965154,0.04385957567844074,0.04300341467801518,0.042153419757685294,0.04131038291940005,0.040475024498123416,0.039647996737199036,0.038829887378602865,0.0380212232343041,0.037222473710597774,0.03643405426235894,0.03565632975864039,0.03488961774497978,0.03413419159121232,0.03339028351654618,0.03265808748620422,0.03193776197609061,0.031229432603761518,0.030533194625498944,0.029849115300538458,0.029177236124516646,0.028517574935034665,0.02787012789286272,0.0272348713428206,0.026611763558728234,0.02600074637707837,0.025401746724260755,0.024814678042251577,0.024239441617715848,0.023675927819446715,0.023124017249007242,0.022583581809336655,0.02205448569596366,0.021536586315328905,0.021029735134556284,0.020533778466844795,0.02004855819647687,0.019573912447265925,0.019109676198068463,0.01865568184882358,0.01821175974038934,0.017777738631277122,0.017353446134210623,0.016938709115271136,0.016533354058228762,0.01613720739650648,0.015750095815074194,0.015371846524428986,0.015002287508682969,0.014641247749652421,0.014288557428718384,0.013944048108115968,0.013607552893199029,0.013278906577124381,0.012957945769303264,0.012644509008876544,0.012338436864382936,0.012039572020710996,0.011747759354349158,0.011462845997875724,0.011184681394567736,0.010913117343941767,0.010648008038983347,0.010389210095768889,0.010136582576128933,0.009889987003960038,0.009649287375741406,0.009414350165778811,0.009185044326652719,0.008961241285317213,0.008742814935259817,0.008529641625102035,0.008321600143992488,0.008118571704116014,0.007920439920618777,0.0077270907892245,0.00753841266179769,0.007354296220086114,0.007174634447860779,0.006999322601649942
1.561,0.08374928647261629,0.08546458888193298,0.08719172186356834,0.08892852170668805,0.09067259388466194,0.09242129907315869,0.09417173952809285,0.09592074614695692,0.09766486660493144,0.09940035503166625,0.101123163774245,0.10282893787422309,0.10451301296828423,0.10617041739790453,0.10779587937697249,0.10938384010924002,0.11092847375980701,0.11242371515525232,0.11386329600324684,0.11524079027264227,0.11654966914856557,0.11778336566715064,0.1189353487396964,0.11999920580306225,0.12096873279833095,0.12183802961119493,0.1226015985441654,0.12325444288121169,0.12379216220412878,0.12421104088083695,0.12450812611532515,0.12468129215815796,0.12472928773388281,0.1246517644295174,0.12444928466147957,0.12412330882863436,0.12367616228316297,0.12311098372081648,0.12243165742704798,0.12164273245219064,0.12074933218846497,0.1197570579726398,0.11867189025511957,0.11750009059438471,0.11624810730389196,0.11492248705168522,0.11352979414425385,0.1120765386624708,0.11056911409513494,0.1090137446599366,0.10741644212658968,0.10578297166695264,0.1041188260493351,0.10242920736090814,0.10071901537224107,0.09899284163930573,0.09725496845884476,0.09550937184157796,0.09375972773487792,0.0920094208042902,0.09026155516546369,0.08851896654008758,0.08678423538800836,0.08505970064072824,0.08334747372770623,0.08164945264574458,0.07996733587314735,0.07830263597458413,0.0766566927801123,0.0750306860532719,0.07342564758915543,0.0718424727046088,0.07028193109984136,0.06874467708433085,0.0672312591705448,0.0657421290471776,0.06427764994968926,0.06283810445038598,0.06142370169333617,0.060034584101393576,0.058670833583704445,0.05733247727249943,0.056019492817868353,0.05473181326871473,0.05346933156728908,0.05223190468369567,0.051019357415605406,0.049831485877163434,0.04866806069978751,0.0475288299662253,0.04641352189793603,0.04532184731457056,0.04425350188307985,0.04320816817277364,0.042185517531510945,0.041185211797108476,0.04020690485703361,0.03925024406846617,0.038314871549922094,0.037400425354770735,0.03650654053619415,0.035632850112396156,0.034778985940189036,0.03394457950444722,0.03312926263033367,0.03233266812465906,0.031554430352231815,0.03079418575259374,0.030051573302106525,0.02932623492596131,0.02861781586431679,0.027925964996437385,0.02725033512639305,0.026590583233598065,0.025946370691201988,0.02531736345510688,0.024703232226160127,0.024103652587868958,0.02351830512179303,0.022946875502600005,0.022389054574604893,0.021844538411474483,0.02131302836063243,0.020794231073786633,0.020287858524877453,0.0197936280166457,0.019311262176916432,0.018840488945610332,0.01838104155340937,0.01793265849292587,0.017495083483158883,0.017068065427952167,0.016651358369112034,0.016244721434788147,0.015847918783668983,0.015460719545497981,0.015082897758373839,0.014714232303259358,0.01435450683608569,0.014003509717806858
1.842,0.10214773407942108,0.10446869873223537,0.10682648056440337,0.10922004377523602,0.11164814001266439,0.11410928519698038,0.11660173426892396,0.11912345377107736,0.1216720921999116,0.12424494810733602,0.1268389359885252,0.12945055007163978,0.1320758262295092,0.1347103023689767,0.13734897782636107,0.13998627251324572,0.14261598682109064,0.14523126360999541,0.14782455397732558,0.1503875889225511,0.15291135948462328,0.15538610840684935,0.15780133684735084,0.16014583004987953,0.16240770615046665,0.1645744923315072,0.16663323224221152,0.16857062787264357,0.17037321779719053,0.17202759182533464,0.1735206396098052,0.17483982775635568,0.17597349666746842,0.17691116507353527,0.17764382740495532,0.17816422733174056,0.17846709039743852,0.17854930000721922,0.17841000415586794,0.17805064495988274,0.17747490876045502,0.17668860056117558,0.17569945206662801,0.1745168769060141,0.1731516893000006,0.17161580329803783,0.1699219289084527,0.1680832793188477,0.16611330043405703,0.16402543063253994,0.16183289538162168,0.1595485384646191,0.15718468923796122,0.1547530636182967,0.15226469537567752,0.14972989370076065,0.14715822281669927,0.14455849950984406,0.14193880475692044,0.13930650604606182,0.13666828746033424,0.13403018506888761,0.13139762562225607,0.12877546695663764,0.1261680388687263,0.12357918352565869,0.12101229472594141,0.11847035553137626,0.11595597395254457,0.11347141649749391,0.11101863949059236,0.10859931814151416,0.10621487339766614,0.10386649665112498,0.10155517239672243,0.09928169895408655,0.09704670737549485,0.09485067866513053,0.09269395943519643,0.0905767761214552,0.08849924787598772,0.08646139824896601,0.08446316576451221,0.08250441348863284,0.08058493768005028,0.07870447560768254,0.0768627126116949,0.07505928847853754,0.07329380319424746,0.07156582213456586,0.06987488074511226,0.06822048875994106,0.06660213400232552,0.06501928580747339,0.06347139810313596,0.06195791218064886,0.06047825918583485,0.05903186235639048,0.05761813902982113,0.056236502443690335,0.0548863633478586,0.053567131446509104,0.052278216686055,0.051019030403486036,0.04978898634833306,0.04858750159017439,0.04741399732248029,0.04626789957257547,0.045148639826579594,0.04405565557735457,0.042988390802739446,0.041946296380676734,0.04092883044721873,0.039935458702852776,0.03896565467208212,0.03801889992074479,0.03709468423514402,0.036192505766692994,0.03531187114543771,0.03445229556551747,0.03361330284534756,0.03279442546505312,0.03199520458345859,0.031215190036729484,0.03045394032057185,0.02971102255772768,0.028986012452345163,0.028278494232662616,0.027588060583316365,0.026914312568461964,0.026256859546796525,0.02561531907946596,0.024989316831756345,0.024378486469386118,0.023782469550140024,0.023200915411520306,0.022633481055028198,0.022079831027630642,0.02153963730091821,0.02101257914841097
2.122,0.11241168555817872,0.11510012694446202,0.11784363014301615,0.12064236038367909,0.12349635770704373,0.12640551885457504,0.12936957686265665,0.13238807807648725,0.1354603562691737,0.13858550351972612,0.1417623374719489,0.14498936456606645,0.14826473880854094,0.15158621562641117,0.15495110034500917,0.15835619083894675,0.1617977139441204,0.1652712552952457,0.1687716823841826,0.17229306083879203,0.17582856422509752,0.1793703781069974,0.1829095996931967,0.18643613519927077,0.18993859809371313,0.19340421271448013,0.1968187293554178,0.20016635881655626,0.20342973652150628,0.20658992847905638,0.2096264933401506,0.21251761616810463,0.21524032973732535,0.21777083751400308,0.2200849482220574,0.22215862446300966,0.22396863703382472,0.22549330286014088,0.22671326926775792,0.22761229308823067,0.2281779529805477,0.22840223050707326,0.22828190210800908,0.22781870043077992,0.22701922734856195,0.2258946282330418,0.2244600624521778,0.22273402399502643,0.22073757574257286,0.2184935607556503,0.21602584572408204,0.2133586383871083,0.21051590553430433,0.20752090382784585,0.2043958238951086,0.20116153967814465,0.19783744986537707,0.1944413958623765,0.19098964047143965,0.1874968925293276,0.18397636459321168,0.18043985291238332,0.1768978310724191,0.1733595506682173,0.16983314406360478,0.16632572570121737,0.16284348954768657,0.1593918011266758,0.15597528324468238,0.15259789499163645,0.14926300393667719,0.14597345167089593,0.14273161299957746,0.13953944917768948,0.13639855563064998,0.13331020462043183,0.13027538331445448,0.12729482769851044,0.12436905275039337,0.12149837926158306,0.11868295766291657,0.11592278917837885,0.11321774460016884,0.11056758094873502,0.10797195625399629,0.10543044266863351,0.10294253810126236,0.10050767653640222,0.09812523718938025,0.09579455262748933,0.09351491597373485,0.09128558729616663,0.08910579927397463,0.08697476222103562,0.08489166853835216,0.08285569665862036,0.08086601453893953,0.07892178275129089,0.07702215721477707,0.07516629160863918,0.07335333950068106,0.07158245622185042,0.0698528005143043,0.06816353597725955,0.06651383233225248,0.06490286652707021,0.06332982369551242,0.06179389798829517,0.060294293288758585,0.05883022382557981,0.057400914693402146,0.05600560229113352,0.05464353468664988,0.05331397191572296,0.05201618622218471,0.05074946224561419,0.04951309716218929,0.048306400783768744,0.04712869561975662,0.04597931690583731,0.04485761260326033,0.043762943371985705,0.04269468252066428,0.041652215936137896,0.0406349419948703,0.039642271458487505,0.038673627355382725,0.03772844485015514,0.03680617110247115,0.03590626511678287,0.03502819758419481,0.034171450717644616,0.03333551808144312,0.032519904416120946,0.031724125459429396,0.030947707764260587,0.030190188514174984,0.0294511153371527,0.028730046118124238,0.02802654881077625
2.403,0.11791940680302068,0.12081500928003397,0.12377687542286338,0.12680600644990098,0.12990335397650782,0.13306980939026838,0.13630619165903568,0.1396132333370754,0.14299156449794545,0.1464416942802373,0.1499639896833232,0.15355865119376466,0.15722568475831114,0.16096486954557934,0.16477572085478734,0.1686574474359746,0.17260890238205132,0.176628526639551,0.18071428406455442,0.1848635868269128,0.18907320984715048,0.1933391928478798,0.19765672853353988,0.2020200354060191,0.2064222138192496,0.21085508413000792,0.21530900629424243,0.21977268109543713,0.22423293451427947,0.22867448873323365,0.2330797261229032,0.23742845650058914,0.24169770317957157,0.2458615299306886,0.24989093881345403,0.25375387733871496,0.2574154013755761,0.2608380454936055,0.26398245191714065,0.2668082990722257,0.26927554700749706,0.2713459776344668,0.27298495454489063,0.27416326786248213,0.2748588782454923,0.27505834839072246,0.2747577651146441,0.27396301494308267,0.27268937075748584,0.2709604529180449,0.2688067174234861,0.2662636747124224,0.263370048427421,0.260166051113199,0.2566918994885286,0.2529866329207744,0.24908724793858977,0.2450281254664608,0.2408407067570298,0.2365533660909002,0.23219142926922665,0.22777729296390067,0.22333060819226674,0.21886849962628535,0.21440580006072243,0.20995528569115826,0.20552790280838645,0.2011329802211106,0.19677842437829438,0.19247089599701056,0.18821596821297218,0.18401826702804128,0.17988159526521355,0.17580904145803616,0.1718030751723217,0.16786563023653558,0.16399817728032295,0.16020178687361647,0.1564771844382664,0.1528247979809634,0.14924479957690898,0.14573714142204156,0.14230158716950303,0.13893773917421173,0.1356450621877162,0.132422903973592,0.12927051325063066,0.1261870553161912,0.12317162565448254,0.12022326179326268,0.11734095363684557,0.11452365247253667,0.1117702788211085,0.10907972927908045,0.10645088248086489,0.10388260429187808,0.10137375232907198,0.09892317989272296,0.09652973938241706,0.09419228526075558,0.0919096766201682,0.0896807794011771,0.0875044683043559,0.085379628432934,0.08330515669840874,0.08127996301753164,0.07930297132556939,0.07737312042771104,0.07548936470785764,0.07365067471172955,0.0718560376192157,0.07010445761912361,0.06839495619795626,0.06672657235297781,0.06509836273865777,0.06350940175452287,0.061958781581543936,0.060445612173364624,0.05896902120797293,0.0575281540047831,0.056122173411541354,0.054750259664976514,0.05341161022868166,0.0521054396113246,0.05083097916794796,0.04958747688680907,0.048374197163944505,0.04719042056740314,0.046035443592876375,0.04490857841226398,0.04380915261654668,0.04273650895418099,0.041690005066099926,0.04066901321828094,0.039672920032734996,0.038701126217672285,0.037753046297516656,0.036828108343360914,0.035925753704385915,0.035045436740705795
2.683,0.12061953640654004,0.12362367432512038,0.12670041883363103,0.12985127727017515,0.1330777566681473,0.13638135864638729,0.13976357341709456,0.14322587276727908,0.1467697018445417,0.15039646954824604,0.15410753729194465,0.15790420586101,0.1617877000395917,0.16575915062171953,0.1698195733506522,0.17396984424642636,0.17821067068120883,0.18254255744276096,0.18696576688443328,0.1914802720920411,0.1960857017993678,0.2007812755508541,0.20556572733801268,0.21043721562242443,0.21539321730166622,0.22043040277829254,0.22554448886597878,0.23073006583273803,0.23598039447904426,0.2412871688483233,0.2466402400827517,0.25202729724870654,0.25743350193832176,0.2628410755111931,0.26822884154688387,0.2735717322070276,0.2788402767237918,0.28400010421713034,0.2890115124323904,0.2938291790393858,0.29840212147144507,0.3026740404973936,0.3065842027424776,0.3100690135156979,0.3130643846799547,0.3155088959653097,0.31734757901360183,0.3185359469950128,0.3190437100150106,0.31885754090300966,0.31798235329138114,0.3164408260292154,0.31427127413086575,0.31152429665337955,0.30825881528875815,0.3045381168514098,0.3004263694412556,0.295985877099819,0.2912751459893713,0.28634769861750226,0.2812514998912156,0.2760288375153834,0.27071651034388405,0.26534620470255293,0.2599449687782099,0.2545357225257846,0.24913776260183812,0.24376723823512308,0.2384375854029848,0.23315991425378493,0.22794334943763958,0.22279532574799185,0.2177218428982442,0.21272768383926835,0.20781660109551664,0.2029914753796766,0.1982544503799998,0.1936070471886681,0.18905026140611286,0.18458464554434265,0.18021037897667636,0.17592732734764177,0.17173509306573503,0.1676330582509823,0.16362042129510965,0.15969622801040687,0.1558593981898394,0.15210874827161247,0.14844301069265206,0.1448608504241398,0.1413608791055704,0.1379416671294694,0.13460175397486018,0.13133965704218997,0.12815387920423088,0.12504291525534525,0.12200525741439998,0.11903940001376498,0.1161438434874862,0.11331709775538704,0.11055768508596682,0.10786414250920613,0.10523502384036904,0.10266890136736923,0.10016436724699959,0.09772003464909806,0.09533453868242528,0.09300653713145672,0.09073471102939108,0.08851776508931657,0.0863544280125771,0.08424345269089743,0.08218361631666202,0.0801737204138936,0.07821259080085763,0.07629907749382793,0.07443205456033992,0.07261041992919769,0.0708330951635968,0.06909902520291615,0.06740717807804679,0.06575654460451345,0.06414613805711625,0.06257499382935543,0.06104216908049905,0.059546742372793414,0.05808781330100697,0.056664502116225084,0.05527594934556915,0.05392131540930587,0.052599780236623005,0.05131054288118647,0.05005282113744665,0.048825851158538235,0.04762888707650047,0.04646120062544998,0.04532208076824988,0.04421083332713755,0.04312678061871276,0.0420692610936205
2.964,0.12162859780879941,0.1246816538144613,0.12781064942375775,0.13101737942102734,0.13430366742571503,0.13767136417553522,0.14112234537694768,0.14465850904548067,0.14828177224421776,0.1519940671117682,0.15579733605062346,0.15969352592232064,0.16368458106628334,0.16777243492359545,0.17195900000387873,0.17624615588120307,0.1806357348415044,0.18512950472680823,0.18972914842736024,0.19443623935776896,0.1992522121125089,0.20417832732372082,0.20921562953274575,0.21436489662735064,0.21962657907820393,0.2250007268178842,0.23048690112820808,0.23608406831959514,0.24179047128053424,0.24760347412695638,0.2535193741746422,0.25953317428579925,0.2656383073165607,0.27182630296626464,0.27808638592174834,0.2844049930388002,0.2907651968438491,0.29714602362238335,0.3035216580201716,0.30986053435218425,0.3161243305549723,0.3222669078518684,0.32823328245455696,0.3339587793548791,0.3393686034553124,0.3443781617412185,0.34889455570995664,0.3528196829269856,0.35605526175526636,0.35850974692703025,0.36010652556285205,0.3607921122204239,0.3605426053892785,0.3593667705028141,0.3573048950490817,0.3544237383764785,0.35080892310308903,0.346556542920359,0.3417655309947627,0.33653171688554195,0.330943849857389,0.3250814057044137,0.31901377328518515,0.312800379840856,0.3064913772829813,0.3001286087721947,0.29374666818711076,0.28737393910897574,0.2810335523378919,0.2747442350161358,0.26852104495008694,0.26237599506349163,0.25631857843671035,0.25035620643029793,0.24449457248814674,0.23873795331773412,0.23308945781784488,0.22755123268611663,0.22212463225729806,0.21681035887649477,0.2116085790277104,0.20651901951727733,0.20154104724174635,0.1966737354323686,0.19191591874421657,0.18726623912898752,0.18272318408029442,0.17828511855469503,0.17395031163902336,0.16971695884491178,0.16558320075665203,0.16154713863217843,0.15760684745357598,0.15376038683882923,0.15000581015699324,0.1463411721317893,0.14276453517148605,0.13927397462400384,0.1358675831239513,0.13254347417157117,0.12929978506135797,0.12613467925959548,0.12304634831460545,0.12003301337058385,0.11709292634505003,0.11422437082085089,0.11142566269598853,0.10869515062809809,0.10603121630494033,0.10343227456766664,0.10089677340970055,0.09842319387076501,0.09601004984275617,0.09365588780177443,0.09135928647855861,0.08911885647783199,0.0869332398555674,0.08480110966189797,0.08272116945630396,0.08069215280076115,0.07871282273573078,0.07678197124317061,0.07489841870015058,0.07306101332613961,0.07126863062658381,0.0695201728350157,0.06781456835559752,0.06615077120772114,0.06452776047403494,0.0629445397530566,0.06140013661734458,0.059893602078043354,0.05842401005647392,0.056990456863328216,0.055592060685915996,0.05422796108382867,0.05289731849330244,0.05159931374050021,0.05033314756387203,0.04909804014570315
3.245,0.12159983754973523,0.12466560173393651,0.12780882502047616,0.1310314566951435,0.1343354913179068,0.13772296895651973,0.1411959752507156,0.14475664126983956,0.14840714311944644,0.15214970124363303,0.15598657935921706,0.15992008294506088,0.16395255719426877,0.16808638431805917,0.17232398006710054,0.17666778930795493,0.18112028045784007,0.1856839385386685,0.1903612565592435,0.1951547248703092,0.20006681805757895,0.20509997883915304,0.2102565983107613,0.21553899172868865,0.22094936882788313,0.22648979743113648,0.23216215880092267,0.2379680928013445,0.24390893045165352,0.24998561083694876,0.2561985785605075,0.2625476569311653,0.2690318908233615,0.275649351560677,0.28239689417947483,0.28926985494562013,0.2962616739490287,0.30336342394697624,0.310563222414807,0.31784549923074096,0.32519008818700096,0.3325711079042492,0.3399555992981946,0.3473018971610604,0.3545577405861377,0.36165818332875266,0.3685234682640022,0.3750571998188128,0.38114539643443157,0.3866573096895171,0.39144915692518006,0.3953719040453901,0.3982836222945844,0.4000654867502053,0.40063844094866513,0.3999759679177438,0.39810867836802877,0.39511902784507236,0.3911281001300605,0.3862788486642735,0.38072028801510877,0.3745954608627985,0.36803397954132044,0.36114854645642835,0.35403429987707236,0.346769851605757,0.3394191524140123,0.33203362373745116,0.32465423671454047,0.31731338392150693,0.31003648814762685,0.3028433462634154,0.2957492318226796,0.2887657895902299,0.2819017563285534,0.27516353937626636,0.2685556802614435,0.2620812260694907,0.2557420271086603,0.24953897580643145,0.24347219876488135,0.23754121145784698,0.23174504309085495,0.2260823375845568,0.22055143540794367,0.21515044001360303,0.20987727185949004,0.20472971239640392,0.19970543992264597,0.1948020588296579,0.19001712346326038,0.18534815758746712,0.18079267024866022,0.17634816868678146,0.17201216881921977,0.16778220372586328,0.1636558304855028,0.15963063565051475,0.15570423959550203,0.15187429993393312,0.1481385141628825,0.14449462166826527,0.14094040520024417,0.1374736919098501,0.1340923540225064,0.1307943092114854,0.12757752072384979,0.12443999730276102,0.12137979294282725,0.11839500650916271,0.11548378124584754,0.11264430419528693,0.10987480554649413,0.1071735579273914,0.10453887565377248,0.10196911394551676,0.09946266811890446,0.09701797276243912,0.09463350090234529,0.09230776316287578,0.0900393069257007,0.08782671549189805,0.08566860724945648,0.08356363484866773,0.08151048438734779,0.07950787460744567,0.07755455610428792,0.07564931054943558,0.0737909499279112,0.07197831579035475,0.07021027852052099,0.06848573661838457,0.06680361599901714,0.0651628693073017,0.06356247524847536,0.06200143793442381,0.060478786245602906,0.05899357320841549,0.057544875387836446,0.05613179229505473
3.525,0.12092633406803488,0.1239826273008368,0.1271168093306683,0.1303309050267921,0.13362699343064685,0.13700720907072633,0.14047374325503215,0.144028845326599,0.14767482386421854,0.15141404780637632,0.15524894747140333,0.1591820154407347,0.16321580726468557,0.1673529419409826,0.1715961021050711,0.17594803385736452,0.1804115461355721,0.18498950951918158,0.1896848543270678,0.1945005678368064,0.1994396904138588,0.20450531028834376,0.20970055665381027,0.2150285906828224,0.2204925939536419,0.22609575365496015,0.23184124377363213,0.23773220126359398,0.24377169592906447,0.24996269241404304,0.2563080022494054,0.262810223337267,0.26947166350799723,0.27629424381266554,0.2832793759386958,0.2904278064605192,0.29773941843001817,0.30521297790329055,0.3128458091725969,0.3206333774537556,0.32856875125095486,0.3366419082487556,0.34483883810678745,0.3531403829886771,0.36152074282704977,0.3699455596771676,0.37836948996549724,0.38673318753984204,0.39495967843591717,0.40295025290926856,0.4105802974425014,0.41769601810622875,0.42411380337314347,0.42962488574503094,0.43400839912387085,0.4370547427126389,0.43859723506131026,0.4385440616713513,0.4368984758547216,0.43375805114855903,0.42929334522799517,0.42371561662120116,0.41724553891479704,0.41009051392851065,0.4024322535410328,0.3944225642014293,0.3861842310043637,0.3778143970754157,0.3693887496960548,0.36096560511884196,0.3525894952847214,0.3442941443038506,0.3361048596990768,0.32804041744229606,0.32011453203092516,0.31233699654454755,0.3047145647628858,0.29725163363090196,0.2899507719371389,0.28281313073986747,0.275838762834718,0.26902687213929044,0.26237600893970514,0.25588422318481924,0.24954918515811525,0.24336828069002356,0.23733868642759817,0.23145742942614042,0.2257214343719031,0.22012756101366457,0.2146726338191178,0.20935346543876832,0.2041668752246178,0.19910970379016743,0.19417882439483114,0.18937115177644137,0.18468364893015662,0.18011333223312698,0.17565727523585498,0.1713126113788512,0.16707653584345739,0.16294630670590168,0.1589192455317052,0.15499273752183362,0.15116423130122153,0.14743123842348793,0.14379133265201974,0.14024214906651347,0.1367813830350226,0.1334067890841781,0.1301161796942189,0.12690742404051664,0.12377844669922802,0.1207272263313774,0.11775179435692706,0.1148502336281549,0.11202067710978575,0.10926130657181451,0.10657035129969088,0.10394608682550906,0.1013868336829943,0.09889095618837578,0.09645686124867173,0.09408299719843644,0.09176785266564103,0.08950995546705115,0.08730787153320636,0.08516020386291223,0.08306559150699024,0.08102270858090121,0.07903026330576371,0.07708699707720507,0.07519168356143142,0.0733431278178545,0.07154016544758973,0.06978166176711678,0.06806651100638386,0.06639363553063662,0.06476198508525269,0.06317053606286653
3.806,0.11985122403926467,0.12288440943941666,0.12599525665116754,0.12918581945147864,0.1324582102833583,0.13581460214787516,0.13925723055326014,0.14278839551887515,0.14641046363058957,0.15012587014254,0.15393712111826705,0.15784679560178785,0.16185754780602502,0.16597210930222034,0.17019329118907778,0.17452398621439505,0.17896717081437893,0.18352590702640356,0.18820334421915422,0.19300272056920043,0.1979273641943969,0.20298069383090225,0.20816621891084025,0.21348753885985058,0.21894834138580554,0.2245523994687209,0.2303035666835575,0.2362057703869354,0.24226300216894242,0.24847930480302324,0.2548587547080805,0.2614054386508354,0.2681234230406599,0.2750167136728837,0.2820892031180034,0.2893446020754493,0.296786349831712,0.3044174973727151,0.31224055454472677,0.3202572897214511,0.3284684664165311,0.3368734957634188,0.34546997619402214,0.35425308120728055,0.3632147418132422,0.37234255082079415,0.38161829027726807,0.3910159501507884,0.40049906659911066,0.4100171676049597,0.419501089841624,0.42885696637810905,0.4379588733168497,0.4466406416270807,0.4546884644493368,0.4618379265325526,0.46778173456752636,0.4721959933530178,0.47478928239360874,0.47536625237505664,0.47388074127916785,0.4704495622252409,0.4653185291643118,0.4588008322151833,0.45121771843332625,0.44285945338241617,0.433968178032225,0.4247358555373625,0.41530981265497907,0.40580079189451373,0.3962908865521147,0.3868403213216835,0.37749285806277055,0.36827994994905283,0.359223872009335,0.35034005759152714,0.34163883562825104,0.33312672214511685,0.3248073822874359,0.31668234922961347,0.30875156348087524,0.3010137791131107,0.29346687098438534,0.28610806796423555,0.2789341305773878,0.27194148668970386,0.26512633536463165,0.25848472645911313,0.25201262164541366,0.24570594115360692,0.23956059949513112,0.23357253265498207,0.22773771865950412,0.2220521929882872,0.21651205996581915,0.2111135010146323,0.20585278045701783,0.2007262494024873,0.19573034814222454,0.1908616073817174,0.18611664857255508,0.18149218354943672,0.17698501363529068,0.17259202834342546,0.16831020377879044,0.16413660081915674,0.16006836314014206,0.15610271513459054,0.15223695976608648,0.14846847638786062,0.1447947185515031,0.14121321182444707,0.1377215516308085,0.13431740112668314,0.13099848911819467,0.12776260802837,0.12460761191712895,0.12153141455725655,0.11853198756812243,0.1156073586080024,0.11275560962518803,0.10997487516751003,0.10726334074950203,0.1046192412761021,0.10204085952156862,0.09952652466210607,0.09707461086058394,0.09468353590165422,0.09235175987552882,0.09007778390866066,0.08786014893957325,0.08569743453810565,0.08358825776636673,0.0815312720797307,0.07952516626626052,0.07756866342298445,0.0756605199675176,0.07379952468356842,0.07198449779892843,0.07021429009460763
4.086,0.11852859667218549,0.12153034197225958,0.12460912689147817,0.12776700649891248,0.13100609645869157,0.13432857520979924,0.1377366862442096,0.141232740487608,0.14481911878681258,0.14849827450778078,0.15227273624772386,0.15614511066430573,0.16011808542411515,0.1641944322715422,0.16837701021772153,0.17266876884728424,0.17707275173807704,0.181592099985687,0.18623005582021257,0.1909899662970802,0.19587528703633167,0.2008895859753887,0.20603654708797214,0.21131997400611155,0.21674379346170844,0.2223120584376675,0.22802895088436248,0.23389878381262805,0.23992600251651205,0.246115184603167,0.2524710384078824,0.2589983992413775,0.26570222274337635,0.2725875743866039,0.27965961386827726,0.2869235727139525,0.29438472286189366,0.30204833323970687,0.3099196103104943,0.3180036171414154,0.32630516357258027,0.3348286573060467,0.34357790185476184,0.35255582179413564,0.361764087917085,0.3712026036379123,0.38086879775635557,0.390756645214607,0.4008553035545682,0.4111472041060577,0.4216053683324773,0.4321896267072106,0.4428413012663881,0.45347579492555257,0.4639724874866537,0.4741615797017338,0.48380853545241614,0.49259944848020043,0.5001360678579867,0.5059567234758436,0.5096020195800195,0.5107263840356966,0.509212783779811,0.5052175651554088,0.49911122975275934,0.49135969584428046,0.48241810128740326,0.47267261144373107,0.462424622371853,0.45189801896433746,0.44125433297659544,0.4306080628707026,0.4200393788008159,0.4096037916549745,0.3993392134264286,0.3892710132656911,0.37941561044660993,0.36978302478360076,0.36037869165066666,0.35120475949645114,0.34226102244642637,0.3335455944170567,0.32505539904186515,0.3167865274867691,0.30873450086313403,0.30089446328470165,0.2932613241797122,0.28582986325251425,0.2785948078029387,0.2715508894885177,0.2646928857343186,0.258015649637616,0.25151413122765165,0.24518339221835458,0.23901861585974163,0.23301511309934553,0.2271683259709894,0.22147382890792014,0.21592732851132956,0.21052466217969035,0.20526179590889782,0.20013482150035303,0.19513995335839152,0.19027352501560973,0.1855319854916953,0.18091189556589607,0.1764099240236081,0.17202284392233494,0.16774752891047806,0.16358094962329642,0.1595201701733112,0.1555623447469729,0.15170471431521318,0.1479446034622852,0.14427941733482966,0.1407066387112582,0.13722382519014692,0.13382860649531161,0.1305186818944979,0.12729181772809514,0.12414584504395376,0.12107865733415758,0.11808820836950218,0.11517251012740658,0.11232963080900187,0.1095576929412261,0.10685487155985035,0.10421939246950084,0.1016495305768734,0.09914360829350385,0.09669999400460823,0.0943171006006743,0.09199338406864718,0.08972734213970844,0.08751751299081088,0.08536247399727205,0.08326084053388781,0.08121126482215558,0.07921243482133855,0.07726307316122531
4.367,0.11705809335042996,0.12002342378662491,0.12306493663101635,0.12618467197147437,0.12938473092836436,0.1326672779564592,0.13603454326492256,0.1394888253628088,0.1430324937380002,0.14666799167793731,0.1503978392409551,0.15422463638746362,0.15815106628061015,0.16217989876639835,0.16631399404351446,0.17055630653323328,0.17490988895977141,0.17937789665117365,0.18396359207026983,0.1886703495841908,0.1935016604793907,0.1984611382267321,0.20355252399782853,0.2087796924290893,0.2141466576233691,0.21965757937017963,0.22531676955330326,0.23112869869830818,0.23709800259050115,0.24322948886436296,0.24952814342599536,0.2559991365170286,0.26264782815712806,0.26947977260613665,0.276500721357076,0.28371662399509323,0.2911336260175406,0.29875806238192076,0.3065964450961902,0.3146554425394981,0.3229418473277267,0.33146252831080714,0.34022436055078825,0.34923412464804204,0.3584983632080218,0.36802317704288295,0.37781393607115515,0.38787486856570447,0.39820847546651683,0.4088146908955905,0.4196896710672965,0.4308240341724048,0.44220028246494314,0.45378899881255125,0.46554320334017135,0.4773899651891308,0.4892180086054871,0.5008597836859265,0.5120668388912049,0.5224798511382223,0.5316025329876807,0.5388054235240542,0.5434050272939016,0.5448489037558824,0.5429410873162998,0.5379380831464573,0.5304248992597892,0.5210862554210557,0.5105354607262947,0.49924875042284694,0.48756808055176304,0.47572884394415793,0.4638893838742877,0.45215466926207665,0.44059335731641447,0.42924953757095596,0.41815066816756974,0.40731291460156965,0.3967447501073174,0.3864493982843379,0.3764265026476925,0.3666732766301007,0.357185301498074,0.3479570834909743,0.3389824447891707,0.3302547987864109,0.32176734414697766,0.3135132014284772,0.30548550882372777,0.2976774886454489,0.2900824927825238,0.2826940329970221,0.27550580027661564,0.2685116762872225,0.26170573913716444,0.2550822650658545,0.24863572723777813,0.24236079250830975,0.23625231679822345,0.23030533954505536,0.2245150775750088,0.21887691864697262,0.21338641485177898,0.20803927599892774,0.20283136308505487,0.19775868191013074,0.1928173768863001,0.18800372506859686,0.18331413042515715,0.17874511835597626,0.17429333046300738,0.1699555195698668,0.16572854498618328,0.16160936800941036,0.15759504765541413,0.15368273660821338,0.14986967737871823,0.14615319866210202,0.14253071188342528,0.1389997079213032,0.13555775399968625,0.13220249073816223,0.1289316293516044,0.125742948990418,0.12263429421308397,0.11960357258315422,0.11664875238329736,0.11376786043943196,0.11095898004840701,0.1082202490030937,0.10554985770913983,0.10294604738800782,0.10040710836125634,0.0979313784113624,0.09551724121467878,0.09316312484241424,0.09086750032579348,0.08862888028180069,0.08644581759615284,0.08431690416036194
4.647,0.11550516823048493,0.11843126898960336,0.12143255956761428,0.12451105562691196,0.12766883343873392,0.1309080322127698,0.13423085655246636,0.1376395790449192,0.14113654299499376,0.14472416531404855,0.14840493957451484,0.1521814392424688,0.15605632110127554,0.16003232888045457,0.164112297104966,0.1682991551813028,0.17259593173794394,0.1770057592390154,0.18153187889121808,0.1861776458653978,0.19094653485531046,0.19584214599729416,0.20086821117545958,0.2060286007377036,0.21132733064804946,0.21676857010038147,0.22235664961732965,0.22809606965534665,0.23399150973254973,0.240047838088809,0.2462701218769004,0.25266363786798207,0.2592338836321742,0.2659865891231094,0.2729277285502523,0.2800635323593739,0.28740049905262943,0.29494540645494727,0.3027053218581783,0.3106876102277042,0.31889993930736843,0.32735027996315197,0.3360468993981369,0.3449983438530769,0.35421340593099576,0.36370106952629316,0.37347042215387827,0.38353051972401103,0.39389018164550227,0.4045576832079522,0.4155402952981159,0.4268435950499051,0.43847042905272415,0.4504193432932214,0.46268218440130965,0.4752403972790399,0.4880592500280836,0.5010787414959401,0.51419921143875,0.5272586695909881,0.5399979836768827,0.5520112048829785,0.5626874922361708,0.5711810812454308,0.5765012529644213,0.5778226938147027,0.5749099450071941,0.5682650291136079,0.5588267135533831,0.5475539711585817,0.5352044617706923,0.5223045453380797,0.5091974932076243,0.496100393555556,0.4831481344240885,0.4704231219224821,0.4579743753611564,0.4458296062515985,0.43400285990583604,0.42249938484043736,0.4113187669807579,0.4004569684118579,0.3899076665775009,0.3796631411714407,0.36971486497387146,0.36005389866702114,0.35067115451207587,0.3415575715032085,0.3327042303228359,0.3241024271299242,0.31574371909630483,0.30761995053208274,0.29972326569852953,0.29204611254162716,0.2845812402994069,0.27732169305045573,0.2702608006535184,0.2633921680949469,0.25670966395516226,0.2502074084887969,0.2438797616592525,0.2377213113587426,0.2317268619667269,0.22589142334391507,0.2202102003195057,0.21467858270134296,0.20929213581912962,0.20404659159730631,0.19893784014505975,0.19396192184492902,0.1891150199177349,0.18439345343946703,0.17979367078478387,0.17531224347164254,0.17094586038198267,0.16669132233415163,0.16254553698379962,0.15850551403112487,0.15456836071359692,0.1507312775645519,0.14699155441932432,0.14334656665179774,0.13979377162545606,0.1363307053441367,0.13295497928876177,0.12966427742732126,0.12645635338632502,0.12332902777281367,0.12028018563683193,0.11730777406502202,0.11440979989669446,0.11158432755437551,0.10882947698143049,0.10614342167991005,0.10352438684227161,0.1009706475711022,0.09848052718139118,0.09605239558030544,0.09368466771978143,0.09137580211758764
4.928,0.11391330112253654,0.1167987643374392,0.1197583521958162,0.1227940506512616,0.12590790535554833,0.12910202396280018,0.13237857856026142,0.13573980823503587,0.13918802178698608,0.14272560059890935,0.14635500167608106,0.15007876086838104,0.15389949628939492,0.15781991194823436,0.16184280161125592,0.1659710529124431,0.170207651733011,0.17455568687264802,0.17901835503695943,0.18359896616793978,0.1883009491468088,0.1931278579012417,0.19808337795195508,0.20317133343674476,0.2083956946533994,0.2137605861664473,0.21927029552628677,0.22492928265296364,0.23074218994041445,0.23671385314031695,0.24284931308741606,0.2491538283299536,0.2556328887289935,0.2622922300881164,0.2691378498689289,0.2761760240362373,0.2834133250569687,0.2908566410452555,0.2985131959969341,0.3063905709822513,0.3144967260540588,0.32284002246309423,0.3314292445267568,0.3402736201350119,0.3493828383394855,0.35876706167217276,0.36843692964401303,0.3784035480715228,0.3886784561410604,0.39927355891614535,0.41020100646439145,0.4214729905098341,0.4331014131271476,0.44509735543124446,0.45747023043932655,0.47022643085801014,0.48336715717038,0.4968848935848129,0.510757615471107,0.5249391298494605,0.539342748064773,0.5538134622367563,0.5680808517834758,0.5816827975423072,0.5938582643679285,0.6034570940797478,0.6090474553771263,0.609475971887784,0.6046420583677605,0.5955781185511982,0.5837223450449686,0.5702855343412273,0.5560861241737459,0.5416256763937284,0.527198903562504,0.5129752575333989,0.49904996803601415,0.4854743054301559,0.47227333443540165,0.4594563985754119,0.44702339316227896,0.4349685731612682,0.4232828955996995,0.4119554759374739,0.4009744998393611,0.3903277951521183,0.3800031890951562,0.3699887282331563,0.36027281009127726,0.35084425760620963,0.34169235656083546,0.3328068691441077,0.3241780322749945,0.31579654640129606,0.3076535585602663,0.29974064221265107,0.2920497755099812,0.2845733190828537,0.27730399405199707,0.270234860703102,0.2633592980901435,0.2566709847131645,0.2501638803370676,0.24383220896544178,0.23767044294941628,0.23167328819018757,0.22583567038117908,0.22015272222902288,0.214619771589744,0.20923233045637463,0.20398608473576646,0.19887688475499066,0.1939007364409479,0.18905379312037005,0.18433234789105996,0.17973282651886496,0.1752517808184073,0.170885882478961,0.16663191730004737,0.162486779804247,0.15844746819750646,0.15451107964971103,0.15067480587063603,0.1469359289585114,0.1432918175003804,0.13973992290520426,0.13627777595229085,0.13290298353909608,0.12961322561379038,0.12640625227920543,0.12327988105589215,0.12023199429303158,0.11726053671686361,0.11436351310714137,0.11153898609288429,0.10878507405939784,0.10609994915917145,0.10348183541984249,0.10092900694294432,0.09843978618764714
5.209,0.11231155824913279,0.1151558997878192,0.11807326815323992,0.12106561686649123,0.12413495797314045,0.12728336429296067,0.13051297179353227,0.1338259820969882,0.137224665130084,0.14071136192867895,0.14428848760877605,0.14795853451739144,0.15172407557784665,0.15558776784543327,0.15955235629102185,0.16362067783189088,0.16779566563101117,0.1720803536881681,0.1764778817487123,0.18099150055839125,0.18562457749571112,0.19038060261658324,0.1952631951497392,0.2002761104855105,0.20542324770518747,0.21070865770330752,0.2161365519609122,0.22171131203418226,0.2274374998298371,0.23331986874646457,0.2393633757693965,0.2455731946160243,0.2519547300383667,0.25851363340029904,0.2652558196577807,0.272187485881446,0.2793151314712976,0.2866455802221598,0.2941860044042867,0.3019439510239664,0.3099273704202534,0.31814464733084635,0.32660463451398525,0.3353166889313694,0.34429071035960546,0.353537182074169,0.36306721289274374,0.3728925792996107,0.3830257654813925,0.39347999769748526,0.40426926717840767,0.41540833218495893,0.426912684122035,0.4387984532370533,0.4510822139337308,0.46378062364786893,0.4769097845010372,0.49048413862118717,0.5045145677032923,0.5190051098735537,0.5339472226560714,0.5493095896605403,0.5650196516192699,0.5809295177490453,0.5967524906716661,0.611947442283575,0.6255304896358692,0.6358781052189123,0.6409023767510298,0.639181993882391,0.6312400512755788,0.619030706805478,0.6044826484364771,0.5888838714072516,0.5729692538530212,0.5571340159010789,0.5415849463227319,0.5264266230307802,0.5117079445554585,0.497447177218408,0.48364564462971443,0.47029535874167594,0.45738335293980936,0.4448941778720119,0.4328113507009967,0.42111819630484043,0.4097983294041397,0.39883592204441826,0.38821584182036906,0.3779237121483942,0.36794592582765134,0.3582696311037632,0.3488827021293196,0.3397737012004313,0.3309318373332422,0.32234692397394626,0.31400933751614646,0.3059099775893784,0.29804022963294885,0.29039192998618346,0.2829573335503486,0.27572908397081136,0.2687001862259902,0.26186398147624673,0.2552141240108325,0.24874456012740453,0.24244950878206914,0.23632344385548118,0.2303610778903239,0.22455734716628234,0.21890739798966474,0.21340657408562838,0.2080504049912303,0.20283459535714107,0.19775501507472404,0.19280769015329072,0.18798879427971682,0.1832946409992842,0.17872167646261358,0.1742664726889862,0.16992572130119743,0.1656962276914653,0.16157490558181992,0.15755877194591908,0.15364494226237596,0.14983062607251138,0.1461131228179781,0.14248981793597895,0.13895817919183948,0.1355157532305437,0.13216016233048386,0.12888910134417617,0.1257003348120236,0.12259169423643393,0.11956107550468098,0.1166064364498971,0.11372579454047248,0.11091722468895265,0.10817885717225946,0.10550887565572403
5.489,0.11071938683035071,0.1135227305765239,0.11639799621650936,0.11934710369837051,0.12237203019276659,0.12547481227346477,0.12865754821709,0.13192240043103812,0.13527159801937538,0.13870743949744638,0.14223229566690826,0.14584861266408805,0.14955891519576386,0.15336580997791788,0.15727198939453418,0.1612802353952598,0.16539342365270865,0.1696145280023423,0.17394662519029022,0.17839289995723975,0.18295665048954576,0.18764129427220025,0.19245037438217596,0.1973875662650428,0.20245668504271852,0.20766169340580978,0.21300671015035197,0.21849601942594146,0.22413408077041938,0.2299255400155185,0.2358752411584175,0.24198823930609006,0.24826981481292523,0.25472548874751244,0.2613610398419429,0.2681825230967518,0.2751962902368842,0.2824090122390037,0.2898277041782003,0.297459752672581,0.3053129462371019,0.3133955088924582,0.3217161374093841,0.3302840426006131,0.33910899509714426,0.34820137605445295,0.3575722332145621,0.36723334267975666,0.3771972765973756,0.3874774766538036,0.3980883327320557,0.4090452651388324,0.4203648071791325,0.4320646820806511,0.4441638635314732,0.45668260095250485,0.46964237648153323,0.4830657357004353,0.49697588930735503,0.5113959005387462,0.5263471177013183,0.541846209150608,0.5578995519382413,0.5744924670962587,0.5915680980846494,0.6089848299729805,0.6264284487153574,0.6432315636434214,0.658037026692418,0.6684105906687632,0.6713288961922539,0.6656482441543828,0.6534635026497988,0.6377823922325471,0.6206586860991115,0.6031725402971421,0.5858453743954626,0.5689198770659379,0.5525026730638677,0.5366332605454818,0.5213176389541259,0.5065451425527597,0.49229709081512907,0.478551323361977,0.4652846006743892,0.4524738684597601,0.440096904486483,0.42813262534727,0.4165612051227576,0.40536409079432223,0.3945239624467279,0.3840246656823654,0.37385113191373776,0.36398929540627434,0.35442601197841506,0.3451489819408403,0.3361466784948597,0.32740828201967986,0.3189236202292049,0.3106831139343838,0.30267772802459025,0.29489892723124805,0.287338636228668,0.2799892036423213,0.2728433695623653,0.265894236193409,0.2591352413062698,0.2525601341915134,0.24616295384670292,0.23993800915881888,0.23387986087013318,0.22798330513984105,0.2222433585351631,0.21665524430461186,0.21121437980287144,0.20591636495152493,0.20075697163287712,0.1957321339255855,0.19083793910089095,0.1860706193071162,0.1814265438779328,0.17690221220678973,0.17249424713597164,0.16819938881416077,0.16401448898110318,0.15993650564221684,0.15596249809970436,0.15208962231005616,0.14831512654078488,0.14463634730185065,0.14105070552959237,0.13755570300306982,0.134148918974587,0.13082800699785413,0.12759069193874412,0.1244347671549446,0.12135809183203178,0.11835858846457198,0.11543424047185177,0.11258308993872002
5.77,0.10914972138106246,0.11191258973192124,0.11474628420643225,0.11765269101786796,0.12063375225331642,0.12369146797858178,0.12682789845676976,0.1300451664890665,0.13334545988701035,0.13673103408640042,0.14020421491398158,0.14376740151911158,0.1474230694837994,0.1511737741258553,0.155022154011381,0.15897093469444434,0.1630229327037162,0.1671810597978598,0.17144832751384237,0.1758278520349493,0.18032285940825457,0.18493669114463082,0.18967281023816998,0.19453480764616451,0.19952640927564436,0.20465148352799506,0.2099140494594592,0.21531828562251173,0.22086853966127565,0.2265693387435698,0.23242540092294947,0.23844164753651195,0.2446232167585336,0.2509754784465059,0.25750405043522795,0.26421481645671147,0.2711139458892916,0.278207915569131,0.2855035339318883,0.2930079677925734,0.30072877211837223,0.3086739232035002,0.31685185571800295,0.32527150417486883,0.3339423494427466,0.34287447102545066,0.35207860593379653,0.3615662150880852,0.37134955830544686,0.38144177903433074,0.39185700007797686,0.40261043156104587,0.4137184922694424,0.4251989451073391,0.43707104654317136,0.4493557081506709,0.46207566494833846,0.47525563881830835,0.4889224732257051,0.503105192688732,0.5178348968657349,0.533144313977815,0.5490666674152872,0.5656331550015604,0.5828675763152171,0.6007749216781682,0.6193166686942754,0.6383554944401019,0.657526882190639,0.6759369024092856,0.6915205387430059,0.7003568584598445,0.6985354713201759,0.6869969371276096,0.6701656861918704,0.6513579255422973,0.6321662055647929,0.613262925054886,0.5949175110716326,0.5772261602530311,0.5602092951226767,0.5438540063727635,0.5281332416449737,0.5130147411605935,0.49846525271428643,0.4844524931152225,0.4709460055572838,0.4579174689996919,0.4453407367709862,0.43319174561829726,0.4214483680213209,0.4100902453200409,0.3990986206820732,0.3884561810982697,0.37814691235808073,0.36815596819429125,0.3584695533704966,0.349074819802927,0.33995977452541165,0.33111319823650226,0.32252457320764527,0.3141840194231446,0.30608223793498784,0.2982104605313101,0.29056040492774815,0.2831242347920157,0.2758945240023926,0.26886422462026494,0.2620266381261195,0.2553753895283333,0.2489044040058758,0.24260788579055734,0.23648029903280499,0.23051635042789578,0.2247109734079574,0.21905931372948076,0.21355671630715464,0.20819871316306213,0.202981012375999,0.1978994879293558,0.1929501703678406,0.1881292381836443,0.18343300986163494,0.17885793652102744,0.17440059509784023,0.17005768201847904,0.16582600732008837,0.16170248917795635,0.15768414880438694,0.15376810568706364,0.14995157313816265,0.14623185412830683,0.14260633738198927,0.1390724937133498,0.13562787258318834,0.13227009885989502,0.12899686976857505,0.1258059520140862,0.12269517906498704,0.11966244858655149
6.05,0.1076110347656716,0.11033420781270774,0.11312713064510643,0.11599165617935482,0.11892969185871476,0.12194320168097451,0.12503420833407758,0.12820479544761704,0.13145710996889748,0.13479336467311762,0.13821584081808386,0.14172689095491953,0.14532894190729437,0.14902449793299866,0.15281614408301697,0.15670654977486237,0.16069847259860204,0.16479476237602123,0.16899836549548283,0.17331232954755268,0.17773980828918662,0.18228406696744137,0.1869484880371531,0.19173657731109456,0.19665197058562375,0.20169844079005733,0.20687990571388698,0.21220043637273928,0.21766426608171455,0.22327580031365432,0.22903962743011777,0.23496053038471565,0.24104349951211615,0.24729374653195224,0.25371671991535194,0.2603181217833929,0.26710392653202514,0.2740804014076357,0.28125412929224586,0.28863203399847287,0.29622140842297295,0.30402994596475336,0.31206577568331506,0.3203375017532655,0.3288542478695764,0.337625707374306,0.34666220001513565,0.35597473641300625,0.36557509151547696,0.3754758885494693,0.3856906952668658,0.39623413460235135,0.407122012234045,0.4183714639433547,0.43000112608078855,0.4420313327893213,0.4544843437681267,0.46738460597463527,0.48075905115312173,0.49463742721673637,0.5090526528013999,0.5240411655823768,0.5396431952078793,0.5559028068499183,0.5728673764248838,0.5905857422424863,0.6091032996465984,0.6284498804851965,0.6486098594802495,0.6694458670473954,0.6904938483550503,0.7103962196311396,0.7255553746940961,0.729479675310227,0.71959471617249,0.7016051919560404,0.6809109495235528,0.6598654440232558,0.6393075729591685,0.6195119923476922,0.600545808233536,0.5823982474308175,0.5650301039209644,0.5483934839469158,0.5324398510323297,0.5171232166237232,0.5024012473165943,0.4882354693263482,0.4745910926159591,0.4614366910274586,0.4487438456151634,0.4364867984756835,0.42464213617991503,0.41318850866777374,0.4021063834054718,0.3913778320296552,0.38098634581150354,0.3709166761770343,0.3611546967743346,0.35168728396571836,0.34250221303671374,0.333588067806077,0.3249341616720839,0.3165304684349718,0.30836756149513994,0.30043656024586357,0.29272908266316644,0.2852372032493402,0.2779534156151519,0.2708705990932554,0.2639819888652594,0.25728114916030015,0.2507619491462789,0.24441854118826412,0.23824534119357202,0.23223701080113082,0.22638844120508622,0.2206947384301245,0.21515120989948158,0.20975335215672072,0.20449683961959988,0.19937751425921593,0.19439137611040955,0.18953457453049624,0.1848034001330067,0.18019427733146287,0.17570375743549785,0.17132851224799073,0.16706532811744645,0.16291110040473877,0.1588628283276281,0.15491761015024832,0.15107263868809873,0.14732519710203124,0.14367265495734632,0.14011246452643036,0.13664215731544477,0.13325934079741572,0.12996169533572421,0.12674697128346107
6.331,0.10610871532360029,0.10879313523063266,0.11154625433636804,0.11436989305811422,0.11726592502315675,0.1202362790206806,0.1232829410557917,0.12640795651307624,0.12961343243786308,0.13290153994405826,0.13627451675827315,0.13973466991091224,0.1432843785858882,0.14692609714179614,0.15066235831865107,0.1544957766457191,0.15842905206756924,0.1624649738072702,0.16660642448764026,0.17085638453374213,0.17521793688234022,0.17969427202690408,0.18428869342999943,0.1890046233385679,0.1938456090417834,0.19881532961591242,0.20391760320604083,0.20915639490069027,0.21453582526249781,0.2200601795862388,0.22573391796490877,0.23156168625540594,0.23754832804794992,0.24369889775795903,0.25001867497613045,0.2565131802323403,0.26318819235229435,0.2700497676132739,0.277104260937651,0.2843583494011887,0.29181905837864613,0.299493790703534,0.30739035928391656,0.31551702369431883,0.3238825313581754,0.33249616404958393,0.341367790582219,0.35050792672317693,0.35992780357783316,0.36963944594823545,0.3796557624841688,0.38999064983814435,0.40065911352213235,0.4116774087677292,0.4230632054400757,0.4348357819786382,0.4470162544632283,0.45962784824600594,0.4726962211250242,0.486249848638641,0.5003204833781296,0.5149437003682694,0.530159537476531,0.5460132286493066,0.5625559971957086,0.5798457990700596,0.59794771409008,0.616933197909517,0.6368761320002204,0.6578400472609821,0.679840133174951,0.7027278922449605,0.7258167005202338,0.74661976214919,0.7578710412487863,0.751200731207553,0.7320609122541429,0.7092235895893002,0.6861690665670296,0.6638931957867498,0.6426370695544202,0.6224138275130995,0.6031677951083245,0.5848260700025097,0.5673158928669496,0.550570241940268,0.5345291792764904,0.5191396655342492,0.5043548717034907,0.49013338347683194,0.4764384457994555,0.46323729545228065,0.45050058971454476,0.43820192413597303,0.4263174277694883,0.41482542374825637,0.4037061442057122,0.3929414901118686,0.38251482817232735,0.3724108183379095,0.36261526665832927,0.3531149991902729,0.34389775346452117,0.3349520846582537,0.32626728413558426,0.3178333084357922,0.3096407171248118,0.30168061819745845,0.29394461993857546,0.28642478833110285,0.27911360924611617,0.2720039547706077,0.2650890531283183,0.258362461731295,0.2518180429683089,0.24544994239336362,0.2392525690253409,0.23322057751003145,0.22734885192969267,0.22163249107398436,0.21606679501050863,0.21064725281396648,0.20536953133069719,0.20022946487061333,0.1952230457316438,0.19034641547310485,0.18559585686419786,0.1809677864423252,0.17645874762328453,0.17206540431183937,0.1677845349667946,0.16361302707962166,0.15954787203001283,0.15558616028554811,0.15172507691602055,0.1479618973959268,0.14429398367126783,0.14071878046913006,0.13723381183059208,0.13383667784934916
6.612,0.10464600514993717,0.1072927107403904,0.11000709439794526,0.11279094504456835,0.11564610354172405,0.1185744645693443,0.12157797860132322,0.12465865398448278,0.1278185591285932,0.13105982481568737,0.13438464663773994,0.13779528757255768,0.14129408070874336,0.14488343213159185,0.14856582398298374,0.15234381770962802,0.15622005751546675,0.16019727403570472,0.16427828825173152,0.1684660156682747,0.1727634707764293,0.1771737718288374,0.18170014595619094,0.1863459346576211,0.19111459970126748,0.19600972947566636,0.2010350458374513,0.2061944115064797,0.2114918380659046,0.21693149463203526,0.22251771726731318,0.22825501921947505,0.23414810208126652,0.24020186797818,0.2464214329069332,0.2528121413652223,0.2593795824341627,0.26612960749932857,0.2730683498252793,0.280202246232717,0.2875380611681327,0.29508291350446575,0.3028443064695108,0.31083016116897705,0.3190488542558912,0.32750926040105455,0.33622080034503793,0.3451934954665239,0.35443802999218554,0.3639658222094413,0.37378910633795576,0.38392102708541315,0.39437574937951964,0.405168586360561,0.41631614947552176,0.4278365254868351,0.4397494864645747,0.45207674046026886,0.46484223268131597,0.4780725097473368,0.49179716319395167,0.506049372985218,0.5208665775277707,0.5362913033911867,0.5523721946100545,0.5691652846307889,0.5867355435845999,0.6051586810798159,0.6245230084329222,0.6449306206508462,0.6664954721373093,0.6893303893725361,0.7134951120900198,0.7387954640112919,0.763938794894759,0.7830029163711836,0.7817261487122258,0.761472540068082,0.7361720397356359,0.7109605252227703,0.6869304389164604,0.6642300332273289,0.6427891248207789,0.6224934557191766,0.6032299901692235,0.5848980432566403,0.5674106708682157,0.5506933511161934,0.5346821084298354,0.5193217325813828,0.5045642601652572,0.49036772937519557,0.4766951731279158,0.46351380743130205,0.4507943757350283,0.4385106167735533,0.42663883004722897,0.41515751870229944,0.4040470940548501,0.39328962949484486,0.3828686541951853,0.3727689791148454,0.36297654937137847,0.35347831828097315,0.34426213931151467,0.3353166729318021,0.32663130591795425,0.31819608113340364,0.3100016361598832,0.3020391494447105,0.2943002928605997,0.28677718976050354,0.2794623777611033,0.27234877561173065,0.2654296536064943,0.2586986070805268,0.2521495326000513,0.24577660651317482,0.23957426557603534,0.23353718940894513,0.22766028457084594,0.2219386700688583,0.21636766414380393,0.2109427721931317,0.20565967571019506,0.2005142221338469,0.19550241551522174,0.19062040791969434,0.18586449149162457,0.18123109111782648,0.17671675763295214,0.17231816151628723,0.168032087034981,0.16385542679355833,0.1597851766538089,0.15581843099287582,0.15195237827066374,0.14818429688059165,0.14451155126028792,0.14093158824111918
6.892,0.10322464757521743,0.10583472938923408,0.10851149955565403,0.11125671661286385,0.11407218982291767,0.11695978098122167,0.11992140631750196,0.12295903849449519,0.1260747087114001,0.12927050891978722,0.1325485941603264,0.13591118502950633,0.1393605702863814,0.14289910961030328,0.1465292365217383,0.1502534614793825,0.1540743751681701,0.1579946519942344,0.16201705380454823,0.16614443385082844,0.17037974101940354,0.17472602435107626,0.1791864378777036,0.1837642458051858,0.1884628280760167,0.19328568634834314,0.1982364504329517,0.20331888523454766,0.2085368982494774,0.21389454767856725,0.2193960512213214,0.2250457956263946,0.230848347083288,0.23680846255185636,0.2429311021396874,0.24922144265318769,0.2556848924666,0.26232710787477176,0.2691540111209332,0.2761718103208015,0.28338702154000645,0.29080649332428815,0.29843743403280276,0.3062874423859205,0.3143645417126696,0.3226772184724593,0.331234465734825,0.3400458324346671,0.34912147938542226,0.35847224323707905,0.3681097098211889,0.3780462986456986,0.3882953607078786,0.3988712923103769,0.4097896682287383,0.4210673984372003,0.4327229137199156,0.4447763869697438,0.457249998936181,0.47016825981140514,0.483558401599297,0.4974508610686228,0.5118798797789069,0.5268842569358697,0.5425083037156179,0.5588030655209396,0.5758279028020556,0.5936525520066663,0.6123598214860799,0.6320490901472524,0.6528406819025689,0.674880662669135,0.6983433969754815,0.7234199718836849,0.7502378852827208,0.7784201688112667,0.8044136280140357,0.8110265427740143,0.7897460285040767,0.7615977459782869,0.7341121420683241,0.7083324860517196,0.6842364220305504,0.6616406056992589,0.6403607376654153,0.6202392150403017,0.6011458059087418,0.5829731895281368,0.565632293565559,0.5490484345525231,0.5331583146685565,0.5179077229956917,0.5032497761156902,0.48914356262948155,0.47555308914055305,0.4624464522460983,0.4497951813298811,0.43757371166797954,0.42575895795389046,0.414329965980894,0.4032676257452919,0.39255443326610967,0.38217429138482517,0.3721123420138349,0.36235482395603835,0.3528889516694196,0.3437028113061334,0.33478527109152273,0.3261259036798713,0.31771491857079903,0.3095431030226746,0.3016017701791941,0.2938827133489306,0.28637816555748574,0.2790807636374552,0.27198351623983125,0.2650797752474199,0.2583632101505716,0.25182778501144465,0.245467737697762,0.2392775611127094,0.2332519861858933,0.22738596642249684,0.22167466383496398,0.2161134361046357,0.21069782484037392,0.20542354481799113,0.2002864740986687,0.19528264493688877,0.1904082353990592,0.18565956162321706,0.18103307065817972,0.1765253338274583,0.1721330405692967,0.16785299270950316,0.1636820991283612,0.1596173707869936,0.1556559160821316,0.15179493650140144,0.14803172255404273
7.173,0.10184533889744735,0.10441990828497853,0.10706020852859519,0.10976796893982586,0.1125449683961809,0.11539303708561269,0.1183140583373116,0.12130997054487187,0.12438276918835502,0.12753450896240326,0.13076730601816217,0.13408334032750557,0.13748485817886916,0.14097417481481428,0.1445536772224944,0.14822582708922402,0.1519931639365914,0.15585830844788656,0.15982396600514162,0.16389293045375702,0.16806808811459537,0.17235242206552326,0.1767490167168476,0.18126106270770867,0.18589186215363762,0.19064483427888784,0.19552352147114208,0.20053159580061597,0.20567286605075316,0.21095128531349214,0.21637095920883298,0.22193615479608775,0.22765131025310592,0.2335210454100056,0.23955017323582573,0.24574371239035625,0.2521069009695115,0.25864521159149606,0.2653643679931853,0.27227036333225785,0.27936948042155574,0.28666831415888755,0.2941737964592778,0.30189322404923014,0.3098342895457169,0.3180051163190977,0.32641429773207087,0.335070941460324,0.34398471974014017,0.35316592656073237,0.36262554303377836,0.3723753124413796,0.38242782680274534,0.39279662723056535,0.40349632089966425,0.41454271816285543,0.42595299427712324,0.43774588142444393,0.4499418983343837,0.46256362699617454,0.47563604891182343,0.48918695742075136,0.503247468314557,0.5178526590041342,0.5330423780440742,0.548862283636085,0.5653651946072701,0.5826128746734176,0.6006784273848995,0.6196495651964736,0.6396331445789836,0.6607615364022875,0.6832015745424845,0.7071666242042032,0.7329296823216906,0.7608184401321408,0.7910579266241393,0.8223014495592545,0.8388637753531825,0.8167304083845541,0.785306676659165,0.7554936671610281,0.7280225227855932,0.7026149766827465,0.6789501593446869,0.6567668179123684,0.6358612132132851,0.616073690333432,0.5972771760565385,0.5793687647580059,0.562263738860592,0.545891304498786,0.530191508874173,0.5151129748571258,0.500611208077321,0.4866473114196383,0.47318699421274024,0.4601997979865004,0.4476584837882877,0.435538541717998,0.4238177941274869,0.41247607146699133,0.4014949451049186,0.39085750528904956,0.38054817521520506,0.37055255423243644,0.36085728475244205,0.3514499385908673,0.34231891935146785,0.33345337814314774,0.32484314044653995,0.3164786423586331,0.30835087476856293,0.30045133427543785,0.2927719798651379,0.28530519452885506,0.2780437511404609,0.27098078201916387,0.2641097516935215,0.25742443245665175,0.2509188823635384,0.2445874253721038,0.23842463337210687,0.2324253098815226,0.22658447522000372,0.22089735299438637,0.21535935775270237,0.20996608368149694,0.20471329423692258,0.19959691261351234,0.19461301296611155,0.18975781231042718,0.1850276630362907,0.18041904597524136,0.17592856397056061,0.1715529359035902,0.16728899113515106,0.16313366432525694,0.1590839905981587,0.15513710102314066
7.453,0.10050804648164997,0.1030482144175107,0.1056531879629537,0.10832466836421943,0.1110644053345908,0.11387419873770567,0.11675590035264889,0.11971141572642509,0.12274270611990724,0.12585179055389947,0.12904074796250395,0.13231171946171275,0.13566691074178977,0.13910859459285482,0.14263911357397122,0.14626088283700392,0.14997639311764419,0.15378821390719688,0.15769899682011185,0.1617114791737699,0.1658284877987446,0.1700529430996783,0.17438786338909404,0.17883636951887963,0.1834016898369272,0.18808716549956253,0.19289625617383907,0.19783254616787033,0.20289975103184174,0.2081017246776029,0.21344246707063594,0.21892613255506013,0.22455703888012185,0.23033967700569014,0.23627872177471476,0.2423790435527138,0.2486457209484753,0.2550840547465807,0.26169958320165987,0.26849809886690856,0.27548566715612066,0.282668646870117,0.29005371295606924,0.29764788181308915,0.305458539511354,0.3134934733568782,0.3217609073126431,0.3302695418824062,0.339028599180546,0.34804787405532556,0.3573377923113637,0.36690947729936446,0.37677482642020865,0.3869465994431115,0.39743852098683663,0.4082654000899733,0.41944327054399244,0.43098955664092703,0.44292327028000844,0.45526524710425204,0.46803843167207,0.4812682248641877,0.4949829111613018,0.5092141896764887,0.5239978417747013,0.5393745811554559,0.5553911516605767,0.5721017674957165,0.5895700362624259,0.6078715779778586,0.6270976722246282,0.6473604652342204,0.6688006116524412,0.691598820766976,0.7159937725586839,0.7423101577032389,0.7709990744721364,0.8026563991246796,0.8375015501575714,0.8648579113087915,0.8421805539197673,0.8070783341038397,0.7749853510919389,0.7459419608897795,0.7193421031700471,0.6947148944702297,0.6717215265246247,0.6501138616350872,0.6297047542887578,0.6103490412252622,0.5919313241104919,0.5743579143161103,0.5575513648576822,0.541446653777409,0.5259884519879832,0.5111291227468222,0.4968272271029798,0.48304638718797926,0.4697544077475068,0.45692258745292097,0.44452517198737124,0.4325389146282238,0.42094271944132755,0.4097173487476725,0.3988451811588396,0.3883100098112428,0.3780968728599542,0.3681919100882575,0.3585822408310068,0.34925585942390946,0.34020154516509965,0.3314087843721117,0.3228677025814471,0.3145690053018519,0.30650392602002924,0.2986641803864882,0.2910419256927933,0.2836297248995552,0.2764205145947685,0.2694075763602469,0.26258451110452835,0.2559452159871402,0.24948386361428848,0.24319488323201732,0.2370729436813725,0.23111293791244739,0.22530996888151097,0.21965933667853746,0.2141565267521566,0.2087971991158216,0.20357717843338766,0.19849244489464932,0.19353912580203633,0.1887134877988817,0.18401192967765218,0.1794309757134825,0.17496726947439548,0.17061756806488834,0.16637873676419274,0.16224774402458417
7.734,0.09921223447475998,0.10171909716391855,0.10428987199173213,0.1069262332804639,0.10962990277800877,0.11240265128406698,0.1152463003538773,0.1181627240847415,0.12115385099100669,0.1242216659736803,0.12736821239138973,0.13059559424001066,0.13390597844891583,0.13730159730258906,0.1407847509971005,0.1443578103418845,0.1480232196182477,0.15178349960714796,0.15564125080003396,0.1595991568079311,0.1636599879854776,0.16782660528841367,0.1721019643849183,0.17648912004341352,0.18099123082192403,0.18561156408686588,0.19035350139229812,0.1952205442542342,0.20021632035869544,0.20534459024678814,0.2106092545253824,0.21601436165800564,0.22156411639749407,0.22726288892988966,0.23311522480830132,0.23912585576603482,0.24529971151064991,0.25164193261493684,0.2581578846375666,0.26485317362579464,0.2717336631756515,0.2788054932523225,0.2860751010056398,0.2935492438540015,0.30123502515588646,0.30913992284313585,0.3172718214565007,0.32563904810436295,0.3342504129633921,0.34311525505989204,0.35224349421826384,0.36164569024622417,0.37133311065491637,0.3813178084992716,0.3916127122874486,0.4022317303720752,0.41318987283283976,0.4245033946349587,0.4361899648641844,0.44826886818525347,0.4607612464746308,0.47369039102529925,0.4870820990847804,0.5009651131781311,0.5153716683133613,0.5303381817475028,0.5459061340709238,0.5621232115015947,0.5790448117631553,0.5967360671813564,0.6152746219680806,0.6347545407595719,0.6552919701095727,0.6770336205232759,0.7001699890943888,0.7249569574672623,0.7517530046140121,0.7810867914110309,0.8137797207813653,0.8510293562079945,0.8884935639048965,0.8657088345896914,0.826689890781184,0.7924938886821801,0.7620579144149261,0.7344150598620822,0.7089482805777244,0.6852475111724675,0.6630251478106015,0.642070098151926,0.6222216436482998,0.6033537339734006,0.5853650729769528,0.5681725910655127,0.5517069907301932,0.5359096126685629,0.5207301724675187,0.5061250884898778,0.4920562217981786,0.47848990986262513,0.46539621400097464,0.4527483251245994,0.44052208863582903,0.42869562031168784,0.41724899258122883,0.40616397591557074,0.39542382383750624,0.38501309279922324,0.37491749018842424,0.3651237452180327,0.355619498578492,0.34639320758561487,0.33743406421234223,0.32873192390051426,0.3202772434454588,0.31206102655874046,0.3040747759624679,0.29631045106686144,0.28876043044237626,0.2814174784269411,0.27427471531415737,0.26732559065461564,0.2605638592735344,0.2539835596667875,0.24757899448632914,0.2413447128669378,0.23527549438053685,0.2293663344332996,0.22361243094522165,0.21800917217266497,0.21255212555209985,0.20723702745844463,0.20205977378442622,0.19701641125859123,0.19210312942928903,0.1873162532503168,0.18265223621122964,0.17810765396163253,0.17367919838433907,0.16936367207711192
8.014,0.09795702492971761,0.10043165418633826,0.10296933308665758,0.1055717101347014,0.10824048027400955,0.11097738646048777,0.11378422130895419,0.11666282881821227,0.11961510617998679,0.12264300567745899,0.12574853667963556,0.12893376773838935,0.1322008287955543,0.13555191350816856,0.1389892817006943,0.14251526195386852,0.14613225434074223,0.14984273332151182,0.15364925080982983,0.15755443942460445,0.16156101594264516,0.16567178496913398,0.16988964284463118,0.1742175818093288,0.17865869444749524,0.1832161784375107,0.18789334163581595,0.19269360752620526,0.19762052106959138,0.20267775499346952,0.20786911656499085,0.2131985548969556,0.21867016884213059,0.22428821553836056,0.2300571196750279,0.23598148356075774,0.2420660980830621,0.2483159546631724,0.2547362583238731,0.2613324420052235,0.2681101822830034,0.27507541666821167,0.2822343626936821,0.2895935390267284,0.2971597888858431,0.3049403060861947,0.3129426640947837,0.32117484854378975,0.3296452937326884,0.33836292374969595,0.3473371989657004,0.3565781688048143,0.3660965318832335,0.37590370484199775,0.3860119014936889,0.3964342242759633,0.4071847704812228,0.41827875634532835,0.42973266287613776,0.44156440835018185,0.4537935537960594,0.4664415496494174,0.47953203430122926,0.4930911987566355,0.507148236510052,0.5217359046909913,0.5368912325911568,0.5526564285287097,0.569080058411674,0.5862186040297083,0.6041385642653038,0.6229193530292035,0.6426574021179038,0.6634721516406554,0.6855151233608205,0.7089842881676585,0.7341480992769488,0.7613885679159033,0.7912856057485651,0.82480155711536,0.8637213209576535,0.9093637082917329,0.8867590748202063,0.8439555238442238,0.8079675366278464,0.7763682569292669,0.7478532703688375,0.7216800282114127,0.697379576817038,0.6746323336558185,0.6532080068477968,0.6329334740346435,0.6136742106632704,0.5953228702373871,0.5777919067602769,0.5610086120448698,0.5449116632485738,0.5294486518037833,0.5145742712162118,0.5002489597707428,0.4864378650663179,0.4731100411481075,0.460237816951393,0.4477962930596845,0.43576293603140476,0.42411724793160543,0.41284049454918637,0.4019154799249403,0.39132635780143993,0.3810584727873568,0.3710982256437005,0.36143295830929667,0.3520508551992957,0.3429408580119159,0.3340925918205685,0.3254963006509608,0.31714279107488086,0.30902338261539053,0.3011298639680678,0.2934544542115558,0.28598976831706574,0.2787287863773627,0.2716648260665664,0.2647915179167426,0.25810278305900486,0.25159281312815535,0.24525605207271473,0.23908717964811055,0.23308109640102742,0.22723290997848727,0.22153792261693464,0.21599161968506778,0.21058965916996533,0.2053278620096052,0.20020220318652512,0.19520880350743644,0.19034392200232078,0.18560394888408582,0.18098539901645164,0.17648490584346846
8.295,0.0967413133178076,0.09918475031616561,0.10169040443775897,0.10425989942971249,0.10689490454503206,0.10959713606576076,0.1123683588962119,0.11521038823086557,0.11812509130185771,0.12111438921144596,0.12418025885528987,0.12732473494285917,0.13054991212189804,0.1338579472144285,0.13725106157253053,0.14073154356280396,0.144301751189349,0.14796411486594407,0.15172114034919804,0.15557541184555415,0.15952959530634142,0.1635864419264666,0.1677487918639615,0.17201957819937888,0.1764018311560416,0.18089868260442704,0.1855133708764782,0.19024924591855807,0.19510977481497438,0.20009854771770966,0.2052192842221885,0.2104758402336628,0.2158722153742681,0.2214125609870256,0.2271011888002206,0.2329425803238191,0.23894139705908474,0.2451024916135361,0.25143091982614185,0.2579319540224937,0.2646110975370474,0.2714741006598268,0.27852697818891803,0.28577602879830577,0.2932278564640559,0.30088939423170874,0.3087679306553472,0.3168711392960153,0.32520711173615796,0.33378439465045645,0.34261203157548686,0.35169961014572504,0.3610573157177533,0.37069599249605506,0.380627213513061,0.390863361117324,0.40141772000539067,0.4123045853211295,0.423539388975322,0.43513884815723053,0.4471211410859111,0.4595061164787742,0.4723155451364755,0.485573424658953,0.4993063519170961,0.5135439829618268,0.5283196072556304,0.5436708735609201,0.5596407202880488,0.5762785865285678,0.5936420163809523,0.6117988273383625,0.6308301096039806,0.6508344881204692,0.6719343749879746,0.69428549946652,0.7180921300219715,0.7436328581553779,0.7713077155878428,0.801733535973188,0.8359671228754233,0.8761561041620649,0.927666193887412,0.904692078239435,0.8587699772848135,0.8214058353810533,0.7889030552566688,0.7596975476203784,0.732954763784227,0.7081633149189311,0.6849806929385059,0.6631628335471527,0.6425276836503019,0.622934583563835,0.6042717776446496,0.5864484342457884,0.5693893228806303,0.5530311357753362,0.5373198691607105,0.5222089112673325,0.5076576155637232,0.49363021569862525,0.4800949864365888,0.46702358516178427,0.454390528234532,0.44217276962645324,0.4303493582137455,0.418901156328055,0.4078106065617123,0.39706153698277674,0.3866389972173907,0.37652911955715646,0.3667190005203721,0.3571965992571061,0.3479506499223622,0.33897058570810495,0.33024647266588053,0.3217689517979203,0.31352918816851233,0.30551882600569263,0.2977299489385297,0.29015504465677905,0.28278697339471476,0.27561893973499935,0.2686444673057178,0.2618573760076074,0.2552517614615221,0.2488219764104305,0.24256261384732053,0.23646849167158157,0.23053463870280413,0.22475628190330024,0.21912883467968172,0.21364788615010613,0.20830919127774558,0.2031086617830153,0.1980423577574655,0.19310647991117233,0.18829736239325118,0.1836114661318589
8.576,0.09556385154696917,0.09797710296035696,0.10045176783243198,0.10298944616574962,0.1055917825845738,0.10826046781166339,0.11099724021185782,0.1138038874067159,0.11668224796486361,0.1196342131730652,0.12266172889347461,0.12576679751297012,0.12895147999101603,0.13221789801305742,0.13556823625704942,0.13900474478147248,0.14252974154390463,0.14614561506008106,0.14985482721433813,0.15365991623335462,0.1575634998362912,0.16156827857572387,0.16567703938521233,0.16989265935097914,0.17421810972699148,0.17865646021477305,0.1832108835315924,0.18788466029322787,0.19268118424047156,0.19760396784181725,0.20265664830852664,0.20784299406254353,0.21316691170257332,0.21863245351917346,0.22424382561606276,0.23000539670212036,0.23592170762693251,0.24199748174239366,0.24823763618406144,0.2546472941789463,0.2612317985015232,0.26799672621741916,0.27494790487492715,0.28209143032886375,0.2894336864100365,0.2969813666877186,0.30474149861311955,0.31272147038040726,0.3209290609001714,0.3293724733506303,0.33806037285728757,0.34700192895594556,0.35620686362173626,0.3656855058045046,0.37544885360661906,0.3855086454840151,0.39587744215929604,0.40656872132657296,0.4175969877274785,0.42897790182260936,0.44072843112220794,0.452867029344252,0.4654138500364125,0.4783910032736496,0.4918228667347201,0.5057364661792926,0.5201619455635333,0.5351331544722103,0.5506883913558304,0.566871357094176,0.5837323977373562,0.6013301531610865,0.6197337891204102,0.6390260909122862,0.6593078704788375,0.6807044519680655,0.7033755970817109,0.727531443786666,0.7534597049136448,0.7815759124491063,0.8125268738519745,0.8474404709051785,0.8887105342413866,0.9443069119290448,0.9190485693030968,0.8711367193181634,0.8328607715905447,0.7997221407578322,0.7700074593817172,0.7428297516137117,0.7176532232680155,0.694121971280982,0.6719837335560414,0.6510510358413956,0.631179419934888,0.6122543467087249,0.5941828708260132,0.5768881095310883,0.5603054321081709,0.5443797539585966,0.5290635650054412,0.514315461007258,0.5000990282505855,0.4863819821736644,0.4731354920917597,0.4603336447182065,0.44795301282925365,0.43597230470579373,0.4243720764242976,0.413134493614893,0.4022431325653844,0.3916828129237616,0.3814394560030077,0.37149996400013174,0.3618521164294842,0.3524844808248398,0.3433863353462885,0.33454760138037853,0.3259587845768726,0.317610923046143,0.30949554166479226,0.3016046116164375,0.2939305144394139,0.28646600997079574,0.27920420767228654,0.2721385409025244,0.2652627437656103,0.2585708302198327,0.2520570751757354,0.24571599735053287,0.23954234367770771,0.23353107509752538,0.22767735357702204,0.22197653022742173,0.2164241344035325,0.21101586368388625,0.20574757464260385,0.20061527433451656,0.19561511242419127,0.19074337389742385
8.856,0.09442330765301093,0.09680734348444553,0.09925201678836193,0.10175890478429515,0.10432962847563233,0.1069658540831719,0.10966929454238378,0.11244171106847141,0.11528491479352512,0.11820076848051403,0.12119118831918399,0.12425814580943895,0.12740366973815417,0.13062984825603383,0.13393883106154822,0.13733283169974558,0.14081412998437476,0.14438507455256377,0.14804808556212243,0.15180565754256292,0.1556603624119185,0.15961485267270772,0.163671864801633,0.16783422284916516,0.17210484226671932,0.17648673398109113,0.18098300873779272,0.18559688173734393,0.1903316775911782,0.19519083562678352,0.20017791557509942,0.2052966036769788,0.21055071924987775,0.21594422176086617,0.22148121845770985,0.22716597261621702,0.23300291246946883,0.23899664089307562,0.24515194593046344,0.25147381225355275,0.2579674336674827,0.2646382267833737,0.2714918460011819,0.278534199965784,0.2857714696842694,0.29321012852179584,0.30085696432813774,0.30871910398851976,0.31680404074191293,0.3251196646695227,0.3336742968281381,0.3424767275902872,0.35153625985961584,0.3608627579605542,0.37046670316259933,0.3803592569998389,0.3905523337967898,0.4010586841271386,0.41189199133233567,0.4230669837393035,0.43459956587781445,0.4465069728596443,0.4588079532156018,0.47152298699525064,0.4846745479654371,0.4982874215137335,0.5123890936933794,0.5270102322250463,0.5421852879516363,0.557953256416611,0.5743586558327912,0.5914528029346673,0.6092955075626153,0.6279573700690354,0.6475229707665132,0.6680954224011716,0.689803085710903,0.7128098775383919,0.7373318878324658,0.7636658805979644,0.7922423192406205,0.8237357128824024,0.8593358060168165,0.9016315623203761,0.96036899830595,0.9298159103089323,0.881166279532092,0.8424293928279286,0.8089096059589782,0.7788574092917786,0.7513720340310674,0.7259105555476543,0.7021127259524047,0.6797233541277785,0.6585528531945161,0.6384551661229277,0.6193144996214806,0.6010368968565479,0.5835446410254213,0.5667724011343338,0.5506644956984988,0.5351728993545488,0.5202557581276668,0.5058762620427754,0.4920017744765765,0.47860314964777884,0.4656541904089062,0.4531312123150556,0.44101268933554605,0.4292789630858964,0.41791200205359175,0.40689520058775164,0.39621320982240577,0.38585179447333584,0.3757977107705678,0.3660386017873798,0.35656290718910727,0.3473597850128157,0.3384190435460754,0.3297310817317748,0.3212868368095289,0.31307773813015405,0.30509566626094037,0.2973329166457759,0.2897821672030792,0.28243644934164897,0.27528912195437116,0.2683338480156731,0.26156457346334994,0.2549755080910396,0.24856110821587296,0.24231606091800478,0.23623526967590203,0.23031384124433477,0.22454707364161824,0.21893044512943005,0.2134596040828767,0.20813035966084997,0.2029386731973569,0.19788065024373408
9.137,0.09331830863423123,0.0956740612428321,0.09808970181916271,0.10056678571048332,0.10310691125333254,0.1057117211666819,0.10838290400601311,0.11112219568213501,0.11393138104880624,0.11681229556358541,0.11976682702670935,0.12279691740316663,0.12590456473361167,0.12909182514020923,0.13236081493407287,0.13571371283151176,0.13915276228697862,0.14268027395130786,0.14629862826463075,0.15001027819424537,0.15381775212868032,0.15772365694029097,0.16173068122991074,0.1658415987684608,0.17005927215189326,0.17438665668755213,0.17882680453189972,0.18338286910169044,0.1880581097830518,0.19285589696560787,0.1977797174318279,0.20283318013519672,0.20802002240470754,0.21334411661759772,0.21880947738727707,0.2244202693191659,0.23018081539374222,0.23609560604365165,0.2421693090004609,0.24840677999665395,0.254813074420118,0.26139346003187763,0.2681534308735451,0.2750987225093625,0.28223532876926705,0.28956952018478743,0.2971078643395897,0.30485724839203443,0.31282490406951546,0.3210184354850332,0.3294458501873915,0.3381155939300127,0.34703658973267415,0.35621828191953636,0.3656706859505873,0.37540444502889164,0.38543089467132535,0.3957621366873008,0.40641112433365156,0.4173917608247583,0.42871901390308925,0.4404090498547058,0.45247939124001946,0.4649491037765022,0.4778390193630839,0.49117200432833835,0.5049732848401791,0.5192708453670772,0.5340959216359017,0.5494836174724832,0.5654736864773624,0.582111536690043,0.5994495425783586,0.617548789605605,0.6364814425019465,0.6563340381106069,0.6772121939017838,0.6992475686740949,0.7226085750373018,0.747517704998043,0.774281372054498,0.8033457474921986,0.8354138992830457,0.8717373479134036,0.9150895250598112,0.9767167129443766,0.9374055836731258,0.8890477972864682,0.8502408675062794,0.8165666454464275,0.786332149040591,0.7586553811016609,0.7330011295095616,0.7090126862421728,0.6864365702594689,0.6650840196995574,0.6448093452084297,0.6254968743463397,0.607052634575817,0.589398817372472,0.57246995843178,0.5562102214549883,0.5405714166753702,0.52551152324439,0.5109935660824185,0.49698474770982803,0.48345576712623994,0.47038027831148604,0.4577344545789065,0.44549663430803227,0.43364703003681376,0.42216748745282057,0.41104128409601187,0.4002529599701467,0.3897881740202348,0.37963358174912487,0.3697767302407958,0.36020596761758183,0.35091036454442975,0.3418796458493019,0.33310413068673783,0.32457467995470884,0.31628264990053817,0.3082198510327368,0.3003785116018591,0.2927512450323406,0.28533102078446637,0.2781111382054709,0.27108520299476974,0.2642471059631162,0.257591003811181,0.2511113016913689,0.24480263734891064,0.23865986666550984,0.23267805045192377,0.22685244235553115,0.22117847776573388,0.2156517636144554,0.21026806898138675,0.20502331642430613
9.417,0.0922474710381873,0.0945758350056318,0.09696336272810281,0.09941158854167932,0.10192208901747259,0.10449648431699951,0.10713643960592867,0.1098436665297395,0.1126199247551533,0.11546702358147864,0.11838682362640672,0.12138123859107806,0.1244522371097376,0.1276018446896779,0.13083214574770874,0.1341452857499037,0.13754347346197957,0.14102898331835317,0.14460415791859738,0.1482714106608816,0.1520332285228381,0.15589217500131647,0.1598508932235781,0.16391210924372177,0.16807863553951083,0.17235337472628018,0.1767393235063636,0.18123957687435294,0.18585733260070442,0.19059589601861515,0.19545868514182943,0.20044923614415638,0.20557120923493183,0.21082839496869593,0.2162247210318066,0.22176425955390403,0.22745123499799783,0.23329003268967147,0.23928520805365094,0.24544149663484766,0.2517638249912865,0.25825732255819533,0.26492733459635864,0.27177943635391966,0.2788194485896287,0.28605345462759957,0.2934878191396221,0.3011292088817665,0.3089846156484664,0.3170613817506557,0.32536722837651083,0.33391028725576954,0.34269913612409697,0.3517428385755608,0.3610509890031585,0.37063376346467447,0.3805019774808118,0.39066715198343216,0.40114158889571605,0.4119384581588255,0.4230718984423968,0.4345571343177118,0.44641061337208876,0.45865016765583577,0.4712952050559852,0.48436693779370354,0.49788865740331834,0.5118860685025582,0.5263876977527379,0.5414254001606607,0.5570349931070918,0.5732570604928227,0.5901379872723544,0.6077313119012216,0.626099526886882,0.6453165264512317,0.6654710152104643,0.686671391431955,0.7090529820438927,0.732789206994416,0.7581096950627081,0.7853316172170111,0.8149186354735248,0.8476055193834425,0.8847119405821162,0.9292125912451478,0.994000840431327,0.9423997476315277,0.895010215935617,0.8564420926936142,0.8228042140780466,0.7925223755247599,0.7647573815122397,0.738993277597897,0.7148832429373098,0.6921793334860522,0.6706960806632638,0.6502898389928371,0.6308462425676761,0.6122721700632464,0.5944903726962921,0.5774357538428745,0.5610527153429465,0.5452932165436564,0.5301153236202928,0.5154821047251439,0.501360774482458,0.48772202177295737,0.4745394745831164,0.4617892689369886,0.4494496979636292,0.4375009234379662,0.4259247365817442,0.41470435811041456,0.4038242698460788,0.3932700719423024,0.38302836105809474,0.37308662579570206,0.3634331564642658,0.35405696680840487,0.3449477257903604,0.33609569786742977,0.3274916904860608,0.31912700773693875,0.31099340929449854,0.3030830739090431,0.2953885668373576,0.2879028106940142,0.28061905928474085,0.2735308740486961,0.26663210279088156,0.25991686043131995,0.2533795115356748,0.2470146544240373,0.24081710668168493,0.23478189191859733,0.22890422764408722,0.22317951413964482,0.21760332422742132,0.21217139384413503
9.698,0.09120942261030637,0.09351125519131065,0.09587155144257081,0.09829182550228181,0.10077363302693707,0.10331857251137438,0.1059282866647817,0.10860446384603958,0.11134883956201473,0.1141631980327471,0.1170493738277416,0.12000925357796544,0.12304477776849669,0.12615794261721172,0.12935080204533694,0.13262546974620562,0.13598412135910373,0.13942899675571804,0.14296240244734804,0.1465867141218139,0.15030437931979074,0.15411792026125062,0.15802993683367436,0.16204310975483616,0.16616020392423847,0.1703840719786503,0.17471765806877865,0.17916400187587495,0.18372624288900524,0.1884076249659565,0.19321150120321184,0.19814133914324764,0.20320072635053335,0.20839337639124245,0.21372313525570066,0.21919398826724845,0.22481006752643207,0.23057565994547438,0.2364952159348439,0.2425733588116634,0.2488148950087956,0.2552248251739691,0.26180835626047577,0.268570914725129,0.2755181609656505,0.28265600514894473,0.2899906246043309,0.297528482982459,0.30527635141212295,0.3132413319245752,0.3214308834595172,0.32985285082025595,0.3385154970097267,0.3474275394565558,0.3565981907346162,0.36603720449449106,0.37575492746663436,0.38576235857064595,0.3960712163822574,0.406694016481681,0.4176441605499843,0.42893603951632964,0.4405851536178096,0.452608252956377,0.46502350308082957,0.4778506813660783,0.49111141162110367,0.5048294465961178,0.5190310111207602,0.5337452228504014,0.5490046135771004,0.5648457826293218,0.5813102263952273,0.598445406662519,0.6163061489586638,0.6349565067548373,0.6544722996172945,0.6749446542554178,0.6964850880170911,0.7192330591655315,0.7433676522843078,0.7691266086175659,0.7968393926378666,0.8269897774232977,0.8603492585923335,0.8983172932150487,0.9441088314870602,1.0,0.9453421390804849,0.8992888466193233,0.861185113969449,0.8277365926221147,0.7975208766144544,0.7697569022463313,0.7439560626276609,0.7197861372021968,0.6970076757270008,0.6754404662375494,0.6549442704760995,0.6354070106176171,0.6167371445940087,0.598858537029438,0.5817068890744145,0.5652271809760495,0.5493717947182792,0.534099106466668,0.5193724116255407,0.5051590904877016,0.4914299512429631,0.47815870595192034,0.4653215477175821,0.4528968059300249,0.44086466248842293,0.429206916183791,0.41790678551024973,0.40694874242801227,0.3963183712719883,0.38600224825252516,0.3759878379443066,0.36626340388668144,0.3568179309809598,0.34764105780886534,0.3387230173412984,0.33005458478007765,0.32162703149362926,0.31343208418316476,0.305461888557867,0.29770897691323056,0.29016623910132566,0.28282689645963827,0.275684478329612,0.26873280084956014,0.26196594775138865,0.25537825292809935,0.2489642845706686,0.2427188306996441,0.23663688593951795,0.23071363940327577,0.22494446357108167,0.21932490406125024
9.978,0.09020281739864987,0.09247893937049935,0.09481284792845936,0.09720603778055886,0.09966004447131674,0.10217644566866789,0.1047568625046339,0.10740296097293833,0.11011645338698063,0.11289909990188726,0.11575271010461595,0.11867914467645681,0.12168031713256305,0.1247581956436116,0.12791480494504967,0.13115222833986945,0.1344726098014123,0.1378781561831811,0.14137113954334665,0.14495389959229174,0.14862884627225947,0.1523984624791008,0.1562653069369619,0.16023201723785724,0.16430131305918177,0.16847599957353918,0.17275897106666452,0.1771532147808478,0.18166181500303497,0.18628795741882256,0.19103493375579073,0.19590614674216497,0.2009051154097077,0.20603548077289677,0.2113010119201992,0.21670561255733908,0.22225332804724754,0.22794835299672495,0.23379503944604968,0.23979790572479506,0.24596164604525503,0.2522911409141944,0.2587914684544408,0.26546791674033393,0.2723259972655617,0.27937145967884935,0.28661030794276554,0.2940488180941635,0.30169355781213886,0.3095514080317918,0.31762958688050824,0.32593567625935205,0.33447765144702174,0.34326391416995294,0.3523033296619564,0.3616052683339202,0.37117965279269255,0.38103701109405164,0.39118853729494324,0.40164616059447666,0.41242262463421586,0.4235315788831119,0.43498768448359193,0.44680673751410177,0.45900581337231683,0.47160343696163837,0.48461978465510847,0.49807692573458984,0.5119991133317,0.5264131380840559,0.5413487621453367,0.5568392574282267,0.5729220809135065,0.5896397329542528,0.6070408640679439,0.62518172564018,0.6441281070017274,0.6639579775566026,0.6847651805423856,0.7066647485752469,0.7298008211262522,0.754358940323948,0.7805861599644647,0.8088261733057959,0.8395862686537651,0.8736814662850274,0.912607683528695,0.9598814398282866,1.0,0.9466636419504671,0.9021040627871811,0.8646179370920521,0.8314764146884415,0.8014194648418913,0.7737320340292813,0.747957820266024,0.7237823830108175,0.700976887517255,0.6793678495118909,0.6588194928507263,0.6392228064379755,0.6204884166298256,0.6025417568832188,0.5853196847570233,0.5687680459390411,0.5528398780868401,0.537494058970805,0.5226942705987053,0.5084081928094029,0.4946068666176866,0.4812641852171999,0.4683564824128567,0.4558621964076449,0.4437615925771568,0.43203653292956884,0.42067028288725333,0.4096473481805152,0.3989533362437641,0.3885748377065333,0.3784993244849261,0.36871506167980417,0.35921103103077445,0.3499768640991336,0.3410027836870346,0.33227955226530337,0.3237984263944194,0.3155511162938027,0.30752974985283016,0.29972684048964454,0.2921352583561572,0.28474820446372184,0.2775591873669436,0.2705620020955109,0.26375071106776066,0.2571196267564797,0.25066329590845204,0.24437648514552976,0.2382541677973038,0.23229151183447366,0.2264838687882918
10.259,0.08922634605833152,0.0914775428355863,0.09378587103199987,0.09615280665003573,0.09857986587932703,0.10106860635251304,0.1036206284527839,0.10623757667613935,0.10892114105162477,0.11167305862300744,0.114495114995738,0.11738914595319663,0.12035703914668018,0.123400735863886,0.12652223288103692,0.1297235844042723,0.13300690410635654,0.13637436726531543,0.13982821301217402,0.1433707466956143,0.1470043423720673,0.1507314454305453,0.15455457536237704,0.15847632868695433,0.16249938204568992,0.16662649547752628,0.17086051589070156,0.17520438074689781,0.1796611219755789,0.18423387013812284,0.18892585886346996,0.19374042957924564,0.1986810365649967,0.20375125235707928,0.20895477353804576,0.21429542694718237,0.21977717635307398,0.22540412963395232,0.23118054651710757,0.23711084693498352,0.24319962006280918,0.24945163411097343,0.25587184695491816,0.262465417696449,0.26923771926318196,0.27619435216779464,0.2833411595661782,0.290684243773941,0.2982299844246887,0.3059850584816611,0.31395646234771435,0.3221515363582577,0.3305779919890259,0.3392439421672522,0.3481579351429435,0.35732899245953526,0.3667666516634302,0.37648101451463123,0.3864828016114471,0.3967834145288663,0.40739500680248686,0.41833056538127966,0.42960400454033615,0.44123027471320636,0.45322548930461565,0.46560707332308177,0.47839393869121555,0.4916066924369226,0.5052678857664543,0.5194023144515104,0.5340373842944983,0.5492035600682598,0.5649349228691875,0.581269870225629,0.5982520070800824,0.6159312963857901,0.6343655696781354,0.6536225477970019,0.6737826028802338,0.6949426290229614,0.7172216280867146,0.740769057503304,0.7657778465822063,0.7925057897218635,0.8213131541021199,0.852734964317504,0.8876384566606528,0.9276382864076614,0.9766410597322823,1.0,0.946685414846558,0.9036513030656463,0.8668788595780198,0.8341312498515462,0.8043067489961827,0.7767585475698134,0.7510650402373554,0.7269314280989477,0.704140871850532,0.6825276383851222,0.6619611831683838,0.6423361502120343,0.6235657918667779,0.6055774719784064,0.5883094944098138,0.5717088058366543,0.555729293296208,0.5403304972093663,0.5254766214134575,0.5111357598693097,0.4972792842999339,0.4838813532891103,0.4709185143772948,0.45836937829267665,0.4462143497984242,0.43443540345571585,0.42301589537225054,0.4119404040431583,0.401194594908346,0.39076510439329787,0.3806394400707111,0.37080589424967964,0.36125346881870146,0.3519718095755109,0.3429511485977475,0.3341822534636864,0.3256563823366917,0.3173652440917556,0.30930096279620833,0.30145604596567926,0.2938233561059151,0.28639608512486453,0.27916773126063044,0.2721320782218826,0.2652831762799641,0.2586153250877884,0.2521230580308573,0.2458011279413768,0.23964449402822155,0.23364830989410582
10.54,0.08827874263252068,0.09050576554998536,0.09278928560128517,0.09513076076731594,0.09753168859705023,0.09999360743416978,0.10251809769348846,0.10510678319004862,0.10776133252394812,0.11048346052423583,0.1132749297554379,0.11613755209057633,0.11907319035483298,0.12208376004438201,0.12517123112522702,0.1283376299173583,0.13158504106991076,0.1349156096335581,0.13833154323687247,0.14183511437399765,0.14542866281162378,0.14911459812396494,0.1528954023652767,0.15677363289028526,0.1607519253339121,0.16483299676276494,0.16901964901205943,0.1733147722230139,0.17772134859722888,0.18224245638629313,0.18688127413668812,0.19164108521223253,0.19652528261863372,0.20153737415743556,0.20668098793962397,0.21195987829259785,0.21737793209805512,0.22293917560274637,0.2286477817490188,0.2345080780777893,0.2405245552630758,0.24670187634468713,0.2530448867342358,0.25955862507953414,0.26624833508384044,0.2731194783896693,0.2801777486522737,0.28742908694586056,0.2948796986666433,0.30253607212148526,0.3104049990200818,0.31849359712299463,0.3268093353389001,0.3353600616132153,0.34415403400892725,0.35319995545095867,0.36250701269089525,0.3720849201527501,0.38194396944766856,0.3920950855018547,0.402549890435743,0.4133207765738031,0.424420990267247,0.4358647285947873,0.4476672514944111,0.4598450125058705,0.47241581211619166,0.48539897876414795,0.4988155839667649,0.5126886999132267,0.527043710420799,0.541908689645805,0.5573148678142287,0.5732972101288212,0.5898951449339219,0.6071534917896976,0.6251236619682778,0.6438652374893715,0.6634480879094183,0.6839552706357577,0.7054871068095029,0.7281670825468388,0.7521507024809143,0.7776393597350437,0.8049032655568717,0.83432205989872,0.8664636500136567,0.902258397451797,0.943468917008067,0.994518411682161,0.9974120807929565,0.9456439286934495,0.9040986423474644,0.8680936613629973,0.8358015536484527,0.8062666688285204,0.7789088230097401,0.7533415636491047,0.7292905380095326,0.7065516621725367,0.6849675922121551,0.6644135333413447,0.6447882025372782,0.6260078161319943,0.6080019436551457,0.5907105614181173,0.5740819045138006,0.5580708660709598,0.5426377812971213,0.527747488163709,0.5133685909180826,0.4994728749121941,0.4860348360878835,0.4730312985636374,0.46044110077910233,0.44824483560536693,0.43642463338245674,0.4249639794330506,0.4138475595108943,0.4030611280689329,0.39259139531004583,0.38242592980625084,0.3725530741067247,0.3629618712486667,0.3536420004722779,0.3445837207474422,0.3357778209636488,0.3272155758304632,0.3188887066938557,0.31078934660214674,0.3029100090602171,0.29524355999688023,0.2877831925415131,0.2805224042651717,0.2734549765907065,0.266574956117703,0.2598766376428238,0.25335454868546264,0.24700343535352998,0.2408182494053651
10.82,0.08735878874994014,0.08956235644387385,0.09182180688206862,0.09413858066974316,0.09651415738925659,0.09895005679925277,0.10144784008182255,0.10400911114041755,0.1066355179514584,0.1093287539727509,0.11209055961213255,0.11492272375997176,0.11782708538949066,0.12080553522914933,0.12386001751169674,0.12699253180487396,0.13020513492916533,0.13349994296843154,0.1368791333798113,0.1403449472097504,0.14389969142370268,0.14754574135766665,0.15128554330048427,0.1551216172166351,0.15905655962017506,0.16309304661147456,0.16723383708952502,0.17148177615382834,0.17583979871126076,0.1803109333048787,0.18489830618332048,0.189605145631428,0.19443478658487978,0.19939067555405476,0.20447637588510661,0.2096955733893402,0.21505208237547588,0.22054985212337044,0.2261929738422846,0.23198568816191242,0.2379323932102754,0.24403765333925903,0.25030620856629315,0.2567429848094962,0.2633531050038025,0.27014190119738285,0.2771149277413345,0.284277975701511,0.2916370886399186,0.29919857993485727,0.30696905183448636,0.314955416468651,0.3231649190794938,0.3316051637737299,0.3402841421502085,0.3492102652170656,0.3583923990860554,0.3678399050202759,0.37756268451953984,0.38757123025977297,0.3978766838656354,0.40849090169722746,0.4194265300832915,0.43069709174922477,0.44231708558796895,0.4543021024315906,0.4666689601370765,0.47943586215086476,0.49262258483206195,0.5062507002916404,0.5203438434841661,0.5349280349729649,0.550032074479808,0.5656880254777361,0.5819318183829202,0.598804010431339,0.6163507558226171,0.6346250630248041,0.653688452075026,0.6736131816874981,0.6944853092147546,0.7164090047484368,0.7395128208908844,0.7639591416256845,0.7899590661311978,0.8177971827750891,0.8478758329598617,0.8808020635430758,0.9175830403720718,0.9601678103728081,1.0,0.9921597685748518,0.9437151439318523,0.9035883824296319,0.8683747780900318,0.8365796767701527,0.8073776563894945,0.7802511811172707,0.7548480541485082,0.7309143757998144,0.7082590854506906,0.6867335492433299,0.6662190278045401,0.6466185817304355,0.6278516243407423,0.609850129374033,0.592555914352167,0.5759186464909114,0.5598943478347937,0.5444442538495935,0.529533927678091,0.5151325628480653,0.501212427244083,0.487748414575952,0.4747176787645897,0.46209933307608575,0.44987420038401,0.43802460421928047,0.42653419266449594,0.4153877889256332,0.40457126374528346,0.3940714258307765,0.38387592724321434,0.3739731812908934,0.36435229093648597,0.3550029860938158,0.3459155684804323,0.33708086292406286,0.32849017420731763,0.32013524868577725,0.31200824003727623,0.30410167860058235,0.2964084438443224,0.2889217395753571,0.28163507155262213,0.27454222721989496,0.26763725731075644,0.2609144591125219,0.2543683612042775,0.2479937095082087
11.101,0.0864653159336445,0.08864611577080463,0.09088220292253732,0.09317500122860545,0.09552597294121992,0.0979366198982607,0.10040848474289725,0.10294315219215948,0.10554225035729092,0.10820745211884661,0.11094047655975102,0.11374309045980963,0.11661710985537296,0.11956440166823581,0.12258688540806913,0.1256865349531478,0.12886538041444517,0.1321255100886241,0.135469072505912,0.13889827857937836,0.14241540386266704,0.14602279092389517,0.14972285184408937,0.1535180708493072,0.1574110070864188,0.16140429755349225,0.16550066019668974,0.16970289718680634,0.17401389838982545,0.17843664504727508,0.18297421368379502,0.1876297802610935,0.19240662459943697,0.19730813509010114,0.20233781372468485,0.20749928147004845,0.21279628402081935,0.21823269796503664,0.22381253740259355,0.22953996106080576,0.23541927995672668,0.24145496566188782,0.2476516592320658,0.25401418087261124,0.26054754041902756,0.2672569487230026,0.2741478300462979,0.2812258355790356,0.2884968582153708,0.2959670487387581,0.30364283359154876,0.31153093443008045,0.31963838969772185,0.32797257848531375,0.33654124699250193,0.34535253795608084,0.3544150234746432,0.3637377417349721,0.37333023823797273,0.38320261223439306,0.39336556921844457,0.4038304804972232,0.41460945106455,0.4257153972707447,0.4371621361104619,0.44896448836941066,0.46113839840540677,0.47370107402758693,0.48667115083231066,0.5000688865284463,0.5139163923422737,0.5282379106821489,0.5430601510824545,0.5584127003568475,0.5743285283567652,0.5908446184970408,0.6080027634439716,0.6258505829378649,0.6444428457334302,0.6638432163333426,0.6841266087609862,0.705382430807243,0.7277191747843986,0.7512711182713899,0.776208474840974,0.8027534846765949,0.8312074098352364,0.8619992633859176,0.8957828746398587,0.9336595033832427,0.9778160589466788,1.0,0.9867404242787013,0.9410326570244344,0.9022402888751327,0.8678216807878316,0.8365496186335912,0.8077122723731847,0.7808495331738096,0.7556416927599315,0.7318547447588452,0.7093105477718574,0.6878692485416625,0.6674182955858586,0.6478652407829412,0.6291328379946348,0.6111555972248178,0.5938772956225037,0.5772491374407058,0.5612283661131182,0.5457771987584382,0.5308619953886216,0.5164526020950905,0.5025218253039486,0.4890450062193533,0.475999672860894,0.46336525291542,0.4511228347718945,0.4392549671121253,0.4277454896362674,0.4165793891425581,0.40574267641503614,0.3952222803117229,0.38500595616684885,0.3750822061797521,0.36544020990034215,0.356069763265713,0.3469612249163427,0.33810546873942293,0.3294938417632907,0.32111812667000955,0.3129705083097217,0.3050435436960315,0.2973301350405056,0.2898235054496568,0.28251717696215317,0.2754049506494502,0.26848088854121777,0.2617392971691355,0.255174712549904
11.381,0.08559720653641835,0.0877558960549159,0.08996929553165872,0.09223881261783336,0.09456589283685474,0.09695202073312752,0.09939872106568019,0.1019075600490932,0.10448014664441381,0.10711813390289726,0.10982322036560896,0.11259715152222487,0.11544172133254284,0.11835877381456322,0.12135020470323227,0.12441796318435694,0.12756405370848042,0.13079053788995165,0.1340995364968686,0.13749323153801188,0.14097386845345686,0.144543758416102,0.14820528075201983,0.15196088548821304,0.15581309603716997,0.15976451202847006,0.16381781229861436,0.167975758051395,0.17224119620222073,0.17661706292117366,0.18110638739105453,0.185712295798256,0.19043801557620607,0.19528687992312202,0.20026233261815868,0.205367933162599,0.21060736227568808,0.21598442777798166,0.2215030708988424,0.22716737304891677,0.23298156310328003,0.23895002524636427,0.245077307436096,0.2513681305517778,0.2578273982985114,0.26446020795037994,0.27127186202554504,0.2782678809990198,0.2854540171735497,0.29283626984608735,0.3004209019272988,0.30821445819490073,0.3162237853891216,0.3244560543910821,0.3329187847633474,0.34161987197780125,0.3505676177107309,0.3597707636508999,0.36923852934581247,0.3789806547077176,0.3890074479184699,0.3993298396164229,0.4099594444263236,0.4209086311138277,0.43219060292204253,0.4438194899945298,0.45581045622933547,0.46817982347117104,0.48094521667437307,0.49412573461330406,0.5077421519579285,0.5218171601810597,0.5363756569801691,0.5514450969135779,0.567055920114522,0.5832420817797228,0.6000417134373444,0.6174979590502496,0.6356600468477629,0.6545846847838174,0.6743379094540934,0.6949975853231567,0.716656861796471,0.7394290855380101,0.7634550058898831,0.7889137546776336,0.816040377338653,0.8451555138663717,0.8767196158198589,0.9114427155868203,0.9505423139678654,0.996513513447664,1.0,0.981097117995993,0.9377002829398899,0.9001551734698753,0.866521891498048,0.835787258854587,0.8073371781541892,0.7807632693353436,0.7557760464777443,0.7321604610687873,0.7097509194414856,0.6884162296766992,0.6680500242606384,0.6485643943131687,0.6298855036076798,0.611950474322399,0.5947051184717892,0.5781022485646383,0.5621003952457132,0.5466628173410089,0.5317567261489252,0.5173526694699163,0.5034240366041112,0.48994665624862865,0.476898466648399,0.4642592425932814,0.45201036761202673,0.440134642448588,0.42861612292367174,0.41743998179085545,0.40659239033435934,0.3960604163238895,0.3858319356112035,0.3758955551734653,0.36624054581661963,0.3568567830747108,0.34773469509797317,0.33886521652862395,0.33023974752959945,0.32185011726658314,0.31368855125401973,0.30574764206647637,0.29802032299158193,0.29049984426287334,0.283179751562695,0.27605386652866687,0.26911626903372315,0.26236128104053247
11.662,0.08475339368603312,0.0868906020225615,0.08908196019582142,0.09132886021416325,0.0936327314407991,0.09599504171945393,0.09841729854344779,0.10090105027053692,0.10344788738607266,0.10605944381717755,0.10873739830085694,0.11148347580918613,0.11429944903494421,0.11718713994134246,0.12014842137975972,0.1231852187797198,0.12629951191570118,0.12949333675570357,0.13276878739695946,0.13612801809457492,0.1395732453894165,0.14310675034208295,0.14673088088040603,0.15044805426859126,0.15426075970681954,0.15817156107094676,0.1621830998028411,0.1662980979628587,0.17051936145707425,0.17484978345310684,0.17929234799970276,0.18385013386681787,0.18852631862454344,0.19332418298120227,0.1982471154029952,0.20329861703998342,0.20848230698589232,0.21380192790219799,0.21926135204040023,0.2248645877002457,0.2306157861660224,0.23651924916805142,0.24257943692215048,0.24880097680634228,0.2551886727414888,0.2617475153510511,0.26848269298499544,0.2753996037041605,0.28250386833453706,0.289801344716109,0.29729814328867005,0.30500064417772477,0.3129155159679337,0.3210497363801927,0.3294106151022265,0.3380058190627862,0.34684340048729645,0.35593182813006474,0.3652800221469254,0.3748973931552906,0.384793886129437,0.3949800299019766,0.4054669931935564,0.4162666482794778,0.42739164363374027,0.4388554871812199,0.4506726421541493,0.462858638013323,0.4754301994885441,0.4884053975601715,0.5018038272037091,0.5156468180362633,0.5299576857564661,0.5447620346302156,0.5600881244949352,0.5759673202096882,0.5924346477351997,0.6095294899640235,0.6272964684228052,0.6457865762785113,0.6650586574256253,0.6851813721950742,0.7062358637176137,0.7283194610216779,0.7515509656464638,0.7760784492060804,0.8020912151848797,0.8298390557797635,0.8596651959870455,0.8920673008131196,0.9278233569257788,0.9682959658235615,1.0,1.0,0.9752086886760408,0.9338005858348943,0.897418222010513,0.8645522633186907,0.8343608652053878,0.806313328774914,0.7800473157049144,0.7553010656194346,0.7318773258981979,0.7096224980085716,0.6884137943953327,0.6681509238763251,0.6487504863071354,0.6301420647929256,0.6122654232518843,0.5950684475409053,0.578505600933458,0.5625367441199598,0.5471262190873665,0.5322421276378402,0.5178557558911505,0.503941109928221,0.4904745371976796,0.47743441491546157,0.46480089138058894,0.45255566951519666,0.44068182441303705,0.4291636485156881,0.41798651941178205,0.4071367862980486,0.39660167194021084,0.38636918758985406,0.37642805879558366,0.3667676604260805,0.3573779595233005,0.34824946484414127,0.3393731821418548,0.3307405743946368,0.3223435263158633,0.31417431258451345,0.3062255693198965,0.29849026839565024,0.29096169424685153,0.2836334228732361,0.2764993027827897,0.26955343765469825
11.942,0.08393286052586817,0.08604918981162152,0.0882191252550382,0.09044404373831404,0.09272535900249813,0.09506452275128395,0.09746302579686252,0.09992239925011293,0.10244421575754531,0.10503009078758009,0.10768168396894987,0.11040070048421971,0.11318889252163186,0.11604806078874848,0.11898005609160651,0.1219867809834426,0.12507019148728543,0.1282322988971568,0.13147517166294162,0.13480093736442497,0.13821178478047125,0.14170996605982353,0.1452977990005346,0.14897766944570814,0.15275203380384772,0.15662342170292767,0.1605944387880595,0.16466776967361102,0.16884618106160942,0.17313252503940893,0.17752974257086584,0.18204086719664794,0.18666902896089527,0.19141745858315914,0.19628949189654232,0.20128857457511384,0.20641826717618317,0.21168225052573122,0.21708433147847514,0.22262844908753934,0.22831868122272012,0.23415925168086335,0.24015453783703083,0.24630907889102485,0.25262758477054903,0.25911494575999994,0.26577624293270696,0.2726167594746647,0.2796419929995277,0.2868576689683065,0.2942697553430252,0.3018844786220954,0.3097083414267308,0.3177481418331236,0.32601099467494654,0.3345043550761002,0.3432360445155523,0.35221427977612363,0.36144770518900743,0.3709454286577995,0.3807170620329977,0.3907727665137545,0.4011233038829889,0.4117800945409251,0.4227552834985688,0.4340618157370293,0.4457135226448447,0.45772522163171503,0.47011283150834016,0.4828935068517475,0.49608579539010594,0.5097098235045564,0.523787516348586,0.5383428609567003,0.553402223239765,0.5689947332178521,0.5851527576307273,0.6019124858116323,0.6193146643741391,0.637405530370371,0.6562380136117475,0.6758733109418963,0.6963829855469951,0.7178518255946804,0.7403818321858355,0.7640979425459276,0.7891565242429557,0.8157585041775777,0.8441707023075715,0.8747627646048806,0.9080766410112397,0.9449731393471118,0.9869983448024773,1.0,1.0,0.9690711167622242,0.9294006693600196,0.8941018520211405,0.8619803055136087,0.832331737725359,0.80469629923799,0.7787523036096065,0.7542631720180852,0.7310481704912921,0.7089650301542407,0.6878990161163021,0.6677557300708121,0.6484561902626368,0.6299333613624876,0.6121296412074861,0.5949949986341382,0.578485566173532,0.5625625579000861,0.5471914244527851,0.5323411841773763,0.5179838871591286,0.504094180975958,0.49064895532839603,0.4776270485566721,0.46500900323844935,0.4527768610950882,0.4409139896655495,0.42940493486839415,0.41823529482371113,0.40739161125950996,0.39686127555961664,0.38663244707854716,0.3766939817937377,0.36703536971653095,0.3576466797623571,0.3485185110039453,0.3396419494114488,0.33100852932932895,0.32261019905899196,0.3144392900138367,0.3064884889939508,0.29875081319449287,0.2912195876173761,0.28388842460242936,0.2767512052332605
12.223,0.08313463896371409,0.08523066567704156,0.08737977056317438,0.08958331586770558,0.0918427002190838,0.09415935971165147,0.09653476902953162,0.09897044261347147,0.10146793587300265,0.10402884644634132,0.10665481551074961,0.10934752914615976,0.11210871975514679,0.11494016754257289,0.1178437020584227,0.12082120380767253,0.1238746059313417,0.12700589596317302,0.13021711766675897,0.13351037295836674,0.13688782392108248,0.14035169491641641,0.14390427480005558,0.1475479192489342,0.1512850532075611,0.1551181734621207,0.15904985135171287,0.16308273562694636,0.1672195554669981,0.17146312366738203,0.17581634001176724,0.1802821948425363,0.18486377284618746,0.18956425707133545,0.19438693319883624,0.19933519408561054,0.2044125446060071,0.20962260681707728,0.21496912547703514,0.22045597394938157,0.22608716052887112,0.2318668352296036,0.23779929708026915,0.24388900197691832,0.2501405711497281,0.2565588003072481,0.2631486695295907,0.26991535399125,0.2768642356048502,0.28400091568934394,0.2913312287804443,0.29886125771755845,0.30659735016077194,0.3145461367140147,0.3227145508570083,0.3311098509198714,0.33973964437119636,0.3486119147343822,0.35773505149941165,0.3671178834601251,0.37676971598269066,0.3867003728025937,0.3969202430588231,0.4074403344102216,0.41827233324657337,0.4294286732144435,0.4409226135362602,0.4527683289252857,0.46498101330874325,0.477577000093041,0.49057390237487125,0.5039907773699536,0.5178483204666081,0.5321690958122212,0.5469778123467649,0.5623016569116965,0.578170699783314,0.594618393154222,0.6116821903970796,0.6294043244538591,0.6478327990933677,0.6670226698328788,0.6870377266654403,0.7079527464098034,0.7298565729304202,0.7528564356231998,0.7770841832372961,0.8027056005491278,0.8299349307853577,0.8590587229364727,0.8904776765237509,0.9247867909189912,0.9629488097111364,1.0,1.0,1.0,0.9626891235162577,0.9245561531649916,0.8902680707983025,0.8588654369712423,0.8297548976868949,0.8025366809803826,0.7769248077131647,0.7527054076606041,0.7297129524001378,0.7078157763267384,0.6869067850797795,0.6668972370025263,0.6477124343681285,0.6292886495583824,0.6115708770612116,0.5945111537762722,0.5780672802586047,0.5622018310386124,0.5468813774029594,0.5320758690128566,0.5177581360971075,0.5039034844413207,0.4904893626886934,0.4774950866311469,0.46490160888269005,0.45269132503568205,0.4408479094029897,0.42935617494714723,0.41820195313108016,0.4073719902914675,0.3968538578045715,0.38663587383521536,0.3767070348685812,0.367056955548189,0.3576758156015187,0.3485543128418827,0.339683621402564,0.33105535449530443,0.3226615310964944,0.3144945460558651,0.3065471431980974,0.2988123910505036,0.2912836608823288,0.28395460678508566
12.504,0.08235780808734013,0.08443408435538882,0.08656292579928763,0.08874568049228145,0.09098373243318475,0.0932785026097675,0.09563145010178004,0.09804407322569263,0.1005179107233626,0.10305454299700259,0.10565559339299423,0.10832272953726188,0.11105766472517183,0.11386215936905691,0.11673802250680822,0.11968711337514859,0.12271134305153734,0.1258126761689607,0.12899313270818033,0.13225478987241934,0.13559978404983622,0.13903031286961715,0.1425486373579979,0.1461570842010482,0.1498580481216916,0.1536539943790353,0.15754746139886033,0.1615410635448844,0.16563749404131262,0.16983952805817368,0.17415002597201903,0.1785719368157788,0.18310830193290464,0.18776225885244205,0.1925370454033423,0.1974360040881854,0.20246258673860773,0.20762035947705457,0.21291300801213386,0.21834434329783883,0.22391830759023934,0.22963898093907426,0.2355105881559722,0.2415375063059257,0.24772427277420583,0.2540755939672864,0.26059635471359677,0.26729162843827814,0.2741666881957048,0.2812270186546025,0.2884783291433747,0.2959265678781077,0.3035779375129648,0.3114389121728618,0.3195162561519036,0.3278170444888304,0.3363486856634572,0.3451189466968793,0.3541359809843356,0.3634083592447416,0.37294510403696035,0.3827557283726217,0.39285027905176473,0.40323938546516847,0.4139343147511849,0.4249470343721406,0.43629028339516285,0.4479776540363376,0.4600236853714691,0.472443971552495,0.48525528742445545,0.49847573515305144,0.512124916401147,0.5262241358095039,0.540796643149143,0.5558679236727004,0.571466049122014,0.5876221058769544,0.6043707223491959,0.6217507256894026,0.6398059693681589,0.6585863900999084,0.6781493780074859,0.6985615831125268,0.7199013433220279,0.742262020589997,0.7657567040225007,0.7905250430042186,0.8167435389825977,0.844641740240742,0.8745291517562942,0.9068431807956063,0.9422428861638914,0.9818179764991286,1.0,1.0,0.9975960555370453,0.9560720056039953,0.9193139487364944,0.8859703814967681,0.8552601147898012,0.8266797659783894,0.7998805053619452,0.7746076211394037,0.7506676203852227,0.7279088854647288,0.7062096049669094,0.6854698790281512,0.6656063521715468,0.6465484454240693,0.6282356383459453,0.6106154622280305,0.5936419881530303,0.5772746675679967,0.561477429184213,0.5462179656909566,0.5314671633310455,0.5171986405792566,0.5033883712458498,0.49001437369389345,0.4770564523971486,0.4644959813493145,0.4523157212450857,0.44049966414406283,0.42903290067486705,0.41790150585992886,0.4070924404269041,0.396593465081215,0.3863930656899048,0.37648038770175374,0.3668451784262111,0.3574777360315802,0.3483688643145029,0.33950983244790517,0.33089233904104587,0.32250847994894016,0.3143507193538095,0.3064118637119248,0.2986850382180454,0.29116366548883177
12.784,0.08160149236480692,0.08365854720947674,0.0857676685543343,0.08793019074088591,0.09014748359650095,0.09242095347911249,0.09475204436044973,0.09714223894978471,0.09959305986033869,0.10210607082061,0.10468287793305305,0.10732513098272983,0.11003452479873654,0.1128128006714047,0.11566174782854034,0.11858320497415209,0.1215790618934503,0.12465126112815647,0.12780179972648686,0.1310327310725411,0.13434616680018846,0.1377442787969936,0.14122930130417147,0.1448035331190453,0.14846933990710093,0.1522291566312843,0.15608549010690564,0.16004092169124703,0.16409811011779984,0.168259794485984,0.17252879741819863,0.17690802839719977,0.18140048729804237,0.18600926813021101,0.19073756300714395,0.19558866636206343,0.20056597943097404,0.20567301502588495,0.2109134026237276,0.21629089379920924,0.22180936803292417,0.22747283892954873,0.23328546088489832,0.23925153624511167,0.2453755230063101,0.25166204310891904,0.25811589138740704,0.2647420452438654,0.27154567512246425,0.2785321558719277,0.285707079094648,0.2930762665945111,0.30064578505095724,0.30842196206494266,0.31641140374353355,0.32462101401468274,0.33305801589278244,0.3417299749500759,0.3506448252896983,0.359810898364739,0.36923695504567683,0.3789322214083015,0.3889064287983163,0.3991698588308016,0.4097333941071673,0.42060857558462034,0.4318076677213326,0.4433437327538554,0.45523071575498264,0.4674835424871462,0.48011823253162556,0.49315203076819175,0.5066035610460052,0.5204930068832344,0.5348423253422374,0.5496755019659136,0.565018856996491,0.5809014162751293,0.5973553646016392,0.614416605465451,0.6321254597828333,0.6505275489134555,0.6696749259080667,0.6896275471693675,0.7104552204583535,0.7322402349331425,0.7550809937858199,0.7790971664365641,0.8044372279505625,0.8312899127553768,0.8599024290199138,0.890611129145858,0.9238971096553168,0.9604975276942173,1.0,1.0,1.0,0.9888613620326404,0.9492314273537139,0.9137142324506156,0.8812553088896056,0.8512108212922015,0.823150800031896,0.7967696661585356,0.7718400452002572,0.7481866692789824,0.7256705901372494,0.7041791059020395,0.6836190512262059,0.6639121666159381,0.6449918062625042,0.626800537501477,0.6092883518171989,0.5924113060202444,0.5761304727701734,0.5604111179253697,0.5452220471139511,0.5305350805170435,0.5163246261549752,0.5025673298100971,0.48924178526043033,0.4763282924749471,0.46380865431722956,0.4516660044413626,0.4398846606604847,0.4284499992746495,0.4173483467655541,0.4065668859756082,0.39609357444101606,0.3859170729817228,0.37602668299356434,0.3664122911607373,0.3570643205254849,0.3479736870285097,0.33913176077709717,0.33053033141509836,0.3221615770652557,0.31401803639380566,0.3060925834133239,0.29837840469475013
13.065,0.0808648597169602,0.08290320024275893,0.084993122285205,0.08713594687260191,0.08933303009592386,0.09158576413572843,0.0938955783265625,0.09626394026078706,0.09869235693383999,0.10118237593311913,0.10373558667284412,0.10635362167737569,0.10903815791568103,0.11179091818984802,0.11461367258070575,0.11750823995393014,0.12047648953017906,0.12352034252313492,0.12664177384963976,0.12984281391638972,0.13312555048807218,0.136492130642195,0.13994476281631793,0.14348571895383466,0.14711733675502967,0.15084202204066777,0.15466225123604851,0.15858057398412936,0.16259961589710636,0.16672208145672496,0.17095075707448787,0.17528851432403988,0.17973831335912904,0.18430320653186877,0.18898634222747937,0.19379096893325687,0.19872043956138583,0.20377821604716595,0.20896787424653115,0.21429310915924743,0.2197577405070577,0.2253657186992408,0.23112113122171435,0.23702820948991535,0.24309133621036702,0.24931505330116746,0.255704070427678,0.26226327421661777,0.2689977382196941,0.27591273370699504,0.28301374138085683,0.2903064641130084,0.29779684082181257,0.30549106162269796,0.31339558440383564,0.32151715300129946,0.32986281717395344,0.33843995460894516,0.3472562952248964,0.35631994808285145,0.3656394312662197,0.3752237051522632,0.38508220957132394,0.3952249054389986,0.40566232155457654,0.41640560739097243,0.42746659286341293,0.43885785626419177,0.45059280179955374,0.46268574847592964,0.4751520324750227,0.48800812565538215,0.5012717734559105,0.5149621563005783,0.529100079677674,0.5437081994813718,0.5588112910865198,0.5744365731642137,0.5906141007066723,0.6073772465180992,0.6247632971541295,0.6428141988996634,0.6615775033536724,0.6811075829504126,0.701467218294662,0.7227297083806183,0.7449817337413958,0.7683273336812603,0.7928935849504208,0.818838977556339,0.846366261126066,0.8757431157805298,0.9073374821096885,0.9416828762714576,0.979612755472841,1.0,1.0,1.0,0.9801677486308292,0.9421801939518353,0.9077918740260945,0.8761636166289682,0.8467589122031696,0.8192080743854842,0.7932423239936318,0.7686581786176987,0.7452966373291272,0.7230302541287583,0.701754714872299,0.6813831293548359,0.6618420352451547,0.6430685223868774,0.6250081139708613,0.6076131731440498,0.5908416831333133,0.5746562984675423,0.5590235966178144,0.5439134802533934,0.529298694364616,0.5151544321596288,0.5014580104002672,0.48818859965256817,0.47532699840355064,0.4628554425432913,0.450757443602018,0.4390176505519183,0.42762173106142953,0.4165562689165563,0.405808674963822,0.39536710942925624,0.38522041386136197,0.3753580512581864,0.3657700531880866,0.35644697291445465,0.34737984369714375,0.33856014157564085,0.329979752047426,0.3216309401441867,0.31350632348243895,0.30559884792651376
13.345,0.08014711952660257,0.08216723204959744,0.08423845420389854,0.08636209410252293,0.08853949451347845,0.09077203386973398,0.09306112731572866,0.09540822779221705,0.09781482716143539,0.10028245737468024,0.1028126916845455,0.10540714590419215,0.10806747971627924,0.1107953980342569,0.11359265241903334,0.11646104255417347,0.1194024177830772,0.122418678711816,0.1255117788816124,0.1286837265152546,0.13193658634209068,0.13527248150658894,0.13869359556591493,0.14220217458238274,0.14580052931715445,0.14949103753209667,0.15327614640730589,0.15715837508247854,0.16114031733102438,0.16522464437661233,0.16941410786276562,0.17371154298705666,0.17811987181259065,0.18264210677064383,0.18728135436969745,0.19204081912759496,0.1969238077452312,0.20193373354206332,0.20707412117581825,0.21234861167114077,0.21776096778455467,0.22331507973609607,0.22901497134133944,0.23486480658131526,0.2408688966521384,0.2470317075410251,0.2533578681809462,0.2598521792424781,0.26651962262866685,0.27336537174698494,0.2803948026420374,0.28761350608360375,0.2950273007173162,0.30264224739998746,0.3104646648586699,0.3185011468324694,0.3267585808794975,0.33524416905868404,0.3439654507285088,0.35293032774287125,0.36214709236973486,0.371624458312242,0.38137159527694564,0.39139816761176965,0.40171437763081913,0.4123310143579333,0.4232595085612627,0.4345119951237208,0.44610138400762495,0.4580414413376474,0.47034688245933765,0.4830334792511099,0.4961181845029405,0.5096192768617249,0.5235565307323916,0.537951416685656,0.5528273394573942,0.5682099226726153,0.5841273521940396,0.6006107937829628,0.6176949060188553,0.6354184768399559,0.6538252227053435,0.6729648049312797,0.692894140974696,0.71367912393062,0.7353969192246061,0.7581390976095257,0.7820160144989405,0.8071631087136242,0.8337502742289088,0.8619963868295417,0.892192987324014,0.9247454440345593,0.9602507635117238,0.999662748564029,1.0,1.0,1.0,0.9714726574575405,0.9349315472788514,0.901577489430888,0.8707312790171207,0.8419413379519672,0.8148877998370965,0.7893332832234106,0.7650951965585506,0.7420290427306191,0.7200177961089177,0.6989648431547162,0.6787891202934699,0.659421663189067,0.6408030944109813,0.6228817536442498,0.6056122792058775,0.5889545136733273,0.5728726468836703,0.5573345358276935,0.5423111584380604,0.5277761701522332,0.5137055403688331,0.5000772517292764,0.4868710493248552,0.47406822996216375,0.4616514638560393,0.4496046427884573,0.4379127500320959,0.42656174829878635,0.4155384827137719,0.40483059639253544,0.39442645664839154,0.3843150902157835,0.37448612615818955,0.36492974535721867,0.35563663566315246,0.3465979519363369,0.3378052803306205,0.3292506062700488,0.3209262856525808,0.3128250188830745
13.626,0.07944752063150885,0.08144987174974487,0.08350287315135319,0.0856078204126848,0.08776604337201022,0.08997890712334485,0.0922478130458719,0.09457419987074582,0.09695954478711122,0.09940536458942835,0.1019132168681784,0.10448470124632644,0.10712146066396537,0.10982518271382051,0.11259760103043248,0.11544049673608776,0.11835569994678649,0.1213450913417497,0.1244106038003087,0.1275542241102489,0.13077799475204457,0.13408401576377152,0.13747444669185901,0.14095150863327613,0.14451748637521786,0.14817473063887068,0.15192566043439126,0.15577276553484992,0.15971860907761048,0.1637658303023076,0.16791714743549133,0.17217536073287104,0.1765433556911483,0.18102410644254918,0.18562067934642879,0.19033623679372844,0.19517404124161786,0.20013745949741582,0.2052299672728173,0.2104551540316516,0.21581672815684902,0.22131852246503753,0.22696450010031588,0.23275876084223768,0.23870554786700754,0.24480925500539785,0.2510744345459633,0.25750580563797715,0.2641082633550998,0.2708868884884099,0.2778469581460944,0.28499395724708326,0.2923335910074881,0.2998717985319763,0.3076147676376956,0.31556895105637117,0.3237410841811677,0.33213820454948445,0.3407676732818168,0.34963719873084975,0.3587548626353775,0.3681291491216478,0.37776897695210987,0.38768373549031354,0.397883324933646,0.4083782014660524,0.4191794281051283,0.43029873216773873,0.44174857046263055,0.45354220354697034,0.4656937806685922,0.4782184373734895,0.4911324082107076,0.5044531575438813,0.5181995322208345,0.5323919408155717,0.547052565418727,0.5622056136229434,0.5778776205863803,0.594097814089313,0.610898559663401,0.6283159086774309,0.646390280482866,0.6651673215681481,0.6846990020772571,0.7050450361848792,0.7262747530297498,0.7484696084811602,0.7717266317069785,0.7961632758056534,0.8219244506848156,0.8491930881131999,0.8782067109701673,0.9092848445481522,0.9428775649801151,0.9796596269127886,1.0,1.0,1.0,1.0,0.9627496556452743,0.9274987538059197,0.8950982304119516,0.8649902592449477,0.8367912535344875,0.8102227819090865,0.7850743368461861,0.7611816137096448,0.7384130431711553,0.7166610273601468,0.695836007875503,0.6758623170388912,0.6566751949881499,0.6382185936137644,0.620443526274501,0.6033068051913627,0.5867700600232385,0.5707989641824941,0.5553626171771499,0.540433045881876,0.5259847976757616,0.5119946054047892,0.4984411091205842,0.485304623153883,0.4725669397230034,0.4602111622375916,0.44822156292922055,0.4365834605570649,0.4252831147928702,0.4143076345519014,0.4036448980536508,0.3932834828031188,0.38321260400626894,0.3734220601911137,0.3639021850132621,0.354643804392604,0.34563819826445746,0.33687706634041903,0.3283524973662691,0.32005694144054053
13.906,0.0787653493353878,0.08075038694195606,0.08278562749166744,0.08487235438478709,0.08701188490418273,0.0892055711937442,0.09145480127152956,0.09376100007933019,0.09612563057047947,0.09855019483785332,0.10103623528412044,0.10358533583647925,0.10619912320824393,0.10887926820982195,0.11162748711182514,0.11444554306323017,0.11733524756773983,0.12029846202172799,0.12333709931741577,0.12645312551518603,0.12964856158929755,0.13292548525152528,0.1362860328577024,0.13973240140247264,0.14326685060804276,0.14689170511320881,0.1506093567694209,0.15442226705130538,0.15833296958963292,0.16234407283549368,0.16645826286518725,0.17067830633620437,0.17500705360566368,0.17944744202359839,0.1840024994146811,0.18867534776328934,0.19346920711827054,0.19838739973539488,0.20343335447729363,0.20861061149273882,0.21392282719936195,0.21937377959651105,0.2249673739377867,0.23070764879606706,0.23659878255748343,0.24264510038494944,0.2488510816965605,0.2552213682095032,0.2617607726062246,0.2684742878865268,0.27536709747723137,0.2824445861801844,0.2897123520498568,0.29717621930393223,0.30484225238431234,0.3127167713022232,0.32080636842009774,0.32911792684505303,0.3376586406347595,0.3464360370470476,0.3554580011007184,0.36473280275777126,0.37426912708826027,0.3840761078398571,0.39416336490739035,0.40454104628591825,0.41521987519799036,0.426211203216334,0.43752707036333005,0.449180273366127,0.4611844434913852,0.47355413568988547,0.4863049311666174,0.4994535559805088,0.5130180189022651,0.5270177725635931,0.5414739029779033,0.5564093538880122,0.5718491942226358,0.5878209393967477,0.6043549405276134,0.6214848602390564,0.6392482601651165,0.6576873344231147,0.6768498365915472,0.6967902673286535,0.7175714193807338,0.7392664226026692,0.7619615047130912,0.7857598038118778,0.8107867741804339,0.8371980934362802,0.8651916673436398,0.8950267029873116,0.9270557818864856,0.9617828848123513,0.999979198368617,1.0,1.0,1.0,0.9913398206353856,0.9539826094763708,0.9198948619115568,0.8883783862118341,0.8589691355900996,0.8313385327768631,0.8052428224521525,0.7804945782472534,0.7569455283490335,0.7344756295694003,0.7129858079554209,0.6923929598899007,0.6726264050085873,0.6536253042343104,0.6353367385471212,0.6177142517633556,0.6007167264941242,0.5843075040748668,0.5684536862788832,0.5531255746032657,0.5382962151362942,0.5239410254873463,0.5100374862379689,0.49656488365846785,0.48350409355213403,0.4708373983878804,0.4585483315977567,0.4466215442109104,0.43504268998357115,0.42379832594563455,0.41287582587600535,0.40226330468255184,0.39194955202892673,0.3819239738421494,0.37217654056861144,0.3626977412347783,0.3534785425219532,0.34451035218953346,0.335784986283807,0.3272946396540874
14.187,0.07809992746103955,0.08006808170154173,0.08208600305214135,0.08415496308066911,0.0862762668712424,0.08845125398795683,0.09068129947246867,0.092967814877127,0.09531224933538633,0.0977160906714098,0.1001808665508089,0.10270814567469681,0.10529953901933112,0.1079567011237659,0.11068133142817525,0.11347517566563314,0.1163400273103794,0.11927772908581018,0.12229017453568963,0.1253793096623397,0.12854713463586082,0.13179570557873477,0.13512713643055516,0.13854360089795678,0.14204733449527598,0.14564063668190272,0.1493258731028243,0.15310547793934653,0.15698195637767917,0.16095788720364881,0.16503592553260227,0.16921880568436132,0.173509344213972,0.1779104431100302,0.1824250931734216,0.18705637759059082,0.19180747571678838,0.19668166708627927,0.20168233566818766,0.20681297438856566,0.21207718994137456,0.21747870791345777,0.22302137825126844,0.22870918110010668,0.23454623305002326,0.2405367938263886,0.24668527346743918,0.25299624003608734,0.2594744279188184,0.2661247467709572,0.2729522911747998,0.279962351085557,0.28716042314957446,0.29455222299038564,0.30214369857095164,0.30994104475515777,0.31795071920889945,0.3261794598010695,0.3346343036881982,0.3433226082939977,0.3522520744274178,0.36143077182112826,0.37086716741774917,0.3805701567853359,0.39054909910847757,0.40081385627929694,0.4113748367069675,0.4222430445787775,0.433430135445619,0.444948479176475,0.4568112315386421,0.4690324159242449,0.48162701707382294,0.49461108906421736,0.5080018803570138,0.5218179793815584,0.5360794850022773,0.5508082073624123,0.5660279061014191,0.5817645749482261,0.5980467843948729,0.6149060978442112,0.6323775817324286,0.6505004373058696,0.6693187919928846,0.6888827032529914,0.7092494499943791,0.7304852204281851,0.7526673579449377,0.7758874113204317,0.8002553763542706,0.8259057592660783,0.8530065318104983,0.8817728866742662,0.9124894089290025,0.945548046423621,0.9815184744756463,1.0,1.0,1.0,1.0,0.9810957879258454,0.9451621793189374,0.9121325603783236,0.8814398491848019,0.8526936081529826,0.8256102017608887,0.7999750696748743,0.7756206805682418,0.7524128462144105,0.7302418072915566,0.7090161952809648,0.6886588071073758,0.6691035657722559,0.6502932819076641,0.6321779711455312,0.6147135664541808,0.5978609170400749,0.5815849990269388,0.5658542852319157,0.5506402362354191,0.535916885160565,0.5216604957287239,0.5078492782458163,0.49446315184997536,0.48148354404432114,0.468893220536936,0.45667613991058703,0.44481732878358377,0.4333027739963782,0.4221193290343182,0.41125463242458715,0.40069703626066294,0.39043554333706815,0.38045975164029633,0.37075980515347967,0.36132635010366365,0.35215049592004677,0.34322378028577016,0.3345381377598886
14.468,0.07745061046250731,0.07940229463904716,0.0814033211266204,0.0834549499884397,0.08555847444995653,0.08771522184845758,0.0899265546157801,0.0921938712957271,0.09451860759788754,0.09690223748964807,0.09934627432834738,0.1018522720356053,0.10442182631604502,0.10705657592274877,0.10975820397199208,0.11252843930992465,0.1153690579341381,0.11828188447319977,0.12126879372753188,0.1243317122752195,0.12747262014662825,0.13069355257203635,0.13399660180676062,0.1373839190386844,0.14085771638343694,0.14442026897293392,0.14807391714346668,0.15182106873002615,0.15566420147415524,0.1596058655532211,0.1636486862397165,0.16779536669997566,0.17204869094248806,0.1764115269270152,0.1808868298466677,0.18547764559631655,0.1901871144419699,0.1950184749071555,0.19997506789397157,0.20506034105822113,0.2102778534600216,0.21563128051351235,0.22112441926176776,0.22676119400582503,0.2325456623198691,0.23848202148820283,0.24457461540361708,0.2508279419713518,0.2572466610679892,0.26383560311052306,0.27059977829755216,0.2775443865922032,0.28467482852521436,0.2919967169067137,0.2995158895468652,0.30723842309906163,0.3151706481549303,0.323319165738625,0.3316908653690312,0.34029294488334905,0.3491329322446761,0.35821870959056507,0.3675585398202239,0.37716109606638926,0.38703549445559965,0.39719133062978745,0.40763872058541517,0.41838834648724366,0.42945150823649797,0.4408401817232703,0.4525670848776526,0.46464575286261606,0.47709062403644087,0.489917138669663,0.5031418528528921,0.5167825706066945,0.5308584979429102,0.5453904235832562,0.5604009322922284,0.5759146584350331,0.5919585895814473,0.6085624329662184,0.6257590617142667,0.643585063435876,0.6620814218426953,0.6812943735955069,0.7012764995244833,0.7220881346877145,0.7437992205273909,0.7664917834197899,0.7902633229139403,0.8152315592240256,0.8415412803214366,0.8693745622482468,0.8989666713290813,0.9306321094344189,0.9648101419866331,1.0,1.0,1.0,1.0,1.0,0.9709486273136162,0.9362836156760553,0.9042240986652772,0.8743024802629995,0.8461869114965335,0.8196308044769799,0.794444322354598,0.7704771456164378,0.7476074841738857,0.7257347639569736,0.7047745836444621,0.6846551318990671,0.6653145768756886,0.6466991221614324,0.628761531201182,0.6114599884113051,0.5947572070204352,0.5786197208691787,0.5630173155089068,0.5479225662618187,0.5333104594536762,0.5191580790669493,0.5054443453927561,0.49214979541221476,0.47925639696314665,0.466747390484427,0.4546071534416247,0.44282108353824384,0.4313754975880609,0.42025754352358946,0.4094551234858984,0.3989568263125686,0.38875186803645323,0.3788300392450693,0.3691816583419013,0.3597975299062889,0.3506689074755312,0.3417874601770771
14.748,0.07681678560747311,0.07875239703150151,0.08073693655391177,0.08277165304623796,0.08485782819981547,0.08699677746186418,0.08918985100398698,0.09143843472454151,0.09374395128659739,0.09610786119315395,0.09853166390152282,0.10101689897884536,0.10356514730086382,0.10617803229621348,0.1088572212386689,0.11160442658995542,0.11442140739588685,0.11730997073885059,0.12027197324985359,0.12330932268356622,0.12642397956011628,0.12961795887762026,0.13289333189979324,0.13625222802328354,0.13969683672980598,0.1432294096284904,0.14685226259438244,0.1505677780094756,0.15437840711321693,0.1582866724700412,0.16229517056210244,0.1664065745161472,0.1706236369742324,0.17494919311891258,0.17938616386444473,0.18393755922671454,0.18860648188573176,0.19339613095590094,0.19830980598077427,0.20335091117062584,0.20852295990306904,0.21382957950898152,0.21927451636835182,0.22486164134324232,0.23059495557801943,0.23647859670028232,0.24251684545966676,0.24871413284590588,0.25507504773231887,0.26160434509633923,0.2683069548748573,0.2751879915192513,0.2822527643230349,0.2895067886043428,0.2969557978361389,0.3046057568293596,0.31246287608839757,0.32053362747494796,0.328824761335379,0.337343325269341,0.34609668474362537,0.35509254578625676,0.3643389800323889,0.37384445243688375,0.3836178520200385,0.3936685260745404,0.40400631833568784,0.4146416117062198,0.42558537623517323,0.43684922318206837,0.4484454661592049,0.46038719054396454,0.4726883325998843,0.4853637700535433,0.4984294262618071,0.5119023905948096,0.5258010582866985,0.5401452938129804,0.5549566229017187,0.5702584596614516,0.5860763771328494,0.6024384320177978,0.6193755576619995,0.6369220439399325,0.6551161290776621,0.6740007375142033,0.6936244109996327,0.7140424994277258,0.7353187069695034,0.7575271339465021,0.7807550261015407,0.8051065595933273,0.8307081882502092,0.8577164309303227,0.8863296314300234,0.9168065184632339,0.9494971507951431,0.9848982728358375,1.0,1.0,1.0,1.0,0.9973121731689449,0.9608672824633291,0.9273453232141078,0.8961812454942999,0.8669843996501081,0.8394701528766149,0.8134227119298882,0.7886732938936994,0.7650865247972174,0.7425515544532746,0.7209760236818111,0.7002818343693815,0.6804021017900529,0.661278906897277,0.6428616047044816,0.6251055283995219,0.6079709809424286,0.5914224393538113,0.575427918942226,0.5599584595727691,0.5449877062956973,0.5304915638109894,0.5164479093427268,0.5028363521838172,0.48963803087475316,0.4768354409875319,0.464412287994142,0.452353360844602,0.44064442275841104,0.42927211641386304,0.4182238812512545,0.4074878810247056,0.3970529400694796,0.38690848701720626,0.3770445049050198,0.36745148679757883,0.3581203961818259,0.3490426315097342
15.029,0.07619787023689563,0.07811779103340487,0.08008623587847952,0.08210444275096673,0.08417368211804256,0.08629525785837841,0.08847050821697963,0.09070080679319106,0.09298756356343588,0.09533222594039803,0.09773627987040644,0.10020125097097672,0.1027287057105334,0.10532025263250183,0.10797754362612084,0.11070227524647959,0.11349619008644668,0.11636107820339453,0.11929877860381213,0.12231118078909974,0.1254002263661605,0.12856791072660417,0.13181628479873456,0.1351474568767822,0.13856359453220382,0.14206692661229536,0.14565974533173556,0.14934440846320005,0.1531233416336573,0.15699904073356488,0.16097407444675152,0.16505108690951498,0.16923280050818484,0.17352201882522403,0.17792162974491432,0.18243460873062028,0.18706402228683489,0.19181303162039873,0.1966848965167304,0.20168297944843092,0.20681074993538084,0.21207178917737227,0.21746979498250538,0.22300858701698503,0.2286921124047226,0.23452445170818478,0.24050982532542753,0.24665260034214923,0.2529572978820437,0.2594286010037608,0.26607136319849306,0.2728906175487414,0.27989158661623786,0.2870796931355701,0.2944605715997983,0.302040080835676,0.3098243176790929,0.3178196318764249,0.3260326423550402,0.3344702550265643,0.34313968231043057,0.3520484645932131,0.3612044938722478,0.37061603987096614,0.3802917789596858,0.3902408262706538,0.40047277146212545,0.41099771866555074,0.42182633124571123,0.4329698821199953,0.4444403105249415,0.4562502862925003,0.4684132829136895,0.48094366093481045,0.49385676356606734,0.5071690268041454,0.5208981069057348,0.5350630287343959,0.5496843593881173,0.5647844126682754,0.5803874914690056,0.5965201771863005,0.613211677966244,0.630494251320583,0.6484037217652363,0.6669801213338121,0.6862684910877217,0.7063198966704027,0.7271927330921713,0.7489544275241736,0.7716837011662034,0.7954736350230455,0.8204359231386097,0.8467069354557044,0.874456641629961,0.9039022608100856,0.935330146580792,0.969133010296418,1.0,1.0,1.0,1.0,1.0,0.9859253760351224,0.9508302427802022,0.918347897585562,0.8880152714216886,0.8595022209212833,0.832562591342895,0.8070063841670477,0.7826828414990027,0.7594696147652353,0.7372655306079742,0.7159855880937706,0.6955573962377999,0.6759185730522329,0.6570148052360197,0.6387983732378509,0.6212270113708381,0.6042630138417313,0.5878725243883758,0.572024965122693,0.556692572381381,0.541850015868143,0.5274740833686608,0.5135434176278768,0.5000382951189469,0.4869404387518895,0.4742328583030488,0.46189971365659466,0.44992619694987673,0.4382984304860868,0.4270033778780929,0.41602876635848507,0.4053630185633935,0.3949951923945034,0.38491492780176856,0.3751123995215887,0.36557827496135503,0.35630367654890777
15.309,0.07559331010583531,0.07749790797140223,0.07945063559747882,0.0814527203560879,0.08350542178652111,0.08561003250609654,0.08776787915192016,0.08998032335509738,0.0922487627489223,0.09457463201267231,0.09695940395274981,0.0994045906230301,0.1019117444863634,0.10448245961938614,0.10711837296285075,0.10982116561994328,0.1125925642051192,0.11543434224628142,0.11834832164325154,0.12133637418572481,0.1244004231341757,0.1275424448673707,0.13076447060051313,0.1340685881782673,0.13745694394733976,0.14093174471357695,0.14449525978902417,0.148149823134762,0.15189783560590123,0.15574176730558068,0.15968416005544347,0.1637276299907038,0.16787487028863743,0.17212865404010405,0.17649183727458462,0.1809673621501797,0.1855582603211011,0.19026765649632185,0.19509877220442476,0.2000549297810943,0.20513955659738445,0.2103561895486424,0.21570847982606958,0.2212001979951251,0.2268352394075617,0.23261762997672827,0.23855153234901832,0.24464125250798885,0.2508912468517774,0.2573061297891249,0.2638906819046127,0.27064985874973585,0.27758880032332967,0.2847128413127116,0.29202752217593836,0.29953860115590847,0.30725206732900345,0.31517415480475874,0.3233113582090338,0.33167044960177705,0.34025849700217575,0.34908288471936666,0.35815133571673524,0.3674719362730102,0.37705316324497756,0.38690391428609794,0.3970335414343638,0.4074518885534496,0.4181693331963997,0.42919683356419674,0.44054598135688205,0.4522290614682711,0.46425911966383443,0.4766500396146844,0.489416630951242,0.5025747303645681,0.5161413182437256,0.5301346539235056,0.5445744333690876,0.5594819740982633,0.5748804334154842,0.5907950677142059,0.6072535428509283,0.6242863086314453,0.6419270546091397,0.6602132701726201,0.6791869400512757,0.698895418066198,0.7193925390653607,0.7407400545425074,0.7630095165303068,0.7862847957492604,0.8106655193535386,0.8362718800738423,0.8632515588068173,0.8917900331155697,0.9221265691624085,0.9545803148230948,0.9895956841543336,1.0,1.0,1.0,1.0,1.0,0.9747095541922677,0.9408226635385127,0.9092934637059843,0.8797369464596743,0.8518712417344944,0.8254818695949356,0.8004005931296256,0.7764921652429184,0.7536456304854976,0.7317683966479469,0.710782064751913,0.690619416457281,0.6712221871086862,0.652539386395317,0.6345260096347168,0.6171420334157653,0.6003516220057492,0.5841224925053247,0.5684254013118989,0.5532337244989747,0.5385231117706881,0.524271198682186,0.5104573654606983,0.4970625334379816,0.48406899209449383,0.4714602512123805,0.4592209137724341,0.4473365661041369,0.4357936824753274,0.42457954183765034,0.4136821548613279,0.4030901997242836,0.39279296538572955,0.3827803012877608,0.3730425726014243,0.3635706202746543
15.59,0.07500257780702993,0.0768922067242435,0.07882958049567117,0.08081591616002867,0.08285246261212525,0.08494050150168332,0.08708134816256129,0.08927635257371587,0.09152690035345425,0.09383441378847568,0.09620035289946308,0.09862621654494544,0.10111354356540016,0.10366391396959854,0.1062789501653814,0.10896031823720553,0.11170972927295864,0.11452894074269282,0.11741975793218264,0.12038403543434885,0.12342367870187584,0.12654064566457499,0.1297369484153089,0.13301465496862955,0.13637589109652598,0.13982284224613267,0.14335775554454808,0.1469829418963899,0.15070077818013847,0.15451370954986549,0.15842425184948022,0.16243499414723034,0.16654860139890298,0.1707678172488911,0.1750954669791134,0.17953446061670328,0.18408779621236307,0.18875856330242746,0.19354994656887503,0.19846522971294478,0.20350779955951817,0.20868115041113425,0.21398888867243473,0.21943473776793465,0.22502254337842564,0.2307562790239943,0.23664005202464486,0.24267810987292165,0.24887484705676308,0.2552348123751411,0.26176271679397173,0.2684634418953916,0.2753420489797904,0.28240378888736073,0.28965411261412716,0.29709868280704843,0.30474338623371333,0.31259434733481584,0.32065794298226846,0.3289408185827686,0.3374499056864702,0.3461924412834691,0.35517598899794106,0.36440846242157565,0.37389815086559886,0.38365374785516054,0.39368438274294854,0.4039996558822159,0.41460967787544434,0.4255251135066244,0.43675723107629505,0.4483179579939841,0.46021994364863084,0.4724766307822036,0.48510233684536497,0.49811234713072855,0.5115230218772997,0.5253519200437711,0.5396179430918097,0.554341502948819,0.569544719395723,0.5852516535369617,0.6014885858813184,0.6182843500714469,0.6356707367063287,0.6536829863872837,0.6723603976608927,0.6917470848143604,0.7118929338824848,0.7328548249636834,0.7546982186505237,0.7774992502013051,0.8013475477332955,0.8263501096020117,0.8526367778300149,0.880368201366385,0.9097478466837754,0.9410409231524377,0.9746058711671756,1.0,1.0,1.0,1.0,1.0,0.9990188315764601,0.9636284209121089,0.9308344552973312,0.9001852120122813,0.8713565470811719,0.8441056008734676,0.8182442078699117,0.7936226128727799,0.7701189812072381,0.747632358265467,0.7260777808043016,0.7053827837777656,0.6854848425308881,0.6663294598651541,0.6478687087190297,0.6300601037273139,0.6128657147172241,0.596251461209948,0.5801865444035108,0.5646429850102689,0.5495952436096628,0.535019906049275,0.5208954206538919,0.5072018770879092,0.49392081899872003,0.48103508427715147,0.4685286680642082,0.4563866046222837,0.44459486495251166,0.4331402676346701,0.4220104008331715,0.4111935537824425,0.4006786563598172,0.3904552255907806,0.3805133181226277,0.3708434878581196
15.871,0.07442517127714288,0.0763001721878741,0.07822254206803346,0.08019348788494568,0.08221424816021086,0.08428609385707808,0.0864103292975932,0.08858829311087521,0.09082135921394635,0.09311093782666224,0.09545847652236114,0.09786546131596074,0.10033341779137571,0.10286391227018288,0.10545855302370141,0.10811899153068168,0.11084692378305482,0.11364409164229941,0.11651228424920063,0.11945333948996434,0.12246914552187002,0.12556164236189152,0.12873282354195772,0.13198473783482287,0.13531949105482272,0.13873924793810244,0.14224623410732765,0.14584273812621742,0.14953111364975052,0.1533137816763187,0.15719323290867546,0.1611720302310886,0.16525281131074543,0.16943829133218477,0.17373126587427495,0.17813461394015778,0.1826513011514892,0.1872843831193966,0.19203700900570433,0.19691242528930564,0.20191397975398054,0.20704512571557557,0.21230942650824114,0.21771056025142765,0.22325232492159175,0.22893864375504347,0.2347735710112225,0.24076129812883434,0.24690616031086415,0.2532126435785393,0.25968539233885485,0.266329217515523,0.27314910529903524,0.28015022657832694,0.28733794712417315,0.29471783860327905,0.3022956905121186,0.31007752313122855,0.3180696016141353,0.3262784513406074,0.33471087468208965,0.34337396934820086,0.3522751485078702,0.3614221629075807,0.3708231252432875,0.38048653708280133,0.39042131868325963,0.40063684210519196,0.4111429680928955,0.42195008727273575,0.4330691663200083,0.44451179986521383,0.4562902690573413,0.46841760788194114,0.4809076785542933,0.49377525758452373,0.5070361344576025,0.5207072253072274,0.5348067045163389,0.5493541578859167,0.564370761929066,0.5798794950404704,0.5959053878620035,0.6124758222555277,0.6296208911082734,0.6473738350339121,0.6657715773382887,0.6848553860662521,0.7046717025741497,0.725273191520338,0.7467200900796878,0.76908196895558,0.7924400718783763,0.8168904869762144,0.8425485469547339,0.869555101929956,0.8980857527466551,0.9283649741880082,0.9606887573779148,0.9954631144673772,1.0,1.0,1.0,1.0,1.0,0.9867912221228387,0.9526555222328488,0.9208589783406783,0.8910270680725272,0.8628838689665016,0.8362184088672288,0.8108645671343135,0.7866883825600846,0.7635796723671391,0.7414462911235427,0.7202100754163768,0.6998039035869892,0.6801695155334202,0.661255864221355,0.6430178476720115,0.6254153186917614,0.6084123009675332,0.5919763609382288,0.5760780989378023,0.5606907328412657,0.5457897542953652,0.5313526425147347,0.5173586241801107,0.5037884705910273,0.49062432517392585,0.4778495559147166,0.46544862840279483,0.4534069960332101,0.4417110045809263,0.43034780888335783,0.41930529977941183,0.40857203978086615,0.39813720621410376,0.3879905407815699,0.3781223046636369
16.151,0.07386061238435428,0.07572131382426979,0.0776290170286232,0.07958491914430453,0.08159024857958405,0.08364626588044699,0.08575426463615163,0.08791557241529191,0.09013155173376157,0.09240360105610596,0.09473315583185134,0.09712168956847973,0.09957071494282338,0.10208178495284066,0.10465649411174253,0.10729647968670665,0.11000342298446425,0.11277905068627893,0.11562513623497195,0.11854350127686597,0.12153601716169674,0.12460460650381851,0.12775124480822203,0.13097796216520627,0.1342868450177762,0.13768003800623863,0.141159745894737,0.1447282355849109,0.14838783822225535,0.15214095140121772,0.15599004147558207,0.1599376459812341,0.16398637617902312,0.16813891972608513,0.17239804348474902,0.17676659647895723,0.181247513009025,0.18584381593655344,0.19055862015244274,0.1953951362421428,0.20035667436363652,0.2054466483552048,0.21066858009164735,0.21602610410956086,0.221522972524358,0.22716306026405692,0.23295037064754123,0.23888904133791367,0.24498335070496718,0.2512377246345048,0.2576567438265653,0.2642451516293915,0.2710078624615076,0.2779499708804736,0.2850767613640645,0.29239371887769294,0.2999065403113092,0.30762114687970593,0.31554369759251355,0.3236806039145508,0.332038545753674,0.3406244889326753,0.3494457043241732,0.35850978885388046,0.3678246886085357,0.3773987243212979,0.3872406195506238,0.3973595319199777,0.40776508784703774,0.41846742126448755,0.4294772169230471,0.44080575897440394,0.4524649856620941,0.4644675511076883,0.47682689537576656,0.4895573242438663,0.5026741004059345,0.5161935482171115,0.5301331745669121,0.5445118090781152,0.5593497676122658,0.5746690440778508,0.5904935368649062,0.6068493179843325,0.6237649553345889,0.6412719016887448,0.6594049683387737,0.6782029073709063,0.6977091350679812,0.717972641173187,0.7390491466619463,0.7610025994445009,0.7839071384032045,0.807849720583176,0.8329337107073987,0.8592839071969334,0.8870537844045534,0.9164362898800926,0.9476806177498914,0.981119622180507,1.0,1.0,1.0,1.0,1.0,1.0,0.9747760507874008,0.9417714435800953,0.9108921281758547,0.8818234539911601,0.8543282431302852,0.8282218576505072,0.8033567873091241,0.7796126466874339,0.7568894203704251,0.7351027486351461,0.7141805443543078,0.6940605066341331,0.6746882553642204,0.6560159061016232,0.6380009638498777,0.6206054521127752,0.6037952184251696,0.5875393742363614,0.5718098384550616,0.5565809619527361,0.5418292159975255,0.5275329316857246,0.5136720804338935,0.5002280878151601,0.4871836746886864,0.4745227208339444,0.4622301472686614,0.4502918141771155,0.438694431958802,0.4274254833662399,0.4164731550642909,0.40582627723354625,0.3954742700736292,0.3854070962508646
16.432,0.07330844559510812,0.07515516429173785,0.07704852590326332,0.07898971799679172,0.08097995911637094,0.08302049964872144,0.08511262271764336,0.08725764510830457,0.08945691822284998,0.09171182906871829,0.09402380128118948,0.09639429618185082,0.09882481387464878,0.10131689438140705,0.10387211881879811,0.10649211061884706,0.1091785367952268,0.11193310925776545,0.11475758617773325,0.1176537734066618,0.12062352595167887,0.12366874951053292,0.12679140206970227,0.12999349556929896,0.1332770976386882,0.13664433340711307,0.14009738739390148,0.14363850548321677,0.14726999698872148,0.15099423681395513,0.15481366771468033,0.15873080267002965,0.16274822736982206,0.16686860282606017,0.17109466811734242,0.17542924327567463,0.17987523232601205,0.18443562648984396,0.18911350756511697,0.19391205149601012,0.19883453214730917,0.20388432529957626,0.20906491288290513,0.21437988746879952,0.21983295704170844,0.22542795007395341,0.23116882093026994,0.23705965563095316,0.24310467800574512,0.2493082562741132,0.2556749100915529,0.26220931810607245,0.2689163260740968,0.27580095559084744,0.2828684134968938,0.29012410203007316,0.29757362980067,0.3052228236776347,0.31307774168504804,0.32114468702121596,0.32943022332801175,0.3379411913557757,0.3466847271896941,0.3556682822276422,0.364899645127683,0.3743869659766063,0.38413878297007964,0.3941640519414511,0.4044721791315305,0.4150730576577766,0.42597710822071283,0.43719532468118855,0.4487393252581656,0.46062141023839714,0.47285462726279187,0.48545284546827117,0.49843084002936966,0.5118043889753566,0.5255903845755782,0.5398069621140373,0.5544736495489613,0.5696115424222494,0.5852435095135411,0.6013944362168041,0.6180915145850576,0.6353645916293147,0.6532465910453097,0.6717740284817548,0.6909876473676927,0.710933212121538,0.7316625097397599,0.7532346316648026,0.7757176393357345,0.7991907654932995,0.8237473806165683,0.8494990806175353,0.8765814674570928,0.9051625767627391,0.9354556198878441,0.9677391209851985,1.0,1.0,1.0,1.0,1.0,1.0,0.9972179249679517,0.96293723421666,0.9309619144531851,0.9009316813847941,0.872579114206608,0.8456985538880217,0.8201273134323833,0.795733705066399,0.7724090762084597,0.7500623209171201,0.7286159831684222,0.7080034192977781,0.6881666860671138,0.6690549385745987,0.6506231943944703,0.6328313659629413,0.6156434928731568,0.5990271254773633,0.5829528246187297,0.5673937516256501,0.5523253292728779,0.5377249591266607,0.5235717841202879,0.5098464877351997,0.4965311230504606,0.4836089663484398,0.47106439105174425,0.4588827586038621,0.4470503235569919,0.4355541506407737,0.42438204198882834,0.4135224730209216,0.40296453573576246,0.3926978883769536
16.712,0.07276823671723903,0.07460127815379797,0.07648061170313268,0.07840741558345896,0.08038289871357775,0.08240830156837695,0.08448489706247124,0.08661399146320714,0.08879692533435077,0.09103507451185265,0.09332985111319142,0.09568270458186257,0.09809512276869364,0.1005686330517887,0.1031048034970131,0.10570524406104502,0.10837160783918212,0.11110559236023926,0.11390894093101331,0.11678344403299804,0.1197309407741978,0.12275332039912344,0.12585252386025444,0.12903054545451373,0.13228943452856723,0.13563129725704487,0.13905829849812415,0.14257266373121838,0.14617668108195117,0.14987270343996828,0.15366315067562303,0.15755051196206202,0.1615373482097851,0.16562629462136955,0.16982006337470273,0.1741214464438044,0.17853331856713675,0.18305864037417466,0.1877004616820162,0.19246192497489448,0.19734626908067224,0.20235683305973862,0.20749706032323684,0.21277050299921302,0.2181808265671419,0.22373181478335685,0.22942737492226187,0.23527154336078543,0.241268491536506,0.24742253231313727,0.25373812679084173,0.26021989160300163,0.2668726067458647,0.27370122399289554,0.28071087595181454,0.2879068858293114,0.2952947779764576,0.302880289297007,0.310669381611352,0.3186682550810437,0.32688336281282077,0.3353214267773888,0.3439894551970608,0.3528947615784564,0.36204498559217824,0.3714481160317232,0.38111251611945274,0.3910469514696974,0.4012606210690217,0.4117631916934433,0.4225648362538023,0.4336762766464353,0.44510883179024907,0.456874471657479,0.4689858782596799,0.4814565147398402,0.49430070395569115,0.5075337182303571,0.5211718823110822,0.5352326920364795,0.5497349517969857,0.5646989346217332,0.5801465696924665,0.5961016633472517,0.6125901612999695,0.6296404620174113,0.6472837941827401,0.6655546752522102,0.6844914737580297,0.7041371059468536,0.7245399086880185,0.7457547471041021,0.7678444399265029,0.7908816229108302,0.8149512288964131,0.8401538566723531,0.866610456245231,0.8944690264191175,0.9239145051280309,0.9551839560017796,0.9885910304562325,1.0,1.0,1.0,1.0,1.0,1.0,0.9843726361070921,0.9512475963621427,0.9202164867321739,0.8909768192696547,0.8632989872074261,0.8370032576564416,0.811945395985088,0.788007254811134,0.7650903735907175,0.7431114850497494,0.721999274200628,0.7016919860825364,0.6821356241478964,0.6632825693685688,0.6450905052144887,0.627521569075179,0.6105416740544518,0.5941199608277126,0.5782283500999673,0.5628411738084961,0.5479348686354372,0.5334877193182199,0.5194796421235931,0.5058920009890177,0.4927074504422876,0.47990980063124544,0.46748390073254914,0.45541553773423993,0.4436913481539592,0.43229874070136165,0.42122582824774824,0.4104613677493573,0.39999470699873996
16.993,0.07223957171631877,0.07405923066338878,0.07592483867580818,0.07783756484460319,0.07979860869271686,0.0818092010206413,0.08387060477970183,0.0859841159741568,0.08815106459342463,0.09037281557577294,0.09265076980493113,0.09498636514116651,0.09738107748841597,0.09983642189928406,0.10235395371967719,0.10493526977511916,0.1075820096008253,0.11029585671778154,0.11307853995728079,0.1159318348364451,0.1188575649875343,0.12185760364400024,0.1249338751864577,0.1280883567520026,0.13132307991053307,0.13464013241206074,0.13804166000923843,0.14152986835971906,0.14510702501330253,0.1487754614892081,0.15253757544929583,0.15639583297347173,0.16035277094409983,0.16441099954677754,0.1685732048954691,0.17284215179071832,0.1772206866203913,0.18171174041326518,0.18631833205672682,0.19104357169086048,0.19589066429235946,0.20086291346298416,0.20596372543868427,0.21119661333708573,0.21656520166281654,0.22207323109207333,0.22772456356005152,0.23352318767730645,0.2394732245038672,0.24557893371303338,0.25184472018026305,0.25827514103650634,0.26487491322980367,0.2716489216439971,0.27860222782916183,0.28574007940487944,0.2930679202049267,0.30059140124051,0.30831639256889454,0.31624899616558855,0.3243955599111554,0.33276269281875626,0.3413572816459042,0.3501865090541374,0.3592578735039808,0.36857921110017733,0.3781587196347347,0.38800498511371345,0.3981270110990439,0.4085342512508153,0.41923664551989426,0.43024466051822835,0.4415693346874204,0.4532223289991547,0.4652159840586505,0.47756338465061554,0.4902784329745682,0.5033759320731593,0.516871681277365,0.5307825858944767,0.5451267838732712,0.5599237928289631,0.5751946816436888,0.5909622719389741,0.6072513761317625,0.624089080658217,0.6415050854552083,0.659532114183309,0.6782064143329813,0.6975683728410006,0.7176632820174418,0.7385423037861293,0.7602636996116223,0.7828944225185693,0.8065122121782929,0.8312084043273379,0.857091780089342,0.8842939733168493,0.912977291923379,0.9433464311493368,0.9756667692992711,1.0,1.0,1.0,1.0,1.0,1.0,1.0,0.9717614666463038,0.9396864909523359,0.909527591369563,0.8810277756174604,0.8539881104670219,0.8282504019336098,0.8036860468530703,0.78018855574246,0.7576683643057553,0.7360491283230957,0.7152650122008716,0.695258662212891,0.6759796632417172,0.657383344358496,0.6394298409053446,0.6220833483974794,0.6053115220605382,0.589084988456647,0.5733769444526098,0.5581628250168585,0.5434200258165677,0.5291276698593015,0.5152664098436255,0.5018182596940985,0.48876645012645076,0.47609530413638373,0.4637901291140911,0.4518371229162612,0.440223291721828,0.4289363778890111,0.4179647963431231,0.40729757827497753
17.273,0.07172205560181598,0.07352861661886335,0.07538079113018654,0.07727973931262598,0.07922665151359796,0.08122274908721926,0.08326928525757939,0.0853675460103476,0.08751885101393067,0.08972455457155366,0.09198604660559519,0.09430475367575399,0.0966821400325583,0.09911970870795928,0.1016190026447565,0.10418160586683661,0.10680914469220382,0.10950328899102812,0.11226575349103918,0.11509829913275345,0.1180027344772164,0.12098091716912762,0.12403475545840886,0.12716620978354842,0.1303772944202295,0.13367007919907894,0.13704669129665228,0.14050931710405873,0.14406020417801835,0.14770166327949427,0.15143607050548785,0.15526586951999735,0.15919357389070452,0.16322176953842102,0.16735311730701272,0.17159035566211345,0.1759363035277306,0.180393863270586,0.18496602384298932,0.18965586409597968,0.1944665562755751,0.19940136971618244,0.2044636747465499,0.20965694682513678,0.21498477092344265,0.22045084617766772,0.2260589908311755,0.23181314749250606,0.23771738873630674,0.24377592307745102,0.2499931013518909,0.2563734235414803,0.262921546084187,0.26964228971582554,0.27654064789480054,0.28362179586744507,0.29089110043847305,0.29835413051900617,0.3060166685336807,0.31388472277881074,0.321964540835543,0.33026262415579555,0.33878574395484756,0.347540958563007,0.3565356324105508,0.3657774568454334,0.37527447301305983,0.3850350970623844,0.39506814798400547,0.40538287843499693,0.41598900896364965,0.4268967661172617,0.4381169250001212,0.44966085695032115,0.4615405831271846,0.4737688349513135,0.4863591225236119,0.4993258123771174,0.5126842161980134,0.526450692505379,0.5406427637240168,0.5552792516488196,0.5703804350206854,0.5859682338646207,0.6020664264522021,0.6187009063434971,0.6358999890803947,0.6536947809490551,0.6721196261031736,0.6912126536857859,0.7110164540757392,0.7315789240471577,0.7529543360880485,0.7752047099872819,0.7984015993783405,0.8226284595534942,0.847983848413765,0.8745858533883148,0.9025783782509835,0.9321403543931621,0.9634997508024391,0.9969558763806929,1.0,1.0,1.0,1.0,1.0,1.0,0.9925171095805595,0.9593510879546977,0.9282381477593382,0.8988898516523035,0.8710855727970549,0.8446515497138404,0.8194476440383895,0.7953585884467774,0.7722879873246711,0.750154076826078,0.728886649529275,0.7084247733784411,0.6887150665268155,0.6697103701160111,0.6513687116290011,0.6336524841952843,0.6165277889400689,0.5999639021892699,0.5839328395201703,0.5684089958116021,0.5533688455722271,0.5387906915458375,0.5246544523301321,0.5109414817848533,0.4976344145420521,0.48471703310167946,0.4721741528959001,0.45999152240419056,0.44815573594821073,0.436654157226987,0.42547485199602564,0.4146065285685965
17.554,0.07121531137956906,0.07300904928817632,0.07484807233151863,0.07673353197701689,0.07866660960833509,0.08064851735231456,0.08268049893258564,0.08476383055103925,0.08689982179832786,0.0890898165947186,0.09133519416264144,0.09363737003239357,0.09599779708253345,0.09841796661662604,0.10089940947803809,0.10344369720470212,0.10605244322579487,0.10872730410245247,0.11146998081479831,0.1142822200976917,0.11716581582778829,0.12012261046468668,0.12315449654913857,0.12626341826150247,0.12945137304386847,0.13272041328956086,0.1360726481039399,0.13951024514081128,0.14303543251902434,0.14665050082422312,0.150357805201129,0.15415976754214072,0.1580588787785312,0.16205770128104313,0.16615887137725993,0.1703651019937527,0.1746791854317099,0.17910399628551663,0.1836424945145946,0.1882977286797601,0.1930728393563684,0.1979710627376804,0.20299573444314128,0.20815029354768919,0.21343828684974325,0.2188633733973292,0.22442932929368786,0.23014005280594343,0.23599956980281744,0.24201203955013842,0.24818176089596278,0.25451317888059505,0.26101089181071163,0.26767965884120737,0.2745244081134064,0.2815502455039578,0.28876246404522277,0.29616655408533193,0.30376821426454476,0.3115733633942328,0.3195881533359089,0.32781898299056494,0.336272513523418,0.3449556849662915,0.3538757343599093,0.363040215621608,0.37245702135132003,0.38213440682065464,0.39208101642774024,0.40230591294512813,0.4128186099412003,0.42362910781889906,0.4347479339915079,0.44618618780667774,0.45795559094052274,0.47006854411811644,0.4825381911812995,0.4953784917269273,0.5086043037890722,0.5222314783503245,0.5362769678580895,0.5507589514152587,0.5656969799425948,0.5811121454160002,0.5970272793250427,0.613467186862419,0.6304589251541426,0.6480321362431715,0.6662194487854985,0.6850569668605768,0.7045848704647963,0.7248481609500279,0.745897597134306,0.7677908860238326,0.7905942192560664,0.8143842878665759,0.839250973034655,0.8653010155384917,0.8926631422703172,0.9214954335190033,0.9519962708377088,0.9844212754876344,1.0,1.0,1.0,1.0,1.0,1.0,1.0,0.9792205474030811,0.9471157454056031,0.9168904938700394,0.8882995746284388,0.8611518217940192,0.8352943462266871,0.8106022693450591,0.7869717755783209,0.7643152550552059,0.7425578128502265,0.7216347004044092,0.7014893864293731,0.682072081894513,0.6633385942267709,0.6452494246277228,0.627769047900975,0.6108653313257778,0.5945090608819263,0.5786735513617796,0.5633343227586364,0.5484688295473537,0.5340562325679413,0.5200772055181403,0.5065137697833982,0.49334915263938955,0.48056766486357855,0.4681545945669671,0.4560961146616176,0.4443792018551326,0.43299156544027617,0.42192158444899847
17.835,0.07071897906702927,0.07250015939760325,0.07432630346278683,0.07619855421756723,0.07811808428552491,0.08008609677688035,0.08210382613280408,0.08417253899706782,0.0862935351162769,0.08846814826988804,0.09069774723138499,0.09298373676197136,0.09532755863833912,0.09773069271605375,0.10019465803028531,0.10272101393568833,0.105311361287335,0.10796734366478485,0.11069064864146236,0.11348300910170088,0.11634620460795772,0.11928206282087664,0.12229246097509264,0.1253793274138384,0.1285446431857035,0.13179044370705617,0.13511882049400598,0.13853192296798475,0.14203196033941068,0.1456212035742175,0.14930198744841036,0.15307671269624012,0.15694784825803185,0.16091793363421425,0.16498958135263359,0.1691654795568443,0.17344839472373344,0.17784117451956596,0.1823467508043287,0.18696814279517004,0.1917084604006715,0.19657090773882077,0.2015587868527204,0.20667550163942636,0.2119245620087939,0.21730958829085376,0.22283431591209613,0.2285026003630934,0.23431842248220228,0.24028589408266854,0.2464092639533493,0.2526929242665448,0.2591414174300871,0.26575944342500796,0.27255186767477024,0.2795237294974189,0.28668025119800056,0.2940268478655554,0.3015691379467999,0.30931295467766917,0.31726435846420203,0.32542965031614685,0.33381538645041336,0.3424283941973427,0.3512757893612423,0.3603649952080554,0.36970376327814525,0.3793001962515267,0.3891627731274944,0.39930037702136206,0.409722325929449,0.4204384068710541,0.4314589138849224,0.4427946904404469,0.454457176923517,0.46645846397781215,0.4788113526297118,0.4915294223055665,0.5046271080727147,0.5181197887117481,0.532023887572391,0.5463569885988937,0.5611379704600744,0.576387162420451,0.592126526492004,0.608379871579665,0.6251731068737159,0.6425345437846284,0.6604952584553656,0.6790895306062777,0.6983553795878435,0.7183352256672865,0.7390767147239209,0.7606337591888718,0.7830678696630495,0.8064498841677495,0.8308622521620167,0.8564021100588398,0.8831855152724168,0.9113534269878815,0.9410804133562487,0.9725877931556093,1.0,1.0,1.0,1.0,1.0,1.0,1.0,0.99930613591499,0.9661682450413348,0.9350353625675912,0.9056342957843092,0.877754368850284,0.8512285692252716,0.8259214776100599,0.8017212088536506,0.7785338406838509,0.7562794480659638,0.734889209189233,0.714303247531327,0.6944689922667459,0.6753399117332509,0.6568745206074341,0.6390355913637189,0.6217895205546182,0.6051058140564999,0.5889566648785619,0.5733166038157232,0.558162208025723,0.5434718561076685,0.5292255208408789,0.5154045926720835,0.5019917284968771,0.4889707213945121,0.47632638783329456,0.46404446953145534,0.4521115476820354,0.44051496766435577,0.42924277269438527
18.115,0.07023271476775998,0.07200159418137358,0.07381512264874367,0.07567443480201012,0.07758069470065888,0.07953509664097895,0.08153886599134551,0.08359326005442508,0.08569956895744803,0.08785911657180469,0.09007326146320623,0.09234339787382345,0.09467095673785088,0.09705740673205147,0.09950425536291244,0.10201305009218951,0.10458537950271332,0.10722287450641704,0.10992720959676786,0.11270010414782174,0.11554332376237221,0.11845868167178249,0.12144804019028002,0.12451331222670249,0.12765646285691915,0.13087951096033307,0.1341845309242028,0.13757365441972716,0.14104907225420665,0.14461303630389072,0.14826786153248098,0.1520159281006984,0.15585968357271993,0.1598016452257708,0.16384440246972382,0.1679906193840555,0.1722430373802447,0.1766044779982812,0.18107784584682024,0.1856661316972925,0.19037241574325173,0.19519987103726633,0.2001517671187936,0.20523147384776888,0.21044246546001472,0.2157883248621931,0.2212727481857129,0.226899549621002,0.23267266655569827,0.23859616504277353,0.24467424562731238,0.2509112495637837,0.2573116654590406,0.26388013638023744,0.27062146747123583,0.2775406341260559,0.28464279077361687,0.291933280334432,0.29941764441729146,0.307101634332345,0.31499122300663607,0.3230926178991923,0.3314122750254951,0.33995691421589064,0.3487335357495347,0.35774943852528984,0.3670122399540637,0.37652989778414137,0.3863107341027556,0.39636346179451726,0.40669721378153434,0.41732157542252457,0.4282466205108026,0.4394829513859287,0.4510417437640341,0.46293479700071305,0.4751745906328984,0.48777434820784227,0.5007481096060931,0.5141108133109836,0.5278783903826793,0.5420678722774139,0.556697515135072,0.5717869437715666,0.5873573193981948,0.603431536105922,0.6200344524776384,0.6371931664380239,0.6549373437775722,0.6732996139242683,0.6923160508197069,0.7120267626867345,0.7324766228124221,0.7537161853871822,0.7758028477931451,0.7988023465244077,0.8227907131378502,0.8478568778195145,0.8741062064394239,0.9016654202023524,0.9306896287323081,0.9613727160462932,0.993963287439319,1.0,1.0,1.0,1.0,1.0,1.0,1.0,0.9854041854330152,0.9533305404269858,0.9230941892372797,0.8944625236512516,0.8672528533258328,0.841318179336268,0.8165378287346927,0.7928110560069105,0.7700525337355372,0.7481890898154403,0.7271572925116646,0.7069016274732975,0.6873730975912138,0.668528131031833,0.6503277179153681,0.63273671935548,0.6157233083055795,0.5992585125119364,0.5833158375013148,0.5678709529786387,0.5529014299595134,0.5383865188645428,0.5243069609618857,0.5106448271699344,0.4973833794686574,0.48450695111827,0.4720008426206838,0.45985123093543284,0.4480450899160955,0.43657012029412046
18.396,0.06975618980177038,0.07151301648868981,0.07331418403889173,0.07516081894425816,0.07705407688889661,0.07899514355026525,0.08098523542575166,0.08302560068570805,0.08511752005414366,0.08726230771819923,0.0894613122677086,0.09171591766616595,0.09402754425452378,0.09639764978933486,0.09882773051684071,0.10131932228469877,0.10387400169320428,0.10649338728789988,0.10917914079566896,0.11193296840650899,0.11475662210335665,0.11765190104246143,0.12062065298703473,0.12366477579705441,0.12678621897832454,0.12998698529413447,0.13326913244307656,0.13663477480688505,0.1400860852724285,0.14362529713231906,0.147254706068948,0.15097667222713962,0.1547936223810316,0.15870805220125178,0.16272252862895972,0.16683969236386445,0.17106226047394907,0.17539302913527793,0.17983487651102079,0.18439076577959326,0.18906374832274903,0.1938569670854099,0.19877366012011474,0.20381716433019065,0.2089909194270592,0.214298472118603,0.21974348054716236,0.22532971899757212,0.2310610828977169,0.23694159413638924,0.2429754067257957,0.24916681283898695,0.25552024925571853,0.2620403042539154,0.26873172498810144,0.2755994254007633,0.2826484947180163,0.2898842065869088,0.29731202891860536,0.3049376345095348,0.3127669125215311,0.3208059809123464,0.32906119991969285,0.33753918671568045,0.34624683136427536,0.35519131423276185,0.36438012502949274,0.3738210836651453,0.3835223631638245,0.39349251488473225,0.40374049635551945,0.4142757020664332,0.4251079976314062,0.43624775779033503,0.4477059088085818,0.45949397592826824,0.47162413664529274,0.4841092807314677,0.49696307809916423,0.510200055825161,0.5238356859221623,0.5378864857854189,0.5523701336676322,0.5673056020740449,0.5827133126566073,0.5986153170695976,0.615035509395523,0.6319998772522204,0.649536800680757,0.6676774105762936,0.6864560220326373,0.7059106629268572,0.7260837249751492,0.7470227742650155,0.7687815723472066,0.7914213796441478,0.8150126439472241,0.8396372244385477,0.8653913769305197,0.8923898485612876,0.9207716369101064,0.9507083318406837,0.982416628578487,1.0,1.0,1.0,1.0,1.0,1.0,1.0,1.0,0.9717825789561232,0.9406840073181617,0.9112798164667191,0.8833698726748473,0.8567944334020366,0.8314232423592943,0.8071481703985945,0.7838780827119085,0.7615351576573542,0.7400521829063695,0.7193705279503857,0.6994385960221954,0.6802106230458831,0.661645732497565,0.6437071821348394,0.6263617567323694,0.6095792734226853,0.5933321749440882,0.577595192278771,0.562345062622364,0.5475602918868958,0.5332209533550738,0.5193085159150601,0.5058056966778212,0.4926963338304186,0.4799652763911715,0.4675982881662961,0.4555819637057983,0.44390365445112395
18.676,0.06928908988836294,0.0710341039447158,0.07282315694597574,0.07465736741971067,0.07653788285645148,0.07846588050276056,0.08044256817936432,0.08246918512534114,0.08454700286951204,0.08667732613016306,0.08886149374434806,0.09110087962806472,0.09339689376868943,0.09575098325115779,0.09816463331943065,0.10063936847491375,0.10317675361361191,0.10577839520387956,0.1084459425067958,0.11118108884130226,0.11398557289637948,0.11686118009272917,0.11980974399657734,0.12283314778838737,0.12593332578950914,0.12911226504996887,0.13237200700088642,0.13571464917522233,0.139142347000858,0.14265731567033602,0.14626183209189064,0.14995823692678725,0.153748936718383,0.15763640611875374,0.16162319021922575,0.1657119069916627,0.16990524984793767,0.1742059903256656,0.1786169809089623,0.18314115799374836,0.18778154500801236,0.19254125569831881,0.1974234975949461,0.20243157566913703,0.2075688961972504,0.2128389708479848,0.2182454210104577,0.22379198238261228,0.2294825098414451,0.2353209826186593,0.24131150980785102,0.24745833623202332,0.2537658487033236,0.26023858271034855,0.26688122957226756,0.2736986441034123,0.28069585283697396,0.28787806286212453,0.29525067133527383,0.3028192757335762,0.3105896849271162,0.31856793115586596,0.32676028300848653,0.33517325951278454,0.343813645462282,0.3526885081203557,0.3618052154631178,0.37117145614523683,0.38079526139977404,0.39068502911465136,0.400849550365568,0.4112980387290404,0.422040162751431,0.43308608201188603,0.4444464872914752,0.4561326454501807,0.46815644972137954,0.48053047626454454,0.49326804797693047,0.5063833067614988,0.5198912956908981,0.5338080528088518,0.5481507186874551,0.562937660334131,0.5781886146453337,0.5939248553762336,0.6101693885924693,0.6269471828689088,0.6442854422096664,0.6622139319374976,0.6807653708608148,0.6999759071972251,0.7198857014951838,0.7405396478784129,0.7619882764637264,0.7842888965401865,0.8075070648974118,0.8317185012735505,0.8570116313055651,0.8834910307842678,0.9112821993835675,0.9405383568962162,0.9714504298712958,1.0,1.0,1.0,1.0,1.0,1.0,1.0,1.0,0.9903985517722433,0.9584088312812469,0.9282099922111904,0.8995824455800194,0.8723523978552382,0.8463791264776799,0.8215465029488739,0.7977571438872115,0.7749282545555805,0.7529885999103119,0.7318762488844159,0.7115368624143992,0.691922372316207,0.6729899466020167,0.6547011683665266,0.6370213763834306,0.6199191298566696,0.6033657696980894,0.5873350557140178,0.5718028641136701,0.5567469334142618,0.5421466495190846,0.5279828627620016,0.5142377312351268,0.5008945858788639,0.4879378137091454,0.47535275625298307,0.4631256208094161,0.45124340258430884
18.957,0.06883111437829795,0.0705645481622444,0.07234172503653725,0.07416375573406532,0.07603177972703058,0.07794696601221152,0.07991051392092079,0.0819236539546192,0.08398764864731173,0.08610379345582546,0.08827341767920026,0.0904978854084209,0.09277859650788399,0.09511698763002342,0.09751453326458621,0.09997274682421325,0.10249318176802258,0.10507743276503263,0.10772713689940523,0.1104439749195258,0.11322967253321961,0.11608600175144061,0.11901478228296877,0.12201788298286141,0.12509722335755397,0.12825477512974187,0.131492563866396,0.1348126706735127,0.13821723396148305,0.14170845128522577,0.14528858126360283,0.14895994558294015,0.15272493108989135,0.15658599197927492,0.16054565208300964,0.1646065072667398,0.1687712279413235,0.17304256169694193,0.1774233360682757,0.18191646143990742,0.18652493410193743,0.19125183946668398,0.1961003554583233,0.2010737560884262,0.2061754152315563,0.21140881061642566,0.2167775280496123,0.22228526589049694,0.2279358397979218,0.23373318777114577,0.23968137550999302,0.24578460212163142,0.25204720620440646,0.258473672342319,0.26506863804749425,0.2718369011920914,0.27878342797582273,0.2859133614805422,0.29323203086943145,0.30074496129516626,0.3084578845892988,0.31637675081407585,0.324507740768176,0.3328572795497271,0.34143205129355425,0.350239015215439,0.35928542311442524,0.3685788385055143,0.3781271575799361,0.38793863221924646,0.3980218953237483,0.4083859887559725,0.41904039424781475,0.4299950676765788,0.44126047718306455,0.45284764568602565,0.46476819844532025,0.47703441644462286,0.4896592965088674,0.5026566192481792,0.5160410261374235,0.5298281073095769,0.5440345019765886,0.5586780138123414,0.5737777441643865,0.5893542466390943,0.6054297074756977,0.622028157253536,0.6391757209539272,0.6569009153511686,0.675235005318255,0.6942124341661139,0.7138713479791312,0.7342542406460998,0.7554087558016418,0.7773886955684799,0.8002553060214526,0.8240789392600297,0.8489412378789133,0.8749380598414361,0.9021834788632296,0.9308153920122193,0.9610036098391458,0.9929619339370656,1.0,1.0,1.0,1.0,1.0,1.0,1.0,1.0,0.9762741047698469,0.9452570295684087,0.9158935458702454,0.8879943368810373,0.8614072318432354,0.8360074252948076,0.8116908040550812,0.7883692500632935,0.7659672452240047,0.7444193607950158,0.7236683637289336,0.703663763317156,0.684360678473865,0.6657189427375548,0.6477023883540574,0.630278267221521,0.613416777798904,0.5970906750288808,0.5812749460000851,0.5659465381843396,0.551084130103579,0.5366679365265632,0.5226795419846684,0.509101757680635,0.49591849785073366,0.4831146724054594,0.47067609327177096,0.4585893923310466
19.237,0.06838197553225442,0.0701040540009303,0.0718695855703567,0.07367967334237384,0.07553544893987305,0.0774380732844975,0.07938873739865987,0.08138866323286378,0.08343910451938402,0.08554134765340485,0.08769671260280391,0.08990655384780577,0.09217226135183332,0.09449526156495282,0.09687701846139128,0.09931903461270533,0.10182285229827921,0.10439005465492462,0.10702226686749741,0.10972115740255098,0.11248843928718116,0.11532587143537848,0.11823526002436137,0.12121845992351084,0.12427737617876129,0.12741396555545137,0.13063023814290023,0.13392825902420183,0.13731015001497404,0.14077809147510933,0.14433432419786313,0.1479811513809729,0.15172094068483394,0.1555561263832144,0.1594892116123765,0.16352277072499583,0.1676594517557749,0.17190197900623833,0.17625315575683628,0.1807158671151796,0.1852930830100048,0.18998786134132312,0.1948033512981476,0.19974279685622906,0.20480954046939526,0.21000702696935764,0.21533880769026303,0.2208085448358628,0.22642001610891346,0.23217711962439178,0.23808387913028398,0.24414444956217995,0.2503631229606278,0.2567443347833014,0.2632926706475046,0.27001287354243775,0.27690985155508274,0.28398868615856565,0.2912546411175258,0.29871317207146986,0.3063699368644546,0.31423080669783726,0.3223018781924412,0.33058948645755026,0.3391002192768331,0.3478409325360087,0.35681876703402937,0.36604116683931953,0.3755158993755828,0.3852510774486063,0.39525518345695276,0.4055370960666215,0.41610611967353567,0.42697201702978416,0.4381450454714733,0.44963599726014924,0.46145624463886464,0.47361779031145973,0.4861333241841689,0.4990162873678861,0.512280944634757,0.5259424667638442,0.5400170245099798,0.5545218963042039,0.5694755922653383,0.584897997699961,0.6008105400323067,0.617236384091283,0.6342006619648095,0.6517307453182041,0.6698565703142388,0.6886110282841919,0.7080304393980741,0.728155132236785,0.7490301600866558,0.770706196045672,0.7932406653600284,0.816699197548304,0.8411575173549076,0.8667039501108174,0.8934428071933368,0.9214990656014806,0.9510250090094375,0.9822099494618195,1.0,1.0,1.0,1.0,1.0,1.0,1.0,1.0,0.994285671833331,0.9624251623855731,0.932306315444521,0.9037226284183605,0.8765093879695274,0.8505323646647494,0.8256801898998629,0.8018590427698175,0.7789888419483181,0.7570004501483407,0.7358335789254498,0.7154351896294748,0.6957582533233276,0.6767607752994378,0.6584050178973366,0.640656874165814,0.6234853578215225,0.6068621839670164,0.5907614214289304,0.5751592021895788,0.5600334767578992,0.5453638068236937,0.5311311884113648,0.5173179001681084,0.5039073725076124,0.4908840741695947,0.4782334134098331,0.465941651549674
19.518,0.06794139784265181,0.06965233887107325,0.07140644868566638,0.07320482291514575,0.07504858549618862,0.07693888944378748,0.07887691764558664,0.0808638836811397,0.08290103266716399,0.08498964212981147,0.08713102290516629,0.08932652006912091,0.09157751389797084,0.09388542086104908,0.09625169464687146,0.09867782722431481,0.10116534994046736,0.10371583465688872,0.10633089492612526,0.1090121872104565,0.11176141214496803,0.11458031584720589,0.11747069127579704,0.12043437964061478,0.12347327186722203,0.1265893101185377,0.129784489376878,0.13306085908975332,0.1364205248830663,0.1398656503455958,0.14339845888899816,0.14702123568782471,0.15073632970447345,0.15454615580430767,0.15845319696666302,0.16246000659787874,0.1665692109530278,0.17078351167356023,0.17510568844868454,0.17953860180899692,0.18408519606159512,0.18874850237673668,0.19353164203698767,0.19843782986082328,0.20347037781372143,0.20863269882101587,0.21392831079812302,0.21936084091527305,0.22493403011551177,0.230651737906646,0.23651794744983687,0.2425367709699063,0.24871245551499888,0.2550493890961704,0.2615521072407527,0.2682252999970357,0.275073819431983,0.28210268766840507,0.2893171055133552,0.2967224617355868,0.30432434305679607,0.3121285449292684,0.3201410831815435,0.32836820662402516,0.3368164107183683,0.3454924524281168,0.3544033663839128,0.3635564825149091,0.37295944531938313,0.3826202349723844,0.39254719049743053,0.4027490352634514,0.4132349051085807,0.4240143794401166,0.4350975157167796,0.44649488778714547,0.4582176286393293,0.4702774782148481,0.4826868370579174,0.49545882671549063,0.50860735797942,0.5221472082788119,0.5360941097987295,0.5504648502354017,0.5652773885168813,0.5805509883472171,0.5963063731057038,0.6125659064974052,0.6293538044707528,0.646696385381927,0.6646223673191849,0.6831632240824997,0.702353614803807,0.7222319069715702,0.7428408192592632,0.7642282199165816,0.7864481299093682,0.8095619996232922,0.8336403572490043,0.8587649717449599,0.8850317435279769,0.9125546496079895,0.94147125985713,0.971950671733513,1.0,1.0,1.0,1.0,1.0,1.0,1.0,1.0,1.0,0.9797189036771552,0.9488240781663285,0.9195397725008347,0.8916875082918122,0.8651228071554363,0.8397264701234767,0.815398561707432,0.7920541355305556,0.7696201200026311,0.748032999408335,0.7272370542522552,0.7071830035460569,0.687826941625272,0.6691294945370667,0.6510551426608504,0.6335716709399735,0.6166497183149927,0.6002624051604828,0.5843850227011392,0.5689947721489286,0.5540705440808602,0.5395927306510155,0.525543064796597,0.5119044817927497,0.4986609994315236,0.48579761381604697,0.4733002083220359
19.799,0.06750911739614525,0.0692091320791941,0.07095203672730079,0.07273891964855161,0.07457089725087097,0.07644911480523932,0.07837474723256957,0.08034899991516883,0.08237310953378749,0.08444834493132082,0.0865760080042977,0.08875743462329284,0.09099399558358999,0.0932870975873488,0.09563818425875888,0.09804873719361568,0.10052027704495624,0.10305436464642291,0.1056526021751602,0.1083166343561853,0.11104814971022721,0.11384888184728739,0.11672061080818508,0.11966516445663185,0.12268441992446999,0.12578030511294,0.12895480025303827,0.1322099395282523,0.1355478127631666,0.13897056718177084,0.14248040923951383,0.14607960653348134,0.1497704897954494,0.1535554549728894,0.15743696540342927,0.1614175540887237,0.16549982607416364,0.1696864609413906,0.17398021542116832,0.17838392613481266,0.18290051247307393,0.18753297962216206,0.1922844217474533,0.19715802534637528,0.2021570727830016,0.20728494601806852,0.21254513054939564,0.2179412195791355,0.22347691842585476,0.22915604920123053,0.23498255577311064,0.2409605090388844,0.24709411253561353,0.2533877084160683,0.2598457838230066,0.2664729776974345,0.27327408806062076,0.2802540798139821,0.2874180931060824,0.2947714523216327,0.3023196757538991,0.31006848602930925,0.3180238213614923,0.32619184772167864,0.334578972023422,0.3431918564324693,0.3520374339272693,0.361122925252737,0.3704558574296675,0.38004408400530787,0.3898958072575385,0.40001960259679736,0.4104244454470402,0.42111974093104476,0.4321153567375031,0.4434216596094061,0.4550495559675282,0.4670105372719383,0.47931673083221155,0.4919809569075395,0.5050167930972591,0.518438647217588,0.5322618401012903,0.5465027000560186,0.561178671090705,0.5763084374895044,0.5919120679087578,0.6080111829340422,0.6246291510158899,0.641791318979372,0.6595252849796017,0.6778612240011023,0.6968322789878961,0.7164750347545153,0.7368300974275036,0.7579428099973914,0.7798641456903519,0.8026518369709562,0.826371821749522,0.8511001242137053,0.8769253431306886,0.9039520085930257,0.9323052128234829,0.9621371668957684,0.9936367726584738,1.0,1.0,1.0,1.0,1.0,1.0,1.0,1.0,0.9971430726402762,0.9654503552850703,0.9354484004086993,0.9069435957761215,0.8797803012642391,0.853830857721832,0.8289887678479688,0.805163894765551,0.7822789906881031,0.7602671294946985,0.7390697699289136,0.7186352689526149,0.6989177229728434,0.6798760521846802,0.6614732680851322,0.6436758809887921,0.6264534159473054,0.6097780136011384,0.5936240982934449,0.5779680999793629,0.5627882195517105,0.548064229500557,0.5337773035520845,0.5199098702462575,0.5064454864220918,0.4933687273617109,0.48066509095606463
20.079,0.06708488127417306,0.06877417421268575,0.07050608361499976,0.07228169061590371,0.07410210424665584,0.07596846219129419,0.07788193156626402,0.07984370972430346,0.08185502508354268,0.08391713798289739,0.08603134156480398,0.08819896268649065,0.09042136286098844,0.0926999392291901,0.09503612556434358,0.09743139331041822,0.09988725265591528,0.10240525364477265,0.10498698732610154,0.1076340869446595,0.1103482291740041,0.11313113539449642,0.11598457301839539,0.11891035686448195,0.12191035058478124,0.12498646814619448,0.1281406753699681,0.13137499153222235,0.13469149102892586,0.1380923051090157,0.14157962367959326,0.1451556971874406,0.1488228385814525,0.15258342536088776,0.1564399017147871,0.1603947807582922,0.16445064687209215,0.16861015815171476,0.1728760489739591,0.17725113268838236,0.1817383044424115,0.18634054414942214,0.19106091960993293,0.1959025897969769,0.2008688083177112,0.20596292706444333,0.21118840006946213,0.2165487875794518,0.22204776036674748,0.22768910429641379,0.23347672516996268,0.23941465386866284,0.24550705182169244,0.2517582168270547,0.25817258925607584,0.2647547586756393,0.27150947092602346,0.27844163569639907,0.28555633464482416,0.29285883011492375,0.30035457450754793,0.3080492203726932,0.3159486312948562,0.3240588936540842,0.33238632935537527,0.3409375096310108,0.34971927003421843,0.35873872675841606,0.3680032944347892,0.3775207055823697,0.3872990319098506,0.3973467076975994,0.4076725555228117,0.4182858146312422,0.42919617230698837,0.440413798648803,0.45194938522946554,0.4638141881962819,0.47602007646894506,0.48857958580976135,0.5015059796856806,0.5148133180181638,0.5285165351340326,0.5426315284991108,0.5571752601508689,0.5721658731655743,0.5876228260247431,0.6035670484193013,0.6200211228938771,0.6370094978520867,0.6545587389048427,0.6726978274723883,0.6914585181245542,0.7108757696194318,0.7309882693553048,0.7518390775470226,0.7734764267313974,0.7959547255226741,0.8193358349806208,0.8436907149325766,0.8691015818000118,0.8956647887079402,0.9234947503186798,0.9527294211495788,0.9835381594461864,1.0,1.0,1.0,1.0,1.0,1.0,1.0,1.0,1.0,0.9821888825959053,0.951451284730706,0.9222797490245375,0.8945064617014086,0.8679946124239176,0.8426306556963136,0.8183189128557774,0.7949777005234703,0.7725364869054684,0.750933759487973,0.730115397007581,0.7100334064540447,0.6906449292603669,0.6719114493116537,0.6537981545263877,0.6362734168726797,0.6193083648374521,0.6028765288693558,0.5869535450064213,0.5715169053300405,0.5565457464285337,0.5420206689591044,0.5279235828413461,0.5142375737213675,0.5009467872004116,0.4880363279884028
20.36,0.06666844698914837,0.06834721656107921,0.07006833424932135,0.07183287415775134,0.07364193808794492,0.07549665628876237,0.07739818822893403,0.07934772339358152,0.08134648210562,0.08339571637306335,0.0854967107632997,0.08765078330546196,0.08985928642211692,0.09212360789151469,0.09444517184175286,0.09682543977829958,0.09926591164636142,0.10176812692972145,0.10433366578777749,0.10696415023255726,0.10966124534769421,0.11242666055141358,0.11526215090573899,0.11816951847427518,0.1211506137310953,0.1242073370234124,0.1273416400909481,0.13055552764505707,0.13385105901096325,0.13723034983663515,0.1406955738721505,0.14424896482366734,0.1478928182864226,0.15162949376153134,0.1554614167617671,0.15939108101185176,0.16342105074927904,0.16755396313218593,0.17179253076129616,0.17613954432357887,0.18059787536590402,0.18517047920768853,0.18986039800233462,0.1946707639580897,0.19960480272995967,0.20466583699534477,0.20985729022723443,0.21518269068011664,0.22064567560518547,0.22624999571304116,0.23199951990386714,0.237898240287045,0.2439502775144239,0.2501598864539122,0.2565314622328861,0.2630695466840196,0.2697788352296786,0.2766641842449786,0.283730618944123,0.2909833418396778,0.2984277418302338,0.30606940397842164,0.3139141200487375,0.3219678998831093,0.3302369837019395,0.3387278554294868,0.3474472571553905,0.35640220485896085,0.36560000554008065,0.3750482759205338,0.38475496290284406,0.3947283660008474,0.40497716198814415,0.4155104320480105,0.42633769175263964,0.4374689242521022,0.44891461711585545,0.46068580334442133,0.472794107158509,0.48525179528122153,0.4980718345602741,0.511267956937281,0.5248547329674543,0.5388476553351063,0.5532632341107211,0.568119105870477,0.5834341592709742,0.5992286802698857,0.6155245209469998,0.6323452968640274,0.6497166191806539,0.6676663694234589,0.6862250270321132,0.7054260627966821,0.7253064153612904,0.7459070735617758,0.7672737951792589,0.7894580037877407,0.8125179214119772,0.8365200183528398,0.8615408971554941,0.8876697826912939,0.9150118776227208,0.9436929855353519,0.973866046961647,1.0,1.0,1.0,1.0,1.0,1.0,1.0,1.0,1.0,0.9990436295849239,0.9675513504496878,0.937698168931682,0.909302973510079,0.8822190433080905,0.8563252549886481,0.831520008534789,0.8077169065715387,0.7848416032810094,0.762829456199484,0.741623743078754,0.7211742852109203,0.7014363688185739,0.6823698887981176,0.6639386609003849,0.6461098632817266,0.6288535786711137,0.6121424156859784,0.5959511930609882,0.5802566743640639,0.5650373435857876,0.5502732140887784,0.5359456649903895,0.5220373002632334,0.5085318267715184,0.4954139481870617
20.64,0.06625958195399449,0.06792802057157152,0.06963854395272948,0.07139221930813332,0.07319014135178523,0.07503343304406712,0.07692324635749728,0.07886076306609018,0.08084719555927614,0.0828837876813726,0.084971815597616,0.0871125886879347,0.0893074504695766,0.09155777954983921,0.09386499061025505,0.09623053542358373,0.09865590390510602,0.10114262519980381,0.10369226880706699,0.1063064457447396,0.10898680975436618,0.11173505854967157,0.11455293511041852,0.11744222902394034,0.12040477787679571,0.12344246869918066,0.12655723946488498,0.12975108064981555,0.13302603685230138,0.1363842084786458,0.13982775349762427,0.1433588892679458,0.14697989444295392,0.15069311095721127,0.15450094609994452,0.15840587468074854,0.16241044129334908,0.16651726268373485,0.1707290302294435,0.17504851253739223,0.17947855816824743,0.1840220984960088,0.1886821507122635,0.19346182098536485,0.19836430778573025,0.20339290538946064,0.20855100757360023,0.21384211151760416,0.21926982192695366,0.22483785539639656,0.23055004503197093,0.2364103453529147,0.24242283749661836,0.2485917347522029,0.2549213884509032,0.26141629424447116,0.2680810988060884,0.2749206069920856,0.281939789507004,0.28914379111931676,0.2965379394805724,0.3041277546069089,0.31191895908888456,0.3199174891035955,0.3281295063122145,0.33656141073658447,0.3452198547205246,0.35411175809549134,0.3632443246862325,0.37262506031071513,0.38226179245031466,0.3921626917914273,0.4023362958693036,0.4127915350795874,0.42353776136396337,0.43458477992476247,0.445942884380866,0.45762289584591137,0.46963620649199933,0.48199482826108625,0.4947114475059877,0.507799486488476,0.5212731728398889,0.5351476183084447,0.5494389083879968,0.5641642047597709,0.5793418629006362,0.5949915677442741,0.6111344909592126,0.6277934742768364,0.6449932444269152,0.6627606667067952,0.6811250461480346,0.7001184878288212,0.7197763313691002,0.7401376794150528,0.7612460465328678,0.7831501642430447,0.8059049912589997,0.8295729974429472,0.8542258189564601,0.879946426225403,0.9068320153825422,0.9349979450701786,0.9645832257794751,0.9957583898651142,1.0,1.0,1.0,1.0,1.0,1.0,1.0,1.0,1.0,0.9837516871827062,0.9532011659548072,0.924171596525131,0.896505511611628,0.8700736325040265,0.8447680272587238,0.8204972854365168,0.7971830247228111,0.7747573041479783,0.7531606706970055,0.7323406585986353,0.7122506186780817,0.6928487926802035,0.6740975723150217,0.6559628995959877,0.6384137766548614,0.6214218613811235,0.6049611310672156,0.589007600471005,0.5735390838163663,0.5585349925670067,0.5439761625510982,0.5298447053400636,0.5161238798037193,0.5027979805541204
20.921,0.06585806298290126,0.067516357336594,0.06921647794362819,0.07095948525466311,0.0727464670335842,0.0745785390941797,0.07645684605924821,0.07838256214301517,0.08035689195776081,0.08238107134568397,0.08445636823695009,0.08658408353509742,0.08876555203086768,0.09100214334572924,0.09329526290635866,0.09564635295144264,0.09805689357223295,0.10052840378843837,0.1030624426610109,0.10566061044360658,0.10832454977458697,0.11105594691144832,0.11385653300985636,0.11672808544947415,0.11967242920898902,0.1226914382928753,0.12578703721264634,0.12896120252549315,0.13221596443345945,0.13555340844650826,0.1389756771130764,0.14248497182202022,0.14608355468008793,0.14977375046942756,0.15355794868996964,0.15743860569187787,0.16141824690373557,0.16549946916251299,0.16968494315193342,0.17397741595635724,0.17837971373789602,0.1828947445451743,0.18752550126282214,0.19227506471161757,0.19714660691007205,0.20214339450919838,0.20726879241330393,0.21252626760082424,0.21791939316052447,0.2234518525598637,0.22912744416394218,0.23495008602526465,0.2409238209665373,0.2470528219810289,0.2533413979774733,0.2597939998993896,0.2664152272517984,0.2732098350719231,0.2801827413844873,0.28733903518672066,0.294683985013369,0.3022230481378007,0.30996188047193757,0.3179063472352842,0.32606253447193584,0.33443676150431195,0.34303559442368664,0.3518658607306207,0.36093466525340806,0.3702494074900658,0.379817800539614,0.38964789181186466,0.39974808573245996,0.4101271686920963,0.42079433652677495,0.4317592248606715,0.4430319426962919,0.45462310969973324,0.46654389770438204,0.4788060770470736,0.49142206846015124,0.5044050013755363,0.5177687796586752,0.5315281559884791,0.5456988163438271,0.5602974763604496,0.575341991700782,0.5908514850556174,0.6068464929998647,0.6233491366953066,0.6403833214257972,0.6579749712402694,0.676152306671936,0.6949461757475247,0.714390451512663,0.7345225133904543,0.7553838353213533,0.777020711497324,0.7994851616662193,0.8228360741086275,0.8471406681465199,0.8724763938129707,0.8989334415011755,0.9266181219426483,0.9556575201213742,0.9862060698071615,1.0,1.0,1.0,1.0,1.0,1.0,1.0,1.0,1.0,1.0,0.9687911680684447,0.9391141702057652,0.9108554337513961,0.8838768939987038,0.8580638424709918,0.8333195341059262,0.8095613123628408,0.7867177586229059,0.7647265518273321,0.7435328323757328,0.7230879315568632,0.7033483708680083,0.6842750639006725,0.66583267251842,0.6479890821293889,0.6307149700004486,0.6139834470625896,0.5977697583520104,0.5820510306686592,0.5668060585828215,0.5520151218328119,0.5376598286074696,0.5237229803186362,0.5101884543284667
21.201,0.06546367582127718,0.06711200711138847,0.06880191084117895,0.0705344408302309,0.07231067802532866,0.07413173123094982,0.07599873786190052,0.07791286471895917,0.07987530878845411,0.08188729806669903,0.08395009241030423,0.08606498441344065,0.08823330031315277,0.09045640092392122,0.09273568260274331,0.09507257824604912,0.0974685583198628,0.09992513192472184,0.10244384789693638,0.10502629594788357,0.10767410784314521,0.11038895862337852,0.1131725678690074,0.11602670101086238,0.11895317068913926,0.12195383816313321,0.12503061477440822,0.12818546346626195,0.13142040036251645,0.134737496408898,0.13813887908053035,0.1416267341592825,0.14520330758502917,0.1488709073851865,0.15263190568718935,0.156488740818992,0.16044391950303577,0.16450001914957685,0.16865969025575003,0.17292565891727013,0.17730072946023231,0.18178778720113073,0.18638980134388336,0.1911098280234313,0.1959510135063235,0.20091659755961774,0.20600991700046456,0.21123440943987043,0.2165936172354069,0.22209119166900942,0.22773089736757257,0.23351661698578532,0.23945235617253208,0.24554224884439102,0.25179056279209144,0.2582017056485389,0.2647802312499846,0.271530846425332,0.2784584182523663,0.28556798182398885,0.292864748572444,0.3003541152049587,0.30804167331055016,0.31593321970479954,0.3240347675875651,0.3323525585978488,0.3408930758606743,0.34966305813307064,0.35866951517033113,0.36791974444998254,0.3774213494098163,0.3871822593781918,0.39721075140048884,0.4075154741954863,0.41810547451060937,0.4289902261864645,0.4401796622901021,0.4516842107347067,0.4635148338729275,0.47568307263432336,0.4882010958776148,0.5010817557496956,0.5143386499907249,0.5279861923047996,0.5420396921371593,0.5565154454727816,0.5714308386121512,0.586804467307121,0.6026562741790438,0.6190077080270477,0.635881909513806,0.65330392885377,0.6713009826144968,0.6899027587015665,0.7091417812113614,0.7290538503634354,0.7496785775460953,0.7710600421931117,0.793247606618419,0.8162969384045694,0.8402713095829044,0.8652432710855366,0.8912968454976146,0.9185304507867657,0.9470608798231798,0.9770288472168073,1.0,1.0,1.0,1.0,1.0,1.0,1.0,1.0,1.0,1.0,0.9844707294844774,0.9541326188810311,0.9252702845754393,0.8977361862735986,0.8714083569457511,0.8461843708402065,0.8219770429623745,0.7987112865275708,0.7763217671517165,0.7547511189020214,0.7339485652119433,0.7138688371458034,0.6944713137855887,0.6757193310853747,0.6575796202612648,0.6400218470252919,0.6230182302184835,0.6065432236074023,0.5905732484067711,0.5750864668969007,0.5600625896029002,0.5454827100891385,0.5313291626344777,0.5175853989885818
21.482,0.06507621470304757,0.06671475885964492,0.0683946261989607,0.0701168640343319,0.07188254662422862,0.07369277589669716,0.07554868219571015,0.07745142505023442,0.07940219396691586,0.08140220924732201,0.08345272283071838,0.08555501916342124,0.08771041609583825,0.08992026580833391,0.09218595576718834,0.09450890971190483,0.09689058867529499,0.0993324920377752,0.10183615861744293,0.10440316779757505,0.10703514069331888,0.10973374135944629,0.1125006780411365,0.11533770446996156,0.11824662120728242,0.12122927703753131,0.1242875704139262,0.1274234509594066,0.13063892102574973,0.13393603731403725,0.13731691255989376,0.14078371728713676,0.14433868163377828,0.14798409725460984,0.15172231930490693,0.15555576851017677,0.1594869333272181,0.16351837220222434,0.1676527159320863,0.1718926701355778,0.17624101784166024,0.18070062220272995,0.18527442934132643,0.1899654713395383,0.19477686938114452,0.19971183705744863,0.2047736838487076,0.20996581879419193,0.21529175436506473,0.2207551105556595,0.22635961921016132,0.23210912860340085,0.23800760829624862,0.24405915428818784,0.2502679944919087,0.25663849455731624,0.26317516407522257,0.26988266319422394,0.27676580968783254,0.28382958651307044,0.291079149906305,0.2985198380673215,0.3061571804885571,0.31399690799309815,0.32204496355277545,0.3303075139663216,0.33879096248768614,0.3475019625059815,0.3564474323918106,0.36563457163998536,0.3750708784562422,0.38476416895612964,0.394722598168043,0.4049546830603116,0.4154693278448951,0.4262758518487441,0.4373840202892416,0.4488040783440523,0.4605467889697376,0.47262347500017177,0.48504606614777795,0.49782715164166463,0.5109800393713774,0.5245188225691018,0.5384584552643625,0.5528148379933239,0.5676049155525367,0.5828467889713519,0.5985598443605133,0.6147649019068658,0.6314843890660923,0.6487425430126339,0.6665656487149682,0.6849823207224267,0.7040238390284081,0.7237245524314183,0.7441223669667231,0.7652593426950238,0.7871824301149071,0.8099443887919385,0.8336049471585372,0.8582322865406308,0.8839049687534247,0.9107144825895663,0.9387686733014258,0.9681964644582576,0.9991545280284889,1.0,1.0,1.0,1.0,1.0,1.0,1.0,1.0,1.0,1.0,0.9692289574524795,0.9397516008675695,0.9116526993863382,0.8848025042162966,0.8590925361133719,0.834430809542138,0.8107383668076638,0.7879467063644295,0.7659958373444784,0.7448327825844867,0.7244104092752399,0.7046865031699417,0.6856230267201296,0.6671855180819053,0.6493425994012275,0.6320655708611995,0.6153280727522712,0.5991058020221309,0.5833762728502557,0.5681186130932839,0.5533133901817497,0.5389424613697655,0.5249888442553642
21.763,0.0646954819335238,0.06632440982541038,0.06799441606559221,0.06970654158209558,0.07146185406979468,0.07326144870899447,0.07510644890564856,0.07699800705400965,0.0789373053226327,0.08092555646460857,0.08296400465299818,0.08505392634252551,0.0871966311585502,0.08939346281450071,0.09164580005895162,0.09395505765363735,0.09632268738373603,0.09875017910186304,0.10123906180730015,0.10379090476207077,0.10640731864557272,0.10908995674959607,0.1118405162156879,0.1146607393169123,0.11755241478622129,0.12051737919380684,0.12355751837595826,0.12667476891807858,0.1298711196948176,0.13314861347033902,0.1365093485620806,0.13995548057155047,0.14348922418597718,0.14711285505491717,0.15082871174624915,0.15463919778629825,0.15854678378924247,0.16255400968131653,0.16666348702580813,0.17087790145531445,0.17520001521824774,0.1796326698471882,0.1841787889572994,0.18884138118374355,0.19362354326780545,0.1985284633022761,0.20355942414762854,0.20871980703149917,0.21401309534521776,0.21944287865233736,0.2250128569255764,0.23072684503014987,0.23658877747320353,0.24260271344103745,0.2487728421479745,0.2551034885231687,0.2615991192643685,0.2682643492907076,0.27510394863006987,0.28212284978039,0.289326155588658,0.2967191476963435,0.3043072956055031,0.3120962664262534,0.32009193537345393,0.328300397088736,0.336727977873434,0.3453812489287581,0.35426704071199455,0.36339245853182706,0.37276489952239683,0.38239207115493296,0.3922820114680306,0.40244311122370435,0.4128841382267616,0.4236142640807677,0.4346430936960654,0.44598069791509687,0.45763764967957304,0.46962506423464034,0.48195464394990545,0.49463872843906753,0.5076903507832115,0.5211233008127014,0.5349521965858588,0.5491925654278651,0.5638609361719474,0.5789749445917238,0.5945534544481799,0.6106166971233801,0.6271864335108444,0.6442861427274681,0.6619412433697679,0.6801793545494786,0.6990306059386504,0.7185280087156382,0.7387079028952243,0.7596105014367512,0.7812805583325119,0.8037681974636173,0.8271299527338732,0.8514300900089966,0.8767423111942645,0.9031519862005366,0.9307591295718192,0.9596824529279551,0.9900650148818361,1.0,1.0,1.0,1.0,1.0,1.0,1.0,1.0,1.0,1.0,0.9844052976038554,0.9543009851295581,0.9256276690204809,0.8982472500950336,0.8720447936083767,0.8469232220458531,0.8227994909005417,0.7996017684804503,0.7772673138915756,0.755740851950362,0.7349733091021569,0.7149208164022567,0.6955439132880229,0.6768069045276333,0.658677335567364,0.6411255604935235,0.6241243832324183,0.6076487572453481,0.5916755323730847,0.5761832400070863,0.5611519096599789,0.5465629114471158,0.5323988200949993
22.043,0.0643212874962206,0.06594076512957701,0.06760108057061782,0.06930326847923392,0.07104839010756557,0.07283753401284877,0.07467181679165742,0.07655238383632335,0.07848041011442117,0.08045710097217235,0.08248369296276181,0.0845614547005484,0.08669168774221399,0.08887572749598736,0.09111494416011123,0.09341074369180512,0.095764568808045,0.09817790001955917,0.10065225669953103,0.1031891981885873,0.10579032493774358,0.10845727969109673,0.11119174871016556,0.11399546304188819,0.11687019983244695,0.1198177836892142,0.12284008809328249,0.1259390368651947,0.12911660568669237,0.13237482368149298,0.13571577505830926,0.13914160081958593,0.14265450053965148,0.14625673421628146,0.14995062419997776,0.15373855720555984,0.1576229864110747,0.1616064336493786,0.16569149169819827,0.1698808266749415,0.1741771805430317,0.1785833737371171,0.1831023079151115,0.18773696884570443,0.19249042944073178,0.19736585294260825,0.20236649627793468,0.20749571358939675,0.21275695995917387,0.218153795338293,0.22368988869774503,0.22936902241864962,0.2351950969404674,0.24117213568809617,0.24730429030077983,0.2535958461880831,0.2600512284407679,0.26667500812735795,0.2734719090103859,0.2804468147200873,0.28760477642735227,0.2949510210625187,0.30249096013183063,0.3102301991894427,0.3181745480296561,0.3263300316718712,0.33470290221963866,0.34329965168536464,0.3521270258839263,0.36119203951188045,0.37050199254449856,0.38006448810081833,0.38988745194775254,0.3999791538386131,0.41034823090976735,0.42100371339245735,0.43195505293594605,0.4432121538844182,0.45478540790489996,0.46668573242875727,0.47892461344736625,0.4915141532963455,0.5044671241758351,0.517797028291552,0.5315181656686294,0.5456457108953328,0.5601958003066421,0.5751856314315424,0.5906335769197733,0.6065593156568537,0.6229839844009175,0.6399303540728744,0.6574230358593911,0.6754887236244718,0.6941564808796389,0.7134580828899042,0.7334284276153993,0.7541060334305444,0.7755336474032144,0.7977589960763957,0.8208357222803634,0.8448245682459532,0.8697948899637556,0.8958266249000159,0.9230128925486126,0.951463498332241,0.9813097604368218,1.0,1.0,1.0,1.0,1.0,1.0,1.0,1.0,1.0,1.0,0.999663854574331,0.9689201096684288,0.9396623790258841,0.9117435942923736,0.88504193127115,0.8594549080393593,0.8348951632065257,0.8112873621577413,0.7885658819764466,0.7666730470764288,0.7455577626671385,0.7251744410583346,0.7054821471532555,0.6864439104808623,0.668026165486408,0.6501982918168111,0.6329322334406715,0.6162021805583242,0.599984301993809,0.5842565185253937,0.5689983096815913,0.5541905480970826,0.5398153567218729
22.324,0.06395344868209148,0.06556363738939927,0.06721442753400414,0.068906847621273,0.07064195257775562,0.07242082445844399,0.07424457317520476,0.07611433724711333,0.07803128457358341,0.07999661323114209,0.08201155229479841,0.08407736268498157,0.08619533804107676,0.08836680562267474,0.09059312723964548,0.0928757002123339,0.09521595836308507,0.09761537304054403,0.10007545417813199,0.1025977513882819,0.10518385509404729,0.1078353976998384,0.11055405480314309,0.11334154644918701,0.11619963843067377,0.11913014363481576,0.12213492344005948,0.1252158891650965,0.12837500357283663,0.13161428243234388,0.13493579614182566,0.13834167141604664,0.14183409304181566,0.1454153057053821,0.14908761589593206,0.15285339388969035,0.15671507581943048,0.16067516583463823,0.16473623835793397,0.16890094044385395,0.17317199424653232,0.17755219960343868,0.1820444367428431,0.18665166912339623,0.19137694641489014,0.1962234076300698,0.20119428441824408,0.20629290453238083,0.2115226954824613,0.21688718838901277,0.22239002205206573,0.22803494725221096,0.2338258313020295,0.23976666286795537,0.2458615570846388,0.25211476098604785,0.25853065928008195,0.26511378049620393,0.2718688035387218,0.2788005646818902,0.28591406504687056,0.29321447860511596,0.3007071607577161,0.3083976575459854,0.3162917155549875,0.3243952925791329,0.3327145691273037,0.34125596085462434,0.3500261320189898,0.35903201007309227,0.3682808015173436,0.3777800091558731,0.3875374509173716,0.3975612804253009,0.40786000952843804,0.41844253303385004,0.42931815592076217,0.44049662335685424,0.45198815388930774,0.46380347624340756,0.47595387023360464,0.488451212378367,0.5013080269141824,0.5145375430299791,0.5281537592963145,0.5421715164508369,0.5566065799317003,0.5714757338353165,0.5867968883293462,0.6025892029961638,0.6188732291431188,0.6356710748297529,0.6530065972779407,0.6709056285161221,0.6893962416572468,0.7085090672536938,0.7282776718993945,0.7487390149315062,0.7699340041203391,0.7919081782221921,0.8147125541101483,0.8384046902949132,0.8630500392230351,0.8887236913987691,0.9155126611296943,0.9435189368750525,0.9728636371459877,1.0,1.0,1.0,1.0,1.0,1.0,1.0,1.0,1.0,1.0,1.0,0.9836107210196506,0.9537581641456256,0.9252925721425678,0.898084762427593,0.872026513447678,0.8470259015835291,0.823003906034131,0.7998918825093547,0.7776296473828311,0.7561640003199988,0.7354475680227693,0.7154378872374239,0.696096668812448,0.6773892006755166,0.6592838587536027,0.6417517027335623,0.6247661392066177,0.6083026388482855,0.5923384973141552,0.5768526317926217,0.56182540686207,0.5472384846015313
22.604,0.06359178973975257,0.06519284635954939,0.06683427209778887,0.06851708941549618,0.07024234702721649,0.07201112060287106,0.07382451349046454,0.07568365746052948,0.0775897134730525,0.07954387246778369,0.0815473561788455,0.08360141797459408,0.08570734372373179,0.0878664526888049,0.09008009844813822,0.0923496698474567,0.09467659198246213,0.09706232721368509,0.09950837621504575,0.10201627905763973,0.10458761633034633,0.10722401029896907,0.10992712610570982,0.1126986730109143,0.11554040567915319,0.11845412551179654,0.12144168202846684,0.12450497429982677,0.12764595243439317,0.13086661912222708,0.13416903123855842,0.13755530151062,0.14102760025121935,0.14458815716280027,0.1482392632160819,0.15198327260761052,0.15582260480094387,0.1597597466565166,0.1637972546556735,0.1679377572247279,0.17218395716546847,0.17653863419897295,0.1810046476302219,0.18558493914159663,0.19028253572406095,0.19510055275556365,0.20004219723705635,0.20511077119742482,0.21030967527966293,0.21564241252175567,0.22111259234693326,0.22672393477941638,0.2324802749032464,0.23838556758353316,0.2444438924713168,0.25065945931543154,0.2570366136070224,0.2635798425851113,0.27029378163453005,0.2771832211108547,0.284253113630793,0.2915085818706285,0.2989549269201535,0.3065976372449214,0.31444239831574045,0.32249510297138284,0.33076186258832657,0.3392490191405086,0.3479631582424078,0.35691112328069874,0.3661000307534819,0.3755372869519016,0.3852306061373271,0.39518803038856665,0.40541795131839037,0.4159291338876285,0.42673074257912497,0.4378323702338036,0.449244069898418,0.4609763900905494,0.47304041395319574,0.4854478028511135,0.49821084505693597,0.511342510290843,0.5248565110179858,0.538767371579024,0.5530905064391617,0.5678423091000252,0.5830402535401839,0.5987030104517772,0.6148505810460668,0.6315044518413294,0.6486877746651009,0.6664255771576513,0.6847450104355152,0.7036756423756687,0.7232498073724838,0.7435030266302225,0.7644745174180123,0.78620781572658,0.8087515451720093,0.8321603769352013,0.8564962427998777,0.8818298888326082,0.9082428956678914,0.9358303507320274,0.9647044520707283,0.9949994781408755,1.0,1.0,1.0,1.0,1.0,1.0,1.0,1.0,1.0,1.0,0.9983746447407527,0.9679164129466215,0.9388952564452882,0.9111741269682403,0.8846387033326067,0.8591922378664759,0.8347518290796432,0.8112456641199408,0.788610938111566,0.7667922568383493,0.7457403915731494,0.7254112950798389,0.7057653144252434,0.6867665542379738,0.6683823564708137,0.6505828714483977,0.6333407012120806,0.6166306006892056,0.6004292255312056,0.584714917932646,0.5694675236002996,0.5546682344536795
22.885,0.06323614154537122,0.06482821859337204,0.0664604363784498,0.06813381142417778,0.06984938634330654,0.0716082305343072,0.0734114408985441,0.07526014257893787,0.07715548972085672,0.07909866625613043,0.08109088671106293,0.08313339703939687,0.08522747548122801,0.08737443344891992,0.08957561644112559,0.09183240498610311,0.09414621561554937,0.09651850187028915,0.09895075533919417,0.10144450673282658,0.1040013269933558,0.10662282844245177,0.10931066596887114,0.11206653825768353,0.11489218906309509,0.11778940852703536,0.12076003454579287,0.123805954187103,0.1269291051603485,0.13013147734259548,0.13341511436348985,0.13678211525218845,0.14023463614975018,0.1437748920906678,0.1474051588574808,0.15112777491272222,0.15494514341275645,0.1588597343084442,0.16287408653791915,0.1669908103172282,0.1712125895350009,0.17554218425784687,0.17998243335372124,0.18453625724111059,0.18920666077253934,0.19399673626165478,0.19890966666392504,0.2039487289218976,0.20911729748691316,0.21441884803029954,0.2198569613582005,0.2254353275455892,0.2311577503064263,0.23702815161861263,0.24305057662414703,0.2492291988269721,0.2555683256132395,0.2620724041212328,0.26874602749105997,0.2755939415273593,0.2826210518118875,0.28983243130682557,0.2972333284942277,0.30482917610213833,0.3126256004737535,0.3206284316425596,0.3288437141839707,0.33727771892249214,0.34593695558331583,0.35482818648844755,0.36395844141045075,0.3733350337117583,0.3829655779147683,0.39285800886790034,0.4030206026960777,0.4134619997511605,0.4241912298096647,0.43521773980235884,0.4465514244043912,0.4582026598665634,0.47018234153037824,0.48250192554323756,0.4951734753787737,0.5082097138739021,0.5216240816232213,0.5354308027283733,0.5496449590919527,0.5642825746817256,0.5793607114831713,0.5948975792223488,0.6109126613976288,0.6274268607353478,0.6444626679184987,0.6620443583795597,0.6801982231684265,0.6989528415009425,0.7183394046992987,0.7383921040471941,0.7591485988817553,0.7806505864444546,0.8029445022324672,0.8260823897699301,0.8501229933136023,0.8751331483326321,0.901189576416682,0.9283812398481665,0.9568124872287043,0.9866073445277007,1.0,1.0,1.0,1.0,1.0,1.0,1.0,1.0,1.0,1.0,1.0,0.9821385709729153,0.9525527594326402,0.9243108926056758,0.8972921627135941,0.8713947184130408,0.8465315709651404,0.8226275834097545,0.7996172105016475,0.7774427715504452,0.7560531094670779,0.7354025348997172,0.7154499842988972,0.6961583408957018,0.6774938814034814,0.6594258209207192,0.6419259353857638,0.6249682458956854,0.6085287528334234,0.5925852104401489,0.5771169344898546,0.5621046372552412
23.165,0.06288634129098228,0.06446958712304086,0.06609274913867623,0.06775683802774954,0.06946289040816701,0.07121196951720335,0.07300516592330432,0.07484359825908934,0.07672841397636901,0.07866079012401157,0.0806419341495286,0.0826730847253297,0.08475551260060273,0.08689052147986644,0.08907944892928356,0.0913236673118783,0.09362458475288349,0.09598364613651235,0.09840233413550185,0.10088217027489513,0.10342471603159435,0.10603157397129516,0.10870438892457276,0.11144484920392174,0.11425468786375134,0.11713568400538812,0.12008966412935196,0.12311850353724837,0.12622412778585557,0.12940851419608077,0.13267369341973279,0.1360217510671921,0.1394548293993258,0.14297512908724158,0.1465849110436848,0.15028649833025576,0.15408227814485023,0.1579747038941341,0.16196629735619392,0.16605965093893316,0.17025743004021346,0.17456237551624254,0.17897730626522892,0.18350512193390736,0.18814880575519002,0.19291142752590446,0.19779614673432303,0.20280621584808733,0.20794498377404788,0.2132158995025592,0.2186225159499681,0.22416849401426256,0.22985760686027648,0.23569374445240424,0.24168091835454564,0.2478232668188942,0.25412506018738235,0.26059070663201944,0.2672247582630243,0.27403191763671536,0.28101704469853783,0.2881851642003962,0.29554147363583094,0.3030913517414336,0.3108403676184039,0.31879429053446817,0.32695910047345517,0.3353409995079854,0.34394642407997433,0.3527820582843331,0.3618548482633633,0.37117201783349185,0.3807410854821254,0.3905698828912292,0.4006665751660386,0.4110396829727085,0.42169810681839937,0.43265115374218904,0.44390856672613954,0.45548055718435587,0.46737784094532614,0.47961167821133227,0.49219391806059254,0.5051370481562542,0.5184542504451758,0.5321594637736864,0.5462674545234418,0.5607938965863453,0.5757554622638436,0.5911699260066933,0.6070562833246947,0.6234348877163884,0.6403276091287899,0.6577580183011908,0.6757516024353197,0.6943360190503229,0.7135413967422952,0.7334006940402725,0.7539501308722889,0.7752297116739875,0.7972838654037357,0.8201622364493112,0.843920672816414,0.8686224759533866,0.8943400031012528,0.9211567531280919,0.9491701288339287,0.9784951674551092,1.0,1.0,1.0,1.0,1.0,1.0,1.0,1.0,1.0,1.0,1.0,0.9964261441428064,0.9662662348722618,0.9374959562102746,0.9099875974348998,0.8836339046773756,0.858343582448232,0.8340380052156282,0.810648761971166,0.7881157884624914,0.7663859230320975,0.7454117736602925,0.7251508175359491,0.7055646770226482,0.6866185312791168,0.6682806335021708,0.6505219113411076,0.6333156334830494,0.6166371293840263,0.6004635520579854,0.5847736760327825,0.569547724243452
23.446,0.06254223219005912,0.06411679115745733,0.06573104547736287,0.0673860001066651,0.06908268577223316,0.0708221596571869,0.07260550610741151,0.07443383735907587,0.07630829428789511,0.0782300471810017,0.08020029653228321,0.0822202738620684,0.0842912425621762,0.08641449876728545,0.08859137225373097,0.0908232273668627,0.09311146397810835,0.09545751847307819,0.0978628647719957,0.10032901538388862,0.10285752249605057,0.10544997910036628,0.10810802015819058,0.11083332380558385,0.11362761260083742,0.11649265481631094,0.11943026577677877,0.12244230924658758,0.12553069886813098,0.12869739965426574,0.13194442953752966,0.13527386097916605,0.13868782264124419,0.14218850112532083,0.14577814278142825,0.14945905559136383,0.15323361113065187,0.1571042466137914,0.16107346702783126,0.1651438473596565,0.16931803492284106,0.17359875179035844,0.17798879733996756,0.18249105091966625,0.18710847464119784,0.19184411631030115,0.1967011125031139,0.2016826917989868,0.20679217818085247,0.21203299461530267,0.21740866682561907,0.22292282727224866,0.22857921935653672,0.23438170186506313,0.24033425367357783,0.2464409787313834,0.2527061113491206,0.2591340218151649,0.26572922236848945,0.272496373558703,0.2794402910272223,0.2865659527472402,0.29387850676418503,0.30138327948309585,0.3090857845545255,0.3169917324165856,0.32510704055746553,0.3334378445704931,0.3419905100825756,0.35077164564690483,0.35978811670232025,0.3690470607150348,0.3785559036336208,0.38832237780589496,0.3983545415267923,0.40866080041018576,0.41924993080538475,0.4301311055116948,0.4413139220826675,0.45280843405683124,0.464625185505216,0.4767752493495312,0.4892702699807845,0.5021225107991375,0.5153449074055126,0.5289511273081807,0.5429556371692074,0.5573737788133223,0.5722218554650876,0.5875172299815502,0.6032784372229624,0.6195253131752263,0.6362791440331027,0.6535628392115581,0.6714011332266236,0.6898208226491889,0.7088510459862323,0.728523616526146,0.7488734211010476,0.7699389016632368,0.7917626419774653,0.8143920892421318,0.8378804510555679,0.8622878233691029,0.8876826273485725,0.914143466360927,0.9417615652404716,0.9706440340070012,1.0,1.0,1.0,1.0,1.0,1.0,1.0,1.0,1.0,1.0,1.0,1.0,0.9800368803182601,0.9507302452303499,0.9227257350822857,0.8959103738135918,0.8701883257774374,0.8454773028844456,0.8217058963065943,0.7988115563906096,0.7767390372586692,0.7554391811349448,0.7348679554092636,0.7149856806790738,0.6957564051426655,0.6771473925787852,0.65912869950741,0.641672823112813,0.6247544058600005,0.6083499859389396,0.5924377850592727,0.5769975269190101
23.727,0.06220366319929201,0.06376967579674617,0.0653751665366529,0.06702113474075923,0.0687086053457174,0.07043862958441927,0.07221228568735807,0.07403067960476256,0.07589494575026656,0.07780624776693552,0.07976577931647222,0.0817747648925498,0.08383446065915136,0.085946155314968,0.08811117098487721,0.09033086413960978,0.09260662654478591,0.09493988624057,0.09733210855322183,0.0997847971399725,0.10229949506868143,0.10487778593382274,0.10752129501049411,0.110231690448181,0.11301068450617899,0.11586003483264214,0.11878154578942123,0.12177706982492859,0.12484850889747853,0.1279978159516667,0.1312269964505838,0.13453810996679313,0.1379332718352638,0.1414146548716589,0.14498449115960843,0.14864507391089626,0.1523987594027773,0.15624796899693025,0.16019519124494724,0.16424298408560256,0.1683939771395731,0.17265087410774124,0.1770164552796979,0.18149358015960596,0.18608519021719033,0.19079431177226955,0.1956240590219565,0.20057763722046165,0.2056583460222902,0.2108695830005988,0.21621484735351412,0.2216977438124457,0.2273219867676377,0.2330914046277415,0.23900994443173024,0.24508167673325976,0.2513108007796116,0.25770165000950646,0.2642586978965873,0.2709865641681277,0.27789002143162966,0.2849740022454506,0.2922436066735297,0.2997041103687104,0.30736097323415207,0.3152198487179838,0.3232865938027795,0.3315672797587286,0.34006820373770447,0.34879590129496996,0.3577571599361237,0.36695903379940575,0.3764088595979465,0.38611427396311765,0.3960832323494647,0.4063240296840985,0.4168453229694851,0.4276561560791431,0.4387659870215296,0.45018471798956466,0.46192272856312006,0.4739909124908727,0.4864007185484838,0.4991641960543201,0.5122940457254151,0.5258036766787704,0.539707270531864,0.5540198537377171,0.5687573795126312,0.5839368209898029,0.5995762775737516,0.6156950968979852,0.6323140153267556,0.6494553206251992,0.6671430412964912,0.6854031682130316,0.7042639156383284,0.7237560306694399,0.7439131627001835,0.7647723079624129,0.7863743489112268,0.8087647147209339,0.8319941982692836,0.8561199779661126,0.8812069116077292,0.9073291972958106,0.9345725386120619,0.9630370166398596,0.9928409758051876,1.0,1.0,1.0,1.0,1.0,1.0,1.0,1.0,1.0,1.0,1.0,0.9938659395229454,0.9640147192033504,0.9355073259527624,0.908224719310936,0.8820662751156826,0.8569458585599435,0.832788923859699,0.8095303290976872,0.787112660896314,0.7654849299754063,0.7446015414108429,0.7244214716467673,0.7049076033820939,0.6860261825897002,0.6677463711436034,0.6500398751028701,0.6328806334596799,0.616244555651383,0.6001092987319,0.584454077049271
24.007,0.06187048875553176,0.06342809176235635,0.06502495922497444,0.06666208492503947,0.0683404881069405,0.07006121415428959,0.07182533528626245,0.07363395127447782,0.0754881901812043,0.07738920911966085,0.07933819503728153,0.08133636552279813,0.08338496963807955,0.08548528877570788,0.08763863754332392,0.08984636467581815,0.09210985397653351,0.09443052528868257,0.09680983549828207,0.09924927956993909,0.10175039161697443,0.10431474600736627,0.10694395850718576,0.10963968746320835,0.11240363502658189,0.11523754841946326,0.11814322124672723,0.121122494854983,0.12417725974121256,0.1273094570136172,0.1305210799073375,0.133814175357953,0.13719084563583084,0.14065325004467757,0.14420360668781482,0.14784419430600318,0.15157735419093352,0.15540549217876037,0.1593310807284567,0.1633566610900832,0.16748484556849907,0.17171831988845604,0.1760598456675148,0.18051226300374795,0.18507849318574812,0.18976154153311536,0.19456450037628262,0.19949055218529302,0.20454297285799772,0.2097251351790604,0.21504051246216752,0.22049268238899544,0.22608533105971365,0.23182225727120445,0.23770737704070258,0.24374472839427913,0.24993847644148826,0.2562929187596174,0.2628124911133473,0.2695017735382885,0.27636549681979233,0.2834085494018149,0.2906359847643104,0.29805302931187494,0.30566509082112275,0.313477767499636,0.3214968577154854,0.3297283704631979,0.3381785366400031,0.3468538212151635,0.3557609363855209,0.364906855822259,0.37429883012743786,0.38394440363459953,0.39385143270588635,0.4040281056991893,0.414482964803338,0.42522492996800715,0.4362633251885093,0.4476079074450986,0.4592688986428977,0.47125702095369837,0.48358353602639087,0.49626028861109334,0.5092997552359168,0.5227150986885705,0.5365202291920669,0.5507298733307934,0.565359651987602,0.5804261688042779,0.595947110989589,0.6119413646879747,0.62842914761019,0.6454321622447894,0.6629737737565642,0.6810792176899846,0.699775843908158,0.7190934049164349,0.7390643989936475,0.7597244815961953,0.781112962619821,0.8032734127563613,0.8262544100500201,0.85011046888085,0.8749032096033221,0.9007028505267677,0.9275901390569173,0.9556588926964051,0.9850194054703181,1.0,1.0,1.0,1.0,1.0,1.0,1.0,1.0,1.0,1.0,1.0,1.0,0.9773503713653826,0.9483331440812086,0.9205775516627177,0.8939779169842851,0.8684440634821811,0.8438981617524152,0.8202723654353175,0.7975070065530626,0.7755491957821371,0.7543517213020836,0.7338721714652243,0.7140722277546286,0.6949170890463156,0.6763749983523295,0.6584168504378932,0.641015863910466,0.6241473051850351,0.6077882545499426,0.5919174066714996
24.288,0.06154256852698824,0.06309189514177449,0.0646802759551001,0.06630869930090982,0.06797817882650646,0.06968975416432382,0.07144449162334146,0.07324348490083767,0.07508785581524668,0.07697875506089513,0.078917362985435,0.08090489039084872,0.08294257935893856,0.08503170410224943,0.08717357184145468,0.08936952371026705,0.09162093568899453,0.09392921956795611,0.09629582394199276,0.09872223523743771,0.10120997877293647,0.10376061985563237,0.10637576491431143,0.10905706267117826,0.11180620535409483,0.11462492995115349,0.11751501950965894,0.12047830448166026,0.1235166641183594,0.12663202791586603,0.12982637711493583,0.13310174625750681,0.13646022480306566,0.1399039588080637,0.14343515267186757,0.14705607095293716,0.15076904025925997,0.15457645121730762,0.15848076052415586,0.16248449308772991,0.16659024426055608,0.17080068217279426,0.1751185501708163,0.17954666936807376,0.18408794131560435,0.18874535080005578,0.19352196877786118,0.19842095545488564,0.2034455635216747,0.20859914155534767,0.2138851376001531,0.2193071029397826,0.22486869607576493,0.23057368692754882,0.2364259612714306,0.24242952543704277,0.24858851128200812,0.25490718146736124,0.26138993505861197,0.2680413134798871,0.27486600685137225,0.2818688607435111,0.2890548833849681,0.29642925336538684,0.30399732787851663,0.311764651556428,0.3197369659513212,0.3279202197280468,0.3363205796379564,0.34494444235324895,0.3537984472507637,0.36288949024536904,0.3722247387859634,0.38181164814194646,0.3916579791251264,0.40177181741187207,0.4121615946534035,0.422836111588972,0.43380456340813206,0.4450765676452457,0.4566621949327964,0.46857200299156465,0.4808170742967114,0.49340905793163053,0.5063602162285485,0.5196834768996679,0.5333924914893158,0.5475017011314876,0.5620264107850476,0.5769828733497384,0.5923883853512844,0.6082613962384964,0.6246216337791032,0.6414902486005826,0.658889981633015,0.6768453591211656,0.6953829210487523,0.7145314903507435,0.7343224923082429,0.7547903362077222,0.7759728749653517,0.7979119633531923,0.8206541422894978,0.8442514862369006,0.8687626644267965,0.8942542865033443,0.9208026326579802,0.948495913042118,0.9774372708213642,1.0,1.0,1.0,1.0,1.0,1.0,1.0,1.0,1.0,1.0,1.0,1.0,0.9907382303670289,0.9612039883280159,0.9329694990712186,0.905923750728646,0.8799723183003794,0.8550339340901137,0.8310379294910802,0.8079222907983401,0.7856321571769531,0.7641186431655163,0.7433379034688216,0.7232503814136652,0.7038201985519049,0.6850146540943186,0.6668038107799433,0.6491601494766959,0.6320582789568315,0.615474690353773,0.5993875480961662
24.568,0.06121976717780085,0.06276094714696571,0.06434097439628578,0.0659608319018164,0.06762152780630665,0.0693240960863642,0.07106959723905183,0.07285911898863252,0.07469377701420583,0.07657471569899432,0.07850310890209086,0.08048016075352898,0.08250710647357366,0.08458521321714375,0.08671578094442871,0.08890014331867593,0.09113966863231257,0.09343576076254358,0.09578986015767688,0.09820344485548593,0.10067803153498935,0.10321517660312682,0.10581647731789427,0.10848357294958744,0.11121814598191838,0.11402192335486803,0.11689667775129449,0.11984422892938168,0.12286644510321912,0.12596524437391324,0.1291425962138198,0.13240052300663085,0.13574110164630004,0.13916646519792247,0.14267880462398327,0.14628037057958448,0.1499734752805564,0.15376049444863077,0.1576438693381848,0.1616261088493927,0.16570979173302264,0.169897568892496,0.1741921657892925,0.17859638495829133,0.18311310864012628,0.18774530153827992,0.19249601370924618,0.1973683835948225,0.20236564120636635,0.20749111147170357,0.21274821775634745,0.2181404855717089,0.22367154648414403,0.22934514223998287,0.23516512912306564,0.2411354825629365,0.24726030201354565,0.25354381612431265,0.25999038822752657,0.2666045221685312,0.27339086850783373,0.28035423112733326,0.2874995742762603,0.2948320300963099,0.3023569066697359,0.31007969663907947,0.31800608645276124,0.3261419662970155,0.3344934407817922,0.34306684045637237,0.3518687342397138,0.36090594286117883,0.3701855534194538,0.37971493518149463,0.3895017567595277,0.3995540048227969,0.40988000452253437,0.4204884418338401,0.43138838804775326,0.4425893266813528,0.45410118311447045,0.465934357309637,0.47809976002882326,0.4906088530283152,0.5034736937940661,0.5167069854770298,0.5303221328052787,0.5443333048917839,0.5587555060298754,0.5736046557805355,0.5888976799170147,0.60465261411637,0.6208887226919244,0.6376266351689036,0.6548885041489012,0.6726981887297954,0.6910814688041208,0.7100662969304976,0.7296830962708838,0.7499651154685505,0.7709488545330887,0.7926745801268975,0.8151869545955408,0.838535811377671,0.8627771211781716,0.8879742102231385,0.9141993168032163,0.9415356096819867,0.970079849425315,0.9999459645482291,1.0,1.0,1.0,1.0,1.0,1.0,1.0,1.0,1.0,1.0,1.0,1.0,0.9741206835322761,0.9454012081909927,0.9179042890069768,0.8915310333998663,0.866196572183665,0.841827290741402,0.818358734269453,0.7957339958779893,0.7739024574580885,0.752818792825013,0.7324421689363652,0.7127355988217,0.6936654122031024,0.6752008184793047,0.6573135429676684,0.6399775218168913,0.623168644329322,0.6068645339103015
24.849,0.0609019541451607,0.06243511388569797,0.0640069172396448,0.06561834191251072,0.06727039063247939,0.06896409181304723,0.07070050023490856,0.07248069774781835,0.07430579399311242,0.07617692714766588,0.07809526469010089,0.0800620041900495,0.08207837412138037,0.08414563470031033,0.0862650787493741,0.08843803258829368,0.09066585695283177,0.09294994794278108,0.09529173800029604,0.09769269691987824,0.10015433289134738,0.1026781935772628,0.10526586722630642,0.10791898382427978,0.11063921628439956,0.11342828167877031,0.11628794251293692,0.11922000804563765,0.1222263356559495,0.1253088322601734,0.12846945578101823,0.1317102166717328,0.13503317949810414,0.1384404645813687,0.14193424970536422,0.14551677189146414,0.14919032924505596,0.15295728287769988,0.15682005890930942,0.16078115055509673,0.1648431203023682,0.16900860218264172,0.17328030414501297,0.1776610105371644,0.18215358470090323,0.18676097168975586,0.19148620111666953,0.19633239014065418,0.2013027466018861,0.2064005723156584,0.21162926653645547,0.21699232960446818,0.2224933667879424,0.22813609233601348,0.2339243337580516,0.2398620363470112,0.24595326796603068,0.2522022241193437,0.25861323333066283,0.26519076285455834,0.2719394247489032,0.27886398233942533,0.28596935711061844,0.29326063606101505,0.3007430795648744,0.30842212978708483,0.31630341970329834,0.32439278278334144,0.33269626340269126,0.3412201280545565,0.34997087744391636,0.35895525955489554,0.3681802837944774,0.3776532363287303,0.38738169674309547,0.39737355617589054,0.4076370370946911,0.41818071490905095,0.4290135416407897,0.44014487190556145,0.45158449149759244,0.4633426489144407,0.4754300902118211,0.48785809764178206,0.5006385326028568,0.5137838835211802,0.5273073193902089,0.5412227498282076,0.5555448926724111,0.570289350324137,0.5854726962991191,0.601112573734205,0.6172278079708953,0.6338385357989671,0.6509663545273362,0.6686344947918064,0.6868680219611715,0.705694072234103,0.7251421311260878,0.7452443641645926,0.766036012435229,0.7875558694315997,0.8098468608666357,0.8329567563140002,0.8569390516907883,0.8818540760999775,0.9077703976876886,0.9347666346035816,0.9629338249804493,0.9923785845186932,1.0,1.0,1.0,1.0,1.0,1.0,1.0,1.0,1.0,1.0,1.0,1.0,0.9870840817354369,0.9578733449131575,0.9299200583034761,0.9031206292439345,0.8773864147807563,0.8526407242102609,0.8288165617818134,0.805854896777101,0.7837033170660503,0.7623149665735935,0.7416476963519713,0.7216633787034543,0.7023273474000457,0.6836079365855424,0.6654760977458224,0.6479050790545982,0.6308701550126178,0.6143483969809013
25.129,0.06058900342822093,0.06211426614496947,0.06367797197592602,0.06528109344103593,0.06692462794144584,0.06860959841771601,0.07033705402711156,0.07210807084066288,0.07392375256069987,0.07578523125960938,0.07769366814060709,0.07965025432133865,0.08165621164119485,0.08371279349323017,0.08582128568167434,0.08798300730603166,0.09019931167285122,0.09247158723628332,0.09480125856863786,0.09718978736218666,0.09963867346355701,0.10214945594213364,0.10472371419395439,0.10736306908272177,0.1100691841195823,0.11284376668350041,0.11568856928412266,0.11860539086916584,0.12159607817850944,0.12466252714726092,0.1278066843603341,0.1310305485610864,0.1343361722168775,0.13772566314457638,0.14120118619918107,0.14476496502906927,0.14841928390154255,0.15216648960266868,0.15600899341569485,0.15994927318262098,0.16398987545390212,0.1681334177316225,0.17238259081187016,0.17674016123258005,0.1812089738335183,0.18579195443571683,0.19049211264821395,0.19531254481064392,0.200256437080954,0.20532706867829514,0.21052781529205367,0.2158621526689472,0.22133366039116453,0.22694602585975943,0.23270304849877246,0.23860864419706096,0.24466685000639052,0.25088182911618734,0.25725787612730006,0.2637994226494129,0.27051104324919134,0.277397461779082,0.2844635581197923,0.29171437537298206,0.29915512754470186,0.306791207764508,0.31462819709026396,0.3226718739543363,0.33092822431332375,0.33940345257084625,0.3481039933512783,0.3570365242118634,0.3662079793916212,0.375625564708003,0.38529677372674265,0.3952294053470273,0.4054315829634631,0.4159117753887404,0.42667881974704663,0.4377419465788265,0.44911080743330983,0.46079550526735474,0.4728066280189688,0.4851552857828765,0.49785315208579767,0.5109125098431481,0.5243463026798229,0.5381681924195503,0.5523926236950881,0.5670348968117092,0.5821112502173148,0.5976389542049811,0.613636417811797,0.630123311300178,0.6471207071390627,0.6646512430756027,0.6827393117479409,0.7014112823975254,0.7206957616797189,0.7406239024623121,0.7612297720101329,0.7825507943201857,0.8046282859449105,0.8275081109376978,0.8512414893522351,0.8758860062176663,0.9015068859617206,0.9281786238542241,0.9559871061082785,0.9850324121140659,1.0,1.0,1.0,1.0,1.0,1.0,1.0,1.0,1.0,1.0,1.0,1.0,1.0,0.9703865951934905,0.941971599467467,0.9147415367314229,0.8886038083069485,0.8634785106340122,0.8392960024430801,0.8159950480197938,0.7935213773614965,0.7718265536670608,0.7508670711708543,0.7306036281985027,0.7110005353097212,0.692025228858796,0.6736478677350766,0.6558409964047968,0.6385792612944097,0.6218391704583872
25.41,0.06028079338810631,0.0617982791858234,0.06335401068500267,0.06494895530271996,0.06658410519825621,0.0682604779269824,0.06997911711313408,0.07174109314220341,0.07354750387357115,0.07539947537419159,0.07729816267404196,0.07924475054420312,0.08124045429837552,0.08328652061877245,0.08538422840731173,0.08753488966310399,0.08973985038731364,0.09200049151646705,0.09431822988541998,0.09669451922118537,0.09913085116895927,0.10162875635174545,0.10418980546499611,0.10681561040790612,0.10950782545294364,0.11226814845544432,0.11509832210507771,0.11800013522122606,0.12097542409437345,0.1240260738757665,0.1271540200177667,0.13036124976745075,0.13364980371623947,0.13702177740845903,0.1404793230120248,0.14402465105458612,0.14766003222877536,0.15138779927043164,0.1552103489139793,0.15913014392944114,0.16314971524591743,0.16727166416673822,0.17149866468188563,0.17583346588375634,0.18027889449278584,0.18483785750002715,0.18951334493432964,0.19430843276241389,0.19922628593085984,0.20427016155976283,0.20944341229870317,0.21474948985658088,0.22019194871792305,0.22577445005941404,0.23150076588165674,0.23737478337257,0.24340050952042389,0.2495820759961806,0.2559237443267955,0.26242991138323396,0.2691051152093872,0.27595404122071115,0.28298152880446364,0.29019257835672474,0.2975923587952141,0.3051862155911453,0.3129796793682086,0.3209784751221631,0.32918853212072313,0.3376159945503964,0.34626723298492573,0.3551488567590394,0.36426772734165064,0.3736309728145448,0.38324600357630706,0.393120529407047,0.4032625780477397,0.4136805154691951,0.42438306803029924,0.43537934675391626,0.4466788739825454,0.4582916127153123,0.4702279989745859,0.48249897760567956,0.4951160419787554,0.5080912781403665,0.5214374140559661,0.5351678746978403,0.5492968438697775,0.5638393338263323,0.5788112639482063,0.5942295499858322,0.6101122056933558,0.6264784590614433,0.643348885841779,0.6607455636679833,0.678692250856707,0.697214594972461,0.7163403775345134,0.7360998029367439,0.7565258418866456,0.7776546426543672,0.7995260274557905,0.8221840968143126,0.8456779724101835,0.8700627197316705,0.8954005073369953,0.9217620821751115,0.9492286741868792,0.97789449497783,1.0,1.0,1.0,1.0,1.0,1.0,1.0,1.0,1.0,1.0,1.0,1.0,1.0,0.9829416659273627,0.9540594682801393,0.9263941975709541,0.8998491071169619,0.8743409366326282,0.8497972897713736,0.8261546410877922,0.8033567962606282,0.7813536850121136,0.7601004024143176,0.7395564384833351,0.7196850524756312,0.700452759781308,0.6818289074293364,0.6637853200540927,0.6462960024248624,0.6293368877801244
25.691,0.05997720655831764,0.06148703254883041,0.06303490983629165,0.06462180081540858,0.06624869248649656,0.06791659710512445,0.06962655285049513,0.07137962451321968,0.0731769042032024,0.07501951207831851,0.07690859709469802,0.07884533777938352,0.08083094302618705,0.08286665291569478,0.08495373956028071,0.08709350797514849,0.08928729697643044,0.09153648010743931,0.09384246659420482,0.09620670233154467,0.09863067090092843,0.10111589462152255,0.1036639356358394,0.10627639703154519,0.10895492400102792,0.11170120504046453,0.11451697319022083,0.11740400731854356,0.12036413345058289,0.12339922614501808,0.12651120992059167,0.12970206073510557,0.13297380751954632,0.13632853377023685,0.13976837920207236,0.14329554146615392,0.14691227793533843,0.15062090756150828,0.15442381280862597,0.15832344166594922,0.16232230974611858,0.16642300247318267,0.17062817736603186,0.17494056642313174,0.17936297861492329,0.18389830249078037,0.1885495089079599,0.19331965389062675,0.19821188162768846,0.20322942761895416,0.2083756219799074,0.21365389291635303,0.2190677703811267,0.22462088992622237,0.2303169967648782,0.23615995005951024,0.24215372745291405,0.2483024298617753,0.2546102865534239,0.2610816605287947,0.26772105423687514,0.27453311564848504,0.281522644720115,0.2886946002817553,0.29605410738631455,0.3036064651622323,0.31135715521558277,0.31931185063305156,0.3274764256431555,0.3358569659996547,0.34445978015876544,0.353291411330393,0.3623586504934865,0.37166855047695624,0.38122844122057964,0.3910459463452881,0.40112900117951505,0.4114858724083187,0.42212517953520307,0.43305591837370944,0.4442874868174954,0.45582971317479454,0.46769288739691917,0.47988779558216854,0.4924257581979098,0.5053186725366591,0.5185790600095281,0.5322201189855248,0.546255784012242,0.5607007924076086,0.5755707594005587,0.5908822632293161,0.60665294189104,0.6229016035905622,0.6396483533786869,0.656914739027976,0.6747239199013451,0.6931008634734744,0.712072575332203,0.7316683700066194,0.751920191966584,0.7728629987937161,0.7945352220935112,0.8169793265773285,0.840242494447758,0.8643774716108332,0.8894436256049583,0.9155082845078122,0.9426484547211164,0.9709530588214507,1.0,1.0,1.0,1.0,1.0,1.0,1.0,1.0,1.0,1.0,1.0,1.0,1.0,0.9955392858748218,0.9661842360506453,0.938079064672773,0.9111226737567532,0.8852282948876685,0.8603206618177602,0.8363338708843397,0.8132097342838045,0.7908964935123288,0.769347800645194,0.748521901931698,0.7283809763762862,0.7088905945691969,0.6900192719011611,0.6717380966472789,0.6540204180183375,0.6368415826739944
25.971,0.05967812946495387,0.06118040986965518,0.06272055009953349,0.06429950760531525,0.06591826430906574,0.06757782724969386,0.0692792292470022,0.07102352958499251,0.0728118147150298,0.07464519897971236,0.07652482535801823,0.07845186623269777,0.08042752418061382,0.08245303278694475,0.08452965748419777,0.08665869641693355,0.08884148133327997,0.09107937850426351,0.09337378967212516,0.09572615302879642,0.09813794422581228,0.10061067741699185,0.10314590633531447,0.10574522540547662,0.10841027089375903,0.11114272209685193,0.11394430257146394,0.11681678140663014,0.11976197454073209,0.12278174612540756,0.1258780099386832,0.12905273084973892,0.13230792633800056,0.1356456680693273,0.1390680835323216,0.14257735773798144,0.14617573498614708,0.1498655207024377,0.15364908334966212,0.1575288564179734,0.16150734049833898,0.1655871054443136,0.16977079262738973,0.17406111729171309,0.17846087101433425,0.1829729242777215,0.187600229161759,0.19234582216310447,0.1972128271503885,0.20220445846449495,0.20732402417395182,0.21257492949632129,0.217960680397457,0.22348488738155822,0.22915126948613276,0.23496365849726755,0.240926003402065,0.24704237509670784,0.2533169713703771,0.25975412218725047,0.26635829529100447,0.2731341021587208,0.2800863043338537,0.28721982017099795,0.2945397320286981,0.30205129395038693,0.30975993987801886,0.3176712924478459,0.32579117242345856,0.33412560882754816,0.3426808498410981,0.3514633745469406,0.36047990560401866,0.369737422949431,0.3792431786377292,0.38900471294106137,0.39902987185018074,0.4093268261352468,0.4199040921473323,0.4307705545670806,0.4419354913368561,0.4534086010476664,0.46520003309323377,0.47732042095215194,0.48978091901646703,0.5025932434534093,0.5157697176686089,0.5293233230370766,0.5432677556862577,0.5576174902584677,0.5723878517541267,0.5875950967703154,0.6032565057116843,0.6193904878758364,0.6360167017208145,0.6531561931313301,0.6708315551442654,0.689067113414645,0.7078891427581842,0.7273261214745984,0.7474090319471132,0.7681717183834605,0.7896513157338098,0.8118887681135996,0.8349294609478579,0.8588239992484059,0.8836291760193346,0.9094091914455736,0.9362372079388335,0.964197362675319,0.9933874153088452,1.0,1.0,1.0,1.0,1.0,1.0,1.0,1.0,1.0,1.0,1.0,1.0,1.0,0.9783464902434382,0.9497966025592116,0.9224248792369394,0.8961408843272889,0.8708663612931874,0.8465329358223629,0.8230803546174442,0.8004551141120542,0.7786093779992388,0.7575001121372323,0.7370883854416489,0.7173387991844806,0.698219016810611,0.6796993732938745,0.6617525480582559,0.6443532891620243
26.252,0.05938345245614725,0.06087829870405775,0.062410816165252646,0.06398195742281813,0.06559269939919031,0.06724404399756811,0.06893701876176107,0.07067267755506845,0.07245210125890614,0.07427639849184833,0.07614670634986881,0.07806419116850538,0.08003004930781409,0.0820455079609414,0.08411182598721935,0.08623029477074799,0.0884022391054531,0.09062901810768872,0.09291202615746828,0.09525269386955282,0.09765248909558515,0.10011291795861939,0.10263552592143388,0.10522189889009109,0.10787366435431398,0.11059249256635466,0.11338009776008486,0.11623823941222378,0.11916872354765931,0.12217340409101483,0.12525418426669738,0.1284130180498718,0.13165191167090726,0.13497292517606024,0.13837817404734004,0.141869830884712,0.14545012715397396,0.14912135500398405,0.15288586915706945,0.15674608887680624,0.16070450001765513,0.16476365716126137,0.16892618584463057,0.17319478488576537,0.1775722288128055,0.18206137040321474,0.18666514334004533,0.19138656499294032,0.19622873933213092,0.2011948599844207,0.2062882134408669,0.21151218242679226,0.2168702494456013,0.2223660005089906,0.22800312906720158,0.23378544015428263,0.23971685476469193,0.24580141447909645,0.25204328635898343,0.25844676813157247,0.2650162936886499,0.2717564389253159,0.27867192794731244,0.2857676396785053,0.2930486149034974,0.3005200637840385,0.3081873738921172,0.31605611880737794,0.32413206733188005,0.3324211933812685,0.34092968661835293,0.34966396390293264,0.3586306816406504,0.36783674912390346,0.37728934296954797,0.3869959227716349,0.39696424810289416,0.40720239701665684,0.4177187862216536,0.42852219312629436,0.4396217799771676,0.45102712034947906,0.46274822828575857,0.4747955904247693,0.4871802015164224,0.49991360378244987,0.5130079306588876,0.5264759555477528,0.5403311463151794,0.5545877264061093,0.5692607436070061,0.584366147685182,0.5999208783754671,0.6159429654841664,0.6324516432523244,0.6494674815861942,0.6670125373501522,0.6851105296635749,0.7037870440990758,0.723069771914485,0.7429887920614913,0.7635769058353308,0.7848700368545393,0.8069077128649706,0.8297336510535784,0.8533964757382047,0.8779506073829828,0.903457376284699,0.9299864352064154,0.9576175762905664,0.9864431047154045,1.0,1.0,1.0,1.0,1.0,1.0,1.0,1.0,1.0,1.0,1.0,1.0,1.0,0.9905468351388963,0.9615472877948947,0.9337561033181893,0.9070790103186596,0.881434635700068,0.8567520379156031,0.8329688231778554,0.810029683841567,0.7878852482173729,0.7664911639366814,0.7458073590699615,0.7257974403473618,0.7064281984142702,0.687669197574788,0.6694924329020467,0.6518720415640831
26.532,0.05909306954017043,0.060580590361826045,0.062105596574380265,0.06366903596766663,0.06527188054106241,0.06691512714093338,0.06859979811632368,0.07032694199352325,0.07209763417022018,0.07391297762987707,0.07577410367709078,0.07768217269470372,0.07963837492346147,0.08164393126506814,0.08370009410952091,0.0858081481876664,0.08796941144996229,0.09018523597247832,0.09245700889125011,0.09478615336610866,0.0971741295752509,0.09962243574180285,0.10213260919377812,0.10470622745885162,0.10734490939550621,0.11005031636217345,0.11282415342608414,0.11566817061370124,0.11858416420464983,0.12157397807125496,0.12463950506588262,0.1277826884584713,0.13100552342674582,0.1343100586018304,0.13769839767213402,0.14117270104857527,0.14473518759446666,0.1483881364235759,0.15213388877016026,0.15597484993504926,0.1599134913121486,0.1639523525000673,0.16809404350394166,0.17234124703290893,0.17669672089912625,0.18116330052468885,0.18574390156332823,0.19044152264431108,0.19525924824660898,0.2002002517120529,0.2052677984069581,0.21046524904248864,0.21579606316498975,0.22126380282842853,0.2268721364622681,0.23262484294923175,0.23852581592883304,0.24457906834394746,0.2507887372494687,0.2571590889037865,0.2636945241660122,0.27039958422403876,0.27727895668115654,0.28433748203172377,0.29158016055965835,0.2990121596970211,0.306638821884072,0.31446567297667205,0.322498431252061,0.33074301706986114,0.33920556325170265,0.34789242625042116,0.3568101981882441,0.36596571985317095,0.37536609475388194,0.3850187043463152,0.39493122455979096,0.40511164376752634,0.4155682823661306,0.42630981415138963,0.43734528970435815,0.4486841620327661,0.4603363147491865,0.4723120931102316,0.48462233829167384,0.4972784253342862,0.5102923052666246,0.5236765519962571,0.5374444146633827,0.5516098762743956,0.5661877195827474,0.5811936013670896,0.596644136480476,0.6125569933202598,0.6289510027104841,0.6458462826157279,0.6632643816424123,0.6812284449637069,0.699763407172418,0.7188962176839931,0.7386561057637647,0.7590748941571881,0.7801873728264045,0.8020317476808999,0.8246501837828222,0.8480894688239666,0.8724018314850899,0.8976459617840954,0.9238882985492194,0.9512046756768738,0.9796824587046605,1.0,1.0,1.0,1.0,1.0,1.0,1.0,1.0,1.0,1.0,1.0,1.0,1.0,1.0,0.973331609437847,0.9451167348092249,0.918042984868139,0.8920257374687357,0.8669913828728435,0.8428753086770566,0.81962034186353,0.7971755266787771,0.7754951534336658,0.7545379776449569,0.734266585548769,0.7146468735744451,0.6956476175491098,0.6772401132861756,0.6593978745016277
26.813,0.05880687823172694,0.060287179749071294,0.06180478355646262,0.06336063272296812,0.06495569439953869,0.06659096045254818,0.06826744811541291,0.06998620065895235,0.07174828808113151,0.073554807816873,0.07540688546866012,0.07730567555866909,0.07925236230326695,0.08124816041065815,0.08329431590258184,0.08539210696097785,0.08754284480059644,0.089747874568552,0.09200857627192843,0.0943263657345547,0.09670269558416422,0.09913905627118665,0.10163697712055186,0.10419802741789673,0.10682381753170189,0.10951600007294321,0.11227627109397248,0.11510637132841692,0.11800808747401834,0.12098325352045683,0.12403375212432176,0.12716151603354708,0.13036852956380046,0.13365683012941829,0.13702850983176132,0.14048571710795055,0.14403065844324633,0.14766560015051258,0.15139287022046116,0.15521486024668152,0.1591340274296983,0.16315289666466645,0.16727406271765186,0.17150019249581167,0.17583402741722534,0.18027838588657508,0.18483616588336438,0.189510347669932,0.19430399662708253,0.19922026622584096,0.2042624011445411,0.20943374054125571,0.21473772149244266,0.22017788260965568,0.22575786784719742,0.23148143051479977,0.23735243751069987,0.24337487379188105,0.24955284709991207,0.25589059296250355,0.262392479992942,0.26906301551170575,0.27590685151703603,0.282928791033979,0.2901337948744668,0.2975269888444506,0.3051136714379889,0.3128993220624944,0.3208896098443227,0.32909040306940207,0.33750777931990394,0.3461480363751229,0.35501770395285165,0.3641235563768245,0.3734726262664481,0.3830722193571474,0.3929299305737326,0.40305366149523314,0.41345163936836654,0.4241324378483673,0.4351049996710732,0.4463786614894875,0.4579631811423458,0.46986876766259633,0.4821061143811892,0.49468643553790487,0.5076215068777843,0.5209237107915465,0.534606086654004,0.5486823871296418,0.5631671413538758,0.578075726067953,0.5934244459926228,0.6092306249805693,0.6255127098027589,0.6422903888163809,0.659584728254086,0.6774183294954601,0.6958155114721779,0.7148025233723878,0.7344077941223529,0.7546622268381121,0.7755995487029951,0.7972567297465358,0.819674488077506,0.8428979047001643,0.866977178777172,0.8919685650958019,0.9179355510969477,0.9449503535951157,0.9730958492363624,1.0,1.0,1.0,1.0,1.0,1.0,1.0,1.0,1.0,1.0,1.0,1.0,1.0,1.0,0.9851500695127793,0.9565071718781311,0.9290331268296045,0.9026399240989822,0.8772511801953655,0.852799982690686,0.8292272295208127,0.806480330434887,0.7845121780230564,0.7632803225534672,0.7427463030631752,0.7228750997685516,0.7036346817610204,0.6849956303312752,0.6669308229015182
27.094,0.05852477940592931,0.059997965218439246,0.06150827287599199,0.06305664079755165,0.06464403135838667,0.06627143151977302,0.06793985347662788,0.06965033532374972,0.0714039417412385,0.0732017646998329,0.07504492418684143,0.07693456895343706,0.07887187728406377,0.08085805778880537,0.0828943502195706,0.08498202631099509,0.0871223906470204,0.08931678155416115,0.09156657202251274,0.09387317065562033,0.09623802265040765,0.09866261080838173,0.10114845657946703,0.10369712113985655,0.10631020650534488,0.10898935668174478,0.11173625885402058,0.11455264461593855,0.11744029124208738,0.12040102300429127,0.12343671253452602,0.12654928223662823,0.1297407057491864,0.1330130094622399,0.13636827409049712,0.13980863630605175,0.14333629043374643,0.14695349021256296,0.15066255062665573,0.15446584980991915,0.15836583102827276,0.16236500474413612,0.16646595076792683,0.17067132050178285,0.17498383928110173,0.1794063088199504,0.18394160976687735,0.1885927043781616,0.19336263931616238,0.1982545485810183,0.20327165658467378,0.20841728137696766,0.213694838034355,0.21910784222276655,0.224659913947148,0.2303547815013327,0.23619628563314637,0.24218838394106226,0.24833515552023314,0.254640805877432,0.2611096721363232,0.2677462285566513,0.2745550923932058,0.28154103012311027,0.28870896407293645,0.2960639794803945,0.30361133202911667,0.31135645589920036,0.3193049723808818,0.32746269910404263,0.33583565994227826,0.34443009565705,0.3532524753552745,0.3623095088425067,0.37160815996400137,0.38115566103755844,0.39095952849528864,0.4010275798668437,0.4113679522542763,0.42198912246920023,0.432899929026726,0.4441095962183328,0.45562776051828646,0.4674644996161862,0.47963036441300516,0.4921364143708587,0.5049942566694792,0.5182160896971157,0.5318147514929825,0.5458037738658682,0.5601974430432547,0.5750108678628021,0.5902600567102296,0.6059620046433121,0.622134792432728,0.6387976996117544,0.6559713340785465,0.6736777813633544,0.6919407773943903,0.7107859095182735,0.7302408517203539,0.7503356415380454,0.7711030081947476,0.7925787641843223,0.8148022761672497,0.8378170359797822,0.861671359370002,0.8864192496093417,0.9121214766906562,0.9388469424636056,0.9666744310668722,0.9956948878197308,1.0,1.0,1.0,1.0,1.0,1.0,1.0,1.0,1.0,1.0,1.0,1.0,1.0,0.9970031835078966,0.9679278223777065,0.9400497621213466,0.9132774583069205,0.8875316432777669,0.862743019728051,0.8388504903857037,0.8157997782443058,0.7935423364159585,0.7720344762034514,0.7512366619616931,0.7311129350986945,0.7116304392468423,0.69275902554735,0.6744709219998916
27.374,0.05824667715954364,0.05971284842676407,0.061215963686378654,0.06275695677614926,0.0643367853665802,0.0659564315868679,0.0676169026686264,0.06931923160807385,0.07106447784721703,0.07285372797482456,0.07468809644776674,0.07656872633355917,0.07849679007479897,0.08047349027637213,0.08250006051622773,0.08457776618063995,0.08670790532490627,0.08889180956043784,0.09113084496933346,0.09342641304750376,0.09577995167751313,0.09819293613238558,0.10066688011165915,0.10320333681105795,0.10580390002725598,0.10847020529926434,0.11120393108806628,0.11400679999626612,0.11688058002956375,0.11982708590204612,0.12284818038736516,0.1259457757180282,0.12912183503518992,0.13237837389144394,0.135717461809347,0.1391412238985394,0.1426518425345662,0.14625155910269613,0.1499426758102836,0.15372755757147027,0.1576086339683234,0.16158840129276525,0.16566942467403012,0.16985434029671684,0.17414585771489866,0.17854676226819868,0.18305991760618268,0.18768826832795604,0.19243484274440523,0.19730275577113743,0.2022952119608458,0.2074155086845732,0.21266703947217916,0.2180532975231775,0.22357787940012352,0.22924448891784613,0.2350569412429753,0.24101916721960048,0.24713521793835475,0.2534092695678619,0.25984562846933434,0.266448736617112,0.2732231773502155,0.28017368148255073,0.28730513380216055,0.29462257999316954,0.3021312340175964,0.3098364859981945,0.31774391064804125,0.325859276297663,0.334188554576229,0.342737930809932,0.3515138152080465,0.3605228549156298,0.36977194702148874,0.3792682526210305,0.38901921204634643,0.3990325613903661,0.40931635046877407,0.41987896238277683,0.4307291348683525,0.4418759836438738,0.45332902799853053,0.46509821889998326,0.4771939699417094,0.4896271915003565,0.5024093285323112,0.5155524025087902,0.5290690580724839,0.5429726150991754,0.5572771269688556,0.5719974459973817,0.587149297158267,0.6027493614426566,0.6188153704745487,0.635366214331551,0.6524220649369686,0.6700045179105468,0.6881367564248342,0.7068437414547366,0.726152433888182,0.7460920553665715,0.7666943965575412,0.7879941839879564,0.8100295198089851,0.8328424132561403,0.8564794285893043,0.8809924826754781,0.906439837215287,0.9328873476324391,0.9604100555790829,0.9890942493207552,1.0,1.0,1.0,1.0,1.0,1.0,1.0,1.0,1.0,1.0,1.0,1.0,1.0,1.0,0.9793791041856444,0.9510932239519624,0.9239386081774162,0.897832989512286,0.8727045973044395,0.848490270310581,0.8251339906086684,0.8025857286653343,0.7808005220424398,0.7597377321254544,0.7393604383014358,0.7196349395422178,0.7005303408390872,0.6820182073461051
27.655,0.057972478679066596,0.05943173419973764,0.060927758391111454,0.062461480576950563,0.06403385379216768,0.06564585540507707,0.06729848775731079,0.06899277882200153,0.07072978288085921,0.07251058122080753,0.0743362828508795,0.07620802524006053,0.07812697507689843,0.08009432905161286,0.08211131466160372,0.08417919104118063,0.08629924981649818,0.08847281598662696,0.09070124883181141,0.09298594284999867,0.09532832872277373,0.09772987431191198,0.10019208568784102,0.10271650819133041,0.10530472752988092,0.10795837091029155,0.1106791082090385,0.11346865318215553,0.11632876471643194,0.11926124812385479,0.12226795648134271,0.12535079201795724,0.12851170755189495,0.13175270797978034,0.13507585182086113,0.13848325281895532,0.14197708160519,0.14555956742472134,0.1492329999309533,0.15299973105093892,0.15686217692595594,0.16082281993156652,0.16488421078172052,0.16904897072190198,0.17331979381663495,0.1776994493371007,0.1821907842550887,0.18679672584997523,0.19152028443599559,0.19636455621764118,0.2013327262817151,0.20642807173522149,0.21165396499916683,0.21701387726908852,0.22251138215419886,0.22815015950804043,0.23393399946467702,0.2398668066958471,0.24595260490580773,0.2521955415822831,0.25859989302364683,0.2651700696644342,0.27191062172348945,0.27882624520143673,0.28592178825697745,0.29320225799446187,0.30067282769869796,0.30833884455675253,0.3162058379108405,0.3242795280912984,0.33256583588413924,0.3410708926939487,0.3498010514699711,0.35876289847132137,0.36796326595645684,0.37740924589256747,0.3871082047926043,0.3970677998015304,0.4072959961693452,0.41780108626684365,0.4285917103215145,0.43967687907575065,0.4510659985985497,0.46276889751576533,0.4747958569637403,0.4871576436180227,0.49986554620430407,0.5129314159645242,0.5263677116295796,0.5401875495440139,0.5544047597011792,0.5690339485839547,0.5840905698722163,0.5995910042810176,0.6155526500426334,0.631994025853445,0.6489348884895603,0.6663963677743733,0.6844011221856521,0.702973519157685,0.7221398451175257,0.7419285515652188,0.7623705451650699,0.7834995319979446,0.8053524290310218,0.8279698597767275,0.8513967564540152,0.8756830983533119,0.9008848264807543,0.9270649893677256,0.9542951964642896,0.9826574874815818,1.0,1.0,1.0,1.0,1.0,1.0,1.0,1.0,1.0,1.0,1.0,1.0,1.0,1.0,0.9908614455603764,0.9621638530557127,0.9346236473223553,0.9081554403967869,0.8826848960157402,0.8581467174800842,0.8344830898094915,0.8116424561922642,0.7895785445764135,0.7682495842592846,0.7476176687577671,0.7276482326894222,0.7083096185112505,0.6895727148067362
27.935,0.05770209411526465,0.059154530403204446,0.060643562511737185,0.06217011531617992,0.06373513728332127,0.06533960109005525,0.06698450425953476,0.06867086981545101,0.07039974695505977,0.07217221174159438,0.07398936781675848,0.07585234713402454,0.07776231071345416,0.07972044941885417,0.08172798475810693,0.08378616970749668,0.08589628956098876,0.08805966280542107,0.09027764202258007,0.09255161481926938,0.09488300478650234,0.09727327248896346,0.09972391648603447,0.10223647438570532,0.10481252393276656,0.10745368413277669,0.1101616164133927,0.11293802582472803,0.11578466228051458,0.11870332184197249,0.12169584804638228,0.12476413328251125,0.12791012021516004,0.1311358032612784,0.13444323012021733,0.13783450336092085,0.14131178206898137,0.1448772835567604,0.14853328513994046,0.15228212598416563,0.1561262090256522,0.1600680029699696,0.16411004437349377,0.16825493981236062,0.1725053681441518,0.17686408286790897,0.18133391458855855,0.18591777359227518,0.1906186525398559,0.195439629285767,0.20038386983113976,0.20545463141971107,0.21065526578643065,0.21598922256936023,0.22146005289636614,0.22707141315915377,0.2328270689882943,0.23873089944420456,0.2447869014403577,0.25099919441655133,0.2573720252817974,0.2639097736482529,0.2706169573797037,0.2774982384805345,0.28455842935362724,0.29180249945870357,0.29923558240578424,0.30686298352222674,0.3146901879359168,0.32272286922188925,0.3309668986649289,0.3394283551967163,0.3481135360728404,0.3570289683627577,0.3661814213345367,0.3755779198262986,0.38522575870774844,0.39513251854837694,0.40530608262414264,0.4157546554119232,0.4264867827413521,0.4375113737971755,0.44883772519271686,0.4604755473670814,0.4724349935962697,0.48472669195259604,0.49736178059900693,0.5103519468667387,0.5237094706384462,0.5374472726469831,0.5515789684057398,0.5661189286140469,0.5810823470358578,0.5964853170384763,0.6123449182092255,0.6286793147528851,0.6455078677261864,0.6628512636069847,0.6807316622506449,0.6991728679891019,0.7182005285254943,0.7378423674328175,0.7581284575664212,0.7790915446699249,0.8007674330655933,0.8231954488218272,0.8464190005434079,0.8704862644683781,0.895451029681045,0.9213737521925215,0.9483228853188755,0.9763765812748845,1.0,1.0,1.0,1.0,1.0,1.0,1.0,1.0,1.0,1.0,1.0,1.0,1.0,1.0,1.0,0.9732619979378373,0.9453328550450124,0.9184992216465562,0.892684099615504,0.8678199824648515,0.8438471999460457,0.8207126218128885,0.7983686293891346,0.7767722899056761,0.7558846865032857,0.7356703692448268,0.716096901274181,0.697134480569661
28.216,0.057435436463790894,0.05888114782070922,0.060363284562227004,0.061882767179194866,0.06344053963611555,0.06503756998621926,0.0666748510039464,0.0683534008353841,0.07007426366731329,0.07183851041549476,0.07364723943284555,0.07550157723825238,0.07740267926673175,0.07935173064172292,0.08134994697033515,0.08339857516238418,0.0854988942741557,0.0876522163778004,0.08985988745738792,0.09212328833266505,0.09444383561161741,0.09682298267301837,0.09926222068019366,0.10176307962730269,0.10432712941954717,0.10695598098872763,0.10965128744573248,0.11241474527160958,0.11524809554892566,0.11815312523532975,0.1211316684812282,0.12418560799373102,0.12731687644905407,0.13052745795580284,0.13381938957164893,0.1371947628761289,0.14065572560246223,0.1442044833314914,0.14784330125106507,0.15157450598442188,0.15540048749138838,0.15932370104650043,0.1633466692984216,0.16747198441542066,0.17170231032198127,0.17604038503202926,0.18048902308471132,0.1850511180890922,0.1897296453846742,0.19452766482520556,0.1994483236938505,0.20449485975847867,0.20967060447656,0.21497898635998688,0.22042353451103203,0.22600788234163535,0.231735771489323,0.23761105594426288,0.24363770640328128,0.24981981486816865,0.25616159950723927,0.26266740980092285,0.269341731994214,0.2761891948810543,0.28321457594826877,0.29042280790947145,0.29781898566256854,0.3054083737079822,0.31319641406876875,0.3211887347582491,0.3293911588458923,0.33780971417788186,0.3464506438153604,0.3553204172606624,0.36442574255031773,0.37377357930314903,0.3833711528228051,0.39322596936659104,0.403345832706996,0.4137388621289087,0.424413512024866,0.43537859327295503,0.44664329660805224,0.45821721822736733,0.47011038790680454,0.4823332999463629,0.4948969473120102,0.5078128593997154,0.5210931439165172,0.534750533456172,0.548798437445903,0.5632510002600969,0.578123166441095,0.5934307541428355,0.6091905381278312,0.625420343912096,0.6421391549795119,0.6593672353942098,0.6771262706499851,0.6954395302405113,0.7143320562547083,0.733830883354727,0.7539652968574196,0.7747671374220905,0.7962711632000741,0.8185154834422707,0.8415420818032843,0.8653974533860045,0.8901333876266434,0.9158079404732365,0.9424866555825898,0.9702441180221183,0.9991659593885295,1.0,1.0,1.0,1.0,1.0,1.0,1.0,1.0,1.0,1.0,1.0,1.0,1.0,1.0,0.9843880151303448,0.9560665165108295,0.9288645633100931,0.9027023950945189,0.8775102182768735,0.853226446974273,0.8297963297660427,0.8071708631619356,0.7853059214590776,0.764161552238578,0.743701400286491,0.7238922322493876,0.7047035411481893
28.496,0.0571724214515716,0.05861150003693284,0.06008683592941872,0.06159934529785114,0.06314996766869556,0.0647396665376554,0.06636942999852863,0.06804027138989725,0.06975322996025943,0.07150937155225262,0.07330978930661199,0.0751556043865933,0.07704796672354722,0.07898805578445733,0.08097708136218966,0.0830162843893757,0.08510693777673645,0.08725034727683893,0.08944785237422541,0.09170082720301,0.09401068149294664,0.09637886154522227,0.09880685123910841,0.10129617307080495,0.10384838922580819,0.10646510268628581,0.1091479583749156,0.11189864433688115,0.1147188929616736,0.11761048224657726,0.12057523710373814,0.12361503071288743,0.12673178592192003,0.12992747669766072,0.13320412962931244,0.13656382548723822,0.14000870083992856,0.14354094973220685,0.1471628254278838,0.15087664222039232,0.15468477731510435,0.15858967278735242,0.1625938376204516,0.1666998498283518,0.17091035866789686,0.17522808694604822,0.17965583342785332,0.18419647535139128,0.18885297105642615,0.19362836273405326,0.19852577930520904,0.20354843943657494,0.20869965470313306,0.21398283290742295,0.21940148156639155,0.2249592115777426,0.23065974107868023,0.23650689951118298,0.2425046319091781,0.24865700342444685,0.2549682041096754,0.26144255397881777,0.2680845083669098,0.27489866361365367,0.28188976309752256,0.2890627036498498,0.2964225423814506,0.3039745039576911,0.31172398836178977,0.3196765791904509,0.3278380525307931,0.33621438647304747,0.34481177131972923,0.3536366205590528,0.36269558267842533,0.3719955539029773,0.3815436919546322,0.3913474309391392,0.40141449748234237,0.41175292825279347,0.42237108902616105,0.4332776954681113,0.4444818358370107,0.45599299583651826,0.46782108588179094,0.4799764710824094,0.4924700042915994,0.5053130626261942,0.5185175879269367,0.532096131706288,0.5460619052238214,0.5604288354409084,0.5752116277412698,0.5904258364676952,0.6060879445250563,0.6222154535449734,0.6388269864102843,0.6559424043135953,0.6735829409946288,0.6917713573935781,0.7105321207095314,0.7298916128148389,0.7498783742172516,0.7705233913775619,0.7918604373155704,0.8139264782618152,0.8367621629104276,0.8604124159992311,0.8849271650794635,0.9103622393336385,0.9367804935323031,0.9642532308512594,0.9928620287781237,1.0,1.0,1.0,1.0,1.0,1.0,1.0,1.0,1.0,1.0,1.0,1.0,1.0,1.0,0.9955422694588371,0.966824922924898,0.9392516998890468,0.9127399727630043,0.8872175804265238,0.8626209587468003,0.8388936857416036,0.8159853336939845,0.7938505521804923,0.7724483273398218,0.751741377421911,0.7316956549752419,0.7122799333852772
28.777,0.05691296742859608,0.058345503326716,0.05981413075916545,0.06131976163369736,0.06286333110146002,0.06444579816518886,0.06606814630449137,0.06773138411885185,0.06943654598892866,0.07118469275679869,0.07297691242577456,0.07481432088049766,0.07669806262805741,0.07862931156081482,0.08060927174181819,0.0826391782135672,0.08472029783106523,0.08685393012000857,0.08904140816115438,0.0912840995018376,0.09358340709573763,0.09594077027201457,0.09835766573502565,0.1008356085958804,0.10337615343717711,0.10598089541232994,0.10865147138099797,0.1113895610821828,0.11419688834672397,0.11707522235092917,0.12002637891328796,0.12305222183625536,0.12615466429529082,0.1293356702774262,0.1325972560717961,0.13594149181478693,0.13937050309253193,0.1428864726037665,0.14649164188623198,0.1501883131100125,0.1539788509414888,0.15786568448180757,0.16185130928410119,0.16593828945395633,0.1701292598380086,0.17442692830591078,0.17883407813129862,0.18335357047785647,0.18798834699705372,0.192741432544656,0.19761593802367827,0.20261506336213286,0.20774210063455684,0.21300043733712942,0.21839355982699107,0.22392505693734863,0.22959862378091936,0.23541806575546123,0.24138730276633585,0.24751037368245932,0.25379144104353174,0.2602347960381251,0.26684486377411637,0.2736262088650469,0.28058354135834523,0.28772172303397686,0.29504577410500943,0.30256088035487627,0.3102724007498223,0.3181858755691387,0.3263070351005142,0.3346418089530702,0.34319633604665994,0.35197697534275196,0.36099031738996684,0.3702431967660381,0.3797427055080526,0.3894962076342339,0.39951135487368183,0.4097961037356319,0.42035873406722835,0.43120786926897087,0.44235249836045215,0.453802000116232,0.4655661695235664,0.4776552468509907,0.4900799496606138,0.5028515081488173,0.5159817042613385,0.5294829151017373,0.5433681612394552,0.5576511606282986,0.5723463889723729,0.5874691475293827,0.6030356395274119,0.6190630565993418,0.6355696769200149,0.6525749770793369,0.6700997601588563,0.6881663030248237,0.7067985265409972,0.726022193284671,0.7458651384813682,0.7663575413424294,0.7875322459138908,0.8094251430921752,0.8320756288716386,0.8555271585085809,0.8798279226282893,0.9050316801341114,0.9311987952733994,0.9583975442024375,0.9867057827847371,1.0,1.0,1.0,1.0,1.0,1.0,1.0,1.0,1.0,1.0,1.0,1.0,1.0,1.0,1.0,0.9776083717164813,0.9496608704625122,0.9227970263355426,0.8969422269813341,0.8720308650540741,0.8480047969095754,0.8248121299230348,0.8024062562124096,0.7807450738696032,0.7597903527959199,0.7395072134127764,0.7198636944578073
29.058,0.056656995264866186,0.05808307654933173,0.059545085847881325,0.06104393086671721,0.06258054244293086,0.0641558751493108,0.06577090791614364,0.06742664467060548,0.06912411499428676,0.07086437479952272,0.07264850702515852,0.07447762235240621,0.07635285994154832,0.07827538819020008,0.08024640551393195,0.08226714115005873,0.08433885598548267,0.08646284340947213,0.08864043019234755,0.09087297739107499,0.09316188128283649,0.09550857432767343,0.09791452616140343,0.10038124462005539,0.10291027679712317,0.10550321013505083,0.10816167355240631,0.11088733860833365,0.1136819207058977,0.11654718033613803,0.11948492436464439,0.12249700736268161,0.1255853329849499,0.12875185539625586,0.13199858074947549,0.13532756871736656,0.13874093408098997,0.14224084837761142,0.14582954161125858,0.14950930402923135,0.15328248796817406,0.15715150977353656,0.16111885179653576,0.16518706447307147,0.1693587684893166,0.17363665703913694,0.1780234981788345,0.18252213728517086,0.18713549962308915,0.1918665930300677,0.1967185107246039,0.2016944342469379,0.20679763654082609,0.2120314851858931,0.21739944579090914,0.22290508555928043,0.22855207703897706,0.2343442020702619,0.24028535594576939,0.24637955179884558,0.25263092523750746,0.25904373924307156,0.2656223893542981,0.27237140915992997,0.2792954761248004,0.28639941777717565,0.2936882182878706,0.30116702547478474,0.3088411582701274,0.31671611469153543,0.32479758036281253,0.3330914376350971,0.3416037753649675,0.3503408994125434,0.35930934392996633,0.3685158835190593,0.37796754634655944,0.3876716283162214,0.3976357084096826,0.40786766532236507,0.4183756955373344,0.42916833299923063,0.440254470572651,0.45164338349524435,0.4633447550659766,0.4753687048443378,0.487725819677759,0.5004271879234288,0.5134844372885101,0.5269097767815234,0.5407160433496115,0.5549167538746208,0.5695261633191417,0.5845593299565881,0.6000321887931982,0.6159616345021756,0.6323656154512638,0.649263240727748,0.6666749024665296,0.684622416290041,0.7031291833036128,0.7222203778970916,0.7419231666382289,0.7622669648813318,0.7832837394611208,0.8050083681443653,0.8274790695809668,0.8507379216352331,0.8748314916316136,0.8998116098796206,0.9257363288537016,0.952671126148553,0.9806904322615595,1.0,1.0,1.0,1.0,1.0,1.0,1.0,1.0,1.0,1.0,1.0,1.0,1.0,1.0,1.0,0.988417166730915,0.9600923188158536,0.9328737530188497,0.9066843186265783,0.8814562976666638,0.8571297719499366,0.8336513419466881,0.8109731085940723,0.7890518545879691,0.7678483790987297,0.7473269519515867,0.7274548618809417
29.338,0.05640442825217241,0.0578241410477491,0.05927962053920585,0.06077177028934277,0.06230151688100702,0.06386981051859764,0.06547762564643744,0.06712596158459834,0.06881584318274953,0.07054832149263848,0.07232447445985757,0.07414540763556624,0.0760122549088674,0.07792617926057044,0.07988837353912961,0.08190006125955036,0.08396249742613673,0.08607696937994408,0.08824479767192285,0.09046733696269665,0.09274597695006347,0.09508214332528539,0.0974772987593561,0.09993294392045368,0.10245061852388397,0.1050319024158961,0.10767841669278583,0.11039182485687911,0.11317383401096791,0.11602619609297611,0.11895070915265264,0.12194921867227583,0.12502361893341846,0.12817585443200907,0.1314079213440112,0.13472186904427294,0.1381198016811844,0.14160387981003472,0.14517632208811515,0.14883940703485105,0.15259547486045444,0.15644692936688293,0.16039623992510535,0.16444594353303013,0.16859864695874038,0.17285702897404953,0.1772238426837607,0.18170191795644855,0.18629416396304005,0.19100357182995145,0.1958332174141144,0.20078626420779755,0.2058659663818254,0.21107567197646832,0.2164188262501226,0.22189897519673119,0.22751976924390338,0.23328496714469035,0.23919844007722793,0.2452641759676693,0.2514862840533387,0.2578689997045645,0.2644166895254861,0.2711338567560177,0.27802514699941133,0.2850953543022483,0.2923494276164516,0.2997924776759402,0.30742978432398166,0.3152668043311409,0.32330917974802575,0.33156274684196124,0.3400335456721413,0.34872783036414656,0.35765208015168665,0.3668130112615608,0.37621758972690333,0.3858730452243359,0.395786886042555,0.4059669153037168,0.4164212485747726,0.4271583330242243,0.43818696830096043,0.44951632933638935,0.4611559912997868,0.47311595697021047,0.48540668682766736,0.49803913221240415,0.5110247719558345,0.5243756529513794,0.5381044352106726,0.5522244420428274,0.5667497161053617,0.5816950822092147,0.5970762179226686,0.6129097332170554,0.6292132606400498,0.6460055578020016,0.6633066243327892,0.6811378359315208,0.699522098716379,0.7184840278235132,0.7380501551516221,0.7582491723703052,0.779112216899003,0.8006732106499557,0.8229692640984524,0.8460411619623703,0.8699339518278708,0.894697664022331,0.9203882007720188,0.9470684465154812,0.9748096712496311,1.0,1.0,1.0,1.0,1.0,1.0,1.0,1.0,1.0,1.0,1.0,1.0,1.0,1.0,1.0,0.9992516184292642,0.9705462935742842,0.9429703536025034,0.9164440187277273,0.8908973903787742,0.8662687210832738,0.8425030610441605,0.8195511852770824,0.7973687329637016,0.7759155095741427,0.7551549154158436,0.7350534735125495
29.619,0.05615519201047393,0.05756862055258193,0.05901765662548257,0.060503199705374905,0.06202617217929328,0.06358751994337512,0.06518821301785564,0.0668292461794057,0.06851163961133977,0.07023643957234117,0.07200471908430194,0.07381757863997382,0.07567614693110124,0.07758158159778082,0.07953506999979121,0.08153783001072165,0.08359111083570903,0.08569619385369096,0.08785439348509237,0.09006705808592577,0.09233557086933734,0.09466135085567834,0.09704585385225527,0.09949057346395271,0.10199704213603265,0.10456683223042403,0.10720155713695602,0.10990287242104517,0.11267247700942862,0.1155121144156545,0.1184235740071201,0.12140869231559927,0.12446935439327866,0.12760749521646256,0.1308251011393046,0.1341242113999678,0.1375069196818985,0.14097537573297214,0.14453178704555966,0.14817842060067873,0.15191760467970525,0.15575173074728899,0.15968325540946607,0.1637147024511616,0.16784866495767728,0.17208780752504027,0.17643486856448792,0.18089266270678703,0.18546408331249215,0.19015210509477257,0.1949597868619621,0.19989027438754145,0.20494680341594795,0.21013270281326704,0.21545139787267575,0.22090641378528195,0.226501379288064,0.23224003050146985,0.23812621497055572,0.24416389592464802,0.2503571567720051,0.25671020584742565,0.2632273814325161,0.26991315707017094,0.276772147197001,0.28380911311971785,0.2910289693642087,0.2984367904288819,0.30603781797724877,0.3138374685083435,0.3218413415477638,0.33005522840682683,0.33848512156259,0.34713722471748204,0.3560179636041018,0.36513399760840365,0.37449223229330747,0.3840998329147553,0.3939642390337176,0.4040931803407981,0.4144946938251768,0.4251771424371084,0.4361492354133207,0.4474200504580695,0.4589990579998296,0.4708961477753371,0.4831216580299915,0.495686407667282,0.5086017317316052,0.5218795206698967,0.5355322638902568,0.5495730982224947,0.5640158619896926,0.5788751555253207,0.5941664091224245,0.609905959586319,0.6261111367886688,0.6428003618994322,0.6599932593183283,0.6777107847576664,0.6959753724683048,0.7148111052831682,0.73424391202244,0.7543017979219816,0.7750151151948366,0.7964168827310228,0.8185431664467219,0.8414335351438289,0.8651316112733359,0.8896857422086516,0.9151498262727502,0.9415843399607302,0.969057630321576,0.9976475621140664,1.0,1.0,1.0,1.0,1.0,1.0,1.0,1.0,1.0,1.0,1.0,1.0,1.0,1.0,1.0,0.9810230483413963,0.9530870325527588,0.9262214933948595,0.9003542790530077,0.875421756102228,0.851367379698596,0.8281405631413714,0.8056957731858372,0.7839917980279213,0.7629911490704119,0.7426595675577123
29.899,0.05590921439860283,0.057316441090518026,0.058759118253824585,0.0602381413336203,0.06175442857823795,0.06330892163428695,0.06490258615837878,0.06653641244599641,0.0682114160781662,0.06992863858645715,0.07168914813698776,0.07349404023406879,0.07534443844418541,0.07724149514101147,0.07918639227224203,0.08118034214901801,0.08322458825875713,0.08532040610230204,0.08746910405626951,0.089672024261572,0.09193054353913202,0.09424607433387161,0.09662006568806315,0.09905400424528873,0.10154941528621114,0.10410786379753656,0.10673095557552001,0.10942033836555204,0.1121777030393772,0.11500478481161382,0.11790336449736832,0.12087526981280412,0.12392237672069681,0.1270466108230781,0.13024994880326862,0.13353441991968515,0.13690210755403384,0.14035515081661923,0.14389574621172854,0.14752614936622932,0.15124867682475135,0.15506570791505297,0.15897968668745716,0.16299312393249474,0.16710859928121652,0.17132876339296357,0.17565634023577759,0.18009412946497133,0.1846450089058816,0.18931193714724714,0.19409795625220894,0.19900619459448046,0.20403986982785063,0.20920229199788182,0.21449686680540483,0.21992709903224217,0.2254965961404677,0.2312090720575722,0.23706835116091998,0.24307837247619024,0.24924319410575363,0.25556699790450743,0.26205409442227195,0.2687089281337415,0.2755360829790071,0.28254028823992955,0.2897264247802027,0.29709953167978204,0.30466481329751544,0.3124276467994048,0.3203935901939061,0.3285683909202041,0.33695799504048835,0.345568557092984,0.35440645066903004,0.363478279784878,0.3727908911272984,0.38235138726167284,0.3921671409022111,0.4022458103565152,0.4125953562711093,0.42322405982123307,0.4341405425073871,0.4453537877433736,0.456873164446483,0.4687084528706444,0.48086987295862865,0.49336811553089005,0.506214376677405,0.5194203957766508,0.532998497634411,0.5469616393168447,0.5613234623501768,0.5760983510771047,0.5913014981024117,0.6069489779332133,0.6230578301305542,0.6396461535485614,0.6567332135580505,0.6743395645502527,0.6924871905155421,0.7111996671214882,0.7305023495142171,0.7504225910912611,0.7709899998172307,0.7922367403790298,0.814197892749808,0.8369118807561475,0.8604209883180287,0.8847719865895121,0.9100169029152593,0.9362139733101008,0.9634288355725048,0.9917360425325776,1.0,1.0,1.0,1.0,1.0,1.0,1.0,1.0,1.0,1.0,1.0,1.0,1.0,1.0,1.0,0.9915228418428955,0.9632239981095762,0.9360169115490886,0.9098271016664073,0.8845889904037798,0.860244391619923,0.8367413200115288,0.8140330401754284,0.7920772988363183,0.7708356986270812,0.750273182573299
30.18,0.05566642542908232,0.05706753089693298,0.0585039318364791,0.05997651971597397,0.06148620870082895,0.06303393624556412,0.06462066370222558,0.06624737694591888,0.06791508701796282,0.06962483078724958,0.07137767163048499,0.07317470013189126,0.07501703480310239,0.07690582282393933,0.07884224080480359,0.0808274955714989,0.08286282497325355,0.08494949871484918,0.08708881921373528,0.0892821224830979,0.09153077904184964,0.09383619485264719,0.09619981228899856,0.09862311113266861,0.10110760960259346,0.103654865416651,0.10626647688761279,0.10894408405481218,0.11168936985301803,0.11450406132019714,0.11738993084590528,0.12034879746213312,0.12338252817861887,0.12649303936468576,0.1296822981798459,0.13295232405556542,0.1363051902306807,0.13974302534320943,0.14326801508142295,0.14688240389727122,0.15058849678545294,0.15438866113169375,0.15828532863398437,0.16228099730087575,0.1663782335311883,0.17057967427982149,0.17488802931471664,0.17930608357041034,0.18383669960403448,0.18848282016008155,0.19324747085075572,0.19813376295929505,0.20314489637423827,0.20828416266326855,0.2135549482960312,0.21896073802606672,0.22450511844292584,0.23019178170647897,0.23602452947649624,0.24200727705178107,0.24814405773440912,0.2544390274360916,0.2608964695452794,0.2675208000753795,0.274316573116473,0.28128848661507655,0.2884413885089587,0.29578028324681144,0.30331033872552243,0.3110368936813934,0.3189654655753482,0.32710175901664346,0.3354516747744133,0.34402131943193165,0.35281701574474167,0.3618453137708835,0.3711130028495253,0.3806271245134818,0.39039498643164033,0.40042417748926895,0.41072258412804036,0.42129840808343916,0.4321601856755791,0.4433168088306299,0.4547775480347297,0.4665520774508977,0.47865050246299146,0.4910833899500662,0.5038618016406885,0.5169973309513922,0.5305021437781939,0.5443890237871669,0.5586714228421936,0.5733635173187474,0.5884802711860361,0.6040375069018308,0.6200519853617182,0.6365414963865254,0.6535249615300568,0.6710225513595112,0.689055819823242,0.707647858901926,0.7268234774757567,0.7466094092808482,0.7670345560392345,0.7881302734209422,0.809930709562015,0.8324732086012636,0.85579879537171,0.8799527623697286,0.9049853869865089,0.9309528165660685,0.9579181724430588,0.9859529437321042,1.0,1.0,1.0,1.0,1.0,1.0,1.0,1.0,1.0,1.0,1.0,1.0,1.0,1.0,1.0,1.0,0.9733814623869961,0.9458304449910975,0.9193159983578632,0.8937705390223961,0.8691341917682812,0.8453535346735054,0.8223805995975537,0.800172066954778,0.7786886102509176,0.7578943574726315
30.46,0.055426757186843145,0.05682182033251262,0.058252025965301796,0.05971826162964538,0.061221437462599476,0.06276248678268583,0.06434236669514443,0.06596205871412324,0.0676225694023948,0.06932493102914951,0.07107020224651367,0.07285946878540349,0.07469384417139885,0.07657447046135679,0.07850251900144099,0.08047919120743877,0.08250571936804639,0.08458336747209691,0.08671343206052591,0.08889724310409143,0.09113616490776084,0.09343159704286738,0.09578497530810345,0.0981977727205038,0.10067150053764864,0.10320770931238285,0.10580798998138699,0.10847397498907836,0.11120733944833877,0.11400980233970345,0.11688312775072356,0.1198291261573234,0.12284965574909358,0.12594662380056718,0.12912198809068154,0.13237775837274787,0.1357159978974284,0.13913882499136232,0.1426484146942719,0.14624700045759192,0.14993687590784416,0.1537203966782325,0.15759998231217318,0.16157811824273796,0.1656573578522936,0.16984032461693446,0.17412971434063548,0.1785282974844631,0.18303892159655677,0.18766451384907645,0.1924080836887678,0.1972727256083747,0.20226162204667725,0.20737804642559043,0.21262536633349746,0.21800704686470795,0.22352665412583866,0.22918785892082535,0.2349944406273213,0.24095029127837472,0.2470594198645565,0.253325956873087,0.259754159082071,0.26634841462967274,0.2731132483799741,0.2800533276093639,0.2871734680397225,0.29447864024724885,0.3019739764787981,0.30966477791087665,0.3175565223901717,0.3256548726986632,0.33396568539111904,0.34249502025801964,0.3512491504730495,0.3602345734910683,0.3694580227701846,0.3789264804004687,0.38864719073177584,0.39862767510475144,0.40887574780222735,0.41939953335341246,0.430207485340775,0.44130840687970857,0.4527114729645751,0.4644262549019663,0.47646274708388103,0.48883139639081724,0.5015431345585907,0.5146094138943659,0.5280422467886003,0.5418542495423231,0.556058691116028,0.5706695475105598,0.5857015626158054,0.6011703165148448,0.6170923024159132,0.6334850136105711,0.6503670421344917,0.6677581911515222,0.6856796035104553,0.7041539094618671,0.7232053972019618,0.742860210775712,0.7631465809825165,0.7840950963664638,0.8057390232547895,0.8281146862933093,0.8512619242469546,0.8752246403197675,0.9000514723911484,0.925796617094784,0.9525208536952378,0.9802928309704436,1.0,1.0,1.0,1.0,1.0,1.0,1.0,1.0,1.0,1.0,1.0,1.0,1.0,1.0,1.0,1.0,0.9835596414770104,0.9556622684718582,0.9288211114768854,0.9029665186640784,0.8780368763780285,0.8539772868917076,0.830738517873589,0.8082761579268172,0.7865499305667258,0.7655231315302188
30.741,0.05519014375159427,0.05657924180364281,0.05800333133009876,0.05946329600343896,0.06096004198568916,0.062494498514252164,0.0640676185039991,0.06568037916621101,0.06733378264490382,0.06902885667111376,0.07076665523575748,0.0725482592817088,0.07437477741572186,0.07624734664094861,0.0781671331107077,0.08013533290433315,0.0821531728258725,0.08422191122644591,0.0863428388512003,0.08851727971176579,0.09074659198515013,0.09303216894015479,0.09537543989237122,0.09777787118886586,0.10024096722382345,0.10276627148633954,0.105355367641787,0.10800988064809273,0.11073147790850468,0.1135218704623879,0.11638281421576699,0.1193161112133898,0.1223236109542305,0.12540721175245043,0.12856886214595806,0.13181056235488428,0.13513436579238702,0.13854238063041274,0.1420367714231783,0.1456197607913694,0.14929363117019215,0.15306072662471795,0.15692345473614244,0.16088428856286083,0.1649457686805664,0.16911050530585559,0.1733811805081788,0.17776055051536224,0.18225144811827845,0.18685678518073878,0.19157955526110124,0.19642283635266727,0.2013897937504628,0.20648368305265635,0.21170785330555242,0.21706575030182018,0.2225609200425104,0.22819701237425322,0.23397778481409176,0.2399071065754895,0.2459889628102713,0.2522274590826452,0.2586268260929018,0.26519142467010376,0.2719257510548984,0.27883444249564737,0.28592228318336543,0.29319421055351375,0.300655321985548,0.3083108819343272,0.3161663295310687,0.3242272866955841,0.33249956680602977,0.34098918397757866,0.3497023630071547,0.3586455500479606,0.3678254240849161,0.3772489092906436,0.3869231883512289,0.3968557168620196,0.40705423890636233,0.41752680394465763,0.4282817851578672,0.43932789940882616,0.45067422900716103,0.46233024548953155,0.4743058356572094,0.48661133014846564,0.4992575348647567,0.5122557656187054,0.5256178864297634,0.5393563519621408,0.5534842546815582,0.5680153774053692,0.5829642520386121,0.5983462254309925,0.6141775334629215,0.6304753846800162,0.6472580550549802,0.6645449957762177,0.6823569563609264,0.7007161258888098,0.7196462957807014,0.7391730483438855,0.7593239763267655,0.7801289400434726,0.8016203703464326,0.8238336279850974,0.8468074328956716,0.8705843810127724,0.8952115717076915,0.9207413765751281,0.9472323909718129,0.9747506249365898,1.0,1.0,1.0,1.0,1.0,1.0,1.0,1.0,1.0,1.0,1.0,1.0,1.0,1.0,1.0,1.0,0.9937587555570753,0.9655125597656158,0.9383425856338289,0.9121770477413322,0.8869525429823507,0.8626126574264821,0.8391068621937398,0.8163896278930727,0.7944197066656364,0.7731595443865804
31.022,0.05495652112371558,0.056339729686383226,0.057757780640651235,0.05921155383774198,0.06070195151681849,0.06222989888780837,0.06379634473041702,0.06540226200985245,0.06704864850982975,0.06873652748339368,0.0704669483222113,0.07224098724489898,0.07405974800510377,0.07592436261995575,0.07783599211968831,0.07979582731909067,0.08180508961167378,0.08386503178729977,0.08597693887418138,0.08814212900618025,0.09036195431633282,0.09263780185761733,0.09497109455207077,0.09736329216932198,0.09981589233577509,0.10233043157565175,0.10490848638525971,0.1075516743418478,0.11026165524855162,0.11304013231697961,0.11588885338913184,0.11880961220036892,0.12180424968534766,0.12487465532888736,0.12802276856389325,0.1312505802185718,0.134560134015375,0.13795352812418382,0.14143291677250217,0.1450005119155483,0.14865858496938603,0.15240946861040428,0.156255558644735,0.16019931595143522,0.16424326850353035,0.1683900134713394,0.1726422194128101,0.1770026285559648,0.18147405917895373,0.18605940809360846,0.19076165323890656,0.19558385639119394,0.2005291659986636,0.2056008201480888,0.2108021496725835,0.21613658140980932,0.22160764162092056,0.22721895958138,0.2329742713557782,0.2388774237698595,0.2449323785941512,0.25114321695489167,0.25751414398943523,0.26404949376489656,0.27075373448060996,0.27763147397694937,0.28468746557528946,0.2919266142763628,0.2993539833469861,0.3069748013282918,0.3147944695019957,0.3228185698551448,0.3310528735881796,0.3395033502160471,0.348176177317674,0.3570777509954225,0.36621469711327964,0.37559388339065053,0.38522243243789656,0.39510773583028896,0.4052574693291662,0.415679609372957,0.42638245097669136,0.437374627197044,0.44866513034132455,0.4602633351235081,0.47217902399932005,0.48442241494597094,0.49700419199169316,0.5099355388466031,0.5232281760412888,0.5368944020445001,0.550947138908652,0.5653999830843716,0.580267262156261,0.5955640983860238,0.6113064801114252,0.6275113422474127,0.6441966573781529,0.6613815392275851,0.6790863606666301,0.6973328888778133,0.716144440879503,0.735546063348251,0.7555647416174656,0.776229643940133,0.7975724086741501,0.8196274841087559,0.8424325333802056,0.8660289205829214,0.8904622991446995,0.915783330356319,0.9420485694602541,0.9693215701852022,0.9976742780539375,1.0,1.0,1.0,1.0,1.0,1.0,1.0,1.0,1.0,1.0,1.0,1.0,1.0,1.0,1.0,1.0,0.9753814997452397,0.9478805677516046,0.9214022464090927,0.8958812904384996,0.8712597280520133,0.8474857005298454,0.8245125336005379,0.8022979861118139,0.780803636053156
31.302,0.054725827153436955,0.05610322025383774,0.057515308552201196,0.0589629681281125,0.06044709734888332,0.06196861744943983,0.06352847312830591,0.06512763316016301,0.06676709102558429,0.06844786555847013,0.07017100161179672,0.07193757074230513,0.07374867191476153,0.07560543222645862,0.07750900765271795,0.07946058381406505,0.08146137676591987,0.08351263381158175,0.08561563433937887,0.08777169068490875,0.08998214901926169,0.09224839026429772,0.09457183103596574,0.09695392461680591,0.09939616195881279,0.1019000727178572,0.10446722632100693,0.10709923306809518,0.10979774526902256,0.11256445841831758,0.11540111240858053,0.1183094927845889,0.12129143203985553,0.12434881095763284,0.1274835599984202,0.13069766073620678,0.13399314734579362,0.1373721081437147,0.14083668718544148,0.14438908592171473,0.14803156491710276,0.1517664456340044,0.1555961122856548,0.15952301376184103,0.16354966563138662,0.16767865222570777,0.17191262880808766,0.17625432383366865,0.18070654130550806,0.18527216323253987,0.18995415219561382,0.1947555540284118,0.19967950062048426,0.20472921285029905,0.20990800365681078,0.2152192812588003,0.22066655253199888,0.22625342655488478,0.23198361833497744,0.23786095272850658,0.24388936856749943,0.2500729230095713,0.2564157961271571,0.26292229575445386,0.2695968626120871,0.276444075731455,0.28346865820282585,0.29067548327367815,0.2980695808264149,0.30565614426759957,0.31344053786418014,0.3214283045659242,0.3296251743575117,0.3380370731884704,0.34667013253451223,0.35553069964987144,0.36462534857714024,0.3739608919888723,0.38354439394411216,0.3933831836531567,0.40348487035541497,0.4138573594285363,0.42450886986226344,0.4354479532480398,0.44668351445580334,0.4582248341929917,0.47008159366821944,0.48226390161418076,0.4947823239617948,0.5076479165017228,0.5208722609213459,0.5344675046668175,0.5484464051529366,0.5628223789308517,0.5776095565282054,0.5928228438023474,0.6084779907996933,0.6245916692997602,0.6411815604492621,0.6582664541706079,0.6758663623743921,0.6940026484354167,0.7126981759308844,0.731977480320283,0.7518669681130303,0.7723951491819602,0.7935929093202942,0.8154938320210098,0.8381345809412136,0.8615553578291257,0.8858004551687106,0.9109189289229255,0.9369654252560661,0.964001207091314,0.9920954435198606,1.0,1.0,1.0,1.0,1.0,1.0,1.0,1.0,1.0,1.0,1.0,1.0,1.0,1.0,1.0,1.0,0.9852692724600309,0.9574352071189364,0.9306422366016359,0.9048232189536596,0.8799185815746385,0.8558751016484635,0.8326449324119859,0.8101848169492902,0.7884554469172864
31.583,0.05449800147315886,0.055869651606729166,0.05727585159426912,0.058717473792249744,0.060195412746043946,0.06171058576692076,0.06326393352502241,0.06485642065884331,0.06648903640171835,0.0681627952259445,0.06987873750505241,0.07163793019489723,0.0734414675341739,0.07529047176504815,0.07718609387458493,0.07912951435774801,0.08112194400267492,0.08316462469911672,0.08525883027082537,0.0874058673328093,0.0896070761743875,0.09186383166904236,0.09417754421207922,0.09654966068720985,0.09898166546321055,0.10147508142185842,0.1040314710184421,0.10665243737620708,0.10933962541615086,0.11209472302371998,0.11491946225399222,0.11781562057707044,0.12078502216548345,0.12382953922553804,0.12695109337465002,0.13015165706684298,0.13343325506873197,0.1367979659884468,0.1402479238601528,0.14378531978695536,0.14741240364521646,0.15113148585347586,0.1549449392094137,0.15885520079855944,0.16286477397866075,0.16697623044398435,0.1711922123740586,0.17551543467178354,0.17994868729614868,0.18449483769523456,0.18915683334560146,0.19393770440466615,0.19884056648317588,0.20386862354549112,0.20902517094598713,0.2143135986106265,0.21973739437346687,0.22530014747873744,0.23100555226003835,0.23685741200921478,0.24285964304858934,0.24901627902148837,0.255331475417335,0.2618095143491216,0.26845480960275103,0.27527191197958806,0.2822655149556792,0.2894404606833424,0.2968017463634955,0.30435453101988974,0.3121041427097332,0.3200560862087098,0.32821605121256864,0.3365899211019532,0.345183782322368,0.3540039344369636,0.36305690091647375,0.37234944073809456,0.38188856087367273,0.3916815297572469,0.4017358918331269,0.41205948329842174,0.4226604491685421,0.43354726181104747,0.44472874111267524,0.45621407646688356,0.4680128507954647,0.48013506684826346,0.49259117606072866,0.5053921102909186,0.5185493168068565,0.5320747969534698,0.5459811489974968,0.5602816157312316,0.5749901375146397,0.5901214115540414,0.6056909583589253,0.6217151964924985,0.6382115269440547,0.6551984287120758,0.6726955675090153,0.6907239198989336,0.7093059156796995,0.7284656019521627,0.7482288331190534,0.7686234920805805,0.7896797492154246,0.8114303674573479,0.833911064042277,0.8571609425116465,0.8812230126074464,0.9061448212097145,0.9319792250815221,0.9587853468562466,0.9866297708991927,1.0,1.0,1.0,1.0,1.0,1.0,1.0,1.0,1.0,1.0,1.0,1.0,1.0,1.0,1.0,1.0,0.9951760652160764,0.9670066554452214,0.9398971420705196,0.9137784301114832,0.8885893018515935,0.8642751351242379,0.8407868823155797,0.8180802477089327,0.7961150177473071
31.863,0.05427298543275405,0.055638963607047405,0.0570393481025658,0.058475007600165566,0.05994683287211745,0.061455737356258824,0.06300265774602314,0.06458855459686601,0.06621441294958762,0.06788124297117287,0.06959008061364996,0.0713419882916444,0.07313805557921696,0.07497939992667076,0.07686716739801461,0.07880253342980953,0.08078670361216014,0.08282091449264603,0.08490643440404541,0.08704456431671463,0.08923663871654511,0.09148402650951233,0.09378813195376698,0.096150395620413,0.09857229538410159,0.10105534744457986,0.10360110738055545,0.10621117123712832,0.10888717664826283,0.11163080399577083,0.11444377760639808,0.11732786698869371,0.120284888111453,0.12331670472562446,0.1264252297316825,0.12961242659462482,0.13288031080886337,0.13623095141543348,0.13966647257411152,0.14318905519321107,0.14680093861998894,0.1505044223948346,0.15430186807259566,0.15819570111467365,0.1621884128557442,0.16628256254925675,0.17048077949618567,0.1747857652618127,0.1792002959856956,0.18372722479037862,0.18836948429483102,0.19313008923903904,0.1980121392267572,0.20301882159391138,0.20815341441081583,0.2134192896270301,0.21881991636840217,0.22435886439668626,0.23003980774300653,0.23586652852742912,0.24184292097797594,0.24797299566366265,0.2542608839574023,0.2607108427461585,0.26732725940729407,0.2741146570719346,0.2810777001981164,0.2882212004787991,0.29555012311221723,0.3030695934649757,0.31078490416124893,0.318701522635106,0.3268250991867713,0.3351614755881468,0.3437166942878363,0.35249700827157165,0.3615088916402815,0.3707590509752612,0.3802544375681125,0.3900022606024304,0.4000100013849138,0.41028542873575996,0.42083661566220765,0.43167195745522235,0.44280019136791576,0.45423041805578873,0.46597212498389445,0.4780352120350808,0.4904300195874411,0.5031673593689148,0.5162585484438238,0.5297154467414,0.5435504986018941,0.5577767788938317,0.5724080443491799,0.5874587908750538,0.6029443177355209,0.6188807996606285,0.6352853681390176,0.6521762033946571,0.6695726388490497,0.6874952802432777,0.7059661420597475,0.7250088044684752,0.7446485947632987,0.7649127981982368,0.7858309043500101,0.8074348967110568,0.8297595952865093,0.8528430647092758,0.87672710405856,0.9014578395451797,0.927086448066531,0.9536700491679024,0.9812728164481048,1.0,1.0,1.0,1.0,1.0,1.0,1.0,1.0,1.0,1.0,1.0,1.0,1.0,1.0,1.0,1.0,1.0,0.9765950669170549,0.9491670884235691,0.9227470268993055,0.8972719738102078,0.8726858713535584,0.8489384419346807,0.8259843274155305,0.8037823896977044
32.144,0.054050722037683,0.055411097814578515,0.056805738153918185,0.05823550810742813,0.05970129472207894,0.06120400761143404,0.06274457954278113,0.06432396704055011,0.06594315100653217,0.06760313735746808,0.06930495768057873,0.07104966990762453,0.07283835900812115,0.07467213770241032,0.07655214719519553,0.07847955793033876,0.08045557036760634,0.08248141578221196,0.08455835708793505,0.08668768968470444,0.08887074233158576,0.09110887804607536,0.09340349503077099,0.09575602762844404,0.0981679473066541,0.1006407636730795,0.10317602552283091,0.10577532191902682,0.10844028330808589,0.11117258267114981,0.11397393671323068,0.11684610709176156,0.11979090168624401,0.1228101759109174,0.12590583407239392,0.12907983077438007,0.1323341723717209,0.13567091847615345,0.1390921835163145,0.14260013835470692,0.14619701196454138,0.14988509316952506,0.1536667324499296,0.15754434381847038,0.16152040676979754,0.1655974683076812,0.16977814505424968,0.1740651254459852,0.1784611720215322,0.18296912380674082,0.1875918988028203,0.19233249658390306,0.19719400101084697,0.20217958306863798,0.20729250383534545,0.21253611759128943,0.21791387507771623,0.22342932691516945,0.229086127192522,0.23488803723867843,0.2408389295899363,0.24694279216724,0.25320373267876617,0.2596259832648025,0.2662139054033575,0.2729719950967939,0.27990488836164473,0.2870173670460018,0.29431436500124075,0.30180097463756256,0.3094824538958607,0.3173642336717711,0.3254519257315934,0.33375133116398975,0.3422684494162153,0.3510094879690191,0.35998087271048523,0.36918925907605654,0.3786415440298039,0.38834487897105713,0.3983066836606935,0.408534661273098,0.41903681469327114,0.4298214641939365,0.4408972666453619,0.4522732364310936,0.46395876826674654,0.47596366214663594,0.4882981506754642,0.5009729290801491,0.5139991882413564,0.5273886511368222,0.5411536131506532,0.5553069867765864,0.5698623513313265,0.5848340083996064,0.6002370438598162,0.6160873974928326,0.6324019413638359,0.6491985683956764,0.6664962928337316,0.6843153646503395,0.7026774003703633,0.7216055333428851,0.7411245871702066,0.7612612768784947,0.7820444435345862,0.8035053294632717,0.8256779031134804,0.8485992451217417,0.872310010456831,0.8968549860332518,0.9222837693405864,0.9486516021782668,0.9760204056159252,1.0,1.0,1.0,1.0,1.0,1.0,1.0,1.0,1.0,1.0,1.0,1.0,1.0,1.0,1.0,1.0,1.0,0.9862005982564783,0.958452203164968,0.9317291137360546,0.9059666834675509,0.8811073815685281,0.8570996705378573,0.8338971055950354,0.8114576043143803
32.424,0.05383115588979961,0.05518599742617876,0.05657496350397156,0.05799891559127734,0.05945873705655369,0.060955333737205436,0.06248963452386628,0.06406259196085336,0.06567518286332077,0.06732840895167337,0.06902329750379677,0.0707609020256822,0.07254230294111715,0.07436860830102143,0.07624095451317511,0.0781605070929957,0.08012846143614649,0.08214604361373264,0.08421451119091604,0.08633515406980406,0.08850929535750311,0.09073829226032042,0.09302353700506559,0.09536645778853269,0.09776851975627486,0.10023122601180136,0.10275611865748463,0.10534477986841831,0.10799883300064779,0.11071994373520753,0.11350982125949968,0.11637021948765654,0.11930293832161412,0.12230982495471954,0.12539277521984218,0.12855373498403816,0.13179470159198806,0.13511772536054445,0.13852491112689694,0.14201841985301483,0.1456004702892163,0.1492733406999072,0.15303937065473136,0.15690096288863598,0.1608605852345436,0.16492077263266222,0.16908412922069496,0.17335333050957002,0.1777311256496411,0.18222033979267152,0.1868238765553599,0.19154472059057184,0.1963859402729668,0.20135069050622068,0.20644221565963047,0.21166385264255333,0.21701903412579365,0.2225112919198649,0.22814426052086367,0.23392168083566228,0.23984740409913025,0.24592539599721827,0.2521597410110486,0.2585546469984523,0.2651144500310084,0.271843619506304,0.2787467635570187,0.28582863478055853,0.2930941363152811,0.3005483282920017,0.3081964346923456,0.3160438506488087,0.3240961502250454,0.33235909471901426,0.34083864153624444,0.34954095368572746,0.3584724099568074,0.36763961584217264,0.377049415279602,0.3867089032937618,0.396625439629195,0.40680666347686156,0.41726050940949333,0.42799522465579015,0.4390193878605529,0.45034192949746643,0.46197215412410647,0.4739197646951475,0.4861948891806597,0.498808109772419,0.5117704950035374,0.5250936351565451,0.5387896813940101,0.5528713891157142,0.567352166129763,0.5822461263247412,0.5975681496499659,0.6133339493557423,0.6295601476214333,0.6462643609138261,0.6634652966817742,0.6811828633184529,0.6994382957267434,0.7182542993288746,0.7376552159981886,0.7576672161990912,0.7783185226550974,0.7996396721989294,0.82166382419589,0.8444271262165536,0.8679691506719657,0.8923334202085068,0.9175680452201529,0.9437265045104856,0.9708686108877522,0.9990617187839105,1.0,1.0,1.0,1.0,1.0,1.0,1.0,1.0,1.0,1.0,1.0,1.0,1.0,1.0,1.0,1.0,0.9958234087810149,0.9677526157364692,0.9407247965009017,0.9146735179505555,0.8895397378512335,0.8652706280491007,0.8418186322819209,0.8191407035400076
32.705,0.05361423313070026,0.054963607217691085,0.056346967527609176,0.05776517198949627,0.059219100339099454,0.060709654684779076,0.06223776008896275,0.06380436516568228,0.06541044269473398,0.06705699025294345,0.06874503086314965,0.0704756136614798,0.07224981458351869,0.07406873707002476,0.07593351279288199,0.0778453024019433,0.07980529629355367,0.08181471540149378,0.08387481201115535,0.08598687059781081,0.08815220868985704,0.09037217775797002,0.09264816413116743,0.09498158994079543,0.09737391409356018,0.09982663327472692,0.10234128298272628,0.10491943859643035,0.10756271647647327,0.11027277510202638,0.11305131624457132,0.1159000861802563,0.11882087694254545,0.12181552761697989,0.12488592567994243,0.12803400838349255,0.13126176418842386,0.13457123424784964,0.13796451394379097,0.1414437544793654,0.14501116452939525,0.14866901195241236,0.15241962556724625,0.15626539699763073,0.1602087825884716,0.16425230539769978,0.16839855726792666,0.1726502009824016,0.17700997251014208,0.18148068334543788,0.18606522294738662,0.19076656128546182,0.1955877514977041,0.20053193266856362,0.20560233273401626,0.2108022715222085,0.21613516393858584,0.221604523305146,0.22721396486436857,0.23296720945922378,0.23886808740165805,0.2449205425431315,0.2511286365618725,0.25749655348300227,0.2640286044490382,0.27072923276005467,0.2776030192045141,0.2846546877038845,0.29188911129639344,0.2993113184878102,0.3069264999999653,0.31474001595089773,0.32275740350401316,0.33098438502768956,0.3394268768111453,0.34809099838752755,0.3569830825207725,0.36610968591931375,0.375477600746961,0.38509386700960285,0.39496578590584125,0.4051009342404404,0.41550718001187215,0.42619269929937165,0.4371659945912861,0.44843591471529176,0.4600116765528637,0.4719028887456575,0.4841195776309205,0.4966722156774251,0.509571752733724,0.5228296504479545,0.5364579202743553,0.5504691655480207,0.5648766281883373,0.5796942406858623,0.5949366841406689,0.6106194532567177,0.6267589293623461,0.6433724627286471,0.6604784657045362,0.6780965184917481,0.6962474897604071,0.7149536747768135,0.7342389543068764,0.7541289783077726,0.7746513793761863,0.7958360221510681,0.8177152964651888,0.8403244641320016,0.8637020720254748,0.8878904478220311,0.9129362998055954,0.9388914490492091,0.9658137319205604,0.9937681244989904,1.0,1.0,1.0,1.0,1.0,1.0,1.0,1.0,1.0,1.0,1.0,1.0,1.0,1.0,1.0,1.0,1.0,0.9770684575597867,0.9497341825626441,0.9233925655166226,0.8979830131483407,0.8734513750582494,0.8497489580266989,0.826831729719477
32.986,0.053399901387486466,0.05474387348829802,0.05612169516190379,0.05753422084190664,0.058982326676217,0.06046691109026864,0.06198889536571985,0.06354922423512678,0.06514886649311286,0.0667888156245752,0.0684700904504637,0.0701937357917372,0.0719608231521086,0.07377245142017037,0.07562974759163492,0.07753386751232154,0.07948599664265282,0.0814873508444225,0.08353917719060917,0.08564275479911208,0.0877993956912448,0.09001044567596861,0.09227728526078208,0.09460133059032669,0.09698403441378085,0.09942688708216493,0.10193141757677228,0.10449919456999357,0.1071318275198401,0.1098309677996289,0.11259830986427868,0.11543559245482439,0.11834459984283127,0.1213271631164571,0.12438516151009875,0.12752052377959033,0.13073522962509493,0.13403131116397837,0.1374108544560614,0.1408760010838346,0.14442894979039347,0.1480719581780166,0.15180734447052763,0.1556374893428031,0.1595648378210206,0.16359190125747128,0.1677212593841014,0.1719555624491825,0.17629753344189156,0.18074997040990076,0.18531574887550473,0.18999782435620569,0.19479923499616902,0.19972310431544357,0.2047726440844247,0.20995115733162417,0.21526204149348854,0.22070879171574576,0.2262950043165206,0.23202438042243442,0.2379007297897582,0.24392797482386275,0.25011015481133725,0.25645143038045626,0.26295608820716204,0.26962854598526503,0.276473357681425,0.2834952190973612,0.2906989737640125,0.2980896191947946,0.30567231352779406,0.31345238258988495,0.32143532741907527,0.32962683228533984,0.3380327732544171,0.3466592273439941,0.35551248232714233,0.36459904724410136,0.3739256636905523,0.3834993179584679,0.3933272541147923,0.4034169881135221,0.4137763230486391,0.42441336566900434,0.4353365442918756,0.4465546282698427,0.4580767491867442,0.4699124239823494,0.48207158023368657,0.4945645838537036,0.5074022695063363,0.5205959740822043,0.5341575736323143,0.5480995242201409,0.5624349072272499,0.5771774797369349,0.5923417307273561,0.6079429439345179,0.6239972684013816,0.6405217979190416,0.6575346607977969,0.6750551216911511,0.6931036975486163,0.7117022902125468,0.7308743387250058,0.7506449951061326,0.771041328250417,0.7920925617225155,0.8138303527035969,0.8362891212587251,0.8595064416291724,0.8835235106337298,0.9083857128268348,0.9341433083024913,0.9608522776886924,0.988575371066184,1.0,1.0,1.0,1.0,1.0,1.0,1.0,1.0,1.0,1.0,1.0,1.0,1.0,1.0,1.0,1.0,1.0,0.9863998620801886,0.9587573808098704,0.9321239155747254,0.906437281286006,0.8816419728316303,0.8576881339035677,0.8345307256054418
33.266,0.053188109720832204,0.0545267440072736,0.05589909285146902,0.0573060072343248,0.05874835975984266,0.0602270452157149,0.06174298114928917,0.06329710845942127,0.06489039200472255,0.06652382122873148,0.06819841080254752,0.06991520128553509,0.07167525980466254,0.07347968075313023,0.07532958650894443,0.07722612817411281,0.0791704863351871,0.08116387184591338,0.08320752663276977,0.08530272452423583,0.08745077210463689,0.08965300959351988,0.0919108117514786,0.09422558881346486,0.09659878745065772,0.09903189176196536,0.10152642429642975,0.1040839471076763,0.10670606284181158,0.10939441586012773,0.11215069339807889,0.11497662676211168,0.11787399256599145,0.1208446140083762,0.1238903621935014,0.1270131574969484,0.13021497097859738,0.13349782584500838,0.13686379896357942,0.14031502243106175,0.143853685199083,0.14748203475961458,0.1512023788934273,0.15501708748484616,0.15892859440634344,0.1629393994767189,0.16705207049695725,0.17126924536807658,0.17559363429564714,0.18002802208602078,0.18457527053962683,0.1892383209472016,0.1940201966951945,0.19892400598709833,0.20395294468807315,0.2091102993006915,0.21439945008040706,0.21982387429999417,0.22538714967300086,0.23109295794712661,0.23694508867937353,0.2429474432058653,0.24910403882039472,0.25541901317698695,0.2618966289332231,0.26854127865259203,0.27535748998587056,0.2823499311534611,0.2895234167527135,0.29688291391668636,0.3044335488533987,0.31218061379761547,0.3201295744105142,0.328286077666292,0.3366559602689708,0.345245257647316,0.3540602135811359,0.3631072905181667,0.372393180647579,0.38192481780379645,0.3917093902830943,0.4017543546654385,0.41206745074537726,0.422656717688931,0.43353051154838806,0.4446975242841991,0.456166804463153,0.46794777982511643,0.4800502819374775,0.49248457318776856,0.5052613764015471,0.5183919074155763,0.5318879109869414,0.5457617004785756,0.5600262018326263,0.5746950024277024,0.5897824055172717,0.6053034910682237,0.6212741839656362,0.6377113307283486,0.6546327860978599,0.672057511130562,0.6900056847536128,0.7084988311551201,0.7275599658926035,0.7472137642502371,0.7674867561960109,0.7884075533396911,0.8100071146472339,0.8323190594315266,0.8553800384597812,0.8792301771026345,0.9039136085982028,0.9294791211526581,0.9559809503953909,0.983479759629143,1.0,1.0,1.0,1.0,1.0,1.0,1.0,1.0,1.0,1.0,1.0,1.0,1.0,1.0,1.0,1.0,1.0,0.9957469648113523,0.9677945016819189,0.9408676587070305,0.9149026169851381,0.889842483322926,0.8656362115182197,0.8422377343639668
33.547,0.05297880857523281,0.05431216796294971,0.055679108496144436,0.05708047774488728,0.05851714481231866,0.05999000089264129,0.061499959844392334,0.06304795877953384,0.06463495866880778,0.06626194496391702,0.06792992823708134,0.06963994483851343,0.07139305757243151,0.07319035639222435,0.07503295911543806,0.07692201215922262,0.07885869129699447,0.08084420243704318,0.08287978242385448,0.08496669986299543,0.08710625597038958,0.08929978544691664,0.09154865737926167,0.09385427616803818,0.0962180824842042,0.09864155425491428,0.10112620767994628,0.10367359827994929,0.1062853219778185,0.1089630162145442,0.11170836110102964,0.11452308060737455,0.11740894379128716,0.12036776606731443,0.12340141051877422,0.1265117892542796,0.12970086481095583,0.13297065160654495,0.1363232174427259,0.1397606850621574,0.14328523376188712,0.14689910106597623,0.15060458446036984,0.15440404319323386,0.15829990014424744,0.16229464376654737,0.16639083010530226,0.17059108489719144,0.17489810575535997,0.1793146644447765,0.1838436092532938,0.1884878674641125,0.19325044793578472,0.19813444379639258,0.20314303525907412,0.20827949256659567,0.21354717907337722,0.2189495544740132,0.22449017818812164,0.23017271291217978,0.23600092834994232,0.24197870513402514,0.24811003895239056,0.2543990448946649,0.26084996203463506,0.2674671582667257,0.274255135415989,0.28121853464294067,0.2883621421667173,0.29569089533224957,0.30320988904977586,0.31092438263787014,0.31883980710433907,0.32696177290298795,0.3352960782082566,0.34384871775426795,0.35262589228997615,0.3616340187078494,0.37087974091009823,0.3803699414838266,0.39011175426497674,0.40011257788048654,0.41038009036906664,0.4209222649935696,0.4317473873722953,0.44286407407316986,0.45428129283387764,0.46600838459312305,0.47805508754390874,0.4904315634496264,0.503148426498696,0.5162167750144206,0.529648226384926,0.5434549556348922,0.557649738128216,0.5722459969709371,0.5872578557796339,0.6027001975956015,0.618588730863899,0.6349400635646587,0.6517717867890265,0.6691025693033096,0.6869522649544252,0.7053420351535542,0.7242944891538554,0.7438338454400515,0.7639861183097054,0.7847793346983014,0.8062437875513586,0.8284123336710981,0.8513207460945171,0.8750081338803991,0.899517445961061,0.9248960808381367,0.9511966309411176,0.9784778002802931,1.0,1.0,1.0,1.0,1.0,1.0,1.0,1.0,1.0,1.0,1.0,1.0,1.0,1.0,1.0,1.0,1.0,1.0,0.9768456572006639,0.9496238866910465,0.9233790958769944,0.8980529691842611,0.8735932430157907,0.849952799580278
33.827,0.05277194973133844,0.05410009591383497,0.05546169140084439,0.05685758039263126,0.05828862853364014,0.05975572346793309,0.06125977540983073,0.06280171773024022,0.06438250755919024,0.06600312640507662,0.06766458079114311,0.06936790290982335,0.07111415129546096,0.0729044115160729,0.07473979688478323,0.07662144919161964,0.07855053945632805,0.08052826870301587,0.08255586875732594,0.08463460306701567,0.08676576754673265,0.08895069144792317,0.09119073825480942,0.09348730660738012,0.09584183125248777,0.09825578402412027,0.10073067485398601,0.10326805281366395,0.10586950718955992,0.1085366685920644,0.11127121010031911,0.11407484844411925,0.11694934522454402,0.11989650817504062,0.12291819246474851,0.12601630204598455,0.12919279104792197,0.13244966521863255,0.1357889834177923,0.13921285916250187,0.14272346222883991,0.14632302031193647,0.15001382074753877,0.15379821229827156,0.1576786070079694,0.16165748212775302,0.16573738211773073,0.16992092072853554,0.17421078316717126,0.1786097283520258,0.1831205912622099,0.18774628538685198,0.19248980528034362,0.1973542292300311,0.20234272204339646,0.20745853796226385,0.21270502371224526,0.21808562169629814,0.2236038733419962,0.22926342261295893,0.23506801969574503,0.24102152487454176,0.24712791260704509,0.2533912758161313,0.2598158304132607,0.2664059200710015,0.27316602126370726,0.28010074859719447,0.28721486045022726,0.2945132649529108,0.30200102632955805,0.30968337163633836,0.31756569792718753,0.3256535798848866,0.33395277795815875,0.34246924704998954,0.35120914580734025,0.3601788465680233,0.3693849460267643,0.3788342766896907,0.3885339191945562,0.39849121558329315,0.40871378362401223,0.4192095322916308,0.42998667853017686,0.4410537654356732,0.45241968201688276,0.46409368471237344,0.4760854208669596,0.4884049543991349,0.501062793924523,0.5140699236393822,0.5274378373141226,0.5411785758009111,0.5553047685234695,0.5698296794933404,0.5847672584877153,0.600132198132867,0.6159399977683736,0.632207035126064,0.6489506470506795,0.6661892207253832,0.6839422971556565,0.702230689024501,0.7210766154793984,0.7405038569725763,0.7605379339848364,0.7812063143649831,0.8025386551741445,0.824567086422256,0.8473265460414063,0.8708551780247412,0.8951948091081362,0.9203915240290828,0.9464963657681407,0.9735661960165445,1.0,1.0,1.0,1.0,1.0,1.0,1.0,1.0,1.0,1.0,1.0,1.0,1.0,1.0,1.0,1.0,1.0,1.0,0.9859109610031468,0.9583926925223197,0.9318667945191343,0.9062734937775305,0.8815592810889725,0.8576759652646095
34.108,0.05256748626025899,0.05389047974173799,0.05524679222749649,0.05663726458818272,0.058062759050875816,0.05952415975198025,0.06102237330527686,0.062558329385549,0.06413298132831163,0.06574730674617278,0.06740230816231539,0.06909901366170669,0.07083847756060906,0.07262178109497873,0.07445003312842638,0.07632437088037888,0.07824596067515115,0.0802159987126634,0.08223571186155039,0.08430635847549027,0.08642922923356958,0.0886056480055881,0.09083697274320587,0.09312459639794791,0.09546994786703589,0.09787449296819284,0.10033973544449365,0.10286721800051818,0.10545852337102522,0.1081152754235285,0.11083914029615015,0.1136318275722759,0.11649509149357318,0.1194307322130752,0.12244059709006794,0.12552658202871886,0.12869063286241586,0.13193474678595166,0.1352609738378364,0.13867141843513434,0.14216824096340916,0.1457536594245191,0.149429951145179,0.15319945454944411,0.1570645709984218,0.1610277667008366,0.16509157469825364,0.16925859692908082,0.17353150637576936,0.17791304929994883,0.18240604757057874,0.18701340109064035,0.19173809032821731,0.19658317895838398,0.2015518166227421,0.20664724181403005,0.21187278489384756,0.21723187125214527,0.22272802461792923,0.22836487053133903,0.23414613998821562,0.24007567326916776,0.246157423966252,0.2523954632215285,0.2587939841930414,0.2653573067652309,0.27208988252231764,0.27899630000500136,0.2860812902727403,0.2933497327960232,0.30080666170552595,0.3084572724276596,0.31630692873907273,0.3243611702760498,0.3326257205384683,0.34110649543231525,0.34980961239943315,0.3587414001886597,0.36790840932854985,0.3773174233687882,0.3869754709652383,0.39688983889246626,0.4070680860777319,0.417518058762062,0.4282479069072818,0.43926610198319205,0.4505814562866345,0.4622031439645229,0.47414072393646034,0.4864041649398964,0.4990038729526642,0.5119507212850267,0.5252560836771067,0.5389318707891174,0.5529905705327252,0.5674452927642163,0.5823098189462911,0.5975986574885053,0.6133271056004262,0.6295113186414525,0.6461683881332788,0.6633164298231823,0.6809746834591064,0.6991636262744194,0.717905102598881,0.7372224725361266,0.7571407833078876,0.7776869677028719,0.7988900751402462,0.8207815422413508,0.8433955116058037,0.8667692098596425,0.8909433991967907,0.9159629208773599,0.9418773549251276,0.9687418282460573,0.9966180145738727,1.0,1.0,1.0,1.0,1.0,1.0,1.0,1.0,1.0,1.0,1.0,1.0,1.0,1.0,1.0,1.0,1.0,0.9949905283750918,0.9671741704376935,0.9403657904117431,0.914504121185966,0.8895343789862812,0.8654072758581683
34.388,0.052365372479752814,0.05368327260684938,0.05503436294895559,0.05641948108650935,0.057839485869712985,0.05929525796896333,0.060787700440298194,0.062317739306401804,0.06388632415355648,0.06549442874514984,0.06714305165221333,0.06883321690155927,0.07056597464210326,0.07234240182997442,0.07416360293303936,0.07603071065550171,0.0779448866832816,0.07990732245087345,0.0819192399304503,0.08398189244402612,0.08609656549947003,0.08826457765127985,0.09048728138701356,0.09276606404034739,0.09510234873177621,0.09749759533801691,0.09995330149124282,0.10247100360933865,0.10505227795842342,0.10769874174893491,0.11041205426673491,0.11319391804063786,0.11604608004795733,0.1189703329597435,0.12196851642741828,0.12504251841271088,0.12819427656283494,0.1314257796330317,0.13473906895869567,0.13813623997945862,0.14161944381777397,0.1451908889146927,0.1488528427257049,0.1526076334797416,0.1564576520046054,0.16040535362235891,0.16445326011844646,0.16860396178857148,0.1728601195676714,0.17722446724565094,0.18169981377485753,0.18628904567469193,0.1909951295391414,0.19582111465347704,0.2007701357268378,0.20584541574801324,0.21105026897222015,0.2163881040474361,0.22186242728946742,0.22747684611573557,0.23323507264863985,0.23914092750023197,0.24519834375105587,0.2514113711370421,0.25778418045968926,0.26432106823611384,0.2710264616070786,0.2779049235228407,0.2849611582285294,0.2922000170728931,0.299626504666553,0.307245785418569,0.3150631904829938,0.3230842251503823,0.33131457672286774,0.3397601229155361,0.34842694083144554,0.3573213165628451,0.36644975547703784,0.37581899325198465,0.3854360077342951,0.3953080317008518,0.4054425666150623,0.41584739747993016,0.42653060890289907,0.437500602502113,0.4487661158005908,0.4603362427743578,0.47222045624303943,0.48442863231769406,0.49697107715108657,0.509858556271227,0.5231023268207614,0.5367141730739132,0.550706445660654,0.5650921049965337,0.5798847694984509,0.5950987692644102,0.610749206012785,0.6268520202182799,0.6434240665535333,0.6604831989546466,0.6780483668854351,0.6961397246913964,0.7147787563265021,0.7339884182254673,0.7537933037094485,0.7742198330923595,0.79529647464955,0.8170540028906876,0.8395258022412995,0.862748226417747,0.8867610266697457,0.9116078659365731,0.9373369412160407,0.9640017436663939,0.991661996032909,1.0,1.0,1.0,1.0,1.0,1.0,1.0,1.0,1.0,1.0,1.0,1.0,1.0,1.0,1.0,1.0,1.0,1.0,0.9759684159391437,0.9488761620143213,0.9227449162259433,0.8975185905204848,0.8731467762392006
34.669,0.05216556391220918,0.053478428904643695,0.054824356804811916,0.05620418194157188,0.05761875982795139,0.05906896770914274,0.06055570512541715,0.062079894490489625,0.06364248168578951,0.06524443667112778,0.06688675411233776,0.06857045402638476,0.07029658244455893,0.07206621209433862,0.07388044310052631,0.07574040370636309,0.07764725101523998,0.07960217175378122,0.08160638305701029,0.0836611332763995,0.08576770281161097,0.08792740496682096,0.09014158683249936,0.09241163019362549,0.0947389524653191,0.09712500765697271,0.09957128736593,0.10207932180198372,0.10465068084381254,0.10728697512875936,0.10998985717724442,0.11276102255333575,0.11560221106296985,0.11851520799148206,0.12150184538214685,0.1245640033575933,0.1277036114860109,0.13092265019423976,0.13422315222990966,0.1376072041750079,0.1410769480133294,0.14463458275448624,0.14828236611731133,0.15202261627565922,0.15585771366987278,0.1597901028873331,0.1638222946158381,0.16795686767374077,0.17219647112113173,0.17654382645660277,0.1810017299045424,0.1855730547981941,0.190260754064199,0.19506786281472338,0.19999750105376127,0.20505287650478615,0.21023728756738677,0.21555412641127583,0.22100688221664513,0.22659914457066294,0.23233460703071315,0.23821707086588242,0.2442504489892316,0.25043877009445475,0.25678618301181627,0.26329696129951713,0.2699755080882218,0.27682636119810045,0.28385419854954136,0.2910638438908137,0.2984602728681517,0.30604861946631345,0.3138341828504892,0.3218224346435724,0.3300190266763995,0.33842979925248245,0.3470607899732771,0.35591824317504467,0.3650086200340527,0.3743386094032874,0.3839151394511503,0.39374539018087046,0.4038368069187896,0.4141971148704455,0.4248343348556539,0.4357568003479131,0.4469731759596525,0.45849247753357464,0.47032409402192654,0.4824778113606391,0.494963838574424,0.5077928363829716,0.5209759486182384,0.5345248368096795,0.5484517183495007,0.5627694087154324,0.5774913683062608,0.5926317545381771,0.6082054799612631,0.6242282772894955,0.6407167723998655,0.6576885665536376,0.6751623293342188,0.6931579040932087,0.711696428063884,0.7308004697594667,0.750494186847979,0.7708035084213238,0.7917563465001882,0.8133828428024936,0.8357156583390162,0.8587903154078936,0.8826456042115711,0.9073240698608138,0.9328726003151634,0.9593431423584756,0.9867935817998011,1.0,1.0,1.0,1.0,1.0,1.0,1.0,1.0,1.0,1.0,1.0,1.0,1.0,1.0,1.0,1.0,1.0,1.0,0.9847755258182157,0.9573979887627722,0.9309959444590464,0.9055119700772043,0.8808945117291695
34.95,0.051968017244336265,0.05327590422453128,0.05461672825899107,0.05599132046285794,0.057400533050911876,0.058845239883148354,0.06032633702520656,0.0618447433241339,0.06340140099999925,0.06499727625377415,0.06663335989211763,0.06831066796949598,0.07003024244830244,0.07179315187751005,0.07360049209049303,0.07545338692267341,0.07735298894966472,0.07930048024661512,0.08129707316949394,0.08334401115910436,0.08544256956862419,0.08759405651554542,0.0897998137588848,0.09206121760263332,0.09437967982641456,0.09675664864440824,0.09919360969362083,0.10169208705267532,0.10425364429231039,0.1068798855589241,0.10957245669246507,0.1123330463801464,0.11516338734747243,0.11806525758822256,0.12104048163504545,0.1240909318725239,0.12721852989458338,0.1304252479083117,0.13371311018632356,0.13708419457001692,0.14054063402612338,0.14408461825920182,0.14771839538285042,0.1514442736526134,0.1552646232637626,0.15918187821735255,0.1631985382581932,0.16731717088863288,0.1715404134623405,0.1758709753625559,0.18031164026965452,0.1848652685231728,0.18953479958390643,0.1943232546020469,0.1992337390978676,0.20426944576191747,0.20943365738228098,0.21472974990706617,0.22016119565094255,0.22573156665530789,0.23144453821246017,0.23730389256502757,0.24331352279292498,0.2494774369011469,0.25579976212292105,0.2622847494540365,0.26893677843565855,0.2757603622044906,0.2827601528309988,0.2899409469683342,0.2973076918368417,0.30486549157148785,0.31261961396227617,0.3205754976207921,0.3287387596094624,0.3371152035739517,0.34571082842345074,0.35453183760848694,0.36358464905138627,0.3728759057907089,0.3824124874080414,0.39220152231348776,0.4022504009753128,0.41256679018950576,0.4231586484969437,0.43403424286929976,0.44520216680052715,0.45667135995863295,0.4684511295732399,0.4805511737584344,0.49298160699834903,0.5057529880554933,0.5188763505998982,0.5323632369018986,0.5462257349840061,0.5604765196896123,0.5751288982002004,0.5901968606208927,0.6056951363596562,0.6216392571524637,0.6380456277400569,0.6549316053883238,0.6723155896718207,0.6902171242194082,0.7086570124661465,0.7276574498847428,0.7472421757068834,0.7674366478216822,0.7882682453981226,0.809766504878912,0.8319633964143658,0.8548936496572367,0.8785951402776803,0.9031093518018987,0.928481931744992,0.9547633669612544,0.9820098113610647,1.0,1.0,1.0,1.0,1.0,1.0,1.0,1.0,1.0,1.0,1.0,1.0,1.0,1.0,1.0,1.0,1.0,1.0,0.9935955981810776,0.9659313510868734,0.9392572722043884,0.9135145726236831,0.8886505280990501
35.23,0.051772690288476315,0.053075655310189616,0.05441143295905569,0.055780851173627355,0.05718475890861444,0.05862402667804457,0.06009954711325113,0.061612235536090514,0.06316303054790863,0.06475289463470346,0.066382814789063,0.06805380314938057,0.06976689765690891,0.0715231627312741,0.07332368996501,0.07516959883782465,0.0770620374511988,0.07900218328405412,0.08099124397023978,0.08303045809854974,0.08512109603614448,0.0872644607761653,0.08946188881046625,0.09171475102836485,0.09402445364241903,0.09639243914222825,0.09882018727738136,0.1013092160706408,0.10386108286262853,0.10647738538922374,0.1091597628930508,0.1119098972704688,0.11472951425554834,0.11762038464262305,0.12058432554911686,0.12362320172039973,0.12673892687857513,0.12993346511721104,0.13320883234413633,0.13656709777457116,0.1400103854770184,0.14354087597446832,0.1471608079036888,0.15087247973548779,0.15467825155912646,0.1585805469341766,0.16258185481343404,0.16668473154070892,0.17089180292759457,0.17520576641363078,0.17962939331458255,0.18416553116393894,0.18881710615307035,0.1935871256759805,0.1984786809849524,0.20349494996398929,0.2086392000274001,0.21391479115156453,0.21932517904851428,0.2248739184906827,0.23056466679702176,0.2364011874914822,0.24238735414585896,0.24852715442000348,0.25482469431364907,0.2612842026452545,0.26791003577480943,0.27470668258901737,0.2816787697690675,0.2888310673630942,0.2961684946876104,0.30369612658453904,0.3114192000631779,0.31934312135935955,0.32747347344745315,0.3358160240445269,0.3443767341502229,0.353161767170608,0.36217749867953797,0.37143052687714306,0.3809276838117684,0.39067604743946727,0.40068295460386494,0.41095601502921847,0.42150312643088855,0.43233249086051184,0.44345263241810334,0.45487241648063814,0.466601070616513,0.4786482073783543,0.4910238491934018,0.5037384556018737,0.516802953130097,0.5302287681279281,0.5440278629502163,0.5582127759214054,0.5727966655927268,0.5877933598852226,0.6032174108119883,0.6190841555933265,0.6354097851236623,0.6522114209251435,0.6695072019374325,0.6873163827563362,0.7056594452583086,0.724558225950321,0.7440360618873186,0.764117958631484,0.7848307845284312,0.8062034965980721,0.8282674046547943,0.8510564819830304,0.8746077331399092,0.8989616324345031,0.9241626506265809,0.9502598928093974,0.9773078779002216,1.0,1.0,1.0,1.0,1.0,1.0,1.0,1.0,1.0,1.0,1.0,1.0,1.0,1.0,1.0,1.0,1.0,1.0,1.0,0.9744763304281671,0.9475289665512028,0.921526453717729,0.8964148715757415
35.511,0.05157954194546906,0.05287764002148031,0.0542084276971482,0.0555727297708775,0.056971391974716144,0.058405281515208504,0.05987528762893559,0.06138232215322531,0.0629273201125122,0.0645112403208236,0.06613506600092008,0.0677998054206179,0.06950649254685398,0.07125618771808889,0.07304997833562693,0.07488897957451753,0.076774335114683,0.07870721789298762,0.08068883087693053,0.0827204078607915,0.08480321428495313,0.08693854807929097,0.08912774053146694,0.09137215718109588,0.09367319874068995,0.09603230204444804,0.09845094102594912,0.10093062772586033,0.10347291333086045,0.10607938924504995,0.10875168819512986,0.1114914853707825,0.11430049960172657,0.11718049457299894,0.12013328008012708,0.1231607133259548,0.12626470026096404,0.12944719696910406,0.13271021110118553,0.13605580335811454,0.13948608902632464,0.1430032395679273,0.14660948426832018,0.15030711194408555,0.15409847271429927,0.15798597983850773,0.16197211162490546,0.16605941341248134,0.17025049963115776,0.17454805594426223,0.17895484147797927,0.1834736911427679,0.18810751805211873,0.19285931604443984,0.19773216231429888,0.2027292201597169,0.20785374185280545,0.21310907164156445,0.21849864889130974,0.2240260113749239,0.2296947987218894,0.23550875603686533,0.24147173769957603,0.24758771135872276,0.25386076213382913,0.26029509704012815,0.2668950496529878,0.27366508502992754,0.2806098049099161,0.287733953211547,0.2950424218537822,0.3025402569252301,0.3102326652305687,0.3181250212455298,0.3262228745151983,0.3345319575338854,0.3430581941489587,0.35180770853558113,0.36078683479440943,0.3700021272301461,0.37946037137538674,0.38916859583165986,0.399134085007987,0.40936439284695547,0.41986735763924926,0.4306511180401652,0.44172413041607556,0.453095187665353,0.4647734396774219,0.47676841561569105,0.48909004823580166,0.5017487004804534,0.5147551946269255,0.5281208443042148,0.5418574897446775,0.5559775366916677,0.5704939994516561,0.58542054865901,0.6007715644167616,0.6165621955907971,0.6328084261724126,0.649527149790652,0.6667362536585024,0.6844547134849878,0.7027027011903871,0.7215017076397517,0.7408746830808548,0.7608461985637368,0.7814426323659784,0.8026923863994022,0.8246261387959519,0.8472771404541449,0.8706815653990798,0.8948789275468636,0.9199125801229004,0.9458303189311649,0.9726851174499523,1.0,1.0,1.0,1.0,1.0,1.0,1.0,1.0,1.0,1.0,1.0,1.0,1.0,1.0,1.0,1.0,1.0,1.0,1.0,0.9830330092582663,0.9558110953716985,0.9295476695168379,0.9041875888485904
35.791,0.05138853216899206,0.052681817297867466,0.054007670372497416,0.05536691308684895,0.056760387987040306,0.05818895900986075,0.059653512035932374,0.061154955457934305,0.06269422076440286,0.06427226313956252,0.06589006207972094,0.06754862202674203,0.06924897301915638,0.07099217136150798,0.07277930031249227,0.074611470792556,0.07648982211161945,0.07841552271755292,0.08038977096620355,0.08241379591366614,0.08448885813160974,0.08661625054648783,0.08879729930349649,0.0910333646561845,0.09332584188268526,0.09567616222956145,0.09808579388433096,0.10055624297779342,0.10308905461730457,0.10568581395227618,0.1083481472731746,0.11107772314541704,0.11387625357962325,0.11674549523974666,0.11968725069075911,0.12270336968757527,0.125795750507086,0.12896634132524715,0.1322171416412614,0.13555020375110677,0.13896763427271303,0.14247159572529627,0.14606430816550736,0.14974805088322996,0.15352516416006565,0.1573980510937122,0.16136917949173388,0.16544108383839085,0.16961636733852767,0.17389770404273755,0.178287841058408,0.18278960085152907,0.18740588364452399,0.19213966991582573,0.19699402300725632,0.20197209184583267,0.20707711378711968,0.21231241758777125,0.21768142651563008,0.22318766160632486,0.2288347450761525,0.23462640390178896,0.24056647357831878,0.2466589020680653,0.25290775395378345,0.2593172148110236,0.26589159581578165,0.2726353386050671,0.2795530204096347,0.2866493594799729,0.29392922082864653,0.301397622314367,0.3090597410956388,0.31692092048468234,0.32498667723541497,0.33326270930281376,0.3417549041148972,0.3504693474029979,0.3594123326409683,0.36859037114957616,0.3780102029287063,0.38767880828715146,0.39760342034796803,0.4077915385166368,0.41825094300988114,0.4289897105550847,0.44001623138414214,0.45133922766153156,0.46296777350476404,0.47491131677659726,0.4871797028530155,0.4997832005995937,0.5127325308221978,0.5260388974970196,0.5397140221307798,0.5537701816559117,0.5682202503294228,0.5830777461799899,0.5983568826382836,0.6140726260938699,0.6302407602523729,0.6468779583241859,0.664001864267518,0.6816311845425095,0.6997857921205753,0.7184868448483666,0.7377569207075831,0.7576201730650712,0.7781025097053269,0.799231800324057,0.8210381182971142,0.8435540240066717,0.8668148989205187,0.890859342141927,0.9157296445052635,0.9414723598164111,0.9681389990093671,0.9957868815288846,1.0,1.0,1.0,1.0,1.0,1.0,1.0,1.0,1.0,1.0,1.0,1.0,1.0,1.0,1.0,1.0,1.0,1.0,0.99160147109759,0.9641037273342054,0.9375782767875022,0.9119687270760491
36.072,0.05119962193131347,0.05248814712330708,0.05380911995537748,0.05516335905210912,0.05655170380969883,0.05797501493220816,0.05943417498234916,0.0609300889472731,0.0624636848198428,0.0640359141958415,0.06564775288766615,0.06730020155499003,0.06899428635296101,0.07073105959853326,0.07251160045547483,0.07433701563871935,0.07620844013870738,0.07812703796636822,0.08009400291949569,0.08211055937122419,0.08417796308141919,0.08629750203177938,0.08847049728550153,0.09069830387245006,0.09298231170071454,0.09532394649561357,0.0977246707671347,0.10018598480696224,0.10270942771620813,0.10529657846510397,0.10794905698592304,0.11066852530050621,0.11345668868382601,0.11631529686512178,0.11924614526820128,0.12225107629263444,0.12533198063764653,0.12849079867062213,0.13172952184227377,0.13505019415063552,0.13845491365619897,0.14194583405063316,0.14552516628172465,0.14919518023730952,0.152958206491198,0.15681663811425134,0.16077293255403693,0.16482961358668635,0.16898927334486474,0.1732545744260331,0.17762825208548136,0.18211311651896242,0.18671205524009898,0.19142803555813656,0.19626410716204046,0.20122340481740617,0.2063091511831578,0.211524659755582,0.21687333794783648,0.22235869031373026,0.22798432192536372,0.23375394191495155,0.23967136719207527,0.24574052634858634,0.2519654637644315,0.25835034392888506,0.26489945599294296,0.27161721857011273,0.2785081848044195,0.2855770477261968,0.29282864591825747,0.30026796951716433,0.30790016657681074,0.31573054982420584,0.32376460384042766,0.33200799270309045,0.34046656813048065,0.3491463781718291,0.3580536764929743,0.36719493231212935,0.3765768410465873,0.38620633573817553,0.396090599333114,0.4062370779009505,0.4166534948874121,0.4273478665077224,0.43832851840028053,0.44960410367595804,0.461183622515933,0.4730764434913803,0.485292326801968,0.49784144965752547,0.5107344340592224,0.5239823772739252,0.5375968853392564,0.551590109988385,0.5659747894445494,0.5807642936075585,0.5959726742405662,0.6116147208683737,0.627706023222166,0.6442630412149132,0.6613031836127982,0.6788448967889621,0.6969077652168285,0.715512625694494,0.7346816977066435,0.7544387328488799,0.7748091868917486,0.7958204188887947,0.8175019227897319,0.8398855983817743,0.8630060701533044,0.8869010650000638,0.9116118627810937,0.9371838378755689,0.9636671155233378,0.9911173744888973,1.0,1.0,1.0,1.0,1.0,1.0,1.0,1.0,1.0,1.0,1.0,1.0,1.0,1.0,1.0,1.0,1.0,1.0,1.0,0.9724069319166019,0.9456183329147054,0.919758333892445
36.353,0.05101277319038474,0.05229659049248966,0.05361273645251116,0.05496202666003215,0.05634529739667744,0.057763406170098515,0.05921723226243122,0.06070767729367083,0.06223566580047251,0.06380214583075432,0.06540808955473446,0.06705449389281411,0.06874238116092268,0.0704727997338612,0.072246824727231,0.07406555869858622,0.07593013236844623,0.07784170536182818,0.07980146697102304,0.08181063694035347,0.08387046627367292,0.08598223806541867,0.08814726835608268,0.09036690701296217,0.0926425386371686,0.09497558349782603,0.09736749849454593,0.09981977814921597,0.10233395562830075,0.10491160379680844,0.10755433630525674,0.11026380871093135,0.11304171963488595,0.11588981195619318,0.11880987404501753,0.12180374103621111,0.12487329614520735,0.12802047202812336,0.13124725218806804,0.13455567242979322,0.13794782236498676,0.14142584697058225,0.1449919482027195,0.1486483866690476,0.1523974833623472,0.15624162145858703,0.1601832481827535,0.16422487674605635,0.16836908835832368,0.17261853431972757,0.17697593819620264,0.1814440980833433,0.18602588896382266,0.19072426516384394,0.19554226291447988,0.20048300302426186,0.20554969366988673,0.21074563331238516,0.21607421374679397,0.22153892329392705,0.22714335014364728,0.23289118585973384,0.2387862290574111,0.24483238926543077,0.2510336909857796,0.2573942779650975,0.26391841769330177,0.270610506146201,0.2774750727905266,0.28451678587147133,0.2917404580047967,0.29915105209765724,0.30675368762466915,0.3145536472884144,0.32255638409649323,0.3307675288905655,0.3391928983664928,0.3478385036288737,0.3567105593279161,0.36581549343185094,0.3751599576940573,0.38475083888074757,0.3945952708327312,0.4047006474433815,0.4150746366448532,0.42572519550577836,0.43666058655662426,0.4478893954736201,0.45942055026919926,0.4712633421564654,0.4834274482779452,0.4959229565151313,0.5087603926260251,0.5219507499935981,0.5355055223100591,0.5494367395710346,0.5637570078119594,0.5784795530878559,0.5936182702796029,0.6091877774077078,0.6252034762520092,0.6416816202173306,0.6586393905565802,0.6760949822716439,0.6940677012680776,0.7125780746544577,0.731647976467316,0.7513007715890572,0.7715614812369415,0.7924569741737802,0.8140161887756078,0.8362703923572801,0.8592534857982614,0.8830023636599104,0.9075573428283853,0.9329626765199415,0.9592671756336113,0.986524966497563,1.0,1.0,1.0,1.0,1.0,1.0,1.0,1.0,1.0,1.0,1.0,1.0,1.0,1.0,1.0,1.0,1.0,1.0,1.0,0.9807207794200389,0.953667895911612,0.9275564574148915
36.633,0.05082794885821695,0.0521071093784175,0.05341848087380142,0.0547628759327067,0.05614112775686386,0.057554090693150615,0.0590026407797515,0.0604876763071872,0.06201011839460177,0.06357091158186293,0.06517102443794939,0.06681145018610068,0.0684932073463475,0.07021734039591188,0.07198492044809049,0.0737970459502767,0.07565484340166187,0.07755946809139125,0.07951210485780283,0.08151396886949468,0.08356630642900802,0.0856703957999006,0.08782754805806758,0.09003910796816965,0.09230645488614116,0.09463100368868442,0.09701420573082875,0.09945754983260495,0.10196256329596945,0.10453081295317895,0.10716390624786774,0.10986349235016603,0.11263126330725287,0.11546895523083858,0.11837834952313694,0.12136127414300293,0.12441960491397906,0.12755526687614901,0.13077023568374455,0.13406653905065308,0.1374462582460284,0.1409115296424271,0.14446454631897662,0.14810755972230022,0.1518428813880862,0.1556728847263771,0.1596000068738768,0.16362675061680346,0.16775568638805022,0.17198945434271318,0.17633076651629692,0.18078240907027135,0.18534724462997204,0.1900282147202055,0.19482834230435908,0.19975073443324948,0.2047985850104121,0.2099751776810846,0.2152838888527563,0.22072819085569972,0.2263116552527045,0.2320379563079352,0.23791087462569552,0.24393430097080634,0.2501122402833514,0.25644881590160296,0.262948274008261,0.26961498831645775,0.27645346501349727,0.2834683479820033,0.29066442432001344,0.29804663018358374,0.3056200569778351,0.31338995792489105,0.32136175504004844,0.32954104655071736,0.33793361479626727,0.3465454346509062,0.3553826825163148,0.3644517459357755,0.3737592338873449,0.3833119878200945,0.39311709350481117,0.4031818937789411,0.4135140022750291,0.4241213182328302,0.4350120425076307,0.44619469490158953,0.45767813296126525,0.469471572403342,0.48158460935238734,0.4940272445997226,0.5068099101218895,0.5199434981314583,0.5334393929730464,0.5473095062245356,0.5615663154190156,0.5762229068687095,0.5912930231502034,0.6067911159034675,0.6227324047087509,0.6391329429397854,0.6560096916542462,0.6733806027799798,0.6912647130969933,0.7096822508120622,0.7286547568899103,0.7482052237617713,0.7683582546046082,0.7891402471066572,0.8105796065535997,0.8327069942474525,0.8555556187934408,0.8791615797786632,0.9035642759884387,0.9288068938018,0.9549369961224125,0.9820072386420918,1.0,1.0,1.0,1.0,1.0,1.0,1.0,1.0,1.0,1.0,1.0,1.0,1.0,1.0,1.0,1.0,1.0,1.0,1.0,0.9890453409829667,0.9617270244294549,0.9353631462503135
36.914,0.05064511277048305,0.05191966670122428,0.05322631520037216,0.05456586788814518,0.05593915492040948,0.05734702751825056,0.05879035851186529,0.060270042899233524,0.06178699841998834,0.06334216614501731,0.06493651108221969,0.06657102279900538,0.06824671606199702,0.0699646314945621,0.07172583625270669,0.0735314247199534,0.07538251922185517,0.07728027076076713,0.07922585977161577,0.08122049689935021,0.08326542379884086,0.08536191395804561,0.08751127354524961,0.08971484228123104,0.09197399433733286,0.0942901392603426,0.09666472292521268,0.09909922851669134,0.10159517754097494,0.10415413086856834,0.1067776898095921,0.10946749722284875,0.11222523866004992,0.11505264354664457,0.11795148640081977,0.12092358809231155,0.12397081714275252,0.12709509106941583,0.130298377774303,0.13358269698065506,0.13695012171909718,0.14040277986576585,0.1439428557349194,0.14757259172870196,0.15129429004689868,0.1551103144597245,0.15902309214688018,0.16303511560635112,0.16714894463665525,0.1713672083965243,0.17569260754625818,0.18012791647535054,0.18467598562128726,0.18933974388478578,0.19412220114717918,0.1990264508960448,0.20405567296568342,0.20921313639955866,0.21450220244238938,0.2199263276702109,0.22548906726738221,0.23119407846029985,0.23704512411837197,0.24304607653374224,0.24920092139220043,0.2555137619488735,0.26198882342344193,0.26863045763100785,0.2754431478661862,0.2824315140596602,0.28960031822819954,0.2969544702412268,0.3044990339292096,0.3122392335616486,0.3201804607252679,0.3283282816360471,0.3366884449222939,0.3452668899198244,0.354069755524693,0.36310338965389466,0.3723743593699879,0.38188946173192584,0.39165573544145293,0.40168047336256424,0.4119712360006913,0.4225358660387639,0.43338250403928263,0.4445196054352608,0.4559559589486353,0.46770070659292945,0.47976336543787107,0.4921538513379632,0.5048825048552177,0.5179601196390861,0.5313979735651002,0.5452078629787663,0.5594021404443934,0.573993756461235,0.5889963056838166,0.604424078271993,0.6202921171024611,0.6366162817010199,0.6534133199090271,0.6707009484845415,0.6884979440669633,0.7068242462141298,0.7257010745666447,0.7451510626237847,0.7651984111524529,0.7858690649269898,0.8071909173557764,0.8291940486479475,0.8519110045890774,0.8753771248373016,0.8996309320737778,0.9247145965598139,0.9506744949786805,0.9775618883262941,1.0,1.0,1.0,1.0,1.0,1.0,1.0,1.0,1.0,1.0,1.0,1.0,1.0,1.0,1.0,1.0,1.0,1.0,1.0,0.9973806885954751,0.969795777767621,0.9431784495026239
37.194,0.050464229657291026,0.05173422629820107,0.05303620235381561,0.054370964508743985,0.05573933990640272,0.05714217667640784,0.05858034447626432,0.060054735047678325,0.06156626278806564,0.06311586533765491,0.06470450418270855,0.06633316527533721,0.06800285967046787,0.0697146241805241,0.07146952204835773,0.07326864363907071,0.07511310715133936,0.07700405934888505,0.07894267631281424,0.08093016421548807,0.0829677601167275,0.08505673278311396,0.08719838353119014,0.08939404709546846,0.09164509252211521,0.09395292408928332,0.09631898225508133,0.09874474463423703,0.10123172700457156,0.10378148434442892,0.10639561190230394,0.10907574629998153,0.11182356667052212,0.11464079583256322,0.11752920150246901,0.12049059754594957,0.1235268452708363,0.12663985476287987,0.12983158626646044,0.13310405161228095,0.13645931569422284,0.13989949799764947,0.14342677418167285,0.14704337771796874,0.15075160158895554,0.15455380004833194,0.15845239044714773,0.16244985512884869,0.16654874339691605,0.17075167355902582,0.17506133505192614,0.17948049065151392,0.1840119787729392,0.18865871586594782,0.19342369891099997,0.19831000802223098,0.2033208091636673,0.20845935698574167,0.21372899778960988,0.21913317262743817,0.22467542054748238,0.2303593819935098,0.23618880236891926,0.24216753577679298,0.24829954894810802,0.25458892537135946,0.2610398696380865,0.2676567120200355,0.2744439132951809,0.2814060698413785,0.2885479190182356,0.29587434485970004,0.30339038410207425,0.3111012325745954,0.319012251982394,0.32712897711471023,0.335457123514593,0.3440025956501261,0.3527714956314518,0.3617701325226919,0.3710050323032018,0.3804829485387592,0.39021087383012154,0.40019605211424814,0.41044599190232617,0.4209684805489335,0.43177159965814776,0.44286374174570287,0.4542536282914582,0.4659503293339199,0.4779632847787114,0.49030232761623843,0.502977709270848,0.5160001273353336,0.5293807559814541,0.5431312793802979,0.5572639285171147,0.571791521845149,0.586727510294078,0.6020860272331966,0.6178819440905017,0.6341309324501468,0.6508495335969922,0.6680552366542889,0.6857665666765511,0.70400318432431,0.722785999073559,0.7421372983169462,0.7620808952183847,0.7826422988166195,0.8038489106758474,0.8257302534053007,0.8483182376868844,0.8716474761598846,0.8957556547529234,0.9206839750215692,0.9464776850253017,0.9731867216667451,1.0,1.0,1.0,1.0,1.0,1.0,1.0,1.0,1.0,1.0,1.0,1.0,1.0,1.0,1.0,1.0,1.0,1.0,1.0,1.0,0.9778742158839562,0.9510024167800215
37.475,0.05028526511506318,0.051550752894967015,0.052848106166631506,0.05417812871097267,0.05554164469175609,0.05693949918085039,0.0583725586976873,0.059841711763310254,0.06134786946951863,0.06289196606351989,0.06447495954862273,0.06609783230142857,0.06776159170611111,0.06946727080624848,0.07121592897486988,0.07300865260323947,0.07484655580904809,0.0767307811646286,0.07866250044591447,0.08064291540278294,0.08267325855162211,0.08475479399080782,0.08688881823996306,0.08907666110383075,0.09131968656166471,0.0936192936830746,0.09597691757132686,0.09839403033512041,0.10087214208994792,0.10341280199020617,0.10601759929324113,0.10868816445663139,0.11142617027006493,0.11423333302321204,0.11711141371115893,0.12006221927893294,0.12308760390687068,0.1261894703385944,0.12936977125350677,0.13263051068583123,0.13597374549233313,0.13940158687101534,0.14291620193321775,0.1465198153316998,0.1502147109474764,0.15400323363833857,0.15788779105221737,0.16187085550873406,0.165954965952538,0.17014272998228408,0.17443682595936003,0.17884000520079524,0.18335509426108254,0.18798499730804746,0.19273269859818218,0.19760126505743325,0.20259384897372232,0.20771369080811267,0.21296412213200278,0.21834856869833522,0.2238705536555132,0.22953370091334285,0.23534173867119165,0.24129850311936268,0.2474079423256391,0.2536741203200268,0.2601012213918365,0.26669355461452804,0.2734555586151682,0.28039180660686175,0.2875070117042678,0.29480603254421894,0.3022938792355693,0.30997571966476034,0.3178568861862445,0.32594288272982436,0.33423939236024,0.3427522853280571,0.3514876276550055,0.36045169030155405,0.36965095896978195,0.3790921446004535,0.38878219462991664,0.39872830508000157,0.4089379335626802,0.4194188132910294,0.4301789681992088,0.4412267292869456,0.4525707523185838,0.4642200370237243,0.4761839479657174,0.48847223726687,0.5010950694051175,0.5140630483272669,0.5273872471591787,0.5410792408346417,0.5551511420132674,0.5696156407150482,0.5844860481670388,0.5997763454382815,0.6155012375352901,0.6316762137458193,0.6483176151575646,0.6654427104466422,0.6830697812352506,0.7012182185681382,0.7199086323653234,0.7391629760893502,0.7590046893398315,0.7794588616828683,0.8005524217743222,0.8223143567922503,0.8447759684211193,0.8679711732192761,0.8919368572777812,0.916713297820236,0.9423446680527633,0.9688796465161277,0.9963721589548279,1.0,1.0,1.0,1.0,1.0,1.0,1.0,1.0,1.0,1.0,1.0,1.0,1.0,1.0,1.0,1.0,1.0,1.0,1.0,0.9859623994052713,0.9588350982024397
37.755,0.05010818557949673,0.05136921207773192,0.05266199135377525,0.05398732431619359,0.05534603218131532,0.056738956996338054,0.058166962176639435,0.05963093305755377,0.06113177746119131,0.06267042627868581,0.06424783406836568,0.06586497967040274,0.06752286683837211,0.06922252488834776,0.0709650093660507,0.07275140273267028,0.07458281506994319,0.07646038480518222,0.07838527945687083,0.0803586964015744,0.08238186366288185,0.08445604072313598,0.0865825193588119,0.08876262450030145,0.09099771511709219,0.09328918512919324,0.09563846434582417,0.0980470194323939,0.10051635490684663,0.10304801416650691,0.10564358054664248,0.1083046784120085,0.11103297428269458,0.11383017799570319,0.11669804390374396,0.11963837211283458,0.12265300976036102,0.12574385233538055,0.12891284504305492,0.13216198421517972,0.13549331876896495,0.13890895171628145,0.14241104172579333,0.1460018047405175,0.14968351565353083,0.15345851004471825,0.15732918598167067,0.16129800588802354,0.16536749848278137,0.16954026079442294,0.17381896025382182,0.17820633687033915,0.18270520549577604,0.1873184581811559,0.19204906663176888,0.19690008476624882,0.20187465138593805,0.20697599296128566,0.21220742654252256,0.21757236280249673,0.22307430922012822,0.22871687341368543,0.2345037666338411,0.24043880742730167,0.24652592548272692,0.25276916567169055,0.25917269229854395,0.2657407935742845,0.2724778863308969,0.2793885209941615,0.28647738683457347,0.29374931751791655,0.3012092969790496,0.30886246564480313,0.31671412703443014,0.32476975476889514,0.3330350000234941,0.34151569946188054,0.35021788369355145,0.3591477863013784,0.36831185349083007,0.37771675441825203,0.38736939226202904,0.3972769161077923,0.4074467337271252,0.4178865253386837,0.42860425845144784,0.4396082039020927,0.4509069532126424,0.46250943741076234,0.47442494747372405,0.48666315657870485,0.4992341443670432,0.512148423459184,0.52541696849092,0.5390512479811745,0.5530632593881032,0.5674655677651237,0.5822713484932686,0.5974944346432466,0.6131493696122841,0.6292514657906879,0.6458168701451399,0.6628626377653842,0.6804068146148828,0.698468530962801,0.7170681072654476,0.7362271746245292,0.7559688123960728,0.7763177060827164,0.797300329346297,0.8189451548721055,0.8412828999610515,0.8643468142044778,0.8881730185230298,0.9128009073871545,0.9382736294108549,0.9646386660515919,0.991948534338709,1.0,1.0,1.0,1.0,1.0,1.0,1.0,1.0,1.0,1.0,1.0,1.0,1.0,1.0,1.0,1.0,1.0,1.0,1.0,0.9940603896380736,0.9666765444091342
38.036,0.0499329582995379,0.05118957026660778,0.052477823485291855,0.05379851602260644,0.05515246617904346,0.056540513009643405,0.057963516859115265,0.0594223599114127,0.060917946754231414,0.06245120495889637,0.06402308567605912,0.06563456424779757,0.06728664083653937,0.06898034107141551,0.07071671671258677,0.07249684633410765,0.07432183602597246,0.07619282011596605,0.07811096191197665,0.08007745446549785,0.08209352135700351,0.0841604175040074,0.08627942999257392,0.08845187893313126,0.09067911834145391,0.09296253704576064,0.0953035596208606,0.09770364735041567,0.10016429921832391,0.10268705293041669,0.10527348596761955,0.10792521667183484,0.11064390536588171,0.11343125550885955,0.11628901488845471,0.11921897685169355,0.12222298157584859,0.1253029173812027,0.1284607220875482,0.1316983844163836,0.13501794544089382,0.13842150008593482,0.14191119868038624,0.14548924856438633,0.14915791575412066,0.1529195266670319,0.15677646991049407,0.16073119813720277,0.16478622997077694,0.16894415200527976,0.17320762088267172,0.17757936545244415,0.18206218901805382,0.1866589716750652,0.19137267274631262,0.19620633331975265,0.20116307889519697,0.20624612214648144,0.21145876580624756,0.21680440568102172,0.22228653380494592,0.22790874174114475,0.233674724040517,0.2395882818685205,0.2456533268114637,0.2518738848747603,0.2582541006867537,0.26479824192288653,0.27151070396634014,0.2783960148227551,0.28545884030824786,0.29270398953177745,0.3001364206949293,0.3077612472343663,0.3155837443347812,0.32360935584286804,0.33184370161598703,0.3402925853426535,0.3489620028758794,0.35785815112476316,0.3669874375546289,0.37635649035159596,0.3859721693136859,0.3958415775376829,0.4059720739789985,0.4163712869709426,0.4270471288002053,0.43800781144726453,0.4492618636140586,0.46081814917690617,0.4726858872206301,0.4848746738306948,0.49739450584413764,0.510255806788078,0.5234694552670937,0.5370468160987759,0.5509997745413825,0.5653407740099524,0.5800828577392372,0.5952397149252756,0.6108257319649613,0.6268560495175549,0.6433466262377837,0.6603143101818266,0.6777769190714374,0.695753330825726,0.7142635860450773,0.7333290044707479,0.7529723178643749,0.7732178222771354,0.7940915533391191,0.8156214890368749,0.8378377855165322,0.8607730528272743,0.8844626793100943,0.9089452156862317,0.934262833015391,0.9604618728731265,0.9875935137714553,1.0,1.0,1.0,1.0,1.0,1.0,1.0,1.0,1.0,1.0,1.0,1.0,1.0,1.0,1.0,1.0,1.0,1.0,1.0,1.0,0.9745268065664152
38.317,0.04975955131232441,0.051011794689909115,0.052295568959974906,0.053611669378208375,0.054960911360331155,0.05634413100113389,0.05776218560745413,0.059215954245570745,0.06070633830341666,0.062234262068116,0.06380067331926102,0.06540654393848787,0.06705287053579988,0.06874067509322197,0.07047100562632504,0.07224493686419324,0.07406357094847368,0.07592803815208461,0.07783949761830262,0.07979913812088812,0.08180817884597766,0.08386787019648469,0.08597949461983809,0.08814436745984071,0.09036383783356584,0.09263928953415303,0.0949721419605109,0.09736385107489914,0.09981591038947711,0.10232985198289204,0.10490724754814044,0.10754970947289054,0.11025889195359483,0.1130364921447587,0.11588425134484617,0.11880395622033499,0.12179744006955952,0.12486658412808625,0.1280133189174164,0.13123962563899283,0.13454753761555052,0.13793914178199912,0.14141658022818318,0.1449820517959804,0.14863781373338933,0.15238618340841528,0.15622954008575995,0.1601703267695273,0.1642110521153585,0.16835429241568683,0.17260269366201875,0.17695897368846195,0.18142592440100352,0.1860064140974109,0.1907033898829244,0.19551988018737787,0.20045899738975428,0.2055239405566976,0.21071799830195725,0.21604455177437337,0.22150707778253306,0.2271091520649907,0.23285445271558972,0.2387467637743028,0.2447899789948187,0.25098810580115666,0.257345269446573,0.263865717389279,0.2705538239007347,0.27741409492376534,0.2844511731992924,0.2916698436823037,0.29907503926956114,0.30667184686379684,0.3144655138015302,0.3224614546743394,0.3306652585764785,0.3390826968150306,0.3477197311226613,0.35658252241719524,0.36567744015707243,0.3750110723470802,0.3845902362548439,0.3944219899054239,0.4045136444291649,0.4148727773467331,0.4255072468854419,0.4364252074323676,0.4476351262429638,0.45914580153896956,0.4709663821467386,0.48310638884715656,0.4955757376314425,0.5083847650840233,0.5215442561448926,0.5350654745403759,0.5489601962139712,0.5632407461391822,0.5779200389555498,0.5930116239393389,0.6085297349038207,0.6244893457238738,0.640906232299242,0.6577970419150211,0.6751793711325438,0.6930718535564768,0.7114942590841081,0.7304676065632087,0.7500142921815386,0.77015823640577,0.790925052908302,0.8123422437053864,0.8344394257300435,0.8572485953480832,0.8808044389910838,0.9051447002596174,0.930310616731653,0.9563474435631606,0.9833050861797545,1.0,1.0,1.0,1.0,1.0,1.0,1.0,1.0,1.0,1.0,1.0,1.0,1.0,1.0,1.0,1.0,1.0,1.0,1.0,1.0,0.9823859363755377
38.597,0.049587933419067545,0.050835853359434274,0.05211519497999476,0.053426750754789656,0.05477133324529773,0.056149775617399256,0.057562932172275406,0.0590116788916266,0.06049691399765346,0.062019558528252645,0.06358055692791761,0.06518087765482287,0.0668215138045716,0.06850348375118674,0.07022783180589297,0.07199562889420293,0.0738079732520056,0.0756659911412041,0.07757083758560408,0.079523697127716,0.0815257846071963,0.08357834596166915,0.0856826590507261,0.08784003450391378,0.09005181659356383,0.0923193841333925,0.09464415140380085,0.0970275691048734,0.09947112533812594,0.1019763466181144,0.10454479891504478,0.10717808872963924,0.10987786420151244,0.11264581625244849,0.1154836797660183,0.11839323480502852,0.12137630786845108,0.12443477318951034,0.12757055407674545,0.1307856242999663,0.13408200952311977,0.13746178878625323,0.14092709603884265,0.14448012172695324,0.14812311443682297,0.15185838259763854,0.15568829624648078,0.15961528885857715,0.1636418592462606,0.1677705735302183,0.17200406718692318,0.17634504717637975,0.180796294154611,0.1853606647756871,0.19004109408837716,0.19484059803296033,0.19976227604411706,0.20480931376627542,0.20998498588830256,0.21529265910498455,0.220735795213295,0.2263179543521667,0.23204279839513842,0.2379140945060745,0.2439357188690002,0.2501116606040544,0.2564460258825952,0.26294304225564596,0.2696070632111633,0.27644257297697317,0.28345419158779817,0.29064668023653234,0.298024946931784,0.3055940524858764,0.313359216859827,0.32132582589445097,0.32949943845969737,0.3378857940575706,0.34649082091769223,0.3553206446286664,0.36438159735304854,0.3736802276789223,0.38322331116700714,0.39301786165882086,0.40307114341902134,0.41339068419355923,0.42398428927504633,0.43486005667783495,0.44602639353803003,0.45749203386820114,0.4692660578132892,0.48135791257353533,0.49377743518249145,0.5065348773540652,0.5196409326425622,0.5331067661947317,0.5469440474138606,0.5611649859040747,0.5757823711198051,0.5908096162125294,0.6062608066466472,0.6221507542515414,0.6384950574908387,0.6553101688671179,0.6726134705462156,0.6904233594869902,0.708759343608878,0.727642150832508,0.7470938532031716,0.7671380087729608,0.787799824501152,0.8091063441688501,0.8310866662402603,0.8537721978028993,0.8771969522705358,0.9013979005573213,0.9264153881003401,0.9522936336640629,0.9790813306546291,1.0,1.0,1.0,1.0,1.0,1.0,1.0,1.0,1.0,1.0,1.0,1.0,1.0,1.0,1.0,1.0,1.0,1.0,1.0,1.0,0.9902539860807322
38.878,0.04941807416182988,0.050661715046630126,0.05193666952645534,0.05324372732289113,0.054583698173121184,0.05595741234491973,0.0573657211654573,0.05880949756436953,0.06028963663153894,0.061807056190000806,0.06336269738446716,0.0649575252859645,0.06659252951303757,0.06826872487012507,0.06998715200360388,0.07174887807607554,0.07355499745949806,0.07540663244781581,0.07730493398967334,0.07925108244196151,0.08124628834485119,0.08329179321907519,0.08538887038626054,0.08753882581307809,0.08974299898008942,0.09200276377620532,0.0943195294196393,0.09669474140639882,0.0991298824873198,0.10162647367474474,0.10418607527999582,0.10681028798284235,0.10950075393425823,0.11225915789378801,0.11508722840298212,0.11798673899636213,0.12095950945153454,0.1240074070801358,0.12713234806136942,0.13033629882005462,0.13362127745117586,0.1369893551930589,0.1404426579514648,0.1439833678769844,0.14761372499830766,0.15133602891411468,0.15515264054648617,0.15906598395895669,0.16307854824253462,0.16719288947325167,0.17141163274501875,0.17573747428191872,0.18017318363424714,0.18472160596303128,0.18938566441805219,0.19416836261477924,0.1990727872160468,0.20410211062475758,0.20925959379435363,0.2145485891643917,0.2199725437290544,0.22553500224717304,0.23123961060294496,0.23709011932736682,0.24309038729119659,0.2492443855812229,0.25555620157261855,0.26203004321129064,0.26867024352135965,0.2754812653543142,0.2824677063978455,0.289634304464076,0.29698594307877135,0.30452765739514287,0.31226464045819,0.3202022498480712,0.3283460147338384,0.33670164337208675,0.34527503108862,0.3540722687852289,0.36309965201822353,0.3723636907003552,0.3818711194835379,0.39162890888617996,0.4016442772362784,0.41192470350968263,0.42247794115238907,0.4333120329864468,0.44443532731134394,0.45585649532681555,0.4675845500191215,0.47962886667150656,0.4919992051809568,0.5047057343882918,0.5177590586574923,0.5311702469738474,0.5449508648698603,0.5591130095340274,0.5736693485119909,0.5886331624738312,0.6040183925974807,0.6198396932091138,0.6361124904300444,0.6528530477102918,0.6700785392867636,0.6878071327955141,0.7060580825011615,0.7248518348933142,0.7442101487536655,0.7641562322369623,0.784714900058486,0.8059127545724808,0.8277783954035403,0.85034266341494,0.8736389262450645,0.8977034145262195,0.9225756203754535,0.9482987730348842,0.9749204109566663,1.0,1.0,1.0,1.0,1.0,1.0,1.0,1.0,1.0,1.0,1.0,1.0,1.0,1.0,1.0,1.0,1.0,1.0,1.0,1.0,0.9981310084774112
39.158,0.04924994380114264,0.050489349259654794,0.051759961335897664,0.05306256702765461,0.05439797327727846,0.0557670074846812,0.057170518034102884,0.05860937483507173,0.06008446987798923,0.06159671780476336,0.06314705649503352,0.06473644766833278,0.06636587750284277,0.06803635727114118,0.06974892399356364,0.07150464110971398,0.07330459916870864,0.07514991653880158,0.07704174013700228,0.07898124617938211,0.08096964095275962,0.08300816160849823,0.08509807697921454,0.08724068841914619,0.08943733066908702,0.0916893727467364,0.09399821886339772,0.0963653093680237,0.09879212171960061,0.10128017148897951,0.10383101339128821,0.10644624235009101,0.109127494594608,0.11187644879127977,0.11469482721110143,0.11758439693422762,0.12054697109338461,0.12358441015778003,0.12669862325925527,0.1298915695625708,0.13316525968176143,0.13652175714470796,0.1399631799081467,0.14349170192547808,0.14710955476992116,0.15081902931571,0.15462247748019792,0.1585223140299364,0.16252101845402253,0.16662113690818636,0.17082528423339924,0.17513614605299527,0.1795564809526087,0.18408912274755204,0.18873698284257995,0.19350305268937648,0.19839040634746674,0.2034022031547616,0.2085416905143472,0.21381220680470633,0.219217184421109,0.22476015295655352,0.230444742531289,0.23627468728073583,0.2422538290124577,0.24838612104367377,0.2546756322318863,0.261126551212245,0.26774319085646964,0.2745299929695476,0.28149153324182563,0.28863252647581894,0.29595783210882404,0.3034724600544588,0.3111815768885017,0.3190905124068554,0.32720476658627706,0.3355300169815988,0.3440721265966476,0.3528371522699577,0.3618313536207261,0.37106120260541364,0.380533393740885,0.39025485505627766,0.40023275984285,0.41047453927907607,0.42098789601740816,0.4317808188294817,0.4428615984184447,0.45423884452064417,0.46592150443450814,0.4779188831323933,0.49024066513186615,0.5028969383268418,0.5158982200067885,0.5292554853245803,0.5429801985113907,0.5570843471813053,0.5715804801204821,0.5864817490171783,0.6018019546619163,0.61755559823381,0.6337579383927833,0.6504250550219017,0.6675739206141507,0.6852224804799781,0.7033897431736004,0.7220958828076587,0.7413623552604471,0.761212030694839,0.7816693453256637,0.8027604760228534,0.8245135421609767,0.846958840176186,0.8701291176428819,0.8940598954363801,0.9187898488467109,0.9443612615529301,0.9708205704440633,0.9982190247989898,1.0,1.0,1.0,1.0,1.0,1.0,1.0,1.0,1.0,1.0,1.0,1.0,1.0,1.0,1.0,1.0,1.0,1.0,1.0,1.0
39.439,0.04908351329445353,0.05031872622126879,0.05158503987759931,0.052883238565589526,0.054214126461699805,0.05557852812770618,0.05697728903547154,0.05841127610579352,0.05988137826184873,0.061388506997595946,0.06293359696166136,0.06451760655715105,0.06614151855790372,0.06780634074169323,0.06951310654094275,0.07126287571146508,0.07305673501988086,0.07489579895027952,0.07678121043076941,0.0787141415806,0.08069579447854323,0.08272740195325935,0.08481022839641057,0.08694557059933229,0.08913475861409109,0.09137915663979271,0.09368016393509668,0.09603921575785597,0.0984577843329476,0.10093737984932252,0.1034795514874231,0.10608588847814066,0.1087580211945648,0.111497622277834,0.11430640779850634,0.11718613845485695,0.1201386208097307,0.12316570856752916,0.12626930389310945,0.12945135877441122,0.1327138764307996,0.1360589127691625,0.13948857788999577,0.14300503764580685,0.1466105152543348,0.15030729296925277,0.1540977138111741,0.15798418336198972,0.16196917162577187,0.1660552149596889,0.1702449180786084,0.17454095613738008,0.17894607689497802,0.18346310296508886,0.18809493415800096,0.19284454991903405,0.1977150118691434,0.202709466453763,0.20783114770642802,0.21308338013420247,0.2184695817325484,0.22399326713781936,0.22965805092630387,0.2354676510694151,0.241425892555475,0.2475367111893979,0.25380415758257774,0.26023240134633463,0.26682573550347555,0.2735885811338002,0.2805254922708861,0.2876411610689885,0.2949404232607762,0.30242826392846267,0.3101098236131785,0.31799040478979534,0.32607547873712306,0.3343706928364644,0.3428818783348241,0.3516150586129009,0.3605764580022279,0.3697725112005831,0.3792098733401781,0.3888954307692152,0.39883631261424013,0.4090399031985227,0.4195138554004976,0.43026610504641416,0.4413048864427383,0.45263874916705615,0.4642765762512271,0.4762276039078825,0.4885014429712905,0.501108102246704,0.5140580139890676,0.5273620617630659,0.5410316109728596,0.5550785423923519,0.5695152890768372,0.5843548770958156,0.5996109705965487,0.6152979217908625,0.63143082655673,0.6480255864648388,0.665098978183331,0.682668731386925,0.7007536165071315,0.7193735439177562,0.7385496764665895,0.7583045576562011,0.7786622582649383,0.7996485448115058,0.8212910740398394,0.8436196185853574,0.8666663302469523,0.8904660489248162,0.9150566674218797,0.9404795651293152,0.9667801273843539,0.9940083723782877,1.0,1.0,1.0,1.0,1.0,1.0,1.0,1.0,1.0,1.0,1.0,1.0,1.0,1.0,1.0,1.0,1.0,1.0,1.0,1.0
39.719,0.0489187542753466,0.05014981684752884,0.051411875331732367,0.05270571136216135,0.05403212637779745,0.055391942131516075,0.056786001212799676,0.058215167584574845,0.059680327134490556,0.061182388241128774,0.0627222823555993,0.06430096459901083,0.0659194143762627,0.06757863600673744,0.06927965937238245,0.07102354058375242,0.07281136266460227,0.074644236255637,0.07652330033804712,0.07844972297747166,0.08042470208913274,0.08244946622479835,0.08452527538238575,0.08665342183895944,0.08883523100797085,0.09107206232159767,0.09336531013911314,0.09571640468221301,0.09812681299833699,0.1005980399530196,0.10313162925239151,0.10572916449700769,0.10839227026820994,0.11112261324838102,0.11392190337639833,0.11679189503978199,0.11973438830504679,0.12275123018791963,0.12584431596507017,0.1290155905292519,0.13226704978973403,0.13560074212008968,0.13901876985550982,0.1425232908419728,0.14611652003970968,0.149800731183602,0.1535782585032923,0.1574514985060088,0.1614229118252627,0.1654950251388217,0.1696704331596158,0.17395180070343877,0.17834186483763625,0.1828434371152252,0.18745940589928028,0.19219273878270193,0.1970464851089253,0.20202377859953635,0.20712784009520557,0.21236198041687607,0.21772960335466357,0.2232342087925722,0.22887939597770707,0.23466886694348293,0.24060643009703192,0.24669600398193753,0.2529416212283271,0.25934743270345517,0.2659177118770191,0.27265685941674744,0.27956940803119756,0.2866600275782847,0.2939335304597318,0.30139487732361037,0.30904918309921664,0.31690172339091555,0.32495794126022365,0.3332234544283171,0.34170406293446465,0.35040575728954915,0.3593347271679635,0.3684973706858328,0.3779003043186888,0.38755037351765714,0.39745466408985375,0.40762051441621366,0.4180555285885681,0.42876759055749347,0.4397648793935619,0.4510558857773441,0.4626494298480093,0.4745546805571324,0.4867811766935314,0.4993388497672134,0.5122380489662921,0.5254895684306716,0.5391046771212384,0.5530951516041422,0.567473312117722,0.5822520623461239,0.5974449333904908,0.6130661325079322,0.629130597283067,0.6456540560101952,0.66265309520037,0.6801452352923324,0.698149015846264,0.716684091743625,0.7357713422163731,0.7554329948995052,0.7756927675617817,0.7965760307462261,0.8181099952791832,0.8403239295301521,0.8632494124870579,0.8869206302387243,0.9113747254469148,0.9366522120108954,0.9627974706148885,0.9898593455435714,1.0,1.0,1.0,1.0,1.0,1.0,1.0,1.0,1.0,1.0,1.0,1.0,1.0,1.0,1.0,1.0,1.0,1.0,1.0,1.0
40.0,0.04875563903351985,0.049982592727251786,0.051240438568317476,0.05252995555018517,0.05385194240231563,0.05520721809738238,0.056596622372008076,0.05802101626155489,0.05948128264928922,0.06097832683043381,0.06251307709150203,0.06408648530543108,0.06569952754297659,0.06735320470089971,0.06904854314746564,0.07078659538581171,0.07256844073577276,0.07439518603473882,0.07626796635821011,0.0781879457606678,0.08015631803748197,0.08217430750854318,0.08424316982437703,0.08636419279553051,0.08853869724605838,0.09076803789193587,0.09305360424534546,0.09539682154576741,0.09779915171883587,0.10026209436408075,0.1027871877725763,0.10537600997571428,0.10803017982629581,0.1107513581132199,0.11354124871116772,0.11640159976666101,0.11933420492205513,0.12234090457905542,0.12542358720344415,0.1285841906728274,0.13182470366930435,0.13514716711908895,0.1385536756812088,0.14204637928760006,0.1456274847369906,0.14929925734518054,0.1530640226544709,0.15692416820516703,0.16088214537230286,0.16494047127094633,0.16910173073363333,0.17336857836380132,0.17774374066930443,0.1822300182804192,0.18683028825705267,0.19154750649025468,0.19638471020342674,0.20134502055916162,0.2064316453779697,0.2116478819757411,0.21699712012725056,0.22248284516367933,0.22810864121268695,0.2338781945903404,0.23979529735492827,0.24586385103359162,0.25208787053354786,0.258471488250819,0.26501895839039713,0.27173466151311726,0.2786231093257942,0.28568894973279196,0.29293697216879566,0.30037211323446467,0.3079994626587361,0.3158242696137836,0.3238519494112733,0.33208809061140043,0.34053846257934434,0.3492090235274316,0.35810592908526645,0.36723554144457515,0.37660443913065,0.38621942745791477,0.39608754973366794,0.40621609928130137,0.41661263236265206,0.42728498208851634,0.43824127341715174,0.44948993935282266,0.4610397384705622,0.4728997739093861,0.48507951399484645,0.49758881467323407,0.5104379439645594,0.5236376086703068,0.5371989836055334,0.5511337436641696,0.5654540990723927,0.5801728342391695,0.5953033506770868,0.6108597145424803,0.626856709434352,0.6433098951996443,0.6602356736223878,0.6776513620310227,0.6955752760484352,0.7140268229411778,0.7330266073088151,0.7525965512051523,0.7727600312185007,0.7935420355821283,0.8149693450703038,0.8370707423026439,0.8598772551874319,0.8834224416619896,0.9077427247439684,0.9328777893438069,0.9588710555208533,0.9857702472028663,1.0,1.0,1.0,1.0,1.0,1.0,1.0,1.0,1.0,1.0,1.0,1.0,1.0,1.0,1.0,1.0,1.0,1.0,1.0,1.0
