,0.4,0.42,0.442,0.464,0.488,0.513,0.539,0.566,0.595,0.626,0.657,0.691,0.726,0.763,0.802,0.843,0.886,0.931,0.978,1.028,1.081,1.136,1.194,1.254,1.318,1.386,1.456,1.53,1.608,1.69,1.776,1.867,1.962,2.062,2.167,2.277,2.394,2.515,2.644,2.778,2.92,3.069,3.225,3.389,3.562,3.744,3.934,4.135,4.345,4.567,4.8,5.044,5.301,5.571,5.855,6.153,6.467,6.796,7.143,7.507,7.889,8.291,8.713,9.157,9.624,10.114,10.63,11.171,11.74,12.339,12.967,13.628,14.322,15.052,15.819,16.625,17.472,18.362,19.298,20.281,21.315,22.401,23.542,24.742,26.002,27.327,28.719,30.183,31.721,33.337,35.035,36.82,38.696,40.668,42.74,44.918,47.207,49.612,52.14,54.796,57.588,60.522,63.606,66.847,70.253,73.832,77.594,81.548,85.703,90.07,94.659,99.482,104.551,109.878,115.476,121.36,127.543,134.042,140.871,148.049,155.592,163.52,171.852,180.608,189.81,199.481,209.645,220.327,231.553,243.351,255.75,268.781,282.476,296.868,311.994,327.891,344.597,362.155,380.607,400.0
1.0,100.00000000000004,99.99999999999996,99.99999999999997,99.99999999999989,100.00000000000013,99.99999999999986,99.99999999999993,100.00000000000017,99.99999999999993,99.99999999999989,99.99999999999996,100.00000000000013,100.00000000000007,100.00000000000007,99.99999999999996,99.99999999999993,100.00000000000009,99.99999999999997,99.99999999999994,99.99999999999979,100.00000000000023,99.99999999999994,100.00000000000004,99.99999999999993,99.99999999999991,99.99999999999987,100.00000000000004,100.00000000000003,99.99999999999999,99.99999999999983,100.00000000000003,100.00000000000009,100.0,100.00000000000003,99.99999999999991,100.00000000000004,99.99999999999997,100.00000000000003,99.99999999999993,100.00000000000004,100.00000000000004,100.00000000000004,100.0,99.99999999999999,99.99999999999999,100.00000000000004,99.99999999999999,100.00000000000004,100.0,100.00000000000003,100.00000000000004,100.00000000000003,99.99999999999991,99.99999999999996,99.99999999999994,99.99999999999991,99.99999999999999,99.99999999999993,100.0,100.00000000000007,99.99999999999997,99.99999999999999,100.00000000000004,99.99999999999991,100.00000000000003,100.0,99.99999999999996,100.00000000000004,99.99999999999997,100.00000000000003,100.0,100.0,99.99999999999997,100.0,99.99999999999996,99.99999999999997,99.99999999999997,99.99999999999996,99.99999999999999,100.00000000000003,99.99999999999999,100.0,100.0,99.99999999999997,100.00000000000003,99.99999999999996,99.99999999999994,99.99999999999994,100.0,100.00000000000003,100.0,100.0,100.0,100.0,100.0,100.0,99.99999999999997,100.00000000000003,100.00000000000003,100.0,100.0,99.99999999999997,100.00000000000003,99.99999999999999,100.00000000000003,100.00000000000003,99.99999999999994,99.99999999999999,100.00000000000003,99.99999999999999,100.00000000000003,100.0,99.99999999999999,99.99999999999999,100.0,100.0,100.0,100.0,99.99999999999999,99.99999999999999,100.00000000000003,100.00000000000003,99.99999999999999,100.0,99.99999999999999,100.0,100.0,99.99999999999999,100.0,100.0,100.0,100.0,99.99999999999999,100.0,100.0,100.00000000000003,100.0,100.0,99.99999999999999,99.99999999999999
1.281,84.9524977111316,84.72374092153406,84.49782960995192,84.2752407040627,84.05646964545309,83.84202907983054,83.63244723579245,83.42826597247235,83.23003848020363,83.03832662340972,82.85369792129683,82.67672216964485,82.50796771600393,82.34799741078402,82.19736426789046,82.05660688034898,81.92624464839443,81.80677288924845,81.69865790866145,81.60233212362617,81.51818933281119,81.44658023557815,81.38780830141359,81.3421260888214,81.30973210598317,81.29076829483088,81.28531820585255,81.29340591351418,81.31499570233794,81.3499925323903,81.39824327121528,81.45953865814985,81.53361594753325,81.62016216043303,81.71881786086159,81.82918136255488,81.95081326641444,82.08324122668891,82.22596484561996,82.37846060119976,82.54018672029521,82.71058791907848,82.88909994378484,83.07515385665663,83.26818002396409,83.46761177468872,83.67288870944685,83.8834596492021,84.09878522207983,84.31834009405219,84.54161485537409,84.76811757946986,84.99737507456084,85.22893385082408,85.46236082739456,85.69724380422392,85.93319172382984,86.1698347474428,86.40682416910089,86.64383218999168,86.88055157385936,87.11669520269353,87.35199555023915,87.58620408918809,87.81909064625322,88.05044271773698,88.28006475668933,88.50777744134464,88.73341693321241,88.95683413200818,89.17789393352098,89.3964744955414,89.61246651610112,89.82577252750163,90.0363062089302,90.24399171986288,90.44876305593681,90.65056342852554,90.84934466886459,91.04506665724602,91.23769677752406,91.42720939693534,91.61358537104798,91.79681157348786,91.97688044996224,92.15378959599667,92.32754135771553,92.49814245493604,92.66560362579787,92.8299392921172,92.99116724463357,93.14930834730694,93.30438625982045,93.45642717744693,93.6054595874492,93.75151404119832,93.89462294121228,94.03482034233734,94.17214176632238,94.3066240290557,94.43830507976564,94.5672238515102,94.6934201223102,94.81693438630732,94.93780773435725,95.05608174349419,95.1717983747313,95.28499987868723,95.39572870855511,95.50402743995488,95.60993869723477,95.71350508581028,95.81476913015189,95.91377321705448,96.0105595438416,96.10517007117744,96.19764648017933,96.28803013353972,96.37636204038506,96.46268282461524,96.54703269648144,96.62945142717635,96.709978326224,96.78865222146878,96.86551144147731,96.94059380017656,97.01393658356494,97.0855765383409,97.15554986230602,97.22389219640694,97.29063861829019,97.35582363725192,97.4194811904722,97.48164464043117,97.54234677341047,97.60161979899094,97.659495350462,97.71600448606573,97.77117769100212,97.8250448801282
1.561,76.79476353715233,76.37758682990581,75.95963728638073,75.54146441330373,75.12366219095054,74.70687103695097,74.29177963902664,73.87912659874323,73.4697018177195,73.06434754621647,72.66395900191974,72.26948445443517,71.88192465912725,71.50233151328631,71.13180579925944,70.7714938744567,70.42258316862383,70.08629635621429,69.76388408799275,69.45661619294495,69.16577130072018,68.89262488711684,68.63843581062244,68.40443148547078,68.19179192333623,68.0016329670563,67.83498912937995,67.69279652992431,67.57587648569614,67.48492034621052,67.42047616619801,67.38293777234884,67.37253670431672,67.38933739724322,67.43323583061496,67.50396170720676,67.60108405945074,67.72402002275936,67.87204637896521,68.04431336822874,68.23986020076558,68.4576316725305,68.69649529942356,68.95525842720991,69.23268484155649,69.52751048573089,69.83845798416979,70.16424976080732,70.50361962588745,70.85532277981686,71.21814424505463,71.59090578619055,71.97247141452515,72.36175159775229,72.75770630938537,73.15934705821357,73.56573803716464,73.97599652525084,74.38929266726863,74.8048487448989,75.22193804080945,75.63988338505881,76.05805546110027,76.47587093735672,76.89279047991685,77.30831669251165,77.72199202161582,78.13339665725648,78.54214645386163,78.94789089014857,79.3503110825697,79.74911786308687,80.14404992895435,80.53487206966373,80.92137347416008,81.3033661197982,81.68068324322174,82.05317789233484,82.42072155777066,82.78320288168418,83.14052644127975,83.49261160419495,83.83939145267524,84.18081177336953,84.51683010953485,84.84741487244595,85.17254450885328,85.49220672140618,85.80639773905233,86.11512163453588,86.41838968623418,86.71621978169898,87.00863586039402,87.2956673932509,87.57734889678963,87.85371947967619,88.12482241970659,88.39070476932721,88.65141698790754,88.90701259909083,89.15754787164758,89.40308152235258,89.64367443949641,89.87938942572839,90.11029095900746,90.33644497051388,90.55791863844547,90.77478019668881,90.98709875741935,91.19494414674183,91.39838675253922,91.59749738374904,91.79234714033478,91.98300729326577,92.16954917386123,92.35204407189418,92.53056314188875,92.70517731707868,92.87595723052883,93.04297314295088,93.2062948767755,93.36599175606707,93.52213255189683,93.67478543280978,93.82401792004646,93.96989684719944,94.11248832400577,94.25185770399405,94.38806955572218,94.52118763735939,94.65127487437952,94.77839334014877,94.90260423920358,95.02396789302713,95.14254372814528,95.25839026637367,95.37156511705824,95.48212497116128,95.59012559705491,95.6956218378917
1.842,72.42678599336519,71.89209874374134,71.35257305044175,70.80858378400427,70.26054720437116,69.70892430604817,69.15422439951053,68.59700893273076,68.03789555181636,67.47756239300247,66.91675258923941,66.35627896273749,65.79702885950418,65.23996906242401,64.68615069505353,64.1367139983426,63.592892826311065,63.056018663909896,62.52752392092415,62.00894420045453,61.50191918094199,61.00819168986621,60.529604489939416,60.06809425183758,59.62568216065559,59.20446060816654,58.8065754733569,58.434203603923876,58.08952529427095,57.77469181911228,57.4917884254961,57.24279359654682,57.02953584820626,56.85364975968162,56.71653330935699,56.619308824676814,56.56278989692436,56.54745641991138,56.573439478289785,56.6405171693959,56.74812166342986,56.89535698820517,57.081026272433824,57.30366658808303,57.56158915979752,57.85292258009939,58.175656766495685,58.52768567423787,58.90684717340887,59.31095894591205,59.73784970000091,60.1853853953772,60.65149049561135,61.13416450703306,61.63149422632072,62.141662212477414,62.66295203614756,63.19375085468955,63.73254982838231,64.27794284284506,64.82862394396176,65.38338383071192,65.94110569260245,66.50076062450722,67.06140280399939,67.62216457519501,68.18225154859897,68.74093779797894,69.29756121225972,69.85151904207676,70.40226366625818,70.94929859242684,71.49217469753265,72.03048670791341,72.56386991399415,73.09199711159823,73.61457575975598,74.13134534360921,74.64207493032671,75.14656090570902,75.64462487924948,76.13611174573519,76.62088789194466,77.098839537572,77.56987120013811,78.03390427430908,78.490875716704,78.94073682792599,79.38345212418108,79.81899829144807,80.24736321572776,80.66854508343206,81.08255154646048,81.48939894697243,81.88911159727874,82.28172111066274,82.6672657792939,83.04578999571812,83.41734371470473,83.78198195249624,84.13976432075276,84.49075459270368,84.83502029922214,85.17263235272176,85.5036646969418,85.82819398083868,86.14629925494211,86.45806168865838,86.76356430711904,87.06289174627872,87.35613002506074,87.64336633343669,87.92468883540751,88.20018648592513,88.46994886086208,88.73406599919782,88.992628256648,89.24572617001296,89.49345033157276,89.73589127289806,89.97313935748778,90.20528468168328,90.43241698334249,90.65462555779047,90.87199918059387,91.08462603673318,91.29259365577435,91.49598885266475,91.69489767380108,91.88940534803908,92.07959624233263,92.26555382171074,92.44736061331632,92.62509817424758,92.79884706295854,92.96868681398857,93.13469591580447,93.29695179155205,93.45553078252449,93.61050813416747
2.122,70.0889961316646,69.48793757975793,68.87930663077717,68.26330743357522,67.64017322603861,67.01016898448566,66.37359434014242,65.73078679224729,65.08212525013514,64.42803393943007,63.76898671009316,63.105511786303566,62.43819699971665,61.76769554808781,61.094732320051136,60.42011082312977,59.744720744870015,59.06954616486897,58.395674416664264,57.72430557068729,57.05676246990603,56.39450119504957,55.73912176245117,55.09237876035454,54.45619150477153,53.83265314029161,53.22403792322529,52.63280570663912,52.0616024080873,51.51325499978697,50.99075934942977,50.49725910592703,50.03601383359047,49.61035482990466,49.22362759877024,48.87912085862178,48.57998326230756,48.32913063104222,48.12914828662216,47.98219471822664,47.88991397634245,47.85336448185492,47.872971123844756,47.948505569865816,48.079096879932585,48.26327129210286,48.49901703689304,48.78386778221411,49.11499714345557,49.489316671504376,49.90357066330223,50.35442268243149,50.8385304548344,51.3526075009578,51.89347127325308,52.458078594265835,53.04354983380127,53.647183579004384,54.26646361878207,54.899059965657074,55.54282544416693,56.1957891387168,56.85614775185714,57.52225569849152,58.192614564008274,58.8658623888807,59.540763108486786,60.21619637179584,60.89114788213558,61.564700343166045,62.23602504942648,62.904374129808694,63.56907343106152,64.22951601451015,64.88515623064993,65.53550433164985,66.18012157992719,66.81861581097778,67.45063740992173,68.07587566329394,68.69405545013353,69.30493423917443,69.90829936174495,70.5039655327446,71.09177259470357,71.67158346241196,72.24328224790018,72.80677254765922,73.36197587590243,73.9088302294029,74.44728877099446,74.97731862022069,75.4988997408588,76.0120239161593,76.51669380362421,77.01292206202798,77.50073054416005,77.98014954945981,78.45121713132559,78.91397845442145,79.36848519778576,79.81479499997157,80.2529709428261,80.68308107085173,81.1051979433884,81.51939821712048,81.92576225664762,82.32437377106635,82.71531947469649,83.09868877025221,83.47457345290515,83.84306743382098,84.20426648186786,84.55826798230326,84.90517071133993,85.24507462557882,85.57808066537386,85.9042905712635,86.22380671266717,86.53673192810291,86.8431693762338,87.14322239709809,87.43699438292256,87.72458865795646,88.00610836680075,88.28165637073991,88.55133515161484,88.81524672280271,89.07349254689605,89.32617345969749,89.57338960016867,89.81524034599215,90.05182425442558,90.28323900814381,90.50958136578261,90.73094711691286,90.94743104118845,91.15912687142587,91.3661272603849,91.56852375103406
2.403,68.86256347710703,68.22546792201767,67.57919793274857,66.92384601974427,66.25952402772512,65.58636486012136,64.90452438450639,64.2141835431039,63.51555069601582,62.80886422893657,62.094395461815346,61.37245190030713,60.643380877947784,59.907573643863046,59.16546995851709,58.41756326850622,57.664406540632754,56.906618845317794,56.14489278946569,55.38000290868331,54.61281513736614,53.84429748126768,53.07553201871651,52.30772835067295,51.54223860203485,50.78057404103015,50.024423321920544,49.27567225760116,48.53642487878621,47.809025317746816,47.09607974666575,46.40047718243211,45.72540742354148,45.0743737047518,44.451196860223604,43.86000693902371,43.30521744892701,42.79147693710429,42.32359277113776,41.90642315640394,41.544735997734904,41.243037385484485,41.00537805251593,40.83515229212411,40.7349090876065,40.706197771125225,40.74946888170729,40.86404457154966,41.048162999564745,41.299090079851496,41.61328260770596,41.98658137608039,42.41441218285938,42.89197588550603,43.414414241356965,43.976944397372485,44.574960221306945,45.204102514354396,45.860302408679765,46.53980318654984,47.23916575627376,47.95526246912322,48.68526316279118,49.426616472611094,50.177028676774796,50.93444168839557,51.697011288026,52.46308629596612,53.23118909558763,53.99999771568316,54.76832954165136,55.53512663522309,56.29944258689081,57.06043079381312,57.817334041003264,58.5694752594531,59.31624933752493,60.05711586868877,60.79159272762905,61.51925037663805,62.239706814265205,62.952623087904605,63.65769930110476,64.35467105471648,65.04330626852786,65.72340233674484,66.3947835766255,67.05729893480773,67.71081992044363,68.35523873826,68.99046659813595,69.61643218081554,70.2330802419959,70.84037033930424,71.4382756686505,72.02678199814811,72.60588668927652,73.17559779624172,73.73593323560273,74.28692001919715,74.82859354423708,75.3609969351735,75.8841804325606,76.39820082470202,76.90312091834053,77.39900904507125,77.88593860052269,78.36398761366985,78.83323834392245,79.29377690387544,79.74569290582319,80.18907913032878,80.6240312153021,81.05064736419067,81.46902807201097,81.87927586806664,82.28149507429633,82.67579157828614,83.06227262005955,83.4410465918287,83.81222284995388,84.17591153841461,84.53222342314562,84.88126973663772,85.22316203224224,85.55801204765746,85.88593157710652,86.20703235174807,86.52142592788773,86.829223582585,87.13053621627166,87.42547426202066,87.71414760112314,87.9966654846499,88.27313646068966,88.54366830697361,88.80836796860855,89.06734150065554,89.32069401530428,89.56852963340363
2.683,68.26831116228823,67.61249277812688,66.94659536238247,66.27064545349954,65.58468289970243,64.88876195050521,64.18295245438533,63.467341177142146,62.742033257833796,62.007153822002756,61.26284977520182,60.50929180374504,59.746676614223595,58.975229448775735,58.19520691955995,57.40690021349336,56.61063872733851,55.806794203840504,54.995785452147715,54.1780837504383,53.35421904586307,52.524787086850544,51.69045764578028,50.85198401608061,50.010213996847405,49.16610260953501,48.320726823874196,47.47530260149932,46.63120459158419,45.78998882607364,44.95341875166369,44.12349488425661,43.30248825328383,42.492977580466565,41.69788975773805,40.92054258244841,40.164687788661574,39.434551088044245,38.73486412607298,38.07088095957882,37.44836901484474,36.873561918152696,36.35305995476072,35.89366456442043,35.50213793987258,35.184888967384936,34.94760263576461,34.79484921254727,34.72972625450111,34.753593227608306,34.86594914306867,35.06447807174558,35.345253173490434,35.703058971360264,36.13177426154617,36.62475777019023,37.17519172432001,37.776357446132444,38.421834994059054,39.105631805614514,39.82225237613615,40.56672329910357,41.33458722209763,42.12187700120888,42.92507865111885,43.741089195486005,44.56717348045084,45.40092247177301,46.240214459705236,47.08317985540228,47.92816978729137,48.77372841765491,49.61856873834256,50.46155152589861,51.30166710953111,52.13801960933267,52.969813323253504,53.79634097076303,54.616973533542904,55.43115146575579,56.23837707670077,57.038207916142625,57.83025101699353,58.61415787134167,59.3896200342516,60.15636526557401,60.914154133495856,61.662777015036696,62.4020514384262,63.13181972053745,63.85194685952358,64.5623186486981,65.26283998269098,65.95343333112969,66.63403735867222,67.30460567324636,67.96510568692304,68.61551757603264,69.25583332899443,69.88605587190739,70.5061982633032,71.11628295061148,71.7163410818742,72.30641186708895,72.88654198428266,73.45678502604123,74.01720098275017,74.5678557592639,75.10882072211635,75.64017227472573,76.16199145834453,76.67436357675803,77.17737784295873,77.67112704621415,78.15570723811342,78.6312174363231,79.09775934490779,79.55543709018397,80.00435697116878,80.44462722377284,80.87635779795794,81.29966014714665,81.71464702922813,82.12143231855438,82.5201308283666,82.91085814313023,83.29373046029373,83.66886444101603,84.03637706943724,84.39638552009173,84.74900703308573,85.09435879668216,85.43255783695454,85.7637209141881,86.087964425723,86.4054043149481,86.71615598616701,87.02033422507176,87.3180531245687,87.60942601571415
2.964,68.04740328420411,67.38285939291761,66.70773093426439,66.02200592229372,65.3256821911086,64.61876811626375,63.90128339624174,63.17325990193029,62.434742603368186,61.685790584615795,60.92647815950459,60.15689610326845,59.3771530177577,58.587376851153806,57.78771659696117,56.978344201690625,56.15945671623328,55.33127873264812,54.49406515623051,53.6481043725733,52.79372188128006,51.931284482486475,51.061205119973685,50.18394850607725,49.30003767963302,48.410061679799085,47.51468455685517,46.614655987201,45.71082381500363,44.804148908414916,43.89572279469322,42.986788625688106,42.078766120832576,41.17328123342014,40.272201375801394,39.37767709826461,38.4921911060678,37.61861535438293,36.760276577026566,35.921029820322886,35.10533813280766,34.31835418758282,33.56599591320535,32.85500285365422,32.19295293974837,31.58821138576763,31.0497767753745,30.586988504629105,30.209071088944,29.924520635275258,29.740387572421678,29.661565698395165,29.69023505349538,29.82559662497203,30.06397081527344,30.399232527802056,30.823469351014698,31.327712647137634,31.90260978405569,32.53895685456675,33.22806577202961,33.961978852650674,34.733563371306495,35.53652252117031,36.365354549565744,37.21528408939297,38.08218206625348,38.96248438973733,39.85311519382117,40.751417444552786,41.65509191109299,42.5621444486492,43.47084099491302,44.379669441174116,45.28730747631103,46.192595534686056,47.094514058038136,47.992164377958694,48.88475262359357,49.77157615077404,50.6520120703162,51.52550752376834,52.391571414775854,53.24976735446009,54.09970762098734,54.9410479680724,55.77348314567057,56.59674301958254,57.41058919600302,58.21481207292643,59.00922825340121,59.79367826639825,60.5680245499559,61.332149658615485,62.08595466325415,62.829357716474874,63.56229276091994,64.28470836137534,64.99656664446155,65.69784233215485,66.38852185743617,67.0686025520917,67.73809189814273,68.39700683560723,69.04537312033452,69.68322472652855,70.31060328932377,70.92755758340607,71.53414303421228,72.13042125869812,72.7164596330576,73.2923308851093,73.85811270935326,74.413887402944,74.95974152103861,75.49576555015703,76.0220535983471,76.53870310108074,77.04581454192171,77.54349118710545,78.03183883325545,78.510965567536,78.98098153960416,79.4419987447793,79.89413081789714,80.3374928373561,80.77220113890142,81.19837313872328,81.61612716547349,82.02558230083002,82.42685822825999,82.82007508965026,83.20535334949336,83.58281366632967,83.95257677116201,84.31476335256983,84.6694939482624,85.0168888428196,85.35706797137883,85.69015082903547
3.245,68.05369082885002,67.38633833390844,66.70812283632857,66.01900932786317,65.31897060332291,64.60798777465902,63.88605081936516,63.153159167349045,62.409322331144345,61.65456058517499,60.88890570080675,60.11240174512425,59.325105952820664,58.52708968232571,57.71843946938085,56.899258193789656,56.06966637811196,55.22980364075305,54.37983033038935,53.51992937412604,52.65030837847622,51.77120203044734,50.88287485611757,49.985624406551274,49.07978495634014,48.16573181923424,47.24388640922214,46.31472220525561,45.37877181516234,44.436635381118315,43.488990627808285,42.53660492813882,41.580349853747954,40.621218792894716,39.660348361391776,38.69904450783992,37.73881442620943,36.78140563707327,35.82885387612073,34.88354171173473,33.94827004908712,33.02634475838986,32.12168038677373,31.238921917646973,30.38358322952935,29.562196352066,28.78245754291184,28.053343205191684,27.385150006738613,26.78939114963646,26.278462410526192,25.86499444513247,25.560856642423435,25.37588978846383,25.316599602180005,25.385161476731238,25.579063885310976,25.891519005066936,26.31249302415525,26.83002074165217,27.431459089964548,28.104458823706146,28.837587281964932,29.620642545544047,30.444743941242,31.30228438870233,32.186811006190055,33.09287808216789,34.01589825612887,34.9520051474144,35.89793290148173,36.850913771129036,37.80859266094207,38.768956636559864,39.73027715804886,40.69106289356158,41.65002121138257,42.606026732513705,43.5580956016873,44.50536438042867,45.4470726748694,46.38254878409935,47.311197795739865,48.232491668932944,49.14596093582834,50.0511877251754,50.94779986942824,51.8354659028288,52.713890794673965,53.58281229133264,54.441997764086736,55.291241478750074,56.130362218213214,56.95920120134229,57.7776202515976,58.585500176820815,59.3827393282249,60.169252312007245,60.944968831425214,61.7098326408063,62.46380059596678,63.20684178799206,63.93893674939323,64.6600767233661,65.37026298830787,66.0695062309407,66.75782596239253,67.43524997242407,68.10181381769766,68.75756034058026,69.40253921547169,70.03680652007812,70.66042432940604,71.27346033055883,71.87598745667543,72.46808353856915,73.04983097281263,73.6213164051708,74.18263042842024,74.73386729370802,75.27512463469833,75.80650320384137,76.32810662016733,76.84004112806967,77.34241536659277,77.83534014878327,78.3189282507009,78.79329420971773,79.25855413175962,79.71482550717039,80.16222703489494,80.60087845469813,81.03090038714879,81.45241418111164,81.8655417685004,82.270405526056,82.66712814392015,83.05583250078413,83.43664154539775,83.8096781842299
3.525,68.20107868443775,67.53450511652188,66.85692156576508,66.16827870424238,65.46853381282816,64.75765117965403,64.03560251888808,63.30236741194476,62.55793377360899,61.80229834600429,61.03546722386653,60.25745641521926,59.46829244230699,58.66801298855776,57.856667598436616,57.034318438378726,56.201041128582915,55.35692565738013,54.50207739224274,53.636618204360595,52.760687727217196,51.87444477389613,50.97806894314824,50.07176245080159,49.1557522312372,48.23029236379768,47.29566689170959,46.352193117080475,45.40022547572718,44.4401601212125,43.472440380124354,42.497563282430136,41.51608742446383,40.52864249142882,39.5359408560552,38.53879178659606,37.53811894893772,36.5349820848888,35.530604005041525,34.52640436611363,33.524042127443735,32.52546911652901,31.532997788337518,30.54938702293487,29.577950599332244,28.622693617419166,27.688482178596125,26.78125018808825,25.90824252560966,25.078283142607617,24.302035496432996,23.592186039035788,22.963427347352365,22.432057271548132,22.014985100515702,21.728023409553483,21.583618936246587,21.58858690665165,21.74268628917925,22.03867243470011,22.46380224416393,23.002124850208347,23.63672650035603,24.351392203104975,25.131554817710462,25.964663991556634,26.840184745455915,27.749405772416903,28.68517685915685,29.641641733269935,30.61399710246716,31.598288354926744,32.59124222164462,33.59013236844615,34.59267257684762,35.596932272011706,36.60126981041605,37.60427973513486,38.60475096084098,39.60163349764491,40.594011850381285,41.58108364799789,42.56214238370327,43.53656339849892,44.50379243460333,45.463336234261135,46.41475477397016,47.35765481239166,48.29168449836864,49.21652883831138,50.13190586332969,51.03756336862265,51.93327612285429,52.81884346512828,53.694087222913225,54.55884989679115,55.412993067902896,56.25639599198385,57.08895435034653,57.91057913339046,58.72119563646186,59.52074255134245,60.30917113947291,61.086444475335334,61.852536750328134,62.607432629042016,63.35112665115133,64.083622673217,64.80493334559849,65.5150796204249,66.21409028720053,66.90200153314835,67.57885652583401,68.24470501598284,68.89960295871408,69.54361215167555,70.17679988878534,70.79923862846921,71.41100567544004,72.01218287519615,72.6028563205256,73.18311606939756,73.75305587369797,74.31277291833399,74.86236757028529,75.40194313722594,75.93160563538072,76.45146356630855,76.96162770233461,77.46221088037359,77.9533278039039,78.43509485286894,78.90762990129194,79.3710521424025,79.82548192107917,80.27104057342036,80.70785027326073,81.13603388545395,81.55571482574662,81.96701692707158
3.806,68.43693891147925,67.77335920738857,67.09870042955906,66.41290388530223,65.7159167556337,65.00769242862667,64.28819084552207,63.55737886061606,62.8152306161377,62.06172793356027,61.2968607230712,60.520627413250295,59.73303540341587,58.93410154156244,58.12385263140089,57.302325972694746,56.469569939925805,55.625644605329484,54.770622413561156,53.90458891674829,53.02764358048807,52.139900673577166,51.241490256980725,50.33255929091273,49.41327288305424,48.483815706114854,47.5443936193979,46.59523553714048,45.63659559662266,44.66875569200335,43.692028456362806,42.706760795605184,41.713338105170514,40.71218933589287,39.703793121497014,38.68868524079242,37.667467767573434,36.64082036739874,35.60951434222043,34.574430214196376,33.53657989681441,32.4971348490723,31.457462079951508,30.419170509545175,29.384171055534374,28.354754964320783,27.333696407585407,26.32438724217675,25.33101398302866,24.358789036876626,23.41424890349908,22.50562858248942,21.643307964324737,20.840291640252108,20.112611757591562,19.479419216800213,18.96236773714669,18.583808896891515,18.36355598970121,18.314767480719624,18.440540310526607,18.73302872609337,19.17561769132389,19.74688814296856,20.42448233006669,21.187713668245614,22.018789648918162,22.903056183105235,23.82872929079145,24.786437874034945,25.76875044299287,26.769758544566525,27.78473671879867,28.809875451322114,29.842075556045582,30.878791280474477,31.91791090098005,32.95766572905844,33.99656050655538,35.03331988057924,36.06684698833818,37.0961911967299,38.1205227973901,39.13911301662051,40.151318111524745,41.156566627551946,42.15434911743806,43.1442097885144,44.12573966999953,45.098570985459276,46.062372486264444,47.01684555553207,47.96172093304058,48.8967559431265,49.82173213194731,50.73645323944949,51.64074344621204,52.53444584699643,53.41742111205403,54.289546304570344,55.15071382847546,56.00083048554433,56.839816624494276,57.667605367847585,58.48414190481436,59.28938284047967,60.08329559324066,60.865857833798685,61.637056960139525,62.39688960385736,63.14536116394903,63.882485364839695,64.60828383593281,65.32278571041576,66.0260272414229,66.7180514339612,67.3989076912623,68.06865147443904,68.72734397449962,69.37505179592691,70.01184665114961,70.63780506533959,71.25300809105264,71.85754103230373,72.45149317772436,73.0349575424995,73.60803061882098,74.17081213462555,74.72340482041305,75.26591418395945,75.79844829275763,76.32111756402944,76.83403456216404,77.3373138034444,77.83107156792755,78.31542571835033,78.79049552593182,79.25640150294656,79.71326524194276,80.16120926147777
4.086,68.72809182285776,68.06888601765831,67.39857929258409,66.71710647353,66.02440778452132,65.32042914388327,64.60512246909269,63.87844599074764,63.1403645761905,62.39085006343943,61.62988160622568,60.85744603110753,60.07353820784266,59.27816143444969,58.471327838696,57.653058798111005,56.82338538107041,55.982348812022856,55.13000096458106,54.266404886975714,53.391635365326785,52.50577953133237,51.60893752240606,50.7012232040156,49.78276496612039,48.853706608248785,47.914208331033606,46.964447856126654,46.00462170153838,45.03494664592842,44.05566142356685,43.067028702137826,42.06933740896369,41.06290548851427,40.04808319653591,39.02525706551321,37.99485471488112,36.957350730768994,35.913273908747115,34.86321624562797,33.80784419216318,32.74791285078006,31.6842840404324,30.61794948180035,29.550060820440176,28.481968860946104,27.41527531513455,26.351901690159224,25.294181821645374,24.24498720386666,23.207897920253963,22.187436792285737,21.189390110893576,20.22124353492191,19.29276175050787,18.416723069308244,17.609758012392753,16.89308450032035,16.29262578139217,15.83758470659871,15.556430753723175,15.470301610616804,15.586311965795291,15.894952520614961,16.373526775393625,16.993086887271325,17.724735675437046,18.543210243135956,19.428006424051365,20.36312013841071,21.336273576793282,22.33808421748996,23.361352337937515,24.40050421084511,25.451175272831506,26.509903990895207,27.573908459613524,28.640923245084966,29.70907964688589,30.77681719027574,31.84281764863047,32.90595541377278,33.96525981594573,35.019886250417194,36.069093850248336,37.11222806721127,38.14870696421628,39.178010337715804,40.19967101520225,41.21326783725478,42.21841995370488,43.21478215200324,44.20204100161961,45.179911647527376,46.14813512295763,47.106476079821846,48.05472085680366,48.99267582175912,49.92016593797588,50.83703351392002,51.74313710400875,52.63835053420117,53.52256203115755,54.39567343768306,55.25759950034493,56.108267217716055,56.94761523976724,57.775593310614845,58.592161748204155,59.397290955630886,60.19096095972657,60.97316097329249,61.743888977993166,62.503151325437315,63.250962354405004,63.98734402253332,64.71232555106914,65.42594308154219,66.12823934341473,66.81926333193424,67.49906999555198,68.16771993238959,68.82527909532948,69.4718185053815,70.10741397304513,70.73214582743601,71.34609865298944,71.94936103358451,72.54202530396152,73.12418730832343,73.69594616602889,74.2574040442952,74.808665937837,75.34983945537277,75.88103461293191,76.40236363389882,76.9139407557264,77.41588204325308,77.90830520855162,78.39132943723688
4.367,69.05308731129543,68.39911277978791,67.73404474213717,67.0578132634956,66.37035348077251,65.67160587723104,64.96151656358988,64.24003756575937,63.50712711938337,62.76274997142011,62.00687768906627,61.239488976418656,60.46056999937714,59.67011471942671,58.86812523709541,58.05461214608516,57.22959489930479,56.393102188326374,55.54517233812699,54.685853719405976,53.815205181268865,52.93329650769486,52.040208901953676,51.136035504059066,50.22088194747067,49.2948669626394,48.35812303669676,47.4107971407004,46.45305153847499,45.48506469437491,44.50703230142029,43.519168456477296,42.52170701578486,41.51490317261557,40.49903530977944,39.47440719384662,38.441350596463906,37.40022845248589,36.35143869695058,35.29541896614785,34.23265240638129,33.163674913515955,32.08908423576397,31.009551524114297,29.92583612816775,28.838804737924413,27.749456406476586,26.65895561865011,25.56867649432987,24.48026258282214,23.395708746617224,22.317474699073824,21.248644367144085,20.19315211095416,19.156106780563224,18.14425810218262,17.166665362657717,16.23563699198976,15.36798205099017,14.586472729183514,13.921001293306428,13.40805782719325,13.086204763528789,12.986081033831173,13.118468208449697,13.469245516248135,14.005908221435732,14.689702049686511,15.484907237549322,16.362657196399578,17.301101249123736,18.28414666842113,19.300008341114307,20.34000012656344,21.397637024299577,22.46799893764126,23.547287485230818,24.632517980600475,25.721304176535536,26.81170640084774,27.90212317963483,28.99121293943458,30.07783673207369,31.161015821962977,32.239899905299474,33.31374302439632,34.38188511533029,35.443737724817574,36.498772844948505,37.54651410252133,38.58652974303885,39.61842699445083,40.641847500247245,41.65646358758703,42.661975192062926,43.65810730217884,44.64460781765015,45.621245739055446,46.58780962418115,47.54410626005194,48.4899595101815,49.42520930476817,50.34971074797446,51.26333332147376,52.165960167445476,53.057487437383024,53.93782369562612,54.80688936857875,55.66461623222813,56.51094693192582,57.3458345294836,58.16924207353114,58.98114218981726,59.781516688735046,60.57035618784976,61.34765974761663,62.11343451881397,62.86769540049425,63.6104647074903,64.3417718467018,65.06165300154431,65.77015082407556,66.46731413441704,67.15319762717759,67.82786158465584,68.4913715966557,69.14379828679424,69.78521704521782,70.41570776766957,71.03535460087338,71.64424569421428,72.24247295770589,72.83013182624376,73.40732103014503,73.97414237197796,74.53070050968229,75.07710274597916,75.61345882406548,76.13988072958115,76.65648249883297
4.647,69.39778139617742,68.74956012817735,68.09027119696594,67.41984096248602,66.73820061738598,66.04528644887276,65.34104010594568,64.62540887197537,63.89834594260386,63.15981070897867,62.40976904635846,61.64819360817676,60.87506412570978,60.090367713556724,59.294099181235616,58.486261351297486,57.66686538449912,56.83593111272338,55.99348738053999,55.13957239652277,54.27423409573068,53.39753051509539,52.50953018388337,51.61031253189857,50.69996831871254,49.7786000879625,48.84632265167298,47.903263610696676,46.949563918760724,45.985378499335724,45.01087692670141,44.02624418526978,43.03168152462232,42.02740743200273,41.01365874946531,39.99069196988215,38.95878475504851,37.918237730876214,36.86937663007773,35.81255487311088,34.74815670532341,33.676601044804826,32.59834624516956,31.513896045786442,30.42380707680032,29.328698419530426,28.229263912295803,27.12628816464185,26.02066764138836,24.91343876783196,23.80581589357103,22.699243303300157,21.595467552728614,20.496639686063727,19.40546209652652,18.32540312270915,17.26101581077031,16.218418281857222,15.206024557615425,14.235655141843573,13.324184661534522,12.495807905294333,11.78454632518564,11.235205521694589,10.898480731831368,10.815718097156841,10.998606203270734,11.422170633598572,12.039070916230827,12.799667204916432,13.663127230500857,14.599435337769412,15.58748648714095,16.612565807598813,17.6643122259203,18.73529339096638,19.82005760546036,20.91451135654101,22.01550903555619,23.12057928802391,24.22773965656779,25.335368911840987,26.44211762336188,27.54684448267854,28.648570250417155,29.7464439560201,30.83971774574752,31.927727922927783,33.00988048201928,34.085639945194785,35.15452065455229,36.21607991019185,37.2699125098298,38.31564636251157,39.35293893255385,40.381474330282195,41.40096091030462,42.41112927067849,43.41173057064951,44.40253510293498,45.38333107041106,46.353923527687456,47.31413345624225,48.26379694815711,49.20276447846334,50.13090025003225,51.04808159804259,51.954198443531475,52.84915278751433,53.73285823875206,54.60523956953479,55.466232294893416,56.31578227150709,57.153845313269635,57.98038682104848,58.79538142464346,59.59881263533499,60.39067250773363,61.1709613099041,61.9396872009551,62.69686591546315,63.44252045424859,64.17668078113951,64.89938352546044,65.61067169006057,66.3105943647626,66.99920644516368,67.67656835676114,68.34274578440663,68.99780940711682,69.64183463828465,70.27490137134883,70.89709373098485,71.50849982988517,72.10921153119729,72.69932421668472,73.2789365606735,73.84815030984022,74.40707006889042,74.95580309216867
4.928,69.75270863759414,69.11054297236257,68.45734723259206,67.79304474054359,67.11756346414438,66.43083627113813,65.73280118807826,65.02340166403846,64.30258683892215,63.570311816257416,62.82653794038331,62.07123307794774,61.30437190367055,60.525936190355544,59.73591510318563,58.93430549839535,58.12111222647989,57.296348440201896,56.46003590775837,55.612205331610454,54.752896673641736,53.88215948751196,53.000053259314875,52.106647757942504,51.20202339691665,50.286271609876785,49.35949524244669,48.421808963836575,47.47333970232743,46.514227109743786,45.54462406120868,44.564697197941285,43.5746275226815,42.574611059607776,41.56485959348114,40.54560150637595,39.51708273498064,38.479567877372475,37.433341485835506,36.378709592261735,35.31600152578145,34.24557209964417,33.16780426761465,32.08311238157939,30.991946224999268,29.8947960561884,28.792198978420352,27.684747071498954,26.573097888431047,25.457988167198646,24.340251972403586,23.220845030684213,22.10087786509516,20.981661646725676,19.864772771410045,18.752145561887602,17.646208114971586,16.55008579866994,15.46791316854232,14.405323182813495,13.37023071641974,12.374105584137448,11.43403663712539,10.575940600790764,9.838857658314824,9.278123768696663,8.959738966346729,8.935581146544996,9.210135844967594,9.737076025019581,10.450439725146648,11.292442788871508,12.221587460852145,13.210188915411255,14.240012422122774,15.298864470813916,16.378370241254036,17.472598690681686,18.577217295057917,19.68896579298095,20.805321829379363,21.924283615121677,23.044225355953376,24.16379893014956,25.281865612158477,26.397447735021885,27.509693853029717,28.617853218593975,29.721256798375673,30.819302955049103,31.911446507732105,32.99719027275223,34.076078448234156,35.14769138516343,36.21164141202235,37.2675694677232,38.315142360088714,39.35405051228009,40.38400609256531,41.404741447181685,42.41600777422322,43.41757399017854,44.40922575115106,45.390764598774275,46.36200720700261,47.322784710760615,48.27294210120122,49.212337675297555,50.14084252985771,51.058340091939236,51.964725679160296,52.859906084628264,53.74379918220292,54.61633354862019,55.47744809966535,56.327091738127024,57.16522301171012,57.991809779453554,58.806828885499215,59.6102658393142,60.40211450166719,61.1823767758363,61.95106230366172,62.70818816617191,63.45377858860528,64.1878646497261,64.91048399539211,65.62168055638102,66.32150427052014,67.01001080919244,67.68726130831301,68.3533221038851,69.00826447225509,69.65216437518984,70.28510220990184,70.90716256414696,71.51843397651349,72.11900870201684,72.708982483106,73.28845432617813
5.209,70.11147108390551,69.47551718194937,68.82857832201468,68.17057522562241,67.5014331044538,66.82108190968773,66.12945658596509,65.42649732982038,64.71214985240557,63.98636564633835,63.24910225650463,62.500323554658145,61.74000001766142,60.96810900924219,60.184635065152094,59.38957018165607,58.58291410731732,57.764674638099166,56.934867915869916,56.09351873048226,55.240660825697816,54.37633720935467,53.50060046832258,52.613513088977726,51.71514778414763,50.805587827743835,49.88492739862727,48.953271935636664,48.010738506192666,47.057456191460005,46.09356649176078,45.119223756785864,44.13459564621493,43.13986362765417,42.13522352042411,41.1208860957413,40.09707774637526,39.06404124205052,38.022036590936,36.971342032761015,35.91225519582933,34.845094458950314,33.77020057081575,32.6879385946101,31.598700266101094,30.5029068811703,29.401012866732202,28.293510241704517,27.18093424881449,26.063870543739654,24.942964481144653,23.818933262468477,22.692582047757135,21.56482564894238,20.436718224438756,19.309494672821582,18.184629506858744,17.063922472791337,15.949626161428695,14.84464141534351,13.752825485940074,12.679493483944379,11.63226084617365,10.622500365794528,9.667906432287577,8.79693583505227,8.055673965955778,7.514308542058372,7.258661099016946,7.345669821252458,7.754481859662407,8.406022576153294,9.219266344855031,10.13648917558938,11.12139797067438,12.15161944479315,13.213034697756315,14.29638468447154,15.395338542472226,16.50538897539413,17.62320470870824,18.74623889177638,19.872484601172204,21.000317460415392,22.12839143321782,23.255568022313923,24.38086702703856,25.503431563100442,26.622502733890624,27.737400969717502,28.84751206131761,29.95227655532673,31.051181595361516,32.14375456749299,33.22955809423186,34.308186048114514,35.37926034434876,36.44242833438893,37.497360666992634,38.543749515715014,39.5813070955745,40.609764409276224,41.628870176609844,42.638389910670284,43.63810511220911,44.62781255933756,45.60732367439789,46.57646395342046,47.53507244642531,48.48300127908596,49.42011520807853,50.34629120388938,51.26141805603087,52.16539599656598,53.05813633862132,53.9395611272052,54.80960280017106,55.66820385759631,56.51531653820512,57.350902501754796,58.17493251655198,58.987386151463205,59.78825147195285,60.577524739816454,61.355210116391824,62.12131936912086,62.87587158141028,63.618892865798735,64.35041608048681,65.07048054932142,65.77913178535675,66.47642121813206,67.16240592482417,67.83714836543825,68.50071612220775,69.1531816433733,69.79462199150952,70.42511859656229,71.04475701375276,71.65362668649624
5.489,70.46972262123423,69.84003822774889,69.19941880433352,68.5477827692764,67.8850528950121,67.21115655428969,66.52602597093605,65.82959847504036,65.12181676236348,64.402629157774,63.67198988251367,62.929859325084394,62.1762043155627,61.410998403144546,60.634222136742565,59.84586334847404,59.04591743989954,58.234387670909015,57.411285451195894,56.576630634306966,55.73045181433306,54.87278662538009,54.00368204406594,53.12319469541098,52.231391162638865,51.32834830158504,50.41415356062684,49.48890530731023,48.55271316316224,47.605698348558164,46.64799403996867,45.67974574246687,44.701111681046235,43.71226321511807,42.7133852815607,41.70467687292048,40.68635155888471,39.658638061035475,38.62178089325169,37.57604108309921,36.521696993310755,35.45904526726717,34.38840192858913,33.31010367299293,32.22450940112728,31.13200205509773,30.032990840128893,28.927913938206412,27.817241855378693,26.701481592821413,25.581181900055896,24.456939966482174,23.329410049746908,22.199314750469963,21.067459961797912,19.934755014688065,18.802240317905188,17.67112605261356,16.542847581926203,15.41914684198905,14.302195379093755,13.194786457773613,12.10064611125292,11.024957521682795,9.97528456746234,8.963272445662431,8.007898839779157,7.141737418740858,6.421939141039138,5.941560307397263,5.809953409432695,6.0675611285870135,6.639983288130955,7.416860877696461,8.317522760498289,9.294490426956253,10.320672530505004,11.380035918723669,12.462554015508056,13.561593685394069,14.672533542530624,15.792002589812707,16.91744147414871,18.04683860423875,19.17856511963831,20.311268007080063,21.443798689805025,22.575163982663124,23.704491573531268,24.831005194278408,25.954006411584967,27.072861038747654,28.18698883613205,29.295855593122067,30.398966961808487,31.495863597405105,32.586117285788504,33.66932782517643,34.74512048977654,35.81314394657422,36.87306852774297,37.924584784088275,38.967402261919545,40.001248458472986,41.02586792064658,42.04102145917914,43.046485456093336,44.04205124765481,45.02752456857181,46.00272504591382,46.96748573341353,47.921652678573565,48.86508451641572,49.797652084856445,50.719238057629966,51.62973659144573,52.52905298469711,53.41710334555658,54.29381426772325,55.159122512444824,56.012974695730556,56.85532697991715,57.6861447689565,58.505402406957984,59.31308287966378,60.109177518647236,60.89368570812175,61.666614594323796,62.427978797496905,63.17780012655402,63.91610729653442,64.64293564900106,65.35832687554893,66.06232874460841,66.7549948317389,67.43638425361472,68.1065614059041,68.76559570524317,69.41356133549988,70.05053699851732
5.77,70.82451287502076,70.20108902117134,69.56678309548512,68.92151142481454,68.26519456648059,67.59775755218357,66.91913013658692,66.22924705038596,65.52804825766174,64.81547921731678,64.09149114837672,63.356041298937605,62.60909321854017,61.85061703374838,61.08058972671496,60.29899541653487,59.50582564318786,58.701079653906696,57.884764691828536,57.056896286828405,56.21749854847937,55.36660446114659,54.50425618129453,53.630505337176814,52.745413331190086,51.849051645302865,50.94150215013201,50.022857418426504,49.09322104395255,48.15270796704212,47.201444808397824,46.23957021314002,45.267235207553554,44.28460357156154,43.29185223063966,42.289171671719004,41.27676638864082,40.25485536396556,39.223672595468756,38.1834676775433,37.13450645007825,36.077071730332165,35.01146414703628,33.938003100696434,32.85702788013502,31.768898973173886,30.6739996196414,29.572737668464665,28.465547818748732,27.35289434927785,26.235274474466898,25.113222511472255,23.9873151089844,22.85817788260895,21.72649393948406,20.593014979855518,19.458575975177585,18.324114907913675,17.190699834233264,16.059566807045496,14.932174363554735,13.810284092411582,12.696083766782696,11.59238285115141,10.502936902805818,9.433013830797886,8.390440862808125,7.387665841634259,6.446070323193057,5.605293529508908,4.9415898589182525,4.584646616399964,4.657077496621428,5.129742212147835,5.8622252174730995,6.741659061445803,7.706201326293099,8.72361488620957,9.776103001816544,10.853036395833572,11.947575207582677,13.055024420028133,14.171981143333735,15.295864430035492,16.42464125933797,17.556658912832628,18.690538028111536,19.825101834696532,20.959327829093706,22.092313855335423,23.22325371986577,24.351419289110943,25.476147101240382,26.596828188592987,27.712900226974796,28.82384139971647,29.929165544305373,31.02841827106505,32.12117382720132,33.207032538337714,34.285618701563415,35.35657883432797,36.41958020573525,37.47430959329319,38.52047222056735,39.557790840607844,40.586004937239835,41.60487002190772,42.6141570081345,43.613651649108256,44.603154026639636,45.58247808192794,46.551451180331874,47.50991370377144,48.45771866554752,49.3947313433187,50.32082892675912,51.23590017706343,52.139845096006354,53.03257460270364,53.91401021659621,54.78408374548599,55.64273697771173,56.48992137776758,57.325597784847936,58.14973611395233,58.96231505930681,59.763321799964544,60.55275170752951,61.33060805602013,62.09690173394197,62.85165095868601,63.594880993402924,64.32662386652935,65.04691809416289,65.75580840549543,66.45334547152206,67.1395856372468,67.81459065760622,68.47842743732924
6.05,71.17385422611821,70.55663664959808,69.92859180222618,69.2896340776794,68.63968198446938,67.97865838809149,67.30649075796883,66.62311141900688,65.92845780756733,65.22247273165073,64.50510463507733,63.776307865437985,63.03604294559253,62.284276848479415,61.520983275012306,60.74614293483281,59.95974382971043,59.16178153938104,58.352259509650914,57.5311893426096,56.698591088840104,55.854493541553566,54.998934532643595,54.13196123071573,53.253630441243914,52.36400890910426,51.4631736238674,50.55121212837902,49.628222831340565,48.69431532481631,47.74961070785284,46.7942419176975,45.82835407047258,44.85210481359443,43.86566469274839,42.8692175368555,41.862960865220074,40.84710632195358,39.82188014387718,38.787523669442706,37.74429389786367,36.69246410967543,35.63232456245717,34.56418327859159,33.48836694588809,32.405221956898586,31.315115619154316,30.218437576802014,29.11560149486102,28.007047071462672,26.893242462249617,25.77468722646673,24.65191593888882,23.525502659677635,22.396066521736152,21.26427879172905,20.13087190190633,18.99665115992477,17.86251016421678,16.72945145380646,15.59861472896474,14.471316322307736,13.349105916811475,12.233850670652318,11.127864746251857,10.034117794898272,8.956588728368263,7.900905053861152,6.875587886460857,5.894695260168737,4.983970903829746,4.196045258045796,3.6432573079291637,3.5067961965187098,3.8557490908921244,4.535346897361055,5.388690912029493,6.335841718345065,7.339300024777646,8.37980681682239,9.44630901621452,10.531822870420863,11.631580805717164,12.742122276110223,13.860809965625421,14.985553892053819,16.11464465332942,17.246647604657174,18.380332891693104,19.51462755982773,20.648581794827166,21.781344518654542,22.912145361972097,24.040281095011206,25.165105245599673,26.28602004037489,27.4024700686183,28.513937242737914,29.619936747767284,30.72001375405755,31.813740724954027,32.90071519248765,33.98055790408742,35.05291126541186,36.117438020886375,37.17382012599073,38.22175777485188,39.260968554033596,40.29118669912876,41.31216243524747,42.32366138604789,43.325464038791814,44.317365255187624,45.2991738196246,46.27071201790151,47.23181524078162,48.182331607712634,49.12212160688442,50.05105774848866,50.96902422861794,51.87591660172433,52.77164145995628,53.65611611803105,54.529268302582146,55.39103584515688,56.24136637823962,57.08021703384277,57.907554144345916,58.72335294538114,59.52759728065834,60.32027930870393,61.10139921155127,61.87096490547438,62.62899175389751,63.37550228264611,64.11052589773033,64.83409860586875,65.54626273797331,66.24706667582268,66.93656458215574
6.331,71.51643067181229,70.90533451287543,70.2834669247605,69.65074049221812,69.00707180467292,68.35238169684791,67.68659549433086,67.00964326391208,66.32146006849959,65.62198622641642,64.9111675748702,64.18895573737254,63.455308394884426,62.71018956045542,61.9535698571245,61.18542679885118,60.40574507425237,59.61451683292792,58.811741974179085,57.99742843794051,57.17159249777931,56.3342590558536,55.485461939768165,54.62524420132797,53.75365841726053,52.870766992069285,51.97664246328365,51.071367809505105,50.15503676179255,49.22775411912034,48.28963606885124,47.340810513426476,46.381417404775114,45.4116090883068,44.43155065877834,43.4414203308351,42.441409827634146,41.4317247916833,40.41258522290627,39.384225949991766,38.34689714236294,37.30086487165245,36.24641173346221,35.18383754252176,34.11346011724105,33.03561617324793,31.950662350009466,30.858976400333177,29.760958579811913,28.657033282613543,27.547650982148742,26.433290551059812,25.314462056071324,24.19171015159055,23.06561823448795,21.936813575717874,20.805973719085184,19.67383454403595,18.541200544497254,17.408958106624127,16.278092920301976,15.149713210944332,14.025081370318428,12.905658060237249,11.793165472690923,10.689681204491496,9.597783428316275,8.520787029521122,7.463152483148136,6.431251136861133,5.434943540998316,4.491246588467682,3.634085386852859,2.942679187132151,2.6005232371329474,2.8006821581769725,3.418523646398259,4.240508100541581,5.164574594097884,6.148337620403879,7.171485015749682,8.222671620889585,9.29476348780167,10.38286539185656,11.48339370225933,12.593593287210561,13.71126405844136,14.834595551324195,15.96206134896518,17.092348696328052,18.22430986237455,19.356927515234343,20.489289450204513,21.620569750070867,22.750014484191254,23.87693068180671,25.00067771303145,26.12066047005891,27.23632391411377,28.34714867181412,29.452647446923937,30.552362071886265,31.645861065654497,32.73273759518557,33.81260776084344,34.88510914316348,35.94989956149773,37.00665600510013,38.05507370499955,39.09486532110088,40.12576022376507,41.14750385294541,42.15985714102187,43.16259598794954,44.15551077934324,45.138405939760425,46.11109951479028,47.07342277666534,48.025219849033114,48.96634734728942,49.8966740315146,50.81608046958694,51.724458708499064,52.62171195227807,53.5077542452299,54.3825101594959,55.24591448613575,56.09791192914039,56.938456801940006,57.76751272610612,58.58505233205785,59.39105696167795,60.185516372819826,60.968428445751165,61.739798891629604,62.4996409631492,63.247975167525375,63.98482898201281,64.71023657216693,65.42423851307232
6.612,71.8513988325138,71.24631884544522,70.63052376305382,70.00392446339872,69.36643572298061,68.71797645593267,68.0584699583121,67.38784415732782,66.706031865324,66.01297103833436,65.30860503899814,64.59288290363328,63.8657596132405,63.127196368216765,62.37716086654588,61.615627585237654,60.84257806478994,60.05800119645153,59.26189351208219,58.45425947642076,57.6351117815988,56.804471643765794,55.96236910174242,55.10884331765996,54.24394287961732,53.36772610645634,52.480261354858406,51.58162732907273,50.67191339372082,49.75121989028575,48.81965845807992,47.877352360710844,46.92443681932985,45.96105935426091,44.98738013697917,44.00357235484718,43.00982259153651,42.006331226687124,40.99331285909071,39.970996758570756,38.93962735279673,37.89946475654233,36.8507853524553,35.79388243428588,34.729066925828725,33.65666819166987,32.57703495933957,31.49053637684627,30.39756323505229,29.29852939128671,28.193873439431634,27.08406068307077,25.96958548303469,24.850974069989356,23.728787938304137,22.60362797175703,21.476139498240403,20.347018534853735,19.21701957467237,18.08696539453491,16.95775954922309,15.830402493678115,14.706012695567678,13.585854759642787,12.47137765259339,11.364267912559,10.266525886042714,9.1805788931053,8.109456792844346,7.057080075843331,6.028768205349225,5.0322265212018,4.0797221601897125,3.193760876584069,2.4252357759245764,1.9164987128828705,1.9485830582780022,2.4957020888877857,3.2803640631304885,4.17473564399874,5.132535546467876,6.132791043142097,7.163870162370629,8.218382161327511,9.291184830793462,10.37846723826809,11.477271998288291,12.58522225431393,13.700354228924633,14.821008747761761,15.945757869844151,17.073353513815366,18.202690453796997,19.3327790327717,20.46272464042213,21.59171201653452,22.71899306966968,23.84387730323837,24.96572420613078,26.08393714392627,27.197958410099872,28.307265183434083,29.4113661999451,30.509798992779057,31.602127586811935,32.68794055954007,33.76684939862632,34.83848710081073,35.90250696796179,36.958581564660555,38.006401808478564,39.045676169470354,40.076129959672926,41.097504696841604,42.10955752942528,43.11206071204221,44.1048011225673,45.087579813457815,46.06021159120078,47.02252461880828,47.974360037154,48.91557160166856,49.846025331524196,50.76559916894768,51.674182646734366,52.57167656239948,53.457992657712,54.33305330261617,55.196791182766326,56.04914899008682,56.89007911592559,57.719543346502434,58.53751256046292,59.34396642844175,60.138893114615485,60.9222889802875,61.69415828959861,62.45451291749753,63.20337206013801,63.94076194789208
6.892,72.17824998273427,71.57906770446495,70.96922677826929,70.34863646317433,69.71720981342409,69.07486391624798,68.42152013488145,67.75710435669147,67.08154724624012,66.3947845031021,65.6967571242496,64.98741167079898,64.26670053890676,63.53458223460281,62.79102165232865,62.03599035696381,61.269466869113145,60.49143695343783,59.701893909822466,58.90083886718646,58.088281079766936,57.26423822573303,56.42873670802373,55.58181195735402,54.72350873738241,53.85388145211515,52.97299445569449,52.080922364832375,51.17775037426213,50.26357457573357,49.33850228124295,48.40265235139433,47.45615553002821,46.49915478653227,45.53180566758782,44.55427666049255,43.566749570668144,42.56941991651143,41.56249734540023,40.54620607544225,39.520785368481,38.48649004098882,37.443591020805975,36.39237595930345,35.333149910502,34.26623609106597,33.19197673801561,32.11073408461308,31.022891479345958,29.928854678528555,28.8290533500711,27.723942834870876,26.61400622367148,25.49975682189501,24.38174109402887,23.260542204203073,22.1367843028606,21.011137754112927,19.884325559191726,18.757131315331407,17.630409167055646,16.50509637460417,15.38222936816331,14.262964519102598,13.148605411851676,12.040639266475225,10.940786567230075,9.851070323631117,8.773915586104263,7.712297701515553,6.669973615097649,5.651865321267716,4.66475028668538,3.7186582966779818,2.830221027406585,2.032984184121374,1.4208061628111925,1.2838065581157776,1.7517698860720656,2.492098956467104,3.349216196598565,4.27446004319237,5.24637029955835,6.252837229357895,7.285995304268769,8.340277979016106,9.411513337572602,10.496442674853776,11.592438791629087,12.697329464910343,13.809280991939096,14.92671824360131,16.04826801279299,17.17271781834118,18.29898529682609,19.426095043965947,20.55316081728024,21.679371672624683,22.803981036057987,23.926297998259543,25.045680313574813,26.161528721360934,27.273282303394215,28.38041466030007,29.48243074053772,30.578864192927576,31.66927514178427,32.75324830500218,33.83039139174209,34.900333728971724,35.962725075943936,37.0172345934342,38.06354994068577,39.1013764779105,40.13043655612294,41.150468879274115,42.161227926238176,43.162483422327306,44.15401985175285,45.13563600389331,46.107144547425825,47.068371627375996,48.01915648097456,48.959351068912135,49.88881971916978,50.807438781104274,51.71509628788517,52.61169162573742,53.497135208745995,54.3713481582338,55.23426198594119,56.085818280418984,56.92596839620141,57.75467314545749,58.571902491926075,59.37763524703502,60.171858768177835,60.95456865918489,61.725768473077636,62.4854694172332
7.173,72.4967131976945,71.90330201988282,71.29928849184552,70.6845803313071,70.05908895046066,69.42272969226687,68.7754220721628,68.11709002503504,67.44766215730532,66.7670720039554,66.07525829031438,65.37216519841529,64.65774263771547,63.93194651997888,63.19473903809833,62.446088948644,61.68597185791852,60.914370511306345,60.13127508570979,59.33668348488008,58.53060163746757,57.7130437976474,56.884032848196576,56.04360060595829,55.19178812966553,54.32864603017187,53.45423478320539,52.56862504486642,51.6718979701897,50.76414553523514,49.84547086332085,48.91598855620486,47.97582503123689,47.02511886576248,46.06402115036783,45.09269585290965,44.111320195701246,43.1200850487242,42.119195342325845,41.1088705035667,40.08934492121241,39.06086844535815,38.02370692886717,36.97814281922505,35.924475811141896,34.86302357231451,33.79412255730526,32.7181289276042,31.635419599767012,30.546393448265448,29.45147269558952,28.35110452956064,27.24576299717367,26.135951236221892,25.02220412127022,23.90509142038162,22.78522158493827,21.66324632914684,20.539866201560134,19.415837412732404,18.29198026770021,17.16918966938344,16.048448324539976,14.93084352141007,13.817588695616308,12.710051520378105,11.609791053555425,10.518607730864288,9.438612046095377,8.37232124518942,7.322799581002472,6.293869467204363,5.290445020736159,4.31909424100482,3.3890786459303683,2.514570298056701,1.7206430167645586,1.067641691829446,0.7896081994234961,1.1717131635298623,1.8593271260762059,2.670964972800703,3.557148083731764,4.495671791692984,5.473542511701081,6.482111842695174,7.515175976839418,8.568055793208408,9.637089368424947,10.719326744030687,11.812334769367004,12.914066488433809,14.022770552168412,15.136926560821806,16.255197807193646,17.3763960417125,18.49945474911042,19.623408578989043,20.74737730709678,21.870553185575915,22.99219086379755,24.111599283277492,25.22813510533708,26.341197340549055,27.450222928738103,28.554683076702368,29.654080204142137,30.747945380794377,31.83583616243674,32.91733475232459,33.992046429238286,35.05959819472109,36.119637601054336,37.171831728619395,38.21586628696599,39.25144481846368,40.278287987092284,41.2961329379247,42.30473271530329,43.303855729725186,44.293285265114484,45.27281901953858,46.242268673577804,47.20145948151619,48.150229881331136,49.08843112013657,50.0159268923093,50.932592988012225,51.838316950238436,52.732997738850415,53.616545400382435,54.48888074262622,55.349935013233996,56.199649581751764,57.03797562465017,57.86487381304841,58.680314002935496,59.484274927782934,60.27674389351867,61.05771647589435
7.453,72.80668663185355,72.21891540875114,71.62059779963955,71.01164005167284,70.39195200788693,69.76144734197109,69.12004379859019,68.46766343912785,67.80423289270523,67.12968361231619,66.4439521359152,65.74698035226709,65.03871577137471,64.31911179928271,63.588128017049094,62.84573046367804,62.09189192279951,61.32659221288975,60.54981848082933,59.76156549860695,58.96183596299468,58.1506407980435,57.327999460275116,56.49394024648734,55.648500604139294,54.79172744433342,53.92367745749854,53.044417431946876,52.15402457559713,51.252586841268325,50.3402032561036,49.416984255847865,48.483052024915594,47.53854084341858,46.58359744260822,45.618381370520176,44.64306536999641,43.657835771725374,42.66289290547867,41.65845153336829,40.644741309708095,39.62200727296688,38.59051037637666,37.550528065052184,36.50235490901833,35.44630330341366,34.38270424939308,33.31190823200507,32.23428621468192,31.1502307741225,30.060157404465016,28.964506026033764,27.86374274193188,26.75836189585519,25.64888849733858,24.535881097110195,23.41993521651902,22.30168746277405,21.181820498335206,20.061069081529517,18.940227461085364,17.82015849675727,16.701805001828806,15.586203976628257,14.474504649204647,13.367991597694234,12.26811475938458,11.176528934637313,10.09514664147657,9.026210173003598,7.972392016566456,6.936938501049912,5.923881895797916,4.938366199004176,3.987173836030934,3.0796390638582025,2.2294070848720327,1.4584851480640169,0.8107156234467785,0.4461668229972657,0.7395251465292,1.3646904697957383,2.1226992194910737,2.964002927543007,3.86489369517898,4.810939093389438,5.792365031416334,6.802116925537358,7.834870915370132,8.886470120006756,9.95357869176487,11.033457932862394,12.123815377037346,13.222699689345923,14.328425489118112,15.439518355467616,16.554673819077266,17.67272627307312,18.79262506076883,19.913415847880074,21.0342259463164,22.154252633589284,23.27275377102462,24.38904020541367,25.502469567875924,26.612441176997415,27.718391821618336,28.819792249291865,29.916144224415643,31.00697804882876,32.09185045969959,33.170342836552884,34.24205966254595,35.306627195519745,36.3636923125938,37.41292149864244,38.45399995426019,39.48663080308222,40.5105343817781,41.525447598864126,42.53112335079447,43.52732998570523,44.51385080677064,45.490483608449836,46.457040240004936,47.41334619159767,48.35924019904709,49.294573863990806,50.21921128674365,51.13302870962138,52.03591416889438,52.92776715387626,53.80849827194062,54.678028918504474,55.53629095122506,56.38322636783325,57.218786987177204,58.04293413317503,58.855638321482,59.65687894876746
7.734,73.10818831281371,72.52592393430163,71.93316867209693,71.3298273683642,70.71580836455826,70.0910237345954,69.45538952370876,68.80882599286687,68.15125786862436,67.48261459825709,66.80283061002282,66.1118455783741,65.40960469394815,64.69605893813583,63.97116536203916,63.234887369611926,62.48719500478018,61.72806524234047,60.957482282437624,60.17543784843189,59.38193148798594,58.576970877210954,57.76057212775001,56.93276009670537,56.093568699361796,55.24304122471233,54.381230653859845,53.508199981449245,52.624022540378725,51.72878233015733,50.82257434940991,49.90550493319197,48.97769209596713,48.03926588132706,47.09036871978927,46.13115579632443,45.16179542962352,44.182469465544266,43.1933736876773,42.1947182485655,41.18672812581327,40.16964360814671,39.143720817477366,38.109232274194895,37.066467514318255,36.01573376882536,34.95735671751707,33.891681332233645,32.819072827251055,31.739917738349117,30.654625156573406,29.563628148300968,28.467385400193702,27.366383136354134,26.261137366033633,25.15219653426351,24.040144665762504,22.925605115716376,21.809245071335788,20.69178098801819,19.573985197044866,18.456693993191276,17.340817607903656,16.227352607881368,15.117397446659728,14.012172163636777,12.913043610839884,11.821558156427367,10.739484670230336,9.668871917430106,8.612126580251356,7.572121552913794,6.55234996846373,5.5571507216732705,4.5920505136291,3.6643059120063395,2.7838127427042476,1.9647567292016352,1.2289994825480903,0.6149390616375573,0.22820056566825545,0.43679787601330944,0.9894143253802711,1.686916389662841,2.4788800324665017,3.3390441500430788,4.2509825484539085,5.203493855266176,6.188497401005914,7.199916459281558,8.233029226702042,9.28406692090094,10.349952669015245,11.42812529262958,12.51641663527446,13.612963920159181,14.716145741062125,15.824534419759201,16.93685995645567,18.051982355325872,19.168870106287827,20.286583262080445,21.404259992788816,22.52110580434157,23.63638482037708,24.74941267817545,25.859550698491695,26.966201068909662,28.068802839395694,29.166828572946468,30.259781527679074,31.347193272275543,32.42862165640905,33.50364907310938,34.571880962050784,35.63294451224185,36.686487530155375,37.73217744539075,38.76970043084172,39.79876061829964,40.8190793936528,41.83039475848634,42.83246074707081,43.825046889531684,44.807937713493764,45.78093227774865,46.743843732542715,47.69649890196644,48.63873788467155,49.57041366977021,50.49139176530548,51.401549837134496,52.3007773564509,53.18897525450059,54.06605558332298,54.93194118158926,55.7865653448069,56.62987149933566,57.46181287980112,58.28235220961736
8.014,73.40132064116108,72.82442986683742,72.23710315984322,71.63924401896166,71.03075934758205,70.41155968519921,69.78155944471388,69.1406771554368,68.48883571166459,67.82596262669516,67.15199029213723,66.46685624234605,65.77050342382003,65.06288046937577,64.34394197691292,63.61364879257493,62.8719682981111,62.11887470223913,61.35434933582082,60.578380950658804,59.790966021746904,58.99210905281501,58.181822885041065,57.360129008829595,56.527057878596175,55.6826492305577,54.82695240357221,53.96002666316527,53.081941528956975,52.1927771058159,51.29262441919625,50.38158575525824,49.45977500655639,48.52731802428509,47.584352978317845,46.63103072656487,45.66751519551238,44.69398377420223,43.71062772438148,42.717652610096536,41.715278750658136,40.70374170166863,39.683292769708956,38.65419956736295,37.61674661654113,36.57123600960567,35.51798813964533,34.45734251347941,33.38965866367256,32.315317179135945,31.234720877914164,30.148296150732286,29.05649451000617,27.95979438669271,26.858703226948876,25.753759952709682,24.64553786572418,23.534648094391162,22.42174370833034,21.307524659030644,20.192743748908185,19.078213889654634,17.964816989529176,16.85351491649661,15.745363132041405,14.64152779739741,13.543307447839533,12.452160755284929,11.369742524455912,10.297951007218636,9.238991064879531,8.195459990958394,7.1704665226648725,6.16779983056605,5.19217626156796,4.2496118307450255,3.348007897520802,2.4981201523374104,1.7152715179604459,1.02267085650282,0.45886299857888796,0.10411847255498868,0.24129089868663534,0.7134839223317615,1.3462386546665293,2.086330439270184,2.904080442570976,3.78069321914604,4.703351688976164,5.662844002791266,6.652277402188066,7.666325068186876,8.700758772489252,9.752145380251296,10.817642362602761,11.894855750263691,12.981738891371004,14.076518689038004,15.177640829747908,16.283728433897355,17.393550381164548,18.505996731816545,19.620059433491356,20.7348170196103,21.849422359843622,22.96309277034679,24.075101966926155,25.18477347059107,26.291475167116836,27.394614790331833,28.493636149726566,29.588015961414797,30.67726117079158,31.76090667779968,32.83851339323892,33.90966656827236,34.97397435009891,36.03106652536161,37.08059341973295,38.12222492765625,39.155649650698706,40.180574126628436,41.1967221343113,42.203834061986356,43.20166632851235,44.18999084886661,45.168594536587904,46.13727883703378,47.09585928631456,48.04416509160206,48.982038729215446,49.909335557486756,50.82592344191519,51.731682390550745,52.6265041979158,53.510292096086864,54.38296041182309,55.2444342288581,56.09464905466217,56.93355049114871
8.295,73.68624462276013,73.11459538367967,72.53256455004164,71.94005433563466,71.33697026603981,70.72322140838168,70.09872060700076,69.46338472494473,68.81713489117102,68.15989675333186,67.49160073600181,66.81218230420258,66.12158223205718,65.4197468764088,64.70662845521652,63.98218533055231,63.24638229599952,62.49919086827062,61.740589582850134,60.97056429348447,60.18910847534372,59.396223531702276,58.59191910400304,57.776213385201125,56.94913343631981,56.11071550619528,55.261005354450276,54.40005857779777,53.5279409398667,52.6447287048389,51.75050897530398,50.8453800348841,49.92945169634233,49.002845656086166,48.06569585620745,47.118148855468434,46.16036421095959,45.19251487252648,44.21478759249688,43.2273833537512,42.2305178197785,41.22442181107384,40.20934181306575,39.185540521758604,38.15329743445584,37.112909494335526,36.06469179933871,35.00897838785436,33.94612311613404,32.876500645334986,31.80050755970607,30.718563641864854,29.63111333657091,28.53862744116705,27.441605069301378,26.34057594512577,25.23610309856928,24.12878604931468,23.019264589004703,21.908223299505142,20.79639698203192,19.68457722067661,18.573620368763404,17.464457333833426,16.358105656087123,15.25568453936142,14.158433723572955,13.06773741414421,11.985154955821194,10.912460632855485,9.851696021040937,8.80523992125777,7.775903434601812,6.767061849072426,5.782841909833837,4.8283950919827445,3.910309490091342,3.037255293044982,2.2210457334082263,1.4784880537833054,0.834867361459256,0.3311650570076557,0.0407822431891309,0.12674651790451902,0.5166134368118129,1.084012526321896,1.7719291227971927,2.54707831247824,3.3882305478844694,4.280921614337499,5.214790713552153,6.182118266103696,7.176965659185705,8.194640904063123,9.231351869443113,10.283972986735531,11.349883492908983,12.426852369761837,13.512954682804862,14.606509582046101,15.706033584624068,16.810204852332316,17.91783551857051,19.02785000041233,20.139267823077788,21.251189889176995,22.362787407427014,23.473292895522516,24.581992815592116,25.68822150540062,26.791356145714353,27.890812561893526,28.98604170125168,30.07652666083129,31.161780165704243,32.24134241764012,33.31477924941585,34.3816805321954,35.44165879304896,36.49434800738784,37.53940253728054,38.57649619162748,39.60532138824677,40.62558840125435,41.6370246798662,42.639374227010016,43.632397028015326,44.6158685212152,45.58957910360208,46.55333366578118,47.50695115138964,48.450264136932894,49.38311842865235,50.30537267360101,51.21689798258099,52.11757756300675,53.007306360101346,53.88599070513287,54.75354796964683,55.6099062248693
8.576,73.96316108006083,73.39662339412781,72.81975779718213,72.23246527367331,71.63465002887921,71.0262197168504,70.40708567437379,69.77716316087326,69.1363716041402,68.48463485178047,67.82188142824694,67.14804479731997,66.46306362988106,65.76688207681599,65.05945004688203,64.34072348935479,63.61066468127511,62.86924251911326,62.116432814662836,61.352218594988614,60.57659040625708,59.78954662129318,58.99109375072812,58.18124675762718,57.3600293755209,56.52747442980751,55.683624162543346,54.828530560708785,53.96225568810824,53.084872021160436,52.196462788946775,51.2971223180145,50.38695638258774,49.46608256102526,48.534630599574356,47.59274278472551,46.64057432576502,45.67829374947185,44.706083309307836,43.72413941192716,42.7326730643903,41.73191034612476,40.72209291045116,39.70347852140878,38.67634163270417,37.64097401689592,36.59768545447403,35.54680449433915,34.48867929940957,33.42367859376952,32.352192731032616,31.274634907568068,30.191442549115294,29.103078905322544,28.010034894204672,26.91283124781927,25.81202102216052,24.70819254905921,23.60197292673991,22.494032169904873,21.385088171595015,20.275912670078363,19.167338468116185,18.060268224058714,16.9556852313712,15.85466673566219,14.758400521215249,13.668205755194862,12.58555944189025,11.512130365817024,10.44982317755983,9.400836440652691,8.367740247020047,7.353581828031371,6.362032159351279,5.397594211078584,4.465906787334774,3.574201977803098,2.7320200094164986,1.9523771285797902,1.2537773495638918,0.6638916787667293,0.22659433552231992,0.012153651398619396,0.06585767951432045,0.3797613715249732,0.8849835600843283,1.5225971701163648,2.2563837348758318,3.0629527438280015,3.9263222772868698,4.835051620267299,5.780634716820962,6.756546516420152,7.757648178188571,8.779800418634547,9.819603279514357,10.874215751734093,11.941227564061208,13.018566048726285,14.104427195038308,15.197223754629926,16.295545604009906,17.398129071970722,18.503832925965703,19.611619373774445,20.72053888998702,21.82971799251211,22.938349317747956,24.045683503525957,25.151022505747406,26.253714060721094,27.353147069388395,28.448747727970424,29.539976266368388,30.626324183901254,31.707311893853607,32.782486705400906,33.85142108493261,34.913711149454706,35.9689753532653,37.016853335930996,38.05700490511558,39.0891091323033,40.11286354312705,41.12798338702697,42.13420097345224,43.131265063882026,44.11894031066061,45.09700673507655,46.06525923832265,47.023507139988446,47.97157373959214,48.9092958973872,49.836523631293616,50.753119727327245,51.658959361348245,52.553929730328704,53.43792969166537,54.31086940933933
8.856,74.23229691162665,73.67074351692837,73.09891521299166,72.51671180816349,71.92403624250812,71.32079481387869,70.70689741011526,70.0822577472714,69.44679361378992,68.80042712051291,68.14308495641373,67.47469864991056,66.79520483563095,66.10454552645724,65.40266839070578,64.68952703426004,63.96508128748521,63.22929749674285,62.482148820332675,61.72361552867775,60.9536853085934,60.1723535714752,59.379623765275404,58.57550769014398,57.76002581766011,56.93320761359797,56.09509186424005,55.245727006295944,54.385171460563306,53.51349396955659,52.63077393942742,51.7371017866282,50.83257928991339,49.91731994844623,48.991449346976495,48.0551055292946,47.108439381439744,46.151615026465784,45.18481023294377,44.20821683982925,43.22204120083376,42.22650465206064,41.2218440073765,40.20831208684111,39.18617828452266,38.15572918320987,37.117269224952274,36.07112144804789,35.01762830312189,33.95715256338052,32.89007834707017,31.816812273752653,30.737784780381027,29.653451628525307,28.564295640718644,27.47082871211701,26.373594153940623,25.27316943807907,24.170169428604353,23.065250206807157,21.95911362320565,20.852512744774206,19.746258411150464,18.64122717368976,17.538370971417557,16.438729006072645,15.34344242601138,14.253772632702685,13.171124309351487,12.097074677757771,11.033411077437353,9.982179826687736,8.945750625451403,7.92690275607714,6.9289424789093985,5.955866097888893,5.012591635887166,4.105296655338225,3.2419258876853223,2.4329810091671233,1.6927990752231032,1.0417117185070734,0.5098119318359262,0.1431267697210189,0.0019908903071498433,0.035719059676032464,0.2865635941506453,0.7358424293493099,1.3268391595592721,2.02171185316591,2.795443902580913,3.6307942487045386,4.515382781906465,5.440000196664505,6.397587661921237,7.382594594798375,8.390558994642339,9.4178241393147,10.46134188222494,11.518532710557695,12.58718405084556,13.665374981839362,14.75141957636941,15.843823638495506,16.94125123825648,18.042498522966465,19.14647300755324,20.25217704201942,21.358694499470904,22.465179972654905,23.570849942560116,24.67497551045067,25.776876378888087,26.87591583748207,27.971496561976362,29.06305707548109,30.1500687515307,31.23203326253911,32.30848039588144,33.37896617450033,34.443071230557265,35.500399389921874,36.55057643273143,37.593249001265235,38.62808363125949,39.654765886776936,40.672999582019656,41.682506076173894,42.683023629614716,43.67430681166248,44.656125951639254,45.62826662628017,46.59052917765536,47.54272825668428,48.48469238811274,49.41626355348803,50.33729678923693,51.247659797432846,52.14723256725258,53.03590700547358
9.137,74.49389503123442,73.93720181254068,73.37028598795025,72.79304624074334,72.2053842986525,71.60720515802163,70.99841731417,70.37893299788387,69.74866841795647,69.10754400967853,68.45548468916633,67.79242011340814,67.11828494589082,66.43301912766557,65.73656815369323,65.02888335431032,64.30992218164332,63.5796485007998,62.838032885663466,62.08505291911809,61.32069349753636,60.54494713937497,59.757814297738754,58.959303676789986,58.14943255191434,57.32822709358515,56.49572269491706,55.651964302952436,54.797006753791536,53.930915111760804,53.053765012906815,52.16564301322205,51.26664694214176,50.35688626201223,49.436482434420206,48.50556929449153,47.564293434526185,46.612814598640554,45.65130609043718,44.67995519614052,43.69896362611914,42.708547978281516,41.70894022750385,40.70038824602996,39.68315636071197,38.65752595405679,37.6237961173418,36.58228436561611,35.533327426249805,34.47728211491571,33.41452631556215,32.34546008416939,31.270506900019434,30.19011509301049,29.104759481460146,28.01494326213117,26.921200203282314,25.82409720288724,24.724237288434995,23.622263152821635,22.51886134394851,21.414767255385676,20.310771104056734,19.207725131446306,18.106552331640565,17.00825709872438,15.913938306481104,14.824805497813621,13.742199088780433,12.66761581109432,11.602741070819366,10.549490557460114,9.510064403962803,8.487018648422978,7.483360971591871,6.502681173054452,5.549332465195836,4.628688959696546,3.7475205681052413,2.9145543680987704,2.141341599649254,1.4436400881642482,0.8436728991245568,0.3737376617506304,0.08013933322463276,6.142272495268116e-05,0.02124786354221561,0.22411132629984876,0.6255104413739973,1.1748532033627912,1.8341763993860485,2.577501078811489,3.3866630420839714,4.248530950932223,5.1533059737316265,6.09346843079648,7.063105042929011,8.057465384303923,9.072660740398584,10.105454226878926,11.153111091179264,12.213289739373556,13.283960965491692,14.363347118650823,15.44987562841976,16.54214304347806,17.63888688432178,18.738963382851445,19.84132971163012,20.945029675505232,22.049182100488878,23.152971343291963,24.255639482206963,25.356479851249798,26.454831654932992,27.55007545788638,28.641629386785954,29.72894591524411,30.81150912801839,31.888832380953897,32.96045628884923,34.02594698593162,35.08489461359067,36.136911998015734,37.181633486839,38.21871391913113,39.247827707375485,40.26866801356274,41.280946004445376,42.284390173392694,43.27874571828636,44.26377396656495,45.23925183992725,46.20497135238227,47.160739136329056,48.10637599219121,49.04171645784732,49.96660839470534,50.880912587787385,51.784502357635795
9.417,74.74820700680236,74.19625326995454,73.63412852319168,73.06173037370736,72.47895938773142,71.8857193127362,71.28191730591618,70.6674641688857,70.04227458851652,69.40626738383095,68.75936575884,68.10149756122361,67.43259554671752,66.75259764907578,66.06144725545708,65.3590934870817,64.6454914849974,63.920602700781906,63.1843951920189,62.43684392237344,61.67793106610587,60.90764631686588,60.12598720062539,59.332959392626115,58.52857703824187,57.71286307769311,56.88584957458415,56.0475780482942,55.19809981030792,54.33747630465003,53.46577945268027,52.58309200260606,51.68950788420737,50.78513256940559,49.87008343949614,48.9444901600624,48.00849506483342,47.06225355003166,46.10593448108304,45.13972061395265,44.16380903381632,43.17841161431083,42.18375550122316,41.18008362520907,40.167655248988396,39.14674655547673,38.11765128451038,37.080681427246006,36.03616798900778,34.984461833384046,33.92593462280406,32.86097987376302,31.79001414840924,30.713478408534005,29.6318395632883,28.545592248452103,27.455260883119315,26.361402059662826,25.26460733536156,24.165506509846693,23.06477149254304,21.963120889869874,20.861325474940763,19.760214745335748,18.66068483066588,17.563708085940675,16.470344806032585,15.381757630678267,14.299229392793878,13.22418541661699,12.15822162810783,11.103140346631642,10.060996359463845,9.034156958193492,8.025381230893153,7.037926373104983,6.07569263906194,5.143424724028764,4.246997469627222,3.3938306974841668,2.5935067652549284,1.8587132561227335,1.2067099952347722,0.6615933372948551,0.25731623859521147,0.037094714844222186,3.983329721507014e-11,0.014320575321070481,0.18294425491434768,0.5451467334896797,1.0585120616959094,1.6862509498936646,2.402082896985576,3.187280007475022,4.028169914813932,4.914494965871252,5.838360106163206,6.793547628442109,7.775059808808288,8.778805838014803,9.801382387826052,10.839916463230201,11.891950666536239,12.955357967179456,14.028277402941939,15.109064894820337,16.19625515094338,17.288531825632138,18.3847039054838,19.483686849297314,20.58448739704239,21.686191238977646,22.787952934720174,23.888987617007853,24.988564121869057,26.08599926674436,27.180653058288378,28.271924657392773,29.359248964154826,30.442093712772827,31.519956987621327,32.5923650885031,33.658870686327155,34.71905122104151,35.772507502133536,36.81886247886483,37.85776015297371,38.888864611120276,39.911859158080595,40.926445534771226,41.93234320773422,42.92928871883203,43.9170350856753,44.89535124479056,45.864021530785884,46.82284518582872,47.77163589464378,48.7102213409964,49.63844278227486,50.556154639333585
9.698,74.9954876914938,74.44815632580364,73.89070483559401,73.32302979900103,72.74503066963287,72.15660999678045,71.55767365197623,70.94813106184496,70.32789544718318,69.69688406818226,69.05501847570702,68.4022247685194,67.7384338563328,67.06358172856439,66.37760972864794,65.6804648337569,64.97209993978299,64.25247415140547,63.52155307708931,62.7793091288441,62.025721826584935,61.260778106935035,60.484472636329045,59.69680812828986,58.897795664771216,58.08745502149312,57.265814997233164,56.43291374708016,55.5887991197213,54.73352899889742,53.8671716492488,52.989806066870806,52.10152233502298,51.20242198556725,50.29261836688301,49.37223701919425,48.44141605847454,47.50030657035539,46.54907301577627,45.58789365047187,44.61696096081597,43.63648211903211,42.646679461359874,41.647790993440616,40.640070927982954,39.62379026070288,38.599237391640465,37.56671880026231,36.52655978431575,35.479105274253286,34.42472073726345,33.36379318761335,32.29673232321781,31.223971812257567,30.145970758407525,29.06321537906042,27.976220938081674,26.885533983491673,25.791734951508644,24.6954412122041,23.59731064947254,22.498045890165198,21.39839932559697,20.29917910520348,19.20125632968653,18.10557373338556,17.013156228256225,15.925123792387009,14.842707335460553,13.767268378003891,12.700323664335597,11.643576226272287,10.598954979867049,9.56866575421946,8.55525785124818,7.561712029137876,6.591558534332435,5.649038049400168,4.739325139430827,3.8688445937670624,3.045728660365997,2.280491579220411,1.5870406759859654,0.9841890000486303,0.49776036716418376,0.16229670269142563,0.012367208281201893,0.0,0.011079566631180614,0.15652084832221824,0.48794658824274806,0.9712430739921584,1.571675757404163,2.2632273494891932,3.0269456226931473,3.8488271818585473,4.718290948394298,5.627157258751351,6.568966956316031,7.53852004587377,8.5315566654768,9.544531850399336,10.57445336824021,11.618762842571345,12.675247172589499,13.741971543997671,14.81722808642171,15.899496044003559,16.9874105368587,18.07973781514635,19.175355477541565,20.27323652630696,21.37243641645727,22.47208246249033,23.5713651167255,24.66953074461503,25.765875605598946,26.85974081087896,27.950508077351788,29.037596133734194,30.120457663436166,31.198576691019515,32.27146633662156,33.338666876619634,34.39974405990858,35.45428763806304,36.50191007485378,37.54224540642573,38.57494822821902,39.5996927886319,40.61617217265146,41.62409756135989,42.62319755544783,43.61321755273045,44.59391917122219,45.56507971064114,46.52649164632229,47.47796215046098,48.419312636403774,49.350378322384245
9.978,75.2359913317184,74.69316888998601,74.14027649952949,73.57720975459516,73.0038670431759,72.42014976520159,71.8259625571405,71.22121352296195,70.60581447140528,69.97968115947909,69.34273354210961,68.69489602783453,68.03609774044031,67.36627278641161,66.68536052806606,65.99330586223364,65.29005950432236,64.5755782776242,63.84982540769405,63.112770821638776,62.36439145216423,61.604671546214774,60.83360297806845,60.05118556675143,59.25742739766533,58.45234514833976,57.63596441826404,56.808320062789775,55.969456531153725,55.11942820872998,54.25829976370393,53.38614649845324,52.503054706023356,51.60912203223086,50.70445784406703,49.78918360526644,48.86343326010697,47.927353626764045,46.981104801822845,46.02486057789537,45.05880887667751,44.083152200245124,43.0981081039232,42.103909694691346,41.10080615982809,40.089063331362865,39.06896429292658,38.040810036797865,37.00492018037447,35.96163375299677,34.91131006608151,33.854329681949494,32.79109549965815,31.722033979669934,30.64759653347825,29.568261109524123,28.484534013140145,27.396952006139657,26.306084741437164,25.212537600265495,24.116955014836524,23.020024378580718,21.922480670645147,20.82511195276146,19.728765937183653,18.63435787723873,17.54288010142793,16.455413604015767,15.3731422282064,14.29737014466523,13.22954355619898,12.171277875275996,11.12439206423838,10.090952458430309,9.073329302343522,8.074270562625967,7.096999568642103,6.14534603993502,5.223924688575375,4.33838280121964,3.4957495339983007,2.7049372489761567,1.9774709582476815,1.3285510401746736,0.778540560097654,0.3546299745009009,0.09003865117007183,0.002135458050531213,0.0,0.009808088947732505,0.14051584053265176,0.44883008646946926,0.9078463719271478,1.4853292174214847,2.15594912763297,2.900821201849693,3.70580464131444,4.56012534716106,5.455409088023852,6.3850190655880645,7.343599348486691,8.326755425327889,9.330826755808882,10.352721971535736,11.389797477868076,12.439766646619976,13.500630931332259,14.570626939611909,15.648185289330725,16.731898283631768,17.820494267194185,18.912817101704174,20.007809604517885,21.104500084880478,22.201991322380888,23.299451486463845,24.396106610056627,25.49123431591117,26.584158558951547,27.67424519728487,28.760898242534378,29.843556669647608,30.92169168939676,31.994804404956035,33.06242378835818,34.12410492413326,35.17942747668286,36.22799434540994,37.26943047769908,38.30338181480123,39.32951434975013,40.34751327980018,41.35708223866128,42.35794259612501,43.349832814615205,44.33250785382331,45.30573861595708,46.26931142528823,47.22302753666462,48.166702668484554
10.259,75.46996877406772,74.93154549219796,74.38310173190497,73.8245321469172,73.25573410481266,72.6766079031692,72.08705699217842,71.48698820368675,70.87631198660947,70.25494264866138,69.62279860431119,68.97980262888622,68.32588211871395,67.6609693571876,66.98500178663474,66.29792228584657,65.59967945312903,64.89022789472193,64.16952851843138,63.43754883231594,62.694263248270296,61.939653390350834,61.17370840769678,60.39642529191555,59.607809198812866,58.8078737743809,57.99664148497868,57.17414395168932,56.34042228887852,55.495527447047635,54.63952056013558,53.77247329752575,52.89446822110325,52.005599147837515,51.1059715185111,50.19570277337696,49.274922735732105,48.34377400462239,47.40241235816612,46.451007169296496,45.489741836094154,44.518814229306436,43.53843716015551,42.54883887211812,41.55026356105061,40.54297192883543,39.52724177667038,38.5033686452411,37.471666510329285,36.432468543979425,35.38612795320032,34.333018910400156,33.27353759241622,32.20810334819943,31.137160019093894,30.06117744034483,28.980653158220143,27.896114404166596,26.808120376114854,25.71726488782388,24.624179460613462,23.529536948722818,22.434055810904166,21.33850516805015,20.243710821541647,19.150562452086287,18.060022277579517,16.973135525767347,15.891043179981631,14.814997593554551,13.746381754453441,12.686733236227765,11.637774223952551,10.601449498369382,9.57997496415173,8.575900320604987,7.59219095233496,6.632336309426032,5.700495338154651,4.801694518314609,3.9421016750274465,3.1294102006666886,2.373384710963404,1.686638369560364,1.0857145026005726,0.5924244762507876,0.2345985066437409,0.04085095423296531,6.291553224193186e-05,0.0,0.009788050485951183,0.1321764110156717,0.42410542292170117,0.8642883043864138,1.423082592036204,2.0761268121917156,2.8048351065563204,3.59509690858602,4.4360639031004645,5.3192521491059095,6.237908806492728,7.186567544886274,8.160733477043095,9.156656725217907,10.17116719132076,11.201552166616194,12.245464377372057,13.30085197939498,14.365904609870627,15.439011346429615,16.518727608182672,17.603748851059812,18.692889481877017,19.785065821251592,20.8792822368722,21.974619780448425,23.070226817401583,24.165311254087737,25.25913405421794,26.35100380197008,27.440272119617493,28.52632978630912,29.608603434795207,30.686552726512478,31.75966792406802,32.82746779495568,33.88949779215295,34.94532846675861,35.99455407550927,37.03679135227132,38.07167841771098,39.09887380554545,40.11805558724581,41.12892057993475,42.131183624619275,43.12457692389763,44.108849429962994,45.08376627513868,46.049108238377904,47.004671242173536
10.54,75.69766549211529,75.16353526472574,74.6194333301305,74.06525344317856,73.50089199448564,72.92624822452535,72.34122444423697,71.74572626211344,71.13966281773153,70.52294702166174,69.89549580169083,69.25723035527263,68.608076408114,67.94796447878355,67.27683014923163,66.59461434108364,65.90126359757691,65.19673037098912,64.48097331541062,63.753957584703514,63.0156551354927,62.26604503503827,61.50511377383735,60.732855582824264,59.94927275504691,59.154375971719816,58.34818463258604,57.530727190550614,56.70204149060104,55.862175113076674,55.011185721426315,54.14914141466447,53.27612108484156,52.39221477994993,51.49752407282946,50.592162436789366,49.676255628851266,48.749942081733046,47.81337330594946,46.86671430369644,45.91014399653307,44.943855669274846,43.96805743298097,42.982972710462526,41.98884074837954,40.985917160741465,39.9744745095038,38.954802928986446,37.927210802054944,36.89202549745111,35.849594179358455,34.800284702334764,33.74448660716302,32.68261223609892,31.61509798949873,30.542405750072916,29.46502450617296,28.38347221184764,27.2982979291559,26.210084307817073,25.11945046917831,24.02705537635604,22.9336017911124,21.839840941702693,20.74657805610581,19.65467895379918,18.56507793937416,17.478787306704138,16.396908848447296,15.320647879977711,14.251330440103324,13.190424538555137,12.139566604523509,11.100594684240361,10.075590487364156,9.066933164730557,8.07736882455214,7.110101429498654,6.168913122110112,5.258325593218503,4.383819411981467,3.552136032465034,2.7716981345552973,2.0531970963171045,1.4104026399635017,0.8612038229261975,0.4285844894618185,0.13966955569566228,0.013075134891170414,1.054352485793956e-11,1.1809263283096762e-17,0.010779506629315407,0.12982494973719105,0.4111592210746637,0.8374972488527662,1.381652881907505,2.020388572408694,2.7355887024964534,3.5133106137909085,4.342735245405321,5.215345717505615,6.124330388531282,7.064155689983212,8.030259340423337,9.018827675831236,10.026631929562354,11.050906231581948,12.089255502166472,13.139585051318114,14.200046145845505,15.268993471654776,16.34495156346431,17.426588070500703,18.512692287707313,19.60215778205619,20.693968232263256,21.787185810943893,22.880941593731734,23.974427595791656,25.066890123398096,26.157624194516703,27.245968833102303,28.33130308105232,29.413042602287483,30.490636777386232,31.563566206108966,32.631340550190494,33.69349666080585,34.74959694480389,35.79922793163691,36.84199900930024,37.8775413028132,38.90550667306782,39.925566817416076,40.93741245631142,41.94075259277101,42.93531383347664,43.92083976205736,44.89709035654599,45.86384144423042
10.82,75.91932022581231,75.38938055010568,74.84951724743702,74.29962321373928,73.7395939044214,73.16932754639032,72.58872535663447,71.99769176734132,71.39613465750807,70.78396559100355,70.1611000610105,69.52745774077977,68.88296274060099,68.2275438708938,67.56113491130648,66.88367488569811,66.19510834287175,65.49538564292172,64.78446324904057,64.06230402464385,63.32887753565244,62.584160357784214,61.82813638870685,61.06079716491518,60.28214218320791,59.49217922665867,58.690924695002145,57.878403939388875,57.05465160150608,56.21971195710659,55.37363926405965,54.51649811510557,53.64836379558747,52.76932264654262,51.879472433660304,50.97892272275951,50.06779526261652,49.14622437617417,48.21435736140076,47.27235490334557,46.320391499256026,45.35865589900192,44.38735156348434,43.40669714422053,42.41692698789031,41.41829167032572,40.41105856524084,39.39551245395799,38.37195618351256,37.340711381846226,36.30211924037721,35.256541376100785,34.20436078759902,33.14598292201114,32.08183687320335,31.01237673524546,29.938083139969073,28.859465013079376,27.777061590246177,26.69144474316601,25.60322167616691,24.513038067090456,23.421581742650186,22.329586999195143,21.237839706073725,20.147183362318945,19.058526320467088,17.972850447148026,16.891221562987997,15.814802100395111,14.744866545418875,13.682820401112334,12.630223641855098,11.588819945806454,10.560573432391758,9.547715247139118,8.552803207104343,7.5787989660002735,6.629168957673547,5.708017994031077,4.820268205715046,3.971901505272181,3.170291350838524,2.4246588647624603,1.7466948238580322,1.1513715870586385,0.6578389722482372,0.28967598073518785,0.0709322902538849,0.0020496329104826324,0.0,1.4739519229525868e-09,0.012799461121696835,0.13250929391500266,0.4081969367684052,0.8251779994625156,1.358463952151625,1.9860026739446683,2.690266045231194,3.4575871748623532,4.277262987368665,5.140810791215955,6.0414116810397545,6.973504559052218,7.932490599790544,8.914516566644485,9.91631423575991,10.935079983809896,11.968383413458294,13.014097213997955,14.07034273559,15.135447327006304,16.207910578390763,17.28637737659076,18.369616224112693,19.45650166269484,20.545999925346116,21.637157148075982,22.729089626145093,23.82097571455038,24.912049059195983,26.00159291125273,27.088935327950058,28.17344510231401,29.254528295006637,30.33162526548753,31.404208118762106,32.4717784991349,33.533865674535626,34.59002486476984,35.63983577497639,36.68290130203921,37.71884638699129,38.747316990804386,39.76797917455953,40.7805182679844,41.78463811283582,42.78006036969547,43.7665238784993,44.74378406460215
11.101,76.13516407873392,75.60931597585237,75.0735916446303,74.52788316042702,73.97208508355416,73.4060946692265,72.82981208410617,72.24314062943196,71.6459869706926,71.03826137380715,70.4198779477576,69.79075489359893,69.15081475977311,68.49998470362274,67.8381967590113,67.16538810992189,66.48150136991389,65.78648486730087,65.08029293590846,64.36288621126141,63.63423193205432,62.89430424675159,62.143084525172696,61.380561674922205,60.606732462538474,59.82160183924504,59.02518327122564,58.217499074358706,57.3985807533927,56.56846934559393,55.727215768949144,54.874881175077725,54.011537307097136,53.137266862776144,52.25216386343574,51.35633402919151,50.44989516129732,49.532977532537714,48.60572428684157,47.668291849546144,46.72085035004411,45.76358405889703,44.796691841907474,43.82038763412071,42.83490093727978,41.840477344910276,40.83737909996833,39.82588569087538,38.806294492809755,37.77892146235443,36.74410189505148,35.702191257141074,34.65356610480063,33.59862510664478,32.537790188166596,31.471507820312816,30.400250478624297,29.32451830452043,28.24484100656909,27.161780047264767,26.075931170284132,24.987927334896046,23.898442138762768,22.808193828624017,21.717950021353385,20.628533287064855,19.54082778323491,18.455787176801934,17.3744441534405,16.297921894576287,15.227448009974362,14.164371556398264,13.110183964341196,12.066544954354704,11.035314879717752,10.01859542328727,9.018781262191272,8.03862628099593,7.081329288871217,6.150646162665978,5.251038151910574,4.387870067728075,3.567677528986789,2.7985291727611066,2.0905154178614516,1.4563894292683097,0.9123268781780649,0.47849682322096626,0.17798251932407488,0.027754400349209882,4.274502857407455e-05,0.0,5.073177717318934e-07,0.016030873895533534,0.13976868665916686,0.4140372378103176,0.8256519750030854,1.35152162322198,1.9707767697432192,2.666549965567628,3.425530817938956,4.237202482487165,5.093173433967346,5.98666266509584,6.912117165467061,7.864929734534805,8.841229986068912,9.837728233211973,10.851597666638254,11.880384470337352,12.921938518857864,13.974359397326616,15.035953951224162,16.10520260237186,17.180732396549605,18.261295269237856,19.34575039218604,20.43304973788304,21.522226201105994,22.612383767032235,23.702689328226654,24.79236583827023,25.880686555064024,26.966970177098524,28.050576714978764,29.130903970975382,30.207384523369203,31.27948313136986,32.3466944915498,33.40854128890452,34.46457249546097,35.514361877326934,36.55750667756923,37.59362644763573,38.62236200442641,39.643374493749064,40.65634454391379,41.660971495740625,42.65697269736539,43.64408285400162
11.381,76.34541995712372,75.82356787791939,75.29188629761991,74.75026650778648,74.19860221215112,73.63678973449206,73.0647282331345,72.48231992207724,71.88947029871187,71.28608837809985,70.67208693376472,70.04738274492713,69.41189685011679,68.76555480706622,68.108286958796,67.44002870577005,66.76072078400873,66.07030954902726,65.3687472654578,64.65599240221731,63.9320099330694,63.19677164243498,62.45025643630243,61.69245065809999,60.92334840939733,60.14295187531968,59.351271654585624,58.548327094091675,57.73414662801804,56.908768121464185,56.072239218674746,55.224617695991384,54.36597181973131,53.496380709296965,52.61593470592443,51.72473574761346,50.8228977509295,49.9105470005512,48.987822547641294,48.054876618367125,47.11187503417269,46.15899764574273,45.19643878297325,44.22440772371781,43.24312918459184,42.25284383772872,41.25380885808529,40.24629850672614,39.23060475648434,38.20703796753977,37.175927621798415,36.13762312654647,35.092494699737586,34.040934351508604,32.98335697920016,31.92020159635772,30.85193272005634,29.779041945550333,28.702049742916657,27.621507517276044,26.5379999826455,25.452147909931018,24.364611322518233,23.276093229068394,22.18734400337678,21.09916654671458,20.012422400546136,18.928039019060034,17.847018464474385,16.77044785757748,15.699512006895135,14.635508759866484,13.579867779075308,12.534173660967884,11.500194604959656,10.47991823805628,9.475596748284708,8.489804243267448,7.525510320313382,6.586175342505617,5.6758750412253285,4.799465034227648,3.962799869243355,3.1730262112672927,2.4389745267858793,1.7716724756321842,1.184975318915795,0.6961780387396396,0.3259551449266999,0.09494430779351043,0.006675369821025288,5.0555219321684566e-15,0.0,1.2100870753923348e-05,0.020785557907031578,0.1514803151247955,0.4279545442742141,0.8377245240777159,1.359305075085678,1.972968012834278,2.6625460699680104,3.415142895436772,4.2204829285022765,5.070312875746702,5.957928252163006,6.877815369910778,7.825383834290729,8.796766459133277,9.788668626074788,10.798253858725609,11.823056058627321,12.86091152867273,13.909905819414323,14.968331787509076,16.034656217272186,17.10749304358089,18.18558170940267,19.267769550952984,20.352997367306997,21.440287526562305,22.528734106494912,23.617494677548038,24.705783419501856,25.79286532715257,26.8780513097249,27.960694027169975,29.040184336604675,30.115948245889573,31.18744429019955,32.25416126249576,33.31561624091152,34.371352865842866,35.42093982748304,36.46396953102968,37.50005691211982,38.52883837944446,39.549970865131414,40.56313096651475,41.56801416543831,42.56433411336257
11.662,76.55030226336802,76.03235398380495,75.50462226989355,74.96699766466055,74.41937305223375,73.86164386364155,73.2937082892694,72.71546749797572,72.12682586284267,71.52769119353555,70.91797497522776,70.29759261403457,69.66646368888857,69.02451220977326,68.37166688222446,67.70786137799395,67.03303461175784,66.3471310237492,65.65010086817597,64.94190050728959,64.22249271095635,63.49184696158736,62.749939764280704,61.99675496203347,61.232284055892585,60.456526529924346,59.66949018089862,58.8711914526133,58.06165577481308,57.240917906695024,56.40902228505031,55.56602337713874,54.71198603848223,53.84698587583316,52.97110961568947,52.08445547884498,51.18713356160337,50.27926622445913,49.36098848923936,48.43244844592823,47.49380767066578,46.54524165671711,45.58694026057165,44.6191081657475,43.64196536736401,42.65574768111324,41.66070728091938,40.65711327035194,39.64525229375838,38.625429194145475,37.5979677260817,36.56321133336857,35.52152400296287,34.473291208695514,33.418920960795,32.35884498015092,31.29352001978487,30.223429360236263,29.149084510711926,28.071027154093542,26.989831381531076,25.906106271720557,24.820498881535283,23.733697729033103,22.6464368677946,21.559500674047687,20.473729496493558,19.390026354927713,18.309364920109957,17.23279906712485,16.161474372189048,15.09664202464071,14.039675760233012,12.992092600754082,11.955578425190495,10.93201972288694,9.923543323229751,8.93256650748414,7.961860754982013,7.014633553751596,6.094634344573601,5.206292928241618,4.354901702719634,3.5468569018053175,2.7899778799833044,2.093924318672068,1.4707178690099967,0.935308896657652,0.505876591036735,0.20262170182872746,0.04039673577475988,0.0005145300045116415,0.0,0.0,9.709958746313252e-05,0.027487536403264644,0.1677583342218418,0.449560559176528,0.8605772842128663,1.3806746766505984,1.991204608703085,2.676715267184156,3.4247629690917756,4.22535512638532,5.070414536783887,5.953345521615158,6.868700544065182,7.81192809338918,8.779182317133774,9.76717859130123,10.773083111508102,11.794427754193574,12.829043830379817,13.87501007954005,14.930611491728877,15.994306437435354,17.064700227457404,18.140523691700412,19.220615707104656,20.303908856630475,21.389417588472888,22.47622838513943,23.563491558278105,24.65041436616029,25.73625521299346,26.820318737451913,27.90195163541473,28.980539091427076,30.0555017167449,31.126292910387715,32.19239657448722,33.25332512717773,34.30861776596173,35.35783894235725,36.40057701508278,37.4364430543291,38.4650697740402,39.48611057275499,40.49923866657868,41.504146300381095
11.942,76.75001677791106,76.23588328802518,75.71201178134797,75.17829208617557,74.63461630251602,74.08087900581467,73.51697745736891,72.94281182142835,72.3582853889694,71.76330480812265,71.157780321215,70.54162600837638,69.9147600376509,69.2771049215351,68.62858777986007,67.9691406089111,67.29870055668583,66.61721020416086,65.92461785244295,65.2208778156697,64.50595071951646,63.77980380516429,63.04241123858889,62.293754425023074,61.53382232846418,60.76261179609554,59.980127887521874,59.186384208727105,58.38140325070144,57.565216732717026,56.7378659502772,55.89940212782268,55.049886776341175,54.18939205611447,53.31800114492638,52.43580861217557,51.542920799464056,50.63945620839847,49.72554589651655,48.80133388247124,47.86697756185204,46.922648135314176,45.96853105102464,45.00482646382448,44.03174971396563,43.04953182880868,42.058420051490465,41.058678401286045,40.05058827123909,39.034449069617104,38.01057891290952,36.97931537944691,35.941016334333575,34.89606083828493,33.84485015522796,32.787808876216026,31.725386180438765,30.658057257984026,29.586324923681236,28.510721457029703,27.431810710106948,26.350190533795253,25.26649558304333,24.18140057470162,23.09562408741389,22.009933012978664,20.925147793648726,19.842148611557935,18.76188273685231,17.685373292911326,16.61372976393816,15.548160657234158,14.489988846550917,13.440670273610877,12.401816885534592,11.375224955174849,10.362910295497322,9.367152375132003,8.390550021867607,7.436092335835158,6.507249720208542,5.608091692706103,4.743440482468831,3.9190723622818666,3.1419818198412712,2.4207252417828484,1.765854524390437,1.1904164335402114,0.7103629176856632,0.344259264331222,0.11007160803430686,0.011454401599906919,4.185670919283545e-07,0.0,0.0,0.0004388509167808224,0.036662115403190615,0.18888578347132065,0.47871564221534446,0.893682110257038,1.4147950626202102,2.02441849038105,2.707814789585159,3.4530166888396288,4.250344905783883,5.091927941903767,5.971305296316575,6.883118165215691,7.822872925577211,8.786760942598253,9.771520846721915,10.774332596255359,11.792735353078076,12.824563289629728,13.86789499399696,14.921013269470008,15.982372945538218,17.05057491454731,18.124345045086017,19.202516944797992,20.28401778388456,21.367856568906944,22.453114390878156,23.538936273687455,24.624524326998053,25.709131967973708,26.79205902295006,27.87264755673231,28.950278305986345,30.024367615996432,31.094364798242285,32.159749840823785,33.22003141552193,34.27474513481007,35.32345201990216,36.36573714728634,37.401208446426736,38.4294956256494,39.45024920681866,40.46313965241261
12.223,76.94476067965847,76.43435606901961,75.91425822153995,75.38435628318538,74.84454160388569,74.29470793920204,73.73475165869547,73.16457196101528,72.58407109569025,71.99315459161788,71.3917314922061,70.77971459713677,70.1570207106904,69.52357089655825,68.87929073906872,68.22411061073176,67.55796594599363,66.88079752109076,66.19255173988043,65.49318092550914,64.78264361778842,64.06090487613399,63.32793658791863,62.58371778211046,61.82823494804547,61.061482359218445,60.28346240197514,59.494185909010035,58.69367249761024,57.88195091260422,57.0590593740303,56.22504592958168,55.37996881195474,54.52389680129605,53.65690959304127,52.779098171539985,51.890565189988,50.991425357339324,50.081805833037286,49.161846630612295,48.23170103142125,47.29153601008456,46.34153267348753,45.38188671558385,44.41280889066938,43.434525508287486,42.44727895351204,41.45132823702548,40.44694958019657,39.434437041288504,38.414103189999395,37.38627983880981,36.35131884110349,35.30959296778672,34.26149687622526,33.207448187795556,32.1478886933163,31.083285709170777,30.01413361120462,28.9409555786383,27.86430558649594,26.784770692676567,25.702973675145103,24.619576086224324,23.535281805213344,22.450841188289008,21.367055936835264,20.284784833295326,19.20495052905512,18.128547614028584,17.056652255607187,15.9904337696012,14.931168583418843,13.88025717975987,12.839244778275521,11.80984673783329,10.79397996392024,9.79380201313074,8.81176013955469,7.850653280790445,6.913711006545764,6.004694839303762,5.128029194150745,4.288971503001291,3.4938336615107675,2.7502687007949134,2.0676338977346265,1.457422866421981,0.9336882395458818,0.513136056497119,0.2137694009737455,0.04828643039314542,0.0013436484469265047,0.0,0.0,0.0,0.0014004162120377936,0.048924378084417436,0.2152667294831047,0.5154623031581121,0.9367327850315226,1.4610716734994988,2.0717882579961735,2.7548472638880535,3.4987701987678976,4.2942120167350515,5.133529345122185,6.010417875405198,6.91962615230932,7.856734499010057,8.817985179742525,9.800151677361885,10.800437536765413,11.816397540417405,12.845875816726169,13.886956865923384,14.937926511322367,15.997240535248888,17.06349931071951,18.135427146567395,19.21185536503713,20.291708355640186,21.37399201793032,22.457784133666554,23.54222630628021,24.62651718040454,25.709906712122297,26.791691305677535,27.871209667758052,28.947839258361512,30.02099323941576,31.090117840029684,32.15469007147351,33.21421573648004,34.268227686791086,35.31628429049546,36.357968076952005,37.39288453224627,38.42066102239149,39.4409458250329
12.504,77.13472266698777,76.62796400886248,76.11155626798178,75.58538793902535,75.04934965450381,74.50333438436797,73.94723764234503,73.38095769901251,72.80439580161043,72.21745640057891,71.6200473827969,71.01208031148684,70.39347067272806,69.76413812852681,69.12400677635623,68.47300541508669,67.8110678172047,67.13813300720899,66.4541455460675,65.7590558216039,65.0528203446827,64.33540205105096,63.606770608694504,62.866902730571304,62.115782492578845,61.35340165663177,60.579759998727624,59.79486564190392,58.998735394009884,58.191395090246715,57.37287994047031,56.54323488129743,55.702514933115644,54.85078556216669,53.988123047957295,53.114614856354194,52.23036001883345,51.33546951849755,50.4300666836342,49.514287589778796,48.58828147146764,47.65221114512176,46.70625344480161,45.75059967291891,44.78545606839667,43.81104429523147,42.82760195496015,41.835383127162935,40.83465894287338,39.825718196624784,38.808868003871105,37.78443451169738,36.75276367212575,35.71422208895376,34.6691979509979,33.61810206690552,32.561369019429,31.499458460315488,30.43285657087812,29.362077718021105,28.28766634119378,27.210199112663673,26.13028742195649,25.04858024567233,23.96576747666951,22.88258380245547,21.799813242367044,20.71829447788402,19.63892714163667,18.562679270279446,17.490596176990092,16.423811064369755,15.363557782661877,14.311186247846155,13.268181178022646,12.236184996571051,11.217026003376136,10.212753253731856,9.225680039629104,8.258438482303095,7.314048573750615,6.396006116682249,5.508395477580512,4.65603491911541,3.8446643880964375,3.081187355926916,2.3739774427977953,1.7332503450465335,1.1714615936170882,0.70355796876058,0.34648434515696824,0.1159760606386283,0.014510018667160313,8.772614958667219e-06,0.0,0.0,2.2833957134022384e-18,0.0035479942222250704,0.06496494599182855,0.24739085064147157,0.5599748406564892,0.9895910117752235,1.5190988061510275,2.1326912672695677,2.817017151715993,3.561090615563329,4.355914148804697,5.194088784790294,6.069482674403027,6.976966708321069,7.912208463510001,8.87151268592999,9.851697697490346,10.849999206739371,11.863994978830851,12.891545426635581,13.930746417617671,14.979891514397577,16.03744155199157,17.101999962098382,18.172292631446904,19.247151362092787,20.32550021223469,21.40634415519205,22.488759615106822,23.571886530503395,24.654921668190656,25.737112965369835,26.817754721071513,27.896183492067195,28.97177457531224,30.0439389804093,31.112120812728488,32.17579500163763,33.23446531947328,34.28766264598064,35.33494344038975,36.37588838940709,37.41010120444624,38.437207545604664
12.784,77.32008315061086,76.81689038645958,76.30409207957621,75.78157610310127,75.24923240344528,74.70695319785479,74.15463317872091,73.5921697246485,73.0194631182863,72.43641677091472,71.84293745377293,71.23893553609184,70.6243252297884,69.99902484076688,69.36295702675149,68.71604906157597,68.05823310583024,67.38944648376116,66.70963196631389,66.0187380601878,65.31671930277845,64.60353656286628,63.87915734691163,63.143556110821244,62.39671457704025,61.63862205684369,60.869275777703635,60.08868121562707,59.29685243238051,58.49381241754337,57.67959343537132,56.85423737649108,56.01779611450504,55.17033186765061,54.311917565733715,53.4426372226543,52.56258631495185,51.67187216692547,50.77061434304121,49.858945048513924,48.937009539161316,48.00496654186841,47.06298868728225,46.11126295668255,45.1499911453549,44.17939034522735,43.199693450051015,42.21114968698648,41.21402517916271,40.208603544567,39.19518653757758,38.17409474053978,37.14566831408973,36.1102678164395,35.06827510363863,34.02009432494032,32.96615302993139,31.906903407076342,30.84282367692869,29.7744196675679,28.702226605032095,27.626811157811225,26.5487737821378,25.46875142418834,24.387420646818654,23.305501262687,22.223760573265164,21.143018335280786,20.064152603795343,18.988106636061655,17.915897084685295,16.84862376536858,15.787481357530813,14.73377349067041,13.688929792630974,12.65452663772072,11.632312546276022,10.624239470994707,9.632501584009558,8.65958368551789,7.70832203329683,6.78198129592458,5.884352517222692,5.019878478010387,4.193814582686191,3.4124349808766956,2.6832936948953554,2.0155449577762536,1.4203037719202583,0.910951410879123,0.5030532449275985,0.21281941204997304,0.05077806068297685,0.001954024432126963,0.0,0.0,0.0,8.616774614381611e-08,0.0076389837036377065,0.08553297371639676,0.285805875987845,0.6125207419157792,1.0522437132102076,1.5886173032157946,2.2066636813045206,2.893693775349496,3.639212026288347,4.4345756588416965,5.272641229565438,6.147461480431691,7.054041406009564,7.98814662592927,8.94615399258536,9.924935125899918,10.92176527631126,11.934251606556217,12.960276388496773,13.997951707167317,15.04558309495853,16.10164014126412,17.164732587667693,18.2335907661752,19.307049498676538,20.38403477242154,21.463552655451267,22.544680029811275,23.62655680789923,24.708379365008128,25.789394973850744,26.86889706816596,27.94622119508501,29.020741541780655,30.091867942543598,31.15904328897901,32.221741279365276,33.2794644540506,34.331742472584054,35.37813059551605,36.418208339747146,37.45157828122988
13.065,77.50101449647588,77.00131032197987,76.49204354251067,75.9731014381685,75.44437329929667,74.90575062202123,74.35712731054463,73.79839988621205,73.22946770336566,72.65023317198568,72.06060198709918,71.46048336493638,70.84979028579427,70.22843974355158,69.59635300177946,68.95345585636073,68.29967890453787,67.63495782028707,66.95923363590381,66.27245302968741,65.57456861959207,64.8655392627128,64.14533036046521,63.41391416932461,62.671270116981134,61.917385123781266,61.15225392932789,60.3758794241301,59.58827298621182,58.78945482260808,57.979454315721156,57.15831037453821,56.3260717907713,55.48279760003757,54.62855744826922,53.7634319636393,52.887513134380825,52.00090469301175,51.10372250761258,50.196094980978444,49.278163458658085,48.350082647125134,47.4120210435874,46.46416137925051,45.506701078208614,44.53985273454686,43.563844610723024,42.57892116085193,41.585343583165496,40.58339040667662,39.573358117955024,38.555561834953416,37.5303360360273,36.4980353537074,35.459035444451146,34.41373394756705,33.362551548839704,32.30593316715586,31.24434928574041,30.178297453574476,29.108303987336733,28.034925909961462,26.958753168893008,25.880411185623913,24.800563798518727,23.719916673746322,22.639221274990916,21.559279502322003,20.480949135233377,19.40515024583694,18.332872787355825,17.265185612882362,16.203247243133706,15.14831878406283,14.101779501616063,13.065145699717895,12.04009372961944,11.028488198858174,10.032416766190272,9.05423333154726,8.096611991822938,7.162614876415158,6.25577794633981,5.380220068088965,4.54078212090185,3.7432043112078186,2.9943503841427876,2.3024844712908767,1.6775925889078205,1.131695460725279,0.6789614819656228,0.33501466072267433,0.11358632296963823,0.015200632794266603,2.2231762405586526e-05,0.0,0.0,0.0,1.7850488729075107e-05,0.014586220063588128,0.11141735894345621,0.3310952764748486,0.6734307277163892,1.1247692298677952,1.669480210960093,2.293367341637521,2.9843801250717683,3.732506416069358,4.529460552654373,5.36836144633279,6.2434550094298835,7.149889241163368,8.083536323325708,9.040853043562867,10.018771356027141,11.01461229994116,12.026017946166903,13.050897272783063,14.087382843990625,15.133795912611761,16.188618130403697,17.25046847476703,18.318084319790778,19.390305820612884,20.466062962824726,21.544364767951883,22.624290252863506,23.704980823380993,24.78563384634148,25.865497194362515,26.943864596843092,28.02007166180761,29.093492457910163,30.16353656568409,31.229646523018324,32.291295602698064,33.347985870292106,34.399246479203086,35.44463216669611,36.483721920495924
13.345,77.677681302169,77.18139105565534,76.67558055139914,76.16013650375916,75.63494757581101,75.09990457287533,74.5549006428037,73.99983148305826,73.43459555459553,72.85909430255923,72.27323238377305,71.67691790101925,71.07006264405663,70.45258233734606,69.8243968944139,69.18543067878878,68.53561277142387,67.87487724451267,67.20316344159127,66.52041626381178,65.82658646226095,65.12163093619854,64.40551303707349,63.67820287818269,62.939677649833406,62.18992193987505,61.42892805947302,60.656696374007936,59.873235639001976,59.07856334099916,58.27270604334883,57.45569973688962,56.627590195567954,55.788433337090325,54.938295588771226,54.07725425882509,53.205397913446774,52.32282676013952,51.42965303788715,50.52600141492275,49.61200939503389,48.68782773355757,47.75362086446768,46.80956734025045,45.85586028659612,44.89270787432866,43.9203338114446,42.93897785865969,41.94889637246915,40.95036288044095,39.9436686942801,38.92912356717396,37.907056403051,36.87781602670654,35.841772025304635,34.799315673595444,33.750860957347065,32.69684571206549,31.63773289712562,30.574012029092714,29.506200802387557,28.43484693073147,27.360530249174264,26.28386512426947,25.20550322940877,24.12613675392819,23.04650212888511,21.967384370103826,20.88962216112511,19.81411382628001,18.74182437884122,17.673793873185012,16.61114734590176,15.55510670256402,14.507004999345282,13.468303688600797,12.440613553852984,11.425720264497496,10.425615750187708,9.442536950731702,8.479013967191012,7.537930257722689,6.622598324672148,5.736855355481822,4.885184491878815,4.072868649281853,3.3061845295713885,2.5926430166089176,1.9412739268035546,1.362925408754686,0.8704653505268448,0.4785300217802096,0.20175590018243822,0.04840038780963643,0.002025258305729853,3.013488912628623e-51,0.0,0.0,0.0,0.0002575968591617982,0.0254111504538178,0.1434274903326796,0.3838597844356223,0.7430752677223195,1.2073105259624666,1.7616249770901875,2.392562414730244,3.088686678221485,3.840458941626622,4.6399492611889395,5.480542214774989,6.3566824476987565,7.263667375974209,8.197482245500563,9.154669983849056,10.132228610030406,11.127530147544247,12.138256236096202,13.1623467170161,14.197958331665841,15.243431341045627,16.29726238475213,17.3580822839238,18.42463778551542,19.49577646741361,20.57043419320601,21.64762463506601,22.72643048304758,23.805996036409457,24.885520932831664,25.964254818606136,27.041492800108806,28.116571546382396,29.18886593619795,30.25778616184054,31.322775217081077,32.3833067091258,33.43888294437616,34.48903324604832,35.533312468456174
13.626,77.85024069431556,77.35729224819215,76.85486531265965,76.34284606248721,75.82112256109608,75.28958495209048,74.74812565755707,74.19663958316107,73.6350243300723,73.06318041371233,72.48101148933895,71.88842458443582,71.28533033789041,70.67164324591216,70.04728191464342,69.41216931939317,68.76623307041365,68.10940568513672,67.44162486675994,66.76283378907783,66.07298138743528,65.37202265567447,64.65991894894327,63.93663829222841,63.20215569447476,62.45645346815453,61.699521554157656,60.93135785188573,60.15196855443903,59.361368488820965,58.55958146109538,57.74664060648025,56.92258874439645,56.08747873854686,55.241373862164714,54.38434816864623,53.51648686787666,52.637886708664226,51.74865636782694,50.84891684662514,49.93880187540614,49.01845832753372,48.08804664390651,47.1477412696473,46.19773110486093,45.23821997172497,44.26942710060862,43.291587638403584,42.30495318283182,41.30979234715467,40.30639136048922,39.29505470984182,38.276105831018434,37.249887856815135,36.21676443233837,35.17712060900758,34.131363830809114,33.079925028754246,32.02325984231602,30.961849990000772,29.89620481524007,28.82686303863771,27.7543947534493,26.67940370825551,25.602529929402728,24.524452746310775,23.44589429568307,22.367623596606833,21.290461308332592,20.215285307203203,19.143037250155302,18.074730331233784,17.011458487024214,15.95440736998163,14.90486748950493,13.864250024895853,12.834105949535529,11.816149281747764,10.812285508226033,9.824646528140294,8.85563386267626,7.907972393509357,6.984777565218925,6.089639836011048,5.226731183007239,4.40093956074281,3.6180380039958897,2.8848944763220916,2.2097236343423603,1.6023644224879359,1.0745160271673964,0.6397180383145035,0.31244259759832954,0.10447718468452598,0.01375417141852599,2.1830968264411964e-05,0.0,0.0,0.0,0.0,0.0013870257165588566,0.04119565967630589,0.18237479116531619,0.4447019773813029,0.8218460541937913,1.3000539395657418,1.8650509985314752,2.5040848942644645,3.2063095224759386,3.9626469975341494,4.765518767676837,5.608575522641499,6.4864636672408365,7.394634302185227,8.329190466255765,9.28676598041413,10.264429476023299,11.259608191855557,12.270027209206317,13.293660743645578,14.32869287967143,15.373485733929193,16.426553493057128,17.48654112348476,18.55220681813173,19.622407449178127,20.696086452465256,21.772263689376462,22.85002692505887,23.928524634151955,25.006959901725594,26.084585231579933,27.160698109212746,28.234637194711766,29.30577904317887,30.373535268257406,31.437350078849825,32.49669813089911,33.55108264572833,34.600033754314964
13.906,78.01884263756746,77.52916629318739,77.03005266033013,76.52138739922371,76.003058000111,75.4749539727994,74.93696704298311,74.3889913553772,73.83092368368739,73.26266364742759,72.68411393559096,72.0951805371597,71.49577297843355,70.88580456714158,70.26519264328631,69.63385883666162,68.99172933097027,68.338735134456,67.67481235695185,66.99990249324176,66.3139527126119,65.61691615447596,64.90875222993495,64.18942692914203,63.45891313433331,62.71719093838588,61.96424796877851,61.200079716823254,60.42468987206612,59.63809066175967,58.840303195343594,58.03135781390011,57.21129444458589,56.38016296009805,55.538023543288595,54.68494705711421,53.82101542019446,52.946321988353816,52.06097194264445,51.165082684483295,50.25878423870842,49.342219665543816,48.415545482691265,47.4789320990224,46.53256426164557,45.57664151847093,44.61137869879713,43.637006414913046,42.65377158824481,41.6619380042121,40.661786900682806,39.653617595766036,38.63774816167615,37.61451615255637,36.58427939550521,35.54741685564557,34.5043295879484,33.45544179073971,32.40120197844584,31.342084294255546,30.27858998710214,29.211249081839956,28.140622276855222,27.067303109846463,25.991920440377474,24.915141307400148,23.837674231685913,22.760273047550335,21.68374136610861,20.608937794483808,19.5367820630916,18.46826224790995,17.40444331854758,16.346477298654605,15.295615396341628,14.253222553520242,13.220794980763333,12.199981396761977,11.1926088898138,10.200714577497115,9.226584578353684,8.272802248822723,7.342308205388616,6.438475368243017,5.5652031303811675,4.72703571022393,3.9293105390846477,3.178342442787716,2.4816464456717204,1.8481910978967022,1.2886415966062692,0.8154603760560686,0.44247817462304995,0.1828374981694001,0.042302870381119115,0.0016127187872100371,2.9786647454289675e-210,0.0,0.0,0.0,5.016423662150845e-09,0.004564200045827851,0.06303849772583155,0.22905604228799487,0.5142135046453239,0.9101413734788507,1.403212351496883,1.979801542852069,2.627828167001739,3.33701215087939,4.0987225670939536,4.905725670639904,5.75193639533124,6.632203819381743,7.542135166538086,8.477954454729437,9.436389868813833,10.414584139551,11.41002307714103,12.420478354991962,13.44396147627242,14.478686538382183,15.523039947401731,16.575555649788978,17.63489476732564,18.69982876550543,19.76922547285063,20.84203741273654,21.917292020614394,22.994083405933026,24.07156538547961,25.148945567755938,26.22548030972844,27.300470400381684,28.37325735189213,29.443220200391206,30.509772735333218,31.572361090283678,32.63046163918152,33.683579151312
14.187,78.18363024813168,77.69715863435793,77.20129037696698,76.69591064564597,76.18090638284396,75.65616649136047,75.12158202871136,74.57704640830951,74.02245560749557,73.4577083824282,72.88270648985241,72.29735491573132,71.70156211072477,71.09524023249098,70.47830539475832,69.85067792311771,69.21228261746471,68.56304902101243,67.90291169578168,67.2318105044654,66.5496908985541,65.8565042126048,65.1522079645186,64.43676616169947,63.71014961295457,62.97233624600236,62.22331143045078,61.46306830612836,60.69160811664318,59.90894054808046,59.11508407275935,58.310066298002106,57.49392431990987,56.66670508217702,55.828465740041864,54.97927402953008,54.1192086422342,53.24835960596624,52.36682867173482,51.474729707628256,50.572189100344865,49.659346165291005,48.736353566376124,47.80337774688261,46.8605993730697,45.9082137924984,44.94643150944958,43.975478680240094,42.99559763176327,42.00704740716068,41.01010434323256,40.005062684979976,38.992235243614836,37.97195410545552,36.94457140039191,35.91046014010474,34.87001513796402,33.823654024603975,32.77181837561229,31.714974970668703,30.653617206923133,29.588266693525807,28.51947505917697,27.447826010525354,26.37393768645912,25.298465362106924,24.222104567057922,23.145594695437985,22.069723201639118,20.995330495514374,19.923315675751347,18.854643271282292,17.790351199747935,16.731560201517723,15.679485070648798,14.635448084460434,13.600895136456764,12.57741521018162,11.566764003521973,10.570892736064403,9.591983461792978,8.632492584662337,7.695204756865189,6.783299948674191,5.900437220238399,5.050859559107007,4.239524905433967,3.472268676989044,2.7560014116416482,2.0989381530517193,1.5108350595632423,1.0031500067770218,0.5888841464832161,0.28142474234885445,0.09052908601342077,0.010874209395734314,1.0049605106067154e-05,0.0,0.0,0.0,0.0,1.2107849748547586e-05,0.011261273593562516,0.09201919284319192,0.284239121953086,0.5929646922591484,1.0083546139227129,1.5170119048362976,2.1059492484198685,2.7637279693642185,3.4806103736004825,4.248397400822628,5.060191802739722,5.91016903893126,6.793380031059819,7.705589017642101,8.643142852873595,9.602866432764127,10.581979133402507,11.578027907018644,12.588833514445067,13.612447112681089,14.647115023826915,15.691249992616799,16.743407613950794,17.802266900660566,18.866614184182502,19.9353297122394,21.007376440107787,22.081790614807932,23.157673831629392,24.234186305110754,25.31054114595086,26.385999474380977,27.459866231597836,28.53148657569467,29.60024276849263,30.66555147580141,31.726861416728262,32.783651308330455
14.468,78.34474010661783,77.86140808224332,77.36871951419317,76.8665591046025,76.35481327246623,75.8333703392871,75.30212072149915,74.76095712971369,74.20977477481873,73.64847158095974,73.07694840540704,72.49510926531521,71.90286157135736,71.30011636821197,70.68678858185821,70.06279727363747,69.42806590100815,68.78252258492593,68.1261003837555,67.45873757361895,66.78037793507211,66.09097104598577,65.39047258051401,64.67884461401088,63.95605593376518,63.222082355416006,62.47690704491382,61.72052084590152,60.95292261239364,60.174119546653216,59.38412754218113,58.58297153175894,57.77068584052935,56.94731454412526,56.112911831927434,55.26754237558226,54.411281702990955,53.54421657807586,52.66644538672895,51.778078529477646,50.87923882155066,49.97006190119547,49.05069664730003,48.12130560760137,47.182065439036116,46.23316736209284,45.27481763139249,44.3072380251353,43.33066635653926,42.34535701095088,41.35158151295925,40.349629128600384,39.3398075086111,38.32244337971458,37.29788329211539,36.26649443277318,35.228665515668276,34.184807762195476,33.13535598710518,32.08076980810445,31.021535000433996,29.958165021561538,28.89120273570557,27.821222373399884,26.748831767944196,25.674674918622852,24.599434940356822,23.52383747141074,22.448654625463693,21.3747095924756,20.30288201525155,19.23411429661381,18.16941902716156,17.109887767754888,16.056701476721248,15.011142942813185,13.974611675694245,12.948641822170359,11.934923826353547,10.935330745596229,9.951950384316232,8.987124730658067,8.04349859449274,7.124079866980673,6.232314459601451,5.372179709484222,4.54830074438949,3.7660946447161168,3.0319463181126527,2.353415507788691,1.7394604250895402,1.200625014779243,0.7490339032471001,0.39776369738261763,0.15842170797844626,0.0339132672161945,0.0009858569138410202,0.0,0.0,0.0,0.0,0.0,0.000290957478411639,0.023072694633045593,0.129170258076392,0.348651469910736,0.6814963178323947,1.1168653442375311,1.6416815995768725,2.243584557473485,2.911750168169591,3.6369598654958764,4.411430617663297,5.228592063160355,6.082875004283948,6.969529950650305,7.884477752069357,8.824188821357595,9.78558613852861,10.765967443399948,11.762942701964416,12.774383668891337,13.798383025028322,14.833221110269793,15.877338703080163,16.92931463497532,17.98784728974328,19.051739239521993,20.11988442649615,21.191257420540115,22.264904377800523,23.339935399261506,24.41551804651795,25.49087181793299,26.565263424823016,27.63800273640955,28.70843928559931,29.775959246452356,30.839982809414707,31.899961892774048
14.748,78.50230256637019,78.02204712647091,77.53247470887419,77.03346957019019,76.52491762929854,76.00670665107981,75.47872643691186,74.94086902199912,74.39302887955508,73.83510313188145,73.26699176834938,72.68859787029022,72.09982784278809,71.50059165335367,70.89080307744476,70.27037995078483,69.639244428428,68.99732325049219,68.34454801447892,67.68085545408935,67.00618772442517,66.32049269346481,65.62372423968853,64.91584255572769,64.19681445789831,63.466613701490985,62.725221301675774,61.972625859895956,61.208823895628186,60.433820183396946,59.647628094957724,58.85026994657777,58.04177735138273,57.222191576769944,56.39156390694795,55.549956010707845,54.69744031461455,53.83410038188682,52.96003129733372,52.075340058838485,51.180145976014046,50.274581076822656,49.35879052313527,48.43293303643078,47.49718133508489,46.551722584996966,45.59675886564145,44.632507654026945,43.659202329501994,42.67709270287405,41.68644557392512,40.68754532211325,39.680694536079834,38.66621468854197,37.64444686427162,36.61575255017225,35.58051449800664,34.53913767212225,33.492050296661674,32.43970501924845,31.382580211125383,30.321181427270538,29.256043054250718,28.187730178655396,27.116840715066658,26.04400783991196,24.96990278651774,23.895238067607817,22.820771204888164,21.74730906182057,20.675712896046758,19.606904273199266,18.541872015387213,17.481680397205746,16.427478851981974,15.380513514110383,14.342141003656335,13.313844962027929,12.297255979088707,11.294175721225708,10.306606287536054,9.336786100914846,8.387233997935162,7.46080363138429,6.56075085096792,5.690817366722498,4.85533464846074,4.0593524355867565,3.308795795222874,2.610651783919671,1.9731774725881013,1.4060953847448159,0.920674511136455,0.5294169723198822,0.24460083619633363,0.07372142233937924,0.007436093996164773,1.7319899672378473e-06,0.0,0.0,0.0,0.0,2.6836535473819914e-17,0.0018508014428746198,0.04157693901012682,0.17545727897789848,0.4229713135999478,0.7803133556445216,1.23603252367956,1.777445229840572,2.39280655653614,3.0718808906495134,3.8059459362862613,4.587618374070226,5.410644158870005,6.269703108836181,7.1602419136239615,8.078336556992252,9.020580773012444,9.983996160918023,10.965959821437906,11.964145989745298,12.97647879604977,14.001093868909281,15.036306979592307,16.080588312047784,17.13254124649085,18.190884781132,19.25443890041629,20.32211234107047,21.392892318620802,22.465835864103113,23.54006248902595,24.614747950524617,25.68911893133225,26.762448483171852,27.834052109358687,28.903284384256,29.969536024880504,31.032231344283932
15.029,78.65644205453664,78.17920224076093,77.69268449205562,77.196772640608,76.69135212756709,76.1763101848698,75.65153602383887,75.11692103060325,74.57235896838728,74.01774618669461,73.45298183741585,72.87796809785931,72.29261040070695,71.69681767087881,71.09050256927486,70.47358174335326,69.84597608449519,69.20761099208413,68.55841664422103,67.89832827499183,67.2272864581768,66.54523739729821,65.85213322188123,65.14793228980405,64.43259949560674,63.70610658461898,62.968432472777714,62.21956357199825,61.45949412097772,60.68822652131255,59.90577167883892,59.11214935011545,58.3073884940035,57.491527628338545,56.664615191722355,55.82670991053439,54.97788117131373,54.11820939875508,53.24778643964877,52.36671595321227,51.47511380838821,50.573108488840454,49.66084150655583,48.73846782517122,47.806156294380955,46.86409009706494,45.91246721109648,44.95150088816581,43.98142015238599,43.002470321948984,42.01491355768058,41.019029443012656,40.01511560067444,39.00348835230603,37.98448342826071,36.958456736089786,35.92578519764806,34.88686766645286,33.84212593891382,32.79200587540745,31.736978649943303,30.67754215047404,29.61422255583246,28.547576119991085,27.478191199983314,26.40669057064456,25.333734077575663,24.260021689757714,23.186297025491847,22.113351440349224,21.042028784320614,19.973230958254458,18.907924428158417,17.84714789153731,16.79202133463676,15.743756775846654,14.703671061964998,13.673201174921685,12.653922622626215,11.647571636179336,10.656072086096641,9.681568273912696,8.726465065878584,7.793477226025043,6.885690285747644,6.006635848876957,5.160384821883081,4.3516625108673175,3.5859893953157203,2.869849560462443,2.2108825097554377,1.6180766234790378,1.101896849600666,0.674161375298442,0.34717671408971124,0.13085396089990178,0.02470566060803842,0.0004332014771195612,0.0,0.0,0.0,0.0,0.0,8.99561371523504e-07,0.0064760213697006375,0.06825318426227314,0.2317658627211789,0.5078215004309734,0.8898804831972165,1.3661894896955529,1.9245152373155463,2.553715794708576,3.2441186065087058,3.9874751703224547,4.776785292393731,5.606099986069994,6.470340881556972,7.365146521576225,8.286745666151733,9.231854329697576,10.197592552512363,11.181417170415132,12.18106740430371,13.194520678012323,14.219956593807236,15.255727426695866,16.30033384503958,17.35240483813501,18.410681045240164,19.474000847390172,20.541288713603645,21.611545394959432,22.68383963995888,23.75730116754363,24.831114683948126,25.904514769140043,26.976781490202594,28.047236624360906,29.115240394790142,30.180188638887
15.309,78.80727736393334,78.33299417869337,77.8494715886191,77.35659302169854,76.85424346281526,76.34230963369448,75.82068017961636,75.28924586295113,74.74789976356399,74.19653748612569,73.63505737435261,73.0633607321874,72.48135205192784,71.8889392492823,71.28603390533887,70.67255151539923,70.04841174464089,69.41353869053405,68.76786115194517,68.11131290484157,67.44383298449395,66.76536597407731,66.07586229954497,65.37527853066064,64.66357768804879,63.94072955613872,63.20671100185935,62.46150629896,61.705107457820816,60.937514560642256,60.15873610190779,59.36878933403722,58.5677006181726,57.755505780075445,56.932250471155044,56.09799053469956,55.25279237744076,54.3967333466677,53.529902113183205,52.652399060512934,51.76433668089071,50.86583997870184,49.957046882223096,49.03810866470451,48.10919037606133,47.170471286713195,46.22214534541239,45.264421653256534,44.29752495649492,43.32169616120904,42.3371928734969,41.34428996942891,40.34328019977768,39.33447483538319,38.31820436000734,37.29481921869803,36.264690631035876,35.22821148022683,34.18579729087291,33.13788731044782,32.08494571210341,31.027462939511807,29.96595721810858,28.900976261471182,27.83309920680458,26.762938819803338,25.691144016761104,24.618402761021542,23.545445402092714,22.473048539477315,21.402039510146597,20.33330161940099,19.267780260678126,18.20649010201862,17.150523557128423,16.101060809545945,15.059381722251352,14.026880045963328,13.005080442259976,11.995658968867733,11.00046784196551,10.02156550401239,9.06125329691561,8.122120381334527,7.207098962571791,6.31953237897106,5.46325914391873,4.642716488292418,3.8630670081488248,3.13035089160075,2.451661959522189,1.835333743442694,1.291090537627951,0.8300387721661658,0.46417133771581665,0.2045397526746784,0.05598682400708855,0.004254304590136358,4.127434937718677e-08,0.0,0.0,0.0,0.0,0.0,0.00011198052455687726,0.016305611820363393,0.1044379420451595,0.2988942128260812,0.6037656585130429,1.010619130347451,1.5076404268243426,2.083088134391032,2.7264087270462567,3.4284678298027638,4.181468635419415,4.978777381763421,5.814738416492418,6.6845073232152465,7.583909450461783,8.509323264763372,9.457585354715874,10.425913422030659,11.411843878553055,12.413181180346012,13.427956556684467,14.454394257566635,15.490883829701465,16.53595724159368,17.58826992424609,18.646584987180876,19.709760020824476,20.776736014883333,21.846528015420194,22.918217216628058,23.990944241218738,25.063903409301673,26.136337832263816,27.20753519749482,28.276824133396993,29.343571063189334
15.59,78.9549219344093,78.48353825889569,78.00295320629235,77.51304981977101,77.01371264853812,76.50482792592742,75.98628375424526,75.45797029644264,74.91977997464863,74.3716076756239,73.81335096314389,73.24491029734561,72.66618926102967,72.07709479291903,71.47753742785345,70.86743154388522,70.24669561623071,69.6152524780259,68.97302958780679,68.3199593036413,67.65597916381417,66.98103217396188,66.29506710054642,65.59803877053986,64.88990837720246,64.17064379181018,63.44021988120468,62.69861883102813,61.94583047451702,61.18185262673019,60.40669142410366,59.62036166924456,58.82288718089463,58.014301149030146,57.19464649510345,56.36397623747785,55.52235386216954,54.66985369907663,53.806561303966646,52.932573846586514,52.048000505381495,51.15296286944763,50.247595348498095,49.33204559181796,48.40647491739366,47.47105875265722,46.525987088577054,45.57146494916274,44.60771287883999,43.63496745060501,42.653481798385165,41.663526177632846,40.6653885588875,39.659375259834526,38.64581162234826,37.625042742087665,36.597434259499394,35.563373222576715,34.523269033472964,33.477554493135,32.4266869605467,31.371149646055812,30.31145306166533,29.24813665524322,28.181770660459883,27.112958200106203,26.042337687465356,24.97058557891828,23.898419541291062,22.826602110046196,21.755944929854127,20.68731368806924,19.62163387511123,18.559897534890165,17.503171204764236,16.45260529004605,15.409445175346582,14.375044447373151,13.350880695445285,12.338574472425256,11.339912146882194,10.356873565617617,9.391665684170487,8.44676362223342,7.524960969719675,6.629431607619428,5.763805791455954,4.932263688865808,4.13964973640312,3.391610514323536,2.694755963803961,2.0568354158691897,1.486898141221858,0.9953533763083855,0.593707501449611,0.29340996113145734,0.1023824683036362,0.01602012555946057,0.00011528671910921001,0.0,0.0,0.0,0.0,0.0,1.6707225264042873e-29,0.0012032699925823354,0.033475317102728705,0.15130739010801283,0.37755010310563325,0.7113063462936009,1.1429058481151375,1.6606580632954528,2.2533412115597353,2.9109734916136203,3.6249341625935294,4.387856405514301,5.193456221754004,6.036359283527465,6.911946799306932,7.816225324774225,8.745719396754437,9.697383928308824,10.668533001354165,11.65678199276308,12.660000441943852,13.676273542401034,14.70387055698713,15.741218802584257,16.78688212875051,17.83954303620292,18.897987755478717,19.961093743287975,21.027819161924175,22.097193992053924,23.16831249632074,24.24032680440475,25.312441432534392,26.38390858430293,27.454024106831586,28.52212399824549
15.871,79.09948412288374,78.63094463880685,78.15324131313784,77.66625682280709,77.16987530109743,76.66398251389802,76.14846604270885,75.6232154744595,75.08812259819967,74.54308160870083,73.98798931700419,73.42274536793735,72.84725246460359,72.26141659985203,71.66514729469907,71.05835784368722,70.44096556713087,69.81289207020124,69.17406350878235,68.52441086202118,67.86387021148262,67.19238302680732,66.50989645776431,65.81636363257815,65.11174396240365,64.39600345182164,63.66911501521418,62.93105879889303,62.181822508843595,61.421401743965575,60.64980033469364,59.8670306869026,59.073114131023644,58.268081276322924,57.45197237033744,56.624837663499726,55.78673777904679,54.93774408836726,54.07793909202855,53.20741680681341,52.326283159211016,51.434656385936165,50.532667442204584,49.62046041866934,48.6981929681272,47.766036743348785,46.824177847656095,45.87281730019641,44.91217151822933,43.94247281916942,42.96396994562598,41.97692861724393,40.98163211382299,39.9783818949481,38.96749826226086,37.949321071533234,36.924210502913624,35.89254789912307,34.854736683025784,33.811203367942326,32.76239867634452,31.7087987852714,30.650906719990843,29.589253921228558,28.524402015806704,27.456944825958097,26.38751065908953,25.31676492763428,24.24541315815098,23.174204460418267,22.1039355414297,21.035455366567323,19.969670591645183,18.90755191601953,17.850141539916446,16.798561950277506,15.754026311010078,14.717850798458333,13.691469304898929,12.676451036664032,11.674521665101425,10.687588855380147,9.717773208859008,8.767445918805288,7.839274764891077,6.936280461092667,6.06190580831754,5.220100526060674,4.415424878711184,3.6531748564696676,2.9395297296120764,2.281716934269275,1.6881739117015853,1.168648234829415,0.7340826824857334,0.3958966330024973,0.16369249974785774,0.039086902788907474,0.0019001184075712813,5.315889931306835e-13,0.0,0.0,0.0,0.0,0.0,4.886793930746478e-07,0.005310472467669816,0.05992461226808686,0.20987515972350565,0.4683511484046149,0.8308848342216836,1.2870717784031285,1.8254823754595058,2.4354302915201385,3.1074867783244318,3.83352044744016,4.606573180689652,5.420694211675141,6.270778390326943,7.152423905682409,8.061812513677404,8.995610744250097,9.950889148144324,10.92505649340999,11.915806132098096,12.921072193772872,13.938993690890516,14.967884995394048,16.006211456062175,17.052569176445704,18.105668172447807,19.16431828612547,20.227417356542833,21.293941246524344,22.362935401620437,23.43350767899097,24.504822232730938,25.576094281145423,26.646585612727495,27.715600712757226
16.151,79.2410674616,78.77531857653989,78.30044290301846,77.81632276953474,77.32284191239636,76.81988565016323,76.30734106482666,75.78509718979942,75.25304520477394,74.71107863749565,74.1590935724848,73.59698886673573,73.02466637241028,72.4420311665152,71.8489917875686,71.24546047921801,70.63135344078427,70.00659108467534,69.37109830061253,68.72480472659242,68.06764502650387,67.39955917429673,66.72049274460151,66.0303972096775,65.32923024257397,64.61695602636519,63.89354556933476,63.15897702596946,62.41323602363208,61.65631599478695,60.88821851466027,60.108953644233495,59.31854027848596,58.51700649983278,57.704389936734934,56.880738127501154,56.04610888935444,55.200570692899696,54.34420304219868,53.477096860753946,52.59935488380896,51.711092057488,50.812435945454915,49.90352714393032,48.98451970610631,48.0555815772269,47.11689504186003,46.16865718519933,45.211080370575765,44.24439273577597,43.2688387112233,42.28467956362895,41.29219396934033,40.29167862234836,39.28344888274875,38.2678394724435,37.245205225996806,36.21592190589565,35.18038709302181,34.139021164954045,33.09226837687586,32.040598062373995,30.984505974414695,29.924515790316814,28.861180808768683,27.795085871976838,26.726849552082786,25.657126648269873,24.5866110497841,23.51603903078428,22.446193055953536,21.377906191753883,20.31206723778927,19.24962671693381,18.19160389285742,17.13909502090051,16.09328308489282,15.055449331021586,14.026986983499109,13.009417619716105,12.004410800022795,11.013807695706797,10.039649645790414,9.084212807346129,8.150050352815336,7.240044014498048,6.357467170678363,5.506062065747038,4.690134034676267,3.9146654543794264,3.1854508474281173,2.5092504291129614,1.8939484575922743,1.348675582490035,0.8837880053472023,0.5104336003186976,0.23903528243978425,0.07507595035710238,0.008902757017985166,1.1983287686854974e-05,0.0,0.0,0.0,0.0,0.0,0.0,0.00010989995345460245,0.015089915086735465,0.0973212658677324,0.2809988915986322,0.5718274396531773,0.9628821743389373,1.4434030175121415,2.002320108638741,2.629488330870364,3.3160115880086134,4.0542238333790355,4.837554821191295,5.660370716694938,6.517823386124852,7.405719167409321,8.320408722624984,9.258696164383572,10.217764649970233,11.195115604864005,12.188519052847925,13.195972933151538,14.215669672495364,15.245968616110197,16.28537320006642,17.332511972027998,18.38612274686478,19.445039325736442,20.508180319753848,21.574539708345714,22.64317883303369,23.71321958342014,24.78383857694761,25.854262169817616,26.92376216526781
16.432,79.37977090441348,78.91676068064898,78.44466024884903,77.96335160615328,77.47271811008048,76.97264465117766,76.46301783239406,75.94372615526838,75.41466021296901,74.87571289025222,74.32677957037961,73.76775834901066,73.19855025510394,72.61905947882545,72.02919360645393,71.4288638622709,70.81798535740143,70.19647734555816,69.56426348563397,68.92127211107535,68.26743650595061,67.60269518762047,66.92699219591302,66.24027738868112,65.54250674362902,64.83364266627378,64.11365430391375,63.38251786546941,62.640216947061525,61.88674286319718,61.12209498344791,60.34628107450618,59.559317647533675,58.76123031073759,57.952054127137856,57.13183397753251,56.30062492871739,55.45849260706836,54.60551357767628,53.74177572929798,52.86737866549528,51.98243410244798,51.08706627406243,50.18141234516267,49.265622833733495,48.33986204340337,47.40430850760401,46.45915544713535,45.50461124319657,44.54089992833217,43.5682616981887,42.58695344748995,41.597249334239464,40.599441376846755,39.59384008966921,38.580775163397256,37.56059619778082,36.53367349545664,35.50039892710124,34.461186879850956,33.416475302947575,32.36672686694087,31.312430255579677,30.254101612842117,29.192286171500353,28.127560094318426,27.060532564612664,25.991848169668017,24.922189628664494,23.852280926649,22.782890928099242,21.714837558290995,20.648992658665737,19.586287644517256,18.527720120684847,17.47436164489432,16.427366870704034,15.387984354935893,14.357569380877067,13.337599232076583,12.32969145682759,11.335625796080908,10.357370614318095,9.397114881321183,8.457307009946808,7.540702164832049,6.650420013245233,5.790015260407833,4.963563606176452,4.175765750528096,3.4320712264385653,2.73882091326811,2.1033992186577133,1.5343673971310887,1.0415022250780284,0.6355499883123394,0.32722782433764347,0.12433890465192493,0.02448638555283947,0.0005748113844823667,0.0,0.0,0.0,0.0,0.0,0.0,5.588562361593184e-17,0.001346141382861429,0.03320141852424153,0.14704975217085997,0.3653913818243238,0.6884257875757307,1.1076212447243807,1.6121416836269613,2.1913449481723846,2.8356247019222014,3.536595713336831,4.28703359147276,5.08073564025374,5.9123689665941,6.777330378227456,7.671625449669185,8.591767269800215,9.53469288226681,10.49769475571067,11.478364678330033,12.474547786496547,13.484304809799873,14.505880965567124,15.537680238145434,16.578244027992344,17.626233357543697,18.680413982224017,19.73964388327146,20.802862720848015,21.86908290671167,22.937382019977072,24.006896340718505,25.07681531715197,26.14637681503841
16.712,79.51568906113559,79.05536714781746,78.58599114362346,78.10744273070934,77.61960490525539,77.12236214834638,76.61560060356828,76.09920826139904,75.57307515045794,75.03709353566882,74.49115812337782,73.93516627346173,73.36901821844944,72.79261728966333,72.20587015037864,71.60868703598888,71.00098200114718,70.38267317384218,69.75368301635866,69.11393859305419,68.46337184487676,67.80191987053091,67.1295252141944,66.44613615967452,65.75170703088502,65.04619849851889,64.32957789278261,63.60181952206398,62.862904997393755,62.11282356257455,61.35157242985093,60.579157121009374,59.79559181381248,59.00089969369271,58.19511331066214,57.37827494142985,56.5504369567637,55.71166219419111,54.86202433619768,54.0016082941638,53.13051059837365,52.24883979454368,51.35671684744643,50.45427555235968,49.54166295524779,48.619039782789194,47.686580883599945,46.744475682282854,45.792928648245876,44.83215978160761,43.86240511892435,42.88391726197122,41.89696593337353,40.901838563539044,39.89884091410149,38.88829774396692,37.87055352507319,36.8459732161656,35.81494310427441,34.77787172520364,33.735190876240864,32.68735673652736,31.634851113165013,30.57818283424345,29.517889313670743,28.45453831707858,27.38872996333333,26.321099002471886,25.25231741847075,24.18309741440358,23.114194848656446,22.046413204397332,20.980608191036087,19.917693096728218,18.8586450360122,17.804512267674617,16.756422796445598,15.715594520164652,14.683347244144898,13.661116959842087,12.650472879644365,11.653137838635194,10.671012823509693,9.706206575146153,8.761071441247445,7.838246933237228,6.940712763919437,6.071853486651899,5.235537154991748,4.436210503422855,3.6790126145600106,2.969906968626128,2.3158260689159156,1.7248086527057493,1.206075409548379,0.769907663782726,0.4269976621267506,0.1864699900597393,0.05072854447187378,0.0039571797876561355,1.1097378504606329e-07,0.0,0.0,0.0,0.0,0.0,0.0,2.361863357770264e-06,0.006194712251658429,0.061988203836347545,0.21022951338640358,0.46363377523594995,0.8185149828644492,1.2653694959743778,1.793487519265325,2.3926981972907075,3.0539250137076186,3.7692708008198963,4.531929542383869,5.336046324533776,6.176573584187454,7.049141165693872,7.949944975666276,8.875653950829689,9.823333251355612,10.790381167246672,11.77447734858134,12.773540280559859,13.785692268225972,14.809230513267583,15.84260313716073,16.884389229186212,17.933282179273174,18.988075700889574,20.047652064958005,21.110972157869547,22.17706704997221,23.245030819369774,24.314014422605705,25.383220441307614
16.993,79.64891242010648,79.19122998863254,78.72452912939991,78.24869122528338,77.76359892787643,77.26913632662519,76.76518912466305,76.2516448214338,75.72839290216355,75.19532503424493,74.65233527057748,74.09932025989933,73.53617946414576,72.96281538283111,72.37913378447539,71.78504394504883,71.18045889341829,70.56529566376162,69.93947555489119,69.30292439643726,68.65557282180899,67.99735654784863,67.32821666108447,66.64809991047264,65.95695900651575,65.25475292662749,64.54144722662124,63.81701435818492,63.08143399220803,62.33469334783307,61.57678752709811,60.807719855061556,60.02750222530119,59.23615545070907,58.433709619529125,57.6202044566127,56.795689689917594,55.96022542232472,55.11388250890739,54.2567429398682,53.38890022944649,52.5104598112028,51.621539440215194,50.72226960286568,49.812793935061144,48.89326964993553,47.96386797630179,47.024774609387684,46.076190175693164,45.11833071415644,44.15142817622248,43.17573094787371,42.19150439722116,41.19903145188037,40.198613211074615,39.190569598245624,38.1752400609212,37.152984325711884,36.12418321762911,35.08923955444075,34.04857912858045,33.00265179122769,31.951932655654318,30.896923439859837,29.838153971976215,28.77618388604628,27.711604540682362,26.64504119898438,25.577155515159887,24.508648381780784,23.440263201919358,22.372789662905205,21.307068103711796,20.24399458667221,19.18452680720523,18.129691003618362,17.080590064212206,16.03841307264949,15.004446587112104,13.980088017019336,12.96686154660869,11.96643716189939,10.980653471779014,10.011545181172213,9.061376280559315,8.132680265922886,7.228308995246678,6.35149210590686,5.50590921097291,4.695777232816227,3.9259549174268193,3.2020651146644084,2.5306312518923906,1.919214020799603,1.3765094046557702,0.9123102913591589,0.537094053087078,0.2606652732944407,0.08851707570509684,0.013213808254521406,8.486686617376716e-05,0.0,0.0,0.0,0.0,0.0,0.0,0.0,0.0002405324962179444,0.01784907851692987,0.10337556796519547,0.28774478667386866,0.5761892962593818,0.9623916219977457,1.436342170098456,1.9875998820804663,2.60648983936178,3.28445135383476,4.0140518762236015,4.788880980632525,5.603412371372018,6.452868638752007,7.3331009969188425,8.24048686077586,9.171844407774218,10.12436200353542,11.095540133988138,12.083143656084602,13.085162480292967,14.099779114896979,15.125341789643265,16.160342120885268,17.203396481803033,18.253230404304713,19.308665469960214,20.368608251738436,21.43204095160191,22.498013445488375,23.565636500363237,24.63407597064835
17.273,79.77952755928293,79.32443724173605,78.86036371451246,78.38718807626897,77.90479265009567,77.41306115092158,76.91187885961395,76.40113280384834,75.88071194582763,75.35050737689912,74.81041251913811,74.26032333391798,73.70013853751362,73.12975982374357,72.54909209366751,71.95804369231816,71.35652665246293,70.74445694535419,70.12175473842426,69.4883446598703,68.84415607005708,68.18912333965528,67.52318613442502,66.84628970653337,66.15838519230121,65.4594299162528,64.74938770133866,64.02822918520425,63.29593214236636,62.552481812166825,61.79787123237157,61.0321015783002,60.255182507371885,59.46713250898771,58.667979259678035,57.857759983488755,57.0365218176082,56.20432218329848,55.36122916224129,54.50732187848922,53.64269088629503,52.767438564191046,51.88167951581107,50.98554097808447,50.07916323759197,49.16270005606318,48.23631910620709,47.300202419323774,46.35454684643064,45.39956453497292,44.43548342357374,43.46254775772491,42.48101862983205,41.49117454762274,40.49331203561212,39.487746275114056,38.47481178920741,37.454863180134105,36.428275927853996,35.39544725992543,34.356797104581425,33.31276914085714,32.263831961955624,31.210480370798642,30.153236829956448,29.09265309201764,28.029312041050268,26.96382978129951,25.89685801584366,24.829086765848178,23.76124749062259,22.6941166802755,21.628520006878603,20.565337137293017,19.505507331967014,18.450035980066108,17.400002253496325,16.356568102323234,15.320988863787067,14.294625819120746,13.278961109870435,12.275615522347676,11.286369769912822,10.313190053418019,9.358258865907915,8.42401223302567,7.513184845638034,6.628864834751008,5.77456022290837,4.954279263132575,4.172626716217325,3.4349170991410474,2.7473028939738797,2.1169080063769847,1.5519383867836458,1.0616986315237409,0.6563421624254331,0.3459434978204695,0.13792518427414713,0.030740435803163477,0.0012289576393431545,3.5813365194882027e-16,0.0,0.0,0.0,0.0,0.0,0.0,8.125955228243384e-10,0.0023014181767262946,0.03939102505407963,0.15887706605531965,0.38027695500157266,0.703416649588442,1.120286164923305,1.6207058042885274,2.194599999848475,2.832799881115285,3.5272428522413266,4.270937235245638,5.057845998958141,5.882752949492895,6.741136135545384,7.629056767400103,8.543065084661126,9.480121929498052,10.437533921132951,11.412900031173306,12.404067559119024,13.409095796446463,14.426225958898224,15.453856226846568,16.490520953705097,17.534873283314216,18.58567056372862,19.64176206250906,20.702078582794808,21.765623654730827,22.831466037078492,23.89873331215263
17.554,79.90761734619916,79.45507317670676,78.99358057937825,78.52302038310626,78.04327459791948,77.55422658068427,77.05576120748854,76.54776505278161,76.03012657535456,75.5027363112169,74.9654870734294,74.41827415893422,73.86099556241741,73.29355219721965,72.71584812331606,72.12779078234807,71.52929123970152,70.92026443360106,70.30062943117758,69.67030969145665,69.0292333352021,68.3773334215354,67.71454823124017,67.04082155665306,66.35610299803004,65.6603482662637,64.95351949183437,64.2355855398555,63.506522331083495,62.76631316875856,62.0149490711434,61.252429109638705,60.47876075236375,59.69396021310639,58.89805280557043,58.09107330287815,57.27306630232215,56.44408659540675,55.604199543276266,54.75348145769245,53.89201998780827,53.01991451307627,52.137276542745184,51.244230122526844,50.340912249175354,49.42747329388842,48.50407743565899,47.570903105935436,46.628143446231434,45.676006780641664,44.71471710559012,43.74451459956193,42.765656156059165,41.77841594358801,40.78308599713674,39.77997684636109,38.76941818656767,37.75175959960333,36.72737133293747,35.69664514659787,34.6599952392293,33.61785926641994,32.57069946664336,31.519003912765637,30.46328791012038,29.404095565792826,28.342001558054726,27.277613140040575,26.2115724178961,25.14455895102306,24.07729273094099,23.010537606056243,21.94510523271233,20.88185964884056,19.821722586048878,18.76567965996933,17.714787608244524,16.670182782124638,15.633091143043485,14.604840072051148,13.586872370430916,12.580762917735028,11.588238563068524,10.611201961594771,9.651760236065952,8.712259547061239,7.795326896639167,6.903920760631742,6.041392416444246,5.211560031268685,4.418797523868168,3.6681395138350275,2.965401440606131,2.3173081975774226,1.7316109298562932,1.2171397398926591,0.7836658831735911,0.4412735647848304,0.19853740014422921,0.05792543576318452,0.0057122903342975,2.2965412086729413e-06,0.0,0.0,0.0,0.0,0.0,0.0,0.0,2.582533981272298e-05,0.009397928741334438,0.07341641587901618,0.22964253794397005,0.48833529900067907,0.8455826189453085,1.292368984712141,1.8185818706013022,2.414573386842817,3.0716798906642526,3.782316484605338,4.539908617830976,5.338771132086271,6.173980104567204,7.0412548660280665,7.936855586168044,8.857496834015405,9.80027562029119,10.762611871809698,11.742199293700441,12.736964792846205,13.745034910697449,14.764707980674551,15.794430960785903,16.832780090138638,17.87844468057943,18.93021348636213,19.98696320064265,21.04764871252246,22.111294826424775,23.176989200185112
17.835,80.0332611272149,79.58321848609188,79.124261771319,78.65627155589159,78.1791295516075,77.69271877308772,77.19692370845843,76.69163049678903,76.17672711234883,75.65210355576185,75.11765205210727,74.57326725602489,74.01884646384791,73.45428983280095,72.87950060726827,72.29438535213421,71.69885419318975,71.09282106457344,70.476203963216,69.8489252102347,69.21091171921626,68.56209527131566,67.90241279707955,67.23180666490342,66.55022497600508,65.85762186580908,65.15395781160619,64.43919994636727,63.71332237857257,62.976306517923284,62.22814140680496,61.46882405737516,60.69835979416083,59.91676260206318,59.1240554796918,58.32027079797477,57.50545066402688,56.67964729030022,55.84292336909801,54.995352452589444,54.13701933854868,53.26802046212259,52.38846429404618,51.498471745846054,50.59817658271849,49.68772584494115,48.767280278872605,47.837014778824,46.897118841350085,45.94779703381223,44.989269479418645,44.0217723613503,43.04555844905209,42.06089765030405,41.068077593316474,40.06740424380502,39.05920256284417,38.043817212254375,37.021613315407095,35.992977282631216,34.95831771192859,33.91806637748523,32.87267932054553,31.82263805967174,30.768450940292958,29.71065464686725,28.64981590502661,27.586533405899,26.521439990554736,25.455205139432007,24.38853781989472,23.32218975509955,22.256959189507416,21.193695241147797,20.13330294880146,19.07674914439444,18.025069308112425,16.979375597343598,15.940866282156263,14.910836871664888,13.890693279875062,12.881967459583482,11.886336032428463,10.905642566638834,9.941924306129717,8.997444339561094,8.074730417567721,7.176621875565625,6.306326377145781,5.467488401781064,4.664271424419298,3.9014552672561695,3.1845484686367365,2.5199112157700383,1.9148740915643125,1.3778140206007294,0.9180938317967778,0.5456445696560605,0.26967432090057036,0.09532721865690472,0.015968846185525867,0.00019654432122437815,0.0,0.0,0.0,0.0,0.0,0.0,0.0,2.475687400470831e-35,0.0007742842637149132,0.025226096742879282,0.12195429375000638,0.316516624620249,0.6122845148870703,1.0028736340581839,1.4787562427632421,2.0300504364992813,2.647572338390651,3.3231546595039694,4.0496680475829,4.820931598541138,5.63159125266853,6.476998243680335,7.353099555009851,8.256343649908834,9.183601158112252,10.132098882198704,11.099365155026321,12.083184657279054,13.08156103002876,14.092685876152498,15.114912988729786,16.14673685734738,17.18677468140843,18.233751265577823,19.286486290816367,20.343883549759042,21.404921811763426,22.468647044459818
18.115,80.15653490649869,79.70895046703859,79.25248588883892,78.78702150231055,78.3124387352664,77.8286202752819,77.33545023870492,76.83281434640116,76.32060010631675,75.79869700291978,75.26699669359499,74.72539321203224,74.17378317865186,73.61206601809401,73.0401441837936,72.45792338964007,71.86531284871414,71.262225519089,70.64857835665089,70.02429257490519,69.38929391170076,68.74351290280399,68.08688516224092,67.41935166931295,66.74085906217614,66.05135993787815,65.35081315872138,64.6391841648319,63.9164452927949,63.182576100224686,62.43756369613903,61.681403077004106,60.914097468333395,60.13565867173687,59.346107417327154,58.54547372143038,57.733797249560936,56.911127684682526,56.077525100807414,55.23306034206081,54.3778154074016,53.51188384127885,52.63537113060776,51.74839510856255,50.851086365831065,49.94358867012851,49.02605939496667,48.09866995888491,47.16160627660702,46.21506922387583,45.259275118058,44.29445621699158,43.32086123900539,42.33875590754636,41.34842352444854,40.3501655765664,39.344302381284315,38.331173777338435,37.31113986844951,36.28458182850907,35.25190277850182,34.21352874703437,33.16990972831528,32.12152085374455,31.068863695998395,30.012467727712483,28.952891960681836,27.890726796020203,26.826596121125977,25.761159695762803,24.695115877320912,23.629204744676898,22.564211691379377,21.500971572623364,20.440373507201816,19.38336645609981,18.33096572450566,17.284260564955304,16.244423097538316,15.212718810429374,14.1905189627548,13.179315284793242,12.180737461156975,11.196573994884437,10.228797188634603,9.279593147428251,8.351397907852535,7.446941028223566,6.569298217146106,5.721954790115568,4.90888181973044,4.134626547125082,3.4044174280401953,2.7242809528658265,2.101159582009365,1.5430021177887614,1.0587566565668487,0.6581018413199408,0.3505344692554867,0.14293867435181273,0.033788383538139885,0.0017163500551687476,4.357375902349903e-11,0.0,0.0,0.0,0.0,0.0,0.0,0.0,1.2651165476800154e-06,0.004920649422636446,0.05309854692620267,0.1865126074215986,0.4200946087470551,0.7523685706520729,1.1754062218234744,1.6795154794388687,2.255153760052292,2.8936184378303103,3.587223931183826,4.329273250437495,5.113956137322191,5.936229663589324,6.7917038434997075,7.67654025089369,8.587365372918494,9.521197887628729,10.475388164019787,11.447568115571606,12.435609664867258,13.437590303723068,14.451764475460976,15.476539728880425,16.51045678568393,17.5521728233521,18.600447406642893,19.65413060721935,20.712152936668087,21.77351678720475
18.396,80.27751151520955,79.83234319299403,79.37832825585284,78.91534680439068,78.44327999612088,77.96201020619215,77.47142119474024,76.97139828097012,76.46182852403201,75.94260091078101,75.41360655047372,74.87473887646044,74.32589385491526,73.76697020063477,73.19786959992689,72.61849694060115,72.02876054904822,71.4285724344025,70.81784853975138,70.19650900035226,69.56447840879866,68.92168608707443,68.26806636540981,67.60355886785148,66.92810880444486,66.24166726991382,65.54419154872153,64.83564542638194,64.1159995068917,63.38523153614754,62.64332673121561,61.89027811532183,61.1260868584415,60.35076262337644,59.56432391722656,58.76679844818682,57.95822348762798,57.1386462374611,56.30812420282712,55.46672557021834,54.614529591197545,53.75162697196952,52.878120269154174,51.99412429222189,51.09976651318979,50.195187484327995,49.280541264807276,48.35599585742886,47.42173365681724,46.47795191073495,45.52486319650348,44.56269591487907,43.5916948041642,42.61212147782786,41.62425498946902,40.62839242962484,39.62484955966961,38.61396148893675,37.59608340220707,36.57159134588547,35.540883082565244,34.50437902527097,33.46252326455106,32.415784703775664,31.36465832057883,30.309666575417705,29.25136099181837,28.190323937136796,27.12717063774378,26.06255146859394,24.997154564412863,23.931708808469,22.86698726544713,21.803811137725578,20.7430543399007,19.685648805375468,18.63259066206851,17.584947442846595,16.54386653148473,15.510585088453352,14.48644175470138,13.472890498397453,12.471517052394882,11.484058492609744,10.512426633526879,9.558736070510168,8.625337881958172,7.714860215967392,6.8302572144014055,5.974867938114063,5.15248706818451,4.367448983816873,3.624725951762457,2.930038721901647,2.289971879801965,1.7120725849655274,1.2048801720351983,0.7777633120470735,0.44027957019643027,0.20040438678884356,0.060202449263043446,0.006559896951938339,6.617782025814627e-06,0.0,0.0,0.0,0.0,0.0,0.0,0.0,0.0,0.00023932061969143774,0.016488802589296355,0.09564363886858229,0.2681630992934229,0.5407709788921615,0.9087310252282981,1.3632363435749149,1.8946708523213236,2.4938997575222595,3.152705025199227,3.86386415108816,4.621088878233736,5.418917245142878,6.25259834051912,7.117985336081468,8.011441913708756,8.929762728877526,9.870106774391871,10.829941936494132,11.806998985622561,12.799233401810334,13.804793657253256,14.821994803648877,15.84929641486846,16.885284108956743,17.928654017523325,18.978199688408385,20.032801003055692,21.09141476718953
18.676,80.3962607713507,79.95346767595052,79.50186108632332,79.04132088553652,78.57172797395641,78.09296442835988,77.60491366765397,77.10746062530835,76.60049192857315,76.08389608456649,75.55756367329455,75.02138754766344,74.47526304052947,73.91908817881902,73.35276390474728,72.7761943041462,72.18928684189875,71.59195260447149,70.98410654951576,70.36566776250002,69.7365597203255,69.09671056185663,68.44605336529091,67.78452643228383,67.11207357872499,66.4286444320607,65.73419473503976,65.02868665576129,64.31208910389334,63.58437805292506,62.845536868321105,62.09555664144483,61.33443652912482,60.56218409875095,59.778815678798814,58.98435671470605,58.17884213005128,57.362316693019785,56.53483538818583,55.696463793698435,54.84727846401326,53.98736731840377,53.11683003556445,52.23577845473682,51.34433698390982,50.44264301579925,49.53084735247628,48.60911463972501,47.677623812427825,46.73656855255604,45.78615776163992,44.82661604995572,43.85818424507051,42.881119922858865,41.8956979646467,40.90221114476572,39.90097075352398,38.89230726143197,37.8765710314986,36.854133087524204,35.82538594763396,34.79074453380651,33.750647169935505,32.70555668303503,31.655961624642703,30.602377632345274,29.545348954746064,28.485450167207883,27.423288110482346,26.35950409003186,25.294776380658824,24.229823089244288,23.165405438249635,22.102331544562716,21.041460782736813,19.983708839297833,18.9300535863348,17.881541929007053,16.8392978140927,15.804531626772942,14.778551252375296,13.762775141081535,12.758747789450492,11.768158146290714,10.792861565601003,9.83490606961074,8.896563853006867,7.980369154646475,7.089163836923516,6.226152219229979,5.394966846097389,4.59974678678106,3.84522944296949,3.1368549977901976,2.4808780842011533,1.8844707222115977,1.3557767945192791,0.9038247488630375,0.5380837279303824,0.26717273220775734,0.09563338518631802,0.016682769795440824,0.00025894828223496977,0.0,0.0,0.0,0.0,0.0,0.0,0.0,0.0,1.6797597061030543e-08,0.00261960399490632,0.03945875484890813,0.15480105122934076,0.3676283313293139,0.6787798564334843,1.0814321607094137,1.5663676690496535,2.1242079854672817,2.746265300445955,3.4247995898106796,4.153030201817132,4.925053990802683,5.735735727551169,6.580598286801827,7.455723134035705,8.357664162908165,9.283374767188883,10.230146815921447,11.195559858901534,12.177438922035615,13.173819427892958,14.182917991178067,15.203108046836478,16.232899452880762,17.2709213663827,18.315907820558948,19.36668553668117,20.42216359039888
18.957,80.51284963076908,80.0723920197154,79.62315363980689,79.16501416835466,78.69785426121847,78.2215557103241,77.73600160777012,77.24107651663269,76.7366666485424,76.22266004812074,75.6989467843387,75.16541914886794,74.62197186146369,74.06850228242031,73.50491063213394,72.9311002177788,72.34697766710634,71.75245316935695,71.14744072325585,70.5318583920742,69.90562856568998,69.26867822959827,68.62093924079859,67.96234861046948,67.29284879333794,66.61238798363627,65.92092041753016,65.21840668189522,64.50481402930977,63.780116699135355,63.04429624454422,62.29734186536447,61.539250746612474,60.7700284025968,59.989689026485436,59.19825584525456,58.395761479957564,57.58224831129105,56.75776885047077,55.92238611548673,55.076174012864,54.2192177251316,53.351614104290114,52.473472071670024,51.584913024695,50.68607125120735,49.77709435217546,48.85814367379447,47.929394750214286,46.99103775838267,46.04327798678408,45.08633632020222,44.1204497430115,43.14587186396967,42.16287346599002,41.17174308497777,40.172787622502135,39.16633299787808,38.15272484615121,37.132329269553175,36.10553365123708,35.072747541547656,34.03440362877243,32.99095880828683,31.942895366326763,30.890722297334207,29.834976777033866,28.77622581718848,27.715068132481157,26.65213625533458,25.588098940870317,24.52366391189451,23.45958100301234,22.396645774127727,21.335703677068896,20.277654875497717,19.223459838266603,18.174145850882493,17.130814619802013,16.094651181285457,15.066934372176934,14.049049176356759,13.042501330255316,12.04893465673122,11.070151702163818,10.10813838020103,9.165093479934889,8.24346407652216,7.3459880823361825,6.475745376361516,5.636219097967608,4.831368673181989,4.065715706086536,3.344442476011791,2.6734992750097533,2.0597086870697914,1.5108366077068467,1.0355588663255637,0.6431602866685946,0.34259523895046895,0.1400799660478498,0.033516413140375644,0.0018137892162327425,3.6385870624303485e-10,0.0,0.0,0.0,0.0,0.0,0.0,0.0,0.0,7.057342526992126e-05,0.011165242594024133,0.07709071227292406,0.23192268434080587,0.4853578072477947,0.8342279045521042,1.2704633441167912,1.784758863176831,2.3680784155343924,3.0121993147294255,3.709846059555745,4.454657097160526,5.2410911293181695,6.064318976435937,6.920119969699076,7.804789763369883,8.71506115312434,9.64803727242379,10.601135734016118,11.57204210726402,12.558671210139089,13.55913487872798,14.571715080844822,15.594841431590472,16.627072335845003,17.667079123526094,18.713632659763395,19.7655920071455
19.237,80.62734232976011,80.18918156467109,79.74227236837201,79.2864942237347,78.82172755426336,78.34785388003769,77.86475598023159,77.3723180623068,76.87042593796917,76.35896720597167,75.83783144183276,75.30691039453762,74.76609819027179,74.2152915432299,73.65438997353073,73.08329603225715,72.50191553362741,71.91015779429468,71.30793587975329,70.69516685782195,70.0717720591617,69.43767734477,68.79281338038055,68.13711591769173,67.47052608232435,66.79299066841115,66.10446243970078,65.40490043705448,64.69427029220988,63.972544547676335,63.2397029826285,62.495732944661185,61.74062968728046,60.9743967130024,60.19704612195586,59.408598965894136,58.609085607550234,57.79854608529882,56.97703048312703,56.14459930596538,55.30132386048784,54.44728664156,53.58258172459781,52.707315164198974,51.82160539952242,50.92558366702911,50.019394421354825,49.10319576526644,48.17715988986696,47.24147352645812,46.29633841175338,45.341971768456155,44.37860680359647,43.40649322744875,42.42589779635084,41.43710488331864,40.440417081010494,39.436155842358176,38.42466216506505,37.40629732719354,36.38144368224812,35.35050552353854,34.31391002921495,33.2721083012384,32.225576513749694,31.17481718887304,30.120360621030564,29.062766474426283,28.00262558260867,26.94056198406669,25.877235233843933,24.813343038353896,23.749624269242712,22.6868624225682,21.62588960217927,20.567591121482952,19.512910836412587,18.46285734517226,17.418511218208497,16.38103345610793,15.351675415281631,14.331790493277069,13.322847929671648,12.326449157481084,11.344347236964433,10.37847002183086,9.430947849848712,8.50414671646903,7.6007080770398865,6.723596614903291,5.876157469070866,5.062184444776707,4.28600043377514,3.5525502230522976,2.8675031627101943,2.237356843873067,1.6695187440090777,1.1723112530424655,0.7547751603657777,0.42598888829182746,0.193270189204918,0.057914154814302135,0.006343624470305611,7.3057898952481e-06,0.0,0.0,0.0,0.0,0.0,0.0,0.0,0.0,1.9599159084842098e-11,0.001459946027845527,0.030404099739406085,0.13179970090992393,0.3278930262197123,0.6215902691548899,1.0071208094529638,1.4757590280290085,2.0183299731246165,2.626203636480099,3.291625666251899,4.0077669684998005,4.768661614756316,5.569107508731095,6.404561786366654,7.271043812864263,8.165050077925061,9.08348155137308,10.02358254039243,10.982889581268845,11.959188838643227,12.950480609283613,13.954949712591928,14.970940741539259,15.996937322826426,17.03154468631309,18.073474970513832,19.121534795419926
19.518,80.73980051974269,80.30389902449419,79.8592810553672,79.40582591166667,78.9434137962237,78.47192596978819,77.99124491197536,77.50125448887404,77.00184012739678,76.49288899647115,75.97429019513169,75.44593494759314,74.90771680534729,74.35953185633858,73.80127894124651,73.23285987690046,72.65417968683602,72.06514683899036,71.46567349052346,70.85567573973628,70.2350738850473,69.60379269097177,68.96176166104068,68.30891531757834,67.64519348825053,66.97054159928192,66.28491097523124,65.58825914520551,64.88055015538356,64.161754887722,63.431851384702696,62.69082517999303,61.93866963487975,61.17538628035888,60.40098516476197,59.61548520682543,58.81891455412519,58.011310946831514,57.19272208677552,56.36320601186122,55.522831475915346,54.67167833413165,53.809837934348515,52.93741351448866,52.054520606604015,51.1612874480965,50.25785540083749,49.34437937908058,48.42102828727147,47.48798546908551,46.545449169301634,45.593633010427006,44.63276648635022,43.663095475712474,42.6848827781633,41.698408677216584,40.70397153405414,39.7018884173553,38.69249577507422,37.676150155061514,36.65322898256033,35.62413140391828,34.5892792073871,33.54911783366734,32.50411749093719,31.45477439155689,30.40161213051295,29.34518322906451,28.286070871064478,27.22489086420093,26.162293864073256,25.098967905804415,24.03564129601504,22.97308592777054,21.912121092913978,20.853617880496795,19.79850426739879,18.747771028410668,17.70247861896255,16.663765215440808,15.63285613707222,14.611074921389022,13.5998563844468,12.600762069741497,11.61549857902953,10.645939386997538,9.694150872625732,8.762423454273687,7.85330889015346,6.969664988943522,6.114709135183415,5.292082097781687,4.5059233984911335,3.760958732040096,3.0625978334782764,2.4170362518791815,1.8313434075551087,1.3134948098346007,0.8722521015217416,0.5166738389339561,0.2547714686559598,0.09025834840839006,0.015467465463748374,0.000229841113094135,0.0,0.0,0.0,0.0,0.0,0.0,0.0,0.0,0.0,2.1332522171738152e-05,0.007957648144127787,0.06421154565981994,0.2052518024509072,0.4432377446255002,0.7764030693971784,1.1973844683433879,1.6972067613822128,2.2669680057479846,2.898478755305996,3.5844458266128245,4.318465491359715,5.094943853370517,5.90899617963732,6.756347176970954,7.633240724833357,8.536361534044989,9.46276859370148,10.409839248611586,11.375222453388846,12.356799769752584,13.352652818876118,14.361036082045239,15.38035412123913,16.409142450970908,17.44605142934605,18.489832650282885
19.799,80.85028339443075,80.4166046152637,79.97424094647279,79.52307151424166,79.06297631196269,78.59383635310022,78.11553383058673,77.6279522828593,77.13097676663132,76.62449403648407,76.10839273135272,75.58256356798704,75.04689954142742,74.50129613256377,73.94565152279641,73.37986681584037,72.80384626667541,72.21749751764936,71.62073184172286,71.01346439282628,70.39561446330434,69.76710574838211,69.12786661760587,68.47783039317179,67.81693563506278,67.14512643289281,66.46235270434988,65.76857050011904,65.0637423151664,64.34783740624346,63.620832115483616,62.88271019995605,62.133463167038435,61.37309061548471,60.60160058206989,59.81900989370808,59.02534452496172,58.220639960887475,57.4049415651973,56.57830495375569,55.74079637348923,54.89249308684381,54.03348376200368,53.16386886917378,52.28376108333557,51.39328569400625,50.49258102267983,49.58179884879279,48.661104845254854,47.73067902480686,46.79071619873036,45.84142644973218,44.88303562116733,43.915785825170666,42.93993597271097,41.95576232912159,40.96355909925263,39.96363904710469,38.95633415559702,37.941996333065504,36.92099817416249,35.893733784085434,34.86061967651968,33.822095757376715,32.7786264084024,31.73070168704356,30.678838661701946,29.623582904714844,28.565510169207194,27.505228280461274,26.443379277810266,25.38064184944611,24.31773411018826,23.255416781440204,22.194496843631605,21.135831744831307,20.08033426544818,19.028978158705044,17.98280471068191,16.94293039325249,15.910555819443836,14.886976255243065,13.873593996575034,12.871932987385772,11.883656137121564,10.910585896214023,9.954728769066596,9.018304586906519,8.103781525956363,7.21391803053732,6.351812960866396,5.520965373025531,4.725345226327278,3.969475730292437,3.2585264191252747,2.5984121688085455,1.9958846659219438,1.4585836683710036,0.9949732779052726,0.6139953121016588,0.32406538832132925,0.13059280481225738,0.0304063260353043,0.0015270410736209386,9.193974148277981e-11,0.0,0.0,0.0,0.0,0.0,0.0,0.0,0.0,9.750225938583452e-17,0.0008812817589613243,0.02449896594759968,0.11548803678469394,0.29851559995329735,0.5782123566930447,0.949750672657313,1.4048819017424077,1.934655533847882,2.530531783237013,3.184775778316528,3.890541319457788,4.641827338984015,5.433388705490346,6.2606371475529,7.119547207045758,8.006572647439018,8.918574508104852,9.852760203098079,10.80663240257741,11.77794628863608,12.764673851324963,13.764974046638532,14.77716781248937,15.79971710361059,16.83120725154594,17.87033207910964
20.079,80.95884780993406,80.52735617740147,80.08721087348239,79.63829086127653,79.18047593554515,78.71364687406016,78.23768559547152,77.7524753237939,77.25790075961619,76.75384825811132,76.24020601393859,75.71686425310105,75.18371543182458,74.64065444250785,74.08757882678101,73.52438899570805,72.95098845714507,72.3672840502598,71.77318618720862,71.16860910194285,70.55347110612185,69.92769485207661,69.29120760277074,68.64394150868375,67.98583389153805,67.3168275347657,66.63687098061861,65.94591883379877,65.24393207149176,64.53087835966758,63.806732375518514,63.07147613589849,62.32509933162521,61.56759966752104,60.79898320806627,60.019264728560394,59.22846807170015,58.426626509513135,57.6137831106141,56.78999111279103,55.955314300982565,55.109827390762256,54.253616417521265,53.38677913162487,52.50942539991992,51.62167761408737,50.72367110647544,49.81555457420515,48.89749051253218,47.969655658658425,47.03224144744237,46.08545448073825,45.129517012431236,44.16466745160957,43.19116088675952,42.20926963436933,41.21928381591053,40.221511967837195,39.21628169001109,38.20394033885888,37.18485577260068,36.15941715708205,35.128035842139596,34.09114632004619,33.049207279474174,32.00270277062815,30.95214349978896,29.898068274570733,28.841045624788542,27.781675628102537,26.72059197466179,25.658464311008267,24.596000910700127,23.533951727761437,22.473111899458402,21.414325777454284,20.358491581593057,19.30656678902636,18.259574393897907,17.218610200287806,16.184851344780004,15.159566286305868,14.144126551608707,13.140020586871644,12.148870142203041,11.172449708406717,10.212709637306821,9.271803709447344,8.352122065320197,7.4563305814511205,6.587417930839254,5.748751671456502,4.944144653994878,4.177932612962988,3.4550625468193146,2.7811884435051297,2.1627640304212785,1.6071071287071592,1.1223772182653062,0.717335444575255,0.40059658857601677,0.17873535839374746,0.051932325999826126,0.005266742334993518,3.7481096082131625e-06,0.0,0.0,0.0,0.0,0.0,0.0,0.0,0.0,0.0,7.379108611410236e-06,0.0060606636624497695,0.055522853917298,0.18622476652154624,0.41220595973855584,0.7328714356106398,1.1414944438461199,1.6294267456829552,2.187922729222673,2.80885615961307,3.4849465515778015,4.209775952743068,4.977722513244228,5.7838672397327375,6.623898441162085,7.494023769595596,8.390893111484115,9.311532642874841,10.253289153720898,11.213783342345888,12.190870738617582,13.182609022454303,14.18723066344402,15.203119972267576,16.22879380618403,17.26288530249861
20.36,81.06554839818702,80.6362092908448,80.19824737122218,79.7515414489869,79.29597113066403,78.83141696949427,78.35776062179245,77.87488500990585,77.38267449187516,76.88101503788727,76.36979441360381,75.84890237044117,75.31823084285998,74.7776741527252,74.22712922077754,73.66649578524463,73.09567662761903,72.51457780560774,71.92310889324483,71.32118322816076,70.70871816596836,70.08563534172768,69.45186093843269,68.80732596245245,68.15196652584403,67.48572413544822,66.80854598865909,66.12038527576189,65.42120148870929,64.71096073621494,63.98963606502649,63.257207787241676,62.51366381353481,61.75899999216229,60.993220453616956,60.21633796082616,59.428374264795835,58.62936046562691,57.81933737886587,56.99835590718423,56.16647741743041,55.32377412315525,54.47032947277707,53.606238543641204,52.73160844231764,51.846558711597346,50.95122174478178,50.04574320801092,49.130282471556505,48.205013051213804,47.27012306116314,46.3258156799516,45.37230963155757,44.40983968387288,43.43865716735257,42.45903051706997,41.47124584197079,40.475607525764225,39.4724388646255,38.46208274774561,37.44490238774706,36.42128210913518,35.39162820427917,34.3563698679689,33.31596022338964,32.27087745447136,31.2216260620303,30.168738264026562,29.112775563677694,28.054330513208992,26.994028705810596,25.932531034074792,24.870536259979247,23.808783949630755,22.748057835761184,21.689189682751646,20.63306374321659,19.580621912456298,18.53286970811864,17.490883228048016,16.45581727065408,15.428914840526234,14.411518309085904,13.40508255775082,12.411190501634284,11.431571477696622,10.468123084915588,9.522937187187816,8.598330932003465,7.696883794277075,6.821481809334823,5.975370274147189,5.162216188273354,4.386181399497623,3.6520064459479995,2.965102678713215,2.3316447895101287,1.758643900679819,1.253955379642842,0.8261188803586053,0.48380380243147364,0.23436221828362774,0.08043781662945701,0.01282410090095792,0.00014118301030680908,0.0,0.0,0.0,0.0,0.0,0.0,0.0,0.0,0.0,6.696737296571295e-30,0.0005963132587946227,0.020788849323960263,0.10439465525769866,0.2776808602203018,0.5466022533848947,0.9071214396212708,1.351425612934927,1.8707940202633802,2.456799919435406,3.1017556741640235,3.7988253814661177,4.54199784573565,5.326006922987409,6.146237990579776,6.998637124010762,7.879629359864963,8.786047789862677,9.715073211497286,10.664183269226708,11.631109796559297,12.61380309721336,13.610402031522309,14.619208931348021,15.638668521049897,16.66735016065988
20.64,81.1704376740956,80.743217383843,80.30740478800821,79.86287855210271,79.40951810441736,78.94720378441134,78.47581699757758,77.99524037689326,77.50535795095296,77.00605531887771,76.49721983209544,75.97874078305098,75.45050960092719,74.91242005443237,74.3643684616911,73.80625390728375,73.23797846645475,72.65944743649787,72.07056957532473,71.47125734719441,70.86142717558515,70.24099970316446,69.6099000588069,68.96805813159354,68.31540885171692,67.65189247819919,66.9774548933267,66.29204790368694,65.59562954768978,64.88816440944433,64.16962393886239,63.439986777847636,62.69923909243875,61.94737491076977,61.18439646672337,60.41031454915796,59.625148856611744,58.8289283574002,58.021691655061105,57.203487359128644,56.37437446126688,55.53442271684761,54.68371303211791,53.82233785718711,52.95040158515027,52.06802095777545,51.17532547830952,50.27245783210389,49.359574315934715,48.43684527708934,47.50445556352438,46.56260498665804,45.611508798674706,44.6513981865621,43.6825207855136,42.705141214784106,41.719541639633505,40.726022363600975,39.724902456065294,38.71652042086821,37.70123491272423,36.679425509234584,35.65149354759819,34.61786303658784,33.578981656079854,32.53532185843404,31.487382088377053,30.43568814079119,29.380794679068188,28.3232869405182,27.26378265985856,26.202934247208947,25.141431263436264,24.080003243378133,23.01942292668811,21.960509967128708,20.904135204525108,19.851225599793633,18.80276995314186,17.75982554950287,16.723525904516254,15.695089820138666,14.67583200275236,13.667175550231562,12.670666679919709,11.687992149167345,10.720999916309536,9.77172370451385,8.842412263988669,7.9355642758004015,7.053969990575999,6.200760817135707,5.379468102036077,4.594092127974822,3.8491816091404125,3.149922056578695,2.5022270340135733,1.9128167857957499,1.3892480900847242,0.9398145214553129,0.5731389175288244,0.2970675158581034,0.11603040608738766,0.02529268798447069,0.0010250913484782115,1.7131606710089085e-13,0.0,0.0,0.0,0.0,0.0,0.0,0.0,0.0,0.0,3.341607186443585e-06,0.004993701384033068,0.05000046012425211,0.1734182817749439,0.3905630053683272,0.7017398606021535,1.1007605928439115,1.5792829591547843,2.1287287319990735,2.7410576925332792,3.4090277108183535,4.126231361965369,4.8870412618191565,5.686523865088336,6.520348155287039,7.38470024643936,8.276207810771925,9.19187504066766,10.129027490198153,11.085265645288441,12.058425973290484,13.046548276547885,14.047848312377331,15.060694793387047,16.083590025098456
20.921,81.27356613676452,80.84843183575487,80.41473539001004,79.9723553298066,79.52117091482756,79.06106228110198,78.59191059439878,78.1135982101842,77.62600884025048,77.12902772609893,76.62254181918394,76.10643996807518,75.58061311262718,75.04495448520258,74.49935981900343,73.94372756354821,73.37795910732481,72.80195900762219,72.21563522756028,71.61889938029714,71.01166698038509,70.39385770225823,69.765395645783,69.12620960882072,68.47623336672383,67.81540595868253,67.14367198081811,66.46098188592106,65.76729228971163,65.06256628349885,64.34677375310821,63.61989170393735,62.88190459200962,62.1328046608866,61.37259228430935,60.60127631445334,59.818874435684,59.02541352373597,58.22093001024954,57.40547025264107,56.5790909093265,55.74185932035972,54.89385389362017,54.03516449675192,53.16589285514443,52.28615295635439,51.39607146148363,50.49578812417273,49.585456218035986,48.66524297355276,47.73533002565114,46.79591387347416,45.84720635411681,44.88943513245088,43.922844209554405,42.94769445269816,41.964264150366475,40.972849596374836,39.97376570782893,38.967346682461574,37.95394670178568,36.93394068755627,35.90772512024937,34.87571892967867,33.83836446951566,32.79612858939567,31.74950382053324,30.699009693396462,29.64519420908357,28.58863548968283,27.529943637203264,26.46976283577709,25.40877373790989,24.34769618281391,23.287292303551837,22.22837009016182,21.17178748852028,20.11845712991855,19.069351804780712,18.025510816384912,16.988047377791062,15.958157248561832,14.937128848668808,13.926355136864125,12.927347601702605,11.941752787486456,10.971371866881091,10.01818387866126,9.08437337350848,8.172363350302318,7.284854510109046,6.424871980399148,5.595820712825537,4.801550617361187,4.046431921255728,3.3354397323707334,2.674243303327949,2.069287850628485,1.527840312924846,1.0579349814376244,0.6680781401289936,0.3664038935581649,0.15861858178995608,0.043416156189869486,0.00373491523233914,7.427448306309928e-07,0.0,0.0,0.0,0.0,0.0,0.0,0.0,0.0,0.0,0.0,0.0004651173389787797,0.018663653141618615,0.09748102205874964,0.26403337673112637,0.5251748793554065,0.877478972061882,1.313508828614984,1.8247664291621117,2.402952752377465,3.040449675476739,3.7304552253596373,4.466970435149427,5.244728259557901,6.0591053763357134,6.9060346995833095,7.7819257363834575,8.68359499204191,9.608206434755598,10.553221132795455,11.516354888314456,12.495542678966128,13.488908820758668,14.494741906196221,15.511473715406035
21.201,81.37498236515752,80.95190207419185,80.5202894598877,80.0800229258655,79.63098157246695,79.17304534226216,78.70609517199216,78.23001315105695,77.7446826866484,77.24998867563362,76.74581768327512,76.23205812886567,75.70860047835659,75.1753374440382,74.63216419132249,74.0789785526719,73.51568124870529,72.94217611649529,72.35837034506514,71.76417471807748,71.15950386369352,70.54427651157579,69.91841575697883,69.28184933188044,68.6345098830718,67.97633525712976,67.30726879217477,66.62725961630515,65.9362629525955,65.23424043053556,64.52116040377518,63.79699827404514,63.061736821114465,62.315366538646764,61.55788597582862,60.78930208464178,60.009630572671554,59.218896261359674,58.41713344963381,57.604386282877094,56.780709127243846,55.946166949371026,55.100835701599514,54.244802712886795,53.37816708567691,52.50104009909524,51.61354561895016,50.71582051516115,49.80801508738957,48.890293499834975,47.96283422636987,47.02583050742925,46.07949082035998,45.12403936525037,44.15971656864476,43.18677960796855,42.20550295999001,41.21617897720986,40.21911849672761,39.21465148688899,38.20312773788406,37.18491760348343,36.16041280225409,35.13002728795913,34.09419820040892,33.05338690986868,32.008080170264776,30.958791398935766,29.906062103616748,28.850463480810856,27.7925982137872,26.73310250330005,25.672648369874164,24.611946273372844,23.551748103776056,22.492850606944657,21.436099321005333,20.382393113302818,19.332689425192658,18.28801035298421,17.249449718942287,16.218181317462335,15.195468559632946,14.182675785917997,13.181281573432656,12.192894433272466,11.219271376691157,10.262339928454367,9.324224282205948,8.407276424347943,7.514113192033801,6.647660357443656,5.811204899501378,5.008456539888266,4.243619184292182,3.5214717145223853,2.8474547811019404,2.227754094536519,1.6693574892554064,1.1800347211134856,0.7681280160235285,0.4419094538942343,0.20797896292037477,0.06762366713876938,0.00944704310920635,5.5560275698920016e-05,0.0,0.0,0.0,0.0,0.0,0.0,0.0,0.0,0.0,0.0,2.2316781038713085e-06,0.00448493012387787,0.04696705997011394,0.16581391602978282,0.37703005503573533,0.6815322648107136,1.0735555757477933,1.545030215380187,2.087547628860654,2.6931703224253782,3.354715885298688,4.065809095580172,4.820837210395322,5.6148701751768355,6.443573463029304,7.303125375093714,8.19014322909348,9.101619470850835,10.034867263812478,10.987474541676741,11.957265363996301,12.942267458226356,13.940684949872061,14.950875420971846
21.482,81.47473310851264,81.05367566684485,80.62411539003004,80.18593056328595,79.73900013653143,79.28320386848699,78.81842247718119,78.34453779698403,77.86143294227145,77.36899247781882,76.86710259601807,76.35565130100159,75.83452859974456,75.303626700217,74.76284021663109,74.2120663818392,73.65120526690396,73.08016000786888,72.49883703973532,71.90714633764426,71.30500166524368,70.69232083021188,70.06902594690041,69.43504370602989,68.79030565138353,68.1347484634056,67.46831424962129,66.79095084176998,66.10261209953937,65.40325822077949,64.69285605806428,63.9713794414704,63.238809507434134,62.49513503354842,61.7403527791699,60.97446783170576,60.19749395846997,59.40945396400762,58.61038005281547,57.80031419741276,56.97930851175295,56.147425630017864,55.304739090886244,54.45133372743955,53.587306062949416,52.71276471288196,51.82783079357212,50.932638338144734,50.02733472041994,49.112081087707324,48.18705280360725,47.252439902163836,46.30844755499525,45.355296553331996,44.393223807257264,43.42248286485793,42.44334445446844,41.45609705373487,40.46104748986389,39.45852157613763,38.44886479061713,37.43244300392316,36.40964326409798,35.3808746478534,34.34656918900417,33.307182896652456,32.26319687771558,31.21511858079455,30.16348318117588,29.108855130057588,28.051829894986447,26.993035923088506,25.93313686414469,24.872834097062373,23.81286961106458,22.75402930222046,21.69714675712899,20.643107609041675,19.592854568012775,18.54739324641525,17.507798925167588,16.475224435238054,15.450909364620829,14.436190844431987,13.432516220721821,12.441457982943131,11.464731397753996,10.504215389783521,9.561977320152526,8.640302437742879,7.741728911455932,6.869089477802097,6.025560820207549,5.214721755679333,4.440620977998807,3.707854160672915,3.021647972762867,2.3879435886043257,1.81346159879985,1.3057074834737183,0.8728281460549308,0.5231251931531974,0.2638058383669265,0.09809624254211226,0.01916764628730302,0.0005249275169099444,6.943248089803904e-32,0.0,0.0,0.0,0.0,0.0,0.0,0.0,0.0,0.0,0.0,0.0004245548793181357,0.017757998304205776,0.09404769517641239,0.25659403927515984,0.5127297332785271,0.8594486299813308,1.2896189583904525,1.7949497328468245,2.3672779097189003,2.9990724596784126,3.683585519509175,4.414850143135905,5.18761656655581,5.997268949817347,6.8397412158757955,7.7114396523540965,8.609174836909803,9.530103132982779,10.47167702624041,11.431603231239249,12.407807450656945,13.398404748919482,14.401674627417977
21.763,81.57286337182887,81.15379840830626,80.72625977071968,80.2901256338211,79.84527480569842,79.3915868704802,78.92894233742773,78.45722279653634,77.97631108074259,77.4860914348484,76.98644969125574,76.47727345258811,75.95845228129,75.4298778962611,74.8914443765885,74.34304837241869,73.78458932301018,73.21596968198834,72.63709514981365,72.04787491346332,71.44822189331481,70.83805299720412,70.21728938161587,69.58585671995836,68.94368547785706,68.29071119538621,67.62687477614857,66.95212278311107,66.26640774106941,65.56968844563727,64.86193027862205,64.14310552965706,63.413193723952865,62.6721819560316,61.92006522930651,61.156846801381306,60.382538534946974,59.59716125417736,58.80074510653945,57.99332992996427,57.17496562536206,56.345712534504166,55.50564182335235,54.65483587097745,53.793388664287434,52.921406198878195,52.03900688642131,51.14632196913939,50.243495942052576,49.330686983861376,48.40806739752074,47.47582406178802,46.534158895292364,45.5832893349702,44.62344883105995,43.65488736124657,42.6778719670055,41.69268731572247,40.69963629276588,39.69904062839475,38.69124156518291,37.67660057256723,36.65550011620685,35.62834449107303,34.59556072864039,33.557599590219795,32.5149366604284,31.468073557078885,30.417539276441612,29.36389169597741,28.30771926034506,27.2496428808585,26.190318083763575,25.130437448866317,24.070733387404164,23.011981316855124,21.955003300936415,20.900672235766308,19.84991667850421,18.803726433368702,17.76315903247134,16.729347276315785,15.703508032179919,14.686952529253134,13.68109843889273,12.687484088471773,11.707785229912538,10.743834870921631,9.797646779303435,8.871443387891208,7.96768895496591,7.089128959433742,6.238836801171078,5.4202688698506885,4.637328805815594,3.8944410296862477,3.1966318032050403,2.5496120499919774,1.9598475084049,1.4345834129528052,0.9817518133248135,0.6096059144855306,0.3257463490579351,0.13483260111657214,0.033637900539282846,0.002196646983110115,2.4726226025443525e-08,0.0,0.0,0.0,0.0,0.0,0.0,0.0,0.0,0.0,0.0,2.3178308683014982e-06,0.004397157632695683,0.0460073793568928,0.16271815865166178,0.37067632735895734,0.6711239603939737,1.0585976273640862,1.5252591772036241,2.06286581134915,2.663594600712063,3.320340486164798,4.026779277859677,4.777330870068898,5.567085059750716,6.391718314770155,7.247413818141264,8.130789573920909,9.038835861036098,9.9688617644397,10.918449889204641,11.885418180867665,12.86778779348346,13.863756047555874
22.043,81.66941649671274,81.25231440218637,80.82676747351795,80.39265378263558,79.94985200406617,79.49824155627005,79.03770274933703,78.5681169391691,78.0893666882512,77.60133593312534,77.10391015865314,76.5969765791593,76.08042432653855,75.55414464539051,75.0180310952459,74.47197975993234,73.9158894641188,73.34966199706608,72.77320234359725,72.18641892229118,71.58922383088972,70.98153309889447,70.36326694731639,69.73435005553215,69.094711835182,68.44428671103582,67.78301440873923,67.11084024934382,66.4277154505104,65.73359743426661,65.02845014119497,64.31224435091521,63.58495800872781,62.846576558279544,62.09709328011215,61.336509635968405,60.56483561872823,59.782090107870914,58.98830123037416,58.18350672698729,57.36775432385137,56.54110210947749,55.70361891714742,54.85538471286204,53.99649098903482,53.12704116421785,52.247150989248816,51.356948960327976,50.456576739675484,49.54618958458378,48.6259567858645,47.696062116915,46.75670429487413,45.808097455632335,44.850471644792414,43.88407332706073,42.90916591699243,41.92603033451485,40.93496558924665,39.936289398286945,38.930338842936955,37.91747107069562,36.89806404990911,35.87251738564024,34.84125320670995,33.80471713546708,32.763379353712494,31.717735780387514,30.668309379190262,29.615651617285778,28.56034409980114,27.503000408965008,26.44426818168372,25.384831465200513,24.32541339746352,23.26677926716035,22.209740018369157,21.155156276783117,20.103942988940673,19.057074783391194,18.01559218393044,16.980608830779925,15.95331989689312,14.935011924661396,13.927074354627278,12.931013074048842,11.948466381101358,10.981223841886814,10.031248613492629,9.10070391687205,8.191984464785877,7.307753771852962,6.450988370944109,5.6250299789415354,4.833646483941907,4.081102038573388,3.372235079616796,2.712539810867404,2.10823963463856,1.5663260952717812,1.0945053242582947,0.7009267269539299,0.3934248559197366,0.1777040959650937,0.05333733361406396,0.006052692809648047,1.102667325747728e-05,0.0,0.0,0.0,0.0,0.0,0.0,0.0,0.0,0.0,0.0,2.4699763394228894e-51,0.00045287296850003223,0.017882889924420615,0.09366127464181292,0.25469065366174876,0.5083869337623644,0.8519766647824581,1.2785583072283062,1.7800271317291787,2.3483596932843502,2.9761258071658148,3.6566488506970316,4.384011292084169,5.152996947731794,5.959012157741678,6.798004847467776,7.666389455133427,8.560980532474995,9.478935447833567,10.417705594152636,11.374995125992767,12.348726175403051,13.337009556650543
22.324,81.76443423786107,81.34926613879814,80.92568173016241,80.49355898840854,80.05277646247153,79.60321341374748,79.14474996240888,78.67726724018983,78.20064754973988,77.71477453065988,77.21953333231397,76.71481079350913,76.20049562912567,75.67647862376575,75.14265283249364,74.59891378870176,74.04515971916507,73.4812917662958,72.9072142176294,72.32283474253795,71.72806463617015,71.12281907059548,70.50701735311907,69.88058319172538,69.24344496758421,68.59553601455426,67.9367949055987,67.26716574601035,66.58659847335288,65.89504916398666,65.19248034606505,64.47886131886833,63.75416847833175,63.0183856486389,62.27150441973892,61.51352449065139,60.74445401844065,59.96430997274119,59.17311849574474,58.37091526757493,57.557745877017716,56.73366619760024,55.89874276907505,55.05305318441227,54.19668648248077,53.329743546680064,52.45233750988179,51.56459416616009,50.66665238992002,49.758664563195296,48.840797012064655,47.91323045334831,46.97616045299013,46.02979789780939,45.07436948262502,44.110118215131955,43.137303941325165,42.156203894763,41.167113273519924,40.170345849320164,39.16623461409804,38.15513247007619,37.13741297045213,36.11347111892082,35.0837242375955,34.04861291441769,33.00860204295005,31.96418196952635,30.915869765179004,29.864210642631594,28.80977954200203,27.75318291284215,26.695060724827318,25.63608874497552,24.5769811259061,23.518493357541274,22.46142564412339,21.40662677976602,20.354998609435892,19.307501178760347,18.265158696025257,17.22906645394353,16.20039888818533,15.180418985406915,14.170489296955378,13.172084867120295,12.18680844845267,11.216408452971836,10.262800178324056,9.32809095226422,8.414609954551322,7.524943593943758,6.661977418876074,5.828945578956708,5.029488738112288,4.267720880935146,3.5483042710428196,2.8765291404727598,2.2583889218501274,1.7006296589211614,1.210726589750757,0.7966865883607825,0.466459455640697,0.2264971559691916,0.078525366512511,0.013018799167836728,0.00018335993761669746,0.0,0.0,0.0,0.0,0.0,0.0,0.0,0.0,0.0,0.0,0.0,3.6056055319942194e-06,0.004684699240466389,0.04690682577539655,0.16369848569175272,0.37085793179427895,0.6696847190158225,1.054897919541968,1.5188476462927991,2.0534491928022955,2.6510024072090586,3.3044940990496112,4.0076673832346374,4.754990727439523,5.541588491169656,6.363161320122948,7.2159089104295955,8.096460133009483,9.00181197902669,9.929277192556178,10.876439798980787,11.841117528473829,12.821330131764435
22.604,81.85795683543961,81.4446945686796,81.02304420723134,80.59288363915172,80.15409129546333,79.70654628878815,79.25012855831487,78.78471902119392,78.31019973049398,77.82645403981873,77.33336677468316,76.8308244107444,76.31871525897489,75.79692965783784,75.26536017254986,74.72390180147313,74.17245218968127,73.61091184973692,73.03918438970014,72.45717674837427,71.86479943778737,71.261966792891,70.64859722844899,70.02461350307134,69.38994299033516,68.74451795693145,68.08827584774569,67.4211595777884,66.74311783086621,66.05410536488067,65.3540833236314,64.64301955499401,63.920888935334744,63.18767370002841,62.44336377993521,61.68795714370739,60.92146014579372,60.14388788002887,59.35526453870333,58.55562377704544,57.74500908305873,56.9234741527119,56.09108327051289,55.247911695561235,54.39404605323583,53.529584732759176,52.654638290970205,51.76932986275259,50.87379557869307,49.968184990693736,49.05266150644662,48.12740283386861,47.192601436839105,46.24846500384706,45.29521693146984,44.33309682495132,43.36236101857291,42.38328311896637,41.39615457506619,40.40128527902373,39.3990042031114,38.38966007848194,37.37362212259159,36.35128082319767,35.32304878811966,34.289361671419705,33.25067918838875,32.20748623371389,31.160294119546773,30.109641952930634,29.05609817525365,28.00026229018825,26.942766811044926,25.884279463767925,24.825505688094985,23.767191486906352,22.710126682753383,21.655148651313024,20.603146614435108,19.55506659103934,18.511917122948464,17.47477591555277,16.444797560872463,15.42322254417675,14.411387776102982,13.410738941665567,12.422845017251099,11.449415378315214,10.49232000535061,9.553613394158617,8.635562886603646,7.740682252991653,6.871771460022338,6.031963611780818,5.224779978288096,4.4541936700918185,3.72470156248555,3.0414018806484906,2.410070122853102,1.8372160186032656,1.3300832894598746,0.8965098917653741,0.5444729123176645,0.2809447287073569,0.10929073112412514,0.023839446744768022,0.0010039867460372152,2.5595793581420356e-12,0.0,0.0,0.0,0.0,0.0,0.0,0.0,0.0,0.0,0.0,1.2561813069554352e-22,0.0005550601908356983,0.01898191498694069,0.09609913011157643,0.2579011688392495,0.511532732871732,0.8542791644123493,1.2793965723189276,1.7789438549284493,2.3450378296611984,2.9703599446929974,3.6483193363582593,4.373063091193817,5.139423109303654,5.942841147861656,6.779290941850548,7.645205484651267,8.537412414687005,9.453078066389276,10.389659693696574,11.344864972571598,12.316617794936397
22.885,81.95002308359956,81.53863917219341,81.11889507683252,80.69066860398976,80.25383807416941,79.80828245922179,79.3538815259677,78.89051598623021,78.41806765340795,77.9364196056878,77.44545635600488,76.94506402884133,76.43513054395038,75.91554580708286,75.38620190778494,74.84699332432153,74.2978171357766,73.73857324136071,73.16916458695445,72.5894973988952,71.99948142501174,71.3990301828838,70.78806121531339,70.16649635295322,69.53426198405126,68.89128933123918,68.2375147352859,67.5728799457327,66.89733241829576,66.21082561893726,65.51331933447392,64.80477998959802,64.08518097017621,63.35450295268639,62.612734239655396,61.85987110095959,61.09591812085987,60.320888550648554,59.5348046668076,58.73769813459017,57.929610376973415,57.11059294896105,56.28070791725823,55.4400282453951,54.58863818444133,53.72663366952681,52.85412272247938,51.97122586099241,51.07807651486643,50.17482145000525,49.26162120102843,48.33865051354493,47.40609879736894,46.46417059220957,45.5130860476749,44.55308141976676,43.58440958644075,42.60734058526274,41.62216217670875,40.62918043726167,39.62872038714015,38.62112665829818,37.6067642092422,36.58601909427597,35.55929929600236,34.52703563133663,33.489682742924515,32.447720189786224,31.401653653237705,30.352016276767134,29.299370161610828,28.244308043393602,27.187455179459896,26.12947148157188,25.071053934634847,24.01293934924708,22.955907504376334,21.900784746662303,20.84844812507521,19.799830154406674,18.755924318841437,17.717791448382258,16.68656712695896,15.663470322669449,14.649813468947665,13.647014271906716,12.656609575197223,11.680271681019876,10.719827605792782,9.777281841966474,8.854843302250321,7.9549572335815775,7.080342991517521,6.234038630407233,5.4194532261460076,4.6404275756176245,3.9013031469707236,3.206997358108758,2.5630793619529557,1.9758323024557403,1.4522708407931353,1.0000467778707298,0.6270996699976038,0.3407489638265598,0.14559645327422527,0.039048012970210794,0.00323124251499037,5.590247712412548e-07,0.0,0.0,0.0,0.0,0.0,0.0,0.0,0.0,0.0,0.0,0.0,7.556662615601844e-06,0.005371718759123044,0.04960888210819583,0.16853311971068557,0.3771669123988239,0.6766298407256528,1.0617145299876014,1.5249175394307364,2.0583030065398176,2.6542992918764883,3.3059970810989494,4.007220822357933,4.752501585638562,5.537011419354463,6.3564870260532285,7.20715517598768,8.085664908168825,8.989028080319928,9.914568233041205,10.859877061248236,11.822777559926454
23.165,82.04067039535941,81.63113802544171,81.21327308355337,80.78695330114478,80.352056895328,79.90846270489914,79.45605033262889,78.9947002939538,78.52429417217999,78.04471478031115,77.55584632960732,77.05757460496528,76.54978714721432,76.03237344240307,75.5052251181479,74.96823614710493,74.4213030576129,73.86432515154436,73.29720472939596,72.71984732262764,72.13216193325424,71.5340612806832,70.92546205576627,70.30628518203773,69.67645608408036,69.03590496296485,68.38456707867866,67.72238303946426,67.04929909795936,66.36526745403756,65.67024656422159,64.96420145754743,64.24710405774401,63.518933511586205,62.77967652329115,62.02932769480937,61.26788987188706,60.49537449577061,59.711801960447076,58.91720197532979,58.11161393332708,57.29508728426186,56.46768191365431,55.62946852693057,54.78052903917941,53.92095697065299,53.05085784829979,52.17034961371277,51.27956303800069,50.37864214423357,49.46774463826845,48.54704234895678,47.61672167895019,46.676984067572924,45.72804646751424,44.77014183743355,43.80351965294636,42.82844643889617,41.845206326327265,40.854101638146254,39.85545350812475,38.84960253866612,37.83690950363541,36.817756103572414,35.79254578178747,34.76170461119638,33.72568226333972,32.68495307286728,31.640017212918764,30.591401999333257,29.53966334457026,28.48538738566778,27.429192314644595,26.371730444560654,25.313690550154956,24.255800528764315,23.19883043531455,22.143595954843075,21.09096238761836,20.04184923586663,18.99723549793447,17.958165796029807,16.925757488274222,15.901208945587175,14.885809210026546,13.880949294913053,12.88813543982243,11.909004696847145,10.945343299763003,9.999108355601571,9.072453497756893,8.167759246767103,7.287668927772069,6.435131066478885,5.613449174132885,4.8263396266883545,4.077997723988198,3.3731705402273873,2.7172319567326775,2.116248480753633,1.5770103135648608,1.1069726368329758,0.7139901417851013,0.40559725098037885,0.1873166990302872,0.058983714506138527,0.007686343286988498,3.370694305993249e-05,0.0,0.0,0.0,0.0,0.0,0.0,0.0,0.0,0.0,0.0,0.0,8.03994125843934e-15,0.0007604854100460521,0.02110534799972367,0.10130842340280613,0.2660077029462438,0.5217734527901385,0.8657978713533447,1.2914291805253486,1.7908680885533084,2.3563708359146824,2.9807391205042477,3.657480171035602,4.380818932223232,5.145648207976796,5.947456998616558,6.7822554846801415,7.646504649984874,8.537053529737149,9.451084719418448,10.386067732364952,11.339719382234218
23.446,82.12993486407102,81.72222786270596,81.30621560788289,80.88177576234344,80.44878644668137,80.00712637407788,79.55667499128771,79.09731262599604,78.62892064067587,78.15138159304723,77.66457940324631,77.16839952780988,76.66272914055224,76.1474573204297,75.62247524645616,75.08767639973085,74.54295677264285,73.98821508527566,73.42335300905417,72.84827539764774,72.26289052513278,71.66711033140791,71.06085067484291,70.44403159212685,69.81657756526586,69.17841779567482,68.52948648528596,67.86972312459379,67.19907278753378,66.51748643309236,65.82492121352556,65.12134078906591,64.40671564897734,63.68102343882889,62.944249293839185,62.19638617816208,61.43743522996928,60.66740611221193,59.8863173689419,59.09419678710209,58.29108176371104,57.47701967840453,56.652068271334755,55.81629602647256,54.969782560422864,54.11261901692802,53.24490846732298,52.366766317300076,51.47832072046018,50.57971299926089,49.671098074130846,48.75264490169768,47.824536923292264,46.886972525129245,45.94016551184548,44.98434559539974,44.0197589016991,43.046668497749685,42.06535494260555,41.07611686595397,40.079271578816446,39.075155721575676,38.06412595540071,37.04655970411046,36.022855954658255,34.993436125724195,33.95874501542836,32.919251840940404,31.87545138482094,30.827865265335387,29.777043350796678,28.723565341291142,27.66804254504263,26.61111988125453,25.553478146712916,24.495836589890132,23.438955843986143,22.383641279527126,21.330746848153495,20.281179502450644,19.235904292590387,18.19595025976495,17.162417269615403,16.136483956965467,15.119416987199116,14.112581880796363,13.117455697215998,12.135641933955887,11.168888067561438,10.2191062464243,9.28839773992429,8.379081851370907,7.493730103783419,6.635206586170038,5.806715358098843,5.01185565960991,4.25468517708257,3.539790404645827,2.872360474175377,2.258255198955113,1.7040463779293813,1.216987113183456,0.8048131238021783,0.4751733491527452,0.23426537459010716,0.08382519407735255,0.015102236004703205,0.00031183718308167854,0.0,0.0,0.0,0.0,0.0,0.0,0.0,0.0,0.0,0.0,0.0,0.0,1.881402463993481e-05,0.006544763172534822,0.054186457348748045,0.17717187758981384,0.38938902980944123,0.6915783296656166,1.0785124018090437,1.5427970749689157,2.076636250330741,2.6725910412665836,3.323866056848675,4.024379167290784,4.768736331590344,5.552168914073887,6.370460288660293,7.219873804051286,8.097087088361867,8.999134286773934,9.923356261268172,10.86735811206241
23.727,82.21785132166302,81.811944135626,81.39775872632087,80.97517269386528,80.54406406895897,80.10431144634958,79.65579412452787,79.19839225177512,78.73198697868396,78.25646061726404,77.77169680674656,77.27758068617511,76.77399907389126,76.26084065398403,75.73799616978543,75.2053586244766,74.66282348885703,74.11028891631808,73.5476559650611,72.9748288275712,72.39171506735876,71.79822586296726,71.19427625922228,70.57978542569798,69.95467692235118,69.31887897227267,68.67232474147771,68.01495262566078,67.34670654381404,66.66753623860913,65.97739758342055,65.27625289587262,64.56407125777346,63.840828841299704,63.106509241295186,62.361103813541604,61.60461201886335,60.83704177294222,60.05840980171989,59.26874200229013,58.46807380920328,57.65645056613336,56.83392790289772,56.00057211786565,55.15646056584581,54.30168205161186,53.43633722930671,52.56053900805794,51.674412964251594,50.77809776103871,49.871745575805335,48.95552253650235,48.02960916794953,47.09420084944584,46.1495082852976,45.19575799018583,44.233192791641024,43.262072352312856,42.28267371518433,41.29529187542092,40.30024038316331,39.29785198228553,38.28847929095944,37.27249553081038,36.250295312540345,35.22229548715681,34.188936073407035,33.15068127371646,32.10802059290633,31.061470076268392,30.011573686276133,28.958904840375933,27.904068136015685,26.847701293465477,25.790477352169944,24.733107162529357,23.676342222335535,22.620977915823172,21.567857223757443,20.517874985523356,19.47198280926543,18.43119474431821,17.396593852119324,16.36933983835598,15.350677941207458,14.341949309383944,13.344603150495422,12.360210986521482,11.390483420108882,10.437289894010688,9.502682016013503,8.588921120492218,7.698510837463789,6.834235522547924,5.999205428225088,5.196909390232976,4.431275407150386,3.706738496433616,3.028312997305598,2.401661809121223,1.833145337947366,1.32981282498206,0.8992569316354696,0.5491649482254504,0.28621762956944413,0.113626116233903,0.026058240291135546,0.0013247657724848472,4.5605641191453037e-10,0.0,0.0,0.0,0.0,0.0,0.0,0.0,0.0,0.0,0.0,0.0,5.477748240493106e-11,0.0011285779639709811,0.024396413674127152,0.10937593077752046,0.27895939635441863,0.5388966750628368,0.886162110391322,1.3141409120233465,1.8151565858170726,2.381603612021901,3.0064110538803326,3.683194767112103,4.406269051108155,5.17059887428107,5.971730961802904,6.8057214372458485,7.669067753975484,8.558647853311797,9.471667215945782,10.405613449860203
24.007,82.30445339385967,81.90032106929867,81.48793726836766,81.06717953442183,80.63792581465167,80.20005459230183,79.75344502508904,79.29797708995508,78.83353173426825,78.35999103359629,77.87723835615151,77.38515853401651,76.88363804124236,76.37256517890393,75.85183026718913,75.32132584459235,74.78094687426471,74.23059095757081,73.67015855488289,73.09955321364194,72.5186818036868,71.9274547598608,71.3257863318704,70.7135948413782,70.0908029462787,69.45733791211264,68.81313189054731,68.15812220483947,67.49225164220066,66.81546875294808,66.12772815633606,65.4289908529404,64.71922454347126,63.99840395386909,63.26651116655201,62.52353595767198,61.76947614023847,61.00433791298483,60.22813621485012,59.440895084974656,58.64264802812325,57.833438385481784,57.01331971080532,56.182356151939416,55.340622837794264,54.488206270911036,53.625204725838984,52.751728653634245,51.867901092896126,50.97385808788351,50.06974911440162,49.15573751431504,48.23200093974226,47.298731808210164,46.35613777031013,45.404442191693306,44.443884651588824,43.47472146042211,42.49722619956442,41.51169028676261,40.5184235714016,39.517754964431084,38.510033108585766,37.49562709543545,36.47492723685276,35.44834589970501,34.41631841397709,33.37930406617245,32.33778719173127,31.292278382423632,30.243315827261384,29.191466808499584,28.13732937786675,27.081534242354493,26.024746893856648,24.967670022822666,23.911046263074166,22.855661323250008,21.80234757029328,20.751988142306377,19.70552168241732,18.663947802532327,17.62833340664165,16.599820028453827,15.579632368488639,14.569088252419796,13.569610276675515,12.582739460383758,11.610151286003966,10.65367458538057,9.715313813542972,8.797275347312276,7.90199854323088,7.032192374313952,6.190878505230693,5.381441594776586,4.607687301263952,3.87390764969765,3.1849515799214587,2.5462945887614783,1.9640932799840225,1.4451939381489698,0.997029678450174,0.6272686652842006,0.3429256796048183,0.14834685033424883,0.040969679923650075,0.0037342846079927916,1.6088237805449749e-06,0.0,0.0,0.0,0.0,0.0,0.0,0.0,0.0,0.0,0.0,0.0,0.0,4.999906204917088e-05,0.00835417573438069,0.06082286967826214,0.1897055434868192,0.4074687741267786,0.714317228680191,1.1049286388891875,1.5719876702139455,2.1078303624065082,2.7051541019964835,3.3572859724183273,4.058247691735022,4.802730816186306,5.586036249019733,6.404003439358798,7.252940790543348,8.129562073848115,9.030930413518025,9.954409904032888
24.288,82.38977355254501,81.98739171548318,81.57678487057119,81.15783051004713,80.7304065037531,80.29439123011733,79.84966371331595,79.396103766746,78.93359214292673,78.46201068994903,77.98124251458435,77.49117215215517,76.99168574326238,76.48267121746062,75.96401848395647,75.43561962940036,74.89736912283415,74.34916402783745,73.79090422191689,73.22249262315725,72.64383542415402,72.05484233322488,71.45542682288799,70.84550638558683,70.22500279661541,69.59384238420196,68.95195630667807,68.29928083666225,67.63575765216582,66.96133413452,66.27596367301264,65.57960597611495,64.8722273891662,64.153801218384,63.42430806105682,62.683736141784166,61.93208165461781,61.16934911097683,60.39555169320789,59.61071161368391,58.814860479348,58.00803966164183,57.19030067178568,56.36170554142481,55.522327208698854,54.67224990986757,53.81156957668421,52.94039423980544,52.058844438628974,51.16705363806795,50.26516865291366,49.35335008060297,48.43177274339209,47.500626141164325,46.56011491633893,45.61045933265075,44.65189576989225,43.68467723709666,42.709073907078114,41.72537367574354,40.73388275017615,39.73492627014625,38.72884896847199,37.716015876532126,36.69681308224557,35.67164854900183,34.64095300538463,33.60518091709942,32.56481155434222,31.520350169974115,30.472329306348016,29.42131025154202,28.367884669165548,27.312676429919293,26.256343677832138,25.199581169709518,24.143122932985534,23.087745295104263,22.034270347020293,20.983569914736826,19.936570126400195,18.894256678815754,17.85768092695873,16.827966943826393,15.806319726691914,14.794034760482822,13.79250919078521,12.803254909132086,11.827913913048803,10.868276373794563,9.92630192612257,9.00414478514002,8.104183390234386,7.229055362300377,6.381698610742383,5.565399384960924,4.783847819642842,4.041200853406932,3.3421508687622086,2.6919951336346544,2.096694350057099,1.5628946889363873,1.0978589877700449,0.7091932119960677,0.40413025159870425,0.18788052087028276,0.0601037537319849,0.00822118157855453,4.8575449326264965e-05,0.0,0.0,0.0,0.0,0.0,0.0,0.0,0.0,0.0,0.0,0.0,0.0,1.1093050393052513e-08,0.0017603936082718676,0.02908500161874846,0.1205055025355265,0.2968421998426553,0.5628385145925133,0.9151560483167204,1.3471742430964038,1.8513245082300986,2.4201388751624293,3.046679912849973,3.724681167212418,4.448556248186386,5.213352114705768,6.014682429961642,6.848657664702333,7.711819290587531,8.601080877319797,9.513676750349969
24.568,82.47384316544021,82.07318800307847,81.66433402780771,81.24715868618861,80.82153977665475,80.38735557927377,79.9444849916698,79.49280767123157,79.03220418372815,78.56255615845383,78.08374645001412,77.59565930685585,77.09818054663899,76.59119773854817,76.07460039260869,75.5482801560962,75.01213101708915,74.4660495152217,73.9099349596743,73.34368965443086,72.76721913082032,72.180432387345,71.58324213678613,70.97556506056631,70.35732207033276,69.72843857671491,69.08884476518858,68.43847587898087,67.77727250892218,67.10518089015022,66.42215320555349,65.72814789583956,65.02312997609306,64.30707135869706,63.579951182472016,62.84175614789568,62.09248085826108,61.332128166638725,60.56070952851436,59.77824535998997,58.98476540144938,58.18030908662068,57.36492591699557,56.538675841602846,55.70162964219133,54.85386932392585,53.99548851177896,53.12659285288122,52.24730042519404,51.35774215298669,50.45806222973101,49.548418549190096,48.628983145657664,47.69994264451422,46.761498724514304,45.813868593491684,44.85728547949891,43.891999139757985,42.91827639023112,41.93640165909932,40.946677567999174,39.949425545507204,38.944986478101576,37.93372140467277,36.91601226163994,35.89226268685616,34.862898891788745,33.82837061297765,32.78915215552903,31.745743543446885,30.698671793990428,29.64849233603342,28.595790595675265,27.54118377619988,26.48532286401215,25.42889489755068,24.37262554252885,23.317282024428497,22.263676478182273,21.21266978577196,20.16517598539183,19.122167351358843,18.084680262646806,17.053822000457668,16.03077864243393,15.016824253925835,14.013331616241704,13.021784779259985,12.043793782386166,11.081111954636425,10.135656282029354,9.209531417359452,8.305057999538686,7.4248060363376345,6.571634162312325,5.748735565360201,4.959691185795562,4.208530243755469,3.499796874370849,2.838618910059523,2.23076916457204,1.6826979147178704,1.201491345000994,0.7946612683896714,0.46956872959900325,0.2320735150918725,0.08360461733454125,0.01538598242338295,0.0003535711230734697,5.7705581107435506e-130,0.0,0.0,0.0,0.0,0.0,0.0,0.0,0.0,0.0,0.0,0.0,0.0,0.00013179948670749998,0.011020377794642891,0.06979883844160206,0.2063414764083506,0.43148019478186594,0.7447711923495284,1.1407424888206508,1.612135053736689,2.151411720360068,2.7514095043396876,3.4055853830121166,4.108073921958632,4.853661557242293,5.637727648052852,6.456175974213196,7.305367480904241,8.182058793714877,9.083347992516138
24.849,82.5566925432509,82.1577407860311,81.75061614195161,81.33519601714019,80.91135814435007,80.47898071152123,80.03794249647883,79.5881230078889,79.12940263260715,78.6616627895355,78.18478609009632,77.69865650544011,77.2031595404789,76.6981824148398,76.18361425082254,75.65934626843267,75.12527198755582,74.58128743732597,74.0272913727327,73.46318549849246,72.88887470021005,72.30426728283179,71.70927521638863,71.10381438900345,70.48780486713926,69.86117116303265,69.22384250926422,68.57575314038444,67.91684258151554,67.24705594383586,66.56634422683078,65.87466462720192,65.17198085430026,64.45826345195691,63.73349012656756,62.99764608128928,62.25072435621621,61.49272617438527,60.72366129349148,59.94354836319018,59.15241528788556,58.35029959493006,57.537248808184714,56.71332082693085,55.87858431017387,55.03311906642475,54.17701644913061,53.310379757989836,52.4333246464947,51.545979536150554,50.648486037956516,49.7409993818787,48.82368885523143,47.89673825108058,46.96034632801758,46.014727282931034,45.06011123870204,44.09674474911604,43.12489132369151,42.144831975590584,41.156865796325285,40.1613105615842,39.15850337322582,38.148801343292945,37.13258232685968,36.11024571160032,35.08221327323693,34.04893010747332,33.01086565072027,31.968514803880193,30.92239917575145,29.873068465298125,28.8211020051596,27.767110492474178,26.71173793742458,25.655663865052304,24.59960581196359,23.54432216677229,22.49061541172777,21.439335833251334,20.391385781406303,19.34772457309308,18.3093741515181,17.277425635866916,16.253046920896768,15.237491517238977,14.232108860629813,13.238356363208792,12.257813533648328,11.292198556238462,10.343387792686688,9.413438753543971,8.504617175380623,7.619428926152788,6.760657524916175,5.931408062588943,5.135158166910171,4.375816207646821,3.6577858738160676,2.986033952264114,2.3661533528103207,1.804403630920369,1.3076912292016003,0.8834104498499717,0.5389808480761676,0.2807411976517208,0.11151927416395348,0.0257070153075393,0.0013468762695944953,1.0286653673469447e-09,0.0,0.0,0.0,0.0,0.0,0.0,0.0,0.0,0.0,0.0,0.0,0.0,3.921520905422248e-07,0.002814300102327232,0.035485117267963634,0.13500052119168504,0.3198539313126691,0.5936559024349671,0.9526905453770305,1.3903018588178495,1.8990190594326766,2.471512063711973,3.1009824890197133,3.781289423853799,4.506954380778261,5.273114819538045,6.075459365539744,6.91016020046252,7.773809467644448,8.66336232329272
25.129,82.6383509844307,82.24107988882197,81.835661568092,81.42197339298767,80.99989303611032,80.56929859929177,80.13006874708076,79.68208284646855,79.22522111298207,78.75936476326522,78.28439617426226,77.80019904911416,77.3066585898656,76.80366167708186,76.29109705645396,75.76885553247304,75.23683016923715,74.69491649844984,74.14301273465023,73.58101999771371,73.00884254264176,72.42638799665039,71.83356760355706,71.230296475443,70.61649385157001,69.99208336450207,69.35699331337881,68.71115694427198,68.05451273753957,67.38700470209298,66.70858267645514,66.01920263651282,65.3188270098279,64.60742499637132,63.88497289555512,63.15145443940757,62.406861131759385,61.65119259329668,60.884456912349464,60.106671001296455,59.31786095847749,58.51806243552924,57.70732101009462,56.88569256387653,56.053243666071,55.21005196225133,54.35620656885236,53.49180847347669,52.61697094133563,51.73181992825256,50.83649450077549,49.93114726409619,49.01594479864752,48.091068106439536,47.1567130684326,46.213090914497926,45.26042870782548,44.298969845976664,43.32897458118439,42.35072056294925,41.364503406510906,40.37063729136681,39.369455594702366,38.36131156539063,37.34657904512438,36.32565324430431,35.29895158151529,34.266914596828336,33.23000695080025,32.18871852293117,31.143565625547907,30.09509235165772,29.04387207832841,27.990509150691896,26.935640775829594,25.879939160714272,24.82411393419651,23.768914899926404,22.71513517531352,21.66361478142589,20.615244760449443,19.570971911382905,18.531804251521894,17.498817331601042,16.473161556929046,15.456070696326723,14.448871796152925,13.452996759282026,12.469995899733135,11.501553843798462,10.549508218595717,9.615871648517807,8.702857666296968,7.812911230841436,6.948744611905615,6.113379417378179,5.310195433330674,4.542986583862314,3.8160234302569456,3.1341196908407913,2.5026962258675898,1.9278276767439972,1.4162401225914933,0.9751936457088053,0.61211257937537,0.33367972806574314,0.14382074041459766,0.039534305108971705,0.003585710770038187,1.5960466489619597e-06,0.0,0.0,0.0,0.0,0.0,0.0,0.0,0.0,0.0,0.0,0.0,0.0,0.0,0.0003303764849293812,0.01484177544714543,0.08148264298871731,0.22738356100235796,0.46160231617419845,0.7829764610610551,1.1858494053114523,1.6630041196029277,2.207027571580219,2.8108999455862183,3.4682146665046703,4.17322691370776,4.920825996637102,5.706477437189802,6.526156519721427,7.376283275748769,8.253663085463835
25.41,82.71884681769185,82.32323414966635,81.91949965842188,81.50752068419547,81.08717484477042,80.65834016168114,80.22089519250841,79.77471916938251,79.31969214384219,78.8556951381526,78.38261030321432,77.90032108316015,77.40871238675521,76.90767076568518,76.39708459982582,75.87684428957203,75.34684245528862,74.80697414395007,74.25713704300745,73.69723170152754,73.12716175862299,72.54683417918221,71.95615949691192,71.35505206466033,70.74343031201208,70.12121701009903,69.48833954358814,68.84473018976902,68.19032640466676,67.52507111608858,66.84891302349905,66.16180690461387,65.46371392858289,64.7546019756392,64.03444596306844,63.30322817736492,62.560938612427265,61.807575313655725,61.04314472781528,60.267662058540736,59.48115162737337,58.683647240238,57.87519255930024,57.05584148017171,56.22565851448073,55.38471917787031,54.53311038355461,53.67093084163709,52.798291464480585,51.91531577852957,51.02214034310053,50.11891517680461,49.20580419242818,48.28298564128822,47.350652568301115,46.409013279258126,45.4582918220853,44.49872848421105,43.53058030853818,42.55412163096517,41.56964464290161,40.57745998280847,39.577897361452614,38.57130622633891,37.558056471658304,36.538539201110936,35.51316755213017,34.48237759139603,33.446629293092,32.40640761318699,31.36222367514398,30.31461608493814,29.264152396159897,28.21143074937751,27.157081713927983,26.101770365013227,25.04619863454743,23.99110798080064,22.937282429731788,21.885552050257363,20.83679693687434,19.791951786448212,18.75201117203595,17.718035635931887,16.691158747364593,15.672595298256734,14.663650844120054,13.665732837547859,12.680363650009863,11.709195834786094,10.754030050597422,9.816836141578635,8.89977795248905,8.005242542204808,7.135874529354896,6.294616331824251,5.484754987462214,4.7099759502031935,3.974423516018151,3.282765899226159,2.640259564661366,2.0528004420708785,1.5269354643438686,1.0697789291632047,0.6887187014686995,0.3906748148845072,0.18042738473108613,0.057101086509174566,0.007641106330109058,4.1611244342866536e-05,0.0,0.0,0.0,0.0,0.0,0.0,0.0,0.0,0.0,0.0,0.0,0.0,0.0,5.106630778241211e-06,0.004523459183093382,0.04399324367649287,0.15324931858140925,0.3482832361421194,0.631502946749385,0.9987789301922524,1.443402825294806,1.9579964982132685,2.5353693585998918,3.168867257104988,3.8524816610737465,4.580849362147774,5.349205624823618,6.153320951522553,6.98943561570859,7.854198231832774
25.691,82.79820744240197,82.4042314615675,82.00215880395298,81.59186678398072,81.17323296976356,80.7461353081544,80.3104522558581,79.86606291674008,79.4128471854533,78.95068589751902,78.47946098596627,77.99905564464963,77.50935449835434,77.0102437797699,76.50161151343832,75.98334770674816,75.45534454804587,74.91749661192429,74.36970107174322,73.81185791941284,73.24387019247436,72.66564420848658,72.07708980672571,71.47812059718223,70.86865421683632,70.24861259317152,69.61792221487626,68.97651440966742,68.32432562916811,67.66129774073717,66.98737832616118,66.30252098709009,65.60668565709929,64.89983892024425,64.1819543359752,63.453012770267904,62.71300273283059,61.961920720243505,61.199771564895514,60.42656878959007,59.64233496770546,58.84710208881506,58.040911929696534,57.223816430693155,56.39587807743038,55.55717028793904,54.70777780530055,53.847797095996675,52.97733675423688,52.09651791263181,51.20547465970733,50.30435446488034,49.393318611689665,48.472542640248605,47.54221680010599,46.602546514947704,45.65375286084779,44.696073060109846,43.72976099310388,42.75508773093606,41.77234209227561,40.78183122822514,39.78388123976482,38.778837833044975,37.76706701864678,36.74895586192348,35.724913292653135,34.69537098355826,33.66078430874817,32.62163339491161,31.57842428012203,30.531690197507473,29.481993003822417,28.429924776220467,27.376109604362718,26.32120560951354,25.26590722760938,24.21094779960324,23.157102519895645,22.105191802592454,21.056085136000043,20.010705508530517,18.970034504491746,17.935118186619924,16.90707390431107,15.88709819310276,14.87647596292128,13.876591210965955,12.888939540914684,11.915142824446447,10.956966404625565,10.016339313468652,9.095378056279417,8.19641459787812,7.322029258562342,6.4750892651381395,5.658793653737584,4.87672498639976,4.132907727379855,3.431871746128088,2.77871651859709,2.179165681121181,1.6395895934629983,1.166949181400219,0.7685644078838104,0.45150811038605543,0.22121845122956185,0.07854195144145255,0.014023763330876475,0.00029066195201323517,0.0,0.0,0.0,0.0,0.0,0.0,0.0,0.0,0.0,0.0,0.0,0.0,0.0,4.012265504851759e-13,0.0007720194953607425,0.02020158817785106,0.0963213812853495,0.2532150545452546,0.4980981334234654,0.8290585129029862,1.2402386428435068,1.7244570866759668,2.274425029071655,2.88326971366474,3.544726875467135,4.253178990092139,5.003625063382023,5.791623367045619,6.613226850222636,7.464920283305557
25.971,82.87645936697592,82.48409881133202,82.08366647415815,81.67503964858818,81.25809585803238,80.83271298008353,80.39876937646791,79.95614402916019,79.50471668281273,79.04436799359021,78.57497968457531,78.09643470781198,77.60861741312537,77.11141372380563,76.60471131923914,76.08839982458497,75.56237100755456,75.02651898236836,74.48074042093329,73.92493477128743,73.35900448333862,72.78285524191631,72.19639620713913,71.59954026209442,70.99220426780009,70.37430932542486,69.74578104571246,69.10654982554823,68.4565511315985,67.79572579093421,67.1240202885346,66.44138707157362,65.74778486035522,65.04317896577899,64.32754161319643,63.60085227251836,62.86309799443007,62.1142737525737,61.35438279155721,60.58343698065962,59.80145717311846,59.00847357089039,58.204526094818796,57.389664760153956,56.563950057424385,55.727453338695476,54.880257209317975,54.022455925328984,53.15415579676017,52.27547559719834,51.386546980058824,50.48751490216811,49.57853805540356,48.6597893073183,47.73145615188412,46.79374117172654,45.84686251349631,44.891054378335774,43.92656752976185,42.953669821697495,41.972646749859884,40.98380203025587,39.98745820916045,38.983957309671965,37.9736615207586,36.95695393566745,35.93423934765109,34.905945112242165,33.87252208676132,32.83444565944447,31.79221688254391,30.746363726055097,29.69744247140135,28.64603926754935,27.59277187570567,26.53829163308763,25.483285671370975,24.428479431472837,23.374639523508396,22.322576989306462,21.273151035053168,20.227273313815967,19.18591285229172,18.150101733627054,17.120941669202068,16.099611617554775,15.087376639015964,14.085598211073187,13.095746273030565,12.119413320191093,11.158330928350262,10.214389158996479,9.289659372930911,8.386421060719407,7.507193372168632,6.654772072112058,5.8322726223806365,5.043179903885094,4.291404580666572,3.5813449428785553,2.9179506061264333,2.306779413914351,1.7540287102887626,1.2665015317723631,0.8514262275969029,0.5159618113816282,0.2660462123300167,0.10391195037496222,0.023150410461877585,0.0010945082405401912,1.5662248906209746e-10,0.0,0.0,0.0,0.0,0.0,0.0,0.0,0.0,0.0,0.0,0.0,0.0,0.0,3.553982879071505e-05,0.007212105398027188,0.055085612002172775,0.17571210689128167,0.3824914087740285,0.6766106088762874,1.0535161192271167,1.5064419623246592,2.0281021501838437,2.611448494232245,3.249976027751401,3.9378145525779327,4.66972242058157,5.441038896927795,6.247622243767587,7.085786283966937
26.252,82.95362824538218,82.56286231667568,82.16404925467573,81.75706633559463,81.34179104293273,80.91810119026499,80.48587505003523,80.04499148850532,79.59533010697915,79.13677138943723,78.66919685669127,78.1924892271869,77.70653258454938,77.21121255198075,76.70641647360006,76.1920336028073,75.66795529774909,75.13407522394772,74.5902895641553,74.03649723546387,73.47260011371695,72.89850326523376,72.31411518585516,71.71934804730833,71.1141179508709,70.4983451882987,69.87195450998023,69.23487540024976,68.58704235979619,67.9283951950769,67.25887931464628,66.57844603228394,65.88705287681127,65.18466390846655,64.47125004170323,63.74678937427076,63.01126752244265,62.264677962236114,61.50702237649406,60.738311007691806,59.958563016346346,59.16780684492559,58.36608058717171,57.55343236278716,56.729920697467215,55.89561490830383,55.05059549465039,54.19495453459358,53.32879608726605,52.45223660132052,51.56540533000552,50.668444753397324,49.76151100850906,48.844774328155154,47.91841948966285,46.98264627474252,46.03766994209786,45.083721714664925,44.12104928371037,43.149917332426185,42.17060808211585,41.183421864594536,40.18867772502644,39.18671406012597,38.17788929743656,37.16258262232682,36.14119476040075,35.11414882423885,34.0818912347997,33.04489272945174,32.00364947050263,30.958684270307902,29.910547951622572,28.859820864877882,27.807114587608268,26.75307383541402,25.698378618759083,24.64374668570171,23.589936297538284,22.537749392513675,21.48803520249533,20.44169439913684,19.399683859986393,18.363022161683872,17.332795927433338,16.310167180015913,15.296381880521851,14.29277986765217,13.300806453865738,12.32202598382266,11.35813771831872,10.410994473484696,9.48262451945407,8.575257321388836,7.691353779948862,6.83364167928305,6.005157040653489,5.209291934662491,4.449848880450871,3.7311009757366986,3.057854808504993,2.435508913704326,1.8700918754905367,1.368246686273953,0.9370924522820938,0.5838219083735348,0.3147453184035794,0.1332040789126668,0.03533655781881037,0.0029109674223099114,6.289254098294551e-07,0.0,0.0,0.0,0.0,0.0,0.0,0.0,0.0,0.0,0.0,0.0,0.0,0.0,1.405314785327442e-08,0.0016716531862929712,0.027571487686961625,0.11483198112400032,0.28428331343322677,0.5412964141467689,0.8832127948004713,1.3039739066356584,1.796434569272635,2.3534327963205617,2.9682471549963974,3.6347609606584625,4.347489695040845,5.101547813756587,5.892591889965818,6.716757751875184
26.532,83.02973891186957,82.64054726151355,82.24333288317091,81.83797304034086,81.42434518124621,81.00232706050373,80.57179686678684,80.13263335661699,79.68471599440484,79.22792509888285,78.76214199604348,78.28724917869887,77.80313047277293,77.3096712104274,76.80675841011741,76.29428096366087,75.77212983039901,75.24019823851611,74.69838189357108,74.14657919429462,73.58469145567622,73.01262313937328,72.4302820914439,71.83757978740766,71.23443158461335,70.6207569818865,69.99647988641752,69.36152888782674,68.71583753934668,68.05934464603273,67.39199455991313,66.71373748196707,66.02452977082145,65.32433425803518,64.61312056983965,63.890865455198075,63.15755312003684,62.413175567508695,61.65773294414538,60.89123389176372,60.113695905000306,59.32514569436651,58.5256195547332,57.71516373918607,56.89383483822428,56.0617001643209,55.21883814191477,54.36533870297124,53.5013036883198,52.626847255073585,51.74209629053674,50.847190833136146,49.94228450104846,49.02754492937563,48.10315421689994,47.1693093836875,46.226222841052596,45.27412287570517,44.313254150223734,43.34387822240737,42.366274086482676,41.38073873967175,40.38758777819906,39.38715602749911,38.379798212148344,37.36588967194607,36.34582713158163,35.320029532514425,34.28893893705539,33.253021516218176,32.21276863474872,31.16869804886701,30.121355234751224,29.071314868695442,28.019182483282112,26.965596327911534,25.911229466744246,24.856792152683425,23.803034522611064,22.750749666933263,21.70077713579773,20.654006955475275,19.61138424169229,18.573914512632644,17.54266982343297,16.518795866942177,15.503520213047317,14.498161891878434,13.504142565641647,12.52299958067122,11.556401246375923,10.606164751450706,9.674277199333257,8.762920321446579,7.874499500848678,7.011677794424099,6.177415646086347,5.375016872475672,4.608181151779949,3.8810624141648287,3.198330748391661,2.565231776772865,1.987630057968868,1.4720081952278745,1.0253632160043682,0.6548804232925011,0.3671398928557297,0.1663642248228958,0.05080315370635585,0.006223228556338374,2.163787240488188e-05,0.0,0.0,0.0,0.0,0.0,0.0,0.0,0.0,0.0,0.0,0.0,0.0,0.0,0.0,0.00016258969267182735,0.011307489580221868,0.06931315618022216,0.2029085161482959,0.42289633640882834,0.7292690975700191,1.1170605952675332,1.579452013156429,2.1092530742622166,2.699562058193815,3.344027924496764,4.036923970999651,4.77313539144911,5.548110627006621,6.3578006240928575
26.813,83.10481541400908,82.71717812954783,82.3215422834678,81.9177851306161,81.50578408840599,81.08541685738967,80.65656154780206,80.21909681220406,79.77290198436184,79.31785722449004,78.85384367098179,78.38074359874688,77.89844058425793,77.40681967742117,76.90576758036073,76.39517283320536,75.87492600695508,75.34491990350207,74.8050497628578,74.25521347763883,73.69531181484575,73.12524864496477,72.54493117839664,71.9542702092202,71.35318036627295,70.74158037152583,70.11939330570814,69.48654688113307,68.84297372165614,68.18861164968632,67.52340398016021,66.84729982137505,66.16025438256217,65.46222928808643,64.75319289812708,64.03312063571327,63.301995319963375,62.55980750538717,61.80655582711039,61.042247351878686,60.26689793471904,59.480532581141674,58.683185814787855,57.87490205045776,57.055735972482736,56.22575291844847,55.38502926832911,54.53365283914885,53.671723285367904,52.799352505271436,51.916665053745724,51.02379856194529,50.12090416449533,49.208146935033966,48.285706331091724,47.35377664951576,46.41256749389802,45.46230425575786,44.503228611546966,43.53559903793433,42.55969134824984,41.57579925346791,40.58423495167792,39.58532975063915,38.57943472876913,37.56692144077437,36.548182675120415,35.523633271688865,34.49371100927996,33.45887757415251,32.41961962256429,31.376449952332074,30.329908800832218,29.28056528966274,28.229019039464408,27.175901982254846,26.121880403150378,25.06765724870681,24.0139747454275,22.961617379497415,21.911415297723327,20.864248200300047,19.821049808736,18.78281300748027,17.75059577603615,16.72552805021779,15.708819677456265,14.7017696625076,13.705776937491237,12.722352934838604,11.753136294302182,10.799910096128,9.864622081364063,8.949408394635777,8.056621458271849,7.188862645553787,6.349020436891652,5.540314660341206,4.766347129295942,4.031158287032995,3.339287945415352,2.6958350699336844,2.106505237931172,1.577621695711795,1.1160503337262446,0.7289368949708042,0.42304885059557434,0.2033034507231034,0.06968917236019699,0.011477836655373979,0.0001728083069868555,0.0,0.0,0.0,0.0,0.0,0.0,0.0,0.0,0.0,0.0,0.0,0.0,0.0,0.0,1.4842789589852122e-06,0.0033592171779959824,0.03751068799988725,0.1375912474162545,0.3210857599033845,0.5915757440625385,0.9456880541809759,1.3771766518350215,1.878939210544114,2.44394531645562,3.065629415136438,3.738027120027189,4.45579173619951,5.214157938114751,6.0088851942211035
27.094,83.17888104414969,82.79277863623805,82.3987015980391,81.99652717966404,81.58613277203186,81.16739602635968,80.74019497960086,80.30440818595326,79.85991485459077,79.40659499373184,78.94432956117814,78.47300062143519,77.99249150953611,77.50268700166589,77.00347349268635,76.49473918065313,75.97637425840384,75.44827111228766,74.91032452809941,74.36243190426815,73.80449347233548,73.23641252475895,72.6580956500476,72.06945297523525,71.47039841568431,70.86084993218947,70.24072979535147,69.6099648571638,68.96848682975435,68.31623257120033,67.65314437833129,66.97917028641407,66.29426437561406,65.59838708410068,64.89150552767661,64.17359382578644,63.44463343376404,62.70461348117408,61.95353111610575,61.19139185527867,60.41820993982785,59.63400869665375,58.83882090523633,58.0326891698382,57.21566629705613,56.387815678716024,55.549211680156574,54.69994003401103,53.840098239657785,52.969795968604416,52.08915547616326,51.19831201989423,50.2974142854279,49.386624820437945,48.46612047771184,47.53609286848205,46.59674882742268,45.64831089098809,44.69101779109392,43.72512496650614,42.7509050947241,41.768648647615855,40.77866447462808,39.78128041801615,38.77684396526536,37.76572294471537,36.74830627135272,35.72500475084535,34.696251951171355,33.66250515266871,32.6242463890443,31.58198359387318,30.53625186942517,29.487614897362903,28.436666514012614,27.38403247661027,26.330372451290707,25.276382258714534,24.222796419307848,23.170391047284873,22.119987151174648,21.072454408763427,20.028715496519347,18.989751068112287,17.956605494056202,16.93039349538331,15.91230782929457,14.903628214718829,13.905731721540512,12.920104889844863,11.948357895734404,10.99224113860966,10.053664691018929,9.134721124310758,8.237712296004936,7.36518074613597,6.519946375368348,5.70514901923945,4.924297296969409,4.181323519563765,3.4806431413970924,2.827214550577332,2.226589567875504,1.6849341531755182,1.2089769763992664,0.8057993085215346,0.4822898349197982,0.24390783798404936,0.09206572618134509,0.019052657013687684,0.0007050099882520025,2.20702761235774e-13,0.0,0.0,0.0,0.0,0.0,0.0,0.0,0.0,0.0,0.0,0.0,0.0,0.0,2.6077089149046574e-16,0.0005538072143739071,0.01734502346384735,0.08729364102724303,0.23540527829917268,0.4699580846141402,0.7898125329320587,1.1896188470619953,1.6625182628812476,2.2014230772335996,2.7995830065430964,3.4508054382321878,4.149511582680546,4.890717833528285,5.669986040414201
27.374,83.25195836937026,82.86737175924698,82.47483421894674,82.07422299762294,81.66541546386891,81.24828922413788,80.82272224708859,80.38859299397616,79.94578055524912,79.49416479345153,79.03362649258726,78.56404751403987,78.08531095918273,77.59730133876855,77.0999047492115,76.59300905584658,76.07650408324659,75.55028181267897,75.01423658675364,74.46826532132339,73.91226772467694,73.34614652405008,72.7698076994762,72.18316072498217,71.58611881711741,70.97859919079752,70.36052332243099,69.73181722027364,69.09241170195808,68.44224267911655,67.78125144901453,67.10938499309542,66.42659628232185,65.73284458919973,65.02809580634872,64.31232277148735,63.585505598687476,62.847632015755664,62.098697707596386,61.33870666541722,60.56767154163908,59.78561401039596,58.992565133515896,58.18856573190365,57.37366676227571,56.54792969923304,55.711426922708284,54.864242110877484,54.00647063869559,53.1382199822977,52.25961012960325,51.37077399757304,50.471857856697014,49.563021763449846,48.64444000162366,47.71630153364731,46.77881046324511,45.83218651104926,44.8766655050935,43.91249988847091,42.93995924684183,41.9593308589495,40.97092027383321,39.97505191903737,38.97206974482966,37.962337910238716,36.94624151765692,35.92418740382766,34.896604996266106,33.863947245595135,32.826691645934744,31.785341357397094,30.74042644697956,29.692505266750175,28.642165991263663,27.59002833971922,26.536745512556482,25.483006377133588,24.42953794295861,23.377108173858286,22.326529192668758,21.2786609437912,20.234415390604312,19.194761338623756,18.160729991960153,17.133421370563056,16.1140117396431,15.103762231280571,14.104028872413934,13.116274274056906,12.142081284553372,11.18316896554281,10.241411312954304,9.318859215222615,8.41776621248905,7.540618683557035,6.69017112062332,5.869487113398594,5.08198647291026,4.331498424607489,3.6223196885024866,2.959273953903923,2.3477645918317824,1.7938031187353314,1.3039772393035232,0.885284616506037,0.5446820897423876,0.28804624057388706,0.11794952525134236,0.02924625318055284,0.0019790581201484295,6.877793910290037e-08,0.0,0.0,0.0,0.0,0.0,0.0,0.0,0.0,0.0,0.0,0.0,0.0,0.0,0.0,2.4319846045253785e-05,0.0062977176252670694,0.05065998802525408,0.16522474263436876,0.36415675265449315,0.6493504313158712,1.0167718978354565,1.4600116913329333,1.9720215733618034,2.545909072165749,3.17526920521994,3.8542940479992023,4.577778709810628,5.341081941505212
27.655,83.32406926001474,82.94097976744654,82.54996281732312,82.15089566148404,81.74365565022089,81.32812034964417,80.90416766494384,80.47167596968367,80.03052424126565,79.5805922026943,79.12176047076575,78.65391071081149,78.17692579809719,77.69068998600119,77.19508908105819,76.69001062497605,76.17534408369569,75.65098104358053,75.11681541479507,74.57274364192772,74.01866492190338,73.45448142921752,72.88009854850847,72.29542511448271,71.7003736591788,71.09486066655927,70.47880683439328,69.8521373433875,69.21478213350598,68.56667618740651,67.90775982090902,67.23797898039795,66.55728554705483,65.8656376477926,65.16299997277406,64.44934409937314,63.724648822434645,62.98890049069764,62.24209334922642,61.48422988771408,60.71532119452184,59.935387316324764,59.1444576232642,58.34257117951213,57.52977711919354,56.70613502764588,55.871715328036565,55.0265996734191,54.17088134436931,53.30466565242763,52.4280703496571,51.54122604474981,50.644276626221675,49.737379693406155,48.820706996109045,47.89444488399257,46.9587947669911,46.0139735883039,45.060214311832844,44.09776642626048,43.126896468367434,42.14788856863966,41.161045022731024,40.16668689295079,39.165154644614034,38.15680882289377,37.14203077670079,36.12122343716346,35.09481215947445,34.06324563825235,33.02699690816846,31.986564443444443,30.942473371984853,29.895276822421323,28.845557425283264,27.793928992948352,26.741038407063783,25.687567746880553,24.63423669755125,23.581805284081767,22.53107698449103,21.4829022851002,20.43818275202171,19.397875706235816,18.362999605569076,17.334640255955165,16.313957997192247,15.302196035742016,14.300690129757418,13.310879870357587,12.334321849016503,11.372705054434658,10.427868903439503,9.501824378091998,8.596778811429417,7.715164928325456,6.859674787388628,6.033299248162626,5.239373434373365,4.48162824253928,3.7642469941870926,3.091924342029287,2.4699205216361717,1.9040960129170104,1.4008956447270065,0.9672189630503031,0.610048516936025,0.33557631264714183,0.14731476220932918,0.04227965620987407,0.004400154452091411,5.884330070660927e-06,0.0,0.0,0.0,0.0,0.0,0.0,0.0,0.0,0.0,0.0,0.0,0.0,0.0,0.0,9.489168325515343e-09,0.001520728608472175,0.025965441202897562,0.10970105592370796,0.2738039388570417,0.5241658470918714,0.8586055538615702,1.2714319485546648,1.7557653070796029,2.30462980491183,2.9114321483065284,3.5701423344833274,4.275333181570247,5.022155778467847
27.935,83.39523491688301,83.01362424855948,82.6241093714613,82.22656754363184,81.82087610095023,81.4069125734552,80.98455480754079,80.55368109416104,80.11417030318084,79.66590202400826,79.20875671263333,78.74261584519286,78.26736207818622,77.78287941544497,77.28905338195584,76.78577120464378,76.27292200018987,75.75039696996215,75.21808960213663,74.67589588105493,74.12371450386405,73.56144710448295,72.98899848490893,72.40627685387638,71.81319407286661,71.20966590945262,70.59561229794676,69.97095760731122,69.33563091627578,68.68956629558974,68.03270309732967,67.36498625116485,66.68636656747722,65.99680104721432,65.29625319835411,64.5846933588399,63.86209902585268,63.12845519126895,62.38375468316424,61.62799851321431,60.861196229860134,60.083366277106705,59.294536358842606,58.49474380859132,57.684035964625515,56.862470550418585,56.03011606044191,55.18705215137635,54.333370038866825,53.46917290002284,52.59457628196099,51.70970851678693,50.81471114354442,49.90973933779136,48.994962349638044,48.070563951270316,47.136742895205636,46.19371338477409,45.241705558619316,44.280965991345475,43.31175821281514,42.334363249047904,41.34908018817556,40.356226775476536,39.35614004219165,38.34917697356379,37.33571522243794,36.316153875749926,35.290914282398404,34.2604409523311,33.225202538226846,32.185692912946976,31.14243235801929,30.095968880840513,29.04687968112272,27.99577279042058,26.943288912469214,25.890103496638435,24.836929082199923,23.78451795748774,22.733665185587544,21.68521205717464,20.640050041811353,19.599125321773066,18.563444007720033,17.53407815377005,16.512172711358634,15.4989535873966,14.495737003424333,13.503940389573344,12.525095091003868,11.560861215740397,10.613045011634261,9.683619225589046,8.774746966977025,7.888809661748971,7.028439728104134,6.196558596915887,5.396420578649609,4.631662724697751,3.9063600173614788,3.2250835098295543,2.592955568009983,2.015689442539376,1.4995866085926624,1.0514376942718686,0.6782171134322211,0.38634914214331273,0.18010315850866254,0.05830420427427233,0.008362608921261248,6.836382199631984e-05,0.0,0.0,0.0,0.0,0.0,0.0,0.0,0.0,0.0,0.0,0.0,0.0,0.0,0.0,0.0,0.00016555604524693635,0.011088889839585763,0.06773108779038757,0.19839467548574263,0.41405524606653693,0.7150580204817042,1.0967782907010437,1.5526748282563758,2.075768022933848,2.6593107922036023,3.297063370673296,3.9833778797635597,4.713194417957269
28.216,83.4654758971557,83.08532613551063,82.69729519360239,82.30126033906953,81.89709889713377,81.48468836589609,81.06390653747482,80.63463162513723,80.19674239655147,79.7501183132959,79.2946396767605,78.83018778055302,78.35664506953584,77.87389530560151,77.38182374029002,76.88031729434927,76.36926474431725,75.84855691621581,75.31808688641762,74.77775018974711,74.2274450348658,73.66707252697543,73.096536897866,72.51574574332219,71.9246102678814,71.32304553694068,70.71097073617727,70.08830943824232,69.45498987668326,68.81094522701403,68.15611389486799,67.49043981112717,66.81387273393507,66.12636855746774,65.42788962734501,64.71840506254503,63.9978910836828,63.266331347508306,62.52371728747854,61.770048460258586,61.005332898013044,60.2295874663543,59.4428382278366,58.64512081089256,57.836480784145074,57.016974036056055,56.18666715991175,55.345637844201626,54.4939752685043,53.6317805050675,52.75916692635669,51.87626061894829,50.98320080426425,50.0801402667808,49.1672457905069,48.244698604715104,47.31269484011927,46.371445996941304,45.421179426595245,44.46213882903841,43.49458476821325,42.518795208432074,41.535066075044476,40.54371184328975,39.54506615987736,38.53948250258149,37.52733488397686,36.509018606426544,35.48495107654873,34.455572688693046,33.421347788450525,32.382765728964245,31.340342034816466,30.294619690623097,29.246170574194785,28.195597057329802,27.143533801048818,26.09064977649618,25.037650547917185,23.985280860264595,22.93432758124364,21.885623056236884,20.8400489448032,19.79854061968151,18.762092223832553,17.73176249851592,16.708681516288156,15.6940584777889,14.689190761011437,13.695474447240697,12.714416589817024,11.747649541003886,10.79694770876873,9.864247178502655,8.951668701926959,8.06154462011345,7.196450335774035,6.359240953956685,5.5530936160355875,4.781555755846341,4.048598810735524,3.3586754426527166,2.716775323611297,2.1284685545322306,1.5999138921738048,1.1377852173946728,0.749021938688686,0.4402127750118348,0.21623222721816288,0.07741166250121265,0.014216363363537212,0.00034099818522419326,4.1192177023665993e-32,0.0,0.0,0.0,0.0,0.0,0.0,0.0,0.0,0.0,0.0,0.0,0.0,0.0,0.0,2.3410440180787316e-06,0.003550423923808603,0.03790423754894039,0.13725281142855664,0.31872870831270395,0.5860261256549043,0.9360316360305992,1.3627640183757859,1.8593457157522215,2.4189236704087977,3.035067377852813,3.7019132096911544,4.414188574106486
28.496,83.53481213911235,83.15610573156069,82.76954095547754,82.37499509137152,81.97234545743687,81.56146952383145,81.14224503277599,80.7145501246193,80.27826347000675,79.83326440828338,79.37943309226637,78.91665063950362,78.44479929014828,77.96376257154985,77.47342546968179,76.97367460748414,76.46439843023086,75.94548739798816,75.41683418524583,74.87833388776825,74.32988423673646,73.77138582019629,73.20274231185925,72.62386070726038,72.03465156728086,71.43502926901554,70.8249122639764,70.20422334357677,69.57288991186083,68.93084426540092,68.27802388029373,67.61437170616219,66.93983646705952,66.25437296916252,65.55794241513036,64.85051272499861,64.13205886346694,63.40256317343401,62.66201571564204,61.910414614275176,61.14776640837756,60.37408640895451,59.58939906163818,58.7937383148151,57.98714799313797,57.1696821763762,56.341405583598394,55.502393962728306,54.6527344855763,53.79252614851592,52.92188017906173,52.04092044870282,51.14978389245978,50.248620935768415,49.33759592945401,48.416887593731246,47.48668947238521,46.54721039851623,45.59867497351666,44.641324061258494,43.675415299834086,42.70122363360812,41.719041868813534,40.72918125646871,39.731972107019686,38.72776444182787,37.7169286874427,36.699856419551516,35.676961164584625,34.648679268210905,33.615470841413014,32.57782079651157,31.536239987458593,30.491266470990162,29.443466907868483,28.39343812653877,27.341808875135747,26.28924179203331,25.23643563012456,24.184127775928815,23.133097111606,22.084167276246426,21.038210392653756,19.99615133757566,18.958972647334697,17.92772016754637,16.90350957560976,15.887533928567215,14.881072417468063,13.885500543337766,12.902301970037874,11.933082356403869,10.979585524389977,10.043712381025587,9.127543077560876,8.23336295362157,7.363692865400331,6.52132451057823,5.709361291513952,4.931265011638082,4.190908104795753,3.492629821335784,2.8412921949019903,2.242326428444253,1.7017500538015933,1.2261147551085076,0.8223037285101847,0.4970148653016422,0.25560194394737934,0.09964456735124064,0.0222517946432285,0.0010842437333807673,4.3865723826582864e-10,0.0,0.0,0.0,0.0,0.0,0.0,0.0,0.0,0.0,0.0,0.0,0.0,0.0,0.0,3.9677126264046284e-13,0.0006853575025546325,0.018465608774356528,0.08949213362502867,0.23778721106291642,0.47135326522526444,0.7891482626712927,1.1860367729900159,1.6553822757146255,2.1902903697370437,2.7841673470033266,3.4309430605256352,4.125132644080716
28.777,83.60326298571962,83.2259827342805,82.84086671267926,82.44779221745401,82.04663656327891,81.63727719623232,81.21959181287312,80.79345848525375,80.35875579201607,79.91536295569868,79.46315998639416,79.00202783187832,78.53184853432413,78.0525053937339,77.56388313817287,77.06586810092307,76.55834840463265,76.04121415256125,75.51435762697633,74.97767349477617,74.43105902038562,73.87441428596956,73.30764241899061,72.73064982712971,72.14334644057364,71.54564596166216,70.93746612187077,70.31872894609909,69.68936102420633,69.04929378974411,68.39846380580045,67.73681305787532,67.06428925367999,66.3808461297529,65.68644376477255,64.98104889942601,64.26463526270769,63.53718390449671,62.79868353426643,62.04913086578527,61.288530967660016,60.51689761959103,59.734253674210414,58.940631424402156,58.13607297601814,57.320630625935124,56.494367245441005,55.65735666897841,54.809684088333775,53.951446452427476,53.08275287294446,52.20372503613178,51.314497621213086,50.41521872599047,49.506050300363,48.58716858865946,47.65876458189467,46.721044481281126,45.77423017460388,44.818559727369696,43.85428789099353,42.881686630690865,41.9010456762046,40.91267309902649,39.91689592037934,38.914060754921614,37.90453449593703,36.88870504868919,35.86698211967775,34.83979807075468,33.807608848461825,32.77089500058437,31.7301627937989,30.685945448493047,29.63880450938376,28.589331373552717,27.538149001001738,26.48591383693421,25.4333179797898,24.381091634741626,23.330005899090427,22.280875933958878,21.234564586150164,20.191986535303755,19.15411305491101,18.121977491794432,17.09668158782033,16.079402790508553,15.071402726536236,14.074037044651233,13.088766873010144,12.117172181135858,11.160967388935504,10.222019624205094,9.302370093921496,8.404259098551545,7.530155272053913,6.682789651935038,5.865195132164538,5.080751647506425,4.333236929323997,3.626881570297211,2.966424879538373,2.3571635079814643,1.8049759108803274,1.3162880298121966,0.8979102442568591,0.5566046413956289,0.2981000598079047,0.1250057925662816,0.03269641072826138,0.0026236021077585318,5.203705861699807e-07,0.0,0.0,0.0,0.0,0.0,0.0,0.0,0.0,0.0,0.0,0.0,0.0,0.0,0.0,0.0,4.586755432559735e-05,0.007313024870598749,0.05397482229370604,0.1706955400730329,0.3708146959387812,0.6560520967267388,1.022482952891863,1.4638923483022854,1.9734303736412713,2.544378408129996,3.170474456694984,3.846024512097692
29.058,83.67084720713487,83.29497625843551,82.91129192792262,82.51967153121569,82.11999238285317,81.71213190857459,81.29596776337995,80.87137795550198,80.438240976444,79.9964359372062,79.54584271083691,79.08634208144198,78.617815899762,78.1401472454417,77.65322059609515,77.15692200327159,76.65113927540904,76.13576216786655,75.61068258010596,75.07579476008969,74.53099551594669,73.97618443495521,73.4112641098693,72.83614037260843,72.250722535322,71.65492363881725,71.04866070833624,70.43185501664276,69.80443235438304,69.1663233076474,68.51746354267287,67.85779409759132,67.18726168113137,66.50581897815843,65.81342496193682,65.11004521298432,64.39565224437588,63.67022583336382,62.93375335915674,62.18623014671949,61.427659816444006,60.658054639555736,59.87743589913054,59.08583425660565,58.2832901237036,57.46985403970174,56.64558705402766,55.81056111419912,54.964859459183835,54.10857701831973,53.24182081601495,52.364710382539904,51.47737817132847,50.579969983336845,49.67264539915537,48.75557821973232,47.82895691677504,46.89298509411281,45.94788196157008,44.99388282319391,44.031239582027496,43.06022126400697,42.08111456401265,41.0942244176216,40.09987460269323,39.098408375602396,38.09018914770424,37.07560120851479,36.05505050310852,35.02896547242389,33.997797966529006,32.96202424247641,31.922146060209588,30.87869189209992,29.832218264171708,28.783311249953297,27.73258814126358,26.68069932420255,25.628330393259052,24.57620454193173,23.525085274729165,22.47577949308238,21.42914101680108,20.38607461352798,19.347540621539647,18.314560266631254,17.288221792196893,16.26968754356132,15.260202173805915,14.26110216948774,13.273826931556268,12.299931690122639,11.341102581978914,10.39917427671776,9.476150599444912,8.574228661274905,7.695827063866936,6.843618772550059,6.020569217663211,5.229980015799858,4.475538268779502,3.7613704448072287,3.092097885989354,2.472887070950787,1.9094800191586931,1.4081749034039897,0.9756964256243422,0.6188343402267367,0.34360628711779,0.1534669288840146,0.04571820471205268,0.005301216960706781,1.4394002411229538e-05,0.0,0.0,0.0,0.0,0.0,0.0,0.0,0.0,0.0,0.0,0.0,0.0,0.0,0.0,0.0,1.2997408468463903e-07,0.002072004061840417,0.02927299588701366,0.11675081307978914,0.28409972549048207,0.5366252987857141,0.872073447878906,1.2848832210023353,1.7683616630008887,2.3157170703820604,2.9205171396379286,3.57686531567803
29.338,83.73758302219578,83.36310485782943,82.98083549325035,82.59065226610079,82.19243249405898,81.78605358614146,81.37139315975983,80.948329163669,80.51674000695219,80.07650469418024,79.62750296687493,79.16961545140448,78.70272381343514,78.226710919056,77.74146100268325,77.2468598418507,76.74279493897635,76.22915571019817,75.70583368134591,75.17272269112696,74.62971910157285,74.07672201579972,73.51363350311114,72.94035883146897,72.35680670733996,71.76288952291209,71.15852361067205,70.54362950530098,69.91813221285811,69.28196148718378,68.63505211346023,67.9773441988393,67.30878347004642,66.62932157784769,65.93891640826833,65.23753240042505,64.52514087084518,63.80172034412389,63.06725688977603,62.32174446513336,61.56518526414494,60.79759007193556,60.01897862499902,59.229379976906586,58.42883286943861,57.61738610907133,56.795098948788095,55.96204147522437,55.118295001208494,54.263952463827266,53.399118828215855,52.523911497366136,51.63846072834589,50.74291005545307,49.83741672096367,48.922152114303785,47.997302220660806,47.06306808027858,46.11966625992129,45.16732933829529,44.20630640753897,43.23686359328294,42.25928459620893,41.273871258548425,40.28094415952459,39.280843244406725,38.27392849259581,37.26058063102886,36.2412019001848,35.21621688112174,34.18607339330205,33.1512434744844,32.112224455744965,31.069540146732727,30.02374214866877,28.975411315375627,27.925159385894,26.873630816051918,25.82150484084704,24.769497804777487,23.718365803498447,22.668907687559486,21.621968487728413,20.578443331815606,19.539281935294834,18.505493762793044,17.4781539751467,16.45841029777181,15.447490971195519,14.446713974470951,13.457497747587125,12.48137368060393,11.52000068556537,10.575182222222274,9.648886208999368,8.743268312926004,7.860699168425988,7.003796108564157,6.1754599715245195,5.378917408324446,4.617768748242158,3.896040653866047,3.218241092166508,2.589410736345629,2.0151581737430124,1.5016529915242536,1.0555243991058771,0.6835602295718303,0.39199556559397153,0.18497538644170206,0.06143218792161155,0.00944025878221581,0.0001088597457561391,0.0,0.0,0.0,0.0,0.0,0.0,0.0,0.0,0.0,0.0,0.0,0.0,0.0,0.0,0.0,5.6712718878094205e-34,0.0003187781115109714,0.013646027581478804,0.07504750942365479,0.21079039295894653,0.43069681555609346,0.7347541667453317,1.1183516540317613,1.5750990246832912,2.0982003071598188,2.6810830662906513,3.3176591667714055
29.619,83.80348811893852,83.43038654617139,83.04951575124348,82.66075309666084,82.26397590640676,81.85906157627387,81.44588768993255,81.0243321408632,80.59427326030814,80.15558995136982,79.70816182939832,79.25186936878863,78.7865940563173,78.31221855113186,77.82862685150904,77.33570446847881,76.8333386064182,76.32141835069658,75.79983486245398,75.26848158058057,74.7272544309555,74.17605204299394,73.61477597353661,73.04333093810897,72.461625049556,71.86957006405932,71.26708163451654,70.65407957125579,70.03048811004648,69.39623618734875,68.75125772273705,68.0954919084106,67.4288835057014,66.75138314847602,66.06294765330355,65.36354033627705,64.65313133634059,63.93169794499072,63.19922494219635,62.45570493839846,61.701138722435026,60.9355356152576,60.15891382929834,59.37130083337825,58.57273372304952,57.763259596303776,56.942935934605096,56.11183098924614,55.27002417308311,54.41760645775955,53.55468077660356,52.681362433475044,51.79777951793254,50.90407332721679,50.00039879567837,49.08692493245064,48.16383526833324,47.23132831309485,46.289618024619294,45.33893429162663,44.379523432008156,43.41164870919664,42.43559086940948,41.45164870309822,40.460139634485756,39.461400343724165,38.45578742692532,37.44367810017252,36.4254709545762,35.40158677056018,34.372469400846086,33.33858673308458,32.30043174480403,31.258523665337496,30.213409261701724,29.165664268104546,28.115894981903878,27.06474005253458,26.012872494247723,24.961001958603404,23.909877308672854,22.860289544009632,21.813075133879636,20.769119826243504,19.72936301189232,18.69480273732999,17.666501476914416,16.645592794974103,15.633289052690182,14.630890343195585,13.639794872298399,12.661511042206769,11.697671542120924,10.750049802626686,9.820579229485004,8.911375693652497,8.024763811217415,7.16330758504049,6.329845971004261,5.527533821768527,4.7598883469520175,4.030840515430715,3.3447893399855295,2.7066540069042198,2.1219129345468963,1.596607266070241,1.1372633818872993,0.7506433128592713,0.4431405872771279,0.21946028500504094,0.0799080257089562,0.015324477094506673,0.00044008942273971303,1.393003088920251e-18,0.0,0.0,0.0,0.0,0.0,0.0,0.0,0.0,0.0,0.0,0.0,0.0,0.0,0.0,0.0,1.2494570534383202e-05,0.005058797206104961,0.044441806579343615,0.15033641376581502,0.33802853364775404,0.6104387338044985,0.9642800368386174,1.3936520081573267,1.8918444553316724,2.452185808088939,3.0684128190770323
29.899,83.86857967420318,83.49683881700388,83.11735051528093,82.7299921591478,82.33464108194741,81.93117466963797,81.51947047587147,81.09940634293315,80.6708605286618,80.23371183950833,79.78783976985353,79.33312464772175,78.86944778701076,78.39669164636321,77.91473999478427,77.42347808411456,76.92279282846039,76.4125729906608,75.89270937587996,75.36309503239363,74.82362545962951,74.27419882350763,73.71471617912945,73.14508170082847,72.56520291960906,71.9749909679629,71.37436083206377,70.76323161130365,70.14152678513746,69.50917448718432,68.86610778651561,68.21226497605566,67.54758986799739,66.87203209613506,66.18554742499225,65.48809806562707,64.77965299797353,64.06018829958329,63.329687480618745,62.58814182495082,61.83555073721371,61.071922095675,60.29727261078267,59.51162818926993,58.715024303713605,57.90750636746795,57.08913011492156,56.25996198707636,55.42007952248328,54.56957175363798,53.70853960900433,52.83709632091982,51.955367839737654,51.06349325467194,50.16162522194932,49.249930401025225,48.328589899808534,47.39779973003594,46.45777127419105,45.50873176562305,44.55092478384967,43.584610767377235,42.610067546796024,41.62759090137482,40.637495142923974,39.64011373132058,38.635799926798946,37.62492748492865,36.60789140114499,35.58510871277525,34.5570193677544,33.524087170661495,32.48680081837314,31.445675039563486,30.40125185452038,29.354101974359807,28.30482636176906,27.25405797897539,26.20246375282073,25.15074679174043,24.099648895246418,23.049953403362917,22.002488441579285,20.958130626517786,19.917809308962813,18.882511444537936,17.85328719857928,16.831256411140895,15.817616071187931,14.813648976533896,13.820733788683395,12.84035673013983,11.87412521647527,10.923783766680044,9.991232592242556,9.078549325493986,8.188014404925294,7.322140676826619,6.483707773809217,5.675801743755563,4.901860136785721,4.1657221410253,3.4716820629463534,2.824541845235379,2.229653177577576,1.6929296559751683,1.2207895114281881,0.8199497904557725,0.4969137288185728,0.25683726449738215,0.10117763612459754,0.023189387250390568,0.0012432906053832908,2.8392829784336903e-09,0.0,0.0,0.0,0.0,0.0,0.0,0.0,0.0,0.0,0.0,0.0,0.0,0.0,0.0,0.0,3.875793129422627e-09,0.0012853989255667527,0.02352177537054038,0.10202661710486251,0.2582986741294059,0.4989996380313418,0.8226317318992568,1.2240224585043076,1.6966638916167196,2.233839831195423,2.8291352713013405
30.18,83.93287437236788,83.56247866275498,83.18435708890799,82.79838707119288,82.40444595527427,82.002411120545,81.59216009425175,81.1735706714341,80.7465210408364,80.31088991693312,79.86655667818897,79.41340151170161,78.9513055643392,78.48015110049877,77.99982166660087,77.51020226241937,77.01117951935808,76.50264188575315,75.9844798192902,75.45658598660397,74.91885547013182,74.3711859822599,73.81347808681464,73.24563542791955,72.66756496624033,72.07917722261269,71.4803865290572,70.87111128714182,70.25127423367006,69.62080271363592,68.97962896038338,68.327690382899,67.6649298601392,66.99129604229739,66.30674365889526,65.61123383356995,64.90473440543364,64.18722025685632,63.458673647531036,62.71908455467208,61.96845101920009,61.20677949776386,60.43408522046949,59.65039255418533,58.855735371316506,58.05015742396582,57.23371272342463,56.40646592497749,55.568492718049946,54.7198802217875,53.86072738622061,52.9911453992508,52.11125809979087,51.22120239750533,50.32112869972113,49.411201346240624,48.491599052955905,47.56251536537028,46.624159123366404,45.67675493882338,44.72054368799827,43.75578302093503,42.782747890567265,41.80173110464602,40.813043904145104,39.817016572409166,38.81399908000006,37.80436177098666,36.78849609735392,35.76681540923558,34.739755809908594,33.70777708586704,32.67136372391992,31.631026029125188,30.58730135954532,29.54075549634015,28.491984170661905,27.44161477226857,26.39030826880954,25.33876136949658,24.287708972461424,23.237926941714637,22.190235267437057,21.14550167261402,20.104645740039356,19.068643646837547,18.038533609279963,17.015422159300645,16.000491396322523,14.995007384414766,14.00032989611988,13.017923741196116,12.049371961587338,11.096391223362643,10.160849791601128,9.244788533041376,8.350445448515242,7.480284281639299,6.63702775996292,5.823695957513675,5.043650043283218,4.300641147040618,3.598862944003349,2.943004281487074,2.338293672534273,1.7905186533715072,1.3059856236945506,0.8913513352018907,0.5531885128640436,0.2970123684597617,0.12524218565475334,0.03322091874391872,0.0027976045555760942,8.830192381197387e-07,0.0,0.0,0.0,0.0,0.0,0.0,0.0,0.0,0.0,0.0,0.0,0.0,0.0,0.0,0.0,0.0,0.00016049113133315092,0.010596956141808157,0.06495808209329061,0.19108213701630766,0.4002575507397082,0.6933454421125859,1.0662015400867906,1.5126694419463182,2.0260596349929303,2.5998372942226498
30.46,83.99638842325545,83.62732259294742,83.25055228434869,82.86595495063523,82.47340795264628,82.07278866638704,81.66397459618963,81.24684349368046,80.82127348268997,80.38714319025378,79.94433188383256,79.49271961488975,79.0321873689503,78.56261722225736,78.0838925051564,77.59589797229015,77.0985199797365,76.59164666915154,76.07516815902505,75.54897674310382,75.0129670960658,74.46703648648312,73.91108499712385,73.34501575262392,72.76873515454531,72.18215312382495,71.58518335061333,70.97774355147386,70.35975573391605,69.73114646821107,69.09184716642922,68.44179436862522,67.78093003608215,67.10920185151679,66.42656352613172,65.73297511339452,65.02840332940949,64.31282187974512,63.58621179257315,62.848561757967026,62.09986847321506,61.340136994000204,60.569381091307214,59.787623613930194,58.99489685646696,58.191242932709685,57.376714154373296,56.55137341513259,55.71529457999165,54.86856288005728,54.011275312860526,53.14354104844177,52.26548184151437,51.37723245012885,50.4789410613804,49.57076972486137,48.65289479472125,47.72550738139903,46.78881381431756,45.84303611709161,44.88841249709717,43.92519785159603,42.953664292999726,41.974101696306036,40.98681827225482,39.992141170342684,38.99041711650384,37.98201309104775,36.967317053324315,35.94673872061443,34.92071040991882,33.889687952676994,32.85415169401105,31.81460758991393,30.77158841789935,29.725655119085896,28.677398292548034,27.627439866092324,26.5764349715412,25.52507405718627,24.474085275482985,23.424237190432176,22.376341856634337,21.33125833094286,20.289896688250902,19.253222625573468,18.22226275361724,17.198110692940887,16.181934113145306,15.174982878913786,14.178598496815933,13.194225092281092,12.223422187609426,11.267879599605495,10.329434828967852,9.410093371120261,8.512052435152544,7.637728604184357,6.789789987355794,5.971193363365182,5.185226627082394,4.435556390282339,3.726279601188099,3.0619760504981963,2.447754686542908,1.889278930101025,1.3927409974108942,0.9647252272213901,0.61184069708474,0.3398851495993745,0.15207824844811713,0.04555828373403896,0.00539083794573758,1.6967500110098345e-05,0.0,0.0,0.0,0.0,0.0,0.0,0.0,0.0,0.0,0.0,0.0,0.0,0.0,0.0,0.0,0.0,3.705442118711946e-06,0.003732733952125519,0.03800613320254047,0.13582771464191115,0.3139685115162217,0.5763284110266285,0.920166148726734,1.3398664710114934,1.8288587215134637,2.38053086721052
30.741,84.05913757926496,83.69138665161486,83.31595244021251,82.9327124335095,82.54154401028445,82.14232454621991,81.73493152612295,81.31924266192182,80.89513601658832,80.46249013412698,80.021184175766,79.57109806248032,79.11211262398304,78.64410975429367,78.16697257401688,77.68058559942467,77.18483491845122,76.67960837370144,76.16479575254533,75.6402889843793,75.10598234512983,74.56177266904128,74.00755956779783,73.44324565702006,72.86873679014059,72.28394229968622,71.688775245942,71.08315267299871,70.46699587213419,69.84023065249575,69.20278761901798,68.55460245750788,67.89561622680813,67.225775657942,66.54503346013213,65.85334863356778,65.15068678879568,64.4370204725921,63.71232950017497,62.976601293602684,62.22983122621888,61.4720229729873,60.70318886658025,59.92335025908958,59.13253788924102,58.330792255019915,57.518163991640506,56.69471425482187,55.860515109386554,55.01564992323972,54.16021376686098,53.294313818506964,52.41806977542136,51.53161427144951,50.63509330157824,49.72866665407111,48.81250835102372,47.88680709836889,46.95176674657194,46.00760676351494,45.05456272136018,44.092886799511795,43.12284830618473,42.14473422151943,41.158849765686334,40.16551899599653,39.1650854376912,38.15791275383627,37.14438546061351,36.12490969529238,35.09991404531155,34.06985044821531,33.03519517371786,31.99644990092361,30.95414290578182,29.908830376224003,28.861097875205676,27.811561975097156,26.760872090657173,25.70971254225869,24.658804886255965,23.608910555540596,22.56083386060417,21.51542541005003,20.473586019713046,19.43627119170718,18.404496259185958,17.3793423098257,16.361963021562563,15.353592568510221,14.355554783923152,13.36927380121339,12.396286433960723,11.438256601919615,10.496992161925403,9.574464558823847,8.67283176810574,7.79446505024965,6.941980059664406,6.118272815427642,5.326560883838673,4.570429725555934,3.853883298639095,3.1813962563960305,2.5579616134009604,1.989120967923474,1.4809510774091084,1.0399543830357167,0.672749070017436,0.3853511324494119,0.1816430778260752,0.06029890577829291,0.009294113098751052,0.00011069183909815075,0.0,0.0,0.0,0.0,0.0,0.0,0.0,0.0,0.0,0.0,0.0,0.0,0.0,0.0,0.0,0.0,7.003703717224845e-11,0.0008715899384458996,0.019802056484634643,0.0918325709411412,0.23980869897320764,0.47144823854839274,0.7858745915101445,1.1782525890396018,1.6422483632707985,2.1712285072048068
31.022,84.12113715175121,83.7546864339622,83.38057343843116,82.99867569126984,82.60887059186427,82.21103551854657,81.80504793987814,81.39078553169303,80.96812630004018,80.5369487101758,80.0971318217294,79.64855543019331,79.19110021484764,78.72464789326176,78.24908138246963,77.76428496695209,77.27014447350652,76.76654745311903,76.25338336991713,75.7305437972771,75.19792262116245,74.65541625075036,74.1029238363826,73.54034749488976,72.96759254230018,72.38456773395413,71.79118551201009,71.18736226033643,70.57301856675342,69.94807949258686,69.31247484946965,68.66613948333182,68.00901356548542,67.34104289071428,66.66217918225811,65.97238040357595,65.27161107675178,64.55984260741525,63.83705361602562,63.10323027537632,62.358366654165785,61.602465066491476,60.83553642712055,60.05760061240337,59.26868682671254,58.46883397430468,57.65809103653376,56.83651745437422,56.00418351625353,55.16117075125068,54.30757232776776,53.44349345787074,52.569051807563305,51.68437791338195,50.789615605799995,49.884922440084054,48.970470135395686,48.046445023126395,47.11304850566423,46.170497527038954,45.21902505717547,44.25888059181261,43.290330670512304,42.313659415614744,41.329169095479585,40.337180715914464,39.33803464432945,38.332091271888515,37.31973171977712,36.301358596660556,35.27739681552966,34.24829447940804,33.21452384687219,32.176582390050235,31.13499395974722,30.090310074646514,29.043111354220645,27.994009118114278,26.943647178420253,25.89270385556719,24.84189425357927,23.791972836416658,22.7437363541279,21.698027175858474,20.655737096612967,19.617811696386262,18.585255344199105,17.55913695616385,16.540596636436177,15.530853353384897,14.531213831144225,13.543082869572748,12.56797534411967,11.607530181559884,10.663526657860164,9.737903419290912,8.832780683876466,7.950486129823298,7.09358500546554,6.264914972088058,5.467626060902144,4.705225783287047,3.9816286808751085,3.30120806266277,2.668844627407107,2.089960704575001,1.5705171868556695,1.1169273061920983,0.7357960169657206,0.4333037502798522,0.2138790323053991,0.0775040904715904,0.014747116271128204,0.00041633576560766325,1.0711041296459881e-18,0.0,0.0,0.0,0.0,0.0,0.0,0.0,0.0,0.0,0.0,0.0,0.0,0.0,0.0,0.0,0.0,9.233056621714326e-05,0.008732014936575574,0.05821536203489485,0.17735658821364497,0.37852307352899217,0.663261392621248,1.02781490095455,1.4662361307977778,1.9719424700257326
31.302,84.18240202670452,83.81723710230764,83.44443072047198,83.0638604472665,82.67540370526815,82.27893787833409,81.87434042195937,81.46148897937783,81.04026150353701,80.61053638510003,80.17219258660742,79.72510978293184,79.26916850815941,78.80425030902421,78.33023790500201,77.84701535519298,77.35446823208305,76.85248380229034,76.34095121438277,75.81976169384049,75.28880874524705,74.74798836175127,74.19719924186361,73.63634301361654,73.06532446611142,72.4840517884738,71.89243681620745,71.29039528494059,70.67784709153115,70.05471656249426,69.42093272970044,68.77642961326677,68.12114651157148,67.45502829828958,66.77802572634872,66.09009573868401,65.39120178566714,64.6813141490723,63.96041027243562,63.22847509766366,62.485501407733445,61.731490175345826,60.96645091737625,60.19040205499607,59.40337127933491,58.6053959225827,57.796523334451386,56.97681126394713,56.146328246450096,55.30515399613375,54.453379803837464,53.59110894055341,52.718457066791416,51.835552648174534,50.94253737774119,50.03956660556008,49.126809776424466,48.204450876572736,47.272688890592754,46.33173826990744,45.38182941451336,44.42320916996608,43.45614134196211,42.48090723128761,41.49780619237761,40.50715621927184,39.50929456337949,38.50457838817605,37.49338546677809,36.47611492927781,35.45318806780445,34.42504920852446,33.39216666122923,32.35503375882203,31.314170000939477,30.27012231817971,29.223466476006465,28.174808640434,27.124787131141648,26.07407439181957,25.02337921243046,23.9734492438168,22.925073851864568,21.8790873664608,20.836372789985532,19.79786604136916,18.764560825167752,17.73751423107134,16.717853188264385,15.706781921642598,14.705590583682108,13.715665267393367,12.73849964287152,11.77570850288757,10.829043551692981,9.900411824689359,8.991897181876125,8.105785368388613,7.244593167492069,6.411102158960552,5.608397489199582,4.839911765367073,4.10947352832916,3.4213584057784345,2.7803383606584733,2.1917191969379526,1.6613462356155573,1.1955379804993405,0.800867906315628,0.48363585528462905,0.24871724082157592,0.09720468981938882,0.02195146059097913,0.001131129905583372,1.633693168426334e-09,0.0,0.0,0.0,0.0,0.0,0.0,0.0,0.0,0.0,0.0,0.0,0.0,0.0,0.0,0.0,0.0,1.3778112787200898e-06,0.0029813717597481273,0.03389125694756374,0.12607251537318584,0.29730993806062506,0.5522310619351553,0.8885267093684738,1.300824133909517,1.7826838001714456
31.583,84.24294667975818,83.87905340134677,83.50753930285083,83.12828199251997,82.74115891861814,82.34604747330854,81.9428251021029,81.53136941902231,81.11155832762338,80.68327014801594,80.24638375002984,79.80077869265125,79.34633536986847,78.88293516304724,78.41046059996019,77.92879552057444,77.43782524971958,76.93743677671479,76.42751894206154,75.90796263127577,75.37866097593279,74.83950956198288,74.2904066453952,73.73125337516356,73.16195402370165,72.5824162246455,71.99255121806277,71.39227410305655,70.78150409774425,70.1601648065656,69.52818449487421,68.88549637074289,68.23203887390726,67.56775597175205,66.89259746223914,66.20651928365973,65.50948383108438,64.80146027937892,64.08242491263945,63.35236145990386,62.611261436984734,61.85912449427806,61.09595877040126,60.321781251517514,59.536618136226885,58.74050520590829,57.93348820043502,57.11562319920228,56.28697700745514,55.44762754794614,54.5976642580129,53.737188492231546,52.866313930887955,51.98516699460083,51.093887265549796,50.19262791588519,49.28155614405835,48.360853619981995,47.430716940135035,46.491358093963335,45.54300494319554,44.585901715999135,43.62030951826092,42.64650686467662,41.664790232798374,40.67547464372138,39.67889427369178,38.67540310162375,37.6653755982987,36.64920746394749,35.62731642195642,34.60014307766326,33.56815185259364,32.5318320061136,31.491698758335616,30.448294530290877,29.40219031989714,28.353987235196914,27.30431820976879,26.253849929243454,25.203285002573818,24.15336441726589,23.10487032433199,22.058629206473913,21.015515492178004,19.976455689294962,18.942433124607962,17.914493391280462,16.89375062437196,15.881394746358504,14.878699850394284,13.887033919520439,12.907870115776863,11.942799914629541,10.993548407329314,10.06199214591881,9.150179960040658,8.260357225634502,7.394994101088279,6.556818243169888,5.748852428925084,4.974457257586755,4.237378532324181,3.541797730648718,2.892381602587241,2.2943223019298764,1.753350430075324,1.2756857221882674,0.8678553362471132,0.5362408843733056,0.2860806061276205,0.11940637142143207,0.031069383610923318,0.0024887960050256367,5.500113619664735e-07,0.0,0.0,0.0,0.0,0.0,0.0,0.0,0.0,0.0,0.0,0.0,0.0,0.0,0.0,0.0,0.0,1.4447304582436138e-12,0.0006621864980675071,0.017555571269964442,0.085276137123476,0.22749096391769907,0.45265064271424166,0.7603435673954281,1.1460069221810438,1.603461200864227
31.863,84.30278519055753,83.9401496727636,83.5699137919968,83.1919552008297,82.8061513756279,82.41237971955643,82.01051767112817,81.60044281844141,81.18203301926047,80.75516652706607,80.31972212323579,79.87557925547274,79.42261818262523,78.96072012601851,78.48976742742104,78.00964371375962,77.52023406869095,77.02142521113066,76.51310568082764,75.99516603107116,75.46749902860455,74.92999986079894,74.38256635015716,73.825099176173,73.25750210457758,72.6796822240036,72.09155019004973,71.49302047675634,70.88401163545663,70.26444656097347,69.63425276511059,68.99336265737537,68.34171383285471,67.67924936715515,67.00591811830708,66.32167503551534,65.62648147463364,64.92030552022955,64.20312231409821,63.474914390076044,62.73567201500815,61.98539353571465,61.224085731812636,60.45176417424868,59.66845358941636,58.87418822874544,58.069012243670024,57.25298006591718,56.42615679309175,55.58861857957781,54.74045303283304,53.88175961522461,53.01265005162272,52.13324874307551,51.24369318698957,50.3441344043704,49.43473737483014,48.515681480236964,47.5871609580822,46.649385365868106,45.7025800580855,44.74698667764297,43.78286366396546,42.81048678036334,41.830149663734936,40.8421644001725,39.84686213064248,38.84459369157797,37.83573029601302,36.820664261759696,35.79980979417671,34.773603832234365,33.74250696795869,32.70700445089395,31.66760729104709,30.62485347587911,29.579309319358305,28.531570963941093,27.48226605967347,26.43205564850589,25.381636286480934,24.331742441831093,23.283149213359934,22.23667542096342,21.193187129007292,20.153601673784298,19.11889227874786,18.090093356049838,17.068306610542475,16.05470808335766,15.0505562970265,14.05720169346821,13.076097590649995,12.108812923763738,11.157047082484144,10.222647206599568,9.307628355836789,8.414197020900122,7.544778481018325,6.702048517922478,5.888969927782601,5.108834057177103,4.365307087828793,3.6624797461339176,3.0049170204554847,2.397700375244846,1.846446988268449,1.3572750035840448,0.9366532735230477,0.59101374825623,0.32588624481666056,0.14409431893217306,0.04222558694588106,0.0047326316695904475,1.1207468251383854e-05,0.0,0.0,0.0,0.0,0.0,0.0,0.0,0.0,0.0,0.0,0.0,0.0,0.0,0.0,0.0,0.0,0.0,6.383715842261935e-05,0.007688697773749877,0.054123193220667394,0.1686574110039928,0.3643408401203945,0.6431985604557906,1.0017689802292347,1.4342796909300546
32.144,84.36193125652554,84.00053986923001,83.63156839847997,83.2548945432411,82.87039581031408,82.47794961647449,82.0774333961303,81.66872471464728,81.2517013874918,80.82624160533042,80.3922240652274,79.94952810808023,79.49803386242554,79.03762239473183,78.56817586632052,78.08957769701104,77.60171273561538,77.10446743736853,76.59773004840069,76.08139079733054,75.55534209404851,75.01947873576951,74.47369812039459,73.91790046723472,73.35198904512332,72.77587040793878,72.18945463753931,71.59265559411267,70.98539117390646,70.36758357431985,69.7391595663016,69.10005077398829,68.45019396152225,67.78953132694744,67.11801080309147,66.43558636531776,65.74221834602622,65.03787375576935,64.32252661084354,63.59615826721032,62.85875776059415,62.11032215261005,61.350856882768745,60.58037612621901,59.798903157094955,59.0064707173499,58.20312139098432,57.38890798359908,56.563893907241635,55.72815357055985,54.881772774325995,54.02484911246438,53.157492378788085,52.27982497974426,51.391982353575806,50.4941133964234,49.58638089605182,48.66896197403507,47.742048537444305,46.80584774129125,45.86058246324863,44.90649179244967,43.94383153451858,42.97287473535349,41.993912226640035,41.00725319656183,40.013225789764,39.012177741276226,38.004477049865635,36.99051269715546,35.97069541984111,34.945458543487355,33.91525888770715,32.880577754054606,31.841922009724183,30.79982528219773,29.754849282357217,28.707585276343284,27.65865572967546,26.608716150916155,25.558457166594277,24.508606864305314,23.459933447029492,22.413248248950282,21.369409171606613,20.329324609363532,19.29395794521437,18.264332712239142,17.241538533036653,16.22673796964493,15.221174440418201,14.22618138863341,13.24319292085678,12.273756171787314,11.319545696572094,10.382380240954515,9.464242292168755,8.567300864739577,7.693938015867648,6.846779596430317,6.02873069064901,5.24301601411824,4.493225102475635,3.783361199105819,3.1178908995146344,2.5017879877381635,1.9405578630158853,1.4402152579642804,1.0071611094201829,0.6478514990564053,0.36804745472550376,0.1712373136094772,0.05551071096343359,0.008095391418446406,7.628956565418728e-05,0.0,0.0,0.0,0.0,0.0,0.0,0.0,0.0,0.0,0.0,0.0,0.0,0.0,0.0,0.0,0.0,0.0,7.455646823241814e-07,0.0026042826619423164,0.03158469920677709,0.12029154746403996,0.2870655317344167,0.5369966790288798,0.8680817420788717,1.2751390090200985
32.424,84.42039820604968,84.06023756782068,83.69251695065603,83.31711410191372,82.93390656108758,82.54277176109028,82.1435871350295,81.73623022863222,81.32057881846309,80.89651103607717,80.46390549825175,80.02264144343837,79.5725988745559,79.11365870827012,78.6457029308663,78.16861476084405,77.68227881833621,77.18658130145934,76.68141016968826,76.16665533434106,75.64220885625456,75.10796515070808,74.56382119966378,74.00967677136038,73.44543464729357,72.87100085661231,72.28628491792688,71.69120008853797,71.08566362105788,70.46959702739724,69.84292635007276,69.20558244077469,68.55750124612176,67.8986241005208,67.22889802602785,66.54827603910512,65.85671746414901,65.15418825365998,64.44066131491303,63.71611684298462,62.98054265998526,62.23393456034605,61.47629666201128,60.707641763388196,59.92799170592632,59.13737774219929,58.33584090939469,57.52343240813546,56.70021398659431,55.86625832990655,55.021649454932806,54.16648311049293,53.300867183260614,52.42492210960074,51.53878129373549,50.64259153274151,49.73651344902964,48.8207219311143,47.89540658367471,46.96077218812144,46.017039175135196,45.06444411093264,44.1032401993325,43.13369780208491,42.15610498034345,41.17076806065676,40.17801222941953,39.178182160363875,38.171642680412575,37.158779480057426,36.13999987540319,35.115733630130734,34.08643384692081,33.05257793936512,32.014668697107865,30.973235458946352,29.928835410932265,28.88205502919433,27.833511690339208,26.78385547594629,25.733771201959843,24.68398070882237,23.63524545411995,22.588369456509895,21.544202647969083,20.50364470120388,19.46764941067693,18.43722971951393,17.41346350094496,16.397500222413733,15.390568643578483,14.393985726732325,13.409166970262469,12.43763841314807,11.481050601383957,10.541194855233323,9.620022227743545,8.71966559605638,7.842465369353653,6.990999314347281,6.168116959636457,5.37697888500487,4.6211008204576585,3.904401665569516,3.231252901552537,2.606523659007919,2.0356094749344185,1.5244206730033492,1.0792826526036272,0.7066538212810758,0.4124752898865553,0.20079121349548043,0.07098548817563244,0.012786841236613538,0.0002963339183433553,3.3602068721377766e-30,0.0,0.0,0.0,0.0,0.0,0.0,0.0,0.0,0.0,0.0,0.0,0.0,0.0,0.0,0.0,0.0,1.3139432063702953e-13,0.0005732893203316931,0.01643476466740954,0.08174690055070566,0.2205194900405187,0.4416081287391705,0.7449000362757575,1.1260317186129618
32.705,84.4781990111214,84.11925598286287,83.75277290773438,83.37862758341234,82.99669758426866,82.60686036179752,82.20899335052586,81.80297407954686,81.3886802898179,80.96599005738317,80.5347819226495,80.094935025858,79.64632924888811,79.1888453635209,78.72236518628107,78.24677173998755,77.76194942211075,77.26778418004821,76.76416369341456,76.25097756342932,75.72811750948448,75.1954775729601,74.65295432834328,74.10044710170256,73.53785819654655,72.96509312709678,72.38206085897986,71.788674057341,71.18484934235913,70.5705075521394,69.945574012934,69.30997881663971,68.66365710550009,68.00654936392598,67.33860171734402,66.65976623795797,65.97000125730686,65.26927168549017,64.5575493369183,63.83481326244818,63.10105008774936,62.35625435775124,61.60042888702226,60.833585115931186,60.05574347245677,59.26693373952185,58.46719542774548,57.65657815353761,56.83514202248692,56.00295801804024,55.16010839551137,54.30668708153546,53.4428000791358,52.56856587867228,51.684115875035985,50.78959479157194,49.885161111346484,48.97098751654576,48.047261336961796,47.11418500874324,46.17197654483236,45.2208700187766,44.26111606394367,43.2929823905118,42.31675432304796,41.332735361946405,40.3412477725647,39.34263320651112,38.33725336026257,37.325490677114196,36.307749099409996,35.284454879088905,34.25605745583992,33.22303041359477,32.1858725277678,31.145108917572855,30.10129232000119,29.055004504642092,28.006857851573834,26.957497118099084,25.907601424257265,24.85788649192817,23.809107178078026,22.762060349474147,21.717588154187155,20.676581754671286,19.639985598436414,18.608802315649847,17.584098348828157,16.56701043856821,15.558753111545201,14.560627343344015,13.574030599674055,12.600468495641962,11.641568354298187,10.699094992361703,9.774969111496976,8.871288724309883,7.990354087929578,7.13469663996043,6.307112403634468,5.510700198371081,4.748904660041793,4.025563357495788,3.344955840589234,2.7118496075621765,2.1315324565126597,1.6098099784292326,1.152926074561843,0.7673233824092475,0.4590798120002356,0.23270187973442702,0.08868500593790982,0.018987483228662456,0.0008258059937289656,6.856594881746773e-11,0.0,0.0,0.0,0.0,0.0,0.0,0.0,0.0,0.0,0.0,0.0,0.0,0.0,0.0,0.0,0.0,0.0,5.4849566155172354e-05,0.007258391181277989,0.052228207192751036,0.16431423186275385,0.3568604141087648,0.6321578598538985,0.9869409590910821
32.986,84.53534629945494,84.17760797826772,83.81234937231112,83.43944833144698,83.05878246703269,82.67022925151511,82.27366612347721,81.86897059828827,81.4560203845031,81.03469350615384,80.60486843108285,80.1664242054496,79.71924059454581,79.26319823005986,78.79817876389802,78.3240650286973,77.84074120513372,77.34809299613178,76.84600780807857,76.33437493912277,75.81308577464942,75.28203398998714,74.74111576042127,74.1902299785535,73.6292784790466,73.05816627078319,72.47680177644719,71.8850970795275,71.28296817873783,70.67033524981353,70.04712291465587,69.41326051776329,68.76868240988084,68.11332823879289,67.44714324715459,66.7700785772633,66.08209158265049,65.38314614636101,64.67321300578762,63.9522700839142,63.22030282681682,62.47730454727335,61.72327677432935,60.95822960867162,60.18218208366968,59.39516253196345,58.59720895748155,57.78836941281188,56.9687023818676,56.13827716783869,55.29717428646013,54.44548586469284,53.58331604497904,52.71078139532131,51.82801132552793,50.9351485100862,50.032349318257076,49.11978425213833,48.19763839363019,47.26611186142833,46.3254202794262,45.37579525816431,44.41748489128498,43.450754269308206,42.47588601344688,41.49318083265739,40.502958107644474,39.50555650616509,38.50133463466632,37.490671732099855,36.473968412684506,35.451647465435485,34.42415471951401,33.391959985842355,32.35555808706746,31.315469989824564,30.272244055439344,29.226457427736065,28.178717579569863,27.12966404315092,26.079970353251937,25.03034623712665,23.981540090526256,22.934341785747787,21.889585865395635,20.848155184681165,19.810985075940312,18.779068121912882,17.75345963960622,16.735283994699316,15.725741887945471,14.726118780452483,13.737794654640412,12.762255342598348,11.801105693801034,10.856084899528987,9.929084340721346,9.022168376347285,8.137598534126965,7.2778615914529805,6.445702016500329,5.644159130481849,4.87660906354895,4.146810944110701,3.458955474530673,2.817711516856845,2.2282614079628305,1.696306232134686,1.2280038198998888,0.829766072337527,0.5077710767558757,0.2669076129546908,0.10862276267477654,0.02684655055363948,0.0018549093063629832,1.1258124294528043e-07,0.0,0.0,0.0,0.0,0.0,0.0,0.0,0.0,0.0,0.0,0.0,0.0,0.0,0.0,0.0,0.0,0.0,6.485117193955096e-07,0.0024983421445366753,0.03077388727024861,0.11796209823867325,0.2825290348619499,0.5297633656382927,0.8578377789513201
33.266,84.59185236610813,84.23530607934563,83.87125910239378,83.49958933909735,83.12017443984305,82.73289190032207,82.33761916572905,81.93423374053933,81.52261330401299,81.10263583157247,80.67417972219968,80.2371239319849,79.79134811397208,79.3367327644256,78.87315937564435,78.40051059544632,77.91867039343633,77.42752423416138,76.92695925725597,76.4168644646638,75.8971309150242,75.36765192528534,74.82832327961584,74.27904344566016,73.71971379817485,73.15023885008458,72.57052649095202,71.98048823288882,71.38003946387605,70.76909970847788,70.14759289591159,69.51544763541668,68.87259749885966,68.21898131049514,67.55454344379011,66.87923412520688,66.19300974482793,65.49583317369351,64.78767408772181,64.06850929805863,63.338323087718294,62.597107554353094,61.84486295900737,61.08159808070434,60.30733057672196,59.52208734843446,58.72590491259911,57.9188297780059,57.10091882742857,56.272239704851714,55.43287120800758,54.58290368629514,53.72243944423659,52.851593150705554,51.97049225424235,51.07927740490757,50.17810288323348,49.267137036995585,48.34656272669941,47.41657778087715,46.477395462522345,45.52924494825557,44.572371822116395,43.60703858623289,42.633525191009866,41.65212958793995,40.66316830866163,39.666977074484734,38.66391144129279,37.6543474855081,36.63868253771219,35.6173359715434,34.59075005668286,33.55939088611055,32.523749389390815,31.484342445580726,30.44171411146709,29.39643698330638,28.34911371310146,27.30037870379792,26.250900011691673,25.201381488923175,24.152565204327818,23.105234187249827,22.060215546420633,21.0183840248568,19.980666062216308,18.94804444848956,17.921563667658237,16.902336047463827,15.89154885218762,14.890472479893196,13.90046995448343,12.923007936692162,11.959669517110768,11.012169098456171,10.082369722571087,9.172303247455968,8.284193825135011,7.420485160622558,6.583872023146453,5.777336390691339,5.004188358754575,4.2681113864893545,3.57321031164954,2.924058316424489,2.3257346651876647,1.783836607906917,1.3044324911527931,0.8938911552224961,0.5584599037590694,0.3033411651917085,0.1307943605465971,0.03648267524126461,0.003588456806703485,3.8661696313452125e-06,0.0,0.0,0.0,0.0,0.0,0.0,0.0,0.0,0.0,0.0,0.0,0.0,0.0,0.0,0.0,0.0,0.0,1.7937910879831678e-13,0.0005685847187689184,0.016246470319036692,0.08085904154031873,0.21832666141846166,0.4375929353901537,0.738677976994149
33.547,84.64772918463096,84.29236248414846,83.92951452292863,83.55906326053788,83.18088638836473,82.79486142756635,82.40086583242872,81.99877709927628,81.58847288109489,81.16983110800524,80.74273011372964,80.30704876819932,79.86266661643342,79.40946402382313,78.94732232794335,78.47612399702382,77.9957527951832,77.50609395453894,77.00703435429543,76.49846270689581,75.98026975132932,75.45234845365938,74.91459421484257,74.36690508588464,73.80918199038275,73.24132895447471,72.6632533442192,72.07486611040743,71.47608204079607,70.8668200197449,70.24700329521333,69.61655975307512,68.97542219867978,68.32352864559135,67.66082261140285,66.98725342053517,66.30277651389824,65.60735376528955,64.90095380439776,64.18355234626513,63.45513252706372,62.7156852460302,61.965209513406826,61.203712804242315,60.43121141790431,59.64773084317402,58.853306128806935,58.04798225946367,57.23181453694741,56.40486896671851,55.56722264970131,54.718964179454545,53.860194044843915,52.99102503843076,52.111582670882925,51.22200559183111,50.32244601770803,49.41307016726561,48.49405870563051,47.56560719795681,46.62792657395837,45.68124360486669,44.7258013946524,43.76185988769527,42.78969639546916,41.80960614526308,40.821902854460674,39.82691933449235,38.8250081292313,37.816542193381174,36.801915617271746,35.781544405488255,34.75586731792251,33.725346783160646,32.69046989566697,31.651749510002315,30.60972544737337,29.564965832206823,28.518068579222177,27.46966305473051,26.42041193967503,25.37101332638352,24.322203086222572,23.27475755149064,22.2294965621405,21.187286936488807,20.149046435211527,19.115748299948997,18.08842646210228,17.068181534318946,16.056187717217608,15.053700777615338,14.06206728244808,13.082735305237698,12.117266859720296,11.167352358111096,10.23482743865302,9.321692556271628,8.430135776164672,7.562559242497153,6.721609792845412,5.91021411555251,5.131618630755492,4.3894337843904285,3.6876814308241586,3.030841977283788,2.423894079928097,1.8723321870990837,1.3821327156899375,0.9596113526365443,0.611058470496102,0.34193138967421044,0.15518077290420373,0.047986071277846196,0.006228583936393778,3.391702155703379e-05,0.0,0.0,0.0,0.0,0.0,0.0,0.0,0.0,0.0,0.0,0.0,0.0,0.0,0.0,0.0,0.0,0.0,0.0,5.894376142154055e-05,0.007340697364523244,0.05226729219642435,0.1638907311249446,0.3554842041896789,0.6293983664661544
33.827,84.70298841776221,84.34878907434785,83.98712773686854,83.6178824222869,83.24093086490379,82.8561506134955,82.46341913383878,82.06261391677337,81.65361259194599,81.23629304738664,80.81053355506634,80.37621290256135,79.93321053098002,79.4814066792725,79.02068253505547,78.55092039206947,78.07200381439687,77.583817807532,77.0862489964224,76.579185810559,76.06251867621454,75.53614021589497,74.99994545506942,74.45383203624367,73.89770044040677,73.33145421588885,72.75500021465187,72.16824883601109,71.5711142777906,70.96351479488243,70.34537296518175,69.71661596284741,69.07717583882909,68.42698980858042,67.76600054687384,67.09415648961436,66.41141214254,65.71772839668328,65.0130728504607,64.29742013824836,63.570752265295006,62.83305894882102,62.08433796515119,61.324595502726744,60.55384652085676,59.772115114068654,58.979434881942915,58.175849304328885,57.361412121874764,56.53618772183048,55.70025152913708,54.85369040285598,53.99660303806761,53.129100373439954,52.251306004752315,51.36335660477803,50.465402350042666,49.557607355121306,48.6401501153071,47.71322395866965,46.777037508749444,45.83181515938034,44.87779756342746,43.915242137559105,42.94442358555002,41.965634443051755,40.97918564726082,39.985407135483555,38.98464847725528,37.9772795454082,36.963691232342455,35.94429621874139,34.91952980309228,33.88985080168089,32.85574253022237,31.817713880027842,30.77630050360925,29.732066126949974,28.68560400838249,27.637538567160874,26.58852720850798,25.539262376228812,24.49047386904903,23.44293146279649,22.397447887564283,21.354882217294175,20.316143739029886,19.28219638071877,18.254063790224905,17.232835174569242,16.219672027783535,15.215815898684475,14.222597376869295,13.24144650683212,12.273904876691537,11.321639669658598,10.386460012436503,9.47033600321169,8.575420848187536,7.704076570344536,6.858903759137499,6.042775770938,5.2588776034341596,4.5107492343558935,3.8023323145316623,3.1380173208103823,2.5226848119581446,1.9617277559171729,1.461029000623775,1.0268428732196924,0.6654807636725925,0.3826045849612939,0.18175117977808733,0.06142145951565455,0.009963010699941027,0.000152899907599736,0.0,0.0,0.0,0.0,0.0,0.0,0.0,0.0,0.0,0.0,0.0,0.0,0.0,0.0,0.0,0.0,0.0,0.0,9.083146363398164e-07,0.0026253220561137484,0.03130031920988819,0.11876956661610194,0.28322790493489847,0.5299123663253734
34.108,84.75764142769798,84.40459742568379,84.04411053579494,83.67605883401207,83.30032009939322,82.91677191041761,82.52529174668413,82.12575709613124,81.71804556791832,81.30203501111305,80.87760363934159,80.44463016153152,80.0029939188879,79.55257502824212,79.09325453189324,78.62491455407174,78.14743846414007,77.66071104663882,77.16461867828635,76.65904951201983,76.14389366817075,75.6190434328456,75.0843934635857,74.53984100235189,73.98528609589322,73.42063182351684,72.84578453229584,72.26065407970962,71.66515408372372,71.0592021802799,70.44272028817386,69.81563488126802,69.17787726798456,68.52938387799968,67.8700965560622,67.19996286282482,66.51893638258538,65.82697703781393,65.12405141032964,64.41013306899053,63.6852029037457,62.94924946589886,62.202269314431824,61.44426736823109,60.67525726407831,59.895261720258674,59.10431290567024,58.30245281432944,57.48973364519474,56.666218187266246,55.83198020996256,54.98710485881742,54.131689056619145,53.26584191016961,52.389685122941856,51.503353414013084,50.60699494376672,49.70077174700723,48.78486017427935,47.859451342386194,46.92475159530091,45.98098297692605,45.028383717430096,44.06720873521944,43.09773015697567,42.120237858609,41.13504003047154,40.14246377072312,39.14285571138215,38.13658268232516,37.12403241932441,36.10561432318203,35.08176027811368,34.052925538800245,33.01958969699505,31.98225774024816,30.941461217277006,29.89775952676258,28.851741348991588,27.8040262428278,26.755266434074677,25.70614882548274,24.657397263568946,23.60977510319153,22.56408811763307,21.521187809976308,20.481975191060965,19.44740510055871,18.41849116103685,17.39631147069064,16.38201515915427,15.376829952952514,14.382070923262225,13.399150619229964,12.429590825549232,11.475036223454822,10.537270279243481,9.618233732134469,8.720046099678768,7.84503065561856,6.995743345783431,6.175006061500923,5.385944529729484,4.6320306981780375,3.917128693656089,3.2455418402582135,2.6220551330486823,2.051961609488364,1.5410495803194801,1.095505400995943,0.7216429153033079,0.4252855831183779,0.2104653943115603,0.076831247132875,0.014958255771317083,0.00046986956489454464,2.8353578151372925e-15,0.0,0.0,0.0,0.0,0.0,0.0,0.0,0.0,0.0,0.0,0.0,0.0,0.0,0.0,0.0,0.0,0.0,2.6327346173396173e-12,0.0006413633753734389,0.01691462736120962,0.08240742647678652,0.22055842591879726,0.44010481445108157
34.388,84.81169928595054,84.4597988179893,84.10047441011804,83.73360419889728,83.35906600993151,82.97673745341729,82.58649602503851,82.18821921234152,81.78178460676702,81.36707002146088,80.94395361502384,80.51231402133917,80.07203048561453,79.62298300677358,79.1650524863275,78.6981208838509,78.22207137917626,77.73678854142464,77.24215850497414,76.73806915245748,76.224410304886,75.70107391896988,75.16795429170762,74.62494827230131,74.07195548144455,73.50887853801913,72.93562329322279,72.35209907213738,71.75821892273491,71.15389987231167,70.5390631913055,69.9136346644693,69.27754486933534,68.63072946189513,67.97312946942029,67.3046915903174,66.6253685009146,65.93511916905263,65.23390917435286,64.52171103502192,63.79850454104394,63.06427709361018,62.319024050633764,61.562749078193015,60.795464507759014,60.017191699065876,59.22796140849604,58.42781416287677,57.61680063860363,56.794982046040076,55.96243051918687,55.11922951065898,54.26547419207163,53.40127186000772,52.52674234782654,51.64201844366448,50.747246315114246,49.84258594118374,48.92821155231012,48.00431207938114,47.07109161292267,46.12876987386236,45.17758269754226,44.217782532987066,43.2496389597833,42.27343922534661,41.28948880583042,40.29811199446753,39.29965252176168,38.29447421265287,37.28296168660166,36.26552110746444,35.242580991112334,34.214593079977575,33.18203329513709,32.14540277818454,31.105229037044563,30.062067212086145,29.016501481451822,27.96914662750028,26.92064978973913,25.871692433690434,24.82299256990559,23.77530726294641,22.729435476751007,21.686221310586344,20.646557688993976,19.611390580019926,18.58172382893005,17.558624709894655,16.543230316245708,15.536754931332473,14.540498547253447,13.555856728340446,12.584332050636826,11.627547387912,10.687261358600507,9.765386294953235,8.864009142028143,7.985415732428339,7.132118898256337,6.306890846865598,5.51280008999232,4.753252880912483,4.032038403235889,3.3533755341393445,2.7219562423221824,2.142975363488993,1.6221262600603439,1.1655220520956804,0.7794634459695859,0.4698986247945714,0.24127591739838525,0.09423867158680038,0.02135655281626916,0.0011310284832453383,3.1676182425112375e-09,0.0,0.0,0.0,0.0,0.0,0.0,0.0,0.0,0.0,0.0,0.0,0.0,0.0,0.0,0.0,0.0,0.0,0.0,7.750525567373668e-05,0.007916383824154221,0.054129462460687304,0.16714303628502405,0.359825892263891
34.669,84.86517278281643,84.51440424482318,84.15623055887148,83.79052992360909,83.41718021291396,83.03605907065726,82.64704401079484,82.2500125229222,81.84484218345132,81.43141077256163,81.00959639705792,80.57927761929226,80.14033359227865,79.69264420113846,79.23609021101295,78.7705534215548,78.29591682813444,77.8120647898582,77.3188832045141,76.81625969053796,76.30408377609335,75.78224709533765,75.25064359195326,74.70916972999649,74.15772471211835,73.59621070518668,73.02453307335004,72.44260061853129,71.85032582837711,71.24762513162598,70.63441916088628,70.01063302276704,69.37619657531717,68.73104471269694,68.07511765700552,67.40836125716176,66.73072729473661,66.04217379661192,65.34266535434261,64.63217345007465,63.91067678888051,63.178161637356254,62.43462216832619,61.68006081150601,60.9144886099676,60.13792558227221,59.35040109013422,58.551954211511394,57.74263411902905,56.92250046368791,56.091623763830235,55.25008579940468,54.39798001161098,53.53541190808805,52.66249947388909,51.779373588574984,50.88617844989124,49.98307200460496,49.07022638725048,48.1478283676988,47.216079808676206,46.27519813459371,45.32541681331547,44.36698585281117,43.40017231498129,42.425260849364236,41.442554249884815,40.452374038339215,39.45506107892397,38.4509762287985,37.44050103047874,36.4240384527646,35.40201368795249,34.37487501429292,33.34309473403401,32.30717019900112,31.267624937508597,30.225009898547416,29.179904831683462,28.132919824000208,27.084697018798877,26.035912544724148,24.98727868861368,23.939546350806904,22.89350782805089,21.849999976686206,20.809907817712453,19.774168655876274,18.743776797417738,17.71978896590452,16.70333053311048,15.6956027026199,14.697890808276176,13.711573918249186,12.73813596880963,11.77917869007558,10.83643662875516,9.911794618958945,9.00730809831398,8.125226706154683,7.268021620314176,6.438417063993443,5.639426297768734,4.87439211768121,4.147031248337045,3.4614807506992418,2.822342092551849,2.2347137738090694,1.7041942585965844,1.2368193076674434,0.8388634335594681,0.5163680576891195,0.2741296631127673,0.11365074855003907,0.029275264196820007,0.002303975048310582,4.878278957052935e-07,0.0,0.0,0.0,0.0,0.0,0.0,0.0,0.0,0.0,0.0,0.0,0.0,0.0,0.0,0.0,0.0,0.0,0.0,1.8647532686838506e-06,0.0029958926517750445,0.03312854786804145,0.12256986278990835,0.288884053303377
34.95,84.91807243647227,84.56842442272458,84.21138989912322,83.84684712786142,83.47467403276033,83.09474829326005,82.70694744371366,82.31114897813026,81.90723046050992,81.49506964094047,81.074544577573,80.6455337646494,80.20791626669627,79.76157185903683,79.30638117474798,78.84222585818608,78.3689887252028,77.88655393016647,77.39480713989462,76.8936357145951,76.38292889590937,75.86257800213497,75.33247663070503,74.79252086797995,74.24260950640588,73.68264426907648,73.11253004172725,72.53217511217373,71.941491417201,71.34039479688114,70.72880525630619,70.10664723468741,69.47384988177475,68.83034734152064,68.17607904291923,67.510989997915,66.83503110628443,66.14815946736563,65.45033869851439,64.74153926013882,64.02173878717846,63.29092242686875,62.54908318263988,61.796222263995816,61.032349442222056,60.25748341177933,59.47165215724974,58.67489332572187,57.867254604521,57.04879410422568,56.21958074694054,55.37969465985408,54.52922757415259,53.66828322944358,52.79697778390889,51.9154402305141,51.02381281970535,50.12225148915592,49.21092630127767,48.29002188938274,47.35973791358363,46.42028952775167,45.471907859113045,44.51484050236979,43.54935203057618,42.575724525401355,41.594258129855305,40.605271627083326,39.609103049416476,38.60611032255336,37.596671950518946,36.581187747938806,35.56007962719106,34.53379244917246,33.50279494776767,32.467580739673245,31.428669433031942,30.386607850421584,29.341971384167,28.295365504766306,27.247427446507054,26.198828098192006,25.15027413138982,24.102510403909815,23.056322682402328,22.01254073531502,20.972041856066138,19.935754886519625,18.904664822937953,17.879818100915543,16.862328672755293,15.853385010809351,14.854258193961245,13.86631126217679,12.891010056351613,11.929935797770815,10.984799703177835,10.05745997662782,9.149941565162896,8.264459105872575,7.403443515235554,6.569572655220022,5.765806412411104,4.995426268574091,4.262078879295577,3.5698220427563383,2.923169226916975,2.327124564502844,1.7871920516510205,1.3093269291885903,0.8997666224299969,0.5646188891817555,0.30896939773611737,0.1350609453586353,0.03880784449736302,0.004162542126916511,8.027148582576003e-06,0.0,0.0,0.0,0.0,0.0,0.0,0.0,0.0,0.0,0.0,0.0,0.0,0.0,0.0,0.0,0.0,0.0,0.0,1.0060760312289618e-10,0.0008084316403009117,0.01845761537245329,0.08633494518669971,0.22703786746082125
35.23,84.97040850171517,84.62186980010287,84.26596307502166,83.9025666536187,83.53155851127124,83.15281636482322,82.7662177710877,82.37164023078265,81.96896129803997,81.55805869565005,81.13881043617256,80.71109494906764,80.27479121398815,79.82977890036112,79.3759385134041,78.91315154668519,78.44130064136601,77.96026975223297,77.46994432062083,76.97021145434293,76.460960114703,75.94208131068508,75.41346830038569,74.87501679975847,74.32662519871667,73.76819478464151,73.19962997331623,72.62083854731426,72.03173190183027,71.43222529795821,70.82223812338391,70.20169416045637,69.57052186158921,68.92865463192707,68.27603111919349,67.61259551063476,66.93829783695217,66.25309428310506,65.55694750585978,64.84982695794773,64.13170921868509,63.40257833090828,62.66242614406482,61.91125266331371,61.14906640447254,60.3758847546762,59.5917343386055,58.79665139016922,57.99068212954444,57.173883145504746,56.346321783007035,55.50807653604636,54.659237445852995,53.79990650455698,52.93019806454162,52.05023925378139,51.16017039758576,50.260145447281786,49.35033241652463,48.43091382609522,47.50208715823063,46.56406532176952,45.61707712964444,44.661367790557605,43.69719941700127,42.724851552191225,41.7446217189047,40.756825993736165,39.76179961085413,38.759897600011094,37.75149546431141,36.736989904118815,35.71679959447644,34.691366024566115,33.66115440904612,32.62665468263709,31.588382591078062,30.546880893611238,29.502720694519425,28.45650292397726,27.408859991683027,26.360457640466056,25.311997031439954,24.26421709739702,23.21789720716713,22.17386019076314,21.132975783517345,20.096164557309095,19.06440241870634,18.038725767714332,17.020237427247285,16.010113472857206,15.009611115161148,14.02007781429122,13.042961837013031,12.079824503188778,11.132354408884812,10.202383957710449,9.291908577443724,8.403109040269484,7.538377331339598,6.700346501504022,5.891924857970312,5.116334621014946,4.377154675631016,3.678366032211887,3.024396625702215,2.420158264100141,1.871061217937627,1.3829778611155499,0.9620994851608108,0.6145772189139276,0.3457349326822173,0.15845155165696537,0.05002567790470257,0.006875148788978642,5.070728675274255e-05,0.0,0.0,0.0,0.0,0.0,0.0,0.0,0.0,0.0,0.0,0.0,0.0,0.0,0.0,0.0,0.0,0.0,0.0,0.0,0.00011952551810604782,0.009033828957228426,0.05782913614602139,0.1739867406717068
35.511,85.02219097836416,84.67475056578412,84.31996046648851,83.95769907393014,83.58784441661112,83.21027425055306,82.8248661570277,82.431497645693,82.03004626328425,81.62038970801449,81.20240594982722,80.7759733566483,80.34097082677714,79.89727792755168,79.44477504042673,78.98334351258663,78.51286581521863,78.03322570855816,77.54430841382536,77.04600079213776,76.53819153051012,76.0207713350123,75.49363313116996,74.95667227166103,74.4097867513769,73.85287742987913,73.28584826128495,72.70860653160433,72.12106310353039,71.52313266867203,70.9147340072164,70.29579025497806,69.66622917778741,69.02598345315766,68.3749909591528,67.71319507036438,67.04054496089945,66.35699591425706,65.66250963997705,64.95705459691683,64.24060632301683,63.51314777140674,62.77466965269088,62.02517078326767,61.26465843952082,60.49314871774174,59.71066689964265,58.917247823338506,58.112936259698856,57.29778729399404,56.4718667127971,55.635251396147964,54.788029715036735,53.93030193432684,53.06218062131614,52.18379106022819,51.29527167302058,50.39677444703092,49.48846537012263,48.570524874153946,47.643148287786374,46.70654629987532,45.76094543492568,44.80658854239795,43.84373530196995,42.872662747246295,41.893665810838684,40.90705789423084,39.913171466415534,38.912358695934614,37.904992121692054,36.89146536876697,35.87219391641857,34.84761592660688,33.818193142625866,32.78441186894539,31.74678404506432,30.705848428160216,29.66217190162607,28.61635092925211,27.569013177924457,26.520819335343127,25.472465153512974,24.424683753738513,23.37824823470953,22.33397463215381,21.292725286658605,20.255412685866194,19.223003858602,18.19652541193582,17.177069318081433,16.165799576849256,15.163959901550047,14.17288260230258,13.193998871074855,12.228850707792724,11.279104766435037,10.346568443417599,9.433208575565976,8.541173156777274,7.672816511444204,6.8307283604692275,6.0177671478692325,5.237097799009882,4.4922336379824035,3.7870812835730883,3.125985562418628,2.513768050225333,1.9557462888395112,1.4577081247932677,1.025791246799749,0.6661705728253569,0.3843641078354037,0.18379574831401743,0.06298033597165492,0.010597078778227851,0.0001918104116292902,0.0,0.0,0.0,0.0,0.0,0.0,0.0,0.0,0.0,0.0,0.0,0.0,0.0,0.0,0.0,0.0,0.0,0.0,0.0,4.875526952012632e-06,0.0036648374335333375,0.03632637122894235,0.1293605684359136
35.791,85.07342961933813,84.72707665723179,84.37339219757438,84.01225470143834,83.64354225195727,83.26713264605374,82.88290349139706,82.49073230875165,82.09049663985651,81.68207416099438,81.26534280239204,80.84018087360117,80.40646719499995,79.9640812355476,79.51290325693793,79.05281446426962,78.58369716335591,78.10543492480443,77.61791275495801,77.121017273814,76.61463690001081,76.09866204296726,75.57298530225201,75.0375016742507,74.49210876618368,73.93670701752168,73.3711999288304,72.79549429806202,72.20950046430823,71.61313255899914,71.00630876453691,70.38895158032645,69.76098809615652,69.12235027287498,68.47297523027426,67.81280554210952,67.1417895381413,66.45988161308985,65.76704254238439,65.0632398045613,64.34844791017727,63.622648737084695,62.88583187191592,62.13799495762097,61.37914404690276,60.609293961406784,59.828468656517884,59.0367015916463,58.23403610589124,57.420525799010505,56.59623491764304,55.76123874678598,54.915624006576444,54.05948925447947,53.19294529307675,52.31611558372179,51.42913666643572,50.532158586546096,49.62534532869369,48.70887525901371,47.78294157646817,46.847752774532914,45.903533114682844,44.950523113403015,43.98898004478028,43.019178461095585,42.04141073426595,41.05598762146411,40.06323885880217,39.06351378759451,38.057182018443584,37.04463413921824,36.026282473951824,35.0025619007728,33.973930738246025,32.940871710945494,31.903893006754874,30.86352944032344,29.820343739347127,28.77492797294637,27.727905144440353,26.679930974353255,25.631695903615974,24.583927351770605,23.537392270667613,22.492900040837394,21.45130576560294,20.413514027311823,19.38048318107651,18.353230274437713,17.33283669677807,16.320454680533793,15.317314797749312,14.324734620772228,13.344128745354375,12.377020408437238,11.425054971464082,10.490015582533887,9.573841375174817,8.67864860366039,7.806755145948956,6.960708808859192,6.14331981490163,5.3576976787455495,4.60729228746914,3.895938185871787,3.227899468826449,2.60790960237249,2.041194602571811,1.5334567067226432,1.090773879646966,0.7193281565177911,0.42479359758136015,0.21105939186592543,0.07770596624370209,0.015466070118202096,0.0005310055625406696,1.5262829149093075e-13,0.0,0.0,0.0,0.0,0.0,0.0,0.0,0.0,0.0,0.0,0.0,0.0,0.0,0.0,0.0,0.0,0.0,0.0,3.460292884538334e-09,0.0011118761013228127,0.020976104216821015,0.09270856596416532
36.072,85.12413393842337,84.77885776844626,84.42626814450284,84.06624359654765,83.69866226380994,83.32340198577816,82.94034039840116,82.54935503565324,82.15032343661116,81.74312325820196,81.32763239375812,80.90372909753671,80.47129211533979,80.03020082136855,79.58033536145905,79.12157680281793,78.65380729038361,78.17691020993827,77.6907703580715,77.19527411910964,76.69030964909766,76.17576706692674,75.65153865268661,75.11751905330077,74.57360549551707,74.01969800628454,73.45569964056416,72.88151671658379,72.29705905855721,71.70224024685515,71.09697787561636,70.48119381776472,69.8548144973891,69.21777116942488,68.57000020656834,67.91144339333383,67.24204822715552,66.56176822642462,65.87056324533617,65.16839979541436,64.45525137357224,63.73109879656044,62.995930541647105,62.24974309337781,61.49254129625601,60.7243387131988,59.945157989621364,59.15503122302591,58.354000337983756,57.54211746642696,56.71944533319944,55.886057646854105,55.04203949573634,54.187487749452416,53.32251146589417,52.44723230407627,51.561784943143074,50.66631750801742,49.76099200230348,48.84598474921524,47.92148684147537,46.98770460135135,46.04486005222992,45.09319140340786,44.13295355009746,43.16441859100239,42.18787636623943,41.20363501885026,40.212021583690046,39.21338260810304,38.20808480949455,37.196515775729964,36.179084715213556,35.15622326457315,34.128386363099665,33.096053204507605,32.0597282782136,31.019942514212108,29.97725454781572,28.932252123059136,27.88555365651791,26.837809986728455,25.7897063384192,24.741964535462895,23.695345501990378,22.65065209759841,21.60873234024202,20.570483079436485,19.536854193072262,18.508853393775556,17.487551745685987,16.47409001018359,15.469685959930013,14.475642825075527,13.493359064074125,12.524339684601212,11.570209377632734,10.632727769305545,9.713807139050855,8.815532994826233,7.940187929254828,7.090279189055431,6.26857034613974,5.478117310047319,4.72230857192473,4.004908842398422,3.3301038083469487,2.7025409626183805,2.127356163401369,1.6101654436229005,1.1569820751083895,0.7739810427606528,0.46695956759855317,0.24020253970753,0.09422163618303818,0.021600355544722706,0.0011956248045486904,6.790341763686182e-09,0.0,0.0,0.0,0.0,0.0,0.0,0.0,0.0,0.0,0.0,0.0,0.0,0.0,0.0,0.0,0.0,0.0,0.0,0.0,0.00020558443838429667,0.01080473031412237,0.06348784541020426
36.353,85.17431321774693,84.8301033575707,84.478597943401,84.11967557529671,83.7532144499936,83.37909245116172,82.99718724485402,82.60737638029929,82.20953739617988,81.80354793257163,81.3892858486606,80.96662934641122,80.53545710030977,80.09564839333072,79.64708325926199,79.18964263151422,78.7232084985414,78.24766406599524,77.76289392572113,77.2687842317007,76.76522288304153,76.25209971410176,75.7293066918255,75.19673812036551,74.65429085304186,74.10186451169703,73.53936171347104,72.96668830503279,72.38375360426647,71.79047064942448,71.18675645571733,70.5725322793243,69.94772388877529,69.31226184364574,68.66608178049901,68.00912470598786,67.34133729702066,66.6626722078789,65.97308838416794,65.27255138346932,64.56103370254814,63.838515110977326,63.104982991013514,62.360432683580626,61.60486784019638,60.83830078069414,60.06075285659793,59.27225482001559,58.472847197941526,57.66258067187412,56.841516462699346,56.00972672081214,55.16729492151362,54.31431626576509,53.450898086463624,52.577160260477676,51.69323562677845,50.79927041112921,49.89542465790966,48.981872669825634,48.058803456415575,47.12642119248788,46.18494568783992,45.23461286990145,44.27567528123242,43.30840259418243,42.333082145402415,41.350019493380806,40.359539002692706,39.36198445926495,38.35771972164508,37.34712941406021,36.33061966796042,35.30861891978048,34.28157877385715,33.24997494081568,32.2143082633341,31.175105843029694,30.132922284343422,29.08834107376837,28.04197611563854,26.9944734490467,25.94651317436416,24.898811622418922,23.852123804750846,22.807246189683173,21.76501985637576,20.726334087801384,19.692130473942747,18.663407608761204,17.641226478968058,16.626716659757236,15.621083452851103,14.625616125962685,13.641697440523378,12.670814686645263,11.71457248087715,10.77470762296219,9.853106351042653,8.951824377143428,8.073110119259658,7.219431559342122,6.393507122369252,5.598340843250351,4.837261778492532,4.113966967708219,3.4325659573658034,2.7976224040051134,2.214183506297094,1.6877789061941355,1.2243531979129112,0.8300623053952677,0.510798206536201,0.2711807442520191,0.11253353300589605,0.02909837026289402,0.0023285273913896064,5.932143619991863e-07,0.0,0.0,0.0,0.0,0.0,0.0,0.0,0.0,0.0,0.0,0.0,0.0,0.0,0.0,0.0,0.0,0.0,0.0,0.0,1.4211484741808107e-05,0.004733807427417895,0.04105287198013378
36.633,85.22397651496723,84.8808226542047,84.53039099774381,84.1725602169227,83.80720856735086,83.4342139784454,83.05345414813547,82.66480664288223,82.26814900318492,81.86335885470393,81.45031402515532,81.02889266713447,80.5989733869917,80.16043537991867,79.7131585713743,79.25702376497053,78.7919127969685,78.31770869747831,77.83429585849328,77.3415602088611,76.83938939628528,76.32767297645304,75.80630260936657,75.27517226295407,74.73417842400976,74.18322031652842,73.62220012745914,73.05102323991015,72.46959847381767,71.87783833407741,71.27565926612705,70.66298191895069,70.03973141546666,69.40583763024186,68.76123547446574,68.10586518809913,67.43967263910669,66.76260962965802,66.07463420918607,65.37571099416371,64.66581149446678,63.944914446167914,63.213006150615826,62.47008081963966,61.716140926722716,60.95119756399421,60.1752708048929,59.38839007236803,58.59059451250318,57.781933373465854,56.96246638972446,56.132264171502435,55.29140859949205,54.43999322490804,53.57812367502387,52.705918064417425,51.82350741225087,50.93103606601878,50.028662132321834,49.1165579153912,48.19491036424433,47.26392152956569,46.323809031632976,45.37480654087459,44.41716427294299,43.451149500545796,42.47704708465995,41.49516002821611,40.50581005585773,39.509338223967625,38.50610556583249,37.49649377759717,36.480905951539874,35.45976736422583,34.4335263282644,33.40265511774337,32.36765097896652,31.32903723991904,30.28736453395374,29.24321215560841,28.1971895692569,27.149938094559477,26.102132796484213,25.05448461212092,24.00774275173626,22.962697417646318,21.920182891710898,20.881081050765594,19.84632537936447,18.816905561091364,17.79387274374737,16.77834559032824,15.771517247293545,14.774663384667283,13.789151489446958,12.816451625011155,11.85814890485752,10.915957968743921,9.991739791871684,9.087521200072718,8.205517499689742,7.3481586476265885,6.518119361702538,5.718353461071165,4.952132452114406,4.223087791393251,3.5352550939478573,2.8931163062909073,2.3016315672308783,1.7662442830588032,1.2928272269770877,0.8875071097626971,0.5562461531463153,0.30394614437178447,0.13263696940238212,0.03803951390026719,0.004076844555794082,8.036789220179471e-06,0.0,0.0,0.0,0.0,0.0,0.0,0.0,0.0,0.0,0.0,0.0,0.0,0.0,0.0,0.0,0.0,0.0,0.0,0.0,7.215481777922117e-08,0.001626549299661481,0.024647861291344244
36.914,85.27313267019447,84.93102466644714,84.5816564855138,84.2249068711471,83.86065413915352,83.48877626621174,83.10915098384089,82.72165587766698,82.3261684921492,81.9225664409022,81.5107275227812,81.09052984385782,80.66185194545,80.22457293832797,79.77857264324626,79.32373173792901,78.8599319106311,78.38705602040572,77.90498826418128,77.41361435076465,76.91282168186835,76.40249954024682,75.88253928502994,75.35283455433162,74.81328147517979,74.26377888083387,73.70422853552418,73.13453536663992,72.55460770438232,71.96435752888439,71.3637007247866,70.75255734324412,70.13085187132309,69.49851350873905,68.85547645186597,68.20168018493622,67.5370697783408,66.86159619391945,66.17521659712469,65.47789467592983,64.76960096634245,64.05031318437626,63.32001656432956,62.578704203213384,61.82637741117374,61.06304606775284,60.28872898384397,59.50345426920165,58.70725970538865,57.900193124059705,57.082312790517264,56.253687792502085,55.41439843423298,54.56453663576596,53.70420633780244,52.83352391216252,51.95261857822749,51.061632825767255,50.16072284469344,49.25005896242653,48.32982608973907,47.40022417612823,46.46146867600079,45.51379102720834,44.55743914377394,43.59267792498164,42.619789783397316,41.639075194825416,40.65085327371811,39.65546237812744,38.65326074896188,37.64462718905605,36.629961788438706,35.60968670317972,34.5842469963347,33.554111550832516,32.51977406565748,31.481754148434486,30.44059851955246,29.39688234530436,28.351210720255267,27.304220322220612,26.25658126694852,25.20899919392799,24.162217619826343,23.117020602023793,22.074235761729664,21.03473772443663,19.99945204523417,18.96935969803369,17.94550222139581,16.928987629756808,15.920997217855023,14.9227934085156,13.935728820102112,12.961256760288178,12.000943387511342,11.056481820317297,10.129708516666003,9.222622287432081,8.33740634504954,7.476453808349953,6.642397067051429,5.838141315102437,5.066902319477893,4.33224796814682,3.638142093503595,2.988987038749349,2.389657559229469,1.845511266016271,1.3623466863782405,0.9462527680096301,0.6032408362998888,0.33844838092729046,0.15451817610067933,0.048485523682753016,0.006583314657419676,4.6590904568442204e-05,0.0,0.0,0.0,0.0,0.0,0.0,0.0,0.0,0.0,0.0,0.0,0.0,0.0,0.0,0.0,0.0,0.0,0.0,0.0,1.5361471057005018e-17,0.0003761585822749082,0.01340566232412165
37.194,85.32179031265231,84.98071818767453,84.6324033661002,84.27672466519331,83.9135604622339,83.54278878263287,83.16428739316272,82.77793390048693,82.38360585510863,81.9811808609088,81.57053669041478,81.1515514059551,80.72410348683718,80.28807196268782,79.84333655310292,79.3897778137298,78.92727728891347,78.4557176710318,77.97498296662579,77.4849586694472,76.98553194051144,76.47659179525377,75.95802929787781,75.42973776295919,74.89161296437777,74.3435533516262,73.78546027353923,73.21723820947197,72.63879500794215,72.05004213274512,71.45089491652963,70.84127282180745,70.22109970936825,69.59030411404353,68.94881952775492,68.29658468976761,67.63354388406388,66.95964724372143,66.27485106218845,65.57911811132293,64.87241796605826,64.15472733555583,63.426030400681896,62.686319157661664,61.935593767750575,61.17386291276637,60.40114415633683,59.61746431071893,58.82285980907205,58.01737708308039,57.20107294584853,56.374014980034126,55.53628193122195,54.68796410659332,53.82916377902126,52.95999559678013,52.080586999170855,51.19107863844713,50.291624808570376,49.38239388145413,48.46356875152873,47.53534728964913,46.59794280758928,45.65158453462071,44.69651810795952,43.733006079205,42.76132843926385,41.78178316469688,40.79468678891388,39.800375002214935,38.799203285318605,37.79154758176458,36.777805015425066,35.75839466033147,34.7337583711462,33.70436168388963,32.67069479801799,31.63327365265442,30.592641111755007,29.549368275277725,28.504055936087973,27.45733620542125,26.409874333339662,25.36237075483311,24.315563397162308,23.270230289834053,22.227192525429988,21.187317627540978,20.151523391543964,19.120782275157776,18.09612642894749,17.078653472579532,16.069533141073777,15.070014946995336,14.081437029929427,13.105236394078021,12.14296076862514,11.196282363472159,10.267013834088846,9.357126811132293,8.468773387988614,7.60431098234484,6.766330977166852,5.957691466584967,5.18155421802168,4.441425493681714,3.74119943097012,3.0852008496843673,2.4782208541863135,1.9255319374706636,1.4328565692236899,1.0062387661572942,0.6517207425937732,0.3746353608878476,0.1781558809806798,0.06048215528695763,0.009980418658621643,0.00016881152070026152,0.0,0.0,0.0,0.0,0.0,0.0,0.0,0.0,0.0,0.0,0.0,0.0,0.0,0.0,0.0,0.0,0.0,0.0,0.0,0.0,4.190202899805471e-05,0.006358881356487424
37.475,85.36995786709566,85.02991180306873,84.6826403869384,84.32802251053837,83.96593661385803,83.59626077245784,83.2188727899852,82.83365029595738,82.44047084894939,82.03921204535251,81.62975163384118,81.21196763570802,80.78573847119583,80.35094309198968,79.90746111998351,79.45517299247396,78.99396011389692,78.52370501423871,78.04429151422816,77.55560489743625,77.05753208936163,76.54996184361889,76.03278493530013,75.50589436159156,74.96918554970827,74.42255657220362,73.865908369693,73.2991449810289,72.72217378094213,72.13490572515282,71.53725560295067,70.92914229721868,70.31048905186475,69.68122374661867,69.04127917911961,68.39059335423306,67.72910978049386,67.05677777357948,66.37355276669646,65.6793966277524,64.97427798317949,64.25817254826278,63.53106346382113,62.792941639087644,62.043806100629396,61.28366434715337,60.51253271004491,59.73043671950131,58.93741147613222,58.133502027919995,57.3187637524628,56.493262744452785,55.6570762083891,54.81029285656766,53.9530133124716,53.08535051973203,52.20743015694852,51.319391058737004,50.421385643508664,49.5135803486211,48.59615607369796,47.66930863311557,46.73324921885677,45.78820487518875,44.8344189869045,43.872151783188094,42.901680859541244,41.92330172063199,40.93732834740737,39.94409379237398,38.94395080757933,37.937272510552994,36.92445309429973,35.905908588387966,34.88207767926834,33.853422599215726,32.82043009473719,31.783612486951853,30.743508838382645,29.700686242834966,28.655741257625532,27.60930150044786,26.562027436672516,25.514614386990015,24.467794790114702,23.422340760911183,22.379066990937844,21.338834046212895,20.302552126228456,19.271185359102144,18.245756720621387,17.227353680096044,16.217134693850582,15.216336688244553,14.226283698788237,13.24839686059543,12.284205978345577,11.335362941001778,10.403657286941243,9.491034266733877,8.599615788903513,7.731724659417498,6.889912520976344,6.0769918311373035,5.2960720296311745,4.5505996260913575,3.8444010890905855,3.181725762326227,2.5672828703728676,2.006260660670991,1.5043042566555453,1.0674067686034452,0.701625623916113,0.4124538919352355,0.2035226851819764,0.07406097222269765,0.01438689739223294,0.00045668828457457676,1.0619464261810838e-14,0.0,0.0,0.0,0.0,0.0,0.0,0.0,0.0,0.0,0.0,0.0,0.0,0.0,0.0,0.0,0.0,0.0,0.0,0.0,8.774046942402352e-07,0.002471880253359888
37.755,85.41764355998835,85.07861389590497,84.73237608990864,84.37880910942201,84.01779145833586,83.64920126374199,83.27291636772766,82.88881442443035,82.49677300247016,82.09666969293303,81.68838222305106,81.27178857571433,80.84676711498253,80.41319671771807,79.97095691149144,79.51992801888598,79.05999130833902,78.59102915163145,78.11292518815722,77.62556449607185,77.12883377042876,76.62262150840166,76.10681820166657,75.58131653604202,75.04601159842983,74.5008010911321,73.94558555358014,73.38026859150922,72.80475711360106,72.21896157560394,71.62279623192077,71.01617939464707,70.3990337000295,69.77128638229426,69.13286955478654,68.48372049834364,67.82378195681802,67.15300243964577,66.47133653134574,65.77874520782957,65.07519615937962,64.36066412015846,63.63513120409401,62.898587246986146,62.151030154677414,61.39246625713199,60.62291066826858,59.842387651407456,59.050930990200676,58.2485843649337,57.43540173411801,56.611447721321454,55.77679800722169,54.93153972693062,54.07577187268192,53.20960570206067,52.33316515203244,51.446587259130624,50.55002258628504,49.643635656902426,48.7276053969796,47.80212558620588,46.86740531922485,45.92366947846932,44.97115922026145,44.01013247618628,43.0408644721123,42.063648267648624,41.07879531930383,40.086636071152604,39.08752057744091,38.08181916226474,37.069923122277444,36.05224547930589,35.02922179082715,34.00131102748698,32.96899652825394,31.932787045431688,30.893217893640152,29.850852219053102,28.806282407710864,27.760131654668545,26.713055719166995,25.665744895014853,24.618926230054313,23.573366034075196,22.52987272099215,21.489300038701142,20.452550748979796,19.420580830367207,18.394404289439617,17.37509868063181,16.363811452143658,15.361767255925637,14.370276383710461,13.390744518946185,12.424684026558003,11.473727038675717,10.539640634127142,9.624344450687463,8.729931107606163,7.85868984345037,7.0131337749747775,6.196031127151684,5.410440618683549,4.659750812276122,3.947722472401037,3.2785314767744906,2.6568069655366178,2.0876539732265176,1.5766394337835585,1.1297006047196159,0.752896655346994,0.45185020680175453,0.23058625226445675,0.08924111883086176,0.019906071367471294,0.0010153983473866733,2.056940957253566e-09,0.0,0.0,0.0,0.0,0.0,0.0,0.0,0.0,0.0,0.0,0.0,0.0,0.0,0.0,0.0,0.0,0.0,0.0,0.0,3.448912827547846e-11,0.0007047310652718176
38.036,85.46485542545653,85.12683265360928,84.7816188174977,84.42909296111155,84.06913365340432,83.70161907432829,83.32642710593421,82.94343542869352,82.5525216231906,82.153563277335,81.74643809925914,81.33102403602528,80.90719939831277,80.47484299121093,80.03383425126171,79.58405338989243,79.12538154336033,78.65770092933745,78.18089501025676,77.69484866352397,77.19944835871068,76.69458234181329,76.18014082667356,75.656016193636,75.12210319551339,74.57829917091226,74.02450426497407,73.46062165755455,72.88655779887989,72.30222265267356,71.70752994675959,71.10239743112365,70.4867471433978,69.86050568173057,69.22360448497334,68.57598012012289,67.91757457692125,67.2483355695227,66.56821684511122,65.8771784993454,65.17518729849738,64.46221700814269,63.73824872825013,63.00327123451649,62.25728132578967,61.5002841774207,60.73229370039277,59.953332906083205,59.16343427652365,58.36264014004846,57.55100305223756,56.72858618210213,55.89546370348919,55.05172119174042,54.19745602569226,53.33277779518373,52.45780871430688,51.57268404075415,50.67755250171461,49.77257672691621,48.85793368955934,47.93381515607529,47.000428145841376,46.0579954022285,45.106755876623076,44.146965227384904,43.17889633605013,42.20283984350247,41.219104709298406,40.22801879786223,39.22992949587913,38.225204365905114,37.214231842007784,36.19742197417079,35.17520722922697,34.14804335729909,33.116410334101985,32.08081339105442,31.041784146988437,29.99988185737323,28.955694799440373,27.909841814462037,26.86297403177897,25.815776803072154,24.768971879934057,23.723319873140632,22.679623038306183,21.638728439989443,20.60153155502524,19.568980386126285,18.54208016892808,17.52189876995889,16.509572889910356,15.50631520645211,14.513422614132502,13.532285746031006,12.564399993065903,11.611378272223336,10.674965833878542,9.757057439132637,8.859717276905176,7.985202019837212,7.135987423440886,6.3147988275865705,5.5246457741282375,4.768860619079565,4.051140326554461,3.3755892776611667,2.7467583354356178,2.1696704842207315,1.649814003972874,1.1930662413755329,0.8054765520826055,0.4927703940856224,0.259310328883659,0.10603100294375269,0.02662542445228658,0.001964199859056587,2.6258514905722624e-07,0.0,0.0,0.0,0.0,0.0,0.0,0.0,0.0,0.0,0.0,0.0,0.0,0.0,0.0,0.0,0.0,0.0,0.0,0.0,0.0,0.00011785943792776724
38.317,85.51160131102735,85.17457607359886,84.830376718737,84.47888236794927,84.11997165636643,83.75352281809546,83.37941377662568,82.99752224042892,82.60772580391705,82.20990205389629,81.80392868168452,81.38968360102346,80.967045071949,80.5358918307502,80.09610322616199,79.64755936192847,79.19014124586006,78.72373094552381,78.24821175067133,77.76346834252551,77.26938697002981,76.76585563316142,76.25276427338812,75.73000497136027,75.19747215189616,74.65506279633274,74.10267666227797,73.54021651081001,72.96758834114088,72.38470163276585,71.79146959508348,71.18780942448252,70.57364256886149,69.94889499954073,69.31349749050493,68.66738590491087,68.01050148877454,67.34279117173533,66.66420787479473,65.97471082489947,65.27426587624093,64.56284583812872,63.8404308092857,63.10700851841272,62.36257467086336,61.60713330127153,60.84069713197759,60.06328793710484,59.27493691215503,58.47568504900104,57.66558351618715,56.84469404447153,56.013089317588275,55.17085336824658,54.3180819794549,53.454883091311764,52.58137721349917,51.697697843800825,50.80399189309139,49.90042011736048,48.98715755750301,48.06439398776733,47.13233437396936,46.19119934280162,45.24122566384367,44.28266674617314,43.315793151838996,42.3408931288457,41.35827316676181,40.368258578580004,39.371194113058216,38.36744460244151,37.35739565125552,36.341454372742845,35.32005018054259,34.29363564438779,33.26268741994078,32.22770726445348,31.189223151724317,30.14779050191313,29.103993544177392,28.058446832895882,27.011796941502187,25.964724361751173,24.91794564068421,23.872215792770508,22.828331030804158,21.787131866333848,20.74950663886358,19.716395543047387,18.688795234888307,17.667764111859665,16.65442837827465,15.649989026538686,14.655729887566146,13.67302693002598,12.703359018510884,11.74832037525193,10.809635028147413,9.889173568139524,8.988972577958567,8.111257125080005,7.258466721273664,6.433285114908403,5.638674155314856,4.877911668809682,4.154632662635111,3.4728719472139504,2.837103917631443,2.2522707751347038,1.7237820026170672,1.2574517445335327,0.8593096526490451,0.535160749988462,0.28965561589730815,0.12442984827223187,0.034617018244178815,0.003427630216890434,4.237857065795279e-06,0.0,0.0,0.0,0.0,0.0,0.0,0.0,0.0,0.0,0.0,0.0,0.0,0.0,0.0,0.0,0.0,0.0,0.0,0.0,0.0,6.7164324070349106e-06
38.597,85.5578888831585,85.22185196890499,84.87865775492935,84.52818544117375,84.17031373002028,83.80492091098431,83.4318849504244,83.05108358643386,82.66239442906459,82.26569506603674,81.86086317407995,81.44777663605852,81.02631366403511,80.59635292840379,80.15777369323452,79.71045595798131,79.2542806056609,78.78912955764893,78.31488593520208,77.8314342278257,77.33866046859124,76.83645241650427,76.32469974601004,75.80329424372088,75.2721300124384,74.73110368252574,74.18011463068424,73.61906520617242,73.04786096449277,72.46641090855778,71.87462773734022,71.27242810198766,70.65973286938208,70.03646739309781,69.40256179170228,68.7579512343376,68.10257623349136,67.4363829448668,66.75932347424087,66.0713561911891,65.37244604954894,64.66256491447518,63.94169189594432,63.209813688548564,62.466924917423924,61.71302849015491,60.94813595449678,60.17226786177133,59.385454135794426,58.58773444722013,57.77915859319827,56.959786882278806,56.1296905245344,55.288952026909286,54.43766559387239,53.5759375335063,52.70388666925082,51.82164475761362,50.929356912268766,50.02718203509038,49.11529325482514,48.19387837426842,47.26314032701743,46.32329764509551,45.374584939005594,44.41725339206879,43.45157127124671,42.47782445703795,41.49631699548065,40.50737167581012,39.51133063789892,38.50855601427118,37.4994306122518,36.48435864267668,35.46376650259471,34.43810362054204,33.407843374285804,32.3734840924615,31.33555015327982,30.29459319551158,29.251193459310166,28.205961277164104,27.159538738446383,26.112601554738312,25.065861157430135,24.020067064177006,22.976009556736646,21.93452271971223,20.89648789795825,19.862837640119395,18.834560207229767,17.812704738816063,16.798387184898495,15.792797131047557,14.797205665673468,13.812974464395044,12.841566295976147,11.884557188030179,10.943650528077773,10.020693415287067,9.11769561726811,8.236851518388386,7.380565459256426,6.551480838955236,5.75251324129924,4.986887578839385,4.258178686136981,3.5703536834129426,2.9278123003448178,2.335417304704532,1.7984995112838544,1.3228072324885065,0.9143419744733445,0.5789680633627978,0.3215805081407968,0.1444290986850294,0.04393841455688011,0.005528423029791002,2.7208657953244196e-05,0.0,0.0,0.0,0.0,0.0,0.0,0.0,0.0,0.0,0.0,0.0,0.0,0.0,0.0,0.0,0.0,0.0,0.0,0.0,0.0,1.9910303127914067e-08
38.878,85.60372563256827,85.26866797360265,84.92646970517326,84.57701010653298,84.22016794836458,83.85582157680118,83.48384900245877,83.10412799462597,82.71653618076091,82.32095115145775,81.91725057102765,81.50531229384123,81.0850144865937,80.65623575661627,80.21885528638842,79.7727529743875,79.31780958240574,78.85390688945469,78.38092785239412,77.89875677338284,77.40727947427304,76.90638347804311,76.39595819735491,75.87589513032931,75.34608806360595,74.80643328274573,74.25682979004044,73.69717952975607,73.12738762084554,72.54736259714343,71.95701665504464,71.35626590865772,70.74503065240388,70.12323563102846,69.49081031696353,68.84768919498384,68.19381205406894,67.52912428637715,66.8535771932295,66.16712829797751,65.46974166562903,64.7613882290927,64.04204612188768,63.31170101717027,62.57034647291767,61.81798428310741,61.054624834740046,60.28028747055263,59.495000857283905,58.698803359366195,57.891743417947495,57.07387993515967,56.24528266360612,55.4060326010681,54.55622239049263,53.69595672538948,52.825352760840246,51.944540530413796,51.05366336939519,50.152878344850784,49.24235669321242,48.32228426621477,47.392861986229214,46.45430631224923,45.506849718046205,44.5507411843016,43.58624670685926,42.61364982362349,41.633252163068306,40.64537401781626,39.650354947324985,38.648554414366544,37.640352460729254,36.62615042843285,35.60637173372056,34.58146270221889,33.551893474948756,32.518158996355965,31.480780097248456,30.440304687511503,29.39730907576415,28.352399435794034,27.30621344270059,26.259422105296654,25.212731825535116,24.16688672067301,23.12267124967734,22.08091319218989,21.042487036382155,20.008317841476376,18.979385651854237,17.956730552813468,16.941458473540024,15.934747861105805,14.937857370714273,13.95213474239439,12.979027063224022,12.020092647072282,11.077014800478926,10.151617782480354,9.24588530519615,8.361981955137347,7.502277931574422,6.669377477512055,5.866151283383194,5.095772905005579,4.361758730301328,3.66801002294356,3.0188536361659426,2.419074317766341,1.8739245729242022,1.3890848228590982,0.9705212468744333,0.6241398446472607,0.3550417198188278,0.16601367046646529,0.05463387758923631,0.008382454241586096,0.00010548853935559006,0.0,0.0,0.0,0.0,0.0,0.0,0.0,0.0,0.0,0.0,0.0,0.0,0.0,0.0,0.0,0.0,0.0,0.0,0.0,0.0,5.192018220020558e-21
39.158,85.64911887937926,85.3150315480406,84.97382017167733,84.62536410970489,84.26954220211006,83.90623285282078,83.53531411805965,83.1566637998358,82.77015954472834,82.37567894812041,81.97309966401473,81.56229952061665,81.14315664179203,80.71554957457685,80.27935742285996,79.83445998738486,79.3807379122055,78.91807283771588,78.4463475603843,77.96544619930211,77.47525436965915,76.97565936324746,76.46655033607934,75.9478185032175,75.41935734087637,74.88106279586799,74.33283350244443,73.77457100657327,73.20617999768388,72.62756854789475,72.03864835872648,71.43933501529787,70.82954824797055,70.20921220141528,69.57825571104469,68.93661258674354,68.2842219038252,67.6210283011157,66.94698228606288,66.26204054674841,65.56616627068256,64.85932947023382,64.14150731454869,63.412684467811644,62.67285343368355,61.922014905759646,61.16017812389144,60.38736123622076,59.60359166678103,58.808906488545,58.003352801806344,57.18698811782058,56.35988074766074,55.52211019628519,54.673767561871,53.814955940526275,52.94579083657733,52.06640057870414,51.17692674231641,50.27752457867566,49.36836345141537,48.44962728127271,47.521515000041255,46.58424101496686,45.63803568505717,44.68314581107416,43.71983514129204,42.748384895487135,41.769094310056204,40.78228120763967,39.78828259519785,38.78745529511629,37.780176614655254,36.7668450598909,35.74788110125351,34.72372799887301,33.69485269720085,32.66174679983556,31.62492763715477,30.58493944129636,29.542354645276248,28.497775325628943,27.451834810989073,26.40519948255255,25.35857079647475,24.31268756308012,23.26832852340071,22.22631527019727,21.187515568414273,20.15284713921538,19.12328198258228,18.099851326244266,17.083651303779437,16.075849482471916,15.077692382336277,14.090514152030678,13.115746595518473,12.154930775464692,11.209730455226941,10.281947679917778,9.37354083589528,8.486645562049407,7.623598905423587,6.78696709940527,5.979577260659444,5.204553088546581,4.465354193528149,3.765817768664355,3.110199560405141,2.5032077580904653,1.9500171086753184,1.4562385750472582,1.0277969256948813,0.6706245076909471,0.3899948108874119,0.18916305704942224,0.0667357002965861,0.01209551179535896,0.00029959876390245257,1.4784578536931491e-21,0.0,0.0,0.0,0.0,0.0,0.0,0.0,0.0,0.0,0.0,0.0,0.0,0.0,0.0,0.0,0.0,0.0,0.0,0.0,0.0
39.439,85.69407577807593,85.36094998388852,85.02071658490321,84.6732550215169,84.31844420399364,83.95616259519385,83.58628829825196,83.20869914938523,82.82327281596345,82.42988690001401,82.02841904729775,81.61874706211513,81.20074902798666,80.7743034343551,80.3392893094464,79.89558635943919,79.44307511406053,78.98163707874836,78.51115489350185,78.03151249853263,77.54259530682897,77.04429038373674,76.53648663365043,76.0190749938974,75.49194863589244,74.95500317363182,74.40813687957272,73.85125090795309,73.28424952557103,72.70704035005207,72.11953459560449,71.52164732625776,70.91329771656181,70.29440931971367,69.66491034305528,69.0247339308933,68.37381845454613,67.71210780954172,67.03955171985389,66.35610604906617,65.66173311832934,64.95640203098208,64.24008900368275,63.51277770390206,62.77445959361809,62.02513427905324,61.2648098662969,60.49350332266019,59.71124084361751,58.918058225206295,58.114001241778055,57.29912602900909,56.47349947213146,55.63719959936749,54.79031598061436,53.932950131483736,53.06521592287484,52.187239996347046,51.29916218565979,50.40113594497211,49.49332878432453,48.57592271319915,47.649114693126776,46.713117100535264,45.76815820127071,44.81448263850901,43.85235193609333,42.88204501970341,41.90385875868069,40.91810853181675,39.925128820951784,38.925273836869714,37.9189181826757,36.9064575606785,35.88830952972427,34.86491432101348,33.836735721668596,32.80426203673811,31.76800714197101,30.72851164158453,29.68634414744124,28.6421026985962,27.596416343127434,26.549946907602024,25.50339098354788,24.457482164993685,23.412993576645672,22.370740738723768,21.33158482208527,20.29643635620281,19.266259463115045,18.242076702901738,17.22497463089906,16.216110184129352,15.216718034680587,14.228119071438531,13.251730198990334,12.289075673880609,11.34180023352755,10.411684311125265,9.500661668548972,8.610839813977927,7.744523592562253,6.904242329937316,6.0927808383515,5.313214406333691,4.568947480593801,3.8637549213193374,3.2018231138676625,2.587785185163845,2.026738836657573,1.5242244295644347,1.0861201930877369,0.7183715121084934,0.4263946281429772,0.2138522954836978,0.08026555310415712,0.01676151184475801,0.0006911629562265615,3.9118697728466494e-11,0.0,0.0,0.0,0.0,0.0,0.0,0.0,0.0,0.0,0.0,0.0,0.0,0.0,0.0,0.0,0.0,0.0,0.0,0.0,0.0
39.719,85.73860332229046,85.40643040900648,85.06716620851826,84.72069024298764,84.36688149390325,84.00561848415374,83.63677936505894,83.26024200848262,82.87588410420913,82.48358326272391,82.08321712355175,81.67466346929896,81.257800345561,80.83250618682449,80.39865994851819,79.9561412453486,79.50483049605238,79.04460907469544,78.57535946864387,78.09696544332915,77.60931221390577,77.11228662392058,76.60577733107573,76.08967500018066,75.56387250336576,75.02826512762746,74.48275078975658,73.92723025870151,73.36160738539229,72.7857893400509,72.19968685699361,71.6032144869184,70.99629085666402,70.37883893639491,69.75078631417936,69.1120654778895,68.46261410435322,67.80237535566027,67.13129818253576,66.44933763464938,65.7564551777452,65.05261901745136,64.33780442962609,63.61199409708343,62.87517845254631,62.1273560276636,61.368533807935464,60.59872759338799,59.817962364856236,59.026272655742176,58.22370292913036,57.41030796017841,56.586153223722214,55.75131528708568,54.90588220812192,54.04995393858839,53.18364273301884,52.307073563343785,51.42038453961405,50.52372733729493,49.61726763173975,48.70118554060113,47.775676075134506,46.8409496015402,45.89723231374613,44.94476671929829,43.983812140349734,43.014645232090245,42.037560521378396,41.0528709688035,40.060908557944096,39.06202491619912,38.05659197227735,37.04500265622402,36.02767164878966,35.0050361879973,33.9775569419739,32.94571895850796,31.91003270339593,30.87103520149449,29.82929129653895,28.78539504826787,27.739971288284544,26.69367735943828,25.647205067428143,24.60128287791218,23.55667839776503,22.5142011854247,21.47470594266842,20.439096148865495,19.40832820902491,18.38341619905248,17.365437305901104,16.355538077089136,15.354941613778433,14.364955864646289,13.386983204504746,12.422531512233208,11.473226996978221,10.540829058981144,9.627247509831454,8.734562512178549,7.865047622668614,7.0211963184982285,6.2057523287546905,5.421743924174687,4.672521947426865,3.9618006152400667,3.2936986698367186,2.6727756948482266,2.1040531930608473,1.5930001453560665,1.145443945383364,0.7673314726395182,0.4641956731134357,0.24005280629333464,0.09523579115745023,0.022461777646077822,0.001376516619692653,3.1085815286328233e-08,0.0,0.0,0.0,0.0,0.0,0.0,0.0,0.0,0.0,0.0,0.0,0.0,0.0,0.0,0.0,0.0,0.0,0.0,0.0,0.0
40.0,85.7827083494185,85.45147979214337,85.1131761441728,84.76767701019347,84.41486144382581,84.05460802905704,83.68679496661768,83.31130016542122,82.92800133924759,82.5367761088045,82.13750210933468,81.73005710390807,81.31431910255542,80.89016648738428,80.45747814382351,80.01613359813504,79.56601316132506,79.10699807959197,78.63897069142645,78.161814591492,77.6754148013886,77.1796579474116,76.67443244539999,76.15962869276032,75.63513926774344,75.10085913605063,74.5566858648161,74.0025198440167,73.43826451535153,72.86382660859623,72.27911638545993,71.68404789092759,71.07853921207594,70.46251274433385,69.83589546513242,69.19861921489779,68.55062098530281,67.89184321469386,67.2222340905943,66.54174785916858,65.8503451415233,65.14799325670796,64.43466655127558,63.71034673524398,62.97502322430787,62.22869348813725,61.47136340460334,60.70304761977889,59.923769913563085,59.13356357079409,58.3324717577391,57.52054790386173,56.69785608880991,55.86447143460074,55.02048050303044,54.16598169838846,53.3010856756418,52.42591575431522,51.54060833841412,50.64531334283399,49.740194626847384,48.825430435399696,47.901213849138344,46.96775324429267,46.02527276376638,45.07401280106508,44.11423049900436,43.14620026547951,42.17021430899851,41.18658319712634,40.195636441528706,39.19772311389067,38.193212497685394,37.18249478154787,36.1659818009067,35.14410783556893,34.1173304721274,33.086131541426944,32.05101814290039,31.012523769387247,29.97120954814878,28.927665616221258,27.88251265105931,26.83640358070884,25.79002550156318,24.74410183623061,23.699394769264007,22.656708004644972,21.616889896118533,20.580837009962973,19.549498189767718,18.523879204579295,17.505048075651757,16.494141193383506,15.492370355215273,14.50103087769922,13.521510961993977,12.555302521920348,11.604013717372753,10.669383472662455,9.753298297499775,8.857811763964396,7.985167018377397,7.13782270820174,6.318482654598534,5.530129452979527,4.776061849208638,4.05993505779554,3.38580186505206,2.7581498438185226,2.181925255729707,1.662525236039155,1.2057227714676968,0.8174562409891685,0.5033524073242872,0.26773311926545657,0.11165068260426349,0.029265054079225673,0.0024597076274484064,9.975967087998794e-07,0.0,0.0,0.0,0.0,0.0,0.0,0.0,0.0,0.0,0.0,0.0,0.0,0.0,0.0,0.0,0.0,0.0,0.0,0.0,0.0
